time,temperature,dewpoint,pressure,wind_u,wind_v,cloud_cover,humidity,rain_mm
2021-01-01 00:00:00,22.8378,21.194183,1006.7225,-0.12625694,-3.454937,0.22550565,90.464226,0.0
2021-01-01 06:00:00,28.565582,21.591217,1009.075,-3.449174,-4.2465563,0.98688793,65.99087,0.038236324
2021-01-01 12:00:00,27.36441,22.757751,1006.35187,-2.2038221,-2.5306454,1.000001,75.99111,0.0
2021-01-01 18:00:00,23.399567,20.992584,1008.41376,-0.9200764,-3.1549282,0.9930904,86.367165,0.0
2021-01-02 00:00:00,23.179352,20.367035,1006.64435,0.5363035,-3.5083694,1.0000013,84.21539,0.00057183206
2021-01-02 06:00:00,26.441132,22.719025,1008.66376,-2.0554934,-4.329179,0.9896709,80.041275,0.11338343
2021-01-02 12:00:00,26.39206,23.395294,1005.8281,-2.096589,-3.6142635,0.42276067,83.62558,0.0
2021-01-02 18:00:00,24.112091,23.074982,1007.0275,-0.55237484,-3.766059,0.97089833,93.94235,0.0
2021-01-03 00:00:00,23.705902,22.341766,1005.1106,-0.29971218,-3.4518156,0.99999696,92.0769,0.260078
2021-01-03 06:00:00,25.17511,23.357513,1007.1731,-1.2258615,-3.0249748,0.8036928,89.67608,0.08747494
2021-01-03 12:00:00,25.24118,23.976593,1004.695,-1.9061632,-1.3703985,0.98998964,92.716995,0.2893903
2021-01-03 18:00:00,24.2117,23.450165,1006.1219,-0.83649635,-2.0129642,0.97958225,95.523,0.0
2021-01-04 00:00:00,24.235687,22.79779,1005.5706,-0.5254822,-2.6840754,0.9885959,91.69634,0.0
2021-01-04 06:00:00,27.615326,22.351318,1006.975,-4.0282955,-2.7715273,0.68590057,73.05771,0.0
2021-01-04 12:00:00,27.581146,23.246796,1004.84186,-2.4116974,-2.0995588,0.68750316,77.28706,0.0
2021-01-04 18:00:00,24.357819,23.375244,1007.22815,-1.1054316,-2.7783947,0.94777334,94.26296,0.0
2021-01-05 00:00:00,23.96457,22.769623,1005.67065,-0.102897644,-3.3375902,0.9791525,93.04178,0.34634033
2021-01-05 06:00:00,26.49704,23.94101,1007.46875,-1.3952484,-3.2281637,0.99556947,85.88588,0.0
2021-01-05 12:00:00,26.3219,24.294708,1005.1994,-1.26087,-1.9317341,0.9993348,88.63976,0.29396892
2021-01-05 18:00:00,24.209076,23.164368,1007.5119,-0.5594282,-1.5816984,1.0000001,93.903496,0.0
2021-01-06 00:00:00,24.582428,23.293945,1005.1262,-0.2667923,-1.6349087,0.9999969,92.548744,0.013537973
2021-01-06 06:00:00,27.057526,23.93576,1006.3156,-1.2665634,-0.92799187,0.9811583,83.07348,1.045537
2021-01-06 12:00:00,26.441437,24.655731,1004.21185,-2.4067001,-0.17254418,0.9982726,89.93938,0.36298037
2021-01-06 18:00:00,24.660309,24.135376,1006.525,-1.0386391,0.7364554,0.9796389,96.90502,0.0
2021-01-07 00:00:00,24.397308,23.03241,1004.79065,0.482193,-1.2374935,0.7704896,92.11204,0.0
2021-01-07 06:00:00,29.233612,24.279114,1005.76,-2.2288342,-2.2242517,0.9393488,74.707565,0.35553595
2021-01-07 12:00:00,27.634064,24.417328,1002.22876,-3.1087933,-1.5266924,0.71344984,82.66814,0.0
2021-01-07 18:00:00,25.642365,23.526001,1004.7413,-0.65309906,-1.452323,0.976999,88.11068,0.15700246
2021-01-08 00:00:00,25.10437,23.553558,1002.77,-0.11535263,-1.7149267,0.91042536,91.12587,0.0
2021-01-08 06:00:00,26.713287,23.535522,1005.3225,-0.58047867,-2.130641,0.98108786,82.75417,1.0695767
2021-01-08 12:00:00,26.940704,23.875244,1002.48627,-1.4459877,-1.0603075,0.72034526,83.3418,0.0
2021-01-08 18:00:00,24.789948,23.763336,1005.5531,-1.1055584,-1.5302658,0.9486583,94.031456,0.0
2021-01-09 00:00:00,24.180603,23.159729,1004.1025,-0.4797058,-1.8625603,0.9743089,94.037605,0.0
2021-01-09 06:00:00,28.55484,25.012115,1005.8331,-2.840395,-2.3549852,0.9868872,81.1841,0.14353804
2021-01-09 12:00:00,27.486816,24.038422,1003.97687,-2.435151,-0.78806305,1.0,81.51001,0.0
2021-01-09 18:00:00,24.467682,23.465729,1006.3375,-1.0794315,-1.612443,1.0,94.15741,0.28575835
2021-01-10 00:00:00,24.539398,23.055328,1004.98126,-0.20720291,-2.4714394,1.0,91.45861,0.0
2021-01-10 06:00:00,27.803253,24.002686,1006.4244,-1.034709,-3.5809164,1.0,79.84444,0.0
2021-01-10 12:00:00,28.268494,23.284363,1003.5556,-1.7699909,-1.4174261,1.0,74.41774,0.0
2021-01-10 18:00:00,24.811768,23.798004,1006.6225,-1.2741823,-2.2155676,1.0,94.10512,1.821653
2021-01-11 00:00:00,24.438873,23.020325,1005.28687,-0.5545616,-3.3855543,1.0,91.81589,0.0
2021-01-11 06:00:00,26.114502,24.6026,1006.705,-1.4099045,-4.011097,1.0,91.401985,0.0
2021-01-11 12:00:00,25.650848,24.335754,1004.9819,-0.643775,-2.623767,1.0,92.45825,0.77496684
2021-01-11 18:00:00,24.65625,23.826874,1006.3038,-0.9134655,-4.0672693,1.0,95.14859,0.89426935
2021-01-12 00:00:00,24.399994,22.78946,1004.78876,-0.89506626,-3.9990435,1.0,90.75203,0.0
2021-01-12 06:00:00,24.894714,24.071167,1007.4275,-2.7293692,-4.1524467,1.0,95.19034,0.85964954
2021-01-12 12:00:00,25.657532,23.901337,1004.21625,-3.0387115,-3.7408257,0.9999999,90.043076,1.3912365
2021-01-12 18:00:00,24.052399,23.370178,1007.0181,-2.5996666,-2.5896425,1.0,95.976265,0.0
2021-01-13 00:00:00,24.110504,22.775085,1004.9494,-1.0148516,-3.3051662,0.9713369,92.26049,0.0
2021-01-13 06:00:00,27.283966,24.465729,1007.0687,-3.2573442,-3.2125406,0.8353029,84.62483,0.0
2021-01-13 12:00:00,25.826294,23.482422,1004.5475,-3.3267708,-2.0881815,0.71990263,86.92623,0.08146031
2021-01-13 18:00:00,24.2836,23.293213,1007.96313,-1.0881014,-1.718523,0.84002596,94.21541,0.034897372
2021-01-14 00:00:00,24.001495,22.508636,1004.85065,-0.6456089,-3.575323,0.47984195,91.37681,0.0
2021-01-14 06:00:00,27.118805,23.444244,1007.295,-2.1991386,-3.1939478,0.5759888,80.36143,0.20788816
2021-01-14 12:00:00,26.731445,23.370178,1004.29126,-2.6979313,-1.2884035,0.613165,81.84541,0.0
2021-01-14 18:00:00,24.123566,23.389313,1006.7444,-1.1119585,-1.7395754,0.86434317,95.677505,0.027030498
2021-01-15 00:00:00,24.471283,22.91925,1005.2475,-0.02464962,-2.1646385,0.99960345,91.07893,0.05533637
2021-01-15 06:00:00,26.276825,23.32492,1007.60815,-1.57862,-3.5119085,1.0,83.839485,0.014023557
2021-01-15 12:00:00,26.52771,23.11084,1004.7537,-2.054906,-1.3427057,0.99960524,81.54587,0.0
2021-01-15 18:00:00,24.448639,23.14569,1006.3894,-0.87069035,-1.599329,0.9959667,92.46068,0.0
2021-01-16 00:00:00,24.256256,22.658112,1004.5506,0.24244022,-2.3136282,0.57100767,90.81078,0.0
2021-01-16 06:00:00,27.520172,22.546661,1006.56,-1.8954458,-3.176921,0.8803622,74.342834,0.2927772
2021-01-16 12:00:00,27.53598,23.790375,1004.0594,-2.4503765,-0.95125866,0.9096568,80.07305,0.0
2021-01-16 18:00:00,24.057648,22.534515,1006.3738,-1.3487024,-1.085702,0.91979563,91.21244,0.0
2021-01-17 00:00:00,22.532501,21.102264,1005.5019,0.2968645,-1.7725239,0.91961235,91.6369,0.0
2021-01-17 06:00:00,28.915924,21.551483,1007.5119,-1.3526821,-2.7385263,0.39998794,64.50665,0.0
2021-01-17 12:00:00,27.838531,20.665924,1005.15564,-2.4705095,-1.7839918,0.32274956,65.04311,0.0
2021-01-17 18:00:00,22.686676,20.4794,1008.1238,-0.43128872,-2.1722527,0.8875836,87.36936,0.0
2021-01-18 00:00:00,21.628448,19.568146,1006.65814,0.6751528,-2.6925535,0.29570815,88.07533,0.0
2021-01-18 06:00:00,28.786163,20.421967,1009.1875,-2.8915882,-4.171139,0.76879996,60.63548,0.012492994
2021-01-18 12:00:00,27.437836,20.594452,1005.3806,-2.879528,-2.124444,0.9646638,66.292274,0.0
2021-01-18 18:00:00,22.777496,19.946198,1007.63873,-0.29807568,-1.7957754,0.9337709,84.072495,0.0
2021-01-19 00:00:00,22.622711,20.215668,1006.0613,1.0907402,-2.0883741,0.9840285,86.29239,0.0003813766
2021-01-19 06:00:00,28.747711,21.570953,1008.655,-1.2677135,-3.7601185,0.65463907,65.21622,0.0041965395
2021-01-19 12:00:00,29.131195,21.51352,1005.1,-0.8498783,-2.20679,0.01763916,63.56018,0.0
2021-01-19 18:00:00,25.467377,22.402008,1007.4319,-1.1525555,-2.127121,0.7275244,83.17433,0.0
2021-01-20 00:00:00,24.56546,21.516388,1006.41315,1.3395929,-2.5106068,0.87010825,83.15323,0.0
2021-01-20 06:00:00,29.66983,23.26883,1008.2081,-0.7329693,-3.4454794,0.89355123,68.55425,0.059902668
2021-01-20 12:00:00,28.690582,24.12857,1005.82874,-2.041977,-2.1955957,0.69254225,76.400734,0.0
2021-01-20 18:00:00,25.82669,23.65506,1007.5,-1.0840425,-1.924818,0.21882516,87.83323,0.0
2021-01-21 00:00:00,24.634674,22.848572,1006.64,0.2899866,-2.1572495,0.9379632,89.80772,0.051152673
2021-01-21 06:00:00,29.77237,24.777008,1008.2681,-1.3491697,-1.6311293,0.5896757,74.61206,0.007400248
2021-01-21 12:00:00,29.78128,24.81839,1004.9775,-2.029029,0.0010566711,0.3853697,74.758316,0.0
2021-01-21 18:00:00,26.08551,25.006409,1006.84314,-1.2819977,-0.6263008,0.07493051,93.79324,0.0
2021-01-22 00:00:00,25.483063,23.792542,1006.815,0.32640648,-1.0146294,0.78158104,90.387314,0.08163619
2021-01-22 06:00:00,30.386139,25.4841,1008.4412,-0.93695927,-1.2465935,0.49343163,75.126526,0.0034345388
2021-01-22 12:00:00,29.717804,24.063873,1004.3212,-2.33041,-0.30786037,0.14511223,71.717896,0.0
2021-01-22 18:00:00,25.196167,24.224915,1006.97565,-1.524231,-0.5613098,0.05029418,94.36182,0.0
2021-01-23 00:00:00,24.579712,22.73172,1005.95374,0.040361404,-1.7163906,0.50672144,89.467384,0.057310987
2021-01-23 06:00:00,29.59378,21.383514,1008.6188,-2.335167,-2.534315,0.33731174,61.394627,0.0
2021-01-23 12:00:00,28.390533,22.901825,1006.1931,-2.72499,-0.9404793,0.42334995,72.20142,0.025835054
2021-01-23 18:00:00,23.804535,22.433624,1008.435,-1.5027447,-1.0377254,0.1614808,92.04463,0.0
2021-01-24 00:00:00,24.078522,22.020355,1007.0069,0.80260754,-1.4236708,0.9714364,88.29208,0.0
2021-01-24 06:00:00,29.167389,19.886444,1009.66437,-1.7031631,-1.9299545,0.97669226,57.379932,0.00620028
2021-01-24 12:00:00,28.748322,21.423004,1006.1831,-1.9783335,-0.75889874,0.9866464,64.62597,0.0
2021-01-24 18:00:00,23.974152,22.443024,1009.04065,-1.2939587,-1.008832,0.99431384,91.16286,0.0
2021-01-25 00:00:00,23.689362,21.520538,1007.92377,0.71171474,-1.6709785,1.0,87.6644,0.03308852
2021-01-25 06:00:00,29.318207,20.025269,1009.9487,-2.1340618,-1.4472208,0.9705566,57.37327,0.0
2021-01-25 12:00:00,29.588715,21.704071,1006.52875,-1.7524967,-0.6821966,0.7506569,62.629044,0.0
2021-01-25 18:00:00,23.60141,21.310394,1008.9581,-1.5968647,-1.1126871,0.0,87.00294,0.0
2021-01-26 00:00:00,22.795319,20.583344,1007.35065,0.13441849,-2.467266,0.82305855,87.353745,0.0
2021-01-26 06:00:00,28.835419,18.857056,1009.6044,-2.4875727,-2.9660997,0.7016034,54.864914,0.0
2021-01-26 12:00:00,28.45462,20.413055,1005.66876,-1.9186583,-1.2427788,0.46789312,61.77964,0.0
2021-01-26 18:00:00,22.727936,20.275604,1008.83124,-1.5782881,-1.2791243,0.037524696,86.06141,0.0
2021-01-27 00:00:00,22.40506,20.020966,1007.33374,0.89720726,-1.9449377,0.93126374,86.394066,0.0
2021-01-27 06:00:00,28.749603,20.393219,1009.71185,-2.291298,-2.6070251,0.9884115,60.65642,0.009537907
2021-01-27 12:00:00,28.299774,20.99356,1006.515,-2.429021,-1.4946012,0.6258616,64.60721,0.0
2021-01-27 18:00:00,22.98758,20.080292,1008.8806,-0.7123594,-1.7860117,0.31492633,83.70131,0.0
2021-01-28 00:00:00,22.652496,19.651428,1007.5712,1.1130781,-2.415617,0.68058884,83.17808,0.0
2021-01-28 06:00:00,28.363495,21.387604,1009.535,-2.4510098,-3.3681965,0.6765739,65.94332,0.041291118
2021-01-28 12:00:00,28.620453,21.679047,1006.365,-2.9905186,-1.927309,0.3104127,66.13521,0.0
2021-01-28 18:00:00,24.055756,20.900452,1009.0619,-1.40378,-1.6625872,0.13448757,82.55352,0.0
2021-01-29 00:00:00,23.894318,20.436554,1007.72437,0.8282652,-2.8664541,0.50186384,81.0099,9.49949e-05
2021-01-29 06:00:00,29.149628,21.69629,1009.60376,-2.8333025,-3.6468105,0.93863434,64.20622,0.008868054
2021-01-29 12:00:00,28.538849,21.70929,1007.0012,-2.155839,-2.3034792,1.0000002,66.57226,0.0
2021-01-29 18:00:00,24.933624,21.53659,1009.08374,-1.1085558,-2.043357,0.9273216,81.44514,0.0
2021-01-30 00:00:00,24.370758,21.5737,1007.3231,0.08930588,-2.6727695,0.4532894,84.42357,0.0003837049
2021-01-30 06:00:00,29.777008,21.426666,1009.0106,-2.580268,-3.4867725,0.5073397,60.910957,0.0032447278
2021-01-30 12:00:00,29.088104,21.628143,1005.5975,-2.6022167,-1.9578047,0.10396999,64.16717,0.0
2021-01-30 18:00:00,24.093658,21.552826,1008.975,-0.9863243,-1.6350241,0.20349759,85.72855,0.0
2021-01-31 00:00:00,24.005035,21.312317,1007.3575,-0.27583313,-2.2621489,0.39376462,84.92586,0.0
2021-01-31 06:00:00,29.373566,20.946136,1009.1981,-2.914401,-3.1882668,0.5463709,60.532684,0.00038184226
2021-01-31 12:00:00,28.931427,21.998749,1006.58936,-3.043787,-2.145668,0.015010018,66.2338,0.0
2021-01-31 18:00:00,24.33487,21.965607,1010.1719,-0.7988157,-2.4608574,0.07290489,86.655174,0.0
2021-02-01 00:00:00,23.494904,21.361053,1009.1981,0.13395596,-3.2795181,0.24532205,87.835526,0.0
2021-02-01 06:00:00,29.656036,21.849518,1011.3875,-2.1013145,-4.311308,0.36126554,62.943302,0.0
2021-02-01 12:00:00,28.751862,22.555145,1007.96875,-3.4805803,-2.3998194,0.022850037,69.2314,0.0
2021-02-01 18:00:00,24.056488,21.131104,1011.3869,-1.3141336,-2.6713963,0.11953402,83.727974,0.0
2021-02-02 00:00:00,23.36026,20.155914,1009.8575,0.15703964,-3.0755367,0.096024126,82.22064,0.0
2021-02-02 06:00:00,29.741852,21.066925,1011.07623,-2.3049831,-3.6406555,0.37162292,59.702564,0.00028684735
2021-02-02 12:00:00,28.750519,21.544586,1008.1719,-3.4241123,-1.9533138,0.22658217,65.10049,0.0
2021-02-02 18:00:00,25.321686,21.654144,1010.73627,-1.3757858,-2.1756487,0.29322404,80.15841,0.0
2021-02-03 00:00:00,24.395416,21.729431,1008.9169,-0.5702944,-2.2626724,0.67076933,85.10548,0.0
2021-02-03 06:00:00,29.549713,20.538147,1010.9338,-3.5209093,-2.9152937,0.56454057,58.434452,0.0013349927
2021-02-03 12:00:00,28.29654,21.159271,1008.21686,-3.4320602,-2.106948,0.49889416,65.28029,0.0
2021-02-03 18:00:00,23.718903,19.876373,1010.7488,-1.6216736,-2.2258978,0.9996032,79.0819,0.0
2021-02-04 00:00:00,22.694122,19.705383,1009.37,0.078951836,-2.3388987,0.01854122,83.246574,0.0
2021-02-04 06:00:00,29.308624,19.533447,1011.33875,-3.0337334,-3.0387125,0.55522436,55.680603,0.0
2021-02-04 12:00:00,28.060455,19.238281,1007.7425,-3.6373177,-2.045022,0.7913277,58.77325,0.0
2021-02-04 18:00:00,22.890411,19.200653,1009.9575,-1.0129137,-1.8716602,0.15649238,79.72076,0.0
2021-02-05 00:00:00,22.12613,19.018463,1008.92377,0.34034348,-2.3874493,0.49982727,82.56628,0.0
2021-02-05 06:00:00,28.597504,19.619354,1010.28064,-1.356679,-3.368451,0.5082487,58.33151,0.0
2021-02-05 12:00:00,28.305573,20.564392,1006.39374,-3.2114,-2.3320398,0.5705968,62.901848,0.0
2021-02-05 18:00:00,23.63675,19.975342,1008.8131,-1.492589,-1.1261797,0.14156203,79.96281,0.0
2021-02-06 00:00:00,22.18985,19.136322,1007.2456,0.8182907,-2.4069815,0.4767118,82.85303,0.0
2021-02-06 06:00:00,29.269684,20.1138,1009.1125,-1.6579351,-3.3748255,0.5667386,57.85031,0.0
2021-02-06 12:00:00,28.683502,19.001007,1005.88,-3.2565594,-2.4129725,0.17410278,55.849903,0.0
2021-02-06 18:00:00,22.112457,19.587128,1008.6281,-0.63845444,-2.096098,0.001876831,85.61222,0.0
2021-02-07 00:00:00,21.499176,19.604523,1007.6069,0.2845106,-2.984705,0.015426636,88.97549,0.0
2021-02-07 06:00:00,29.118317,18.900787,1009.0075,-1.5614309,-4.0411367,0.038848877,54.12127,0.0
2021-02-07 12:00:00,28.947418,18.17398,1006.1831,-2.9064837,-2.3326569,0.0,52.227814,0.0
2021-02-07 18:00:00,23.32132,20.587128,1009.45,-1.3151999,-2.8241472,0.04498291,84.63758,0.0
2021-02-08 00:00:00,22.53128,20.830597,1008.2413,-0.26289082,-3.367303,0.15383102,90.1263,0.0
2021-02-08 06:00:00,29.258575,18.754791,1009.8825,-2.814292,-4.0200825,0.17615171,53.196907,0.0
2021-02-08 12:00:00,28.564056,18.863495,1007.695,-3.4165897,-2.5199986,0.024189472,55.75782,0.0
2021-02-08 18:00:00,23.14737,20.177277,1010.1256,-1.5113888,-1.6456242,0.11857957,83.39492,9.5460564e-05
2021-02-09 00:00:00,22.325348,19.638824,1008.0925,0.5389128,-2.208065,0.5875104,84.78151,0.0
2021-02-09 06:00:00,29.404572,18.279053,1009.6525,-2.6773968,-4.0633364,0.8738858,51.2022,0.0
2021-02-09 12:00:00,28.000153,18.086212,1005.95435,-2.9476213,-2.5103846,0.72984624,54.879826,0.0
2021-02-09 18:00:00,22.084503,18.409943,1008.8244,-1.3257084,-1.4294538,0.19640753,79.68591,0.0
2021-02-10 00:00:00,22.063019,18.097992,1007.38,0.34962845,-2.4582558,0.71336234,78.24386,0.0035281992
2021-02-10 06:00:00,28.674591,18.073456,1009.7319,-1.9063139,-2.6844091,0.7096765,52.726353,0.0
2021-02-10 12:00:00,28.014496,15.869904,1005.77374,-2.9253645,-1.6469107,0.0017814636,47.65018,0.0
2021-02-10 18:00:00,20.768585,17.880829,1008.3325,-2.007451,-0.96045876,0.45475423,83.551315,0.0
2021-02-11 00:00:00,20.184845,17.92279,1006.47186,0.45153427,-2.147789,0.682892,86.84371,0.0
2021-02-11 06:00:00,28.56424,17.094635,1008.58185,-2.105297,-2.52522,0.46977073,49.888607,0.0
2021-02-11 12:00:00,28.091583,17.900665,1005.3019,-3.1227036,-1.5341387,0.6462464,53.955055,0.0
2021-02-11 18:00:00,21.271637,17.839447,1008.28687,-0.55479336,-1.849659,0.5485246,80.798065,0.0
2021-02-12 00:00:00,22.302277,17.293365,1007.27625,0.90780354,-2.071866,1.0,73.30004,0.000381493
2021-02-12 06:00:00,28.18985,17.772247,1008.9775,-1.8135242,-2.0733805,0.99584895,53.21524,0.0029570656
2021-02-12 12:00:00,28.500214,19.279999,1006.1144,-3.0846014,-0.7187128,0.14269623,57.437347,0.0
2021-02-12 18:00:00,21.730133,18.580048,1009.115,-1.3022242,-1.7358751,0.0062468657,82.29991,0.0
2021-02-13 00:00:00,21.750519,18.559174,1008.02313,0.7776871,-2.140294,0.13258362,82.09014,0.0
2021-02-13 06:00:00,29.729767,18.324982,1009.7994,-1.1233177,-1.5274639,0.42069438,50.396328,0.0
2021-02-13 12:00:00,29.698639,19.20169,1006.8644,-2.669918,-1.246974,0.16685486,53.330154,0.0
2021-02-13 18:00:00,23.478241,21.117035,1009.51,-1.78409,-0.81619644,0.0,86.61778,0.0
2021-02-14 00:00:00,22.18277,20.486725,1008.4194,0.5583286,-1.7166166,0.01035205,90.12737,0.0
2021-02-14 06:00:00,29.286041,19.240204,1009.7775,-1.5568695,-1.9441032,0.1602815,54.745544,0.0
2021-02-14 12:00:00,29.380157,19.423615,1006.64935,-3.2473211,-0.2921648,0.022199545,55.073845,0.0
2021-02-14 18:00:00,23.20279,20.481476,1009.1094,-1.6321201,-0.6236,0.5549562,84.6922,0.0
2021-02-15 00:00:00,22.950287,20.34134,1007.9175,0.6047621,-1.8312883,0.5689305,85.255104,0.0
2021-02-15 06:00:00,30.147858,20.683197,1008.3013,-0.8295355,-2.1752968,0.013916016,56.96502,0.0
2021-02-15 12:00:00,29.864899,21.941132,1004.5081,-3.4958696,-0.2474699,0.003563881,62.539818,0.0
2021-02-15 18:00:00,23.984894,21.87088,1008.09436,-1.7791672,-0.41588593,0.0,87.98396,0.0
2021-02-16 00:00:00,23.659882,21.038483,1006.8675,0.84539413,-1.3714628,0.9859523,85.26253,0.0
2021-02-16 06:00:00,29.470001,20.282837,1008.40936,-1.0732746,-1.1348505,0.9419306,57.785915,0.0
2021-02-16 12:00:00,29.60147,20.475067,1004.4412,-2.6494837,-0.49014282,0.34556723,58.034164,0.0
2021-02-16 18:00:00,23.61728,20.638763,1007.5675,-1.6405039,-0.3311773,0.02376604,83.405266,0.0
2021-02-17 00:00:00,22.68747,20.439178,1006.2562,0.1763649,-1.7562103,0.30945665,87.14863,0.0
2021-02-17 06:00:00,29.577057,19.829071,1007.6219,-1.7862501,-2.1154919,0.15473136,55.84005,0.0
2021-02-17 12:00:00,28.575714,20.663055,1004.8063,-3.7600145,-1.2858629,0.019892532,62.299557,0.0
2021-02-17 18:00:00,23.453156,20.23944,1007.78564,-1.9011812,-1.1010685,0.028022572,82.18434,0.0
2021-02-18 00:00:00,23.604645,20.458862,1006.9975,0.61190605,-1.7721548,0.3175854,82.5481,0.0
2021-02-18 06:00:00,29.316315,20.14267,1009.0544,-2.352522,-2.0253773,0.80034006,57.797825,0.018410385
2021-02-18 12:00:00,28.486603,21.920013,1006.4269,-3.674551,-1.8794985,0.536145,67.639404,0.0
2021-02-18 18:00:00,23.180939,20.228333,1008.7125,-0.9453497,-1.4729271,0.014196559,83.488945,0.0
2021-02-19 00:00:00,23.112091,20.22464,1007.23627,0.28449154,-2.5395699,0.14233315,83.81803,0.0007599592
2021-02-19 06:00:00,29.414703,21.919159,1009.11,-2.2458782,-2.7840137,0.47934192,64.09708,0.24920987
2021-02-19 12:00:00,28.646881,24.106598,1005.4381,-3.8840466,-1.8676863,0.37690145,76.493774,0.11260511
2021-02-19 18:00:00,24.661621,22.39801,1008.7319,-1.9868946,-2.3699207,0.8040755,87.244415,0.0
2021-02-20 00:00:00,24.503876,22.164246,1007.07935,-0.36938,-3.1474457,0.4649706,86.82752,0.0
2021-02-20 06:00:00,29.100128,22.667389,1008.5544,-1.9554558,-3.1286888,0.9498309,68.3129,0.025169443
2021-02-20 12:00:00,27.907135,22.846832,1005.3013,-3.2455387,-2.3057756,0.37072664,74.01622,0.0
2021-02-20 18:00:00,25.2128,22.380524,1008.40186,-1.4399452,-2.2805681,0.38792086,84.33294,0.0
2021-02-21 00:00:00,24.153961,22.35669,1007.60187,-0.07072353,-2.4707565,0.76449996,89.711876,0.18082552
2021-02-21 06:00:00,28.925934,23.138702,1009.53,-2.9121284,-2.5797396,0.7232957,71.00327,0.0
2021-02-21 12:00:00,28.5242,23.16864,1006.71436,-3.288497,-2.4181461,0.5158423,72.80872,0.11597094
2021-02-21 18:00:00,24.584381,22.462036,1009.345,-0.56724644,-2.0536509,0.28875226,87.99003,0.0
2021-02-22 00:00:00,24.706146,22.27835,1008.3713,0.43597984,-2.7972717,0.38810104,86.38158,0.0
2021-02-22 06:00:00,29.986969,22.329437,1009.85315,-2.3400612,-2.9030647,0.4334458,63.58899,0.14514902
2021-02-22 12:00:00,30.363678,22.852966,1006.2438,-3.3553514,-2.2970085,0.38776055,64.238686,0.0
2021-02-22 18:00:00,25.50943,23.254852,1009.14624,-1.3564777,-1.5826607,0.31243867,87.36747,0.0
2021-02-23 00:00:00,24.617767,22.840393,1007.21124,0.513134,-2.1682463,0.858749,89.85401,9.5926225e-05
2021-02-23 06:00:00,30.40152,21.36203,1008.9263,-1.4568071,-2.7437983,0.41112292,58.533173,0.0
2021-02-23 12:00:00,30.119171,22.060516,1004.77313,-3.7553806,-1.3616924,0.2050162,62.083008,0.0
2021-02-23 18:00:00,24.626678,22.597534,1008.22375,-1.5551605,-1.2488995,0.7805467,88.493065,0.0
2021-02-24 00:00:00,23.431854,21.754425,1006.21313,0.51427746,-2.0496473,0.2767946,90.317986,0.0
2021-02-24 06:00:00,30.497467,21.088165,1008.3862,-1.5462875,-1.4889069,0.16815136,57.24273,0.0
2021-02-24 12:00:00,30.543488,20.797516,1004.4475,-3.0741482,-0.9879036,0.0,56.08118,0.0
2021-02-24 18:00:00,24.029144,22.325958,1007.8269,-1.7443895,-0.10471153,0.08920288,90.21779,0.0
2021-02-25 00:00:00,22.487335,21.790375,1006.0181,0.275033,-1.2619019,0.8843067,95.84328,0.0
2021-02-25 06:00:00,30.302643,20.815704,1008.845,-0.88664436,-1.0017023,0.27330428,56.923897,0.0
2021-02-25 12:00:00,30.582794,19.919708,1004.3125,-3.0389528,-0.62589455,0.3327602,53.003277,0.0
2021-02-25 18:00:00,23.320282,21.641022,1006.67065,-1.8849621,0.22514719,0.0020012856,90.30014,0.0
2021-02-26 00:00:00,21.762726,20.741882,1005.4431,1.3332367,-0.5162878,0.01222229,93.9316,0.0
2021-02-26 06:00:00,30.975006,18.526154,1007.03125,-0.05556166,-0.85058784,0.0,47.52033,0.0
2021-02-26 12:00:00,31.684967,19.207428,1002.2525,-2.5887327,-0.24303317,0.0,47.62236,0.0
2021-02-26 18:00:00,23.432343,21.72763,1005.6813,-1.7571507,0.97005785,0.014806747,90.1676,0.0
2021-02-27 00:00:00,22.037262,20.573822,1004.015,1.594737,-0.11987364,0.028121948,91.41962,0.0
2021-02-27 06:00:00,31.286896,19.026154,1006.03564,-0.30515194,0.4818371,0.0,48.164856,0.0
2021-02-27 12:00:00,31.766998,20.046295,1002.10815,-2.9499178,0.41578335,0.0,49.935417,0.0
2021-02-27 18:00:00,23.273956,22.011688,1005.3113,-1.9772282,-0.1869278,0.0,92.62593,0.0
2021-02-28 00:00:00,20.881256,20.202484,1004.0831,0.81173325,-0.23965651,0.99999946,95.90131,0.0
2021-02-28 06:00:00,30.314728,20.594513,1006.84564,-1.2339821,0.68731487,0.0121974945,56.11493,0.0
2021-02-28 12:00:00,31.213898,19.196198,1003.3088,-2.936984,0.19838965,0.0,48.880802,0.0
2021-02-28 18:00:00,23.076263,21.661835,1007.1869,-1.5959358,-0.6722889,0.0,91.75831,0.0
2021-03-01 00:00:00,22.507477,21.46878,1006.52875,0.27441788,-0.9870806,1.0000052,93.86195,0.0
2021-03-01 06:00:00,30.628937,21.346344,1009.47186,-1.0282679,0.2832809,0.023773193,57.72062,0.0
2021-03-01 12:00:00,31.364288,19.778595,1006.4944,-2.938095,0.914375,0.0,50.25058,0.0
2021-03-01 18:00:00,23.32071,22.16449,1009.63873,-1.4221573,1.1577985,0.0,93.2289,0.0
2021-03-02 00:00:00,23.21817,21.991364,1007.505,0.32145882,-0.4944229,0.93738806,92.82352,0.0
2021-03-02 06:00:00,30.541412,20.854523,1009.52313,-1.1516199,-0.2866997,0.006679535,56.284897,0.0
2021-03-02 12:00:00,31.240509,18.64859,1006.2431,-3.3561163,-0.05470085,0.0,47.166664,0.0
2021-03-02 18:00:00,23.35971,21.76883,1008.28375,-1.8957062,0.8188348,0.0,90.791885,0.0
2021-03-03 00:00:00,21.657745,20.424469,1006.0425,0.72973347,-1.1616755,0.00078713894,92.70459,0.0
2021-03-03 06:00:00,31.111725,18.628937,1008.47186,-2.386427,-0.6971636,0.00094127655,47.45559,0.0
2021-03-03 12:00:00,30.43045,18.241364,1005.805,-3.8732357,-0.00027656555,0.0,48.155544,0.0
2021-03-03 18:00:00,23.038055,21.58908,1008.1144,-1.7450514,-0.6591053,0.0,91.56237,0.0
2021-03-04 00:00:00,23.914825,21.619354,1006.9938,0.42751026,-0.7431164,0.46920496,87.00776,0.0007628696
2021-03-04 06:00:00,30.143951,19.003265,1009.01,-1.736166,-0.34002972,0.14974011,51.343143,0.0
2021-03-04 12:00:00,30.398102,20.649323,1005.64435,-3.857666,-0.2781763,0.008590698,56.036366,0.0
2021-03-04 18:00:00,23.568268,20.86905,1008.7612,-1.3438902,-1.1689072,0.0,84.84618,0.0
2021-03-05 00:00:00,23.681915,21.24234,1007.8275,0.68876076,-1.7271729,0.23039928,86.22157,0.0
2021-03-05 06:00:00,30.773468,20.311981,1009.575,-2.0646553,-1.251874,0.4591017,53.71629,0.0
2021-03-05 12:00:00,30.684845,21.964813,1006.28436,-3.6702414,-0.1830225,0.0,59.753628,0.0
2021-03-05 18:00:00,24.335724,21.817139,1009.3044,-1.8083239,-0.51204777,0.37222433,85.86916,0.0
2021-03-06 00:00:00,23.271881,21.37735,1007.72687,0.5492439,-1.2562723,0.68062,89.11463,0.0
2021-03-06 06:00:00,31.920197,19.968658,1009.66437,-1.0173779,-0.8419466,0.014183044,49.266262,0.0
2021-03-06 12:00:00,32.42166,21.56839,1004.8744,-3.355815,-0.4567995,0.0,52.84396,0.0
2021-03-06 18:00:00,24.498322,22.469818,1008.6069,-1.4838324,0.8992273,0.0,88.48605,0.0
2021-03-07 00:00:00,24.081451,22.315826,1006.64124,0.9564285,-0.995944,0.9442759,89.87944,0.0
2021-03-07 06:00:00,31.95633,21.697662,1008.45935,-0.9588089,-0.9496908,0.03579712,54.683495,0.0
2021-03-07 12:00:00,32.426666,21.548492,1004.40814,-3.87146,-0.29420185,0.0,52.764755,0.0
2021-03-07 18:00:00,25.76059,23.791046,1008.02625,-1.7940578,-0.10540104,0.0,88.90279,0.0
2021-03-08 00:00:00,25.145172,22.830475,1006.65564,0.034521103,-1.5390568,0.6142082,87.017746,0.00038184226
2021-03-08 06:00:00,32.776276,21.187897,1008.9369,-2.018217,-1.4960623,0.18835391,50.604397,0.003909692
2021-03-08 12:00:00,31.530182,22.247223,1004.98,-4.359128,-0.9030676,0.03365837,57.93124,0.0
2021-03-08 18:00:00,26.30716,23.673431,1008.77875,-1.3449507,-1.3007765,0.023468126,85.466675,0.0
2021-03-09 00:00:00,26.010529,23.145294,1006.91626,0.20813656,-2.052989,0.3017403,84.250496,0.0001899898
2021-03-09 06:00:00,32.66092,22.154633,1009.1775,-3.4262981,-1.7768898,0.30818892,54.035145,0.04319474
2021-03-09 12:00:00,31.174225,22.59964,1005.9906,-4.3705873,-0.41922283,0.08498351,60.39645,0.0
2021-03-09 18:00:00,26.458282,23.860626,1009.81,-1.0988579,-1.0300837,0.10732265,85.667435,0.00019092113
2021-03-10 00:00:00,26.354218,23.596771,1007.3644,-0.6982012,-1.7961197,0.4618597,84.83692,0.013544224
2021-03-10 06:00:00,33.029327,24.138947,1009.15063,-2.4895964,-1.644865,0.2640137,59.6721,0.0006669462
2021-03-10 12:00:00,31.043243,22.847778,1005.3225,-4.451849,0.37006605,0.48499584,61.77168,0.062279284
2021-03-10 18:00:00,26.256012,23.634766,1009.2425,-1.4034538,0.3289677,0.5344491,85.52584,0.0
2021-03-11 00:00:00,25.918304,23.572357,1006.96124,0.11773586,-0.49407035,0.55406207,86.92372,0.00038289768
2021-03-11 06:00:00,33.33487,21.76529,1009.08624,-2.2711992,-0.017669678,0.30838135,50.805145,0.0019053619
2021-03-11 12:00:00,32.476227,20.360138,1005.27563,-4.0230227,0.52998066,0.09856415,48.911156,0.0
2021-03-11 18:00:00,25.614838,23.145294,1009.8594,-1.5145521,0.14974529,0.20470363,86.24949,0.0
2021-03-12 00:00:00,24.230011,22.04602,1007.96564,0.56524754,-0.73841953,0.7761302,87.63021,0.0
2021-03-12 06:00:00,32.04666,20.983978,1010.64813,-2.6091118,-0.32218647,0.25601774,52.07628,0.0
2021-03-12 12:00:00,31.271881,20.45816,1006.97064,-4.451432,-0.45125198,0.0,52.684177,0.0
2021-03-12 18:00:00,24.920319,21.893341,1009.7294,-1.8426142,-0.38408566,0.0076141357,83.30635,0.0
2021-03-13 00:00:00,24.181793,22.333038,1007.6863,0.4748726,-1.0580835,0.41744035,89.43345,0.0
2021-03-13 06:00:00,32.02469,21.562225,1010.09814,-2.240799,-1.2488661,0.24462593,54.022938,0.0
2021-03-13 12:00:00,31.804108,20.937592,1006.03125,-4.080699,-1.0917139,0.05937195,52.64655,0.0
2021-03-13 18:00:00,25.91507,22.402008,1008.89124,-1.6535721,-1.4561405,0.0027885437,80.99468,0.0
2021-03-14 00:00:00,24.330475,22.265411,1006.96,0.3475113,-1.7198372,0.19886209,88.27582,0.0
2021-03-14 06:00:00,33.444366,20.867035,1008.0275,-2.7387657,-1.1443338,0.041798454,47.789238,0.0
2021-03-14 12:00:00,32.03714,18.72525,1004.34314,-4.071311,-0.32723522,0.016601562,45.29752,0.0
2021-03-14 18:00:00,24.852203,21.827545,1007.47125,-1.5603485,-0.9846182,0.00288105,83.310356,0.0
2021-03-15 00:00:00,24.666779,22.46756,1005.3781,0.043816566,-1.6212854,0.05008071,87.58701,0.0
2021-03-15 06:00:00,33.68985,19.111603,1007.48627,-2.4414616,-1.1158972,0.0,42.282253,0.0
2021-03-15 12:00:00,32.163605,16.610992,1003.8819,-4.175583,-0.30259418,0.0,39.363846,0.0
2021-03-15 18:00:00,25.015045,22.505157,1006.935,-1.5426483,-0.76289845,0.0,85.98113,0.0
2021-03-16 00:00:00,24.501984,23.40091,1005.52936,-0.18592834,-0.94938374,0.9236973,93.5976,0.0
2021-03-16 06:00:00,32.016388,21.825836,1007.60187,-1.8099251,-1.0623322,0.70066935,54.926212,0.0
2021-03-16 12:00:00,32.159332,19.452057,1003.8706,-3.6171036,-0.5803814,0.5673828,47.070595,0.0
2021-03-16 18:00:00,24.089691,22.529144,1006.85565,-1.5792542,-0.9932947,0.045581818,91.00745,0.0
2021-03-17 00:00:00,24.122345,23.260773,1004.2413,0.35733604,-1.3845844,1.0000057,94.94484,0.0
2021-03-17 06:00:00,31.237946,22.380157,1006.71875,-1.4136448,0.29301482,0.90981877,59.38055,0.0
2021-03-17 12:00:00,31.777252,21.516998,1002.9625,-3.646721,-0.45534992,0.24326016,54.63434,0.0
2021-03-17 18:00:00,25.175323,23.298004,1006.4125,-1.6109104,-0.2879095,0.0047912598,89.35335,0.0
2021-03-18 00:00:00,25.704071,23.581085,1004.4175,0.2471075,-1.627471,0.9774937,88.080666,0.0
2021-03-18 06:00:00,32.253082,21.428802,1006.8794,-1.9704924,-0.93733597,0.9533563,52.895676,0.0
2021-03-18 12:00:00,31.85904,19.30606,1003.54126,-3.5476084,-0.7389202,0.8650021,47.44495,0.0
2021-03-18 18:00:00,24.771698,21.123657,1006.21313,-1.5714073,-0.52071095,0.5098046,80.18099,0.0
2021-03-19 00:00:00,23.324982,21.569794,1005.3225,0.47659206,-1.1702604,0.8006737,89.882095,0.0
2021-03-19 06:00:00,31.399323,21.4039,1006.7425,-1.4175978,-0.28156757,0.4050169,55.434536,0.0
2021-03-19 12:00:00,32.434967,20.02481,1003.14874,-3.609909,0.67403793,0.1410166,48.01934,0.0
2021-03-19 18:00:00,25.287628,21.969055,1005.39874,-1.6450653,0.13665181,0.89797604,81.880554,0.0
2021-03-20 00:00:00,24.924103,22.81012,1004.28064,0.6319647,-0.6439791,0.6776885,88.063286,0.0
2021-03-20 06:00:00,32.39456,21.925262,1005.5475,-1.2818623,0.32077062,0.31407058,54.091488,0.011157244
2021-03-20 12:00:00,32.47818,21.014801,1001.4469,-3.0196466,0.037052155,0.4454323,50.91791,0.0
2021-03-20 18:00:00,25.946686,22.970001,1004.3275,-1.5017319,0.25402313,0.96844447,83.677414,0.0
2021-03-21 00:00:00,25.580536,23.506378,1003.3244,1.0171051,-0.3444423,0.5976659,88.33005,0.0
2021-03-21 06:00:00,33.097443,22.286407,1004.8244,-0.43441105,-0.16922295,0.05131198,53.148808,0.0
2021-03-21 12:00:00,33.42801,21.532501,1000.79376,-3.833871,-0.8550291,0.114743836,49.826317,0.0
2021-03-21 18:00:00,26.354034,23.686707,1005.33435,-1.3654261,0.512726,0.108040094,85.29866,0.0
2021-03-22 00:00:00,26.335724,23.685425,1004.02374,0.6386318,-1.0565367,0.92155915,85.384315,0.0
2021-03-22 06:00:00,32.340485,22.091095,1006.7981,-1.0310068,-0.6664686,0.3689211,54.808365,0.0
2021-03-22 12:00:00,32.552277,20.889923,1002.9981,-3.7208261,-0.22350883,0.0,50.3178,0.0
2021-03-22 18:00:00,26.072052,23.677826,1006.6806,-1.5235424,-0.14354151,0.02002716,86.68536,0.0
2021-03-23 00:00:00,25.827728,23.587524,1005.28,0.3560171,-1.6206255,0.9590274,87.47127,0.0
2021-03-23 06:00:00,32.5054,22.659698,1007.1225,-1.9132309,-0.46454334,0.75006545,56.21075,0.0
2021-03-23 12:00:00,32.218414,21.79361,1003.64435,-4.2045727,-0.5945959,0.30322567,54.19522,0.0
2021-03-23 18:00:00,26.426544,23.216858,1007.4125,-1.6777391,-0.6058569,0.013938904,82.56121,0.0
2021-03-24 00:00:00,25.989044,23.520813,1005.8862,0.06521988,-1.7194548,0.7722402,86.291954,0.0
2021-03-24 06:00:00,33.31485,22.262848,1007.35,-2.0935001,-1.3881302,0.17131978,52.428905,0.0
2021-03-24 12:00:00,33.330475,20.522614,1002.77563,-4.0903244,0.097263336,0.899548,47.085926,0.0
2021-03-24 18:00:00,27.43863,24.602142,1006.2544,-1.3930902,-0.17842484,0.53975564,84.54877,0.0
2021-03-25 00:00:00,26.761658,24.472626,1004.1781,0.3048439,-1.0128832,0.9933205,87.297066,0.0
2021-03-25 06:00:00,33.026398,22.500885,1006.54626,-1.7811899,-0.60353184,0.98710746,54.061787,0.0
2021-03-25 12:00:00,32.14383,21.621613,1002.4925,-3.5465279,0.5708065,0.9348385,53.855217,0.0
2021-03-25 18:00:00,27.142487,23.395233,1005.5069,-1.2761669,-0.030481339,0.95864874,80.01288,0.0
2021-03-26 00:00:00,26.39737,24.59024,1003.5606,-0.81636715,-1.0482054,1.0,89.82111,0.0
2021-03-26 06:00:00,32.388824,23.579254,1005.74,-1.6067972,-0.8944149,0.35261202,59.81709,0.0
2021-03-26 12:00:00,33.647003,21.489899,1001.5069,-3.4516048,-0.46553516,0.21225345,49.09084,0.0
2021-03-26 18:00:00,27.801971,24.362091,1005.1788,-1.7545443,0.053130805,0.60888714,81.59066,0.0
2021-03-27 00:00:00,26.463898,24.321075,1003.1331,0.4010706,-0.21020126,0.9967224,88.03917,0.0
2021-03-27 06:00:00,34.429718,22.92099,1005.2413,-1.9765015,-0.6501479,0.93990195,51.271393,0.0007627532
2021-03-27 12:00:00,33.005157,22.485504,1001.5106,-3.3089762,0.6216084,0.6213536,54.075813,0.0
2021-03-27 18:00:00,27.305664,24.552643,1005.4869,-0.9552555,0.72339535,0.95781493,84.95798,0.0
2021-03-28 00:00:00,26.634216,24.311798,1003.23126,0.62596756,0.70459336,0.95942897,87.11135,0.0
2021-03-28 06:00:00,34.29361,22.648102,1004.6169,-0.22996235,0.037496924,0.8246508,50.81376,0.0
2021-03-28 12:00:00,33.605377,23.575836,1000.21625,-3.2955503,1.926973,0.8898625,55.851322,0.0
2021-03-28 18:00:00,27.605988,25.01773,1005.1987,-0.3286562,1.7796631,0.6844927,85.82829,0.0
2021-03-29 00:00:00,28.276703,24.587189,1003.47064,0.35989088,1.8254347,0.11553827,80.44026,0.00047683716
2021-03-29 06:00:00,34.600983,22.80185,1004.78625,0.32535988,1.5991163,0.0677137,50.42018,0.0
2021-03-29 12:00:00,33.843536,22.37088,1000.4,-2.1738167,3.4268801,0.3656873,51.23555,0.0
2021-03-29 18:00:00,28.28418,23.611359,1004.64374,0.617621,3.6789856,0.6763061,75.830864,0.0
2021-03-30 00:00:00,27.754852,23.658783,1002.76874,1.1278374,1.777642,0.39636612,78.431274,0.0
2021-03-30 06:00:00,35.724396,22.0961,1003.04376,1.9415718,-0.12791765,0.87469095,45.391483,0.0
2021-03-30 12:00:00,35.928375,20.110992,997.95874,-2.3554325,0.8869676,0.20094705,39.734234,0.0
2021-03-30 18:00:00,28.7948,23.980865,1001.7388,0.44703388,2.7670755,0.26092833,75.26982,0.0
2021-03-31 00:00:00,27.353485,24.48587,1000.2456,1.2777851,2.4457111,0.013900757,84.38245,0.0
2021-03-31 06:00:00,35.680817,21.500885,1001.5775,1.2798717,2.2830858,0.49490088,43.876358,0.0
2021-03-31 12:00:00,37.133698,21.331207,997.02435,-0.7847271,3.7564316,0.014773369,40.096397,0.0
2021-03-31 18:00:00,28.909027,25.319733,1001.15875,2.2085652,3.50348,0.05921233,81.00381,0.0
2021-04-01 00:00:00,28.005463,25.085663,999.9869,1.0902233,2.4016833,0.123431206,84.189545,0.0
2021-04-01 06:00:00,36.47525,23.977692,1000.67126,1.5425811,1.0174317,0.062494554,48.807983,0.0
2021-04-01 12:00:00,35.330475,24.433136,997.47687,-1.0571871,5.412986,0.14151764,53.422554,0.0
2021-04-01 18:00:00,29.894379,25.278107,1001.84314,1.8842983,3.2131577,0.20064656,76.33671,0.0
2021-04-02 00:00:00,28.792389,23.318268,1000.3013,1.7904577,1.821713,0.0,72.33534,0.0
2021-04-02 06:00:00,37.07608,21.155426,1001.175,1.257247,0.642339,0.16492462,39.7914,0.0
2021-04-02 12:00:00,38.094635,20.800201,997.4494,-2.0176373,2.4303858,0.058614634,36.833862,0.0
2021-04-02 18:00:00,29.401031,24.424713,1001.3719,1.915385,3.390854,0.0966568,74.637,0.0
2021-04-03 00:00:00,28.481384,25.524689,1000.4437,0.99240106,1.9802771,0.05243897,84.05621,0.0
2021-04-03 06:00:00,37.332428,21.017853,1002.0025,2.7867904,1.4294845,0.07133838,38.908848,0.0
2021-04-03 12:00:00,37.28189,21.549469,998.5563,-0.7232914,3.1152866,0.12542725,40.308804,0.0
2021-04-03 18:00:00,29.08487,25.481598,1002.7294,2.3134887,3.1605148,0.033081055,80.95875,0.0
2021-04-04 00:00:00,28.0643,24.541534,1001.71686,-0.050831616,1.2416725,0.034108423,81.219345,0.0
2021-04-04 06:00:00,36.515778,22.816925,1003.0781,1.0833387,-1.6073132,0.1547699,45.405323,0.0
2021-04-04 12:00:00,35.700104,22.72232,999.14685,-3.0301695,1.1384478,0.2689209,47.215984,0.0
2021-04-04 18:00:00,30.389801,24.874664,1003.5019,0.3416252,2.1161919,0.32421282,72.434074,0.0
2021-04-05 00:00:00,27.97815,25.082733,1003.4581,-0.8905573,0.8304243,0.019787077,84.30902,0.0
2021-04-05 06:00:00,34.952667,23.502228,1004.5006,-1.1415396,-0.5963812,0.107040405,51.5841,0.0007627532
2021-04-05 12:00:00,33.341583,24.902985,1000.6125,-4.5769787,0.10238838,0.020820618,61.37799,0.0
2021-04-05 18:00:00,28.390015,26.180939,1004.72064,-1.5144415,-0.49300766,0.19689277,87.85394,0.00085821375
2021-04-06 00:00:00,28.374146,25.267029,1004.52563,-1.058548,0.05120474,0.8768302,83.29615,0.01220726
2021-04-06 06:00:00,33.148468,23.902863,1006.4313,-1.9716377,-0.3204584,0.20330782,58.439507,0.0
2021-04-06 12:00:00,33.391754,21.67984,1003.1937,-4.019861,-0.1448288,0.016458511,50.379616,0.0
2021-04-06 18:00:00,26.440643,23.788116,1005.7125,-1.5619259,-0.80792236,0.0,85.383415,0.0
2021-04-07 00:00:00,26.00064,23.716827,1005.8956,-0.09704685,-0.40196037,0.11300057,87.257034,0.0
2021-04-07 06:00:00,34.151764,21.814117,1007.66565,-1.5000286,0.36965865,0.03882002,48.681713,0.0
2021-04-07 12:00:00,34.415802,19.77298,1003.3756,-3.4958277,1.2614477,0.7063453,42.30845,0.0
2021-04-07 18:00:00,26.780914,24.01773,1006.09314,-1.0412779,1.337601,0.1065979,84.85201,0.0
2021-04-08 00:00:00,25.613556,23.62735,1004.6269,1.4663858,0.35016513,0.90869194,88.802124,0.0
2021-04-08 06:00:00,33.825714,21.75418,1005.7919,-0.20697784,1.2792684,0.21462154,49.394615,0.0
2021-04-08 12:00:00,33.87674,21.631866,1000.975,-3.003415,1.4773767,0.4064026,48.88715,0.0
2021-04-08 18:00:00,28.075562,22.793915,1004.4331,-0.86137486,1.9625149,0.58472997,73.05812,0.0
2021-04-09 00:00:00,27.95697,24.600006,1003.48627,-0.23208427,-0.013670564,0.43107116,82.01553,9.5460564e-05
2021-04-09 06:00:00,34.36966,20.77359,1005.02686,-1.2759733,1.0574472,0.32902026,45.12222,0.0
2021-04-09 12:00:00,33.70633,21.246124,1000.955,-3.7956457,0.88811547,0.07129496,48.20281,0.0
2021-04-09 18:00:00,27.492157,23.859833,1004.77313,-1.039052,1.2022033,0.008594513,80.614746,0.0
2021-04-10 00:00:00,27.890656,23.805847,1004.1806,-0.40283394,0.033613622,0.39236194,78.503685,0.010969022
2021-04-10 06:00:00,33.64029,23.384186,1006.3756,-2.2889347,1.0892543,0.5130132,55.101807,0.15476799
2021-04-10 12:00:00,32.7742,21.96878,1003.3775,-3.1271486,0.79516566,0.16032423,53.08665,0.0
2021-04-10 18:00:00,27.695923,24.280731,1006.855,-1.2882767,0.556584,0.0053367615,81.69838,0.0
2021-04-11 00:00:00,26.955627,23.993866,1005.85065,-0.005525589,-0.3019998,0.1405701,83.86446,0.0023841858
2021-04-11 06:00:00,34.196686,22.535248,1007.5556,-1.9822521,0.0998348,0.35165638,50.74006,0.0
2021-04-11 12:00:00,31.0784,23.417633,1004.5206,-3.7609177,-0.266428,0.41113263,63.809032,0.0036247903
2021-04-11 18:00:00,28.301544,24.996826,1007.8137,-1.2293711,0.3566562,0.52872527,82.313156,0.0
2021-04-12 00:00:00,28.152924,24.836517,1006.16815,-0.48782253,0.35589275,0.9288745,82.23808,0.111778416
2021-04-12 06:00:00,31.962189,23.873627,1008.5012,-1.1318922,0.10026395,0.57920665,62.37337,0.0
2021-04-12 12:00:00,30.827911,23.956757,1004.40875,-2.6462126,1.0920451,0.77452403,66.863174,0.0
2021-04-12 18:00:00,27.488617,24.6622,1008.1213,-1.067339,0.112398624,0.9651598,84.60494,0.0
2021-04-13 00:00:00,26.973267,23.807251,1006.4356,0.32397366,0.80043,0.9437553,82.84302,0.0
2021-04-13 06:00:00,32.706818,23.287872,1007.6844,-1.8436537,0.7638297,0.95335877,57.730095,0.054079443
2021-04-13 12:00:00,33.01712,22.79837,1003.4375,-2.9410725,1.5760269,0.98816586,55.075294,0.029471368
2021-04-13 18:00:00,27.93338,24.85495,1007.3169,-0.91672325,0.94302076,0.97584903,83.38897,0.0
2021-04-14 00:00:00,27.887726,24.522003,1005.0444,0.071082115,0.16552114,0.5965704,81.96422,0.0049471855
2021-04-14 06:00:00,33.437286,22.917328,1006.8275,-0.77087307,1.4947338,0.91204077,54.180813,0.087077804
2021-04-14 12:00:00,30.166718,23.23648,1003.35065,-2.8643875,1.5612106,0.9352753,66.49348,0.0
2021-04-14 18:00:00,27.740814,24.16803,1006.33813,-0.33937454,1.7943525,0.9944206,80.93552,0.5806803
2021-04-15 00:00:00,26.031525,23.60675,1005.22815,1.0208066,0.12198162,1.0,86.522255,0.0
2021-04-15 06:00:00,31.485138,23.123047,1006.8144,0.97277755,-0.11713791,0.8672509,61.249126,0.01716011
2021-04-15 12:00:00,28.782684,24.235168,1002.6231,-2.6524506,0.6745653,0.90843534,76.48124,0.9097677
2021-04-15 18:00:00,26.483551,23.3573,1006.2706,-0.2889166,1.1423745,0.9909116,82.98498,0.08387613
2021-04-16 00:00:00,26.081024,23.17871,1004.10565,0.43243682,0.95342374,0.98770285,84.06951,0.0
2021-04-16 06:00:00,33.338287,23.841583,1005.5631,0.7070144,1.609014,0.9873019,57.60763,0.046158783
2021-04-16 12:00:00,33.6044,23.727814,1001.7356,-1.879816,2.0176558,0.9837075,56.367977,0.0
2021-04-16 18:00:00,28.23935,25.166382,1005.82935,0.36964613,2.5901146,0.96725017,83.45051,0.0
2021-04-17 00:00:00,27.477661,24.60022,1004.34314,0.96457493,1.039171,0.8432635,84.34608,0.0
2021-04-17 06:00:00,35.58658,22.36502,1005.8675,0.72437775,1.1376083,0.85835516,46.492702,0.0
2021-04-17 12:00:00,35.276764,22.24173,1002.1981,-2.0240574,1.5374441,0.4242651,46.94178,0.009629875
2021-04-17 18:00:00,29.461487,25.60617,1006.535,-0.19392198,3.0569763,0.95991623,79.8046,0.0
2021-04-18 00:00:00,28.285126,25.686401,1006.205,0.36679703,1.1227757,0.928093,85.84094,0.0
2021-04-18 06:00:00,35.606964,23.135101,1006.91876,0.5608573,1.4801679,0.10056059,48.660385,0.002289191
2021-04-18 12:00:00,34.65091,23.176544,1003.15625,-1.9007511,3.0495791,0.1535492,51.433872,0.0
2021-04-18 18:00:00,29.517792,25.377045,1006.3875,0.6902403,3.100668,0.98908263,78.470535,0.0
2021-04-19 00:00:00,28.666412,24.592438,1004.35,1.1815784,2.301502,0.9251446,78.663864,0.0
2021-04-19 06:00:00,36.389313,22.250153,1004.9319,1.4790936,0.73952705,0.48655438,44.174213,0.0
2021-04-19 12:00:00,35.989655,21.94522,1000.67,-1.6223221,3.101445,0.17723846,44.323597,0.0
2021-04-19 18:00:00,29.807251,25.31369,1004.08374,0.20974407,3.2043552,0.38459373,76.88281,0.0
2021-04-20 00:00:00,28.144196,25.527435,1002.9462,0.58683264,1.7786403,0.619834,85.73534,0.0
2021-04-20 06:00:00,35.44583,22.756012,1004.09436,1.4568197,0.39002472,0.9753387,47.981102,0.0
2021-04-20 12:00:00,35.49991,22.227325,1000.33124,-1.6840096,2.4879608,0.9203886,46.325893,0.0
2021-04-20 18:00:00,30.144958,25.337677,1004.01874,-0.3016081,2.4892979,0.8925022,75.51274,0.0
2021-04-21 00:00:00,28.668274,25.409027,1004.3162,0.64853346,1.904726,0.36746383,82.57957,0.0
2021-04-21 06:00:00,36.157867,22.589996,1005.4369,0.62769127,0.5695982,0.4211726,45.672997,0.0
2021-04-21 12:00:00,34.53824,23.621368,1001.90875,-3.418168,3.1764565,0.25483704,53.16496,0.0
2021-04-21 18:00:00,29.679504,25.238617,1005.6287,0.30932832,3.085515,0.4825011,77.105095,0.0
2021-04-22 00:00:00,27.985962,25.611511,1004.71814,0.017313242,1.2637333,0.09783015,86.96267,0.0
2021-04-22 06:00:00,35.979156,22.626434,1005.2875,-0.39827728,0.81887835,0.41801113,46.226154,0.0
2021-04-22 12:00:00,34.12686,23.524323,1002.02563,-3.1993313,3.7631893,0.2210413,54.079514,0.0
2021-04-22 18:00:00,29.369263,24.60672,1005.6669,0.21036536,2.5127392,0.8857586,75.59279,0.0
2021-04-23 00:00:00,28.093262,25.839508,1004.9462,0.0042276382,1.2947216,0.54348063,87.59676,0.0
2021-04-23 06:00:00,36.34256,22.957977,1005.16376,0.9515942,0.27119756,0.9610911,46.232067,0.0026701018
2021-04-23 12:00:00,34.97159,22.661041,1000.98065,-2.6396523,2.172248,0.955823,48.973797,0.0
2021-04-23 18:00:00,30.48349,24.572418,1005.27435,-0.027993202,2.2041576,0.938282,70.75711,0.0
2021-04-24 00:00:00,28.7388,24.90738,1004.1725,0.67836857,1.009057,0.9372354,79.821846,0.02841279
2021-04-24 06:00:00,35.078644,22.508148,1004.2469,-0.32026672,0.54757583,0.933261,48.23439,0.0
2021-04-24 12:00:00,34.210236,21.951813,1001.0069,-3.4046812,1.5370312,0.65515196,48.932816,0.03994815
2021-04-24 18:00:00,29.409088,24.735016,1005.1838,-0.7113781,1.8169451,0.23622894,75.999794,0.0
2021-04-25 00:00:00,28.256897,25.121185,1003.865,-0.22143078,1.3358488,0.34422624,83.141174,0.10545412
2021-04-25 06:00:00,34.071686,23.292267,1005.0825,-0.91564083,1.5140953,0.25304133,53.491966,0.0
2021-04-25 12:00:00,34.069977,24.295685,1001.14685,-2.7477703,2.453834,0.23149109,56.82606,0.0
2021-04-25 18:00:00,29.48227,25.125519,1004.2675,-1.369051,2.096058,0.88714206,77.46323,0.0
2021-04-26 00:00:00,28.895752,25.31488,1003.45685,-0.06408119,1.2756848,0.69167227,81.04272,0.26625705
2021-04-26 06:00:00,34.951813,23.429718,1004.5744,-0.7838669,1.9580534,0.5511849,51.361435,0.0
2021-04-26 12:00:00,33.458527,24.6456,1000.77313,-2.1444216,2.089797,0.40927365,60.04681,0.10895729
2021-04-26 18:00:00,29.76178,25.263824,1004.3681,-0.6307545,2.5637197,0.7610922,76.855896,0.0
2021-04-27 00:00:00,28.575165,25.849884,1003.59814,0.83502346,1.0944765,0.15253037,85.2279,0.002194196
2021-04-27 06:00:00,35.37039,22.175568,1004.8475,-0.054429054,1.2185347,0.12081374,46.51171,0.0
2021-04-27 12:00:00,34.179718,22.598053,1001.45374,-2.7793589,2.2775571,0.29665443,50.982117,0.0
2021-04-27 18:00:00,29.745544,25.662933,1005.3187,-0.3455248,2.5303116,0.2750102,78.77381,0.0
2021-04-28 00:00:00,28.280731,26.127533,1004.9431,0.09972799,1.4703648,0.19365332,88.13551,0.0
2021-04-28 06:00:00,36.44864,22.22232,1005.39935,-0.16642284,0.9310322,0.20112553,43.95618,0.0
2021-04-28 12:00:00,35.91397,22.396881,1000.8681,-2.904994,1.6075708,0.07304382,45.749874,0.0
2021-04-28 18:00:00,30.07843,25.47348,1005.035,-0.48971987,2.8024511,0.027979773,76.41609,0.0
2021-04-29 00:00:00,29.157532,26.302277,1004.155,0.27729243,0.89470017,0.45311433,84.6347,0.0
2021-04-29 06:00:00,36.519928,21.935211,1004.6844,-0.6363802,0.31231636,0.6195376,43.025257,0.0
2021-04-29 12:00:00,35.545563,23.315826,1000.4856,-3.216855,2.3638945,0.39090484,49.36159,0.0
2021-04-29 18:00:00,30.44751,26.13031,1003.95435,-0.44548702,2.5778618,0.90957,77.78558,0.0
2021-04-30 00:00:00,29.50644,25.462433,1002.885,-0.6903037,-0.037342012,0.35422242,78.92145,0.008109957
2021-04-30 06:00:00,35.235992,23.601593,1004.27435,-2.3602905,0.8221626,0.30190957,51.08617,0.035669655
2021-04-30 12:00:00,34.265778,23.887604,1000.71185,-3.0986414,1.1688495,0.26174927,54.849007,0.0
2021-04-30 18:00:00,29.203156,25.743317,1003.90686,-1.2860498,1.4734659,0.71797884,81.66566,0.0
2021-05-01 00:00:00,28.682709,25.465973,1003.2444,-0.18410397,0.73794425,0.39443082,82.790146,0.054929703
2021-05-01 06:00:00,34.74356,23.651031,1004.33124,-2.65559,0.87184286,0.6478715,52.655975,0.0579954
2021-05-01 12:00:00,33.57498,23.596313,1001.65436,-2.3473892,2.0482826,0.63417196,56.015533,0.19290632
2021-05-01 18:00:00,29.670227,24.93863,1004.9294,-1.0623779,0.91758144,0.94561154,75.77963,0.0
2021-05-02 00:00:00,28.643616,24.680908,1003.8237,0.29906082,1.0239167,0.9082298,79.18571,0.0001899898
2021-05-02 06:00:00,34.441193,23.135895,1004.8475,-2.1633978,0.39322817,0.6899553,51.90932,0.09078747
2021-05-02 12:00:00,32.698517,23.90506,1001.39685,-3.2417765,1.4841043,0.76300955,59.945328,0.0
2021-05-02 18:00:00,29.722015,25.226227,1004.09064,-1.61094,0.52385914,0.9677407,76.85989,0.0
2021-05-03 00:00:00,28.215912,24.797607,1003.445,-0.36934662,1.0026395,0.6956768,81.7469,0.060310952
2021-05-03 06:00:00,34.872345,23.455078,1004.3625,-1.8993797,0.7867243,0.97018665,51.667233,0.0
2021-05-03 12:00:00,33.52957,23.573517,1000.605,-3.355091,1.8254621,0.608654,56.08105,0.43032318
2021-05-03 18:00:00,29.342834,24.559418,1004.16437,-0.81743336,1.5330601,0.98757637,75.494316,0.0
2021-05-04 00:00:00,27.93863,24.750488,1003.2431,0.5147048,1.7493296,0.79354876,82.845116,0.20559877
2021-05-04 06:00:00,34.67862,23.858063,1004.23,-0.6950178,1.8888645,0.98764056,53.508728,0.0
2021-05-04 12:00:00,32.72867,24.389374,1000.21814,-3.3762255,2.9766808,0.84759015,61.608177,0.4945909
2021-05-04 18:00:00,29.125702,24.367157,1004.59125,0.08428764,1.7284613,0.97178286,75.57268,0.0
2021-05-05 00:00:00,27.91806,24.40094,1002.5031,0.89571476,-0.23883212,0.9445035,81.22846,0.0
2021-05-05 06:00:00,35.04959,22.846344,1003.955,-2.0166025,0.58708125,0.41070092,49.313576,0.035665866
2021-05-05 12:00:00,33.2045,23.37735,1000.5644,-4.057584,1.6780939,0.799141,56.44086,0.0
2021-05-05 18:00:00,28.804108,25.329437,1004.7125,-1.1521225,1.2107921,0.83690745,81.544815,0.0
2021-05-06 00:00:00,29.001617,24.959656,1003.3756,-0.016394615,0.25944215,0.28496218,78.86119,0.038716476
2021-05-06 06:00:00,34.016266,24.51651,1005.3169,-2.1064968,0.9808469,0.31295776,57.755367,0.13894653
2021-05-06 12:00:00,33.450836,24.778229,1001.6213,-2.7720032,1.1278033,0.20448583,60.550644,0.0
2021-05-06 18:00:00,29.099854,25.487549,1005.1262,-1.4958286,1.051717,0.26155072,80.91722,0.0027685873
2021-05-07 00:00:00,27.855408,24.976318,1004.2481,0.5865984,0.74682295,0.42570454,84.37803,0.412646
2021-05-07 06:00:00,34.984528,23.930573,1006.1331,-2.8103323,1.0248436,0.9199263,52.838104,0.0
2021-05-07 12:00:00,32.485138,23.974152,1002.3719,-3.9384718,1.0317593,0.51796967,60.92332,0.05587011
2021-05-07 18:00:00,28.21286,25.207642,1006.0588,-1.0337791,0.41561526,0.38924205,83.78485,0.0
2021-05-08 00:00:00,28.19397,24.770203,1003.8731,0.23900414,-0.5403336,0.9658083,81.717545,0.014598973
2021-05-08 06:00:00,33.650665,25.38852,1004.89624,-1.9990816,0.20156741,0.7227764,62.094368,0.04872351
2021-05-08 12:00:00,33.15274,22.81015,1000.95374,-4.1542845,0.9160796,0.5920977,54.696266,0.0
2021-05-08 18:00:00,29.030273,24.763824,1004.41064,-1.3407488,-0.33036852,0.14588,77.81562,0.0
2021-05-09 00:00:00,28.451172,24.487885,1002.3656,0.19772339,-0.27100402,0.102428496,79.15656,0.0016218983
2021-05-09 06:00:00,34.5076,23.836456,1003.9288,-1.5839729,0.7229993,0.43393815,53.949566,0.06866792
2021-05-09 12:00:00,31.937286,24.579407,1000.0712,-2.0173645,1.4742894,0.7740158,65.1618,0.0
2021-05-09 18:00:00,29.211761,25.219513,1003.5506,-0.7928486,1.869401,0.5962207,79.12413,0.0
2021-05-10 00:00:00,28.519043,24.898987,1001.9913,0.90890634,1.0598769,0.8860749,80.80601,0.007919967
2021-05-10 06:00:00,34.17337,23.937042,1003.5425,-0.5128708,1.7917128,0.6551944,55.29625,0.046447087
2021-05-10 12:00:00,34.07852,24.210724,1000.09064,-2.0498676,2.9679976,0.62312174,56.510376,0.0
2021-05-10 18:00:00,29.433746,25.194427,1003.14,-0.07972878,2.8565369,0.79708546,77.99979,0.0
2021-05-11 00:00:00,28.478271,25.288818,1002.17377,0.42406955,2.649784,0.96198666,82.90093,0.0
2021-05-11 06:00:00,35.629913,23.592194,1002.8744,1.4094748,2.2790146,0.35393763,49.958256,0.0032428652
2021-05-11 12:00:00,34.962555,25.082062,998.8775,-1.4232931,4.5107393,0.19860905,56.67645,0.019362196
2021-05-11 18:00:00,30.342194,25.403992,1002.84814,0.3856358,3.4490767,0.94018155,74.9583,0.0
2021-05-12 00:00:00,28.892761,25.436829,1001.4431,0.47651982,2.1594954,0.9999999,81.6466,0.0
2021-05-12 06:00:00,35.241608,24.2753,1001.3731,0.32035637,1.2708693,0.9958439,53.18045,0.0016242266
2021-05-12 12:00:00,34.652496,24.471832,997.6275,-1.5869446,3.352253,0.98871315,55.59644,0.019256026
2021-05-12 18:00:00,30.227936,25.677551,1000.88873,-0.014313877,3.6431847,0.9668071,76.68667,0.0042881686
2021-05-13 00:00:00,29.333405,25.432281,999.9469,0.3867761,2.2093976,0.9989382,79.57069,0.0
2021-05-13 06:00:00,36.91617,23.384064,1001.1281,0.5697689,0.9482494,0.9694427,45.971115,0.0
2021-05-13 12:00:00,32.484528,25.202972,998.1825,-2.2977428,3.1972628,0.9725214,65.571495,0.0
2021-05-13 18:00:00,28.648468,25.750885,1001.8688,0.92687565,2.0279543,0.97776335,84.36951,0.5715637
2021-05-14 00:00:00,28.4328,25.060394,999.89374,-0.18153125,0.69998926,0.998218,81.99737,0.0
2021-05-14 06:00:00,35.897736,23.350983,1000.15814,1.0576686,1.9689178,0.98650837,48.515434,0.0010491349
2021-05-14 12:00:00,32.714386,24.353912,997.3638,0.62351894,4.694933,0.88583785,61.526917,0.019246247
2021-05-14 18:00:00,30.008484,22.38272,999.85376,1.5709105,4.974619,1.0,63.71654,0.0
2021-05-15 00:00:00,28.150787,22.482574,999.1381,2.1577172,3.3595428,1.0,71.37722,0.0007636845
2021-05-15 06:00:00,32.467804,22.716583,1000.5419,2.0464087,4.485428,1.0,56.52485,0.12433156
2021-05-15 12:00:00,30.559906,25.411835,997.8019,1.0629338,2.9807558,1.0,74.06402,0.62586266
2021-05-15 18:00:00,28.043488,24.37558,1000.1775,1.7551451,2.927598,0.72769177,80.51408,0.0
2021-05-16 00:00:00,27.66507,23.267975,999.7625,0.5996406,1.7032807,0.99933505,77.00717,0.0
2021-05-16 06:00:00,35.072052,22.572968,1001.7125,1.9716029,2.6653795,0.6496388,48.44232,0.0035287812
2021-05-16 12:00:00,32.010406,24.707306,999.0175,2.2962666,1.1805823,0.44868177,65.39057,1.2826566
2021-05-16 18:00:00,28.260895,25.31308,1001.605,0.6376845,1.3196163,0.22047885,84.07676,0.0
2021-05-17 00:00:00,28.198639,22.894318,1001.5588,1.1663601,1.6429406,0.15856117,72.97888,0.0
2021-05-17 06:00:00,35.98587,23.2612,1002.58936,0.60364294,1.4844531,0.03667157,48.01963,0.011253636
2021-05-17 12:00:00,35.320953,24.223785,999.2431,-0.6121416,2.5418797,0.34700012,52.784348,0.020876992
2021-05-17 18:00:00,29.115204,25.526215,1003.10065,-0.2683729,3.3119383,0.36158127,81.0313,0.0
2021-05-18 00:00:00,29.102844,25.337982,1001.7537,-0.14761746,1.9131911,0.32007056,80.18716,0.0
2021-05-18 06:00:00,35.78177,23.685577,1002.8175,1.2384267,1.4510059,0.13026781,49.8212,0.0030538067
2021-05-18 12:00:00,36.88492,23.548737,999.29565,-0.7853975,2.7441254,0.5176375,46.509327,0.05455222
2021-05-18 18:00:00,29.790161,25.7482,1002.22687,0.04778552,3.4709969,0.30206543,78.97014,0.0
2021-05-19 00:00:00,29.413513,24.989166,1001.345,0.6527516,1.5008836,0.08101432,77.14168,0.0
2021-05-19 06:00:00,36.41043,23.528168,1002.02124,1.308642,1.6584337,0.29460955,47.67446,0.001907465
2021-05-19 12:00:00,33.658234,24.421783,998.7531,-1.4452753,3.9975529,0.42955375,58.589275,0.0022946624
2021-05-19 18:00:00,28.766388,24.229706,1002.27374,1.9042432,1.6162205,0.37765282,76.52846,0.0
2021-05-20 00:00:00,28.25821,23.234955,1001.5669,1.8134997,1.370776,0.59843737,74.2404,0.002771616
2021-05-20 06:00:00,35.775787,22.077179,1002.8331,1.9855791,1.811105,0.88796693,45.210938,0.00820381
2021-05-20 12:00:00,30.592682,23.935394,1000.28,2.055494,3.0248475,0.9930924,67.68133,1.5812136
2021-05-20 18:00:00,28.279816,23.940704,1002.8169,0.17096847,1.9330568,0.9946547,77.36824,0.0
2021-05-21 00:00:00,26.779816,24.024994,1002.08374,1.051727,1.3613751,1.0,84.8945,0.38571003
2021-05-21 06:00:00,32.602203,24.040741,1003.34314,3.4843664,1.9476987,0.78938776,60.76493,0.0
2021-05-21 12:00:00,31.408112,22.589447,1000.7775,2.4519095,2.5301476,1.0,59.560883,0.33077326
2021-05-21 18:00:00,26.91391,24.417816,1003.04,0.75026613,1.7738963,0.9986625,86.23544,0.0
2021-05-22 00:00:00,28.334747,22.278107,1001.32,2.04817,1.2410681,1.0,69.7445,0.0
2021-05-22 06:00:00,34.256744,22.7836,1003.21686,3.038643,1.6940336,1.0000001,51.338375,0.0
2021-05-22 12:00:00,33.70096,24.445892,999.4269,1.912328,3.5937872,1.0,58.533867,0.08159876
2021-05-22 18:00:00,28.428467,24.940216,1001.8825,1.833643,1.9302974,0.99536157,81.43246,0.0
2021-05-23 00:00:00,28.286774,22.994598,1000.41876,3.451231,2.2061954,1.0,73.04764,0.0
2021-05-23 06:00:00,33.09378,22.253143,1002.66626,4.0161915,0.20211601,1.0,53.052223,0.0076293945
2021-05-23 12:00:00,33.37503,21.88919,999.275,0.8259322,2.1186695,1.0000004,51.075817,0.0
2021-05-23 18:00:00,29.255554,25.997284,1002.8644,1.8792276,3.1122587,1.0,82.65289,0.1636222
2021-05-24 00:00:00,29.133942,23.72287,1000.67377,3.4291496,1.6203932,1.0,72.67007,0.0
2021-05-24 06:00:00,37.094147,21.035797,1001.17065,4.824912,-0.70566463,1.0,39.461266,0.006104325
2021-05-24 12:00:00,37.97061,19.097565,998.0494,2.7700233,0.8336113,1.0,33.371063,0.0
2021-05-24 18:00:00,32.093597,21.86258,1001.0556,3.9451084,2.1698387,1.0,54.809517,0.0
2021-05-25 00:00:00,29.672058,22.118683,999.79565,3.419138,3.0211763,1.0,63.926052,0.0
2021-05-25 06:00:00,37.052765,21.002716,1001.02313,4.3350124,1.2868525,1.0,39.470222,0.0050556846
2021-05-25 12:00:00,37.08609,20.426178,997.7725,2.4848144,3.1902103,1.0,38.02435,0.060223263
2021-05-25 18:00:00,28.547272,23.59903,1001.90436,2.7215662,1.0377836,1.0,74.624504,0.0
2021-05-26 00:00:00,27.472748,23.43988,999.47375,3.56421,2.5005007,0.99663144,78.69071,0.069823116
2021-05-26 06:00:00,35.16092,22.296173,999.5925,6.3722878,1.1339574,0.99162734,47.400387,0.0
2021-05-26 12:00:00,35.46634,20.756256,997.0662,4.3754845,2.0226545,0.9992127,42.415077,0.0
2021-05-26 18:00:00,29.519684,21.596954,1001.0644,4.1716814,2.793169,0.90507454,62.468315,0.0
2021-05-27 00:00:00,28.691864,22.007233,999.59937,4.1342335,1.8537291,0.031809922,67.194664,0.0
2021-05-27 06:00:00,37.09561,20.095612,1000.02563,5.685606,-0.63145065,0.7560376,37.236214,0.0
2021-05-27 12:00:00,38.74698,18.874908,997.2275,2.4581308,-0.014073372,0.8453844,31.557127,0.003051944
2021-05-27 18:00:00,31.411469,19.8815,1001.08,4.516967,1.2604446,0.41178477,50.436634,0.0
2021-05-28 00:00:00,30.13089,21.305573,1000.41876,3.4935017,0.26490688,0.8592566,59.24332,0.0
2021-05-28 06:00:00,37.439606,17.454254,1001.3181,4.1706944,-0.9278822,0.60625154,30.983746,0.0
2021-05-28 12:00:00,39.522125,15.048492,998.39124,2.445979,-0.10949898,0.5235168,23.750908,0.0
2021-05-28 18:00:00,31.398651,21.54422,1002.3631,1.2751818,3.5079074,0.82192695,55.91494,0.0
2021-05-29 00:00:00,29.647736,22.42978,1001.2944,3.2205553,0.73343277,0.9887601,65.239136,0.0
2021-05-29 06:00:00,37.51651,20.589508,1001.83124,3.3084607,0.35871506,0.99008006,37.5187,0.0
2021-05-29 12:00:00,37.37686,19.197906,999.1781,2.5174866,2.1629524,0.8553415,34.68191,0.011442229
2021-05-29 18:00:00,31.490143,20.809845,1002.8844,3.1104918,2.378253,0.2041181,53.173935,0.0
2021-05-30 00:00:00,29.445526,21.656769,1001.4525,3.1650887,0.24311543,0.87969387,62.965965,0.0
2021-05-30 06:00:00,37.75479,20.708038,1001.53186,3.6247268,-0.65964603,0.0262146,37.30716,0.0
2021-05-30 12:00:00,39.015533,19.102814,998.27625,1.1718578,0.53415805,0.559445,31.549088,0.00047683716
2021-05-30 18:00:00,30.185638,21.875763,1002.57623,3.2990913,1.4855042,0.56469274,61.15361,0.36101043
2021-05-31 00:00:00,29.554993,21.401154,1001.08435,2.2920256,0.5771599,0.99087644,61.598557,0.0
2021-05-31 06:00:00,37.481842,21.011993,1000.22565,3.7524705,0.22396618,0.77533525,38.579624,0.0003814057
2021-05-31 12:00:00,38.57242,19.539581,996.9462,2.8036356,1.4324,0.41639388,33.20239,0.00095329597
2021-05-31 18:00:00,32.344757,21.376495,1000.9556,2.8107252,2.0760202,0.56704044,52.45406,0.0
2021-06-01 00:00:00,29.066132,22.078278,1000.6625,3.667241,0.5084295,0.6579842,66.03877,0.0
2021-06-01 06:00:00,37.456696,21.205963,1000.9994,2.9777153,0.17557496,0.57943374,39.095264,0.0
2021-06-01 12:00:00,38.31143,20.942413,997.92,0.103245735,2.0159662,0.5946477,36.72374,0.002771616
2021-06-01 18:00:00,31.686981,23.142365,1001.46375,0.87930286,2.633133,0.27586216,60.62172,0.0
2021-06-02 00:00:00,30.189148,21.68155,1001.2031,2.4205222,0.84884167,0.14288718,60.420235,0.0
2021-06-02 06:00:00,37.06192,22.534454,1000.6969,1.3119717,-0.39969027,0.2048645,43.320038,0.0
2021-06-02 12:00:00,36.441315,21.484894,998.7294,-2.8183317,2.1205826,0.41963196,42.038124,0.0061028404
2021-06-02 18:00:00,29.358307,24.392365,1002.5481,0.7783113,2.8444536,0.34286553,74.6765,0.118545376
2021-06-03 00:00:00,28.999512,24.234406,1001.4338,0.67461514,1.4180145,0.8578824,75.523155,0.0
2021-06-03 06:00:00,36.978424,23.002594,1002.08435,0.72321224,0.47570503,0.6294495,44.770866,0.0005721813
2021-06-03 12:00:00,34.97818,23.820343,999.6431,-3.2603989,2.6345606,0.9196519,52.507557,0.008007162
2021-06-03 18:00:00,28.942596,25.443207,1004.0744,0.8251581,1.3263998,0.92053604,81.44216,0.18611616
2021-06-04 00:00:00,28.52246,24.865875,1003.1394,0.00044345856,0.41559696,0.9593166,80.63046,0.0
2021-06-04 06:00:00,35.016754,24.259308,1003.9369,0.6909685,-0.35462666,0.9703135,53.79498,0.098613515
2021-06-04 12:00:00,31.417389,24.059967,1000.73627,-2.5218353,1.9457018,0.89447826,65.05636,0.6252849
2021-06-04 18:00:00,26.537354,24.675903,1004.2556,0.48670644,-0.24754351,0.93804497,89.540054,0.039084554
2021-06-05 00:00:00,27.631409,25.01062,1002.735,-0.50498545,0.43554133,0.98980874,85.6645,0.0
2021-06-05 06:00:00,31.791046,24.307465,1004.4456,1.3712449,1.8119488,0.98380274,64.643074,0.07429143
2021-06-05 12:00:00,32.50711,23.236908,1001.1294,0.46282935,3.6115627,0.90661293,58.20429,0.0
2021-06-05 18:00:00,26.700775,24.12561,1004.4256,0.36627388,1.3193476,0.9692631,85.80713,0.00667572
2021-06-06 00:00:00,26.275421,23.447723,1003.27313,1.7102647,1.5411116,0.99711907,84.47011,0.0
2021-06-06 06:00:00,32.083527,23.041473,1004.3013,2.7669287,0.3174181,0.98076695,58.91393,0.00286242
2021-06-06 12:00:00,34.271393,22.446198,1000.66815,1.4021254,1.8091097,0.9941845,50.256653,0.0
2021-06-06 18:00:00,28.835602,24.467438,1003.60565,1.0324006,3.219902,0.7219352,77.31546,0.0
2021-06-07 00:00:00,27.956024,24.51242,1002.7537,1.2902917,1.4526029,0.882852,81.59146,0.0
2021-06-07 06:00:00,34.734406,23.185638,1003.1375,2.4780471,0.58897984,0.91637,51.224083,0.004004687
2021-06-07 12:00:00,35.564972,22.945587,999.91437,0.4689598,2.3851357,0.3259666,48.21721,0.0041001476
2021-06-07 18:00:00,28.828217,25.195526,1003.33,0.63056505,3.399931,0.9490329,80.78462,0.0
2021-06-08 00:00:00,28.836395,24.96231,1001.41437,2.0830698,1.7758543,0.7808107,79.63203,0.0
2021-06-08 06:00:00,34.236603,24.609406,1002.7644,1.5765598,0.7070483,0.81427103,57.368023,0.009536743
2021-06-08 12:00:00,31.59433,24.489777,1000.4506,0.06412411,0.99251014,0.9313245,66.08647,0.075519085
2021-06-08 18:00:00,28.733704,25.31668,1003.04126,0.7152991,2.9704084,0.95239544,81.81624,0.0
2021-06-09 00:00:00,28.193481,22.441925,1000.8375,2.5180702,0.9452865,0.97545576,71.02431,0.0
2021-06-09 06:00:00,34.886017,21.45108,1001.7625,3.5952196,0.53267294,0.434501,45.708187,0.0
2021-06-09 12:00:00,35.95633,20.284943,998.3113,1.9378414,1.1530521,0.9341793,40.102062,0.0
2021-06-09 18:00:00,30.730621,22.066315,1002.3106,2.630567,2.5197933,1.0,59.967457,0.0015255064
2021-06-10 00:00:00,28.714447,22.047394,999.6669,2.9654627,0.91589135,0.6227477,67.27122,0.0
2021-06-10 06:00:00,36.106964,21.300018,1000.35626,3.9985876,0.4132107,0.99999905,42.334793,0.0
2021-06-10 12:00:00,35.811188,20.901886,997.84436,3.0651245,-0.52267617,0.9310275,41.990475,0.0
2021-06-10 18:00:00,30.478668,23.055695,1001.5756,2.5322514,2.8016791,0.98157495,64.60504,0.0
2021-06-11 00:00:00,29.056732,21.935455,999.63,3.5910416,0.86090344,0.9838974,65.50178,0.0
2021-06-11 06:00:00,34.559357,20.825592,1000.8856,4.5460234,0.7805931,0.9990588,44.79169,0.0
2021-06-11 12:00:00,36.31302,19.019073,998.1287,3.9009638,0.13211727,0.94342047,36.351852,0.0
2021-06-11 18:00:00,30.589813,21.867096,1001.2,2.6305091,2.613597,0.9999999,59.722115,0.0
2021-06-12 00:00:00,28.686188,22.051727,1000.0594,4.055952,1.0308511,0.963107,67.39937,0.0
2021-06-12 06:00:00,35.94803,21.82138,1000.53687,5.215493,0.9537971,0.19145727,44.090725,0.0019069994
2021-06-12 12:00:00,34.818634,20.682892,998.085,4.6892004,0.5764042,0.87174,43.765232,0.04604494
2021-06-12 18:00:00,27.385956,24.648895,1002.6219,3.3888578,1.074101,1.0,85.04737,0.944983
2021-06-13 00:00:00,27.160065,22.856537,1000.3869,3.3581772,1.7191181,0.9999996,77.36883,0.0
2021-06-13 06:00:00,33.53946,22.440582,1001.01874,5.936141,0.46693295,0.9791934,52.335762,0.0
2021-06-13 12:00:00,34.860992,20.176544,998.3713,4.7131624,1.4313724,1.0000002,42.319332,0.019356608
2021-06-13 18:00:00,29.376984,22.08371,1001.45935,4.5563993,1.5852805,0.83098984,64.88457,0.0
2021-06-14 00:00:00,28.15097,21.67752,1001.03,4.8129463,2.5043774,0.9942714,67.95908,0.0
2021-06-14 06:00:00,31.015045,22.419708,1001.3775,7.058011,1.2913307,1.0000002,60.284412,0.0686571
2021-06-14 12:00:00,31.793732,20.766632,999.0131,5.71286,1.2332611,1.0000005,52.126484,0.0
2021-06-14 18:00:00,28.916046,20.955353,1001.1975,4.851763,1.535998,1.0,62.190605,0.0
2021-06-15 00:00:00,28.19339,21.44455,999.73376,3.2804575,2.4542809,0.96521294,66.83198,0.0
2021-06-15 06:00:00,34.881256,21.193024,1000.4356,6.790208,1.7063494,0.99004376,45.002785,0.0016205013
2021-06-15 12:00:00,35.22867,20.592926,997.71375,5.2075405,1.2335789,0.8711474,42.545776,0.0
2021-06-15 18:00:00,29.265228,21.750153,1001.2025,5.014572,1.1911323,0.9788036,63.988953,0.0
2021-06-16 00:00:00,28.508942,21.784454,1000.6944,3.548666,1.8393061,0.69845057,66.994965,0.0
2021-06-16 06:00:00,35.299103,21.239044,1001.6163,6.7784204,1.2650139,0.33747274,44.097782,0.0
2021-06-16 12:00:00,34.883453,21.124664,998.97626,6.2187395,1.1040637,0.5364063,44.808933,0.030986965
2021-06-16 18:00:00,28.993378,21.771759,1002.6319,5.1493683,0.88783836,0.8418098,65.08868,0.0
2021-06-17 00:00:00,28.90689,21.944122,1001.7394,3.6345806,1.6930586,0.9062534,66.10738,0.0
2021-06-17 06:00:00,35.578766,21.113556,1002.28125,6.2330494,1.1968784,1.0000002,43.088757,0.0
2021-06-17 12:00:00,35.595978,19.77835,999.83685,5.431817,1.078665,0.95910716,39.64355,0.029362738
2021-06-17 18:00:00,29.363007,21.677887,1003.15436,5.0867233,1.1867208,0.985532,63.348263,0.0
2021-06-18 00:00:00,28.775604,21.895905,1002.48315,4.0428343,1.4681827,0.9585878,66.416534,0.0
2021-06-18 06:00:00,34.988556,20.7128,1003.73065,6.0479927,1.3861153,1.0,43.43474,0.0
2021-06-18 12:00:00,36.158966,18.244537,1001.15125,5.306008,0.87190115,1.0,34.92669,0.0
2021-06-18 18:00:00,30.105011,19.222076,1004.8325,4.2304873,0.7357416,1.0,52.16467,0.0
2021-06-19 00:00:00,28.913605,21.575043,1003.95123,3.2364407,0.6939154,0.9989383,64.60838,0.0
2021-06-19 06:00:00,36.124664,20.28598,1004.87,4.8397856,0.87387776,0.993933,39.73506,0.0
2021-06-19 12:00:00,36.143707,20.188873,1001.84937,4.716813,1.2588038,0.7163182,39.455994,0.002861023
2021-06-19 18:00:00,30.290497,20.178864,1005.33563,3.1920187,1.6456432,0.99999994,54.769493,0.0
2021-06-20 00:00:00,28.44983,22.183563,1004.3169,2.9488802,0.54597664,0.9861986,68.88182,0.0
2021-06-20 06:00:00,37.120514,20.608124,1004.78125,3.7472143,0.08474159,0.4876082,38.381195,1.891749e-07
2021-06-20 12:00:00,37.723785,19.645294,1001.2525,2.8411646,-0.17801762,0.2877354,34.99353,0.0072480617
2021-06-20 18:00:00,31.279694,21.07901,1004.48315,2.3921804,2.3271642,0.18287784,54.71203,0.0
2021-06-21 00:00:00,29.210358,22.118317,1003.71124,2.3473463,1.5892234,0.6660958,65.6503,0.0
2021-06-21 06:00:00,36.81314,20.82022,1003.5737,3.9336624,0.36791354,0.19445097,39.54429,0.0
2021-06-21 12:00:00,38.50064,19.651398,999.59937,2.0000458,0.59356606,0.48081988,33.563656,0.0
2021-06-21 18:00:00,30.221924,21.925323,1003.1294,2.498451,2.5340629,0.5578584,61.21127,0.18719584
2021-06-22 00:00:00,28.540344,21.962677,1002.1775,1.7353134,0.7901907,0.9463204,67.604294,0.0
2021-06-22 06:00:00,34.935577,21.62442,1003.345,2.2759414,-1.2129984,0.9982182,46.068832,0.015257858
2021-06-22 12:00:00,36.81192,20.151764,999.71185,0.1764946,0.63570684,1.0,37.949482,0.0
2021-06-22 18:00:00,30.387787,23.889313,1003.17126,0.16007328,4.0644245,1.0,68.29056,0.0
2021-06-23 00:00:00,28.727997,23.181244,1001.8544,2.130906,1.896411,0.97721076,72.007416,0.0
2021-06-23 06:00:00,35.34561,22.0878,1002.6094,2.1547084,0.9504559,1.0000001,46.32708,0.005435897
2021-06-23 12:00:00,33.20096,23.198395,1000.10815,-0.29655278,4.133564,0.9993317,55.84529,0.0
2021-06-23 18:00:00,29.12967,24.234955,1003.8056,1.4011831,2.4319372,0.9800781,74.95908,0.0
2021-06-24 00:00:00,27.22409,23.467377,1002.2537,2.9673624,0.97887707,0.99755305,79.97809,0.0
2021-06-24 06:00:00,34.174225,22.608795,1003.46564,2.954033,-0.5591997,0.9748849,51.030994,0.01001358
2021-06-24 12:00:00,32.301178,22.918488,1000.3713,2.34686,0.53426474,1.0,57.761677,0.29587746
2021-06-24 18:00:00,29.333221,23.425446,1003.5037,2.0684006,2.9451814,0.91337234,70.561966,0.0
2021-06-25 00:00:00,28.604767,21.005768,1001.53,2.443345,0.5970316,0.61003023,63.519775,0.0
2021-06-25 06:00:00,36.11026,19.609161,1001.8219,4.0537353,-0.38243228,0.3330943,38.13401,0.0
2021-06-25 12:00:00,37.315094,18.314117,998.1931,2.3802986,0.034572244,0.88004243,32.928776,0.0
2021-06-25 18:00:00,30.062408,22.268341,1001.41187,2.0668821,3.4067276,0.27842936,63.07907,0.0
2021-06-26 00:00:00,28.559906,21.860382,1000.7406,2.8055267,0.8699446,0.99599737,67.10734,0.0
2021-06-26 06:00:00,35.571686,19.776276,1001.15625,4.3806458,0.09346789,0.8945501,39.69161,0.0
2021-06-26 12:00:00,36.537262,18.827057,998.85126,1.8146305,-1.2719688,0.97762173,35.479683,0.0
2021-06-26 18:00:00,31.179352,20.475128,1001.985,2.964634,0.85616875,0.9596799,53.01799,0.042043626
2021-06-27 00:00:00,28.76004,21.728912,1001.5044,2.150402,0.6304159,1.0,65.80204,0.07469207
2021-06-27 06:00:00,31.991486,21.972076,1003.29,3.0796213,-0.8641052,0.9999998,55.496807,0.5272925
2021-06-27 12:00:00,34.67105,21.143707,1000.78687,1.9948044,-0.6678734,0.96843684,45.393295,0.0
2021-06-27 18:00:00,29.159363,23.183136,1003.7675,1.407063,3.0420656,0.84058434,70.23907,0.0074356794
2021-06-28 00:00:00,28.408783,20.969147,1001.825,1.3116691,0.8248539,0.8873596,64.10268,0.0
2021-06-28 06:00:00,32.928497,20.882599,1003.8681,1.1716576,-0.25249326,0.6169638,49.240616,0.0
2021-06-28 12:00:00,34.81253,21.670197,1000.4475,-0.45575047,1.8238086,0.63345015,46.5143,0.004960224
2021-06-28 18:00:00,29.462372,23.960968,1002.4963,-0.71182853,2.702509,0.2528786,72.33299,0.0
2021-06-29 00:00:00,27.697876,25.226898,1001.8862,0.34250855,2.2980306,0.8360346,86.43879,0.0
2021-06-29 06:00:00,34.519806,23.320831,1002.41815,-0.328722,2.0350327,0.99893856,52.263577,0.121410936
2021-06-29 12:00:00,33.49124,24.008575,1000.35065,-0.9635868,3.2473516,0.89286804,57.692043,0.0
2021-06-29 18:00:00,29.44226,24.706146,1002.91,0.037032843,2.9623756,0.83152294,75.72372,0.015835278
2021-06-30 00:00:00,28.115417,25.210846,1001.9969,1.048878,2.2620444,0.96450067,84.2777,0.0
2021-06-30 06:00:00,36.442047,22.181671,1001.98,2.2862844,0.9121593,0.97214705,43.863373,0.00019138679
2021-06-30 12:00:00,36.17227,22.67337,998.7575,-0.16729832,1.9908321,0.97150755,45.868362,0.0
2021-06-30 18:00:00,28.247955,25.170746,1002.26685,0.27659905,3.5088882,0.56534386,83.430374,0.13183801
2021-07-01 00:00:00,27.610687,24.725983,1000.5588,0.20136034,1.4123437,0.91099435,84.32368,0.0
2021-07-01 06:00:00,35.631744,23.726715,1001.15436,1.8117852,1.1153331,0.9968862,50.359535,0.05389205
2021-07-01 12:00:00,34.35074,23.501251,998.2388,-1.1882563,3.9699545,0.24479675,53.334934,0.0
2021-07-01 18:00:00,26.147186,23.734222,1002.5025,1.7353947,1.0321054,0.5661594,86.594604,0.0022053719
2021-07-02 00:00:00,26.761261,22.935394,1000.6225,1.8488805,1.3937297,0.19658118,79.582466,0.0
2021-07-02 06:00:00,34.36209,23.85379,1001.3875,2.6431158,0.71179664,0.7049877,54.444813,0.018692575
2021-07-02 12:00:00,33.2222,23.461945,999.22626,0.6523123,2.3715086,0.7777012,56.67333,0.50612634
2021-07-02 18:00:00,28.434021,24.310822,1003.6069,-0.24335796,0.644292,0.9522109,78.39969,0.0
2021-07-03 00:00:00,27.290558,25.147736,1001.8869,-0.183231,-0.57371616,0.7957728,88.10795,0.0
2021-07-03 06:00:00,34.05179,23.226898,1002.65686,1.1011147,-0.73910236,0.9682971,53.34034,0.009540003
2021-07-03 12:00:00,33.37039,25.227264,1000.39874,1.1563082,1.7911848,0.8410201,62.474644,2.3342338
2021-07-03 18:00:00,27.863647,25.464691,1002.58685,0.29484662,1.5636576,0.36741155,86.82513,0.0
2021-07-04 00:00:00,26.591034,24.563385,1002.0619,0.9420469,1.2078557,0.93936366,88.65875,0.0
2021-07-04 06:00:00,32.192413,25.185638,1002.5975,1.4472027,-0.55896187,0.49187458,66.59369,0.0
2021-07-04 12:00:00,32.305695,25.289215,999.5594,-1.1891184,0.8834756,0.5621995,66.57779,0.8427575
2021-07-04 18:00:00,25.500519,24.418121,1003.70935,0.6498382,1.0229352,0.8425293,93.74847,0.0
2021-07-05 00:00:00,25.679352,23.783081,1001.40814,2.1353054,-0.21657276,0.9136113,89.28935,0.0
2021-07-05 06:00:00,33.983673,24.207947,1000.92126,1.6254083,-1.0602903,0.9529496,56.80081,0.01926301
2021-07-05 12:00:00,35.145905,23.945587,998.21564,-0.73078823,-0.48653793,0.21309443,52.415234,0.051040668
2021-07-05 18:00:00,28.485046,25.45456,1002.0,-0.08604908,3.3919373,0.85201913,83.68894,1.4493424
2021-07-06 00:00:00,27.540894,23.630646,1000.84875,0.7831305,1.1220331,0.97510284,79.283966,0.0
2021-07-06 06:00:00,34.430084,24.359406,1000.1875,1.8941813,-0.44964886,0.4431982,55.91045,0.008773059
2021-07-06 12:00:00,33.340607,24.178375,998.08685,-1.4407978,1.9111669,0.90753853,58.777237,0.15791133
2021-07-06 18:00:00,29.240692,24.846863,1001.16315,0.31268603,2.7674026,0.9993359,77.25669,0.0
2021-07-07 00:00:00,28.450867,24.968475,999.95,1.0914915,1.9747322,0.9959353,81.463684,0.0
2021-07-07 06:00:00,35.228912,23.658539,1001.03,2.0111032,0.62939423,0.87384707,51.281773,0.005627284
2021-07-07 12:00:00,33.148834,24.259003,997.97876,-0.7991886,2.511384,0.786463,59.701157,0.3444904
2021-07-07 18:00:00,27.730957,24.718048,1002.3812,0.102586865,2.9317544,0.29239678,83.69326,0.0
2021-07-08 00:00:00,27.34787,23.900604,1000.9244,1.3505814,1.6548468,0.113824636,81.49832,0.0
2021-07-08 06:00:00,35.03299,23.785187,1001.33813,2.489091,-0.35982132,0.583515,52.237732,0.0
2021-07-08 12:00:00,36.80484,23.707184,996.84064,-0.5345669,0.1757071,0.5721965,47.16142,0.019177794
2021-07-08 18:00:00,27.279205,24.418,1001.275,-0.26917076,1.5807617,0.90854,84.406906,0.17549329
2021-07-09 00:00:00,26.242523,24.448944,999.66376,0.7234592,-1.4943695,0.84416634,89.882866,0.0
2021-07-09 06:00:00,32.614655,23.975922,1000.16376,2.5519493,-0.116108894,0.95748305,60.486336,0.025363639
2021-07-09 12:00:00,31.848663,25.430328,996.90564,-0.09819049,1.5664612,0.9555686,68.898,0.28218418
2021-07-09 18:00:00,28.385345,23.46341,999.77875,2.0813847,2.240164,0.8264872,74.71666,0.0
2021-07-10 00:00:00,26.893036,21.648651,998.33563,4.0539026,1.4106009,0.99177223,73.02123,0.6192806
2021-07-10 06:00:00,28.595428,24.553986,999.7525,4.4956713,2.2623415,1.0,78.80715,0.24652016
2021-07-10 12:00:00,29.9122,21.702118,997.285,4.7246714,1.6711175,1.0,61.46628,0.0
2021-07-10 18:00:00,27.901031,20.144318,1000.47186,4.8906736,0.9620757,0.99194956,62.75317,0.0
2021-07-11 00:00:00,27.363556,20.166046,998.15814,4.5644817,1.3040962,0.9790814,64.843575,0.0
2021-07-11 06:00:00,32.061676,21.119354,999.0006,4.9365845,-0.08474159,0.9663927,52.466457,0.0
2021-07-11 12:00:00,32.15854,21.734894,997.14374,3.0868979,0.48048413,0.9937787,54.184334,0.13405085
2021-07-11 18:00:00,28.594513,19.390167,1000.6794,2.8758907,1.6224833,1.0000002,57.516586,0.0
2021-07-12 00:00:00,28.161896,20.007965,998.41815,4.1942415,1.3175395,0.99905914,61.28682,0.0
2021-07-12 06:00:00,31.382965,22.836914,999.84125,5.0574827,0.715913,0.99999976,60.548145,0.0
2021-07-12 12:00:00,32.986298,22.769196,997.22,3.4500923,1.1343071,1.0,55.07329,0.111587346
2021-07-12 18:00:00,29.24942,22.620148,1000.09686,4.0010853,1.3567858,0.99960303,67.532005,0.0
2021-07-13 00:00:00,28.042511,23.032928,999.2469,2.8872538,1.2773345,0.98999035,74.266266,0.0
2021-07-13 06:00:00,33.90396,22.37503,1000.2469,5.1939154,0.630172,0.99026483,51.07579,0.0
2021-07-13 12:00:00,31.889801,22.985138,998.8219,2.882636,0.09394264,1.0,59.36113,0.17375359
2021-07-13 18:00:00,29.582855,21.75003,1001.3162,3.1684132,0.78267384,0.9999999,62.8264,0.0
2021-07-14 00:00:00,28.019562,21.230743,999.95874,2.8241453,0.7432304,0.9999998,66.63343,0.0
2021-07-14 06:00:00,32.857452,22.413055,1000.39435,4.230809,0.580647,1.0,54.28738,0.0
2021-07-14 12:00:00,32.233612,22.93155,998.82935,2.9277458,1.5102746,1.0,58.028557,0.00038184226
2021-07-14 18:00:00,27.728119,22.285187,1002.2587,2.7840383,1.222037,0.99645364,72.286224,0.0
2021-07-15 00:00:00,27.27597,22.145477,1000.71625,1.3276205,0.95407593,1.0,73.595924,9.685755e-05
2021-07-15 06:00:00,32.469147,23.075226,1000.78687,4.1221495,1.0506678,0.97929054,57.761776,0.00066589564
2021-07-15 12:00:00,32.212067,22.036774,998.53564,2.342659,-1.1847239,0.95297354,55.02507,0.07347111
2021-07-15 18:00:00,29.126495,21.055328,1002.41376,1.3423448,1.1069143,0.9843793,61.816303,0.0
2021-07-16 00:00:00,27.6091,22.378693,1001.91,1.5307512,1.2639885,0.9009769,73.20607,0.13099924
2021-07-16 06:00:00,34.185577,22.417938,1002.7619,4.0520363,1.2090015,0.84106463,50.410877,0.0
2021-07-16 12:00:00,32.582672,23.26297,1000.1244,1.933047,0.99324584,0.63909185,58.048077,0.13730215
2021-07-16 18:00:00,27.76883,23.845001,1003.3787,1.2953435,1.8298286,0.93688095,79.25044,0.11789124
2021-07-17 00:00:00,27.634186,22.263824,1001.96063,2.4091253,0.27898502,0.9993341,72.58975,0.0
2021-07-17 06:00:00,32.97696,23.147003,1002.7494,1.5924923,-0.9783497,1.0,56.377094,0.007347204
2021-07-17 12:00:00,32.887115,22.434479,999.7469,0.7416725,1.2924145,1.0,54.26746,0.0
2021-07-17 18:00:00,29.165833,23.273224,1002.4456,1.2476704,1.7622945,0.9133623,70.596016,0.0
2021-07-18 00:00:00,26.85025,22.097748,1001.1813,2.4425135,0.6662493,0.9964359,75.23963,0.014603138
2021-07-18 06:00:00,30.913666,23.244598,1001.79877,3.5408268,0.3035946,1.0,63.742085,0.08769333
2021-07-18 12:00:00,29.149078,23.130157,999.6281,3.9936008,1.4811842,0.99999917,70.056145,0.01270324
2021-07-18 18:00:00,27.126617,21.728668,1002.83,2.3794498,1.4114771,0.99755585,72.37936,0.09291619
2021-07-19 00:00:00,26.79361,22.381805,1001.6331,2.4143696,1.2959135,0.9576516,76.80733,0.0
2021-07-19 06:00:00,34.69937,21.929108,1001.6194,5.187194,0.6089414,0.6001818,47.553402,0.0
2021-07-19 12:00:00,35.464996,20.657745,999.27686,3.7991128,0.7432592,0.7639211,42.1617,0.063598156
2021-07-19 18:00:00,29.345367,21.317657,1003.20123,3.1687188,1.2220678,0.96535826,62.029858,0.0
2021-07-20 00:00:00,27.290436,23.145233,1002.77686,3.2470493,0.81661224,0.9213395,78.13287,0.0
2021-07-20 06:00:00,34.740753,21.24002,1002.6775,4.9466743,0.75724405,0.9120568,45.485954,0.0
2021-07-20 12:00:00,35.757843,19.472198,1000.4856,3.882399,0.74735737,0.9945809,38.55149,0.0066738576
2021-07-20 18:00:00,29.723236,21.13504,1003.4531,4.0804167,0.5714779,0.99821746,60.017048,0.0
2021-07-21 00:00:00,28.128693,22.232819,1002.2525,3.472227,1.3042772,0.9919898,70.3918,0.0
2021-07-21 06:00:00,33.216827,21.1232,1002.4925,6.2790613,0.40879762,1.0,49.170868,0.0
2021-07-21 12:00:00,33.35904,21.587921,1000.0737,5.0689144,0.6252079,1.0,50.18922,0.049613416
2021-07-21 18:00:00,29.336823,22.040436,1002.1312,4.577817,1.3134356,1.0,64.86388,0.0
2021-07-22 00:00:00,28.232697,21.443756,999.34064,4.3115244,1.6795498,1.0,66.67598,0.0
2021-07-22 06:00:00,35.28311,20.522736,999.5656,7.8546906,0.8976668,0.9795562,42.2347,0.0
2021-07-22 12:00:00,34.65811,20.216705,997.40686,5.537882,0.63625336,0.99140674,42.90498,0.0
2021-07-22 18:00:00,29.610992,21.229156,1000.08185,5.603142,1.6075265,1.0,60.756145,0.0
2021-07-23 00:00:00,29.168365,21.602325,998.45374,3.6767035,2.3414059,0.9899775,63.769276,0.0
2021-07-23 06:00:00,34.994904,21.048248,999.6813,7.241932,1.2652096,0.99594516,44.32448,0.0
2021-07-23 12:00:00,34.55606,19.304596,997.0181,6.198735,1.2114276,0.87312996,40.7757,0.14205277
2021-07-23 18:00:00,29.606415,21.646881,1000.8156,4.4641733,0.7746401,0.9799309,62.34686,0.0
2021-07-24 00:00:00,28.945038,22.212372,999.92126,3.3575268,1.9012381,0.8337816,67.04869,0.0
2021-07-24 06:00:00,35.57022,21.606232,1000.9244,5.278103,0.42528248,0.70786846,44.430325,0.0
2021-07-24 12:00:00,35.702667,20.520294,997.85376,4.2686415,0.8674971,0.47951686,41.261337,0.081814826
2021-07-24 18:00:00,30.501007,22.291534,1001.6375,3.6881294,1.4467686,0.8020846,61.599342,0.0
2021-07-25 00:00:00,29.186798,22.636993,1001.20874,2.8538196,2.054373,0.83827233,67.84617,0.0
2021-07-25 06:00:00,35.836823,21.89444,1001.72626,4.5974874,1.0546165,0.31476074,44.559795,0.0
2021-07-25 12:00:00,31.965607,24.120636,999.8231,2.639856,2.3368492,0.6746718,63.29351,0.65732
2021-07-25 18:00:00,27.395721,22.871674,1003.5125,4.6418867,1.4846227,0.8399791,76.37738,0.07561803
2021-07-26 00:00:00,27.536102,22.909088,1001.8669,3.179574,0.92392266,0.95641446,75.92416,0.0
2021-07-26 06:00:00,31.924957,22.784515,1002.85315,4.30352,1.3959143,0.92469347,58.527386,0.0
2021-07-26 12:00:00,35.299835,20.97818,999.9969,2.573502,2.1676993,0.6100185,43.395428,0.0
2021-07-26 18:00:00,29.043945,23.240265,1002.7225,2.249323,2.8465319,0.8795169,70.95404,0.0
2021-07-27 00:00:00,28.092316,22.575348,1001.6287,2.7198238,1.1107322,0.9986623,72.025475,0.0
2021-07-27 06:00:00,35.511993,21.666168,1001.5025,4.4345026,0.5603942,0.89918536,44.737015,0.0
2021-07-27 12:00:00,35.632477,20.926178,999.1975,4.804761,0.045502838,0.54933333,42.46955,0.08612871
2021-07-27 18:00:00,30.711517,20.736969,1002.60315,4.230873,0.9387064,0.20913124,55.3382,0.0
2021-07-28 00:00:00,28.61734,22.400482,1001.5669,3.2045088,1.0029185,0.36274105,69.12122,0.0
2021-07-28 06:00:00,35.60977,21.154327,1002.7925,4.1902065,0.98730874,0.5773533,43.122883,0.0
2021-07-28 12:00:00,37.263092,19.851227,999.39,4.3011346,0.2737214,0.9749138,36.34339,0.0007599592
2021-07-28 18:00:00,30.980011,20.946808,1003.02374,3.9301453,1.3963041,0.7483001,55.20423,0.0
2021-07-29 00:00:00,28.506989,22.189117,1002.6119,3.2164898,0.64564794,1.0,68.67666,0.0
2021-07-29 06:00:00,35.583893,20.675934,1002.7919,5.1353006,0.62718976,0.9952434,41.932823,0.0
2021-07-29 12:00:00,36.724762,19.217804,999.84186,4.007408,-0.6286936,0.9937752,35.983616,0.02097711
2021-07-29 18:00:00,31.217255,20.390778,1003.7275,3.3863258,1.1339035,0.97711307,52.629,0.0
2021-07-30 00:00:00,28.870941,22.173004,1003.3187,2.8445377,0.80273914,1.0000002,67.17585,0.0
2021-07-30 06:00:00,35.90567,20.030792,1003.96936,4.8647213,-0.14784145,0.9650631,39.586987,0.0
2021-07-30 12:00:00,36.412506,20.5784,1000.96875,3.8654413,-0.51601744,0.37538207,39.82414,0.0076266006
2021-07-30 18:00:00,31.37967,21.17508,1003.90125,3.268046,1.9687316,0.055020396,54.723434,0.0
2021-07-31 00:00:00,28.528168,22.147125,1004.0531,2.6600494,0.7930279,0.06854158,68.41702,0.0
2021-07-31 06:00:00,35.95816,19.94754,1004.0825,4.7550106,-0.25340056,0.12167758,39.269836,0.0
2021-07-31 12:00:00,37.80362,18.853302,1001.0756,3.9062786,-0.9941721,0.3904447,33.165573,0.0003813766
2021-07-31 18:00:00,30.799042,21.323395,1004.8806,2.8839974,1.7076039,0.6578898,57.081787,0.06190734
2021-08-01 00:00:00,28.867706,22.479645,1003.14874,2.59587,-0.09996319,0.98309207,68.45346,0.0
2021-08-01 06:00:00,34.417877,20.407928,1003.0037,5.37757,-0.75642204,0.9844674,43.998436,0.0
2021-08-01 12:00:00,35.872467,20.082794,1000.0419,3.498811,-0.36108208,0.95119745,39.787247,0.0
2021-08-01 18:00:00,31.084625,20.785309,1003.4313,3.5022848,1.8787782,0.9733519,54.333496,0.0
2021-08-02 00:00:00,28.890167,21.612823,1002.16187,3.1789923,0.62607574,0.9899903,64.84583,0.0
2021-08-02 06:00:00,35.31778,19.916779,1002.90875,4.4808054,0.9592642,0.9249913,40.60425,0.0
2021-08-02 12:00:00,37.028473,18.648468,1000.84937,3.9139967,-0.63043416,0.99105924,34.15552,0.0
2021-08-02 18:00:00,31.525787,19.39798,1004.5637,3.2393951,2.2675753,0.9946286,48.628124,0.0
2021-08-03 00:00:00,28.522736,22.36502,1003.255,3.287633,0.4357605,0.9988165,69.35227,0.0
2021-08-03 06:00:00,35.867584,20.47049,1004.02814,4.3940973,-0.26146412,0.52109545,40.76269,0.0
2021-08-03 12:00:00,36.752594,20.537872,1001.8125,2.7381582,-0.06439668,0.8253409,38.99148,0.011060387
2021-08-03 18:00:00,31.417755,21.105621,1005.52875,2.758819,2.2890732,0.27138633,54.372734,0.0
2021-08-04 00:00:00,28.649567,21.775787,1004.63,3.158063,0.92900085,0.92467695,66.41501,0.0
2021-08-04 06:00:00,35.284943,21.200531,1005.0631,5.166562,-0.26549512,0.8921036,44.028183,0.0
2021-08-04 12:00:00,35.523346,21.352692,1001.5225,4.5236063,-0.50306416,0.90017414,43.85933,0.02517458
2021-08-04 18:00:00,31.518219,21.27713,1004.5725,2.7023273,1.212513,0.93577826,54.635002,0.0
2021-08-05 00:00:00,29.399048,22.42691,1002.8137,3.194192,0.7492962,0.98245776,66.1698,0.0
2021-08-05 06:00:00,35.999176,21.426605,1003.15936,4.9954658,1.2445076,1.0000002,42.918095,0.0
2021-08-05 12:00:00,35.001984,21.699738,999.8738,3.9959886,1.120077,0.9951729,46.11143,0.05570054
2021-08-05 18:00:00,30.019806,22.26065,1003.02124,4.196246,1.0410185,0.97667694,63.20405,0.0
2021-08-06 00:00:00,28.713776,23.012787,1001.2356,3.4048576,0.74992275,0.97868085,71.33635,0.0
2021-08-06 06:00:00,35.374786,21.856293,1001.85376,4.873657,-0.33265495,0.81603956,45.603943,0.0
2021-08-06 12:00:00,34.615753,22.773834,998.8019,1.745245,0.25536317,0.9928719,50.29335,0.15231967
2021-08-06 18:00:00,28.409088,23.346466,1002.83124,2.4761212,1.7153244,0.9005753,74.08896,0.0
2021-08-07 00:00:00,28.085236,23.691132,1000.9294,2.7271767,1.0417385,1.0000002,77.0839,0.0
2021-08-07 06:00:00,34.70804,22.983185,1003.09937,3.7884269,-0.32441276,0.3553217,50.674797,0.00066735083
2021-08-07 12:00:00,33.213165,22.710968,999.3063,-0.62003326,1.9454699,0.91218835,54.184216,0.41754863
2021-08-07 18:00:00,29.942474,22.941803,1003.7925,1.0579628,1.0873193,0.48566073,66.16562,0.0
2021-08-08 00:00:00,28.16275,22.786346,1002.0875,1.795936,0.79678684,0.637548,72.654655,0.0
2021-08-08 06:00:00,35.172882,22.79477,1003.40125,2.5014489,0.12794536,0.8192042,48.82525,0.0016207341
2021-08-08 12:00:00,34.61673,23.80545,1000.1275,-0.6295042,3.0622873,0.8205282,53.52337,0.30149123
2021-08-08 18:00:00,29.5,24.351105,1004.1456,1.5360591,2.6586087,0.59763837,73.8856,0.0
2021-08-09 00:00:00,28.69928,22.131561,1002.7075,3.1699066,0.69909,0.9658287,67.676636,0.0
2021-08-09 06:00:00,36.340973,22.65805,1003.82623,2.1008492,0.014086962,0.92453295,45.40319,0.0
2021-08-09 12:00:00,36.085114,22.159454,1000.0594,0.0075130463,1.3972104,0.69913316,44.671066,0.005811453
2021-08-09 18:00:00,28.913788,23.954376,1003.7494,1.6202414,2.6215363,0.9540644,74.633804,0.0
2021-08-10 00:00:00,28.582184,21.91092,1002.8144,2.8767343,0.62696266,0.93642646,67.22764,0.0017210841
2021-08-10 06:00:00,35.267,22.426422,1003.7056,3.7842264,-0.75452995,0.9773487,47.497746,0.0
2021-08-10 12:00:00,35.128204,22.66275,999.3881,1.4956331,0.26522255,0.99960357,48.555832,0.40134788
2021-08-10 18:00:00,31.144135,21.643219,1003.0525,1.4703283,1.4904869,0.9999997,57.075554,0.0
2021-08-11 00:00:00,29.186798,22.66629,1002.3219,2.3390331,-0.19662476,0.9906184,67.96689,0.0
2021-08-11 06:00:00,35.296783,21.583832,1003.1213,2.7033834,-2.0865316,0.9999999,45.04474,0.0015256228
2021-08-11 12:00:00,33.20279,23.259552,1000.29626,0.9280758,-0.74593735,0.998218,56.04625,0.06408419
2021-08-11 18:00:00,27.891998,23.685516,1004.2506,1.9326062,2.1186945,1.0,77.9311,0.0
2021-08-12 00:00:00,25.642303,23.832794,1003.14185,2.364557,1.6703968,1.0,89.75382,0.58652115
2021-08-12 06:00:00,33.006622,23.023163,1004.0712,4.4264803,-0.07900047,1.0,55.86316,0.0
2021-08-12 12:00:00,31.133453,25.12088,1002.4356,2.4792094,-1.9288435,1.0,70.44732,2.6992605
2021-08-12 18:00:00,27.878387,23.685822,1004.3256,2.1668456,0.55487823,1.0,77.99445,0.0
2021-08-13 00:00:00,27.36435,22.818573,1002.5619,2.0836716,0.79376507,0.9971189,76.27205,0.0
2021-08-13 06:00:00,32.89749,22.28415,1003.1344,2.8723984,0.5791206,0.9999978,53.74221,0.0
2021-08-13 12:00:00,34.376617,21.78128,1000.21185,1.768281,-1.0233889,0.8182777,47.97943,0.0
2021-08-13 18:00:00,28.875275,21.897003,1002.4819,2.7358332,1.0088539,0.9513116,66.03842,0.02259016
2021-08-14 00:00:00,27.396576,22.972076,1000.9269,3.6233463,1.2069168,0.99587744,76.839325,0.22856891
2021-08-14 06:00:00,32.378937,22.893158,1001.2625,4.4167404,0.13151932,0.9901149,57.42038,0.0
2021-08-14 12:00:00,33.72769,21.519562,999.0731,3.5980635,1.1636592,0.9989383,48.958584,0.0
2021-08-14 18:00:00,25.737518,24.175446,1002.75,2.4760153,0.9913948,1.0,91.1043,0.5623401
2021-08-15 00:00:00,26.620087,22.603119,1001.15314,3.1715193,1.4007921,1.0,78.64632,0.0
2021-08-15 06:00:00,31.887482,21.829987,1002.1175,3.3445425,0.19496053,1.0,55.34277,0.0
2021-08-15 12:00:00,32.42032,21.948395,1000.205,1.2238239,-0.37174416,1.0,54.089172,0.03051944
2021-08-15 18:00:00,29.598846,21.992218,1002.8594,0.5088589,2.728359,1.0,63.703312,0.0
2021-08-16 00:00:00,27.43045,21.948029,1001.4994,2.2556782,1.2856674,0.9999998,72.06027,0.0
2021-08-16 06:00:00,33.478058,22.066559,1002.88,3.3484306,-0.3683033,0.617578,51.334064,0.0
2021-08-16 12:00:00,33.469757,22.680084,1000.03815,0.68321705,-0.013751864,0.5545645,53.310173,0.91814995
2021-08-16 18:00:00,27.896637,25.363678,1004.21124,0.4951586,3.322218,0.9166693,86.13939,0.0
2021-08-17 00:00:00,27.400055,23.416779,1002.84314,1.3291833,1.5465806,0.95519584,78.9163,0.0
2021-08-17 06:00:00,33.606842,22.127106,1003.4263,2.3797264,0.653552,0.91480017,51.153595,0.00038091093
2021-08-17 12:00:00,31.766144,22.704865,1000.83185,-0.5549239,0.6107633,0.95309967,58.77214,0.041670166
2021-08-17 18:00:00,27.97226,24.3096,1004.1,1.0475113,2.8287354,0.9999998,80.53018,0.0
2021-08-18 00:00:00,26.077667,23.94809,1002.4263,1.9349978,1.8903837,0.9766757,88.076904,0.23564984
2021-08-18 06:00:00,31.298126,23.647614,1003.345,2.698629,2.7166939,0.99733365,63.895058,0.0
2021-08-18 12:00:00,31.143341,22.61557,999.91187,2.144363,2.6860504,0.99960345,60.56136,0.0
2021-08-18 18:00:00,26.766754,24.1232,1002.60376,3.4859438,1.4967592,0.9993349,85.46219,0.21240772
2021-08-19 00:00:00,25.965607,22.819763,1001.35815,2.9837294,1.367924,0.9982179,82.82658,0.0
2021-08-19 06:00:00,32.905792,22.058258,1002.1456,3.7057238,0.69658256,0.9964356,52.98321,0.0
2021-08-19 12:00:00,34.043488,21.642242,998.83685,2.731495,0.60738754,0.99999994,48.464893,0.0
2021-08-19 18:00:00,28.709747,22.629486,1002.43,1.9761292,2.7446353,0.9993348,69.71463,0.18012524
2021-08-20 00:00:00,26.457672,23.169586,1001.34186,1.1369917,0.7384672,0.98713326,82.17467,0.0
2021-08-20 06:00:00,32.30948,24.123932,1002.9356,0.7633211,-0.9898844,0.95284903,62.086452,0.0
2021-08-20 12:00:00,32.49173,23.501007,999.6975,-1.4093523,0.82987463,0.9849157,59.19081,0.2788075
2021-08-20 18:00:00,28.398743,25.150665,1003.435,-0.5136051,2.2575817,0.98304236,82.60292,0.0
2021-08-21 00:00:00,25.978027,25.029236,1003.8525,1.2220182,1.021183,0.9981246,94.52015,0.8121114
2021-08-21 06:00:00,27.574188,24.529846,1005.2519,1.6878841,0.035484314,0.99960357,83.51872,0.0
2021-08-21 12:00:00,30.00473,23.845612,1002.45435,1.5386753,0.54039574,0.98547477,69.62488,0.0
2021-08-21 18:00:00,26.43039,23.524994,1005.4894,1.200959,1.0053663,0.9843954,84.09191,0.0
2021-08-22 00:00:00,25.896057,22.191376,1003.3669,0.9927336,0.76660126,0.83287835,80.05338,0.006854534
2021-08-22 06:00:00,31.597809,22.975677,1004.9856,0.9172697,1.3919282,0.46082932,60.31808,0.021171901
2021-08-22 12:00:00,29.890106,23.710358,1001.28625,-0.15867996,2.2995863,0.95602405,69.51708,0.0
2021-08-22 18:00:00,27.089325,24.385895,1005.215,1.5385876,2.48979,0.9123638,85.188416,0.22139816
2021-08-23 00:00:00,26.142181,23.414093,1003.59937,0.7593568,1.3659289,0.89855427,84.96521,0.0
2021-08-23 06:00:00,31.305084,23.885162,1004.9994,0.59972274,1.5112269,0.6840797,64.78929,0.044248577
2021-08-23 12:00:00,29.778107,24.424347,1001.57874,-0.36247826,2.0772533,0.4146365,73.03093,0.0
2021-08-23 18:00:00,26.441254,23.986359,1004.15063,1.0177357,1.7954369,0.34598452,86.40402,0.0
2021-08-24 00:00:00,26.614807,23.523071,1003.35376,1.1254411,1.9349433,0.9741909,83.17301,0.0030632035
2021-08-24 06:00:00,33.081573,22.502106,1004.32874,3.1076698,1.5112375,0.19401956,53.898422,0.0
2021-08-24 12:00:00,32.736115,22.358673,999.96185,0.5466747,3.365034,0.86654043,54.479057,0.0
2021-08-24 18:00:00,28.286316,23.509735,1003.5031,1.2984546,4.024315,0.1075269,75.35847,0.0
2021-08-25 00:00:00,26.876434,23.098724,1002.5825,1.4202406,2.471508,0.9133017,79.83029,0.0
2021-08-25 06:00:00,33.703278,22.4628,1003.1144,3.0164738,0.7897401,0.9571209,51.92821,0.00028591603
2021-08-25 12:00:00,33.95169,22.9971,998.6156,0.5363798,2.6767492,0.98999256,52.898945,0.0
2021-08-25 18:00:00,28.920074,24.53183,1002.1956,0.90007764,3.805955,0.9358704,77.23508,0.0
2021-08-26 00:00:00,27.32077,23.230194,1000.6256,1.4507236,1.6159014,0.087057896,78.395584,0.0
2021-08-26 06:00:00,34.356354,23.212494,1001.15125,3.1020422,0.8269028,0.052306827,52.397,0.0
2021-08-26 12:00:00,32.730988,23.486115,997.6525,0.8818464,2.9337816,0.904294,58.34538,0.19556284
2021-08-26 18:00:00,28.314514,24.94461,1001.12,0.5807036,2.438644,0.9821161,81.995346,0.0
2021-08-27 00:00:00,28.219696,22.325531,999.8475,2.035649,0.18895626,0.928642,70.41588,0.0
2021-08-27 06:00:00,33.246613,23.498077,1001.0481,4.396796,0.745485,0.90570253,56.719196,0.0052452087
2021-08-27 12:00:00,32.46158,21.808258,997.59125,3.2723045,1.6425124,0.8407503,53.503754,0.020693056
2021-08-27 18:00:00,29.10138,21.042755,1000.6763,3.609517,0.17811203,1.0000001,61.85836,0.0
2021-08-28 00:00:00,26.800934,22.892914,999.2612,2.3277416,0.92033863,1.0000002,79.19292,0.45152786
2021-08-28 06:00:00,28.946808,24.74649,1000.3894,3.5350342,1.218224,0.99999964,78.111595,0.061385065
2021-08-28 12:00:00,31.739899,22.583282,997.2006,3.0380707,1.9860809,0.99960333,58.427036,0.0
2021-08-28 18:00:00,27.354523,22.590118,999.9881,4.435252,1.2933766,0.98386085,75.26575,0.70193815
2021-08-29 00:00:00,25.827911,22.721375,998.4281,2.682007,1.7677323,1.0,83.00819,0.0
2021-08-29 06:00:00,31.591705,22.193329,1000.1344,4.7139273,2.1366549,1.0,57.540024,0.0
2021-08-29 12:00:00,31.134003,22.432709,997.20874,2.9756718,2.3842154,1.0,59.924305,0.18869276
2021-08-29 18:00:00,28.48764,21.491364,1000.70435,4.5798273,1.7033714,1.0,65.88649,0.0
2021-08-30 00:00:00,27.482697,21.91098,999.5425,3.6412916,1.3787961,1.0,71.67799,0.00763312
2021-08-30 06:00:00,31.240387,22.225922,1000.7344,3.956478,0.95591843,1.0,58.81777,0.0
2021-08-30 12:00:00,33.471954,22.055634,998.1694,2.646276,1.1014268,0.9914128,51.317448,0.00028684735
2021-08-30 18:00:00,28.49942,21.433258,1001.1525,2.6901898,1.484652,0.98853165,65.60758,0.0
2021-08-31 00:00:00,27.118317,22.064606,1000.08435,2.5193672,0.69270897,0.9999999,73.914536,0.0
2021-08-31 06:00:00,34.467316,22.256866,1001.7594,2.6053777,0.33022922,0.8972606,49.142426,0.0
2021-08-31 12:00:00,32.901886,22.663605,999.385,-1.7303429,1.7215419,0.9961786,54.982113,0.14054775
2021-08-31 18:00:00,26.623993,24.456146,1002.90125,0.15765947,2.0576918,0.9786264,87.920746,0.0
2021-09-01 00:00:00,27.115662,25.23764,1002.3644,1.0426075,0.40407562,0.88431823,89.49419,0.0
2021-09-01 06:00:00,32.528107,23.632294,1003.29376,2.1887846,0.17946243,0.84830856,59.53868,0.047776848
2021-09-01 12:00:00,32.722565,23.414581,999.8269,0.23322201,0.008961916,0.9487365,58.121758,0.0
2021-09-01 18:00:00,26.234344,24.778107,1003.5806,0.57702255,2.1186056,0.92754364,91.71378,0.0018104911
2021-09-02 00:00:00,27.123901,23.775543,1001.77435,1.7599058,0.64960766,0.9925451,81.95695,0.0
2021-09-02 06:00:00,32.60086,23.740814,1002.53687,2.1895723,-0.8710327,0.7922742,59.68361,0.010012075
2021-09-02 12:00:00,27.96939,24.668854,1000.66437,-1.7611046,-0.16302484,0.99905914,82.29419,5.525161
2021-09-02 18:00:00,24.872528,24.350464,1003.6287,0.5675728,1.9391253,1.0,96.92654,0.0
2021-09-03 00:00:00,24.807587,23.741241,1001.1181,2.2981558,1.3382574,0.9999999,93.80768,1.6599765
2021-09-03 06:00:00,28.243195,25.354279,1002.4913,3.4374628,1.22236,0.98571116,84.369896,0.0
2021-09-03 12:00:00,30.66922,23.167267,999.5144,2.0326757,1.4721605,0.99999964,64.337105,0.0
2021-09-03 18:00:00,27.772064,23.359589,1002.71625,1.466351,1.7054785,0.9939328,76.95175,0.0
2021-09-04 00:00:00,25.859222,22.992645,1000.83813,2.7850952,0.72024584,0.99905956,84.22732,0.50860643
2021-09-04 06:00:00,30.03299,24.281769,1003.29565,2.5425272,0.9323145,0.99999994,71.35632,0.0
2021-09-04 12:00:00,29.945282,24.940521,1000.27625,0.7919838,1.6726062,1.0,74.59819,0.1587919
2021-09-04 18:00:00,26.276703,23.108734,1002.79626,1.8886075,1.6533278,0.99821794,82.75203,0.0
2021-09-05 00:00:00,25.798126,23.109467,1001.2075,3.2439585,1.6215403,0.9868603,85.13235,0.033091523
2021-09-05 06:00:00,31.16507,23.85675,1002.10815,4.192278,1.9660023,0.39096233,65.19644,0.05074557
2021-09-05 12:00:00,29.293854,24.233307,999.8606,3.0878346,2.1120892,1.000001,74.24384,0.8290218
2021-09-05 18:00:00,26.142365,23.770111,1002.67065,3.1563778,1.6635027,1.0,86.80657,0.0
2021-09-06 00:00:00,25.442108,23.18747,1001.3731,3.717082,1.1577168,1.0,87.36122,0.48535523
2021-09-06 06:00:00,31.634918,23.367157,1001.8525,4.62465,1.1035423,1.0,61.63238,0.0
2021-09-06 12:00:00,31.020477,23.05423,999.1775,2.434512,1.5326614,1.0,62.629883,0.0
2021-09-06 18:00:00,27.802582,21.769196,1002.66187,3.316769,1.4479532,1.0,69.74361,0.0
2021-09-07 00:00:00,27.040558,22.19339,1001.465,3.1344016,1.6750522,0.9999999,74.83756,0.0
2021-09-07 06:00:00,32.04727,22.942474,1002.8881,4.333825,2.0074797,0.9032495,58.68227,0.0
2021-09-07 12:00:00,32.349518,23.08554,999.2619,1.6897573,1.8733318,0.6273859,58.1895,0.00038184226
2021-09-07 18:00:00,28.135956,23.941315,1003.6575,1.8374671,1.7687769,0.78355294,78.02183,0.0
2021-09-08 00:00:00,27.119354,22.026886,1002.5588,2.6265697,1.4117575,0.80127716,73.740295,0.0
2021-09-08 06:00:00,33.259796,23.097626,1004.21875,4.3677692,1.7578046,0.50814444,55.323124,0.0
2021-09-08 12:00:00,33.03116,23.634064,1000.695,2.2513165,1.337826,0.85292685,57.882072,0.032044947
2021-09-08 18:00:00,28.223846,23.919952,1004.8081,1.5033405,2.0497942,0.16668683,77.52392,0.0
2021-09-09 00:00:00,26.846771,21.893097,1003.2388,2.7022667,0.17663002,0.93794656,74.321686,0.0
2021-09-09 06:00:00,33.19217,23.441193,1004.10376,2.7996426,0.6090348,0.7591195,56.69794,0.0
2021-09-09 12:00:00,33.607452,24.067047,1001.29877,1.0728617,0.083723485,0.77116185,57.51947,0.0
2021-09-09 18:00:00,28.3508,23.898285,1004.5,1.7508142,3.3255444,0.9957773,76.8532,0.0
2021-09-10 00:00:00,27.556427,22.77066,1003.39813,2.1620922,1.459897,0.9512546,75.20048,0.0
2021-09-10 06:00:00,34.011993,23.535248,1002.9894,3.7617588,0.20202994,0.99999636,54.463036,0.0032428652
2021-09-10 12:00:00,33.255768,23.983185,1000.4394,1.3080645,0.5669683,1.0,58.369644,0.0
2021-09-10 18:00:00,29.2771,24.952301,1003.295,1.733304,3.0389595,1.0,77.580864,0.0
2021-09-11 00:00:00,28.27353,22.824982,1001.83,2.6576643,1.1968737,0.96416384,72.35684,0.0
2021-09-11 06:00:00,34.377228,22.58377,1002.5637,4.1710806,1.4010637,0.97898704,50.38063,0.0
2021-09-11 12:00:00,34.108917,22.311676,999.35,2.5081515,1.2129656,1.0,50.3007,0.0
2021-09-11 18:00:00,29.633545,23.184113,1002.1856,2.2467833,2.0312204,1.0,68.346954,0.0
2021-09-12 00:00:00,28.292267,22.533966,1000.88,3.4330528,1.6378622,0.9838562,71.01309,0.002000481
2021-09-12 06:00:00,33.63199,23.024445,1001.72565,5.334503,1.228347,0.85267806,53.941936,0.0
2021-09-12 12:00:00,33.876373,22.49588,998.8694,1.838018,1.6039128,0.97008157,51.531673,0.008202963
2021-09-12 18:00:00,29.241302,21.762848,1001.89935,3.0155559,1.5896149,1.0,64.12718,0.0
2021-09-13 00:00:00,28.07077,22.204193,1000.4256,3.5392714,1.5839281,1.0,70.50679,0.0008591451
2021-09-13 06:00:00,34.35135,22.63321,1000.7725,5.75391,1.8993332,0.978053,50.604893,0.0
2021-09-13 12:00:00,34.360138,21.191193,997.7656,4.3817043,1.2739917,1.0,46.319675,0.0
2021-09-13 18:00:00,29.777039,22.031403,1001.3175,2.6116278,1.4740143,1.0,63.203747,0.0
2021-09-14 00:00:00,28.446014,22.990997,1000.89374,2.7470026,0.9437572,1.0000007,72.35856,0.0
2021-09-14 06:00:00,35.20804,23.116608,1001.5662,3.837841,1.6975956,0.99999535,49.689167,0.0059134327
2021-09-14 12:00:00,35.414337,23.267975,998.15375,0.8835163,1.4709425,0.3111393,49.577106,0.0
2021-09-14 18:00:00,29.555267,25.777252,1002.4244,0.567881,3.168473,0.32256192,80.1838,0.0
2021-09-15 00:00:00,28.872925,22.877472,1001.14813,2.0172622,1.1275339,0.9676061,70.1045,0.0
2021-09-15 06:00:00,35.34549,22.53122,1002.27936,2.162848,0.7735766,0.21795702,47.59415,0.0033383258
2021-09-15 12:00:00,32.389313,24.036041,999.495,0.8361778,3.5398521,0.79426044,61.48188,0.18259837
2021-09-15 18:00:00,28.259613,24.656647,1003.02686,0.4301567,3.0737367,0.99663144,80.855385,0.0
2021-09-16 00:00:00,28.065948,22.930756,1001.47687,2.254304,1.0609989,0.978192,73.707634,0.0003874302
2021-09-16 06:00:00,34.07608,24.00418,1002.97626,2.0823994,-0.53390867,0.9330308,55.82176,0.023264438
2021-09-16 12:00:00,30.312286,24.650055,999.41876,1.0895205,-0.41789484,0.76342326,71.78704,2.5270097
2021-09-16 18:00:00,27.883148,24.776703,1001.72815,-0.12992829,2.7772827,0.761575,83.24395,0.0
2021-09-17 00:00:00,28.243256,24.447418,1001.21936,1.7539576,1.9598341,0.84793043,79.925735,0.0
2021-09-17 06:00:00,34.203766,23.45523,1002.10815,1.9891195,-0.34498537,0.58406454,53.62431,0.009916723
2021-09-17 12:00:00,27.666473,25.127838,999.8325,0.07010651,0.73294264,0.99661195,86.088326,1.1347308
2021-09-17 18:00:00,25.826385,23.571808,1003.3225,0.045838356,2.29958,0.9932871,87.395424,0.0
2021-09-18 00:00:00,25.8721,24.514648,1002.1312,0.4958312,1.7252243,1.0,92.23616,0.00502792
2021-09-18 06:00:00,30.772858,24.630096,1004.3281,1.4721029,1.3368466,0.9776322,69.836136,0.0
2021-09-18 12:00:00,31.283966,24.787262,1001.1813,0.09813118,0.09272617,0.9989383,68.46996,1.0010339
2021-09-18 18:00:00,28.182251,25.372345,1004.89185,0.42938328,3.2894506,0.96238875,84.760765,0.0
2021-09-19 00:00:00,26.857574,23.980713,1004.065,1.3190967,1.1325226,0.81730574,84.28264,0.0
2021-09-19 06:00:00,33.4169,24.877533,1004.76874,0.63442636,0.38412017,0.95695156,61.026615,0.08575991
2021-09-19 12:00:00,33.43521,25.350739,1001.3575,-1.6858425,1.8335836,0.979843,62.707012,0.0
2021-09-19 18:00:00,28.708282,26.06723,1005.10126,0.62912786,1.1286769,0.55113703,85.66717,0.0
2021-09-20 00:00:00,24.795929,23.232544,1004.16565,0.6438541,0.8782547,0.9943693,91.03716,0.10887993
2021-09-20 06:00:00,31.347748,25.029816,1004.3631,2.7979488,0.08872223,0.9114633,69.216354,0.0
2021-09-20 12:00:00,31.527313,24.731232,1000.4925,0.8701563,1.3755584,0.2302503,67.30329,0.0
2021-09-20 18:00:00,28.218842,24.237885,1004.7406,0.8127548,1.9077325,0.26667312,79.04084,0.0
2021-09-21 00:00:00,26.90152,23.778473,1003.1813,1.5574217,1.5808355,0.22312027,83.04916,0.0
2021-09-21 06:00:00,32.919342,24.308197,1003.5112,2.7636127,-0.025709808,0.65182894,60.654785,0.03938377
2021-09-21 12:00:00,33.704742,24.887482,999.08936,1.14715,0.38951916,0.18609363,60.086662,0.0
2021-09-21 18:00:00,28.312744,25.006012,1002.64813,1.1124938,3.310837,0.12476057,82.30459,0.0
2021-09-22 00:00:00,26.693878,22.188507,1000.91064,2.1453648,0.89421177,0.4102525,76.35608,0.0
2021-09-22 06:00:00,32.845734,23.867523,1001.8787,1.8874547,-1.7728968,0.43900084,59.316437,0.0050533563
2021-09-22 12:00:00,33.778107,24.587738,998.42377,0.11285591,0.29239464,0.39500618,58.778687,0.0037178397
2021-09-22 18:00:00,28.499847,24.596344,1001.95435,0.29952335,3.1735172,0.22275364,79.44684,0.0
2021-09-23 00:00:00,27.42038,24.272797,1000.8131,1.5161715,1.773339,0.6598967,82.98652,0.01335144
2021-09-23 06:00:00,32.41629,23.588715,1001.9025,2.2530193,0.03499955,0.8113516,59.75846,0.012110919
2021-09-23 12:00:00,31.643219,25.02829,999.5106,-1.0653687,-0.96421623,0.6921179,68.0575,0.82818043
2021-09-23 18:00:00,27.20166,24.96231,1003.47815,0.9942671,1.5598974,0.64076084,87.59504,0.0
2021-09-24 00:00:00,26.849945,24.120209,1001.45123,1.2540631,0.24079323,0.9278035,85.029724,0.0
2021-09-24 06:00:00,32.892975,24.15216,1002.4269,0.36204147,-1.7811689,0.2384476,60.179085,0.00019045547
2021-09-24 12:00:00,31.06076,25.991547,999.96436,-1.4222689,0.81003666,0.4397663,74.49298,0.015068334
2021-09-24 18:00:00,26.247223,24.884918,1004.03687,2.0585063,1.7585101,0.88541436,92.23024,1.1323988
2021-09-25 00:00:00,25.718048,24.69403,1002.0375,1.6663561,0.7435141,0.60067576,94.08605,0.0
2021-09-25 06:00:00,32.80008,24.379608,1001.9963,2.7140741,0.28766257,0.13445652,61.32506,0.0070557
2021-09-25 12:00:00,31.7211,25.46872,998.7375,0.5274191,-0.47031498,0.6224312,69.55677,1.280237
2021-09-25 18:00:00,27.380646,25.318146,1001.60315,1.0382483,0.82671666,0.9919914,88.53753,0.0
2021-09-26 00:00:00,26.206635,23.970123,999.7488,0.5561002,0.31802654,0.923698,87.523735,0.0
2021-09-26 06:00:00,30.557281,24.31894,1001.0569,2.5036354,-0.076392174,1.0,69.397675,0.01486484
2021-09-26 12:00:00,32.256744,24.501251,997.68,-0.34637737,1.1979651,1.0000019,63.69592,0.0
2021-09-26 18:00:00,27.475067,24.261566,999.91187,1.333394,3.7494268,1.0,82.66555,0.0
2021-09-27 00:00:00,27.462982,23.05246,998.0419,3.246029,1.50685,1.0,76.91435,0.016115606
2021-09-27 06:00:00,30.996368,23.569092,999.28,4.8273325,0.9247004,1.0,64.69639,0.0
2021-09-27 12:00:00,29.873077,20.773834,997.475,6.0552454,1.4725666,1.0,58.19534,0.0
2021-09-27 18:00:00,27.440704,21.443268,1000.39874,3.508644,1.5487499,1.0,69.829155,0.0
2021-09-28 00:00:00,26.60147,21.020355,999.96625,2.6110525,1.8324265,1.0,71.478966,0.0
2021-09-28 06:00:00,31.812164,22.834686,1002.4344,4.3519516,1.0520496,0.9756036,59.08215,0.0
2021-09-28 12:00:00,33.229034,22.602692,999.2275,0.9156647,0.008884013,0.9748081,53.781467,0.0
2021-09-28 18:00:00,28.305511,20.803986,1002.97125,3.3206768,0.322855,0.9455276,63.83714,0.0
2021-09-29 00:00:00,26.52707,21.718048,1001.9975,2.3856716,-0.19966221,0.9996012,74.92865,0.0
2021-09-29 06:00:00,32.634674,22.903778,1003.33563,1.7905957,-0.7632828,0.6764858,56.634277,0.0
2021-09-29 12:00:00,31.838165,23.941864,1000.6956,-1.1331778,1.2552385,1.0000001,63.07146,0.1731813
2021-09-29 18:00:00,27.392242,23.80127,1004.1163,0.8276897,1.6182742,0.48608613,80.80264,0.0
2021-09-30 00:00:00,26.601837,24.066986,1002.97375,1.0230634,1.2572861,0.64974135,86.005394,0.0
2021-09-30 06:00:00,31.177887,24.391083,1004.6269,1.5245159,-1.0679884,0.4012692,67.271866,0.09440631
2021-09-30 12:00:00,31.53592,25.752533,1000.9938,-1.4803209,-1.3790684,0.37917227,71.48608,0.11544675
2021-09-30 18:00:00,25.69809,24.690643,1005.1825,2.0505714,-0.8900204,0.98136944,94.178406,6.714183
2021-10-01 00:00:00,25.067902,24.11139,1002.96375,0.7163336,-0.5247412,0.7791418,94.4401,0.0
2021-10-01 06:00:00,29.164093,24.137451,1003.6337,0.062149644,-1.9221487,1.0,74.373764,0.061322965
2021-10-01 12:00:00,29.307037,25.206635,1001.3119,-1.516325,0.2541098,1.0000001,78.6295,0.0
2021-10-01 18:00:00,26.721344,24.657166,1004.1994,0.16891289,0.11012286,0.9848805,88.47573,0.65550375
2021-10-02 00:00:00,26.233154,24.402435,1002.76373,0.24436605,-1.1044235,0.809872,89.68249,0.0
2021-10-02 06:00:00,31.50589,24.920746,1003.3206,-1.1677809,-1.6030331,0.62768954,68.151985,0.09640684
2021-10-02 12:00:00,28.769012,25.305725,1000.79565,-2.0166187,-1.0505514,0.9788945,81.595726,0.18607016
2021-10-02 18:00:00,26.519318,25.158813,1003.8731,-1.0262918,-0.58927727,0.97177166,92.25525,0.17071888
2021-10-03 00:00:00,26.338623,24.91214,1002.885,0.46016407,-1.5566845,1.0000007,91.88288,0.0
2021-10-03 06:00:00,29.59201,25.735077,1003.6856,0.80392563,-1.7958336,0.753722,79.81431,0.0
2021-10-03 12:00:00,28.981934,25.796906,1000.6806,-1.3250198,-0.2510376,0.73464316,82.98056,1.9086288
2021-10-03 18:00:00,26.329193,25.306274,1003.2031,1.3292346,-0.4595108,0.9593697,94.11825,0.0
2021-10-04 00:00:00,27.178558,25.212189,1001.6394,0.8661442,-0.6614828,0.6744417,89.02954,0.048650302
2021-10-04 06:00:00,31.152252,26.14621,1002.625,-0.45597744,-0.9507208,0.9999999,74.78658,0.0
2021-10-04 12:00:00,30.2258,25.10846,999.6213,-1.3060408,0.7960684,0.99755293,74.144745,0.44045702
2021-10-04 18:00:00,26.690826,25.097626,1002.8219,0.9084895,0.21984828,0.9840104,90.9955,0.0
2021-10-05 00:00:00,25.878937,24.483673,1000.6869,1.3717779,0.5971614,0.9826493,92.02806,1.1067613
2021-10-05 06:00:00,27.481415,25.301056,1002.97,0.84900147,-0.93288803,1.0,87.92722,0.0
2021-10-05 12:00:00,26.908936,24.664673,1000.3831,0.9488725,-0.6529856,1.0,87.54406,2.425583
2021-10-05 18:00:00,25.355438,23.837494,1003.21686,1.5900383,1.2122139,1.0,91.32215,0.0
2021-10-06 00:00:00,24.976837,23.421265,1001.0687,1.3084464,1.5895714,0.9924746,91.09167,0.0
2021-10-06 06:00:00,31.27481,23.448486,1002.2606,1.4646971,0.7666734,0.97382903,63.21661,0.0475835
2021-10-06 12:00:00,31.305145,24.14679,998.9969,-0.0857172,1.45261,0.39269,65.815216,0.0
2021-10-06 18:00:00,27.719788,24.852264,1002.10376,0.43693805,3.1158924,0.22653848,84.42183,0.0
2021-10-07 00:00:00,26.863922,24.760101,1001.465,1.0192809,1.1840947,0.32554686,88.27798,0.0
2021-10-07 06:00:00,32.60721,24.988007,1002.2319,1.3713069,1.24545,0.3203349,64.290634,0.06142106
2021-10-07 12:00:00,32.07498,24.90561,999.08124,-0.031993687,2.380413,0.44401115,65.92797,0.0
2021-10-07 18:00:00,28.720917,25.636627,1002.4281,0.5526889,3.1206226,0.9562127,83.44818,0.0
2021-10-08 00:00:00,27.72342,24.39444,1001.8606,1.5379223,2.2641008,0.65389407,82.124855,0.0
2021-10-08 06:00:00,31.320099,23.96045,1003.1163,2.4301844,1.4406626,0.99893904,65.02756,0.039387494
2021-10-08 12:00:00,31.631866,25.010132,1000.14374,0.64611864,1.4833988,0.7205403,68.02772,0.81716716
2021-10-08 18:00:00,27.032043,24.574432,1003.5681,2.8982222,1.2252388,0.9309504,86.44541,0.0
2021-10-09 00:00:00,26.070984,24.211243,1002.8425,2.1922731,2.4853902,1.0,89.51476,1.0617425
2021-10-09 06:00:00,27.332977,25.013428,1004.7581,4.2536077,1.5086079,0.97277784,87.18865,6.135157
2021-10-09 12:00:00,30.924347,23.506836,1002.3894,2.8579254,2.5504665,0.6821715,64.71947,0.0
2021-10-09 18:00:00,27.579681,23.611267,1004.1887,2.107295,2.065709,0.9570425,79.01201,0.0
2021-10-10 00:00:00,26.991669,22.857605,1002.9275,2.1626444,0.799436,0.99999994,78.142586,0.0
2021-10-10 06:00:00,31.899933,25.267242,1003.6763,3.050992,0.66488934,1.0,68.035065,0.0
2021-10-10 12:00:00,31.903473,25.275787,1000.3131,0.94008464,0.29059756,0.9766278,68.056015,0.00029802322
2021-10-10 18:00:00,25.847748,25.259827,1003.0625,0.23495501,-0.50987625,0.99999994,96.56935,0.07644401
2021-10-11 00:00:00,25.255188,24.103271,1001.8675,1.6960317,1.9266567,0.9996034,93.34717,0.6585243
2021-10-11 06:00:00,30.774078,25.420776,1002.5619,3.3186102,0.9242742,0.83893216,73.20147,0.0
2021-10-11 12:00:00,29.250977,25.14682,999.8894,1.0227706,1.1307969,0.9809012,78.60406,1.2806005
2021-10-11 18:00:00,25.860321,24.370941,1002.1763,2.224471,0.86050147,0.99999994,91.5098,0.0
2021-10-12 00:00:00,25.789093,23.954803,1000.8806,2.1330109,0.77907085,0.99999994,89.630875,1.3844562
2021-10-12 06:00:00,30.559967,25.831207,1002.3094,3.9314842,0.4589619,0.9505079,75.93019,0.0
2021-10-12 12:00:00,29.512543,23.71811,1000.0744,1.1507144,1.5798554,0.9896875,71.07821,0.0
2021-10-12 18:00:00,27.183685,21.237823,1002.8256,4.017294,0.4176855,0.9361995,70.00202,0.01744926
2021-10-13 00:00:00,25.558746,21.098541,1000.7544,3.2113094,0.73024285,0.7025775,76.39189,0.66863
2021-10-13 06:00:00,30.928986,23.993225,1001.72064,3.0278444,0.14608717,0.47050452,66.6243,0.0
2021-10-13 12:00:00,31.247406,25.231781,998.53,1.1338019,0.72661036,0.7384143,70.45524,0.0
2021-10-13 18:00:00,26.675568,24.774323,1002.0275,-0.682003,0.71082324,0.823925,89.33766,0.03832206
2021-10-14 00:00:00,27.063324,23.734222,1000.5775,1.6240978,0.35814726,0.9756711,82.044655,0.0
2021-10-14 06:00:00,32.480377,24.299866,1000.56,3.0717192,0.12977195,0.73202443,62.14249,0.0010486692
2021-10-14 12:00:00,31.414764,26.55606,998.1306,0.38416046,-0.1020568,0.42363662,75.48148,0.4210775
2021-10-14 18:00:00,27.662384,26.173645,999.8113,0.32974488,2.0472512,0.9197948,91.62137,0.0
2021-10-15 00:00:00,27.704712,24.563324,997.66815,2.1240873,0.85742307,0.93309397,83.04995,0.0
2021-10-15 06:00:00,32.907135,24.481842,998.22064,2.5935087,1.0351174,0.8326287,61.33098,0.025182962
2021-10-15 12:00:00,30.738129,24.355865,996.22687,-0.59928703,1.713843,0.952199,68.8358,0.0
2021-10-15 18:00:00,28.363861,25.987244,998.67126,-0.11339283,2.798681,0.9146331,86.98549,0.0
2021-10-16 00:00:00,28.067139,25.085724,996.73,0.84219223,2.164305,0.7274035,83.887695,0.0
2021-10-16 06:00:00,31.585602,25.976868,998.01624,0.6369766,2.5219555,0.58795726,72.23826,0.07506384
2021-10-16 12:00:00,28.245605,24.83374,996.1219,0.5665642,2.203102,0.51235133,81.781944,0.0
2021-10-16 18:00:00,26.894562,24.93509,999.7175,0.42708075,1.3430618,0.98322856,89.04431,0.0053346157
2021-10-17 00:00:00,26.50766,23.9346,997.7438,1.9801273,1.5226586,0.9469146,85.79908,0.0
2021-10-17 06:00:00,31.943756,25.04779,1000.8225,4.18843,1.2597358,0.99271303,66.9852,0.06637722
2021-10-17 12:00:00,30.39151,24.475311,998.3325,2.4081414,1.5765122,0.8493761,70.71875,0.0
2021-10-17 18:00:00,27.846039,23.23471,1001.9981,3.003396,1.6222558,0.6896993,76.04444,0.0
2021-10-18 00:00:00,27.61795,23.044739,1000.9475,2.6340685,1.6714633,0.94709945,76.18454,0.0
2021-10-18 06:00:00,32.349274,25.035675,1002.79126,4.0772705,0.21132088,0.9193326,65.4189,0.01049228
2021-10-18 12:00:00,31.935944,25.637115,1000.9913,0.78333473,0.7942661,1.0000006,69.40516,0.21090333
2021-10-18 18:00:00,27.608917,25.518616,1004.7569,0.79395247,1.4533565,0.98069286,88.409706,0.0
2021-10-19 00:00:00,27.010468,23.72293,1003.2475,2.2948256,0.80025405,0.9938122,82.243805,0.0
2021-10-19 06:00:00,32.95352,24.96106,1005.1181,1.8712616,-1.0133104,0.98474133,62.947918,0.06341748
2021-10-19 12:00:00,31.011688,26.250885,1003.1694,-0.796359,0.42880118,0.9818997,75.85602,0.0
2021-10-19 18:00:00,27.864197,25.703094,1006.76874,0.75452334,0.9331084,0.9514486,88.059814,0.24074316
2021-10-20 00:00:00,26.220154,24.371277,1005.3525,1.4899354,0.6340401,0.8774561,89.58408,0.0
2021-10-20 06:00:00,31.490875,25.820465,1006.92377,0.36804825,-0.10129738,0.3992045,71.95846,0.24154323
2021-10-20 12:00:00,29.836212,25.320251,1004.4444,-0.40528584,0.8573649,0.40127972,76.784805,0.11489847
2021-10-20 18:00:00,27.1503,25.559021,1007.46313,0.18962526,0.25371468,0.35665613,91.03517,1.1083026
2021-10-21 00:00:00,26.33963,24.74115,1006.6181,0.7141532,0.24082589,0.9388753,90.94435,0.0
2021-10-21 06:00:00,31.74405,24.587402,1007.5831,0.26716173,0.63118577,0.65403485,65.911064,0.0
2021-10-21 12:00:00,29.29898,24.969421,1004.9988,-1.2323866,1.2183335,0.49142736,77.562065,0.0
2021-10-21 18:00:00,27.132233,25.313324,1007.3769,-0.34476566,1.2231187,0.3147965,89.81073,0.0
2021-10-22 00:00:00,26.197906,24.478302,1007.33685,0.49641132,0.5981549,0.6691271,90.27863,0.007235901
2021-10-22 06:00:00,31.724884,25.014587,1007.53436,-0.23989391,0.9888251,0.76095253,67.6875,0.15192215
2021-10-22 12:00:00,30.787079,24.309784,1004.5119,-1.210886,0.47458035,0.2716833,68.45426,0.0
2021-10-22 18:00:00,27.384369,25.480438,1008.5481,-1.0671253,1.5243869,0.143519,89.37633,0.0
2021-10-23 00:00:00,26.273712,24.256744,1006.7356,0.8427696,-0.32985985,0.28605586,88.69028,5.9604645e-05
2021-10-23 06:00:00,31.629059,24.454132,1008.3675,-0.089764595,0.9903442,0.92867404,65.8157,0.16670385
2021-10-23 12:00:00,29.49466,24.406586,1005.7519,-0.21459496,1.0591536,0.9303262,74.154396,0.0
2021-10-23 18:00:00,26.772644,24.740906,1008.48376,0.64063966,1.0455508,0.49311042,88.651505,0.0
2021-10-24 00:00:00,26.297668,24.088623,1006.6044,1.8998842,0.452878,0.5704513,87.67612,0.0
2021-10-24 06:00:00,32.668365,24.660248,1007.89874,0.3014611,-0.96049595,0.9756256,62.827927,0.05378388
2021-10-24 12:00:00,29.791656,24.650635,1005.48126,-2.39297,-0.6958227,0.9791716,73.96869,0.0
2021-10-24 18:00:00,25.897125,24.347992,1008.46936,0.64142895,-0.008138776,1.0,91.185074,0.113498494
2021-10-25 00:00:00,25.921173,24.149414,1005.8781,0.71705073,-1.1707478,1.0,89.97762,0.0
2021-10-25 06:00:00,31.167511,24.383728,1006.28375,-0.95872307,-2.889391,0.9999982,67.28201,0.0
2021-10-25 12:00:00,29.711304,24.387726,1003.6475,-1.5816317,-1.0131922,0.23434794,73.1517,0.004956079
2021-10-25 18:00:00,26.454346,24.18692,1006.1981,-1.189229,-0.35186672,0.8861528,87.383064,0.06885729
2021-10-26 00:00:00,26.09018,24.443756,1004.23065,-0.2715273,-0.9911003,0.9874915,90.6677,0.0
2021-10-26 06:00:00,30.39273,24.604095,1005.8006,-0.4381075,-1.3100681,0.39622247,71.26075,0.02194621
2021-10-26 12:00:00,29.41095,23.829498,1003.15436,-1.5238132,-1.1710949,0.5886094,71.97678,0.026188686
2021-10-26 18:00:00,26.925018,24.237122,1006.09875,-0.08813095,-1.329133,0.3993125,85.251076,0.0
2021-10-27 00:00:00,26.441437,23.941742,1004.7369,0.2939825,-1.6752071,0.4948963,86.171776,0.046627175
2021-10-27 06:00:00,30.67276,25.277374,1005.91376,-0.5972357,-2.4922934,0.378554,73.00138,0.0
2021-10-27 12:00:00,29.30655,23.861237,1003.2562,-1.7136621,-1.2931795,0.85890764,72.55024,0.059506454
2021-10-27 18:00:00,26.583893,23.965881,1005.47186,-0.30867863,-1.4963617,0.9721582,85.57515,0.0
2021-10-28 00:00:00,26.369354,23.509003,1004.59436,0.8169779,-1.6048746,0.9835426,84.31397,0.0111833215
2021-10-28 06:00:00,28.538055,24.327057,1005.8212,-0.3388834,-3.2338572,1.0,78.0031,0.27033895
2021-10-28 12:00:00,28.014435,23.90866,1003.3006,0.19088215,-2.7761602,0.98820776,78.42226,0.0
2021-10-28 18:00:00,26.050903,23.13266,1005.7506,0.47969627,-2.3051386,0.94957703,83.98529,0.0
2021-10-29 00:00:00,25.504272,22.917145,1004.7,0.6138706,-1.8664551,0.99999994,85.627266,0.0
2021-10-29 06:00:00,27.176361,24.848175,1006.60565,-0.061897278,-2.1859636,1.0000002,87.12978,1.9659488
2021-10-29 12:00:00,27.44336,25.250092,1004.6925,-0.9600563,-1.563097,0.98889416,87.85649,0.0
2021-10-29 18:00:00,25.115875,24.397614,1007.6231,-1.178031,-2.8042078,0.98278666,95.80051,0.11541184
2021-10-30 00:00:00,25.29007,24.076508,1006.52936,-0.0034856796,-2.473158,1.0,93.004074,0.15426445
2021-10-30 06:00:00,28.417694,24.41391,1007.4994,-1.8494043,-2.720251,0.85039604,78.960266,2.014509
2021-10-30 12:00:00,28.163757,25.169281,1005.22437,-1.4834805,-2.0471478,0.99503326,83.833015,0.0
2021-10-30 18:00:00,25.946228,24.949219,1006.5375,0.03098774,-2.6843824,1.0000001,94.247505,0.0
2021-10-31 00:00:00,25.830963,24.529999,1006.02374,0.1305027,-2.235137,0.9999999,92.54618,0.0
2021-10-31 06:00:00,27.433868,25.325684,1007.085,-1.3157072,-3.0669537,0.99960405,88.30159,0.78480303
2021-10-31 12:00:00,25.861115,25.126251,1005.0606,-0.38333702,-1.6666365,1.0,95.72859,0.3168465
2021-10-31 18:00:00,24.904327,24.237366,1006.7519,-0.94380474,-2.877759,0.99999994,96.08921,0.0
2021-11-01 00:00:00,24.67215,23.974457,1004.9487,0.36199474,-2.2822132,0.9999982,95.90531,0.0
2021-11-01 06:00:00,28.766693,25.631989,1006.14813,-1.3323803,-2.5763798,0.99999994,83.20404,0.0
2021-11-01 12:00:00,26.961731,24.844543,1003.3331,-1.5214777,-1.5810642,0.9914064,88.21555,0.65023625
2021-11-01 18:00:00,25.200043,24.312378,1006.90436,-1.5408936,-1.5376177,1.0,94.83601,0.0
2021-11-02 00:00:00,25.352814,24.312714,1004.88873,-0.49306965,-1.578207,1.0,93.97977,0.0
2021-11-02 06:00:00,27.34201,25.489471,1005.97125,-3.3360367,-1.427906,0.90184766,89.6465,0.105760455
2021-11-02 12:00:00,27.592926,25.050262,1003.5519,-1.4379673,-0.83175004,0.93359935,86.06059,0.0
2021-11-02 18:00:00,24.969696,24.389435,1006.83435,-0.2435751,-0.6927748,0.9999997,96.59153,1.2070308
2021-11-03 00:00:00,24.36142,23.813538,1004.90436,0.7525635,-2.7268562,1.0000002,96.764565,0.0
2021-11-03 06:00:00,25.777374,25.107422,1007.1344,-0.36897945,-2.1223392,1.0,96.096985,0.09852886
2021-11-03 12:00:00,26.504364,24.691193,1003.77435,-0.61091137,-1.7893581,1.0,89.79637,0.1787073
2021-11-03 18:00:00,24.967926,24.297424,1006.4375,0.06113243,-1.5426598,1.0,96.070656,0.23553377
2021-11-04 00:00:00,24.782623,23.862762,1005.07,0.464801,-1.7688446,1.0,94.636925,0.02226305
2021-11-04 06:00:00,29.327484,24.219269,1006.16376,-1.0460911,-2.5807533,0.99216896,74.03744,0.0
2021-11-04 12:00:00,28.04776,25.335236,1003.40314,-1.0985317,-0.14945602,0.9633801,85.23922,0.25876167
2021-11-04 18:00:00,24.913788,24.326843,1006.5531,0.10318446,0.5627966,0.9641589,96.55147,0.0
2021-11-05 00:00:00,24.807404,23.93161,1004.7625,1.1341205,0.6416698,0.9930826,94.88891,0.0595347
2021-11-05 06:00:00,28.665741,24.025024,1006.34314,1.3477488,-0.19039822,0.9954784,76.03679,0.0
2021-11-05 12:00:00,29.444305,24.239227,1003.1719,-0.15054417,0.5995127,0.85475254,73.627975,0.59484273
2021-11-05 18:00:00,25.465057,24.19638,1005.4856,0.039931715,0.85933226,0.98592085,92.70597,0.0
2021-11-06 00:00:00,25.62741,24.246399,1003.73126,0.46079922,-0.8171425,0.9819813,92.092384,0.0
2021-11-06 06:00:00,29.97702,25.896881,1004.6169,1.7377807,-1.4491043,0.97937214,78.817474,0.03336264
2021-11-06 12:00:00,28.601593,24.92868,1001.5494,-0.849741,-0.9875021,0.94275886,80.56217,1.459018
2021-11-06 18:00:00,25.208466,24.388031,1003.89685,0.8654907,0.21838665,0.98586935,95.21908,0.0
2021-11-07 00:00:00,24.514008,23.499786,1002.35565,1.1653148,0.63461494,0.9946287,94.08977,0.029380448
2021-11-07 06:00:00,28.457062,24.003021,1004.2625,2.2235136,-2.1169195,0.99905914,76.862144,0.0
2021-11-07 12:00:00,27.72409,23.44983,1001.95435,0.8115002,-4.18972,0.996178,77.58903,0.0
2021-11-07 18:00:00,24.953796,23.250427,1004.45935,1.8273001,-3.5693188,1.0,90.28098,1.4766946
2021-11-08 00:00:00,24.619568,23.760681,1003.0125,0.055934906,-4.817711,1.0000002,94.978485,0.0
2021-11-08 06:00:00,25.911102,24.834747,1005.65936,0.64675426,-2.82648,0.9999986,93.80081,0.0
2021-11-08 12:00:00,25.517334,23.535645,1003.7394,0.1718998,-3.6264286,0.9999998,88.81871,0.29832053
2021-11-08 18:00:00,23.922943,22.92279,1005.85126,0.9183073,-3.152172,0.9892782,94.1445,0.057519853
2021-11-09 00:00:00,24.194,22.32721,1004.1163,1.385725,-3.0348482,1.0,89.33632,2.616931
2021-11-09 06:00:00,23.404694,22.135101,1005.84186,1.430522,-3.8744583,1.0,92.591606,0.0
2021-11-09 12:00:00,25.03537,22.224335,1003.6956,1.7166281,-1.9242039,1.0,84.42291,0.0
2021-11-09 18:00:00,24.117706,22.885834,1005.6906,1.3531647,-2.6526737,1.0,92.84161,0.9642287
2021-11-10 00:00:00,23.390472,21.91153,1004.8013,2.5739307,-0.57924557,1.0,91.416466,0.37904942
2021-11-10 06:00:00,25.080505,22.70816,1003.8144,1.9991379,-3.3016825,1.0,86.70822,0.0
2021-11-10 12:00:00,24.540314,22.18576,1001.53064,0.92393744,-3.4180117,1.0,86.75196,0.0
2021-11-10 18:00:00,23.845612,22.624084,1003.0925,1.0271877,-1.9244242,1.0,92.88583,0.0
2021-11-11 00:00:00,23.438751,22.283112,1000.3575,2.786828,0.8434448,1.0000005,93.237976,0.08181333
2021-11-11 06:00:00,28.307526,22.309235,1000.1763,4.9200983,0.13317585,1.0,69.987465,0.0
2021-11-11 12:00:00,26.980865,21.7919,998.09625,2.3490725,0.15770626,0.9999969,73.284004,0.0
2021-11-11 18:00:00,24.627106,21.225494,1000.15564,2.247249,1.666768,1.0000012,81.38374,0.4306554
2021-11-12 00:00:00,24.382477,22.536652,1000.0712,1.629488,1.7181101,0.99999994,89.46442,0.0
2021-11-12 06:00:00,27.699127,23.182281,1001.57874,3.0469637,0.08974266,0.9926313,76.45715,0.0
2021-11-12 12:00:00,27.541595,24.385895,1000.6362,0.84102696,0.42541158,0.93888474,82.960106,0.0
2021-11-12 18:00:00,25.337006,23.669464,1003.16876,0.4527554,1.454322,0.8886909,90.50249,0.002192773
2021-11-13 00:00:00,25.10556,23.816376,1002.4988,0.54671735,1.1233011,0.9383525,92.57282,0.0014251955
2021-11-13 06:00:00,29.81015,23.566498,1003.8906,1.4128393,1.1933898,0.998218,69.23501,0.0104971565
2021-11-13 12:00:00,29.47696,25.082123,1001.40875,-0.54201317,1.7801914,0.9999997,77.286865,0.18661587
2021-11-13 18:00:00,26.385406,25.246826,1003.9975,0.6425004,1.2109773,0.9975529,93.47528,0.6361119
2021-11-14 00:00:00,26.42041,24.601349,1002.3862,1.096257,0.13789946,0.9913755,89.75868,0.0
2021-11-14 06:00:00,28.878204,24.917175,1004.20624,0.5269427,0.13331401,1.0,79.22577,0.033762276
2021-11-14 12:00:00,28.434052,25.539642,1001.28687,-0.86063004,0.45569462,1.0,84.36264,0.33560354
2021-11-14 18:00:00,26.303558,25.158325,1003.9425,-0.8497925,0.79676634,0.8546192,93.4344,0.0
2021-11-15 00:00:00,25.597961,24.369293,1002.005,1.2143755,-0.4481539,0.99906,92.93543,0.0
2021-11-15 06:00:00,29.875397,25.131134,1002.4269,1.407808,-1.4887466,0.90845954,75.754364,0.21943428
2021-11-15 12:00:00,28.701569,25.175293,999.97687,-1.1679077,0.36659908,0.973575,81.28208,0.6490222
2021-11-15 18:00:00,25.694794,24.686554,1002.58374,-0.14293808,0.49557436,0.9863183,94.17381,0.0
2021-11-16 00:00:00,25.265503,24.335938,1001.22565,-0.22917938,0.23670185,0.97046596,94.60069,0.0
2021-11-16 06:00:00,30.468536,25.007904,1003.2531,-0.47873783,0.77758896,0.9964357,72.68351,0.11118807
2021-11-16 12:00:00,27.691345,25.022736,1000.745,-1.0529509,0.89434916,0.99933493,85.426544,3.2358932
2021-11-16 18:00:00,25.742035,24.753296,1004.4469,0.04990101,-1.2607241,0.99812424,94.285576,0.0
2021-11-17 00:00:00,25.306976,24.15564,1002.71,0.41211843,-1.561593,0.9869513,93.352905,0.0
2021-11-17 06:00:00,29.66214,25.612518,1004.7619,0.04521942,-2.3803396,0.99999994,78.91662,0.17584598
2021-11-17 12:00:00,25.195343,24.342407,1003.1763,0.06331539,-1.7465754,1.0,95.03341,0.2032119
2021-11-17 18:00:00,24.600922,23.960938,1004.71124,1.6943917,-1.1097136,1.0,96.236374,0.16513252
2021-11-18 00:00:00,24.351288,23.334045,1001.5519,1.8530308,-1.692791,1.0,94.06564,0.0
2021-11-18 06:00:00,26.122528,23.783112,1001.5075,3.889739,-0.9698181,1.0,86.97644,0.1570968
2021-11-18 12:00:00,25.851105,23.612549,997.9931,4.035206,1.2756321,1.0000001,87.481995,0.23504248
2021-11-18 18:00:00,25.182281,22.659637,999.1856,4.831666,3.497251,0.97382885,85.93085,0.052105904
2021-11-19 00:00:00,25.371979,23.08725,998.2537,2.6378403,2.822155,0.9935791,87.196205,0.0
2021-11-19 06:00:00,29.483673,23.682343,999.78564,2.399069,2.7507725,0.5234953,71.04351,0.0
2021-11-19 12:00:00,27.921967,25.608612,997.33624,0.23965126,1.4344065,0.5961299,87.27286,1.0589375
2021-11-19 18:00:00,26.459229,25.035828,1000.3181,-0.3654871,1.1766558,0.99905807,91.90677,0.0
2021-11-20 00:00:00,25.329468,24.510162,999.52686,-0.15283817,0.81165075,0.95955324,95.229675,0.30158895
2021-11-20 06:00:00,30.963287,25.423553,1001.8869,2.1126175,0.87781024,0.60213387,72.42686,0.0
2021-11-20 12:00:00,29.91037,25.3013,1000.0425,0.105309725,1.0317788,0.29123574,76.37186,2.2366953
2021-11-20 18:00:00,25.061249,23.889221,1003.52435,0.17899698,1.8076475,0.8976249,93.225075,0.0
2021-11-21 00:00:00,25.378998,24.003235,1001.99,0.7877587,-0.2785244,0.2246952,92.107315,0.0
2021-11-21 06:00:00,30.574371,25.472748,1004.78064,-0.15143204,-1.52036,0.7178882,74.271095,0.089746684
2021-11-21 12:00:00,29.573029,24.560669,1003.085,-1.2688379,0.30693495,0.8200409,74.50405,0.0
2021-11-21 18:00:00,27.046051,24.95462,1005.9338,-0.1535927,0.55091107,0.96866614,88.358154,0.0
2021-11-22 00:00:00,25.640717,24.603424,1004.8275,0.57820415,-1.2925863,0.8475028,94.00808,0.07809888
2021-11-22 06:00:00,29.768219,26.247162,1006.34686,-0.20655918,-3.5227213,0.84366876,81.43961,0.08994387
2021-11-22 12:00:00,27.367218,25.22174,1003.77,-1.9389315,-1.4272814,0.9088061,88.100395,0.040113732
2021-11-22 18:00:00,25.817047,24.667938,1006.2625,-0.23697662,-1.8812943,0.99393255,93.389725,0.0
2021-11-23 00:00:00,25.50705,24.100098,1004.2225,0.5205345,-2.3212442,0.9886878,91.94231,0.0017054711
2021-11-23 06:00:00,30.639435,24.857025,1005.6231,-1.3763456,-2.6628199,0.88438964,71.331245,0.14466053
2021-11-23 12:00:00,28.947968,25.01715,1002.78314,-1.7440081,-0.88045216,0.9996035,79.37817,0.0
2021-11-23 18:00:00,26.71634,24.80484,1005.5494,-0.5383682,-2.362238,1.0,89.28604,0.032334626
2021-11-24 00:00:00,25.56601,24.175293,1004.1394,0.66271305,-3.0196772,0.9666461,92.03531,0.0
2021-11-24 06:00:00,29.491608,23.53012,1005.6675,-1.4817686,-3.6066885,1.0,70.36274,0.05102752
2021-11-24 12:00:00,27.665009,24.342316,1004.0112,-1.0463905,0.35444546,1.0,82.14878,0.46215624
2021-11-24 18:00:00,25.96112,24.721771,1006.03687,0.10109806,-1.7910261,1.0,92.89452,0.0
2021-11-25 00:00:00,25.407776,24.449432,1003.965,-0.05967331,-3.5440598,1.0,94.44342,0.0008262992
2021-11-25 06:00:00,27.9758,25.860443,1004.9625,-3.1042051,-4.35905,1.0,88.308136,0.051754832
2021-11-25 12:00:00,26.088226,24.549805,1003.83563,-2.740734,-2.907508,0.9993338,91.25553,0.0
2021-11-25 18:00:00,24.598785,23.807709,1006.52435,-1.1959467,-2.3244314,1.0000001,95.36606,0.11437367
2021-11-26 00:00:00,24.837128,23.980896,1004.2025,-0.05670166,-2.7059898,1.0,95.001625,0.0
2021-11-26 06:00:00,25.929596,24.284454,1006.27124,-2.0813236,-3.2650852,1.0000001,90.66403,2.3895638
2021-11-26 12:00:00,25.203064,23.751343,1004.39124,-0.9064417,-2.3406038,1.0,91.677414,0.0
2021-11-26 18:00:00,24.754364,24.016602,1006.10815,-0.339159,-3.229663,0.99821806,95.67729,0.0
2021-11-27 00:00:00,23.829803,23.058441,1004.52435,-0.6266737,-3.361722,1.0,95.45369,2.4893696
2021-11-27 06:00:00,24.407562,23.953705,1006.09186,-0.27121925,-3.7877293,1.0,97.31411,0.0
2021-11-27 12:00:00,25.750275,24.033386,1004.21625,-1.958992,-2.4859047,0.99999994,90.26249,0.9224361
2021-11-27 18:00:00,24.824432,24.138916,1006.3631,-0.85424614,-2.1482897,0.99999934,95.98001,0.54196644
2021-11-28 00:00:00,24.526245,23.759491,1004.8713,-0.87236977,-2.681551,1.0,95.50327,0.0
2021-11-28 06:00:00,26.825714,23.89682,1006.6069,-1.6210823,-2.7799244,1.0000002,84.016045,2.5830595
2021-11-28 12:00:00,25.378662,23.466827,1004.5744,-1.520175,-2.2203646,0.99065626,89.1828,0.0
2021-11-28 18:00:00,23.756256,23.16507,1007.215,-1.5569553,-2.438055,1.0000004,96.4972,0.0
2021-11-29 00:00:00,23.808075,22.915192,1005.97314,0.16048717,-1.757124,0.9930898,94.753395,0.0
2021-11-29 06:00:00,27.087433,24.414337,1008.27435,-1.5974092,-1.2208519,1.0,85.34312,2.2193372
2021-11-29 12:00:00,27.078644,24.335144,1005.3569,-1.506856,-1.3182211,0.9890476,84.98308,0.0
2021-11-29 18:00:00,24.57785,23.815857,1007.5225,-1.2431049,-1.5634832,0.93798536,95.532364,0.17071243
2021-11-30 00:00:00,25.008911,23.666412,1006.4244,-0.7561846,-1.6582069,0.6484988,92.27098,0.0
2021-11-30 06:00:00,29.985016,25.155548,1008.15314,-1.1847229,-1.7098045,0.9202778,75.38802,0.0
2021-11-30 12:00:00,28.261932,25.064392,1004.6406,-2.240489,-0.8217335,0.20931995,82.83608,0.00207337
2021-11-30 18:00:00,25.236847,24.340027,1008.3525,-0.676466,-1.9260721,0.6003147,94.78539,0.0
2021-12-01 00:00:00,25.380402,23.92389,1006.365,-0.4556265,-2.2617798,0.53752035,91.66158,0.0
2021-12-01 06:00:00,29.17392,24.854858,1006.72565,-2.5060606,-2.5261393,0.38410538,77.59243,0.055792786
2021-12-01 12:00:00,28.07309,24.204681,1004.3194,-2.1222115,-0.8358698,0.55953574,79.55616,0.0
2021-12-01 18:00:00,25.338501,23.846619,1007.53687,-0.13734913,-1.2420549,0.50996447,91.46434,0.12474421
2021-12-02 00:00:00,25.055298,23.5943,1006.04065,0.3183899,-1.818553,0.766395,91.61741,0.0
2021-12-02 06:00:00,29.286957,23.669525,1007.0062,-1.3714886,-3.5422401,0.55881417,71.79929,0.07561836
2021-12-02 12:00:00,28.266876,23.187225,1004.18,-1.8207712,-1.5415907,0.40907204,73.98926,0.0
2021-12-02 18:00:00,25.130646,22.91098,1007.35187,-1.4304047,-1.3324156,0.18393278,87.51886,0.0
2021-12-03 00:00:00,24.249786,22.249908,1005.5669,1.2241817,-1.3258314,0.8563069,88.620125,0.0
2021-12-03 06:00:00,30.113068,21.746246,1007.42126,0.2903372,-2.331479,0.99578124,60.92509,0.0
2021-12-03 12:00:00,29.427887,24.003021,1004.8237,-0.9808254,-0.9877062,0.9111267,72.6604,0.0
2021-12-03 18:00:00,24.621552,22.582672,1007.1294,-1.4411964,-0.5708208,0.38998693,88.44032,0.0
2021-12-04 00:00:00,24.795868,23.146942,1006.2413,0.36610794,-0.37059498,0.8685413,90.5677,0.0
2021-12-04 06:00:00,29.508453,22.985077,1008.065,1.236481,-0.48966026,0.74618995,68.01776,0.08640811
2021-12-04 12:00:00,27.983917,23.671661,1005.2581,0.21725082,0.11484814,0.34781134,77.44969,0.0
2021-12-04 18:00:00,25.450104,23.83432,1007.66876,0.5105692,1.3957075,0.13121243,90.79235,0.0
2021-12-05 00:00:00,25.471222,23.923157,1006.5419,0.71644026,1.0718774,0.32914913,91.16415,0.0
2021-12-05 06:00:00,31.6044,24.505646,1006.9869,1.006552,0.18689942,0.10004215,66.11143,0.049018018
2021-12-05 12:00:00,29.916046,25.412933,1003.6231,-1.2151413,-0.33006,0.33816782,76.85543,0.24668807
2021-12-05 18:00:00,26.996002,25.663391,1006.9988,-0.28355598,1.0934604,0.7514156,92.4344,0.0
2021-12-06 00:00:00,25.65512,24.267792,1005.7469,1.0204782,0.8125927,0.62839276,92.059044,0.0
2021-12-06 06:00:00,29.795868,23.69986,1007.39124,0.35940284,-0.25396347,0.6006162,69.8508,0.0864973
2021-12-06 12:00:00,28.347809,24.35617,1005.0175,-0.5324478,0.35177076,0.7268409,79.00808,0.43680876
2021-12-06 18:00:00,26.19223,24.956451,1007.125,0.0044870377,-0.38621742,0.94575155,92.92612,0.0
2021-12-07 00:00:00,26.178772,24.553864,1006.42377,0.28769684,-0.9802427,0.8602127,90.79033,0.0
2021-12-07 06:00:00,30.400177,23.961548,1007.6956,-1.9583426,-2.241146,0.58574927,68.53902,0.12996793
2021-12-07 12:00:00,29.112091,23.337006,1004.9963,-1.888691,-0.96587753,0.77835095,71.08901,0.0
2021-12-07 18:00:00,25.533295,23.577332,1007.1925,-1.2891006,-1.4542255,0.029385615,88.95781,0.0
2021-12-08 00:00:00,25.350006,24.117615,1006.34375,0.80413055,-2.36374,0.7527813,92.90207,0.00047683716
2021-12-08 06:00:00,29.811737,24.266022,1007.66876,-2.1292763,-3.2916632,0.46159482,72.20157,0.23469487
2021-12-08 12:00:00,29.503082,24.071106,1005.605,-1.5660639,-1.5092402,0.07545682,72.64232,0.0
2021-12-08 18:00:00,25.977936,24.611053,1007.6131,-1.1232948,-1.5155649,0.03068851,92.19003,0.0
2021-12-09 00:00:00,26.31546,24.361328,1007.3025,-0.85884094,-2.3882217,0.9053787,89.028175,0.20408444
2021-12-09 06:00:00,28.623993,25.511993,1009.21564,-1.5054989,-1.7074327,0.85632443,83.300156,0.014265746
2021-12-09 12:00:00,28.62497,24.096191,1007.0681,-1.8170872,-1.1614733,0.2275294,76.5433,0.0
2021-12-09 18:00:00,25.12265,24.032074,1009.6256,-1.4529648,-1.765935,0.638467,93.685356,0.07534027
2021-12-10 00:00:00,24.7706,23.176727,1008.305,0.14685059,-2.4185839,0.82999,90.867935,0.0041386336
2021-12-10 06:00:00,30.313019,24.174591,1009.805,-1.348794,-3.699049,0.89416975,69.76893,0.11563213
2021-12-10 12:00:00,29.304657,23.223907,1007.21625,-2.5734768,-2.2338972,0.29079592,69.82368,0.0
2021-12-10 18:00:00,25.74533,24.108917,1009.3794,-1.2498894,-2.3216887,0.27801102,90.69931,0.05351752
2021-12-11 00:00:00,25.32785,23.64804,1007.7469,-0.17860317,-2.8342104,0.35868537,90.43503,0.0
2021-12-11 06:00:00,29.644684,25.297607,1009.3125,-1.3114967,-3.4576988,0.89998835,77.5316,0.04653164
2021-12-11 12:00:00,27.989044,24.221375,1006.6887,-2.6609383,-2.801157,0.2206679,80.02699,0.0
2021-12-11 18:00:00,25.26419,23.887634,1009.66315,-1.5222149,-2.7235518,0.47722876,92.096436,0.0
2021-12-12 00:00:00,24.134613,23.370575,1008.0712,-0.045838356,-3.410903,0.5099212,95.50603,0.0
2021-12-12 06:00:00,29.03897,24.473358,1009.4338,-1.7150869,-3.4072752,0.88808596,76.437355,0.12053649
2021-12-12 12:00:00,27.870636,24.114258,1006.5675,-2.2061234,-2.4942884,0.34717804,80.065544,0.0
2021-12-12 18:00:00,24.838959,23.76892,1008.79126,-0.83150864,-2.8394146,0.9421405,93.78824,0.07707237
2021-12-13 00:00:00,24.559662,23.437958,1007.0125,-0.6408806,-3.0095901,0.612781,93.48387,0.0
2021-12-13 06:00:00,28.651398,25.229034,1008.9281,-1.9932356,-3.2614584,0.66407686,81.78024,0.08973025
2021-12-13 12:00:00,27.883453,23.970215,1005.6369,-2.297185,-2.611371,0.22992563,79.31662,0.0
2021-12-13 18:00:00,24.580048,23.132874,1007.82935,-1.5461607,-3.3227606,1.0000017,91.66542,0.017362252
2021-12-14 00:00:00,24.350647,23.082855,1006.6256,-0.576561,-3.3355093,0.5902879,92.65212,0.0
2021-12-14 06:00:00,28.412872,24.759735,1008.41565,-1.8347759,-3.518177,0.98379076,80.63298,0.035190158
2021-12-14 12:00:00,26.23816,23.402832,1005.5544,-1.6904984,-3.263342,0.9738178,84.42725,0.040614378
2021-12-14 18:00:00,24.879059,23.005646,1008.53,-1.3612261,-2.5434475,1.0000005,89.352135,0.0
2021-12-15 00:00:00,24.539368,22.751434,1007.10626,-0.6512642,-2.9051743,0.94997233,89.79082,0.0
2021-12-15 06:00:00,28.473541,23.501556,1008.8619,-2.7660217,-4.0390596,0.9978228,74.505806,0.10125719
2021-12-15 12:00:00,27.626862,22.615631,1006.1319,-2.177824,-2.4575024,0.7917912,74.190346,0.0
2021-12-15 18:00:00,25.263275,22.175201,1009.1369,-0.9805689,-3.050809,0.90664756,83.03599,0.0
2021-12-16 00:00:00,25.025238,22.050934,1007.78625,0.15491104,-3.9139738,0.98405725,83.58633,9.313226e-05
2021-12-16 06:00:00,28.676117,21.398895,1009.82,-2.0366068,-4.791317,0.7469293,64.80146,0.0003837049
2021-12-16 12:00:00,27.931488,21.700226,1006.9963,-2.4783792,-1.9666767,0.16910464,68.92973,0.0
2021-12-16 18:00:00,24.608795,21.121368,1009.8056,-0.7264118,-3.1236267,0.1047727,80.953995,0.0
2021-12-17 00:00:00,23.866241,20.558563,1008.5538,0.3358469,-3.6595306,0.8176232,81.759705,0.0
2021-12-17 06:00:00,29.160614,20.902496,1010.2456,-1.2724504,-4.1398745,0.52819765,61.117756,0.0
2021-12-17 12:00:00,28.157928,22.022308,1007.46936,-2.4700212,-1.8352985,0.9895647,69.37658,0.0
2021-12-17 18:00:00,24.72226,21.678314,1010.0206,-0.9127121,-2.8113556,0.10854169,83.19736,0.0
2021-12-18 00:00:00,23.424591,20.401337,1008.0756,0.31751823,-3.5333405,0.095867574,83.15333,0.0
2021-12-18 06:00:00,28.497284,21.750092,1009.45685,-1.3822346,-4.4053593,0.21235937,66.899765,0.0
2021-12-18 12:00:00,27.714203,21.152496,1006.52563,-2.5471935,-2.2188625,0.009125166,67.50682,0.0
2021-12-18 18:00:00,24.308258,20.765015,1010.02814,-1.2188387,-3.003025,0.090320945,80.63782,0.0
2021-12-19 00:00:00,22.691925,19.006561,1009.155,0.70366764,-3.5029926,0.097555056,79.715416,0.0
2021-12-19 06:00:00,28.571075,20.53543,1010.64185,-2.175476,-4.232501,0.5297147,61.828117,0.0007636845
2021-12-19 12:00:00,27.52533,20.096466,1008.0644,-2.31631,-2.097005,0.099159434,63.956444,0.0
2021-12-19 18:00:00,22.866608,19.62613,1011.0425,-0.33538437,-2.6948814,0.03390503,81.97639,0.0
2021-12-20 00:00:00,21.720612,19.278656,1009.5087,1.0230875,-2.875905,0.097671464,86.01806,0.0
2021-12-20 06:00:00,28.663422,20.368073,1010.8606,-2.5362911,-4.101177,0.4302479,60.865856,0.00066822395
2021-12-20 12:00:00,28.121826,20.55783,1007.6262,-1.9320269,-1.690937,0.19882336,63.5526,0.0
2021-12-20 18:00:00,23.272003,20.784698,1010.34436,-0.47820473,-2.070015,0.12449539,85.92927,0.0
2021-12-21 00:00:00,22.262238,19.53244,1009.28687,0.888731,-2.8417826,0.008763877,84.54721,0.0
2021-12-21 06:00:00,28.883698,20.770782,1011.0737,-1.1503611,-3.1707935,0.13214651,61.60392,0.0
2021-12-21 12:00:00,28.069,20.180267,1008.205,-1.7714281,-0.9891281,0.02911377,62.279762,0.0
2021-12-21 18:00:00,23.09488,20.902435,1010.0637,-1.272356,-1.353941,0.0,87.485435,0.0
2021-12-22 00:00:00,22.514313,21.032623,1008.5825,0.5633154,-2.1369324,0.005874634,91.34669,0.0
2021-12-22 06:00:00,28.332,20.906708,1009.9981,-1.5094252,-2.6782036,0.27858847,64.14286,0.0
2021-12-22 12:00:00,27.417206,19.917084,1006.8088,-1.6197882,-0.59442616,0.12252628,63.65176,0.0
2021-12-22 18:00:00,20.974762,19.350494,1008.90375,-2.0945034,-0.7107792,0.0,90.44432,0.0
2021-12-23 00:00:00,20.864899,19.157196,1007.8688,0.38980293,-1.5279341,0.0,89.96796,0.0
2021-12-23 06:00:00,28.158112,19.545624,1009.41876,-1.3069162,-1.7289524,0.015167236,59.56766,0.0
2021-12-23 12:00:00,27.345612,19.608734,1006.77686,-1.7221622,-0.89233875,0.0,62.708454,0.0
2021-12-23 18:00:00,20.817047,19.099243,1008.6962,-1.8213634,-1.2467842,0.0,89.90787,0.0
2021-12-24 00:00:00,20.821564,18.867523,1007.3219,0.86223316,-1.4595547,0.04599762,88.592766,0.0
2021-12-24 06:00:00,28.670929,20.900787,1009.675,-1.5670195,-1.9982147,0.45379344,62.86935,0.0
2021-12-24 12:00:00,27.991608,20.233398,1007.0206,-1.8206768,-0.635396,0.0,62.767197,0.0
2021-12-24 18:00:00,22.243988,20.446198,1009.0706,-1.8717632,-0.9871454,0.0,89.56787,0.0
2021-12-25 00:00:00,21.193146,19.709381,1008.2031,0.7660732,-1.4917564,0.016036987,91.251854,0.0
2021-12-25 06:00:00,28.236359,20.71878,1009.66626,-1.6285019,-1.6943274,0.38338315,63.759285,0.0
2021-12-25 12:00:00,27.895782,20.099518,1007.4412,-2.085743,-0.4601326,0.03251648,62.598675,0.0
2021-12-25 18:00:00,21.440948,19.578949,1009.98315,-1.369812,-1.5187092,0.002817154,89.15152,0.0
2021-12-26 00:00:00,21.439484,19.824677,1008.4969,0.78674793,-1.6731119,0.061187744,90.529396,0.0
2021-12-26 06:00:00,28.905731,20.54361,1010.90625,-2.1382866,-1.9253178,0.57832885,60.670334,0.0
2021-12-26 12:00:00,27.932098,20.392426,1008.58374,-2.445732,-0.8094406,0.039203648,63.607132,0.0
2021-12-26 18:00:00,22.691803,20.952728,1011.45874,-0.2055893,-1.795538,0.008682251,89.92524,0.0
2021-12-27 00:00:00,22.412994,20.584137,1010.3844,0.5758047,-2.1291513,0.2649067,89.409134,0.0
2021-12-27 06:00:00,29.244476,21.315338,1011.3375,-2.668333,-1.6722622,0.73692304,62.383484,0.007437542
2021-12-27 12:00:00,28.462738,21.216705,1008.34,-2.151288,-1.038477,0.09953919,64.88069,0.0
2021-12-27 18:00:00,24.05362,21.546722,1010.04376,-0.7914686,-1.7517633,0.22081089,85.902794,0.0
2021-12-28 00:00:00,23.362457,21.391266,1008.8038,0.3910303,-2.2125807,0.38233882,88.70421,0.0
2021-12-28 06:00:00,29.18161,22.224457,1010.5081,-2.525506,-1.8903522,0.4334604,66.18594,0.019070202
2021-12-28 12:00:00,27.687775,22.307434,1007.6781,-2.3002472,-1.2933626,0.28672525,72.55499,0.0
2021-12-28 18:00:00,23.719513,22.11679,1008.71686,-0.42169,-1.5424452,0.11903499,90.75011,0.0
2021-12-29 00:00:00,23.721954,21.763275,1007.795,0.45770645,-1.8509073,0.6517923,88.800804,0.004195259
2021-12-29 06:00:00,29.63034,21.820587,1009.5012,-2.0204954,-1.9550076,0.608252,62.92531,0.011060387
2021-12-29 12:00:00,28.199432,21.461365,1006.9319,-2.8494463,-1.3230543,0.52928126,66.87732,0.0
2021-12-29 18:00:00,24.299469,21.383759,1009.1269,-0.70223904,-2.6294956,0.32470632,83.804794,0.0003799796
2021-12-30 00:00:00,23.716034,21.3544,1008.1287,-0.11761379,-2.5916386,0.52118963,86.63779,0.011919407
2021-12-30 06:00:00,27.16214,23.25534,1010.4994,-2.6523933,-2.6976671,0.9479761,79.2485,0.34035715
2021-12-30 12:00:00,25.694061,22.605438,1007.89935,-2.2385578,-2.043253,0.76710266,83.08297,0.1402928
2021-12-30 18:00:00,23.745544,22.930237,1010.635,0.03933525,-3.295393,0.99531156,95.19726,0.0
2021-12-31 00:00:00,23.349762,22.418732,1009.1781,-0.19763565,-3.4520216,1.0000014,94.51639,0.006479335
2021-12-31 06:00:00,27.533234,24.273193,1011.3181,-1.0641565,-2.8827362,0.9862715,82.44208,0.27412686
2021-12-31 12:00:00,24.845581,23.03125,1008.84564,-3.0389833,-2.2625284,0.7581947,89.66968,0.025819957
2021-12-31 18:00:00,23.299225,22.586945,1011.32623,-1.4277868,-3.1492863,0.99841774,95.77897,0.0
2022-01-01 00:00:00,23.779694,22.720856,1009.6175,-0.5217457,-3.243804,0.9999999,93.80398,0.0
2022-01-01 06:00:00,26.312225,23.898102,1011.6231,-2.4651928,-3.8521051,0.57810354,86.6039,0.086889714
2022-01-01 12:00:00,24.744751,23.189117,1009.22064,-2.0151787,-2.6194162,0.5963951,91.07651,0.0
2022-01-01 18:00:00,23.400726,22.68039,1011.46124,-1.3112803,-2.8212223,0.7439002,95.73531,0.0
2022-01-02 00:00:00,23.157928,22.472168,1009.39813,-0.4126997,-2.7941666,0.97442806,95.929054,0.02356457
2022-01-02 06:00:00,27.970062,23.689362,1010.7925,-2.6937933,-3.2794065,0.7525554,77.59495,0.17003116
2022-01-02 12:00:00,27.828186,22.728363,1007.6069,-2.8965197,-2.715167,0.43649024,73.82598,0.0
2022-01-02 18:00:00,24.67331,22.271698,1009.78564,-1.4026766,-3.020646,0.9093927,86.51623,0.0
2022-01-03 00:00:00,23.4581,21.781677,1008.17126,-0.40788078,-3.4847755,0.6817626,90.32539,0.0
2022-01-03 06:00:00,28.561249,21.91092,1009.9875,-2.7912273,-3.8901377,0.46256435,67.30942,0.009056181
2022-01-03 12:00:00,27.646332,21.730927,1008.05,-3.0613737,-2.1186132,0.36912885,70.218864,0.0
2022-01-03 18:00:00,23.977081,21.798706,1009.97876,-1.2192106,-2.1776352,0.036039367,87.63824,0.0
2022-01-04 00:00:00,22.918488,21.526978,1008.7706,0.61418724,-2.962884,0.5571205,91.877716,0.0
2022-01-04 06:00:00,28.014679,20.88388,1010.76935,-2.5430927,-4.4791727,0.66282374,65.247536,0.014401972
2022-01-04 12:00:00,27.251984,21.261871,1008.015,-2.364009,-2.3517485,0.477128,69.82507,0.0
2022-01-04 18:00:00,22.500275,20.278076,1010.45935,-1.1371584,-1.8066587,0.0036557573,87.272255,0.0
2022-01-05 00:00:00,21.80252,19.956116,1009.0112,0.7057476,-2.9771023,0.024108887,89.26574,0.0
2022-01-05 06:00:00,28.593964,21.20102,1010.6975,-1.2348099,-2.8640356,0.19547911,64.32611,0.0
2022-01-05 12:00:00,28.172028,21.769318,1007.4456,-1.7646723,-1.0564947,0.18450649,68.257614,0.0
2022-01-05 18:00:00,24.171783,22.223602,1009.6912,-1.5638332,-2.3160152,0.076455496,88.89322,0.0
2022-01-06 00:00:00,23.418976,22.00534,1008.5,0.32452488,-2.7664623,0.18249488,91.78308,0.0005736947
2022-01-06 06:00:00,27.86148,22.584076,1009.5125,-2.7015839,-3.3979378,0.91001964,73.04035,0.046437606
2022-01-06 12:00:00,27.95224,23.065521,1006.2369,-2.5382624,-1.3076563,0.4098012,74.805595,0.0
2022-01-06 18:00:00,24.214874,22.98294,1008.78937,-1.2932072,-1.6227808,0.12840831,92.84628,0.00028684735
2022-01-07 00:00:00,24.093475,22.616852,1008.4219,0.24260426,-1.889452,0.53268605,91.47262,0.00066682696
2022-01-07 06:00:00,28.58908,23.175323,1009.5037,-2.4939184,-2.510189,0.75111777,72.56425,0.20695034
2022-01-07 12:00:00,27.69284,23.640503,1007.13,-2.649126,-1.3103571,0.41176546,78.62935,0.0
2022-01-07 18:00:00,24.55191,23.14624,1009.98376,-1.3087711,-1.2098093,0.5286518,91.89406,0.0
2022-01-08 00:00:00,23.742645,22.486664,1008.5769,-0.0525074,-2.113038,0.28206563,92.68631,0.0
2022-01-08 06:00:00,29.01883,22.90158,1010.29877,-2.8171816,-3.1721973,0.55672055,69.6163,0.19073859
2022-01-08 12:00:00,28.279205,22.9982,1007.4819,-2.8145514,-1.8285408,0.3534674,73.09576,0.0
2022-01-08 18:00:00,24.360199,22.473236,1009.22565,-1.5816107,-1.2349253,0.1569911,89.239426,0.0
2022-01-09 00:00:00,23.865204,21.989227,1007.40564,0.004430771,-2.019517,0.22127342,89.26137,0.0
2022-01-09 06:00:00,28.909698,22.50705,1008.8475,-2.257513,-2.3836842,0.34340495,68.40092,0.05950965
2022-01-09 12:00:00,28.504364,22.711212,1005.9581,-1.9350166,-0.97304153,0.3494812,70.901474,0.0
2022-01-09 18:00:00,24.08548,22.502533,1008.4556,-1.5320759,-0.43257618,0.9942639,90.88343,0.0
2022-01-10 00:00:00,22.951935,21.680328,1007.17126,0.15562916,-1.3971109,0.27070266,92.555855,0.0
2022-01-10 06:00:00,29.655914,22.298279,1009.1887,-1.6300402,-1.8338556,0.33495754,64.68905,0.0
2022-01-10 12:00:00,28.720245,22.409698,1006.1044,-2.9202824,-0.29653454,0.26199052,68.748245,0.0
2022-01-10 18:00:00,24.593842,22.739105,1007.9969,-1.2232552,-0.9712496,0.12817901,89.43185,9.49949e-05
2022-01-11 00:00:00,24.958954,22.722443,1007.09436,0.43071747,-2.5126,0.2675622,87.41451,0.0010486692
2022-01-11 06:00:00,29.723175,23.67807,1008.78064,-1.5875206,-1.9705906,0.27374554,70.051704,0.06035698
2022-01-11 12:00:00,28.049347,23.7641,1005.89185,-2.80618,-0.20255184,0.40996373,77.58534,0.007821273
2022-01-11 18:00:00,25.054108,23.427856,1007.7438,-1.1640234,-0.96079445,0.057151943,90.709076,0.0
2022-01-12 00:00:00,24.445404,23.110352,1006.5725,0.5173321,-1.562191,0.8663616,92.28119,0.0
2022-01-12 06:00:00,29.93814,22.905975,1008.39935,-1.0933809,-0.9051256,0.6215463,66.03866,0.12210844
2022-01-12 12:00:00,29.07962,23.149628,1005.33563,-2.3861036,0.08428192,0.31043738,70.42095,0.0
2022-01-12 18:00:00,25.171173,24.120117,1007.8325,-1.689065,0.061365664,0.04837224,93.910095,0.0
2022-01-13 00:00:00,23.947174,23.223724,1006.09125,0.79931927,-0.5268868,0.45206732,95.73439,0.0
2022-01-13 06:00:00,30.51651,22.800568,1007.5469,-0.5557308,-0.18708706,0.25508863,63.476936,0.109775595
2022-01-13 12:00:00,29.569977,24.101715,1004.2344,-2.0563965,0.38321984,0.36140618,72.49578,0.02336628
2022-01-13 18:00:00,25.765045,23.780457,1006.79065,-1.967495,-0.12548494,0.17013875,88.82272,0.0
2022-01-14 00:00:00,24.484772,23.023346,1005.6281,0.3984499,-0.64754874,0.70922536,91.5807,0.07450871
2022-01-14 06:00:00,30.563995,24.528961,1008.1325,-0.2631874,-0.15326506,0.81650835,70.24893,0.0
2022-01-14 12:00:00,30.129425,24.124542,1003.995,-2.103734,-0.021653175,0.2422171,70.2962,0.0
2022-01-14 18:00:00,25.009247,23.534943,1006.70685,-1.4969769,-0.2145651,0.086873084,91.54118,0.0
2022-01-15 00:00:00,24.860443,23.65216,1005.7506,0.43968296,-1.0037184,0.9046093,93.011955,0.0
2022-01-15 06:00:00,30.492218,22.756744,1007.9906,-2.1310644,-0.83701324,0.5803342,63.396633,0.0985153
2022-01-15 12:00:00,29.288055,24.020233,1005.51624,-3.043354,-0.5476284,0.3495056,73.32508,0.094968826
2022-01-15 18:00:00,25.364166,23.701813,1007.9531,-0.9365673,-1.9543934,0.27341944,90.53259,0.0
2022-01-16 00:00:00,24.977936,23.227936,1007.1869,-0.1652317,-2.1846256,0.313649,90.028694,0.0
2022-01-16 06:00:00,30.16397,22.957855,1009.6131,-2.1626253,-3.1944056,0.9221462,65.3927,0.14496058
2022-01-16 12:00:00,29.23404,23.115143,1007.02814,-3.2081814,-1.6825047,0.29385567,69.64969,0.0
2022-01-16 18:00:00,24.71762,22.750854,1009.7,-1.7990828,-2.27627,0.43484205,88.83588,0.11674315
2022-01-17 00:00:00,24.36612,22.82904,1008.7944,-0.5590706,-2.7509804,0.83809555,91.1548,0.0
2022-01-17 06:00:00,28.457062,22.92099,1011.54126,-1.6619759,-3.1456556,0.98928607,72.00627,0.03641553
2022-01-17 12:00:00,27.25595,21.849731,1008.54065,-3.0977688,-2.8384771,0.23656487,72.36543,0.0
2022-01-17 18:00:00,23.907623,21.269318,1011.555,-0.6909199,-2.8865337,0.14766967,85.19952,0.0018147803
2022-01-18 00:00:00,23.236603,20.71408,1009.625,0.48990726,-2.9246721,0.23134422,85.739685,0.0
2022-01-18 06:00:00,28.408722,21.23584,1010.53186,-2.832944,-3.2856998,0.43643737,65.16113,0.07294491
2022-01-18 12:00:00,28.080292,21.417053,1007.0531,-2.907322,-1.5716915,0.32590127,67.16057,0.0
2022-01-18 18:00:00,23.873322,21.421112,1009.7438,-1.307437,-1.4243593,0.089309216,86.17326,0.0
2022-01-19 00:00:00,23.140594,21.217377,1008.0144,0.755888,-2.5260487,0.6078198,88.94783,0.029943883
2022-01-19 06:00:00,28.981842,21.675934,1009.745,-1.05972,-3.1701107,0.3024516,64.75188,0.028045915
2022-01-19 12:00:00,28.47879,20.800629,1005.0506,-2.090067,-1.7003031,0.38874832,63.184185,0.0
2022-01-19 18:00:00,23.490631,20.841461,1008.2925,-1.7996321,-0.7597723,0.0,85.099686,0.0
2022-01-20 00:00:00,21.896515,20.46347,1006.3756,0.57064915,-1.189498,0.0,91.58248,0.0
2022-01-20 06:00:00,28.84909,20.600494,1008.0706,-0.8652344,-2.0493546,0.050937653,61.08357,0.0
2022-01-20 12:00:00,28.769806,20.660248,1004.06,-1.9622297,-0.88441086,0.062469482,61.591263,0.0
2022-01-20 18:00:00,23.009674,21.188263,1006.6163,-1.6649113,0.967835,0.0,89.49503,0.0
2022-01-21 00:00:00,22.019318,20.763947,1005.98,1.1272745,-0.767889,0.022922516,92.59778,0.0
2022-01-21 06:00:00,29.589386,21.493073,1008.77435,0.159585,0.8163785,0.023042679,61.82358,0.0
2022-01-21 12:00:00,30.390045,21.805939,1004.0669,-1.2185345,1.0335953,0.009586334,60.18395,0.0
2022-01-21 18:00:00,23.36026,21.985016,1006.5019,-0.52958107,1.6720176,0.876575,91.9948,0.0
2022-01-22 00:00:00,23.054657,22.14383,1004.85565,1.473361,1.551197,0.8731159,94.62093,0.0
2022-01-22 06:00:00,31.223907,22.251862,1005.6769,1.7117331,1.1688952,0.8851215,58.966022,0.0
2022-01-22 12:00:00,30.978912,21.103302,1001.73,-2.109006,1.247735,0.058456965,55.74099,0.0
2022-01-22 18:00:00,24.855804,23.27414,1004.5731,-1.0007181,1.685886,0.0,90.94052,0.0
2022-01-23 00:00:00,23.86258,23.15982,1004.5175,1.0612444,0.51073545,0.44010925,95.851555,0.0
2022-01-23 06:00:00,29.904938,21.914703,1005.8212,0.8482015,2.4603062,0.11752319,62.29545,0.005341135
2022-01-23 12:00:00,30.514069,22.155304,1002.3212,-1.6773796,1.9087412,0.10658747,61.044926,0.0
2022-01-23 18:00:00,25.538544,23.009247,1004.5144,-0.08626175,2.4354458,0.06059083,85.93097,0.0
2022-01-24 00:00:00,24.153595,23.10971,1003.7344,0.62769604,-0.32493412,0.8090718,93.90569,0.0
2022-01-24 06:00:00,29.777863,23.06485,1005.65564,-1.2740669,1.744113,0.4485374,67.2943,0.056365505
2022-01-24 12:00:00,28.58194,22.970795,1002.6381,-1.0862484,2.1896992,0.68573004,71.701744,0.0
2022-01-24 18:00:00,25.245941,22.615631,1004.8256,-1.504569,0.9925377,0.9375531,85.37754,0.0
2022-01-25 00:00:00,24.668793,22.226929,1004.0637,0.317091,-0.22066414,0.9113204,86.30411,0.041190535
2022-01-25 06:00:00,30.93106,22.67752,1005.8663,-1.449789,1.4574842,0.94537264,61.529785,0.0
2022-01-25 12:00:00,29.447906,21.290741,1002.7925,-2.3971577,2.107479,0.9452548,61.562187,0.0
2022-01-25 18:00:00,24.90976,21.729797,1005.72,-1.4862556,0.2924227,0.38690746,82.53049,0.0
2022-01-26 00:00:00,24.511627,22.033936,1004.3731,0.14468575,0.35173118,0.9229386,86.10086,0.0
2022-01-26 06:00:00,29.70401,22.51059,1006.495,-2.3467875,0.8835622,0.73182535,65.34811,0.318249
2022-01-26 12:00:00,27.578094,23.040497,1003.9425,-2.0598984,1.2084167,0.9800922,76.342735,0.12388337
2022-01-26 18:00:00,24.87619,22.63498,1006.895,-1.1605597,-0.49113864,0.9968153,87.38228,0.0
2022-01-27 00:00:00,24.15689,22.092743,1005.16064,-0.86300087,-0.55356884,0.9716337,88.26636,0.0
2022-01-27 06:00:00,29.637115,21.031616,1007.0206,-2.7485857,-1.4398203,0.97398865,59.93364,0.050922856
2022-01-27 12:00:00,28.39621,21.22702,1003.79065,-3.4388542,-1.5273399,1.0000007,65.17327,0.0
2022-01-27 18:00:00,24.152313,21.866455,1007.3325,-1.5088949,-1.6135807,0.9924761,87.080505,0.0007636845
2022-01-28 00:00:00,24.222015,21.537537,1006.0756,-0.39363766,-3.1414366,0.9256042,84.99133,0.07767143
2022-01-28 06:00:00,28.414825,21.761139,1008.68,-2.635704,-3.6539898,0.36949635,67.266495,0.13003653
2022-01-28 12:00:00,28.441803,22.32309,1005.35315,-3.1665602,-2.436576,0.20594072,69.50168,0.0
2022-01-28 18:00:00,25.190277,21.658203,1008.3681,-1.5835743,-3.3856325,0.6070957,80.80776,0.0
2022-01-29 00:00:00,25.231842,21.777985,1006.7481,-0.33525467,-3.6563082,1.0000026,81.20025,0.027475413
2022-01-29 06:00:00,28.776031,21.886383,1009.26935,-3.5591917,-4.3648357,0.99866545,66.37632,0.045476552
2022-01-29 12:00:00,27.306366,23.153168,1006.4775,-2.7847948,-2.639882,0.98215365,78.09741,0.0
2022-01-29 18:00:00,25.268555,22.240448,1009.3781,-1.8377781,-3.0322485,0.9737073,83.340294,0.006957323
2022-01-30 00:00:00,25.66986,21.55484,1007.27936,-0.28774834,-2.9631052,1.0000044,78.042114,0.0
2022-01-30 06:00:00,26.660736,22.312958,1009.1669,-0.6886225,-3.1936846,1.0000019,77.08693,0.027184887
2022-01-30 12:00:00,27.198639,24.180573,1005.4387,-1.7868881,-0.8565111,0.8498306,83.608345,0.058439218
2022-01-30 18:00:00,24.484528,22.684692,1007.8,-1.1439886,-1.0767002,0.6029807,89.72205,0.0
2022-01-31 00:00:00,24.004486,22.299164,1005.96436,0.6147785,-2.0109425,0.37576002,90.20433,0.00047666254
2022-01-31 06:00:00,29.908356,22.319489,1008.0494,-1.3472672,-1.6419992,0.903261,63.838326,0.007917348
2022-01-31 12:00:00,29.393951,22.68747,1004.54626,-3.5147943,-0.29483318,0.29797643,67.24486,0.0
2022-01-31 18:00:00,24.61148,22.632874,1007.3819,-1.6722383,-0.29342842,0.4449279,88.763695,0.0
2022-02-01 00:00:00,24.140533,21.764313,1005.6256,0.37062836,-1.5566902,0.45677185,86.600235,0.0
2022-02-01 06:00:00,29.795074,21.623016,1007.5606,-1.7431173,-1.8436737,0.9837622,61.583252,0.0003813766
2022-02-01 12:00:00,28.920074,22.288239,1004.445,-3.001007,-0.7183428,0.046142578,67.45645,0.0
2022-02-01 18:00:00,23.575775,21.542328,1006.6369,-1.7653885,-0.03992653,0.0015802383,88.38402,0.0
2022-02-02 00:00:00,22.229584,20.656097,1006.6331,0.3411951,-1.4311504,0.0,90.81406,0.0
2022-02-02 06:00:00,29.249786,20.814056,1008.39124,-1.7387238,-1.0830708,0.12951279,60.473736,0.0
2022-02-02 12:00:00,28.79129,20.506561,1005.1987,-2.9615536,-0.4464283,0.6386566,60.93463,0.0
2022-02-02 18:00:00,22.217072,19.75113,1008.0737,-1.8617363,0.023091316,0.026473999,85.9388,0.0
2022-02-03 00:00:00,20.809845,19.456573,1006.9675,0.48217678,-1.257184,0.025810242,91.97096,0.0
2022-02-03 06:00:00,28.828766,20.022675,1008.64874,-0.87684345,-0.002482295,0.08570099,59.011482,0.0
2022-02-03 12:00:00,29.584991,21.046234,1004.1912,-1.6330814,0.37402564,0.013137817,60.167915,0.0
2022-02-03 18:00:00,23.331879,21.19339,1006.4394,-1.2528572,1.0403361,0.01615715,87.79653,0.0
2022-02-04 00:00:00,22.326324,20.879913,1004.8625,1.2887039,-0.13609457,0.0017814636,91.53335,0.0
2022-02-04 06:00:00,30.56424,21.744843,1006.215,0.46366936,0.98884153,0.0,59.36469,0.0
2022-02-04 12:00:00,31.504913,22.31363,1002.0581,-2.4383526,0.93605036,0.10889053,58.2494,0.0
2022-02-04 18:00:00,25.417236,22.563904,1005.3575,-1.7009621,1.0173619,0.0,84.24715,0.0
2022-02-05 00:00:00,24.350128,22.479523,1004.8625,0.82130814,-0.643548,0.5768978,89.32741,0.0
2022-02-05 06:00:00,30.466095,22.041779,1007.5419,-1.128377,1.0460199,0.8351713,60.790855,0.01182314
2022-02-05 12:00:00,30.299713,22.621368,1003.2825,-2.7240705,-0.49257088,0.015563965,63.575447,0.0
2022-02-05 18:00:00,25.299347,23.068329,1007.2544,-2.902524,0.026133537,0.7061649,87.47348,0.0
2022-02-06 00:00:00,24.183258,22.395386,1006.95123,-0.27031517,-1.1997538,0.3006826,89.765305,0.014493242
2022-02-06 06:00:00,30.287994,22.029327,1009.39374,-2.7230759,-0.8333521,0.48304164,61.367805,0.029845163
2022-02-06 12:00:00,29.636871,22.016754,1006.72064,-3.608591,-0.65366745,0.52447546,63.65906,0.0
2022-02-06 18:00:00,24.988617,22.253113,1009.98315,-1.8425131,-1.0611534,0.8586853,84.80699,0.0
2022-02-07 00:00:00,23.791718,21.646027,1008.21564,0.27348518,-1.7899923,0.75000983,87.7974,0.0
2022-02-07 06:00:00,30.30655,20.726044,1009.6925,-2.1614227,-3.4763718,0.4724133,56.597946,0.0
2022-02-07 12:00:00,29.098297,21.535492,1006.7556,-3.6927214,-1.5753193,0.6383152,63.766914,0.0
2022-02-07 18:00:00,24.028107,20.91864,1008.95435,-1.4492979,-1.3515663,0.9872194,82.783226,0.0
2022-02-08 00:00:00,23.401337,20.87088,1007.0706,0.6442547,-1.8801832,0.07980347,85.71425,0.0
2022-02-08 06:00:00,30.31363,20.477875,1008.9625,-1.4943323,-2.9461164,0.38637868,55.716305,0.0
2022-02-08 12:00:00,29.196808,20.719208,1005.2356,-3.6918612,-1.7321072,0.94584537,60.306053,0.0
2022-02-08 18:00:00,23.98526,19.816803,1008.1775,-1.5989294,-1.5270386,1.0,77.53845,0.0
2022-02-09 00:00:00,22.612823,19.961731,1006.6994,-0.11526203,-2.4376898,0.9357787,84.998276,0.0
2022-02-09 06:00:00,29.66153,20.058838,1008.97375,-2.666586,-3.0743122,0.32499462,56.365376,0.0
2022-02-09 12:00:00,28.264923,20.519012,1005.5656,-3.521616,-2.0245152,0.6993508,62.874622,0.0
2022-02-09 18:00:00,22.906647,19.73883,1008.14,-0.7694454,-1.8268852,0.07586895,82.35181,0.0
2022-02-10 00:00:00,21.9169,19.334686,1006.2944,0.8543749,-2.9342232,0.364519,85.29012,0.0
2022-02-10 06:00:00,29.486053,20.117706,1007.8956,-1.2649546,-3.2662468,0.48747885,57.146114,0.0
2022-02-10 12:00:00,29.148468,22.042023,1004.3775,-3.443452,-1.4094543,0.9142543,65.57999,0.0
2022-02-10 18:00:00,26.655762,22.569366,1007.3931,-2.0630732,-1.9052076,1.0,78.32059,0.00011920929
2022-02-11 00:00:00,24.533142,22.180695,1005.1881,-0.1849699,-2.880993,1.0000001,86.76242,0.93183553
2022-02-11 06:00:00,24.381165,22.824066,1008.52936,1.327321,-2.2323475,1.0,91.045204,2.5246186
2022-02-11 12:00:00,25.133331,23.87796,1005.065,-0.21679688,-2.7841597,0.9993349,92.76274,0.0
2022-02-11 18:00:00,24.582123,24.430084,1007.4487,-1.4522381,-2.5857954,0.99999994,99.09429,0.0
2022-02-12 00:00:00,24.436127,23.211823,1005.23376,-0.722909,-2.8269253,0.9971831,92.90053,0.0
2022-02-12 06:00:00,25.35788,22.817352,1007.8825,0.039219856,-3.2991467,0.9728635,85.8549,0.039515167
2022-02-12 12:00:00,27.573395,23.121918,1004.3237,-2.135622,-1.4587288,1.0000008,76.740715,0.0
2022-02-12 18:00:00,25.212738,21.741333,1006.605,-2.1648579,-2.3184204,0.936344,81.11083,0.0
2022-02-13 00:00:00,24.637115,21.134064,1004.60876,0.22358322,-2.6528654,0.9496535,80.88004,9.5926225e-05
2022-02-13 06:00:00,28.862946,21.561737,1007.3187,-2.4982138,-3.5967655,0.69066167,64.74554,0.00839401
2022-02-13 12:00:00,28.427338,21.914032,1003.39435,-2.8023024,-1.2578783,0.2348975,67.84799,0.0
2022-02-13 18:00:00,23.487335,21.08554,1006.2919,-1.107914,-1.440403,0.3515063,86.403046,0.0
2022-02-14 00:00:00,23.355133,20.922455,1004.2706,0.6900101,-2.2000055,0.79023445,86.22661,0.0011445954
2022-02-14 06:00:00,28.838043,22.386566,1006.91,-2.6222067,-3.2234697,0.96601844,68.18437,0.11940699
2022-02-14 12:00:00,27.736115,22.556793,1003.73315,-3.5261698,-2.1263447,0.40049016,73.45525,0.0
2022-02-14 18:00:00,23.682526,21.002472,1006.7419,-1.3899956,-1.293952,0.5782441,84.958176,0.0
2022-02-15 00:00:00,23.300995,20.082489,1005.0,0.24947739,-1.9897776,0.80351317,82.14143,0.0
2022-02-15 06:00:00,28.968231,20.938934,1007.7025,-1.6910143,-3.2733364,0.7241271,61.94042,0.0
2022-02-15 12:00:00,27.911713,20.954254,1003.21625,-4.0336237,-1.2637615,0.27206987,65.92518,0.0
2022-02-15 18:00:00,23.221588,20.327515,1006.5094,-0.9049921,-1.593154,0.069737636,83.796,0.0
2022-02-16 00:00:00,22.497955,20.363098,1004.0563,0.79908085,-1.6541319,0.991993,87.74407,0.0
2022-02-16 06:00:00,28.981354,20.625763,1005.6119,-1.3978786,-2.7280073,0.871049,60.71188,0.0
2022-02-16 12:00:00,28.314484,20.599579,1001.02185,-2.8291798,-1.4641905,0.46407175,63.005726,0.0
2022-02-16 18:00:00,22.874603,20.03772,1003.90564,-1.11339,-1.4217176,0.98268,84.05417,0.0
2022-02-17 00:00:00,22.461212,20.504913,1002.1944,0.95695496,-1.447815,0.8745281,88.713104,0.0
2022-02-17 06:00:00,28.594025,20.773346,1004.6625,-1.8306646,-2.3867378,0.9923886,62.657433,0.0
2022-02-17 12:00:00,28.77835,21.05716,1000.4888,-2.5133867,-1.8098564,0.05186355,63.082153,0.0
2022-02-17 18:00:00,23.43106,20.857788,1003.83875,-1.6930952,-1.8922548,0.03820856,85.491806,0.0
2022-02-18 00:00:00,23.450836,21.313446,1003.0569,0.9536381,-2.213601,0.9263076,87.8127,0.0012405217
2022-02-18 06:00:00,28.64389,22.446808,1005.58185,-1.9425783,-2.8238773,0.89742076,69.209404,0.098434314
2022-02-18 12:00:00,28.828766,23.265533,1002.7975,-3.4778738,-1.1926765,0.44004828,71.95347,0.0
2022-02-18 18:00:00,24.63919,22.270752,1006.35376,-0.9487171,-2.029048,0.9947453,86.68787,0.0
2022-02-19 00:00:00,23.485382,20.717438,1005.66376,0.069363594,-2.4381742,0.9799609,84.47932,0.0007636845
2022-02-19 06:00:00,29.102386,22.912445,1008.235,-2.7447863,-2.5122423,0.9959661,69.32619,0.17441446
2022-02-19 12:00:00,28.391327,23.056,1005.1312,-3.4009151,-1.8440962,0.98375887,72.87503,0.0
2022-02-19 18:00:00,25.047821,22.373688,1007.45123,-1.4321156,-1.759346,0.26133978,85.13035,0.0
2022-02-20 00:00:00,23.732086,21.221222,1005.28436,0.85019684,-2.182331,0.39768738,85.85027,0.0
2022-02-20 06:00:00,30.0419,21.75998,1007.9894,-0.55808735,-1.0445948,0.1616461,61.225914,0.0
2022-02-20 12:00:00,30.22696,23.022003,1003.32874,-2.6360683,0.20894146,0.4247527,65.4103,0.0
2022-02-20 18:00:00,24.969696,23.015625,1005.5781,-1.7984514,-0.025502205,0.0,88.92403,0.0
2022-02-21 00:00:00,23.504791,22.157684,1003.98065,1.2089539,-0.46579635,0.29170352,92.16095,0.0
2022-02-21 06:00:00,30.56839,22.90512,1006.1425,0.3480546,0.88233453,0.024765015,63.69095,0.0
2022-02-21 12:00:00,30.79544,23.634003,1002.0775,-2.55583,1.1776181,0.11775549,65.69913,0.0
2022-02-21 18:00:00,25.078827,23.640167,1005.41565,-1.2852745,1.2132676,0.007075129,91.74217,0.0
2022-02-22 00:00:00,22.828278,22.213104,1004.8281,1.6075554,-0.13648206,0.4084859,96.33234,0.0
2022-02-22 06:00:00,31.223541,22.688995,1007.9625,-1.4361525,0.56276906,0.23863977,60.554512,0.0008579809
2022-02-22 12:00:00,30.397858,22.309235,1004.70874,-2.9835129,0.21609783,0.073141694,62.031067,0.0
2022-02-22 18:00:00,25.042511,22.785217,1008.6262,-1.740756,-0.60671234,0.08628845,87.311806,0.0
2022-02-23 00:00:00,24.705719,22.501038,1007.7475,-0.1038332,-1.6289606,0.46156812,87.56135,0.0
2022-02-23 06:00:00,30.78128,21.439117,1010.1119,-2.7700138,-1.8740988,0.2713235,57.546276,0.0028605573
2022-02-23 12:00:00,29.880157,21.23233,1007.3088,-3.9087238,-1.0736856,0.0035638404,59.833664,0.0
2022-02-23 18:00:00,24.675201,22.440125,1010.3675,-1.2292109,-1.6289129,0.04789516,87.39709,0.0
2022-02-24 00:00:00,23.69284,21.780273,1009.57935,0.12279034,-2.467184,0.70037466,89.04901,0.00019045547
2022-02-24 06:00:00,29.415192,21.69693,1011.4269,-2.9135313,-2.4822264,0.42470133,63.23131,0.07028493
2022-02-24 12:00:00,29.276276,21.47641,1007.82935,-3.3075848,-1.282588,0.21883184,62.88644,0.0
2022-02-24 18:00:00,24.688995,21.983856,1009.6962,-1.7383928,-1.060072,0.0,84.93267,0.0
2022-02-25 00:00:00,23.103302,21.049103,1008.84314,0.27117348,-2.031005,0.20964837,88.232574,0.0
2022-02-25 06:00:00,29.657867,20.09024,1010.4256,-1.7102737,-2.1818342,0.2547694,56.486923,0.0
2022-02-25 12:00:00,29.302155,20.86026,1006.7925,-3.7810192,-0.61650944,0.0,60.462685,0.0
2022-02-25 18:00:00,22.95169,20.611694,1009.04565,-1.3836365,-1.2126408,0.28811675,86.68148,0.0
2022-02-26 00:00:00,23.522614,20.779633,1008.2,0.7863493,-2.3421326,0.35076523,84.61324,0.0
2022-02-26 06:00:00,29.818573,21.605865,1010.3875,-2.9128075,-1.5399885,0.90625936,61.435562,0.018507242
2022-02-26 12:00:00,28.990875,22.953583,1006.8769,-3.5857773,-1.3727522,0.37702727,69.948975,0.0
2022-02-26 18:00:00,25.952728,23.585175,1009.8275,-1.924923,-1.7903614,0.261441,86.81377,9.49949e-05
2022-02-27 00:00:00,24.773956,22.145142,1008.3275,-0.64014053,-2.6502228,0.77394307,85.33746,0.01440011
2022-02-27 06:00:00,30.424347,22.279938,1010.1169,-3.1418,-2.4649334,0.26642388,61.8267,0.008963048
2022-02-27 12:00:00,30.247955,22.121124,1006.2656,-3.9724445,-1.2478561,0.042222206,61.85395,0.0
2022-02-27 18:00:00,24.571503,21.923828,1009.5087,-1.434083,-1.3084164,0.001785329,85.21879,0.0
2022-02-28 00:00:00,23.92752,21.806915,1008.08936,0.5511513,-2.3768911,0.872421,87.943695,0.0
2022-02-28 06:00:00,30.61441,21.371979,1009.71814,-1.5350657,-2.2414455,0.07647705,57.85942,0.0
2022-02-28 12:00:00,30.669708,20.521088,1005.5706,-3.317937,-1.0250301,0.026638031,54.737656,0.0
2022-02-28 18:00:00,24.939606,22.747467,1009.28687,-1.4719915,-1.326127,0.0,87.64836,0.0
2022-03-01 00:00:00,24.18985,22.57785,1007.2706,-0.16448784,-2.4402294,0.7937781,90.73007,0.0
2022-03-01 06:00:00,31.485138,21.220978,1009.1969,-1.6121607,-2.8941984,0.9061976,54.54964,0.0
2022-03-01 12:00:00,30.766388,19.269684,1006.705,-3.3806705,-1.5306549,0.80887157,50.3747,0.0
2022-03-01 18:00:00,23.697662,21.251617,1008.9825,-0.9096947,-2.2936945,1.0,86.188896,0.0
2022-03-02 00:00:00,23.19217,21.547394,1007.2575,0.14541721,-2.9862204,1.0,90.48199,0.0
2022-03-02 06:00:00,30.107697,20.035065,1009.1131,-2.8741865,-2.965682,0.97892654,54.856808,0.0
2022-03-02 12:00:00,30.762115,19.361359,1005.03625,-2.6225119,-1.6872663,1.0,50.675278,0.0
2022-03-02 18:00:00,24.795929,21.738556,1007.8862,-1.641758,-1.8347082,1.0,83.1376,0.0
2022-03-03 00:00:00,24.101227,21.73587,1005.85187,0.24039936,-3.0895376,1.0,86.65404,0.0
2022-03-03 06:00:00,30.732819,22.107452,1007.8775,-3.555396,-3.635067,0.6741436,60.11042,0.0
2022-03-03 12:00:00,30.044098,20.160309,1004.6869,-3.4376154,-2.8071394,0.9488368,55.48577,0.0
2022-03-03 18:00:00,26.15036,20.810211,1007.4469,-1.1425714,-3.3315191,1.0,72.465126,0.00028684735
2022-03-04 00:00:00,25.385773,21.578278,1005.53687,0.19939041,-3.4653997,0.9937263,79.48388,0.00028684735
2022-03-04 06:00:00,29.477203,22.373322,1007.1106,-2.262682,-5.770648,1.0,65.65786,0.14459325
2022-03-04 12:00:00,28.549347,22.805695,1004.8175,-3.0456123,-2.9503088,1.0,71.12274,0.0
2022-03-04 18:00:00,25.590149,22.119476,1007.2944,-1.219264,-3.5382805,1.0,81.162445,0.07550037
2022-03-05 00:00:00,25.188263,21.329315,1005.14,0.61740685,-2.668312,1.0000001,79.20667,0.0
2022-03-05 06:00:00,30.992096,20.509369,1006.9575,-0.77813816,-3.5395308,0.99999994,53.700233,0.0
2022-03-05 12:00:00,30.14273,22.259125,1003.78436,-3.7053156,-2.8855143,0.9718867,62.75363,0.0
2022-03-05 18:00:00,25.937714,20.581757,1006.3206,-1.6157074,-3.3775291,0.8515585,72.35731,0.0
2022-03-06 00:00:00,25.248566,20.965607,1004.4306,0.20837688,-3.4048977,0.8666456,77.18066,0.0027641654
2022-03-06 06:00:00,29.658112,21.225983,1006.22815,-2.2941313,-5.131505,0.969265,60.579647,0.122174576
2022-03-06 12:00:00,27.960358,22.178253,1003.8681,-3.3726482,-4.118553,0.37358838,70.850136,0.0
2022-03-06 18:00:00,24.296478,21.639252,1007.4125,-1.7975149,-4.138403,0.8497863,85.14084,0.0
2022-03-07 00:00:00,23.528168,21.17398,1004.7225,-1.5311413,-3.7827148,0.63559765,86.65976,0.038057566
2022-03-07 06:00:00,27.688507,24.175568,1006.72815,-3.6266708,-0.9962826,0.9336805,81.21999,0.021155022
2022-03-07 12:00:00,26.29129,23.518341,1004.6231,-3.060296,-0.789732,0.9516704,84.75112,0.27332836
2022-03-07 18:00:00,25.214142,23.36148,1007.6344,-0.9219389,-1.6277494,0.5058507,89.48936,0.0
2022-03-08 00:00:00,24.778595,22.67685,1006.085,-0.098950386,-1.6329117,0.6860156,88.11647,0.009535222
2022-03-08 06:00:00,30.601227,21.729584,1007.32935,-2.2182093,-1.6197577,0.12174838,59.183987,0.0
2022-03-08 12:00:00,30.689117,20.352936,1003.89374,-2.9991207,-0.73668385,0.0040359497,54.11256,0.0
2022-03-08 18:00:00,25.284882,23.263947,1007.14374,-2.0688438,-0.70522404,0.00093978667,88.59018,0.0
2022-03-09 00:00:00,23.728424,22.474457,1005.33936,0.74054337,-1.4705162,0.40346915,92.696915,0.0
2022-03-09 06:00:00,31.435455,22.045685,1006.89124,-1.7366047,-1.0976725,0.14375895,57.53336,0.0
2022-03-09 12:00:00,30.945465,21.434723,1003.02875,-3.257948,-0.5042696,0.0,56.993996,0.0
2022-03-09 18:00:00,24.259247,22.768036,1006.5662,-1.5519705,-1.2162848,0.0017318726,91.40188,0.0
2022-03-10 00:00:00,23.087433,21.55362,1004.8256,0.33864594,-1.3878689,0.32406494,91.091446,0.0
2022-03-10 06:00:00,30.533356,21.818024,1006.5525,-1.5133553,-0.68358517,0.44450992,59.736134,0.0
2022-03-10 12:00:00,30.950348,20.027863,1003.04,-2.8077297,-0.77688026,0.52130586,52.25051,0.0
2022-03-10 18:00:00,24.4628,22.740387,1006.2,-1.4046574,-1.215519,0.0,90.14281,0.0
2022-03-11 00:00:00,24.091461,22.905548,1004.8375,-0.016363144,-1.8740149,0.7324041,93.09909,0.0
2022-03-11 06:00:00,30.980133,22.236359,1006.14685,-1.3268385,-1.832838,0.13593462,59.73465,0.0
2022-03-11 12:00:00,30.856476,21.431183,1002.3975,-3.3736534,-1.1826591,0.0,57.27182,0.0
2022-03-11 18:00:00,24.064972,22.435272,1005.7512,-1.055541,-1.3677559,0.001876831,90.62424,0.0
2022-03-12 00:00:00,23.453766,22.298431,1004.4338,0.4193535,-1.7990828,0.66911334,93.24045,0.0
2022-03-12 06:00:00,31.019684,21.091827,1005.65375,-0.84638023,-1.7312775,0.003211975,55.572342,0.0
2022-03-12 12:00:00,31.71463,19.759918,1001.77313,-3.0967064,-1.3850708,0.07160187,49.203213,0.0
2022-03-12 18:00:00,24.057709,21.901337,1005.67126,-1.2263021,-1.2972298,0.0,87.76301,0.0
2022-03-13 00:00:00,23.831696,22.431244,1003.77563,0.024505615,-2.1094398,0.5384237,91.88109,0.0
2022-03-13 06:00:00,31.184235,21.563507,1005.8869,-2.3652544,-2.162116,0.75143677,56.668354,0.0
2022-03-13 12:00:00,31.126984,19.511627,1003.1881,-3.2487154,-1.209569,0.9570514,50.09699,0.0
2022-03-13 18:00:00,25.493378,22.312408,1006.03125,-0.62736416,-1.8024988,0.9032656,82.594666,0.0
2022-03-14 00:00:00,24.622528,22.471832,1004.5037,0.3222599,-2.0769138,0.13481992,87.841805,0.0
2022-03-14 06:00:00,32.298737,20.303375,1006.5075,-2.3451796,-2.223298,0.9576448,49.230938,0.0
2022-03-14 12:00:00,31.084625,20.01773,1002.66815,-3.5210276,-0.5179529,0.5074462,51.81939,0.0
2022-03-14 18:00:00,24.773102,22.190216,1005.89935,-1.0465479,-1.2936249,0.0,85.576416,0.0
2022-03-15 00:00:00,23.319427,22.171844,1003.7606,0.7211218,-1.1558714,0.884466,93.27786,0.0
2022-03-15 06:00:00,31.674225,20.912384,1004.84375,-0.24673557,-0.7911444,1.0000002,52.953793,0.0
2022-03-15 12:00:00,31.64859,19.995514,1001.3325,-3.1094904,0.03344059,0.6716625,50.114292,0.0
2022-03-15 18:00:00,24.946198,22.724457,1004.2419,-1.5922194,0.22421122,0.9299183,87.49172,0.0
2022-03-16 00:00:00,23.33194,21.588715,1002.90686,1.5262774,-0.29969501,0.88630676,89.94842,0.0
2022-03-16 06:00:00,32.267975,17.570831,1004.16125,0.10603684,0.21602535,1.0000001,41.583668,0.0
2022-03-16 12:00:00,32.16861,20.71695,1000.1075,-3.4945297,1.1441615,1.0,50.87563,0.0
2022-03-16 18:00:00,25.178741,22.263824,1003.42065,0.037945747,1.750309,1.000001,83.90634,0.0
2022-03-17 00:00:00,24.106659,22.02835,1001.3094,2.0061226,0.054623604,0.9716792,88.18606,0.0
2022-03-17 06:00:00,33.7023,18.998077,1002.9244,-0.36982822,0.14734077,0.85061127,41.954758,0.0
2022-03-17 12:00:00,33.564728,19.823883,999.6881,-2.6322613,0.2581249,0.93257004,44.506985,0.0
2022-03-17 18:00:00,25.437408,22.957916,1003.2006,-1.2988148,1.3174891,0.9511097,86.18062,0.0
2022-03-18 00:00:00,24.7305,23.360138,1002.0131,1.3647149,0.7947749,0.9903413,92.10051,0.0
2022-03-18 06:00:00,32.12784,22.13565,1003.5712,0.20394135,1.0635984,0.112863824,55.621952,0.0
2022-03-18 12:00:00,33.710968,21.693512,998.84564,-1.3832045,0.6024115,0.0028800964,49.528526,0.0
2022-03-18 18:00:00,26.92929,24.172272,1002.4494,-1.1835585,2.0134678,0.46951875,84.8988,0.0
2022-03-19 00:00:00,26.730865,25.222748,1001.83875,1.0352364,-0.24174404,0.9049901,91.460236,0.0041001476
2022-03-19 06:00:00,33.07303,23.435455,1003.265,0.71851736,1.21205,0.119833685,57.05884,0.0
2022-03-19 12:00:00,33.946564,22.387726,998.4175,-1.9500055,0.8130506,0.25659376,50.993782,0.0
2022-03-19 18:00:00,28.229828,24.862396,1002.14813,-0.87681484,2.6813135,0.18894011,81.99721,0.0
2022-03-20 00:00:00,26.993378,24.903107,1000.73,0.0046471953,1.0098839,0.15570128,88.359985,0.0
2022-03-20 06:00:00,33.757233,22.556183,1002.9481,1.5770341,-0.7334547,0.06453368,52.066273,0.011728145
2022-03-20 12:00:00,34.294952,24.077667,998.5112,-0.09560299,-0.33964902,0.4436313,55.3888,0.063977204
2022-03-20 18:00:00,28.323792,24.12967,1002.52124,-0.3377298,2.3242595,0.17374408,78.05125,0.0
2022-03-21 00:00:00,27.261139,23.97342,1001.03937,0.9218434,1.6946328,0.2706979,82.2729,0.0
2022-03-21 06:00:00,34.73636,22.572906,1002.3781,1.75713,0.44126898,0.10022895,49.352276,0.0
2022-03-21 12:00:00,35.911285,21.999054,998.3663,-0.6583271,1.1650119,0.57606286,44.66159,0.0
2022-03-21 18:00:00,29.286713,23.696686,1002.7675,1.2451737,2.5614634,0.45995694,71.91784,0.01335144
2022-03-22 00:00:00,27.029999,22.915192,1001.3875,1.8653102,0.5008507,0.99711734,78.239296,0.0
2022-03-22 06:00:00,33.885773,22.40799,1003.245,1.3761196,-1.2430096,0.47316003,51.23027,0.0001906592
2022-03-22 12:00:00,32.828766,22.84793,999.4269,-2.013382,0.9505283,0.92248935,55.829315,0.053205788
2022-03-22 18:00:00,29.61847,25.401825,1002.73627,-1.0893869,2.1083555,0.98362076,78.13148,0.0
2022-03-23 00:00:00,27.862946,25.905487,1001.7388,-0.107605934,0.87958926,0.9675141,89.128975,0.062331557
2022-03-23 06:00:00,33.423004,24.803802,1003.41876,-0.77252483,1.6718282,0.9972103,60.737835,0.0
2022-03-23 12:00:00,32.46158,24.836823,999.3113,-2.167139,2.4358158,0.5635769,64.23889,0.0
2022-03-23 18:00:00,28.303009,25.521454,1003.045,-0.7217941,2.3188581,0.3249277,84.91619,0.0
2022-03-24 00:00:00,27.649506,25.272583,1001.7494,0.07855123,1.127958,0.23512208,86.919525,0.0
2022-03-24 06:00:00,33.0159,24.193878,1004.34375,-0.7703438,2.1871624,0.48430234,59.91429,0.08225441
2022-03-24 12:00:00,31.841583,24.626068,1000.3794,-2.1450043,2.6128473,0.21149324,65.69922,0.06801635
2022-03-24 18:00:00,28.154388,25.37622,1003.6937,-0.8152008,1.9842501,0.13664873,84.918,0.0
2022-03-25 00:00:00,27.628387,25.265015,1002.7481,0.3203535,1.272295,0.5137016,86.98774,0.011444647
2022-03-25 06:00:00,32.949738,24.34378,1005.15314,-0.038173378,2.7379541,0.50157994,60.680443,0.14142376
2022-03-25 12:00:00,32.42215,24.886383,1002.3175,-2.1251802,2.2727299,0.39521912,64.57273,0.0
2022-03-25 18:00:00,27.834412,24.763275,1005.83374,-0.7296457,2.2035704,0.08069892,83.41415,0.0
2022-03-26 00:00:00,27.20462,25.05478,1004.54376,-0.11741829,1.1613283,0.23785552,88.063995,0.003438443
2022-03-26 06:00:00,32.743073,25.355194,1007.3113,-0.9476347,1.5673656,0.3757902,65.210655,0.11937968
2022-03-26 12:00:00,32.55069,24.19928,1003.6844,-2.8089151,2.5050602,0.26724243,61.524315,0.0
2022-03-26 18:00:00,27.695068,24.941193,1006.96063,-0.9779701,1.6918316,0.18344712,84.993675,0.0
2022-03-27 00:00:00,28.084015,25.169647,1005.27313,0.87045765,0.85158616,0.94216645,84.22522,0.0029578805
2022-03-27 06:00:00,33.073273,24.559357,1007.39,-0.31220627,1.3957882,0.1459181,61.043274,0.028515592
2022-03-27 12:00:00,32.586334,24.737885,1003.0075,-2.8726645,1.62241,0.21318817,63.412613,0.0
2022-03-27 18:00:00,27.884094,25.60846,1006.4444,-1.1550798,1.4531418,0.0,87.46513,0.0
2022-03-28 00:00:00,27.402557,25.389618,1005.12,0.48296356,1.2755318,0.6261365,88.80059,0.0022873282
2022-03-28 06:00:00,33.60013,24.99118,1006.51624,-0.7962103,1.6513519,0.17369746,60.81441,0.023650005
2022-03-28 12:00:00,33.824127,24.3862,1002.77435,-2.2343292,1.9840479,0.06588745,57.924736,0.0
2022-03-28 18:00:00,28.088531,24.663788,1005.6925,-0.878294,1.8032551,0.025783539,81.699844,0.0
2022-03-29 00:00:00,27.74234,25.238464,1003.85876,0.40878868,1.41288,0.4297989,86.27392,0.0
2022-03-29 06:00:00,33.68387,24.132294,1005.415,0.6619751,2.2993298,0.11230475,57.498806,0.0
2022-03-29 12:00:00,34.410797,24.367218,1001.28064,-1.8545647,3.063426,0.1441803,55.996696,0.0
2022-03-29 18:00:00,29.155426,25.93332,1004.47064,-0.41248035,2.880105,0.06761396,82.81841,0.0
2022-03-30 00:00:00,28.074738,25.639832,1003.5425,0.7615058,2.1811504,0.1441065,86.6593,0.0
2022-03-30 06:00:00,34.94693,23.897186,1005.01874,0.6421161,2.6294785,0.13671589,52.842186,0.0
2022-03-30 12:00:00,35.006012,23.822418,1000.9256,-1.4802303,3.0564222,0.11193848,52.43317,0.0
2022-03-30 18:00:00,28.754303,25.081757,1004.4338,0.58422714,3.3338327,0.037936896,80.58363,0.0
2022-03-31 00:00:00,27.395294,25.086578,1003.5019,1.4170468,2.5972939,0.10127549,87.250465,0.0
2022-03-31 06:00:00,34.569855,23.474335,1005.21185,0.78479093,2.350872,0.022073746,52.603333,0.0
2022-03-31 12:00:00,34.78775,23.443756,1000.685,-1.3978796,2.953394,0.005344391,51.874836,0.0
2022-03-31 18:00:00,28.78003,25.23941,1004.7875,-0.7168646,3.0513496,0.024056494,81.22249,0.0
2022-04-01 00:00:00,27.98941,26.12741,1003.8094,1.2719564,1.4007483,0.9593107,89.64327,0.014021993
2022-04-01 06:00:00,33.335114,25.511871,1005.9075,-0.35181904,2.8764372,0.217121,63.666664,0.020317733
2022-04-01 12:00:00,32.184967,24.937042,1001.8819,-1.3724098,2.8278265,0.22287269,65.64199,0.19831955
2022-04-01 18:00:00,28.057678,25.185486,1005.9556,-0.7896805,3.1429214,0.036416873,84.43421,0.0
2022-04-02 00:00:00,27.808044,25.230804,1004.9319,-0.17379272,1.800663,0.16589156,85.90425,0.0032410026
2022-04-02 06:00:00,33.70755,24.528717,1007.0625,0.09650773,2.3472567,0.20726228,58.80305,0.0
2022-04-02 12:00:00,32.98477,24.380768,1002.4469,-2.061675,2.7975397,0.20331573,60.695343,0.0
2022-04-02 18:00:00,28.253998,25.794952,1006.0044,-0.6311121,2.6885424,0.05656433,86.551834,0.0
2022-04-03 00:00:00,28.142334,25.335724,1004.7356,0.3802125,1.2725918,0.21043319,84.77322,0.009153038
2022-04-03 06:00:00,33.947174,23.89206,1006.0625,-1.1084766,1.2745743,0.1172166,55.847214,0.0
2022-04-03 12:00:00,33.161896,24.32901,1002.0756,-2.6847706,1.9169043,0.27131653,59.90826,0.0
2022-04-03 18:00:00,28.022125,25.192535,1005.0519,-1.3321066,1.647789,0.0,84.64489,0.0
2022-04-04 00:00:00,27.70462,25.211975,1004.775,-0.29339504,1.0356727,0.33948556,86.32803,0.048255846
2022-04-04 06:00:00,34.03775,23.290863,1006.0662,-1.4241657,0.87497663,0.09877193,53.588795,0.0
2022-04-04 12:00:00,33.553375,24.056671,1003.3931,-3.8317385,1.5135353,0.010375977,57.657944,0.0
2022-04-04 18:00:00,27.986633,25.520294,1007.92126,-1.8009682,0.9737257,0.0011825562,86.48957,0.0
2022-04-05 00:00:00,27.819702,24.609467,1006.77185,0.53867245,-0.12132543,0.32011193,82.721954,0.011253865
2022-04-05 06:00:00,33.59549,23.938995,1008.39185,-1.5302029,1.6418066,0.30237508,57.116978,0.05502554
2022-04-05 12:00:00,33.278107,23.153046,1004.5206,-3.036745,1.6696067,0.05972885,55.45182,0.0
2022-04-05 18:00:00,27.520233,25.055603,1008.37,-1.053916,1.0736141,0.0057373047,86.454895,0.0
2022-04-06 00:00:00,26.377289,24.520905,1007.1431,0.545454,-0.69406575,0.57882744,89.55538,0.0
2022-04-06 06:00:00,33.66153,23.302155,1008.6206,-0.8275976,0.5296326,0.2394548,54.764484,0.0014305115
2022-04-06 12:00:00,33.802643,23.719513,1004.1094,-2.995471,2.0277526,0.4085654,55.718582,0.050731003
2022-04-06 18:00:00,28.169373,23.80069,1007.925,-0.5536308,1.4532747,0.614552,77.214455,0.0
2022-04-07 00:00:00,27.566559,23.634155,1005.6863,0.8039348,0.0497081,0.057495117,79.18179,0.0
2022-04-07 06:00:00,34.049835,23.292572,1006.78436,-0.67751884,0.25563926,0.15207665,53.5582,0.0012405217
2022-04-07 12:00:00,33.941437,23.663483,1002.8869,-3.6960506,1.0720551,0.18263444,55.10205,0.0
2022-04-07 18:00:00,28.214294,25.087006,1006.22876,-1.1041832,0.72315454,0.087452814,83.178055,0.0
2022-04-08 00:00:00,27.739471,24.322144,1004.8219,0.48334312,-0.6277433,0.32156467,81.693306,0.07532902
2022-04-08 06:00:00,32.5065,24.80246,1006.09686,-0.92911625,0.5643338,0.40580606,63.94493,0.09097302
2022-04-08 12:00:00,31.254547,24.857452,1002.7775,-3.4678383,1.2205268,0.49394166,68.872734,0.0
2022-04-08 18:00:00,27.96228,24.995148,1006.1406,0.20590305,1.8868537,0.949019,83.94768,0.084293745
2022-04-09 00:00:00,27.6156,24.247131,1003.88873,-0.035567343,-0.41668797,0.95163417,81.917725,0.0
2022-04-09 06:00:00,33.212555,23.393646,1004.6775,-0.5943613,-0.14356613,0.99656993,56.470863,0.00028591603
2022-04-09 12:00:00,30.055817,24.31363,1001.83875,-2.7220745,1.655951,0.99881625,71.39902,0.0
2022-04-09 18:00:00,27.32013,24.547516,1004.6625,0.7701769,0.40504837,1.0000012,84.859955,0.005632639
2022-04-10 00:00:00,25.988983,24.18335,1003.3812,-0.3584299,-0.31240845,0.998218,89.79979,0.89304626
2022-04-10 06:00:00,29.578033,26.191376,1005.0119,-0.90963745,-2.3517237,1.0,82.06567,0.47207546
2022-04-10 12:00:00,28.28659,26.307709,1001.8375,-0.8404093,-0.77953815,1.0,89.0484,0.0
2022-04-10 18:00:00,26.610748,25.707611,1004.0594,-0.794302,-0.6113539,1.0,94.80156,0.27432317
2022-04-11 00:00:00,26.088257,24.593658,1002.21436,-0.013842583,-1.0468044,0.99821806,91.494995,0.0
2022-04-11 06:00:00,31.362213,25.66748,1004.1225,-0.90885735,-1.889842,0.99381214,71.83229,0.3465516
2022-04-11 12:00:00,28.768158,25.566254,1000.52875,-1.6384497,-0.53713036,1.0000002,82.87299,0.0
2022-04-11 18:00:00,27.738983,25.413391,1003.7381,-1.0178747,-0.45267004,1.0,87.1933,0.0
2022-04-12 00:00:00,27.010895,24.885254,1001.6156,0.10447502,-1.0621948,1.0000005,88.17514,0.036709305
2022-04-12 06:00:00,32.310577,26.028229,1003.6219,-1.439928,0.42057055,0.9733794,69.54272,0.04597163
2022-04-12 12:00:00,30.4628,25.743164,999.7394,-2.5310173,0.029061139,0.8875742,75.956314,0.0
2022-04-12 18:00:00,26.83258,24.775085,1003.03064,0.9205837,0.7843101,0.9969405,88.52001,0.0
2022-04-13 00:00:00,26.99057,25.032013,1000.78815,0.8452444,-0.20041847,0.9952522,89.05654,0.00064074993
2022-04-13 06:00:00,31.292084,25.498627,1003.0925,-1.2587576,-0.07853621,1.0000001,71.40022,0.089958735
2022-04-13 12:00:00,29.43106,25.21637,1000.29626,-0.7037735,1.0414033,1.0,78.11385,0.0
2022-04-13 18:00:00,26.477264,24.780823,1003.3237,0.42790052,2.118266,1.0,90.42285,0.0
2022-04-14 00:00:00,26.56009,24.302032,1001.9519,1.1246643,1.2387068,0.99578226,87.44147,0.0
2022-04-14 06:00:00,32.961823,24.58548,1003.6875,1.612064,1.8661242,0.9999999,61.52294,0.10621354
2022-04-14 12:00:00,32.30893,24.5253,1000.3906,-0.20159376,1.9929066,0.930011,63.599808,0.0
2022-04-14 18:00:00,28.060883,24.93451,1003.815,1.3762507,2.4464073,0.55319524,83.1652,0.0
2022-04-15 00:00:00,26.71225,24.166443,1001.5719,0.8022735,1.7310826,0.8113215,85.959564,0.0
2022-04-15 06:00:00,33.28592,24.850616,1003.34686,1.3267294,2.060936,0.39652944,61.377804,0.0
2022-04-15 12:00:00,34.6951,24.431671,998.85126,-0.09803009,2.695878,0.02356705,55.33185,0.0
2022-04-15 18:00:00,29.082306,25.174896,1002.4906,0.97930807,3.3044548,0.06613439,79.50713,0.0
2022-04-16 00:00:00,27.95993,24.609558,1000.625,1.0633351,2.3739624,0.22688171,82.04826,0.0
2022-04-16 06:00:00,34.072052,25.67749,1001.8831,1.8959765,1.5275774,0.18817708,61.69942,0.032237962
2022-04-16 12:00:00,34.188385,25.877838,997.645,-0.45499516,3.2385206,0.19991207,62.032818,0.0
2022-04-16 18:00:00,29.272766,26.00293,1001.89624,1.0354168,3.2843628,0.3269068,82.598366,0.0
2022-04-17 00:00:00,27.347443,24.482819,1000.1044,0.9345813,2.5363698,0.023239136,84.3969,0.0
2022-04-17 06:00:00,33.960968,24.721832,1002.43,1.6684229,1.1263871,0.1795494,58.649517,0.014483929
2022-04-17 12:00:00,32.60263,24.949554,999.77435,0.3516903,3.3507452,0.80364686,64.15995,0.0
2022-04-17 18:00:00,26.563202,24.221466,1003.9269,1.003483,1.4475124,0.90732205,87.00419,0.023171306
2022-04-18 00:00:00,25.989716,23.305084,1002.5006,1.0207629,0.6502918,0.4365701,85.17267,0.0
2022-04-18 06:00:00,32.841095,24.980316,1004.45685,0.41784686,-0.67654896,0.3839848,63.420097,0.15810505
2022-04-18 12:00:00,34.147247,25.577026,1001.1369,-2.0392418,1.2526436,0.48434067,61.076008,0.0
2022-04-18 18:00:00,28.828918,25.382141,1004.8075,0.80161595,0.25164032,0.98539245,81.68322,0.0
2022-04-19 00:00:00,27.683624,24.834839,1004.03375,0.8863511,0.21036464,0.6084907,84.51253,0.0
2022-04-19 06:00:00,34.509064,25.228912,1005.2494,0.43992597,-0.7830925,0.80591875,58.63197,0.04806742
2022-04-19 12:00:00,34.775787,24.10019,1002.10626,-1.7947712,0.43973994,0.80498064,54.000687,0.0
2022-04-19 18:00:00,29.514526,26.269867,1004.4975,-0.92667484,1.7146716,0.28756714,82.74947,0.0
2022-04-20 00:00:00,27.861847,25.858185,1003.1269,0.052830815,1.1298385,0.7493005,88.88531,0.009927899
2022-04-20 06:00:00,33.565094,26.367767,1003.9406,-0.47898674,0.58850807,0.3026075,66.11853,0.050339848
2022-04-20 12:00:00,33.758453,25.832184,1000.35315,-2.0695124,1.5969095,0.19903564,63.367992,0.0
2022-04-20 18:00:00,28.993042,26.171997,1002.9194,-1.2691936,1.1575897,0.036640167,84.788826,0.0
2022-04-21 00:00:00,27.709198,25.184021,1002.5094,-0.98629856,0.35704547,0.17821896,86.16144,9.53508e-05
2022-04-21 06:00:00,33.825836,24.795471,1003.2019,-1.2755432,0.65237856,0.16280138,59.35437,0.0152591225
2022-04-21 12:00:00,33.35086,24.87265,1000.22687,-2.6394262,1.8733511,0.04865265,61.23513,0.0
2022-04-21 18:00:00,28.503113,26.20044,1004.08185,-0.8461647,1.1262584,0.18129617,87.37903,0.0
2022-04-22 00:00:00,27.288666,25.092438,1003.3812,-0.33434677,0.98466724,0.17624092,87.82794,0.018505452
2022-04-22 06:00:00,33.878693,24.045074,1004.66437,-1.3079624,0.33581305,0.13015115,56.579,0.02889702
2022-04-22 12:00:00,33.022125,24.776703,1001.5056,-2.7949543,1.2626112,0.19981384,62.019463,0.0
2022-04-22 18:00:00,28.17453,25.229004,1005.1956,-0.9201994,1.5954435,0.98219275,84.07889,0.0
2022-04-23 00:00:00,27.521027,25.169342,1003.98065,0.040091753,2.0020154,0.95391536,87.038605,0.10340862
2022-04-23 06:00:00,33.040924,24.794922,1005.5975,0.9990177,2.0828552,0.959006,62.02141,0.0
2022-04-23 12:00:00,31.097015,25.115265,1001.90314,-1.821806,1.9354,0.96119416,70.57016,0.0
2022-04-23 18:00:00,27.799927,25.03537,1005.5469,-0.15890664,1.7550125,0.95812523,84.950325,0.0
2022-04-24 00:00:00,26.505402,24.22464,1002.685,0.86768687,0.71962583,0.9606568,87.31773,0.060070306
2022-04-24 06:00:00,33.02542,24.298096,1003.84064,-0.12040633,-0.34363538,0.746302,60.257595,0.0
2022-04-24 12:00:00,33.35013,24.41513,1000.02625,-2.0550518,1.1270359,0.34216177,59.585423,0.0
2022-04-24 18:00:00,28.145416,25.802155,1003.2025,-0.7666311,1.2186918,0.47772813,87.13795,0.0
2022-04-25 00:00:00,27.986237,25.64914,1002.3275,0.8366289,0.79425365,0.79732215,87.15565,0.00038184226
2022-04-25 06:00:00,33.748566,25.17691,1003.3875,0.03639698,1.5080976,0.13406155,60.982643,0.012969598
2022-04-25 12:00:00,34.470123,24.613922,999.6356,-1.2922564,2.0314274,0.088401794,56.64236,0.0
2022-04-25 18:00:00,29.171844,26.13269,1003.0225,-1.1200953,1.7821665,0.01335144,83.72165,0.0
2022-04-26 00:00:00,27.525238,25.755646,1002.54315,0.2168274,1.0797656,0.67582405,90.10197,0.0
2022-04-26 06:00:00,34.19986,25.105988,1003.7594,-0.27765942,1.3056552,0.14157611,59.21492,0.0034347177
2022-04-26 12:00:00,33.972565,25.235504,1000.0494,-2.2668324,1.4616389,0.011475563,60.43467,0.0
2022-04-26 18:00:00,28.746246,26.501617,1003.4919,-1.1114492,1.6549168,0.17430115,87.699875,0.0
2022-04-27 00:00:00,28.263916,26.067688,1002.49,0.5722275,0.29048944,0.75884396,87.91011,0.0007627532
2022-04-27 06:00:00,34.19876,24.901154,1003.2625,-0.79649734,1.0353625,0.81026727,58.499737,0.00038091093
2022-04-27 12:00:00,33.67984,24.880157,999.77,-3.122655,1.7554493,0.4071808,60.144127,0.0
2022-04-27 18:00:00,28.045074,25.28128,1003.3038,-0.70264816,1.7219124,0.0,84.97938,0.0
2022-04-28 00:00:00,27.099945,24.766937,1003.10126,1.2123203,0.5376376,0.46801525,87.09787,0.0
2022-04-28 06:00:00,34.36331,24.186188,1004.1281,0.6781592,2.0415936,0.2672717,55.5389,0.0
2022-04-28 12:00:00,34.436066,23.978668,1000.515,-1.4762402,2.2080517,0.03497458,54.629654,0.0
2022-04-28 18:00:00,29.614075,25.941284,1004.7081,0.41820234,3.0019798,0.15232342,80.69283,0.0
2022-04-29 00:00:00,28.278442,25.734894,1003.08936,0.40183097,1.4554039,0.74984455,86.1216,0.0
2022-04-29 06:00:00,35.23587,25.237946,1003.52686,-0.6235895,1.3565584,0.3585655,56.34582,0.0
2022-04-29 12:00:00,34.122345,25.585236,999.7463,-1.929079,3.299409,0.8172997,61.19067,0.0
2022-04-29 18:00:00,29.67694,26.586517,1002.9325,0.12869252,3.19705,0.20004766,83.52431,0.0
2022-04-30 00:00:00,28.932892,26.119537,1001.47876,1.0232527,2.0779202,0.6793673,84.82116,0.0
2022-04-30 06:00:00,35.181183,25.164764,1002.7394,1.9057285,-0.2770834,0.9449253,56.270866,0.0
2022-04-30 12:00:00,36.22415,23.788116,997.5081,-1.3787661,1.017757,0.0,48.92437,0.0
2022-04-30 18:00:00,29.818146,26.683197,1000.795,0.61176205,2.9089289,0.010454178,83.32129,0.0
2022-05-01 00:00:00,28.959564,26.291534,999.58,0.076123,1.2427018,0.8133758,85.555374,0.0
2022-05-01 06:00:00,36.407257,24.370148,1000.6094,1.7183094,0.5991659,0.44075042,50.15743,0.0
2022-05-01 12:00:00,35.726227,23.595123,996.71313,-1.2254934,1.5419408,0.32183075,49.70242,0.0
2022-05-01 18:00:00,29.734192,25.345367,1001.3575,0.5923691,3.4073658,0.0429224,77.35236,0.0
2022-05-02 00:00:00,28.034576,22.5878,999.4819,2.6221743,0.6280651,0.07730134,72.322914,0.0
2022-05-02 06:00:00,35.613556,24.193268,1000.0613,0.5642414,-1.8969917,0.6992033,51.843292,0.0
2022-05-02 12:00:00,34.956207,24.513824,997.08563,-3.023323,1.2414553,0.78784126,54.80492,0.0
2022-05-02 18:00:00,30.139496,26.484314,1001.17,0.8107023,2.1009378,0.12959595,80.84375,0.0
2022-05-03 00:00:00,28.597992,25.840363,1000.1838,0.343935,1.0590067,0.7058641,85.067,0.0
2022-05-03 06:00:00,35.54129,23.92044,1001.4,-0.07730293,0.41950488,0.7824169,51.204716,0.0
2022-05-03 12:00:00,35.442657,25.387482,998.54626,-2.6469803,2.5427094,0.067970276,56.203144,0.0
2022-05-03 18:00:00,29.984222,27.03305,1002.1731,-1.2166157,2.0659657,0.27209738,84.24485,0.0
2022-05-04 00:00:00,28.973846,25.779205,1001.51935,0.17704582,1.2598783,0.38025093,82.93237,0.006681308
2022-05-04 06:00:00,34.39627,25.505035,1003.1131,-0.09658331,1.0526013,0.44199246,59.977703,0.02823025
2022-05-04 12:00:00,34.010284,25.594757,999.6069,-3.2274914,0.2826723,0.20172882,61.609196,0.0
2022-05-04 18:00:00,28.283783,24.78891,1003.8606,0.4105177,0.8350165,0.33480453,81.38233,0.06007403
2022-05-05 00:00:00,27.76352,23.6279,1001.39624,0.5384806,-0.12385845,0.5606004,78.24587,0.0
2022-05-05 06:00:00,34.869415,23.201202,1002.535,-0.15445518,-1.064764,0.08339891,50.889618,0.0020035077
2022-05-05 12:00:00,34.597443,23.942963,998.5275,-2.2552643,0.57229763,0.24441528,54.02562,0.24362724
2022-05-05 18:00:00,30.638275,25.462433,1002.66125,-0.87708664,2.1392841,0.14940831,73.95476,0.0
2022-05-06 00:00:00,29.447754,25.716034,1001.055,0.6168472,1.1097014,0.57347286,80.39014,0.0012405217
2022-05-06 06:00:00,34.64041,25.32254,1001.6937,1.4793081,0.33785063,0.9845629,58.53066,0.006582588
2022-05-06 12:00:00,35.7399,23.521515,997.35315,-0.42007828,1.0288914,0.050544433,49.445133,0.0
2022-05-06 18:00:00,30.926788,26.021759,1001.78436,-0.17217827,2.3286715,0.4025008,75.19878,0.0
2022-05-07 00:00:00,27.6669,24.7659,1000.6831,0.6612304,0.31553936,0.37876862,84.24765,0.0
2022-05-07 06:00:00,35.400665,23.733063,1001.08,1.8195186,0.2515611,0.15513782,51.025574,0.0
2022-05-07 12:00:00,34.953888,23.883331,996.5781,-0.83471394,0.7609506,0.47533226,52.77783,0.18081814
2022-05-07 18:00:00,30.415436,25.716583,999.89874,-0.4073423,1.7022661,1.0,76.04266,0.0
2022-05-08 00:00:00,28.493744,23.880402,998.595,0.1791907,0.6669216,0.9999996,76.135376,0.0
2022-05-08 06:00:00,35.246124,23.34317,998.77313,1.3201895,-1.0091171,1.0,50.267975,0.0
2022-05-08 12:00:00,34.996857,24.175568,994.96185,-1.2316389,0.350865,1.0,53.58454,0.0
2022-05-08 18:00:00,30.629333,26.300934,997.8375,1.22124,2.3768475,1.0,77.760284,0.0032414682
2022-05-09 00:00:00,28.57315,22.111725,996.66565,2.0142765,-0.06759739,1.0,68.091515,0.0
2022-05-09 06:00:00,34.184113,23.463043,997.0156,3.3695211,-0.43373108,1.0,53.70837,0.0
2022-05-09 12:00:00,33.951324,21.914215,994.0544,2.2079296,0.597723,1.0,49.53087,0.0
2022-05-09 18:00:00,31.902802,22.339508,996.54376,3.0515146,2.3860507,1.0,57.038624,0.022331253
2022-05-10 00:00:00,28.462738,22.852142,995.7525,3.7691696,1.0629449,1.0,71.68297,0.0
2022-05-10 06:00:00,30.664642,23.621307,998.08185,2.7206383,-0.7369356,1.0,66.141495,0.0072456896
2022-05-10 12:00:00,32.164215,23.048004,994.4963,4.271298,1.0825777,1.0,58.668785,0.0
2022-05-10 18:00:00,29.785858,23.185822,997.5275,4.583521,2.1087005,1.0,67.75716,0.0
2022-05-11 00:00:00,28.436798,22.695465,996.2225,2.9484563,1.5000805,1.0,71.11241,0.0
2022-05-11 06:00:00,31.09848,23.073578,998.1975,5.4594336,1.1005182,1.0,62.424976,0.0
2022-05-11 12:00:00,30.846771,23.10904,996.37,2.6084838,-0.35871887,1.0,63.463856,0.0
2022-05-11 18:00:00,28.548187,21.951813,999.66376,3.8314762,1.493428,1.0000012,67.52875,0.0
2022-05-12 00:00:00,27.547455,21.870392,998.84875,2.4127126,1.7796652,0.7678764,71.230225,0.0
2022-05-12 06:00:00,34.33853,22.154083,999.9412,4.6091356,0.986193,0.24119996,49.187107,0.0
2022-05-12 12:00:00,32.401398,21.182404,997.4469,2.546713,-1.5156479,0.7871347,51.667995,0.047385693
2022-05-12 18:00:00,28.430023,20.798492,1000.5106,4.6446953,0.42847538,0.9971172,63.35519,0.0
2022-05-13 00:00:00,26.262482,20.899445,999.51373,3.5902753,1.3088338,0.9956905,72.38282,0.047668815
2022-05-13 06:00:00,30.98526,21.809296,999.9969,3.4639015,1.827249,0.8838119,58.182343,0.0
2022-05-13 12:00:00,32.868927,23.07779,997.1269,0.6260226,1.1878285,1.0000032,56.48383,0.0
2022-05-13 18:00:00,29.932892,22.883453,999.71185,0.74335253,2.5461059,0.6022001,65.96855,0.010097399
2022-05-14 00:00:00,28.763092,22.558746,998.3181,2.6961718,1.2719309,0.7055698,69.201485,0.0
2022-05-14 06:00:00,32.29068,25.247406,1000.05,4.12245,1.178908,0.9761848,66.46874,0.3774315
2022-05-14 12:00:00,32.59732,24.64566,997.72565,0.87780654,2.9185553,0.75604945,63.025032,0.017174363
2022-05-14 18:00:00,28.629364,24.641266,1001.0681,1.3757181,2.251223,0.5485865,79.063675,0.0
2022-05-15 00:00:00,28.586945,22.579742,1000.0644,2.6007404,1.5103343,0.8759125,70.00153,0.011636434
2022-05-15 06:00:00,35.099762,23.93451,1000.3131,3.9289827,1.1464026,0.95758593,52.51434,0.0
2022-05-15 12:00:00,34.479523,22.829254,997.5444,0.9882078,0.62623596,0.7781558,50.846184,0.14034659
2022-05-15 18:00:00,29.803253,22.900177,1001.66876,2.3122845,0.23098475,0.89328754,66.5296,0.0
2022-05-16 00:00:00,27.468903,23.26706,999.65375,2.3625193,1.2719451,0.9845017,77.89163,0.0
2022-05-16 06:00:00,32.7825,24.350464,1001.0731,3.4045677,-0.5417553,0.9708507,61.278713,0.15408546
2022-05-16 12:00:00,32.580353,23.542267,997.3731,-0.24154568,1.3316786,0.9828645,59.042347,0.0
2022-05-16 18:00:00,28.104034,25.42508,1000.3212,0.19232696,3.3118556,0.98281914,85.41515,0.24091604
2022-05-17 00:00:00,28.569733,24.025482,998.1337,1.1517794,0.7576998,0.9113742,76.4638,0.0
2022-05-17 06:00:00,34.641266,23.982117,999.51,1.3562446,2.7092066,0.94522154,54.021175,0.048655383
2022-05-17 12:00:00,32.989532,24.350555,995.82,-1.5723562,3.6710835,0.48842335,60.569393,0.0
2022-05-17 18:00:00,29.44748,25.343597,999.4913,0.34213293,2.8324742,0.9753704,78.632866,0.015828904
2022-05-18 00:00:00,28.831085,24.632904,998.52,1.2835429,2.6505575,0.93963504,78.105,0.0
2022-05-18 06:00:00,34.516266,24.119843,999.27936,2.1960611,2.8486557,0.89990026,54.849518,0.005724266
2022-05-18 12:00:00,31.316925,25.146088,997.09625,1.4268428,3.5705729,0.9097328,69.81985,0.9444468
2022-05-18 18:00:00,28.85022,24.938873,1000.7031,1.3215151,3.0642738,0.81838304,79.45708,0.0
2022-05-19 00:00:00,28.007599,23.422699,1000.52,1.994214,2.9410906,0.7151708,76.19088,0.000375323
2022-05-19 06:00:00,34.37674,22.921844,1001.5556,4.83722,2.4586334,0.99711955,51.425434,0.0
2022-05-19 12:00:00,31.725494,24.613434,998.88,2.8020792,3.065628,0.89335066,66.08327,0.17758437
2022-05-19 18:00:00,29.372345,22.839386,1002.575,2.818636,1.5060143,0.2804466,67.95179,0.0
2022-05-20 00:00:00,28.193146,22.805328,1001.9331,2.28714,2.7256985,0.298078,72.60965,0.0
2022-05-20 06:00:00,35.208893,22.741241,1002.1875,4.0853357,2.228382,0.8567111,48.570175,0.012018718
2022-05-20 12:00:00,33.299957,23.37442,999.5012,3.520247,2.6436198,0.5796004,56.129433,0.35585493
2022-05-20 18:00:00,30.168427,22.695831,1002.565,3.2054195,1.3875014,0.3481987,64.34611,0.0
2022-05-21 00:00:00,28.546295,22.980194,1001.465,2.5864687,2.1826353,0.8985552,71.8912,0.0
2022-05-21 06:00:00,35.668488,22.156403,1001.61127,5.3132057,1.864953,0.4502606,45.699192,0.0
2022-05-21 12:00:00,35.57364,21.336945,998.1244,4.878121,0.6157178,0.26234156,43.695576,0.0011473894
2022-05-21 18:00:00,30.236298,21.77945,1001.01,4.126749,1.0878896,0.1267094,60.618603,0.0
2022-05-22 00:00:00,29.008698,22.615204,999.78125,3.7227087,2.1070628,0.6340486,68.45809,0.0
2022-05-22 06:00:00,35.593536,22.276947,999.7406,5.3578024,0.24180031,0.33623147,46.22652,0.0015255064
2022-05-22 12:00:00,34.338776,22.49759,997.0531,4.860092,0.68297195,0.8661978,50.22502,0.01010485
2022-05-22 18:00:00,30.220917,22.740387,999.71063,4.2491817,1.5179894,0.5548191,64.32617,0.0
2022-05-23 00:00:00,29.346954,22.111298,998.9269,3.12846,1.5367837,0.4613822,65.106514,0.0
2022-05-23 06:00:00,36.19229,22.593353,999.03876,4.1284,0.12573987,0.99821776,45.595974,0.00019095023
2022-05-23 12:00:00,37.31949,20.019928,996.4356,1.0097551,0.13362217,0.35154095,36.612434,0.0
2022-05-23 18:00:00,31.048187,23.793854,999.37,2.3927326,2.460071,0.023600522,65.384384,0.0
2022-05-24 00:00:00,29.445587,23.844818,999.81,2.3542175,1.715833,0.9842197,71.899315,0.0
2022-05-24 06:00:00,37.474518,22.561554,1001.27435,2.6239202,0.43038052,0.47074324,42.426254,0.0
2022-05-24 12:00:00,35.9357,22.969635,999.35315,-0.89894485,2.673716,0.7164022,47.31086,0.27597696
2022-05-24 18:00:00,29.64444,25.245209,1003.0044,0.47991562,3.43581,0.94370955,77.291306,0.0
2022-05-25 00:00:00,29.33908,24.366669,1001.6844,1.4723649,1.7699084,0.9858909,74.64444,0.0
2022-05-25 06:00:00,36.609528,23.000763,1003.0156,1.5460597,-0.27864552,0.9729197,45.678432,0.00047707
2022-05-25 12:00:00,35.674713,22.387604,999.4556,-0.6585951,1.8323486,0.4649048,46.330795,0.015735393
2022-05-25 18:00:00,29.310608,24.866486,1003.95874,0.66782683,2.7914753,0.36465514,77.035446,0.0005736947
2022-05-26 00:00:00,28.786835,24.983002,1002.7575,1.0699487,2.9488564,0.26562494,79.9597,0.0
2022-05-26 06:00:00,36.20108,23.907745,1003.465,2.8721275,2.4709806,0.13252865,49.340096,0.014019664
2022-05-26 12:00:00,33.314484,23.823883,1000.45123,0.5526699,4.6407804,0.5685699,57.623226,0.020580832
2022-05-26 18:00:00,28.805298,23.605865,1003.59314,1.9753451,1.9515437,0.47841638,73.54592,0.0
2022-05-27 00:00:00,29.091827,22.913605,1002.2294,2.3637748,2.043121,0.18671519,69.37341,0.0
2022-05-27 06:00:00,36.130768,22.908905,1002.7625,3.2443912,0.14986837,0.43556452,46.63418,0.007437542
2022-05-27 12:00:00,32.108917,25.552795,1000.22125,0.9906851,2.4556293,0.87072134,68.385666,4.072381
2022-05-27 18:00:00,28.698914,24.704376,1002.34186,0.9919186,1.9534808,0.48197323,79.0428,0.0
2022-05-28 00:00:00,28.519745,22.88858,1001.1456,2.3815022,1.7467332,0.3239298,71.60381,0.0
2022-05-28 06:00:00,35.575592,22.8732,1002.23126,3.9489918,1.3332839,0.1967253,47.978153,0.003718771
2022-05-28 12:00:00,33.98123,24.180328,999.14374,1.0790558,1.8121729,0.53518546,56.71451,0.82985216
2022-05-28 18:00:00,29.084991,25.199371,1002.0637,1.3239257,2.6993768,0.14902204,79.6107,0.0
2022-05-29 00:00:00,28.692963,22.519562,1001.1156,2.4866714,1.8014255,0.45668572,69.31835,0.0
2022-05-29 06:00:00,35.168976,22.92807,1001.6725,3.6907234,0.9676097,0.032698993,49.231804,0.008964911
2022-05-29 12:00:00,32.98001,24.095612,999.0006,0.25891685,1.8980818,0.90193397,59.68234,0.14103018
2022-05-29 18:00:00,27.771637,25.643158,1001.6625,0.57403266,3.47894,0.9362625,88.22277,0.0
2022-05-30 00:00:00,28.824219,24.18753,1000.3625,1.8584943,2.6143916,0.327946,76.07965,0.0
2022-05-30 06:00:00,34.8555,23.484161,1001.21124,3.1099825,0.97790575,0.22670096,51.8063,0.01592515
2022-05-30 12:00:00,32.60794,25.088531,998.4338,0.7780523,1.6858122,0.6142353,64.67434,0.43984178
2022-05-30 18:00:00,28.363678,24.932098,1001.53125,1.6525509,1.3952508,0.8798683,81.7002,0.0
2022-05-31 00:00:00,28.107697,23.06009,999.1956,3.3834991,0.76012516,0.8305251,74.10637,0.0
2022-05-31 06:00:00,34.26248,23.405182,1000.7506,4.2653465,0.2650013,0.9222554,53.288036,0.0017164275
2022-05-31 12:00:00,32.8367,23.680084,997.4881,0.6776205,3.8315,0.62817943,58.68102,0.044916756
2022-05-31 18:00:00,29.470184,24.525177,1001.305,1.2623537,3.1779568,1.0000002,74.78819,0.0
2022-06-01 00:00:00,28.651337,22.864716,999.53375,3.585311,1.5772258,0.99495995,70.9562,0.0
2022-06-01 06:00:00,35.078644,23.270966,1000.08813,4.41549,0.034164608,0.9346376,50.515385,0.004290603
2022-06-01 12:00:00,35.892487,23.447906,997.0425,3.3223114,0.2922125,0.64730793,48.8141,0.6617615
2022-06-01 18:00:00,29.734955,24.159088,1000.90686,0.34170038,2.8089318,0.08301163,72.05775,0.0
2022-06-02 00:00:00,28.972534,22.858551,999.6831,3.353794,1.5785525,0.19213724,69.62139,0.0
2022-06-02 06:00:00,35.63492,23.058136,999.745,4.1182833,0.6278963,0.46890405,48.35978,0.00047683716
2022-06-02 12:00:00,34.923004,23.081818,997.08124,0.5073843,0.783589,0.74842834,50.373714,0.79607964
2022-06-02 18:00:00,29.764374,23.71585,999.83936,1.9569643,2.9200034,0.8692306,70.044914,0.0
2022-06-03 00:00:00,28.998718,22.904816,998.70874,2.3173351,0.97229785,0.8851966,69.711044,0.0
2022-06-03 06:00:00,35.719147,22.65799,999.2275,3.5271304,0.56435394,0.027557977,46.982746,0.0052466057
2022-06-03 12:00:00,37.139557,23.313995,996.7431,0.20704079,2.7725658,0.192276,45.22202,0.0
2022-06-03 18:00:00,30.172272,23.746246,1000.41187,1.5108204,3.095804,0.077135935,68.547264,0.0
2022-06-04 00:00:00,29.127258,23.440338,998.65314,2.3348875,1.097909,0.19918907,71.47094,0.0
2022-06-04 06:00:00,35.6752,23.531036,999.3119,1.4649305,0.964664,0.022195186,49.650288,0.004292233
2022-06-04 12:00:00,35.75894,23.850494,997.22565,-1.1314564,3.55015,0.55928475,50.381416,0.2512329
2022-06-04 18:00:00,29.550262,25.03122,1000.26,0.3411795,3.5495481,0.98353285,76.72776,0.0
2022-06-05 00:00:00,29.218964,25.075165,999.41565,1.2062573,2.579603,0.5795665,78.414154,0.0
2022-06-05 06:00:00,36.190582,23.742218,999.6125,2.9713757,2.379488,0.48416007,48.879482,0.024035573
2022-06-05 12:00:00,35.687164,23.798004,997.21185,2.2902584,3.7567115,0.8856116,50.421707,0.061675906
2022-06-05 18:00:00,27.391937,24.951324,1000.85376,1.1261398,2.9064126,0.6987977,86.5668,0.0
2022-06-06 00:00:00,27.341095,24.263702,1000.3206,1.8810472,1.0606978,0.9971563,83.32739,0.0
2022-06-06 06:00:00,34.254913,23.586273,1000.2581,2.6803043,0.68690413,0.7319155,53.8958,0.0019073486
2022-06-06 12:00:00,32.249664,26.21994,998.8244,1.2697873,0.49368423,0.974693,70.577995,2.0167828
2022-06-06 18:00:00,27.188904,24.74414,1001.8137,-0.039333045,1.24283,0.9935674,86.526505,0.0
2022-06-07 00:00:00,25.912811,24.340668,999.8638,2.363984,2.1866286,0.9921687,91.06043,0.0
2022-06-07 06:00:00,31.9086,24.257843,1001.8113,3.817484,2.065174,0.99426264,64.02301,0.033564623
2022-06-07 12:00:00,33.102203,23.079987,999.1838,2.0382528,2.1415424,1.000003,55.75527,0.0
2022-06-07 18:00:00,28.70404,25.659943,1001.8094,1.9287741,3.2863944,0.99905914,83.64552,0.0
2022-06-08 00:00:00,28.225922,23.043243,1000.15314,3.3151417,1.8234899,0.9545936,73.52293,0.0
2022-06-08 06:00:00,34.412506,23.191559,1000.53064,3.9627037,0.56056064,0.81495863,52.167477,0.0
2022-06-08 12:00:00,34.6929,23.694977,998.0569,2.6505253,2.213037,0.7762087,52.944202,0.14603138
2022-06-08 18:00:00,29.770966,25.003326,1000.4169,1.7713853,3.483876,0.0160141,75.632645,0.0
2022-06-09 00:00:00,28.508759,22.729156,999.41565,2.454792,1.4669592,0.52618563,70.96055,0.0
2022-06-09 06:00:00,35.179962,22.87967,1000.1075,2.8897963,0.73282254,0.50016195,49.05786,0.0
2022-06-09 12:00:00,35.329742,23.19339,998.0087,1.9581162,2.3540163,0.42409998,49.585472,0.595659
2022-06-09 18:00:00,29.806793,24.989166,1001.0575,0.60873234,3.0871496,0.9910515,75.413155,0.0
2022-06-10 00:00:00,29.047668,24.980133,1000.5481,1.5794156,2.4649801,0.9676496,78.747375,0.0
2022-06-10 06:00:00,35.16092,22.539337,1001.28375,4.0534153,0.9056557,0.94094336,48.106236,0.0009536743
2022-06-10 12:00:00,35.935944,23.095612,998.35876,2.085176,2.7436347,0.99799883,47.672226,0.0
2022-06-10 18:00:00,28.884155,25.169342,1002.29877,1.286109,3.3226535,0.925164,80.39776,0.0
2022-06-11 00:00:00,29.294586,22.855011,1001.78064,2.5721707,1.1578722,0.99999994,68.32222,0.0
2022-06-11 06:00:00,34.020294,23.029999,1002.0644,3.9311905,1.9795771,0.7772384,52.80179,0.0
2022-06-11 12:00:00,33.11563,25.055695,999.6931,0.7457821,3.8249512,0.8526705,62.72993,0.5711317
2022-06-11 18:00:00,29.904205,25.202301,1002.34564,1.343711,2.9518988,0.89402246,75.95015,0.0
2022-06-12 00:00:00,28.770325,22.886505,1001.8181,2.4491377,1.67131,0.99431294,70.561226,0.0
2022-06-12 06:00:00,35.13626,22.936249,1002.2006,3.5224361,0.9792399,0.8140183,49.34546,0.0020029256
2022-06-12 12:00:00,34.393097,23.417694,999.6756,1.5117517,3.5867038,0.48186898,52.94184,0.07095316
2022-06-12 18:00:00,29.010529,24.02768,1003.1756,1.3020205,1.9587717,0.94518274,74.54447,0.0
2022-06-13 00:00:00,27.850983,22.394623,1002.6831,2.336461,0.24344063,0.9750063,72.24872,0.0
2022-06-13 06:00:00,34.281647,23.511139,1003.0031,2.414632,0.03714657,0.983145,53.57244,0.0003813766
2022-06-13 12:00:00,34.826813,23.76297,999.3638,0.15150642,0.12395519,0.9914126,52.767666,0.042347703
2022-06-13 18:00:00,29.604889,24.487701,1002.76935,0.42662653,3.8768234,0.24133885,74.043365,0.0
2022-06-14 00:00:00,28.771912,22.53067,1001.72375,2.3796005,1.6854362,0.65194225,69.048256,0.0
2022-06-14 06:00:00,35.204254,23.00418,1001.40375,1.5707352,-1.0782299,0.8246759,49.36271,0.0075348653
2022-06-14 12:00:00,35.64737,23.780426,999.4125,-1.2069168,2.6402106,0.85923624,50.47906,0.0
2022-06-14 18:00:00,27.930756,25.363617,1003.0631,-0.052411318,2.3405523,0.99356854,85.96776,0.07560849
2022-06-15 00:00:00,26.400452,24.453278,1000.6406,1.0510173,1.6233532,0.9972104,89.071785,0.0
2022-06-15 06:00:00,33.97635,23.84494,1001.8237,2.3079672,-0.9109125,0.6485279,55.598595,0.0
2022-06-15 12:00:00,33.938995,24.426422,998.65,0.2413969,1.1911349,0.9453973,57.693066,0.87337565
2022-06-15 18:00:00,27.152588,25.353271,1003.21313,-0.0442158,1.1724875,0.9853805,89.91691,0.0
2022-06-16 00:00:00,26.378174,25.060333,1000.89374,0.97968316,0.9334642,0.9714028,92.482285,0.0
2022-06-16 06:00:00,33.508453,24.50827,1001.6225,1.3615873,-0.33075047,0.22699195,59.389263,0.031471252
2022-06-16 12:00:00,32.341217,25.865509,998.7537,-1.2045908,2.020521,0.91824114,68.75688,0.731349
2022-06-16 18:00:00,25.965637,24.313446,1003.0156,1.5124207,1.4744365,0.97708,90.628105,0.0
2022-06-17 00:00:00,26.670227,24.663483,1000.89435,1.2675104,0.47954273,0.9955504,88.77589,0.0
2022-06-17 06:00:00,32.1503,25.217682,1002.2606,0.2500742,1.9782252,1.0,66.87993,0.017069776
2022-06-17 12:00:00,31.996124,24.289124,999.1356,0.1132679,2.7312536,0.99121606,63.82596,0.0065159462
2022-06-17 18:00:00,27.65387,24.720428,1002.0775,1.0956291,2.7616262,0.8475839,84.08311,0.0
2022-06-18 00:00:00,26.747345,23.864288,1001.2875,-0.034491114,1.4362447,0.53130513,84.2394,0.0003799796
2022-06-18 06:00:00,33.858917,23.799683,1002.35626,1.1180601,1.5426283,0.88022846,55.812263,0.009154901
2022-06-18 12:00:00,32.034943,23.629974,999.34937,-0.41672802,3.1654682,0.9919531,61.21274,0.0053364784
2022-06-18 18:00:00,27.614777,25.181274,1002.3731,0.5994818,2.3683977,0.2162016,86.624146,0.05712495
2022-06-19 00:00:00,27.074188,24.747528,1001.5925,0.8534378,2.1776257,0.63586944,87.1286,0.0
2022-06-19 06:00:00,33.342926,24.222137,1002.53687,2.5513582,-0.020981848,0.95606554,58.92406,0.012802157
2022-06-19 12:00:00,31.70169,25.090668,999.45624,-0.8426914,2.8830621,0.4746387,68.084625,0.39214048
2022-06-19 18:00:00,26.378082,24.545929,1002.205,0.41003764,1.6405449,0.70116615,89.68537,0.0
2022-06-20 00:00:00,26.995087,24.744171,1001.1844,0.999025,0.99914503,0.64888954,87.51674,0.0
2022-06-20 06:00:00,32.80484,24.402863,1001.7319,2.4863167,-0.0956617,0.83655053,61.394066,0.022506341
2022-06-20 12:00:00,33.984406,23.57779,998.2531,0.15572053,2.2092667,0.7196875,54.686974,0.0
2022-06-20 18:00:00,28.227692,24.554688,1001.3106,0.60178834,1.913759,0.70654374,80.5134,0.0
2022-06-21 00:00:00,27.687408,22.945099,999.8031,2.523552,0.7926178,0.8732886,75.41963,0.0015199184
2022-06-21 06:00:00,32.65457,24.005585,1000.0756,3.337512,0.61928487,0.9675802,60.458054,0.010211486
2022-06-21 12:00:00,33.28824,23.593292,997.3206,2.4138746,0.77000916,0.7712175,56.91257,0.09889482
2022-06-21 18:00:00,27.087006,24.593536,1000.4469,1.4854444,1.6113842,0.95569766,86.26541,0.0
2022-06-22 00:00:00,26.86142,22.651337,999.90125,2.2894502,0.6433439,0.9971192,77.76437,0.0
2022-06-22 06:00:00,32.39676,23.550201,1001.2356,3.6262655,0.36813462,0.97516656,59.6857,0.0008614734
2022-06-22 12:00:00,32.348785,23.295258,999.8194,1.2385006,2.1809828,1.0,58.93416,0.035661273
2022-06-22 18:00:00,28.16101,24.72049,1003.10315,0.7647033,2.60013,0.99260175,81.63173,0.0
2022-06-23 00:00:00,27.400726,23.832916,1001.72375,1.113652,0.94594383,0.9773286,80.91637,0.0
2022-06-23 06:00:00,32.931305,23.873993,1002.5156,3.5290413,1.295498,1.0000001,59.054512,0.002194196
2022-06-23 12:00:00,33.80899,23.84262,999.34564,1.2017899,1.5717617,0.99999994,56.112915,0.0
2022-06-23 18:00:00,28.331604,25.546356,1002.45374,0.2870316,2.321593,0.98247135,84.90049,0.0
2022-06-24 00:00:00,27.817291,23.605865,1001.54877,2.1118414,1.0959816,0.89629096,77.89709,0.0
2022-06-24 06:00:00,34.265533,23.168488,1001.7494,5.110183,1.3848941,0.6725707,52.522797,0.0012395903
2022-06-24 12:00:00,34.871246,23.674713,997.5425,2.0115156,0.17150003,0.9860976,52.358852,0.0
2022-06-24 18:00:00,28.858673,23.735992,1000.935,1.2894287,2.0242684,0.98905545,73.89556,0.0
2022-06-25 00:00:00,27.962677,22.193207,999.3063,3.7150068,1.1512004,0.99013656,70.90508,0.0
2022-06-25 06:00:00,32.362946,22.435944,1000.2481,5.348915,1.4797151,0.99960345,55.89981,0.0
2022-06-25 12:00:00,32.301422,22.445953,997.22375,3.486289,0.5843611,0.999335,56.128563,0.0
2022-06-25 18:00:00,29.255096,20.642487,999.8875,3.1152487,1.7885485,1.0,59.81993,0.0
2022-06-26 00:00:00,28.529938,22.752472,998.8869,2.6829982,1.3569005,0.99605733,70.97359,0.0
2022-06-26 06:00:00,33.085114,22.450958,1000.2419,4.000246,0.38842636,1.0000002,53.720497,0.0010486692
2022-06-26 12:00:00,34.38504,22.619537,998.1406,1.7736492,-0.5440274,0.6255063,50.46818,0.0
2022-06-26 18:00:00,29.415833,22.156403,1001.83624,1.7274666,2.7720795,0.76477915,65.0266,0.0
2022-06-27 00:00:00,27.975983,22.189056,1000.72186,3.453539,0.9946731,0.89256614,70.83219,0.0
2022-06-27 06:00:00,33.996735,21.967865,1001.1175,3.913556,-0.34462,0.87060934,49.56745,0.0
2022-06-27 12:00:00,33.35196,23.52127,999.60065,0.94895744,-1.402503,1.0,56.463917,0.0034333207
2022-06-27 18:00:00,29.550842,22.130402,1002.4794,1.8060145,1.8303308,0.9999999,64.4201,0.0
2022-06-28 00:00:00,27.730133,22.423859,1001.35065,2.2177534,0.53151417,0.98371446,72.88986,0.0
2022-06-28 06:00:00,33.42032,22.509003,1001.7469,2.8391418,0.44970077,0.6567533,52.905727,0.0
2022-06-28 12:00:00,34.750397,22.413788,998.1188,0.8475771,-0.26151383,0.22305316,48.839413,0.00028312206
2022-06-28 18:00:00,29.56546,22.055939,1000.78937,0.80882895,2.0561562,0.1808536,64.07445,0.0
2022-06-29 00:00:00,28.264679,22.337555,999.6912,3.1168537,0.432786,0.12246545,70.28314,0.0
2022-06-29 06:00:00,35.14908,21.995697,999.9319,3.5833275,0.2676875,0.3056908,46.57123,0.004483154
2022-06-29 12:00:00,35.73819,21.372955,996.15375,4.435752,0.62848014,0.6205897,43.39649,0.16464503
2022-06-29 18:00:00,28.74588,23.896454,999.6931,2.6975844,1.4945545,0.19470435,75.10169,0.0
2022-06-30 00:00:00,27.72171,23.104218,998.4469,3.132904,0.19323254,0.97793,75.996796,0.0
2022-06-30 06:00:00,34.35025,22.97165,999.665,4.4047127,0.09826887,0.9559896,51.656853,0.00047672074
2022-06-30 12:00:00,33.33316,22.97525,997.23627,5.4140344,1.6372814,0.9943128,54.689472,0.0
2022-06-30 18:00:00,27.527313,21.96756,1000.3831,3.388235,0.73929405,0.816031,71.73828,0.08973479
2022-07-01 00:00:00,27.822418,23.464691,998.78125,3.1149015,0.87374306,0.6383195,77.21388,0.0
2022-07-01 06:00:00,33.8981,22.75418,999.1269,4.984412,-0.6241331,0.52376336,52.28242,0.0
2022-07-01 12:00:00,32.808502,25.24466,996.9219,3.0049264,-0.6880579,0.5713704,64.54501,2.4244785
2022-07-01 18:00:00,28.27713,23.81009,1000.135,3.7249508,0.6300831,0.8981989,76.77502,0.0
2022-07-02 00:00:00,28.259369,22.974213,998.6788,2.4253912,0.62580013,0.9989384,73.07401,0.0
2022-07-02 06:00:00,33.502106,22.94223,998.1625,4.7960005,-2.0575056,0.59183574,54.065876,0.0
2022-07-02 12:00:00,35.098785,22.672516,995.3831,1.891655,-0.5815497,0.33774525,48.6638,0.0
2022-07-02 18:00:00,28.509857,25.10147,1000.2969,1.5537447,2.0398207,0.9807631,81.8311,0.7153263
2022-07-03 00:00:00,27.937164,24.039825,998.1181,2.129653,1.2937154,0.9957814,79.39973,0.0
2022-07-03 06:00:00,32.397614,23.340546,999.96625,4.442153,-0.17044628,0.9769854,58.932804,0.0
2022-07-03 12:00:00,32.575836,25.139435,997.07623,3.3657675,0.5909356,0.95898265,64.98829,0.63575363
2022-07-03 18:00:00,27.69873,23.18277,1000.1406,5.167857,0.85954285,0.9535472,76.46117,0.0
2022-07-04 00:00:00,28.994843,21.606842,999.2606,6.211751,0.30052376,0.9423354,64.4304,0.0
2022-07-04 06:00:00,32.20352,20.858917,999.2019,4.784148,-0.49204445,0.99381226,51.220833,0.07885229
2022-07-04 12:00:00,31.674835,23.606232,996.8544,3.1396198,0.25808197,0.8016092,62.385815,0.39250404
2022-07-04 18:00:00,27.96164,22.944366,1000.3256,3.747044,1.9658939,0.9842397,74.21841,0.0
2022-07-05 00:00:00,27.836945,22.408417,999.02936,4.1549644,1.2615805,0.9999998,72.36861,0.0
2022-07-05 06:00:00,32.515778,21.782928,999.2619,5.768162,0.7039246,0.9957712,53.25793,0.0
2022-07-05 12:00:00,30.771027,23.74588,997.3906,3.7210178,0.8914175,0.9996034,66.2355,0.1584678
2022-07-05 18:00:00,26.11728,24.056915,1000.42377,3.7386827,1.4686117,0.9982181,88.44712,0.0
2022-07-06 00:00:00,27.448578,22.918213,999.435,3.2693715,1.5579491,0.99529386,76.35628,0.4892003
2022-07-06 06:00:00,30.96048,23.197235,1001.15314,3.7571268,1.4505136,1.0,63.39035,0.0
2022-07-06 12:00:00,30.778229,22.977325,999.7994,2.8204026,0.85503215,1.0,63.2071,0.12396625
2022-07-06 18:00:00,27.045868,23.749176,1002.6069,3.7185383,1.2481575,0.99314624,82.20276,0.0
2022-07-07 00:00:00,27.707367,22.41159,1001.79626,3.5698547,1.256197,0.9900268,72.93246,0.026984496
2022-07-07 06:00:00,31.256134,23.477264,1003.3025,3.6143808,2.1927092,0.99933517,63.39379,0.0
2022-07-07 12:00:00,30.662933,23.384552,1001.3738,4.9619303,1.8082275,0.97838336,65.21041,0.3620867
2022-07-07 18:00:00,26.672516,23.157257,1002.66376,2.8984766,0.4146967,0.9982183,81.08036,0.0
2022-07-08 00:00:00,26.274017,23.24295,1000.53436,2.80153,0.5112095,0.99379426,83.43932,0.48589706
2022-07-08 06:00:00,32.28763,22.894318,1002.1069,5.012561,-0.57378006,0.9914071,57.721375,0.0
2022-07-08 12:00:00,32.990387,22.345612,998.6306,2.5206318,0.06345558,0.9419857,53.66245,0.00028475188
2022-07-08 18:00:00,28.618927,22.921783,1001.5006,4.103792,0.26903534,0.9999999,71.33594,0.0
2022-07-09 00:00:00,27.014618,23.20102,999.8275,4.2994432,1.0832112,0.9986624,79.675865,1.9204584
2022-07-09 06:00:00,31.520782,22.96524,1000.0475,5.2836514,0.372316,0.9749616,60.544342,0.0
2022-07-09 12:00:00,30.19278,23.268951,998.0481,3.0363312,2.0875497,0.9974797,66.524475,0.014969738
2022-07-09 18:00:00,25.805695,23.416168,1000.6838,4.247164,1.4243921,0.99999994,86.68527,0.6336842
2022-07-10 00:00:00,27.16684,22.722198,999.62,3.2971754,1.4955956,0.99435896,76.71085,0.0
2022-07-10 06:00:00,31.44571,22.74002,1000.7531,4.523177,1.5886023,0.997119,59.979153,0.0
2022-07-10 12:00:00,32.588776,23.44815,998.3738,3.4625287,0.441029,1.0,58.680355,0.025458634
2022-07-10 18:00:00,28.249298,22.59439,1001.9338,4.3981133,1.1313219,1.0000002,71.452576,0.0
2022-07-11 00:00:00,27.179718,21.967682,1001.59814,3.9478626,1.7185612,0.9999999,73.21475,0.0
2022-07-11 06:00:00,31.686188,22.192657,1003.2469,4.431361,2.1710553,0.99643606,57.229877,0.0
2022-07-11 12:00:00,28.844757,23.96878,1001.3638,2.9921398,1.0472677,1.0000001,74.99775,0.36150217
2022-07-11 18:00:00,27.623688,22.761688,1003.2525,4.2205696,1.503178,0.997119,74.86451,0.0
2022-07-12 00:00:00,27.503021,22.4971,1002.02,3.9658747,2.1392841,1.0,74.19381,0.0
2022-07-12 06:00:00,33.145782,21.84256,1001.9481,6.273924,0.82414967,0.7278393,51.590008,0.0
2022-07-12 12:00:00,33.599762,21.664948,998.3738,4.81172,1.5883052,0.48491138,49.75072,0.0
2022-07-12 18:00:00,28.42569,21.485016,1002.21313,5.305212,1.211967,0.9999995,66.09842,0.0
2022-07-13 00:00:00,28.174591,21.891632,1000.1287,3.9996805,2.4885025,1.0000002,68.75901,0.0
2022-07-13 06:00:00,33.545807,21.154938,1000.285,7.6830645,1.7552155,0.9855842,48.366444,0.0
2022-07-13 12:00:00,32.655304,22.342316,996.9288,5.8743286,1.0853622,1.0000005,54.67324,0.0001899898
2022-07-13 18:00:00,28.347198,20.904327,1000.27814,5.656661,1.6575055,0.9028993,64.0768,0.0
2022-07-14 00:00:00,28.448883,21.236053,998.39935,4.020196,2.288454,0.99663275,65.01004,0.0
2022-07-14 06:00:00,33.68387,20.947052,998.5575,7.2591143,1.9238877,0.99999994,47.385273,0.0
2022-07-14 12:00:00,32.29959,20.516754,996.1694,6.08424,1.0890931,0.9982181,49.88116,0.0
2022-07-14 18:00:00,28.521027,20.868927,999.6175,5.5433292,1.7779589,0.99582016,63.29473,0.0
2022-07-15 00:00:00,27.974213,20.477997,998.85187,3.287901,2.5802288,0.9282132,63.786972,0.0
2022-07-15 06:00:00,32.90921,20.964996,1000.3706,6.693964,0.77624077,1.0000005,49.5444,0.0070557
2022-07-15 12:00:00,33.246613,21.70047,997.8475,4.9904613,-0.542716,0.87635845,50.8555,0.0
2022-07-15 18:00:00,28.957428,21.809357,1000.9369,4.1220417,1.0787554,0.9978766,65.37423,0.0
2022-07-16 00:00:00,27.938751,21.878754,999.85,2.5493736,1.9455049,0.88983315,69.65592,0.0
2022-07-16 06:00:00,34.254547,21.912994,1000.5006,4.8165445,0.43929553,0.9265537,48.69669,0.0
2022-07-16 12:00:00,31.957672,24.664093,999.33,3.7394168,0.90437603,0.99999774,65.41698,1.6593337
2022-07-16 18:00:00,27.950531,23.26883,1002.375,1.965266,0.6199875,0.99712205,75.73811,0.0
2022-07-17 00:00:00,27.560211,23.378815,1000.495,2.0716684,1.3699449,1.0,78.00106,0.0
2022-07-17 06:00:00,33.631744,23.117767,1001.0131,4.070964,0.9014488,1.0,54.248035,0.0049595255
2022-07-17 12:00:00,32.714386,25.28891,999.245,1.0039194,2.0102963,1.0,65.05908,0.052260935
2022-07-17 18:00:00,28.197937,23.801544,1002.065,2.0804482,2.4221692,0.9971189,77.09009,0.0
2022-07-18 00:00:00,27.754791,23.312653,1001.16125,1.5541527,1.0505943,0.9755131,76.81146,0.008292496
2022-07-18 06:00:00,31.120148,24.308197,1002.3875,2.7614837,0.3831311,0.9999999,67.1592,0.07972562
2022-07-18 12:00:00,32.216583,24.124664,1000.1194,2.1472378,0.34510136,1.0,62.41603,0.0
2022-07-18 18:00:00,28.81015,23.237213,1002.7413,2.7787035,0.91111946,0.97991717,71.90801,0.0
2022-07-19 00:00:00,27.431427,22.977936,1001.6312,2.476922,0.39083958,0.7430142,76.70985,0.0
2022-07-19 06:00:00,34.446075,22.645538,1002.155,1.5720179,-0.47228622,0.036266126,50.3765,0.0029578805
2022-07-19 12:00:00,35.12613,23.429596,998.2381,-2.2723894,0.061570168,0.6347314,50.867485,0.085927546
2022-07-19 18:00:00,28.055817,25.259796,1002.82935,-0.31493747,2.8070326,0.9734597,84.817696,0.2357051
2022-07-20 00:00:00,27.538483,24.523224,1001.4794,1.4432554,1.0256433,0.8411271,83.660194,0.0
2022-07-20 06:00:00,33.98929,24.327698,1002.1756,1.2806334,0.643097,0.6014074,57.192104,0.015267171
2022-07-20 12:00:00,34.389435,24.039642,999.1362,-1.0064917,1.360814,0.42555106,54.97256,0.0
2022-07-20 18:00:00,27.723541,24.667145,1002.09125,1.6434418,0.10792369,0.25408912,83.47523,0.331223
2022-07-21 00:00:00,27.80545,24.44159,1000.72,0.9842422,0.59327126,0.19985831,81.96339,0.0
2022-07-21 06:00:00,34.353302,24.284271,1001.0125,2.2689934,-0.6653633,0.07108021,55.897648,0.02012588
2022-07-21 12:00:00,32.017975,24.599457,998.79565,-1.6557064,1.9836614,0.3898218,64.94251,0.88842773
2022-07-21 18:00:00,25.429108,24.174591,1003.9856,1.5385295,0.9643356,0.99999934,92.782875,0.63941514
2022-07-22 00:00:00,26.01065,24.65628,1001.51935,0.5845951,1.4924245,0.9892349,92.26084,0.0
2022-07-22 06:00:00,31.242096,25.072174,1002.115,2.2007256,-1.377615,0.9820086,69.809814,0.0037184004
2022-07-22 12:00:00,33.290436,24.734161,999.5081,-0.087059975,-1.520894,0.9330133,60.937004,0.05474373
2022-07-22 18:00:00,26.48175,25.28595,1003.0656,-0.7904351,2.3652458,1.0,93.16215,0.0
2022-07-23 00:00:00,26.261536,24.752228,1000.91376,1.5601196,1.5346932,1.0,91.42515,0.0
2022-07-23 06:00:00,32.931915,24.266083,1001.59625,2.7854233,0.5692322,0.9970872,60.45909,0.0048637157
2022-07-23 12:00:00,32.270172,26.254303,998.5087,0.8344507,0.356201,0.6360274,70.639496,0.34542063
2022-07-23 18:00:00,25.890411,24.905914,1002.72687,0.5720053,2.4727497,0.9918291,94.31555,0.0
2022-07-24 00:00:00,26.478119,23.498993,1000.7506,2.737238,0.96584964,1.0,83.72415,0.0
2022-07-24 06:00:00,30.891754,24.300446,1002.3606,2.8381958,-0.5052252,1.0,68.00821,0.0
2022-07-24 12:00:00,32.395905,24.947357,999.6669,-1.053175,1.3063996,0.9944204,64.904144,0.20093319
2022-07-24 18:00:00,26.924896,25.300903,1002.5687,0.140333,1.7338402,0.99421895,90.843895,0.0
2022-07-25 00:00:00,27.52182,23.76004,1001.4338,1.609509,1.3699338,0.98278284,79.993286,0.064682215
2022-07-25 06:00:00,32.677032,23.746613,1002.3925,2.3258953,-2.159853,0.683071,59.448666,0.0
2022-07-25 12:00:00,32.582916,23.918488,999.9494,-1.8896942,-0.09462929,0.9782478,60.385887,0.0
2022-07-25 18:00:00,27.3237,23.796295,1004.1094,0.32099628,0.04231453,0.9714715,81.10347,0.1494214
2022-07-26 00:00:00,25.441559,24.354675,1003.51,0.4457212,1.9362783,0.99999964,93.72064,0.0
2022-07-26 06:00:00,30.35025,24.288788,1003.7375,1.4378834,-0.2340393,0.99999833,70.09858,0.0
2022-07-26 12:00:00,28.898712,25.107086,1000.40936,0.012712479,-0.26012802,0.93986994,80.0327,0.75400996
2022-07-26 18:00:00,26.26416,24.458008,1003.8713,0.052127838,0.9898071,0.9149623,89.81678,0.0
2022-07-27 00:00:00,24.804047,23.817352,1002.9556,1.1554718,0.2247343,0.8357008,94.25815,0.0
2022-07-27 06:00:00,30.769928,24.893341,1003.315,-0.36570197,-2.572832,0.8801439,70.95474,0.08697098
2022-07-27 12:00:00,30.691742,24.640625,1000.78,-2.3672562,-0.05549431,0.8815558,70.20484,0.0
2022-07-27 18:00:00,27.555756,24.655579,1003.8013,0.09709835,1.2295666,0.9966669,84.23987,0.045090914
2022-07-28 00:00:00,26.280304,24.197601,1002.6919,1.1304643,0.24455047,0.8070426,88.34187,0.0
2022-07-28 06:00:00,32.54666,24.600006,1003.78064,-0.27698803,-0.8262491,0.73419213,63.03305,0.038622003
2022-07-28 12:00:00,31.834259,24.968231,1000.60626,-1.8742561,0.94809246,0.38961792,67.08321,0.28150338
2022-07-28 18:00:00,27.774628,25.139313,1004.4556,-0.5328989,1.3779696,0.9222598,85.604485,0.0
2022-07-29 00:00:00,27.33545,24.564575,1002.81,0.30024427,0.47745848,0.9890555,84.87038,0.0
2022-07-29 06:00:00,32.505524,24.482391,1003.7319,-1.1979256,0.45622885,0.99799776,62.73648,0.013545975
2022-07-29 12:00:00,32.295563,24.111969,1000.0475,-1.376255,1.4320577,0.6757658,62.090706,0.0
2022-07-29 18:00:00,28.484436,25.327057,1003.1287,-0.33013576,2.1717691,0.7425638,83.05994,0.0
2022-07-30 00:00:00,27.799988,24.718079,1001.83,1.0433834,1.2011304,0.95422995,83.35665,0.0
2022-07-30 06:00:00,33.121002,24.565826,1002.09125,1.0296718,-0.09212017,0.33380538,60.90337,0.055117913
2022-07-30 12:00:00,32.46524,24.118805,998.85626,-2.145028,0.9415319,0.5375719,61.523853,0.1887992
2022-07-30 18:00:00,27.578827,24.509918,1001.555,2.063816,1.8951063,0.86146563,83.39655,0.0
2022-07-31 00:00:00,26.53836,24.299286,999.5806,0.68681335,0.5316067,0.9100513,87.53909,0.017450243
2022-07-31 06:00:00,33.410797,25.200256,1000.3156,1.375109,0.7404872,0.206828,62.233173,0.0
2022-07-31 12:00:00,33.5242,24.673187,996.4531,-1.0328083,1.7479371,0.99381465,59.925056,0.021634392
2022-07-31 18:00:00,27.992401,24.644592,1001.1806,1.653203,1.6549356,0.9937747,82.06474,0.28668272
2022-08-01 00:00:00,26.087067,24.167786,999.57874,1.3931856,0.6383626,0.96012163,89.19686,0.0
2022-08-01 06:00:00,33.360138,24.965698,1000.1312,2.2415085,0.7987693,0.9412398,61.543983,0.031091273
2022-08-01 12:00:00,31.031158,25.76892,996.6238,0.10061884,2.9162636,0.9316161,73.64133,1.1893139
2022-08-01 18:00:00,27.153595,24.371613,999.7019,1.004519,1.0256289,0.9797853,84.7951,0.0
2022-08-02 00:00:00,26.327057,24.140656,997.4437,1.7480726,0.34399605,0.9886591,87.79787,0.0
2022-08-02 06:00:00,31.701324,24.22461,998.7469,2.9133348,0.80190235,0.9989384,64.651024,0.038724393
2022-08-02 12:00:00,32.3721,23.616913,995.9869,-0.474782,1.0839584,1.0,60.009605,0.10003522
2022-08-02 18:00:00,28.384674,23.0867,998.95624,1.3526211,1.3225505,0.99933493,73.03874,0.0
2022-08-03 00:00:00,26.878754,22.774902,997.0206,2.5256395,0.81172127,0.9999982,78.26959,0.0
2022-08-03 06:00:00,30.340057,23.439789,999.6806,1.4156336,-1.1271706,1.0,66.64871,0.0001899898
2022-08-03 12:00:00,30.549774,24.728333,996.685,-0.87753385,-0.05396843,1.0,71.149216,0.5969169
2022-08-03 18:00:00,27.206696,24.78769,999.71,0.6812024,1.2647519,0.87283945,86.661354,0.0
2022-08-04 00:00:00,26.618683,23.4682,997.9844,1.3446388,1.8647639,0.9979974,82.87938,0.088114485
2022-08-04 06:00:00,29.778229,23.995605,999.77374,4.220129,2.2571993,1.0,71.17646,0.031466484
2022-08-04 12:00:00,28.615112,24.78711,997.85876,2.1825523,2.7192202,1.0,79.82163,0.0
2022-08-04 18:00:00,26.350128,22.535248,1000.28815,4.926326,1.5902083,0.9996034,79.57964,0.27010638
2022-08-05 00:00:00,26.70993,21.865875,998.7944,5.0471706,1.7077612,0.9827826,74.79812,0.0
2022-08-05 06:00:00,31.143707,21.852722,1000.8219,3.9965696,1.9734325,0.9964361,57.812214,0.0
2022-08-05 12:00:00,29.810516,22.51892,998.60876,4.5189276,2.0616236,1.0,64.98162,0.0
2022-08-05 18:00:00,26.497528,22.181244,1001.29877,5.0507975,1.7974852,1.0,77.210396,0.55817664
2022-08-06 00:00:00,26.57077,21.909332,999.39,3.6294086,2.2487469,1.0,75.614,0.0
2022-08-06 06:00:00,33.11331,21.516083,1000.22,5.6914406,1.6780566,0.9939271,50.66294,0.0
2022-08-06 12:00:00,31.659698,22.790558,997.9394,3.440361,1.6493845,0.9826851,59.436256,0.02154708
2022-08-06 18:00:00,28.335846,22.023407,1000.20935,4.2437115,1.813977,0.99222547,68.66646,0.0069588423
2022-08-07 00:00:00,27.89621,21.731476,998.6106,3.5890675,2.1637192,1.0,69.203804,0.0
2022-08-07 06:00:00,33.151398,21.511993,999.03064,6.451459,2.6816616,1.0,50.542046,0.0
2022-08-07 12:00:00,32.59903,22.076447,996.54065,4.3333597,2.1094837,1.0,53.966297,0.0
2022-08-07 18:00:00,28.680939,21.530914,999.96875,4.6278496,1.3927737,1.0000001,65.3091,0.0
2022-08-08 00:00:00,27.947723,22.314972,998.40125,3.510644,2.3612165,0.99283403,71.49486,0.0003799796
2022-08-08 06:00:00,32.988678,22.111908,999.1525,7.3487997,2.2926846,1.0,52.909504,0.0
2022-08-08 12:00:00,33.637848,21.715363,996.04877,5.3413095,1.6450009,0.9407932,49.798004,0.0
2022-08-08 18:00:00,28.985382,20.562408,999.65814,5.166091,1.6785717,0.89422286,60.46118,0.0
2022-08-09 00:00:00,28.03061,21.518463,999.3663,3.0043974,2.4424,0.994477,67.7748,0.0
2022-08-09 06:00:00,33.55313,20.78299,999.3475,6.8793783,2.3266795,0.9999999,47.254013,0.0
2022-08-09 12:00:00,33.56314,20.036896,997.0519,5.306656,1.3310225,0.99821836,45.102135,0.0
2022-08-09 18:00:00,28.764679,20.177155,999.88873,4.268098,1.506864,1.0,59.799892,0.0
2022-08-10 00:00:00,27.040375,21.860138,998.9419,2.7151241,2.1474228,0.9798777,73.33318,0.0
2022-08-10 06:00:00,34.859894,20.529694,999.6238,6.1885004,2.728403,0.9755365,43.25486,0.0
2022-08-10 12:00:00,34.53128,21.06192,996.51373,4.62596,1.2912338,0.9977292,45.518105,0.0
2022-08-10 18:00:00,28.971771,20.128082,1000.1838,4.611514,1.5516036,0.90525323,58.907635,0.0
2022-08-11 00:00:00,27.311798,21.143463,999.8706,2.940195,0.9705304,0.95415926,69.07707,0.0
2022-08-11 06:00:00,34.79068,21.449677,1000.6406,5.1335163,0.6083322,0.94597566,45.94663,0.0
2022-08-11 12:00:00,34.997955,21.145782,998.15063,3.7086744,0.08852768,0.7953283,44.583168,0.007817522
2022-08-11 18:00:00,30.147552,21.124054,1002.19,3.2431521,1.5746546,0.99420875,58.531326,0.0
2022-08-12 00:00:00,28.217804,22.4971,1001.3669,2.52386,0.50533485,0.9675887,71.161995,0.0
2022-08-12 06:00:00,35.252106,21.363373,1001.5225,3.6045074,0.843476,0.5146377,44.550793,0.0
2022-08-12 12:00:00,34.080353,22.218292,999.73,2.99024,-0.83335876,0.9896224,50.095398,0.0065790955
2022-08-12 18:00:00,30.842499,21.459625,1002.53815,2.3047903,1.7129116,0.6858315,57.417465,0.0
2022-08-13 00:00:00,28.604523,21.753082,1001.4344,2.453948,0.5322447,0.8002159,66.496574,0.0
2022-08-13 06:00:00,35.867218,20.942902,1001.2369,4.166431,-0.3508005,0.9999979,41.966774,8.731149e-08
2022-08-13 12:00:00,34.845367,22.019196,999.3606,2.9927235,-0.36092472,1.0,47.429516,0.0
2022-08-13 18:00:00,30.44748,21.238068,1001.97626,3.5686998,1.0017099,1.0,57.937336,0.0
2022-08-14 00:00:00,28.09085,21.721588,1001.27814,2.2829952,0.13055992,1.0,68.38144,0.0
2022-08-14 06:00:00,34.51529,20.619781,1002.59375,4.20912,-1.2560835,0.99999994,44.33616,0.0
2022-08-14 12:00:00,34.164948,21.44522,1000.505,1.7393799,-0.7234468,1.0,47.56086,0.028225128
2022-08-14 18:00:00,29.715607,23.32547,1003.03937,0.18150371,2.322855,0.99999994,68.60803,0.0
2022-08-15 00:00:00,28.372284,22.136261,1002.3644,2.1421385,1.3803675,1.0,68.99399,0.0
2022-08-15 06:00:00,35.402496,21.215546,1003.54,3.0882487,0.058414876,1.0,43.783344,0.00028614886
2022-08-15 12:00:00,35.57242,20.711334,1000.9925,0.32037544,1.7161739,1.0000002,42.05097,0.0050531235
2022-08-15 18:00:00,30.03415,23.075653,1003.78375,-0.33210278,2.4452581,0.99999976,66.353294,0.0
2022-08-16 00:00:00,28.613312,23.711517,1002.945,0.43286514,1.3117869,0.48940474,74.84424,0.0
2022-08-16 06:00:00,34.817535,22.59903,1003.3219,1.1548119,2.2666864,0.31072786,49.208416,0.03854328
2022-08-16 12:00:00,31.56424,24.734344,1000.7056,-1.131526,3.4766302,0.36156014,67.17472,0.10140097
2022-08-16 18:00:00,28.578339,24.25415,1004.34436,0.32593632,2.773078,0.6968637,77.48153,0.0073835254
2022-08-17 00:00:00,27.77118,24.148224,1003.85065,1.1245792,2.7854881,0.89229167,80.69612,0.0
2022-08-17 06:00:00,34.840973,22.947144,1003.535,2.084652,1.5831718,0.8699083,50.192684,0.0
2022-08-17 12:00:00,32.52066,25.486603,1000.5925,0.3906489,1.2419584,0.9204106,66.55109,2.3789053
2022-08-17 18:00:00,27.488739,25.000763,1003.8731,0.13439846,2.175751,0.87258244,86.331696,1.5858779
2022-08-18 00:00:00,25.784271,24.18222,1002.3681,0.6827463,1.5462339,0.9999985,90.88906,0.0
2022-08-18 06:00:00,33.618317,24.60965,1002.4725,1.7834978,-0.893404,0.44850618,59.384125,0.0
2022-08-18 12:00:00,31.744904,24.72049,1000.3081,-1.4697733,0.9872616,0.9883567,66.4343,0.5566217
2022-08-18 18:00:00,27.54599,25.546875,1003.21936,1.109832,2.5694513,0.9520114,88.88475,0.0
2022-08-19 00:00:00,26.060272,24.987183,1002.0675,1.1994666,2.6281223,0.9999996,93.825775,0.3832674
2022-08-19 06:00:00,32.579742,24.203522,1002.3925,2.4719744,-0.95688343,1.0,61.439217,0.0
2022-08-19 12:00:00,33.25186,24.172394,1000.10876,1.6980915,-0.5552654,1.0,59.049374,0.0
2022-08-19 18:00:00,29.381897,24.633514,1002.8425,1.1375226,3.0988367,1.0,75.658775,1.8626451e-06
2022-08-20 00:00:00,28.059418,24.71225,1002.9531,1.7058163,2.3835018,1.0,82.075935,0.0
2022-08-20 06:00:00,31.327728,22.938385,1002.9938,3.0725842,0.052066624,0.9966313,61.113197,0.0
2022-08-20 12:00:00,33.391632,23.337677,999.3169,2.44458,-0.008236349,1.0,55.717915,0.010877848
2022-08-20 18:00:00,29.84964,22.830109,1001.6294,1.4526043,2.5768461,0.9236979,66.07122,0.0
2022-08-21 00:00:00,27.706665,23.335785,1002.1337,1.750683,2.6063504,0.86985606,77.1354,0.0
2022-08-21 06:00:00,34.46292,23.285248,1002.08435,2.975974,0.85100657,0.9467352,52.31662,0.0
2022-08-21 12:00:00,32.66983,24.502228,999.0031,1.3762095,2.0623274,0.75342166,62.231792,0.27157366
2022-08-21 18:00:00,26.848175,24.151154,1002.47876,1.1634228,1.6946118,0.88888466,85.19663,0.0
2022-08-22 00:00:00,27.017426,23.47525,1000.185,2.2387886,0.35524178,0.136608,80.9925,0.0
2022-08-22 06:00:00,33.76248,23.853058,1001.22626,4.610879,-0.07989395,0.35940957,56.294315,0.006867107
2022-08-22 12:00:00,31.204132,24.52481,999.29877,0.77498317,2.078703,0.7885003,67.71125,0.86951137
2022-08-22 18:00:00,26.855988,22.52005,1003.64185,3.1238165,1.9060657,1.0,77.17168,0.0
2022-08-23 00:00:00,25.814972,23.57544,1001.41626,2.729928,2.0450804,0.98866034,87.473694,0.0
2022-08-23 06:00:00,33.551056,23.481415,1001.0744,4.7898817,0.6671095,1.0000001,55.703484,0.065809585
2022-08-23 12:00:00,32.889313,24.557281,999.9956,-1.0302172,0.3561691,0.97201127,61.67026,0.025266312
2022-08-23 18:00:00,26.76828,22.0596,1004.02313,1.1662436,2.2846785,0.9555395,75.42774,0.0
2022-08-24 00:00:00,25.78061,23.812195,1002.8131,2.3302374,0.44243336,0.96129805,88.91041,0.08124368
2022-08-24 06:00:00,30.700287,23.77246,1003.90436,3.4608192,-1.2885818,0.9554367,66.61028,0.11588098
2022-08-24 12:00:00,29.069244,25.066925,1000.8688,1.0640091,0.5645204,0.8961176,79.057106,1.889157
2022-08-24 18:00:00,27.927795,21.926605,1003.0806,2.659873,1.071051,0.6371278,69.90429,0.0
2022-08-25 00:00:00,25.989868,22.881927,1001.4525,1.4451828,0.31278324,0.97872436,83.019806,0.0
2022-08-25 06:00:00,32.501007,23.337555,1002.78937,1.7173929,-1.2886705,0.7565513,58.57932,0.010199845
2022-08-25 12:00:00,29.149567,25.10733,999.85876,-0.5554943,1.2296512,0.8192626,78.88038,1.6813054
2022-08-25 18:00:00,25.802643,24.187256,1002.40625,2.2897892,0.10550213,0.9067443,90.8176,0.0
2022-08-26 00:00:00,25.77893,24.104034,1000.4406,1.6622133,-0.36868095,0.99248046,90.49229,0.0
2022-08-26 06:00:00,32.81839,24.151276,1001.5769,0.41457367,-1.9178448,1.0000017,60.429,0.09603053
2022-08-26 12:00:00,29.754486,24.921509,999.4462,-0.7590389,2.1889277,0.9990591,75.33592,0.029474497
2022-08-26 18:00:00,24.896515,23.85968,1003.3706,2.2602994,1.2314665,1.0,93.97831,0.6552401
2022-08-27 00:00:00,24.867401,23.72055,1000.865,1.8040991,1.2803212,0.97141683,93.35697,0.0
2022-08-27 06:00:00,31.131134,24.043365,1001.9775,2.3441277,-0.15941143,0.91297764,66.05928,0.11865422
2022-08-27 12:00:00,30.424835,25.46402,998.705,-0.18351078,1.0916638,0.99999994,74.87082,2.542276
2022-08-27 18:00:00,26.329193,24.574677,1002.6475,1.597286,0.17251015,1.0,90.09934,0.0
2022-08-28 00:00:00,25.905304,23.76474,1000.6244,0.8696328,0.3861227,0.6175738,88.00432,0.0008617062
2022-08-28 06:00:00,32.28299,24.104584,1001.965,1.1919245,-0.49525356,0.8732428,62.107307,0.14190704
2022-08-28 12:00:00,29.925812,24.635681,998.4525,-2.4028168,0.25869262,0.61363447,73.334526,3.134846
2022-08-28 18:00:00,26.355804,25.006012,1002.5831,0.84975827,0.33344358,0.971993,92.305115,0.0
2022-08-29 00:00:00,25.471283,24.191986,1001.33685,0.8321651,0.42878252,0.57204336,92.64725,0.15647534
2022-08-29 06:00:00,31.866486,25.253876,1003.21124,1.5450902,-1.3756466,0.25346857,68.10996,0.0
2022-08-29 12:00:00,29.53299,24.708649,999.83124,-2.3453903,0.4337237,0.70149976,75.33978,0.06703474
2022-08-29 18:00:00,26.627289,24.71634,1002.8894,0.8668804,0.74287266,0.4132799,89.28227,0.4834739
2022-08-30 00:00:00,26.963318,25.134064,1001.65625,0.13431853,-0.26137733,0.22573769,89.74327,0.0
2022-08-30 06:00:00,32.396393,25.737946,1003.4331,-0.9234543,-0.19907284,0.38340777,68.026695,0.072858
2022-08-30 12:00:00,31.191498,25.184692,999.85126,-2.4840279,-0.4355955,0.39168012,70.48209,0.20556578
2022-08-30 18:00:00,27.534943,24.830353,1003.465,-0.79449177,0.6408844,0.37623155,85.227684,0.0
2022-08-31 00:00:00,25.901978,24.357086,1001.71313,1.0122471,0.44495827,0.9450966,91.20854,0.0
2022-08-31 06:00:00,30.435944,25.259857,1003.1394,-1.3571463,-0.36044395,0.99536103,73.92035,0.043117847
2022-08-31 12:00:00,27.399384,24.374695,1000.90063,-0.12981033,-1.1594696,0.99481577,83.59754,0.21772546
2022-08-31 18:00:00,25.235321,24.39679,1002.98315,0.47733402,0.7725144,0.97476,95.11689,0.0
2022-09-01 00:00:00,25.073517,23.89795,1001.34564,0.32068786,-0.95503616,0.85442543,93.20585,0.014758078
2022-09-01 06:00:00,27.345428,24.241974,1003.52,0.6365315,-0.57187366,1.0,83.19776,0.44751784
2022-09-01 12:00:00,27.494019,24.586761,1000.6962,-0.79533386,-0.016509295,1.0000004,84.19755,0.0
2022-09-01 18:00:00,25.282867,24.371765,1003.53625,0.44632977,0.8265827,0.9101135,94.70609,0.0
2022-09-02 00:00:00,25.688324,24.014465,1002.7775,0.22580636,-0.73784196,0.42618448,90.49183,0.0
2022-09-02 06:00:00,30.301666,25.03653,1003.9175,0.18546247,1.2433815,0.71956956,73.507095,0.022699095
2022-09-02 12:00:00,30.076263,25.096832,1001.6369,-1.6731071,0.57920796,0.40220726,74.73205,0.17821604
2022-09-02 18:00:00,26.949493,24.737488,1003.2581,0.37370545,2.462685,0.31905824,87.71647,0.0
2022-09-03 00:00:00,26.510468,24.06192,1002.7356,1.0204403,1.2037554,0.17087632,86.443474,0.0
2022-09-03 06:00:00,32.21158,24.971283,1003.42,0.713474,0.51885825,0.73751706,65.6773,0.10909458
2022-09-03 12:00:00,32.66336,24.52124,999.79877,-0.014743805,1.5653601,0.8612887,62.325375,0.0
2022-09-03 18:00:00,27.511871,25.461761,1003.27185,0.28760695,2.4638138,0.9767646,88.61326,0.0
2022-09-04 00:00:00,26.643158,25.041016,1001.9244,0.5782203,1.3415061,0.61162025,90.94398,0.0
2022-09-04 06:00:00,33.52835,25.571716,1001.98065,1.518177,0.00477463,0.3785351,63.205147,0.030608945
2022-09-04 12:00:00,32.13443,25.355621,999.04065,-1.2747831,0.6333317,0.5991707,67.49162,0.12584767
2022-09-04 18:00:00,26.235931,24.740814,1004.2475,1.5225649,1.6386067,0.77321965,91.50114,0.73894304
2022-09-05 00:00:00,25.621368,23.986237,1002.33936,1.3487692,-0.3266468,0.11909032,90.69808,0.0
2022-09-05 06:00:00,32.611603,25.166443,1002.645,0.34924227,0.21764052,0.61052877,64.961784,0.14562382
2022-09-05 12:00:00,30.613861,25.463898,999.08813,-0.36010647,2.7036047,0.43485212,74.06455,0.950148
2022-09-05 18:00:00,26.928864,24.953705,1002.7875,0.829088,0.44422716,0.9986699,88.96369,0.05196178
2022-09-06 00:00:00,26.662994,24.666687,1000.4381,1.1005092,0.29994124,0.93257886,88.83077,0.0
2022-09-06 06:00:00,32.470856,25.269653,1002.0637,1.772419,0.9639462,0.94452244,65.88306,0.06723083
2022-09-06 12:00:00,30.203766,24.902588,999.48627,0.6681268,2.5743604,0.53195673,73.33289,0.15822375
2022-09-06 18:00:00,26.267303,23.99356,1002.45685,1.5831268,1.701211,0.99842304,87.333496,0.0
2022-09-07 00:00:00,26.347076,22.700409,1001.1831,1.6601772,1.2668958,1.0,80.395905,0.0
2022-09-07 06:00:00,30.545013,23.451904,1002.8825,2.7113333,1.537715,1.0,65.91913,0.0
2022-09-07 12:00:00,29.682953,23.99173,1000.28314,1.0559046,1.7149494,1.0,71.5513,0.0
2022-09-07 18:00:00,26.99289,21.536896,1003.2419,3.5759964,0.5324887,1.0,72.09946,0.0022880696
2022-09-08 00:00:00,26.160675,22.971313,1001.5975,2.9382062,1.132231,1.0,82.63139,0.528944
2022-09-08 06:00:00,30.546661,23.424927,1002.34814,4.9258986,1.1965961,0.9966314,65.80572,0.0
2022-09-08 12:00:00,30.124054,23.805176,999.5687,0.98321164,0.6676024,1.0,68.9814,0.0
2022-09-08 18:00:00,27.368866,24.522003,1001.66187,1.0358973,2.4090624,0.9904304,84.48894,0.0
2022-09-09 00:00:00,27.019867,22.40451,1000.5531,2.9912472,1.3787537,0.96540177,75.897255,0.02995506
2022-09-09 06:00:00,32.56436,23.493225,1002.4025,4.392913,1.3533717,0.9681716,58.921158,0.0
2022-09-09 12:00:00,32.355133,24.153229,998.32,2.9915125,1.4850669,0.7046775,62.03552,0.0
2022-09-09 18:00:00,28.378082,24.683258,1002.02686,2.5678854,1.3251383,0.5871925,80.42791,0.0
2022-09-10 00:00:00,27.32309,22.347504,1000.84814,2.72159,1.8569553,0.90891,74.30102,0.0
2022-09-10 06:00:00,32.64554,23.11557,1002.34625,4.8972588,2.0326686,1.0,57.32973,0.0
2022-09-10 12:00:00,32.2659,22.997284,998.6869,3.0482287,1.6986902,1.0,58.153717,0.0015229471
2022-09-10 18:00:00,28.419342,21.811676,1002.2612,3.5030842,1.308234,0.9733977,67.45675,0.0
2022-09-11 00:00:00,27.115753,22.432281,1000.7456,2.8510942,1.856565,0.9989379,75.59867,0.0
2022-09-11 06:00:00,33.03824,22.839142,1002.0525,5.6396294,2.2930698,1.0000001,55.146038,0.0
2022-09-11 12:00:00,32.78763,22.785553,998.65686,2.9214158,1.6171249,0.92666453,55.747593,0.0
2022-09-11 18:00:00,27.997406,22.596344,1002.15936,2.2701354,1.6147757,0.98668337,72.517426,0.0
2022-09-12 00:00:00,27.001862,21.950592,1000.45874,2.3965082,2.1249897,0.8471847,73.90609,0.0
2022-09-12 06:00:00,34.006622,22.578156,1001.5031,4.913459,1.9792583,0.9961711,51.414562,0.0
2022-09-12 12:00:00,34.24051,22.230988,998.9194,2.3940105,1.8251255,0.87429833,49.688507,0.0
2022-09-12 18:00:00,27.791351,24.485504,1003.14374,0.92472184,2.817422,1.0000006,82.24681,0.0
2022-09-13 00:00:00,26.822235,22.247528,1002.5975,2.0247889,1.4687465,0.74974245,76.054276,0.0
2022-09-13 06:00:00,33.79019,22.815155,1003.8713,3.691208,1.5095754,0.014755059,52.793377,0.0
2022-09-13 12:00:00,33.1868,22.970306,1001.0375,1.071682,2.5829039,0.40606588,55.123943,0.0
2022-09-13 18:00:00,27.584229,25.184967,1004.5025,0.77862835,3.3086653,0.04401026,86.79809,0.0
2022-09-14 00:00:00,27.000214,24.710175,1004.68,0.986001,1.713892,0.8217118,87.31287,9.685755e-05
2022-09-14 06:00:00,34.03067,22.639557,1005.72876,2.3591712,1.5592767,0.8116889,51.53733,0.017262654
2022-09-14 12:00:00,33.141632,23.801971,1002.7775,-0.3262272,3.1391869,0.27039135,58.1083,0.0
2022-09-14 18:00:00,27.536835,24.658813,1006.5012,0.9962388,3.080474,0.80874056,84.34949,0.0
2022-09-15 00:00:00,26.9758,24.274628,1005.29877,1.3181839,1.6166663,0.7026765,85.18838,0.0
2022-09-15 06:00:00,33.577545,23.025848,1006.3825,1.791957,1.241081,0.462021,54.111153,0.00057183206
2022-09-15 12:00:00,33.203644,23.650177,1002.66815,0.074230194,0.4683867,0.27291182,57.379677,0.022975728
2022-09-15 18:00:00,27.884613,24.776337,1005.5744,0.5480568,2.3955822,0.94586396,83.235016,0.0
2022-09-16 00:00:00,27.511688,22.22696,1004.2225,1.68156,1.3947998,0.89834803,72.94787,0.0
2022-09-16 06:00:00,34.170074,22.396515,1004.26624,1.8433418,0.33765984,0.66509634,50.3888,0.00333786
2022-09-16 12:00:00,33.486725,23.24588,1000.4412,0.5697069,1.1228056,0.41465753,55.115402,0.004861504
2022-09-16 18:00:00,28.05957,25.125763,1003.3725,0.8809275,3.3364,0.9319569,84.12513,0.0
2022-09-17 00:00:00,27.951813,24.09439,1003.33624,1.5362501,2.363328,0.8200784,79.59223,0.0
2022-09-17 06:00:00,33.82083,23.067047,1004.1875,2.667554,1.10583,0.8101588,53.51302,0.007249415
2022-09-17 12:00:00,33.10721,23.549896,1001.1894,0.64381903,1.4829646,0.88776284,57.34372,0.0
2022-09-17 18:00:00,28.134796,25.838226,1003.6181,1.105088,2.711578,0.97634256,87.37843,0.0
2022-09-18 00:00:00,27.976654,23.033417,1003.66125,1.4646697,1.922102,0.68259513,74.5542,0.0
2022-09-18 06:00:00,35.009552,23.438568,1004.0694,2.418767,-0.181759,0.38569772,51.22471,0.0043902546
2022-09-18 12:00:00,30.09439,25.181793,1001.73126,-1.4125595,1.7321987,1.0000002,75.03303,0.99640155
2022-09-18 18:00:00,26.915619,24.583801,1004.1794,0.42813665,2.7399025,1.0,87.087585,0.0
2022-09-19 00:00:00,26.982452,23.652924,1003.08875,1.6662762,1.4352379,1.0,82.03276,0.031091273
2022-09-19 06:00:00,33.79837,22.960358,1003.9725,2.763091,0.42549276,0.99999994,53.235413,0.0
2022-09-19 12:00:00,33.284943,21.639801,1000.90314,1.8462505,0.5369387,0.99283385,50.558384,0.0
2022-09-19 18:00:00,29.113983,23.839264,1003.72125,1.1739166,2.0914173,0.98999023,73.265274,0.0
2022-09-20 00:00:00,28.17456,22.370026,1002.8525,2.023655,0.8679142,1.0,70.79248,0.0
2022-09-20 06:00:00,33.322174,21.416412,1003.64435,3.048755,-0.24997455,0.99426377,49.76786,0.002194196
2022-09-20 12:00:00,33.476105,22.17984,999.9369,2.3978894,-0.3185441,0.4852903,51.695232,0.0
2022-09-20 18:00:00,28.824127,23.311554,1003.72375,1.073328,2.6578233,0.91206455,72.173134,0.0
2022-09-21 00:00:00,27.630035,21.948517,1002.79315,2.1244154,1.1775646,0.12111731,71.22575,0.0
2022-09-21 06:00:00,34.67325,21.06607,1003.42,3.532133,0.15476125,0.09757392,45.171936,0.0
2022-09-21 12:00:00,34.471954,21.636993,999.58685,1.4023848,-0.07294083,0.3190804,47.306606,0.0
2022-09-21 18:00:00,28.74292,24.32425,1003.83685,0.9505871,3.6859064,0.23060864,77.06821,0.0
2022-09-22 00:00:00,27.896057,21.539948,1003.1163,2.6341777,1.1780396,0.33553535,68.398636,0.0001937151
2022-09-22 06:00:00,34.77652,21.175568,1003.5425,3.0234938,-0.040043592,0.5022323,45.216602,0.0017138664
2022-09-22 12:00:00,34.637115,20.733185,1000.5619,1.2921867,-0.43527186,0.42373967,44.345642,0.0
2022-09-22 18:00:00,29.058624,24.386383,1004.7325,0.42965552,3.3136709,0.2690522,75.9539,0.0
2022-09-23 00:00:00,27.539948,21.667145,1003.45123,2.4909127,1.20152,0.80007315,70.382225,0.0
2022-09-23 06:00:00,35.058258,20.8721,1003.9944,2.8342314,-0.16078013,0.34620935,43.693573,0.0
2022-09-23 12:00:00,34.43228,21.639435,1000.95624,0.75072575,-1.1979017,0.43962562,47.418205,0.0
2022-09-23 18:00:00,29.04715,23.934235,1003.96936,0.9867933,2.9403477,0.81376046,73.97023,0.0
2022-09-24 00:00:00,28.064056,22.14981,1003.47687,2.094966,0.21212196,0.90928257,70.30117,0.0
2022-09-24 06:00:00,35.33023,20.305145,1003.60565,3.4316206,-1.800251,0.4519573,41.562916,0.0
2022-09-24 12:00:00,34.618927,22.261505,999.96,0.66755104,-0.8716316,0.6483142,48.743732,0.04175678
2022-09-24 18:00:00,28.586395,22.994537,1003.52313,-0.5537586,1.8497368,0.79443413,71.78629,0.0
2022-09-25 00:00:00,28.106354,21.423615,1001.83185,2.372221,0.5792322,0.78860116,67.08558,0.0
2022-09-25 06:00:00,34.46817,21.742218,1002.3162,1.0308716,-2.309678,0.32029292,47.621872,0.0017168932
2022-09-25 12:00:00,33.14554,23.369781,999.5425,-1.4906712,-0.1705513,0.3442592,56.60216,0.21218182
2022-09-25 18:00:00,29.347687,24.626862,1003.47565,0.11258811,1.3934984,0.5623951,75.77822,0.0
2022-09-26 00:00:00,25.798492,24.035065,1003.02435,1.3388331,1.6682768,0.74715495,90.01392,0.059123255
2022-09-26 06:00:00,29.399628,22.698639,1004.825,3.948267,0.5865011,0.80963624,67.26841,0.0
2022-09-26 12:00:00,28.981537,24.781464,1000.6325,1.6363602,0.9174528,0.7945794,78.11771,0.57453525
2022-09-26 18:00:00,26.72165,25.1633,1004.01,0.7384241,2.6510482,0.5757711,91.18655,1.114279
2022-09-27 00:00:00,25.733246,23.882782,1002.5681,1.9606379,1.5554657,0.88152087,89.53968,0.0
2022-09-27 06:00:00,32.721832,22.674225,1002.3869,2.1029348,-2.2394161,0.3862429,55.57805,0.0036233105
2022-09-27 12:00:00,32.59915,24.971222,999.195,0.7181473,-0.44799995,0.9993357,64.2555,0.0
2022-09-27 18:00:00,29.283295,24.462555,1002.2081,-0.3812666,2.0944366,0.42670822,75.31655,0.019737752
2022-09-28 00:00:00,27.853516,23.677216,1000.8656,2.088924,2.391008,0.6752344,78.06728,0.0
2022-09-28 06:00:00,33.167633,23.533966,1001.96625,3.2935066,0.038257122,0.6550727,57.094597,0.00038184226
2022-09-28 12:00:00,34.095245,22.670135,999.08813,1.6266365,1.0770344,0.50930625,51.44736,0.01286529
2022-09-28 18:00:00,26.25589,24.631317,1002.77435,0.36220467,1.2329177,0.9993349,90.7972,0.31373754
2022-09-29 00:00:00,25.758026,24.097992,1000.11127,2.048296,1.2772417,0.9866324,90.571655,0.45625016
2022-09-29 06:00:00,30.041656,23.970795,1001.6,2.6240864,-0.2704172,1.0,70.00211,0.0
2022-09-29 12:00:00,31.85318,24.50998,999.01624,0.52441216,-0.2735219,1.0,65.201706,0.0
2022-09-29 18:00:00,28.249176,24.618317,1002.40125,1.6922009,3.0909257,0.96141124,80.71935,0.0
2022-09-30 00:00:00,27.152008,22.464874,1001.215,2.7950907,0.4980564,0.910766,75.58758,0.0
2022-09-30 06:00:00,31.609772,23.031158,1002.7456,3.8102236,0.20004612,0.99038357,60.47985,0.0
2022-09-30 12:00:00,32.083282,22.618195,999.1731,1.1573517,0.42000294,0.9915401,57.422775,0.0
2022-09-30 18:00:00,28.617218,22.319366,1002.46814,3.1901445,1.1174097,0.99022293,68.78157,0.0
2022-10-01 00:00:00,27.075958,21.640778,1001.90186,3.9099102,0.38648796,0.99140525,72.20594,0.0
2022-10-01 06:00:00,31.610992,21.838593,1003.12,5.7085304,0.49024963,0.9971186,56.247223,0.0
2022-10-01 12:00:00,31.77835,22.085724,1000.28815,3.199235,0.47890472,0.9947559,56.56175,0.021077693
2022-10-01 18:00:00,27.288544,23.620148,1002.5181,2.3945723,0.7230654,1.0,80.41349,0.0
2022-10-02 00:00:00,27.012299,21.525055,1000.1069,3.4166365,0.73164463,0.86731577,71.96512,0.0
2022-10-02 06:00:00,33.453888,22.335724,1002.1819,4.002548,-1.3485317,0.9955696,52.253025,0.0
2022-10-02 12:00:00,31.720001,23.5878,999.78125,-0.34033984,-1.337923,0.99487376,62.15705,0.015839934
2022-10-02 18:00:00,28.10788,22.457916,1001.95,4.2299757,1.2133422,0.9999991,71.448715,0.0
2022-10-03 00:00:00,27.008392,22.638824,1000.4356,3.1468306,0.5790265,0.99755347,77.03705,0.0
2022-10-03 06:00:00,32.877594,23.01828,1001.4519,3.5631552,-2.5118198,1.0000001,56.253387,0.021074899
2022-10-03 12:00:00,32.80423,23.61502,999.03314,1.241777,-1.5888147,1.0,58.558445,0.12121629
2022-10-03 18:00:00,28.861572,22.871979,1002.155,2.114128,1.2830157,0.9831374,70.12728,0.0
2022-10-04 00:00:00,27.475494,22.922638,1000.3131,3.3097916,-0.09440613,0.994874,76.256485,0.0
2022-10-04 06:00:00,32.51883,23.192047,1001.35065,3.3885689,-1.7537575,1.0,58.00836,0.0056261197
2022-10-04 12:00:00,31.981842,24.48587,998.695,1.0029304,-0.7553978,1.0,64.634796,0.0
2022-10-04 18:00:00,29.147888,21.93863,1001.5613,2.1385324,1.0642354,0.9978763,65.16995,0.0041981693
2022-10-05 00:00:00,27.597595,22.864044,1000.7356,2.081109,1.3268828,0.99821806,75.44539,0.041684806
2022-10-05 06:00:00,30.437164,23.37149,1001.59436,3.0204716,-1.4846954,1.0,66.00636,0.0
2022-10-05 12:00:00,30.954865,24.541046,998.8688,-0.7245331,-0.17789948,1.0,68.74706,9.522773e-05
2022-10-05 18:00:00,27.607788,23.174713,1001.79626,0.08090603,2.0786524,1.0000002,76.83133,0.0
2022-10-06 00:00:00,26.561432,22.854828,1000.7225,1.7409754,0.14265347,1.0000001,80.13253,0.009343028
2022-10-06 06:00:00,31.149933,23.041473,1002.2619,1.5326184,-0.032500267,0.9996032,62.12142,0.0
2022-10-06 12:00:00,31.384796,23.19748,999.08813,1.0959778,0.9031249,0.94135463,61.877327,0.0
2022-10-06 18:00:00,27.627045,24.405792,1003.1912,0.057807207,1.9845951,0.59823644,82.64494,0.1603812
2022-10-07 00:00:00,26.582123,23.644562,1001.58435,1.4769402,1.3428468,0.97239596,83.94564,0.0
2022-10-07 06:00:00,31.095245,22.947601,1002.90564,1.2625283,-0.5457983,0.95962423,61.962296,0.0005736947
2022-10-07 12:00:00,30.190521,23.805573,1000.6675,-1.0624952,-0.20475084,1.0000001,68.7204,0.008769333
2022-10-07 18:00:00,26.963715,23.62735,1003.8794,-0.19677353,1.1670114,0.9976268,81.99671,0.0
2022-10-08 00:00:00,26.230286,24.54245,1002.3606,-0.049557686,0.806141,0.9999999,90.452614,0.89397573
2022-10-08 06:00:00,31.40799,23.805267,1003.82874,0.53341854,-1.2821093,0.96753454,64.10237,0.0
2022-10-08 12:00:00,30.400787,24.010223,1001.14813,-1.3575268,-1.3201475,0.9821368,68.737305,0.09457022
2022-10-08 18:00:00,25.65689,23.905914,1004.18,-0.08922768,-2.7480268,0.9999991,90.071304,0.0
2022-10-09 00:00:00,24.868347,23.618134,1002.8831,0.3755312,-1.2565966,0.9986699,92.7777,0.6815058
2022-10-09 06:00:00,27.05014,23.72702,1005.07935,1.1346483,-0.9434252,0.99999857,82.07261,0.0
2022-10-09 12:00:00,27.96817,24.21643,1001.84314,-0.059500694,0.5356207,0.8586193,80.1007,1.6567247
2022-10-09 18:00:00,24.818695,24.300201,1005.41315,0.8193215,0.0061858892,0.5324288,96.94603,0.0
2022-10-10 00:00:00,24.57962,23.74997,1004.6119,0.6706188,-0.22034037,0.98673964,95.1443,0.0
2022-10-10 06:00:00,30.43692,25.325958,1005.79626,0.23267883,0.13727468,0.9809503,74.20746,0.06512845
2022-10-10 12:00:00,28.593597,24.912842,1002.7644,-1.3874893,0.27408117,0.9717417,80.52347,0.007613234
2022-10-10 18:00:00,26.639801,24.73291,1006.0731,-0.1468277,1.09951,0.9085008,89.304886,0.20597875
2022-10-11 00:00:00,25.393646,23.811615,1004.46375,0.6089169,-0.3186034,0.49628145,90.973206,0.0
2022-10-11 06:00:00,30.470978,25.139435,1005.85126,-0.81767845,0.35093325,0.87546355,73.2452,0.23879321
2022-10-11 12:00:00,29.60202,24.93637,1002.2456,-1.0164604,1.3750826,0.23448826,76.06777,0.0
2022-10-11 18:00:00,26.662079,24.970764,1005.1669,-0.18383503,1.2072612,0.48784077,90.463,0.0
2022-10-12 00:00:00,25.496979,24.119751,1004.5769,-0.75614357,-0.3636201,0.9260426,92.1059,0.033458788
2022-10-12 06:00:00,31.81363,25.062378,1006.155,0.27908528,1.4683702,0.19036078,67.539734,0.0
2022-10-12 12:00:00,29.69577,25.321564,1002.20374,-2.2190933,1.4882095,0.45655072,77.41403,1.0447147
2022-10-12 18:00:00,27.475128,25.153442,1005.5581,-0.38117695,1.4132671,0.1613003,87.190155,0.0
2022-10-13 00:00:00,25.811035,24.279205,1004.22876,0.86000353,-0.47792912,0.26229107,91.27428,0.0
2022-10-13 06:00:00,31.9628,24.68045,1005.2525,-0.60858727,0.94297993,0.38871032,65.46194,0.04997074
2022-10-13 12:00:00,29.563263,24.584625,1002.16187,-1.8782606,1.1982348,0.5147805,74.65288,0.0
2022-10-13 18:00:00,26.716217,24.589752,1005.205,0.39455032,0.48333782,0.7072263,88.146416,0.0
2022-10-14 00:00:00,26.457184,24.26416,1003.35126,0.8467344,-0.28581524,0.87471294,87.7741,0.0
2022-10-14 06:00:00,31.434113,24.483124,1003.835,0.5629353,-1.1524506,0.47351938,66.664345,0.06438432
2022-10-14 12:00:00,28.77298,24.836212,1001.0019,-1.8058567,-0.20905209,0.65858054,79.32618,0.56557715
2022-10-14 18:00:00,25.143463,24.289948,1004.265,1.4008675,0.6396866,0.9986622,95.02823,1.9215777
2022-10-15 00:00:00,25.260529,23.811188,1002.6675,1.0079322,-1.2741842,0.9054148,91.69397,0.0
2022-10-15 06:00:00,32.259552,24.667877,1003.18,0.1398384,-0.7520304,0.59945005,64.32363,0.0
2022-10-15 12:00:00,30.393951,24.691895,1000.71375,-1.5696259,0.7143879,0.33700013,71.63074,0.0035165837
2022-10-15 18:00:00,26.229218,25.195374,1004.2225,0.8239145,0.9176525,0.5168755,94.05281,0.02794953
2022-10-16 00:00:00,26.314484,24.592255,1003.13,-0.09056133,-0.17167282,0.7260725,90.27247,0.0
2022-10-16 06:00:00,31.21048,25.64035,1005.3063,0.87390953,0.5979939,0.46669322,72.338844,0.11769153
2022-10-16 12:00:00,29.025085,25.68692,1003.41315,-1.4925547,0.7448004,0.59859616,82.23549,0.95623475
2022-10-16 18:00:00,27.0177,25.309723,1007.21,-0.5850125,0.32090664,0.6354283,90.397285,0.0
2022-10-17 00:00:00,25.725708,24.3143,1005.85376,0.15461671,-0.83117294,0.87985086,91.93031,0.0
2022-10-17 06:00:00,30.301422,26.227997,1007.09625,-1.3522959,0.037953615,0.998218,78.893616,0.08697018
2022-10-17 12:00:00,29.439697,25.00113,1004.3769,-0.7149763,0.83730626,0.99827087,77.08017,0.040607728
2022-10-17 18:00:00,27.252472,24.673065,1006.9675,0.31343836,1.0824392,0.98571366,85.839195,0.0
2022-10-18 00:00:00,26.152344,24.29065,1005.6906,1.0112157,0.38666952,0.98746204,89.51031,0.0
2022-10-18 06:00:00,32.687775,24.940643,1006.0619,2.3360605,-1.2859583,0.8767671,63.81886,0.0154522965
2022-10-18 12:00:00,28.78067,25.502869,1003.8237,0.08033562,1.999272,0.9751079,82.50178,0.21712503
2022-10-18 18:00:00,25.975067,24.70871,1006.1131,0.81345177,-1.0518847,0.9682537,92.74549,0.0
2022-10-19 00:00:00,25.57669,24.321045,1004.89624,1.0150695,0.41825867,0.97708696,92.784256,0.0
2022-10-19 06:00:00,32.23636,25.434479,1005.72064,1.3919514,-1.2197685,0.9838861,67.41902,0.024212198
2022-10-19 12:00:00,28.685516,24.892822,1003.1025,-0.7661295,0.7185888,0.8501401,79.999435,1.6619728
2022-10-19 18:00:00,25.436005,23.918274,1006.7125,2.3774462,-0.517436,0.99148494,91.32831,0.0
2022-10-20 00:00:00,25.29831,23.664001,1004.775,0.30603373,-1.4398394,0.8101899,90.68122,0.0
2022-10-20 06:00:00,31.500519,24.522247,1005.95435,-0.12453365,-2.4080124,0.9889173,66.56885,0.031682976
2022-10-20 12:00:00,28.8255,25.134033,1003.90186,-1.1426935,-0.08602619,0.95557195,80.50203,0.18618366
2022-10-20 18:00:00,26.007568,24.88269,1007.1731,0.46905994,-0.9353123,0.9187147,93.53395,0.40500447
2022-10-21 00:00:00,24.843811,23.816437,1005.90186,1.1112032,-0.9489918,0.9937748,94.029465,0.0
2022-10-21 06:00:00,28.24881,24.414032,1007.9869,-0.67243576,-1.9769487,1.0,79.74033,0.07620636
2022-10-21 12:00:00,27.511078,25.075867,1005.39624,-1.5071688,-0.77085114,0.7713387,86.60575,2.6707242
2022-10-21 18:00:00,25.74228,24.433777,1008.0131,1.1686487,-0.20102406,0.9667257,92.499695,0.0
2022-10-22 00:00:00,25.866364,23.857513,1006.03375,0.51964664,-2.2814684,0.99159294,88.70118,0.0
2022-10-22 06:00:00,31.474274,24.369476,1007.6225,-0.8261194,-4.504175,0.7850635,66.06124,0.017928261
2022-10-22 12:00:00,27.953339,24.79776,1004.7531,-0.953598,-1.3684063,0.99643487,83.00807,1.2951344
2022-10-22 18:00:00,26.507935,24.937439,1007.7625,-0.5738249,-1.5471363,0.77219653,91.107124,0.0
2022-10-23 00:00:00,25.36972,23.834473,1005.60126,1.3458287,-0.68335724,0.8507958,91.22805,0.0
2022-10-23 06:00:00,31.121613,23.228485,1006.8875,0.9218689,-2.918274,0.65803283,62.92929,0.001527369
2022-10-23 12:00:00,30.233185,24.537384,1003.97186,-0.27278805,1.2242498,0.8030594,71.62913,0.0
2022-10-23 18:00:00,26.95523,24.71585,1005.8775,0.8371168,2.3187857,0.3343193,87.573616,0.0
2022-10-24 00:00:00,25.7753,25.016571,1004.0625,1.6095108,0.728918,0.96309626,95.58981,0.0
2022-10-24 06:00:00,31.720734,21.407013,1005.79565,0.7669647,-2.5721302,0.13008481,54.44194,0.0007636845
2022-10-24 12:00:00,30.586212,21.91568,1002.60565,-0.7222557,-0.04029149,0.4480796,59.911804,0.0
2022-10-24 18:00:00,26.105133,23.80777,1005.22876,-0.09899998,2.0127218,0.8401449,87.19521,0.0
2022-10-25 00:00:00,25.087189,24.018341,1004.59625,1.206033,0.77276707,0.023125261,93.80609,0.0
2022-10-25 06:00:00,32.058136,22.322906,1006.065,0.36997235,-1.8213911,0.2750184,56.481976,0.0
2022-10-25 12:00:00,30.875519,22.269562,1003.84375,-1.0483265,-1.2440662,0.6074773,60.213905,0.0
2022-10-25 18:00:00,25.782684,23.233917,1007.0325,-1.3592129,1.0611755,0.07647705,85.85371,0.0
2022-10-26 00:00:00,24.996185,23.345062,1006.615,0.8663006,-1.046855,0.04503759,90.56915,0.0
2022-10-26 06:00:00,31.338593,22.33841,1007.8794,-1.0414495,-1.3540297,0.37903267,58.891632,0.0
2022-10-26 12:00:00,30.304413,21.72171,1004.6312,-2.2188196,-0.97792244,0.3062182,60.169647,0.0
2022-10-26 18:00:00,25.632294,21.699493,1007.4281,-1.465477,-1.0154762,0.5556281,78.91123,0.0
2022-10-27 00:00:00,24.1763,21.298126,1006.33624,0.57381344,-2.032217,0.12460317,83.984116,0.0
2022-10-27 06:00:00,31.059967,19.187408,1007.2531,-0.75072384,-2.8392,0.053548984,49.284454,0.0
2022-10-27 12:00:00,30.106415,21.645538,1004.2006,-1.3663311,-1.3012314,0.01055336,60.57436,0.0
2022-10-27 18:00:00,26.130768,23.378693,1006.70374,0.0321064,-1.8136721,0.16011961,84.84114,0.0
2022-10-28 00:00:00,26.145294,23.483917,1005.4375,0.16495991,-1.9223404,0.48995155,85.308105,0.017933547
2022-10-28 06:00:00,31.452423,22.98703,1005.7463,-2.6332378,-3.0943537,0.40380844,60.86026,0.020783395
2022-10-28 12:00:00,29.848724,22.390472,1003.0012,-2.3387737,-0.80968285,0.027015686,64.33478,0.0
2022-10-28 18:00:00,25.573334,23.319122,1006.18,-1.2338047,-2.4794655,0.58862376,87.37505,0.06371888
2022-10-29 00:00:00,25.505371,23.494598,1005.29065,0.104026794,-2.7536821,0.9737364,88.66215,0.0
2022-10-29 06:00:00,28.054352,24.767944,1006.52,0.7189865,-3.3822622,0.9966316,82.3738,0.10316284
2022-10-29 12:00:00,26.891846,24.769287,1004.1894,-1.3094559,-2.31042,0.96917605,88.18151,0.54667354
2022-10-29 18:00:00,24.623413,23.68747,1006.52124,-0.6370678,-1.8666182,0.7248783,94.539085,0.0
2022-10-30 00:00:00,24.47702,23.416107,1005.35126,0.44763565,-2.1032314,0.91277707,93.82357,0.0
2022-10-30 06:00:00,30.150665,23.681854,1006.085,-1.7473698,-3.7458754,0.4890924,68.3668,0.048244014
2022-10-30 12:00:00,28.766083,22.987274,1003.4525,-2.102047,-2.2405167,0.9806841,71.01056,0.0
2022-10-30 18:00:00,26.171295,23.886871,1006.16565,-0.64738846,-2.010808,0.9922492,87.26896,0.13507661
2022-10-31 00:00:00,25.330963,22.42044,1004.8144,-0.07196522,-2.8315506,0.99821854,83.94556,0.0
2022-10-31 06:00:00,29.00528,22.43692,1005.21436,-0.24115372,-5.0388203,0.99905896,67.73418,0.15443563
2022-10-31 12:00:00,26.771942,23.90512,1004.1188,-1.185235,-3.7787752,0.9999997,84.32432,0.1851654
2022-10-31 18:00:00,25.033356,23.578949,1005.9256,-0.18383408,-3.2118864,1.0000002,91.6525,0.0
2022-11-01 00:00:00,24.2081,22.66452,1004.9963,0.71152973,-2.654067,1.0,91.1088,3.1089683
2022-11-01 06:00:00,24.494415,23.39264,1006.45874,0.94686985,-3.1101398,1.0,93.59331,0.0
2022-11-01 12:00:00,24.64096,23.45996,1004.91876,0.1331358,-3.2762575,1.0,93.15407,0.0
2022-11-01 18:00:00,23.882782,23.258026,1007.05,0.1782713,-2.785634,0.9948739,96.30501,0.0
2022-11-02 00:00:00,23.670319,22.22229,1005.3162,-0.11142069,-2.8533735,0.96840215,91.605995,0.0
2022-11-02 06:00:00,28.181793,23.032166,1006.3162,0.15718198,-3.1760578,0.99293226,73.66268,0.1741207
2022-11-02 12:00:00,25.91214,22.748718,1003.77563,-0.6802006,-3.1794987,0.9776301,82.73212,0.0
2022-11-02 18:00:00,24.109528,22.466034,1005.89,0.26924896,-2.6406546,0.99426234,90.55131,0.1983166
2022-11-03 00:00:00,23.526337,22.827393,1004.015,0.41204262,-2.3050737,0.9942622,95.863495,0.0
2022-11-03 06:00:00,28.227081,24.42569,1006.2444,-0.19397831,-3.0494556,0.99905914,79.896996,0.33905345
2022-11-03 12:00:00,25.53299,24.366943,1004.1694,-2.1101484,-1.5271511,0.9982184,93.28151,0.4471109
2022-11-03 18:00:00,24.324738,24.000519,1006.78815,-0.8920002,-1.5266895,1.0,98.0736,3.1406093
2022-11-04 00:00:00,24.308075,23.153198,1005.8725,0.17242622,-2.5034227,1.0,93.28479,0.0
2022-11-04 06:00:00,27.34201,24.661316,1007.1169,-1.1565876,-2.5540342,0.9856548,85.32997,0.18114883
2022-11-04 12:00:00,25.660187,23.981567,1005.8625,-1.3778725,-1.0266609,1.0,90.46404,0.0
2022-11-04 18:00:00,24.40384,23.603912,1008.6156,-0.15363216,-1.5504084,0.99799734,95.30861,0.0
2022-11-05 00:00:00,24.377777,23.281525,1007.07,-0.38499355,-2.6157084,0.6970589,93.61911,0.0
2022-11-05 06:00:00,30.096588,25.232147,1009.03314,-2.5122595,-2.3876305,0.54309607,75.24879,0.13826478
2022-11-05 12:00:00,27.992188,24.225433,1006.545,-2.117013,-1.7044001,0.63912576,80.03178,0.0
2022-11-05 18:00:00,24.84909,23.51941,1009.45,-1.149847,-2.0402412,0.9894288,92.33348,0.0
2022-11-06 00:00:00,24.859161,23.66269,1007.90814,-0.723897,-1.9902954,0.9955695,93.078064,0.14925659
2022-11-06 06:00:00,29.195465,25.659515,1008.97,-1.361557,-2.9385166,0.9900441,81.296906,0.0
2022-11-06 12:00:00,25.862732,24.152588,1007.27185,-2.2246008,-1.8545551,0.9976021,90.30678,0.828399
2022-11-06 18:00:00,24.516022,24.045288,1009.20624,-0.9098215,-2.0253582,0.9538142,97.21771,0.0
2022-11-07 00:00:00,24.822662,23.20935,1007.2438,0.3601532,-2.575657,0.9213992,90.76469,0.0021912926
2022-11-07 06:00:00,29.649567,23.883148,1009.03186,-1.7624912,-3.3959885,0.97581434,71.22273,0.16107349
2022-11-07 12:00:00,28.277313,24.045685,1005.9556,-1.1688643,-1.8942909,0.70573187,77.86904,0.0
2022-11-07 18:00:00,25.271942,24.235107,1008.6337,-1.8694754,-1.7368698,0.9857919,93.99466,0.0
2022-11-08 00:00:00,25.160675,23.537567,1006.4988,0.17051983,-2.5758524,0.9982181,90.7333,0.0743923
2022-11-08 06:00:00,28.290314,25.06369,1008.6125,-1.7737551,-3.1381664,0.9946541,82.69589,0.13304186
2022-11-08 12:00:00,27.030884,24.4617,1005.8119,-0.9488182,-2.599762,1.0000002,85.87011,0.0
2022-11-08 18:00:00,25.26413,23.526093,1007.79315,-0.45877934,-2.7808113,0.9999998,90.11389,0.0
2022-11-09 00:00:00,24.619171,23.198944,1006.1,0.4666319,-2.7748337,0.99999994,91.81713,0.00019028643
2022-11-09 06:00:00,29.499786,24.149323,1007.6025,-1.5249968,-3.7706537,0.9999999,72.99801,0.18874764
2022-11-09 12:00:00,27.44522,23.983032,1005.5012,-1.7015715,-2.3793297,0.98246396,81.43737,0.0
2022-11-09 18:00:00,25.069733,23.84793,1007.1944,-0.33763695,-2.6622534,0.93854976,92.94691,0.0
2022-11-10 00:00:00,24.983307,23.149933,1006.1381,0.053987503,-3.276988,0.6562652,89.57659,0.0
2022-11-10 06:00:00,30.207123,23.599274,1006.8281,-1.5645485,-3.88066,0.9279098,67.807556,0.0590277
2022-11-10 12:00:00,28.40155,23.68515,1004.33435,-0.6127291,-2.7513933,0.99960333,75.65042,0.0
2022-11-10 18:00:00,24.87967,22.692657,1006.47626,0.24588776,-4.058302,1.0000001,87.670425,0.0
2022-11-11 00:00:00,23.132538,22.2872,1004.8225,0.96874523,-4.4226694,1.0,95.001915,1.2842478
2022-11-11 06:00:00,23.328888,23.160797,1006.2587,2.3241758,-3.862956,1.0,98.98969,0.081793666
2022-11-11 12:00:00,24.34549,23.331451,1003.72687,2.4743948,-3.5784893,1.0,94.083565,0.7301477
2022-11-11 18:00:00,24.125397,23.177155,1004.65314,0.97019005,-4.5091496,0.99999976,94.449036,0.0
2022-11-12 00:00:00,23.989532,23.818756,1003.1431,0.8107691,-2.2464533,0.9999998,98.97865,0.23342288
2022-11-12 06:00:00,27.516388,25.319183,1006.2056,0.8949623,-1.5879335,1.0000002,87.84211,0.0
2022-11-12 12:00:00,27.585114,25.375397,1003.5731,-1.1573362,-0.15891743,0.82533365,87.78258,0.0
2022-11-12 18:00:00,25.032135,24.257568,1006.995,-0.71577454,-1.397831,0.63389856,95.47518,0.0
2022-11-13 00:00:00,24.36142,23.40744,1005.4963,-0.5738907,-2.2082376,0.8763184,94.425896,0.10083301
2022-11-13 06:00:00,26.87558,25.09433,1007.6194,-1.4663877,-1.7692947,0.9986623,89.994026,0.014087662
2022-11-13 12:00:00,26.715668,24.706268,1005.4194,-0.9766054,-1.8064604,0.9971194,88.7654,0.0
2022-11-13 18:00:00,24.374786,23.500427,1008.195,-0.042586327,-2.0231934,1.0,94.881,0.0
2022-11-14 00:00:00,24.287567,23.29779,1006.3137,-0.27434635,-3.16193,1.0000001,94.219055,0.0193595
2022-11-14 06:00:00,28.728058,25.562103,1007.8194,-2.2358255,-2.3543615,0.9036844,83.04547,0.020118915
2022-11-14 12:00:00,27.192719,24.717865,1006.1719,-1.9726858,-1.700983,0.99426293,86.371445,0.2204903
2022-11-14 18:00:00,24.395477,23.754364,1008.8831,-0.4837942,-2.0632534,0.99999994,96.22415,0.0
2022-11-15 00:00:00,24.31427,23.400726,1007.90375,0.090411186,-1.5741491,0.95582086,94.65464,0.0
2022-11-15 06:00:00,29.492584,25.541595,1008.9394,-0.6501961,-2.2464457,0.9045761,79.35679,0.0
2022-11-15 12:00:00,27.731934,24.368591,1005.85376,-0.83197594,-0.9392004,0.5241148,81.957016,0.0111557655
2022-11-15 18:00:00,25.066498,23.624603,1007.6881,-0.051098824,-2.1120768,0.21621728,91.72357,0.0
2022-11-16 00:00:00,24.260773,22.836731,1006.2469,0.5577593,-2.2212095,0.08218172,91.77486,0.00038184226
2022-11-16 06:00:00,29.602264,23.15152,1007.52625,-0.7968893,-3.2021036,0.87884265,68.335495,0.12866221
2022-11-16 12:00:00,28.122528,22.65451,1004.3881,-2.1543436,-1.3691607,0.154862,72.24511,0.0
2022-11-16 18:00:00,24.61496,23.083282,1006.9387,-0.68519497,-1.8017311,0.23043609,91.20031,0.0
2022-11-17 00:00:00,23.319244,22.21109,1005.78,0.9084072,-2.2173958,0.90321505,93.50208,0.0
2022-11-17 06:00:00,29.302704,20.10321,1006.6975,-1.0224762,-3.8975353,0.95578647,57.70229,0.0
2022-11-17 12:00:00,27.406616,20.791046,1004.8031,-1.5194607,-1.0358534,0.9975526,67.22256,0.0
2022-11-17 18:00:00,23.797394,21.348236,1006.72687,-0.9420233,-1.8305387,0.99782157,86.18205,0.0
2022-11-18 00:00:00,22.143951,20.233185,1005.4888,-0.074299395,-3.0321798,0.99462867,88.93753,0.0
2022-11-18 06:00:00,29.804108,19.598541,1007.1213,-1.2364511,-4.1287947,0.9789632,54.33194,0.0
2022-11-18 12:00:00,27.886383,21.920013,1004.9288,-1.1770306,-1.5099173,1.0,70.04524,0.0
2022-11-18 18:00:00,24.360748,21.235504,1007.3731,-1.0246782,-3.5116816,0.9792832,82.74224,0.0
2022-11-19 00:00:00,23.426056,20.649078,1006.27814,0.45423073,-3.637517,0.995106,84.42594,0.0
2022-11-19 06:00:00,28.957184,20.591461,1006.71,-0.34880638,-4.6898556,1.0,60.668518,0.0
2022-11-19 12:00:00,27.636993,21.83255,1004.2506,-1.3329067,-1.3690624,1.0,70.69467,0.0
2022-11-19 18:00:00,24.42691,20.312592,1005.9981,-0.20929337,-2.9007854,1.0,77.86407,0.0
2022-11-20 00:00:00,22.158112,19.67807,1004.91876,0.48520327,-2.9246483,1.0,85.85783,0.0
2022-11-20 06:00:00,28.87741,18.032013,1005.60126,0.6702743,-4.0752735,1.0,51.974476,0.0
2022-11-20 12:00:00,27.160034,19.024323,1002.4906,-0.9294348,-1.7094259,0.8194973,61.13025,0.0
2022-11-20 18:00:00,22.93277,18.735504,1004.72565,-0.0376091,-1.9910831,0.8997414,77.241745,0.0
2022-11-21 00:00:00,20.941315,18.928253,1003.8638,0.34945655,-1.7408495,0.95581007,88.276794,0.0
2022-11-21 06:00:00,30.186188,18.627594,1004.71875,2.810544,-0.22766876,0.53482336,50.030785,0.0
2022-11-21 12:00:00,28.99234,21.628693,1002.73315,-0.6781759,-1.6755123,0.3458901,64.5259,0.0
2022-11-21 18:00:00,22.517975,20.282013,1004.8794,0.035030365,-2.0450516,0.05921279,87.19966,0.0
2022-11-22 00:00:00,23.2294,20.68509,1003.8794,1.2919903,1.0693998,0.5544792,85.624,0.0
2022-11-22 06:00:00,29.44815,21.879974,1005.0656,2.2143545,-0.13613892,0.23938203,63.82071,0.0
2022-11-22 12:00:00,29.63443,23.62735,1002.4325,-0.38281822,-0.5747986,0.4938017,70.19592,0.0
2022-11-22 18:00:00,25.57016,23.935516,1005.47815,-0.41779995,1.3352265,0.20605288,90.697365,0.0011436641
2022-11-23 00:00:00,24.70224,23.236816,1004.3806,1.4746609,1.2362292,0.51099265,91.571686,0.0005736947
2022-11-23 06:00:00,31.27298,22.908905,1005.3656,2.8516865,0.6983475,0.7822563,61.194565,0.01391812
2022-11-23 12:00:00,30.24405,24.892792,1002.6475,-0.27090836,-0.3704462,0.85432,73.12086,0.0
2022-11-23 18:00:00,25.364899,24.182861,1005.89874,-1.1260958,0.8466113,0.75400066,93.18392,0.0
2022-11-24 00:00:00,25.181122,23.860382,1004.7575,0.8917856,-0.1867609,0.9529051,92.40138,0.03822893
2022-11-24 06:00:00,30.176788,23.570923,1006.715,-0.6614294,0.4800462,0.4785316,67.80972,0.009173527
2022-11-24 12:00:00,29.383453,24.127045,1004.17377,-1.7946873,0.17133921,0.9157085,73.391426,0.0
2022-11-24 18:00:00,24.77298,23.712372,1007.4125,-1.3698311,-0.9699936,0.9044172,93.83852,0.0
2022-11-25 00:00:00,24.553192,23.296509,1006.03937,0.17325497,-1.1873684,0.9755116,92.72508,0.008579344
2022-11-25 06:00:00,30.178741,23.67453,1007.7875,-1.2086468,-1.122406,0.872702,68.22661,0.3082138
2022-11-25 12:00:00,29.120209,24.6055,1005.0519,-1.6427221,-0.43083668,0.34498745,76.68284,0.0
2022-11-25 18:00:00,24.855988,23.90567,1007.3725,-0.6225939,-1.2300644,0.10492659,94.46668,0.0
2022-11-26 00:00:00,25.365692,23.5,1005.8194,-0.03260231,-1.7804356,0.75003195,89.43036,0.08106232
2022-11-26 06:00:00,30.055206,24.545197,1006.9775,-0.733716,-1.5951424,0.98595876,72.39843,0.0
2022-11-26 12:00:00,28.392242,24.623932,1003.8019,-1.1948061,-0.5294981,0.879937,80.07723,0.15595478
2022-11-26 18:00:00,25.221283,24.321686,1005.7125,-1.1132593,-0.7615633,0.56285626,94.769,0.0
2022-11-27 00:00:00,25.30017,23.904602,1003.99,0.42865753,-1.3329782,0.8015182,91.993256,0.0031478703
2022-11-27 06:00:00,30.153473,24.567474,1005.22815,-1.2683392,-0.6700039,0.7212633,72.08711,0.042629384
2022-11-27 12:00:00,28.28061,24.300812,1002.5825,-1.2223892,0.27040768,0.47257572,79.05487,0.0052368715
2022-11-27 18:00:00,25.710052,23.955261,1004.84375,-0.7905483,-0.46562576,0.7257817,90.054405,0.04377961
2022-11-28 00:00:00,25.014038,23.640106,1003.8244,0.024469376,-1.2232599,0.2573341,92.09675,0.0
2022-11-28 06:00:00,30.116608,25.515411,1005.95685,-0.64484215,-0.8019266,0.7941564,76.43894,0.10796823
2022-11-28 12:00:00,28.093536,23.982635,1003.40436,-1.9985981,-0.13978004,0.369631,78.40932,0.0
2022-11-28 18:00:00,25.614288,23.953827,1006.3831,-1.0433931,-0.92978954,0.8389416,90.5597,0.08657575
2022-11-29 00:00:00,24.875336,23.352875,1005.45374,-0.02762127,-1.6229897,0.528127,91.26744,0.0
2022-11-29 06:00:00,30.014008,22.8154,1006.5831,-1.3433266,-2.7571936,0.8881575,65.391525,0.047780573
2022-11-29 12:00:00,28.037628,22.318634,1003.9375,-2.8687887,-1.245018,0.7244746,71.13685,0.0
2022-11-29 18:00:00,23.981537,21.226349,1007.3237,-0.7431822,-1.7235107,0.09805298,84.59869,0.0
2022-11-30 00:00:00,22.5596,20.7565,1006.39,0.56945324,-2.6082497,0.88985276,89.56213,0.0
2022-11-30 06:00:00,28.793732,21.57425,1007.15814,-1.5482864,-2.7344513,0.6211019,65.05556,0.0
2022-11-30 12:00:00,28.439606,23.21164,1004.7175,-1.3420305,-1.0441656,0.37635243,73.357864,0.0
2022-11-30 18:00:00,26.126862,23.998749,1007.09937,-1.059825,-1.6336718,0.3335141,88.08876,0.02947299
2022-12-01 00:00:00,24.988098,23.711548,1006.1825,-0.621418,-1.8806133,0.9276259,92.63698,0.025647925
2022-12-01 06:00:00,28.556915,24.892426,1007.14185,-1.6745148,-1.5686293,0.41722703,80.59689,0.027555093
2022-12-01 12:00:00,28.490631,24.568665,1003.805,-1.7335234,-1.1226435,0.33319348,79.357925,0.0
2022-12-01 18:00:00,25.362152,24.260345,1006.16064,-0.26757717,-1.5224018,0.059153255,93.6332,0.0
2022-12-02 00:00:00,25.27887,23.756348,1005.15814,-0.23635292,-2.0597897,0.309161,91.29224,0.060749084
2022-12-02 06:00:00,30.015045,24.961273,1006.60065,-1.9398355,-1.687542,0.23117995,74.39173,0.0
2022-12-02 12:00:00,29.00473,24.601654,1003.5681,-2.2263641,-0.8869705,0.5139454,77.179115,0.04394029
2022-12-02 18:00:00,25.807281,24.331726,1006.2494,-1.0748367,-1.8948126,0.954255,91.582436,0.10690707
2022-12-03 00:00:00,25.219635,23.818054,1004.8781,-0.15421486,-1.9251528,0.82324743,91.9554,0.0
2022-12-03 06:00:00,28.070831,24.135529,1006.4894,-2.0853605,-2.3312492,0.8472083,79.23722,0.96923196
2022-12-03 12:00:00,27.486298,24.926147,1004.53436,-0.97839546,-0.7450762,0.83304733,85.96069,0.0
2022-12-03 18:00:00,25.635376,24.383759,1007.2775,-0.970562,-2.0834608,0.8885795,92.80966,0.0
2022-12-04 00:00:00,25.16684,23.76825,1005.4856,-0.5956774,-2.9766483,0.92205584,91.9689,0.0052472274
2022-12-04 06:00:00,26.821747,23.500519,1007.5831,-2.2474737,-3.0675802,0.9839512,82.054344,2.2652357
2022-12-04 12:00:00,25.43863,23.896393,1004.9,-2.075471,-2.0720568,0.9691752,91.194046,0.0
2022-12-04 18:00:00,24.20877,23.506989,1008.2125,-0.9442625,-2.1986647,0.9512218,95.86773,0.054053932
2022-12-05 00:00:00,24.4747,23.420563,1006.84814,0.4036026,-1.9846964,0.97989357,93.86181,0.0
2022-12-05 06:00:00,28.882416,24.190643,1008.1144,-2.4216366,-2.8786907,0.29558283,75.83769,0.11606665
2022-12-05 12:00:00,27.88855,23.747833,1005.2319,-1.9046841,-1.5754251,0.18707526,78.23972,0.0
2022-12-05 18:00:00,25.11502,23.467316,1007.41125,-0.8985863,-2.0175915,1.0,90.595795,0.0
2022-12-06 00:00:00,24.589691,23.358215,1005.9506,0.37445736,-3.099534,0.9673008,92.868195,9.49949e-05
2022-12-06 06:00:00,28.718903,23.6633,1007.0444,-1.4192934,-4.484309,1.0,74.17143,0.0006677583
2022-12-06 12:00:00,27.15915,23.175781,1004.58875,-1.4933367,-1.4571228,1.0,78.8823,0.0
2022-12-06 18:00:00,25.354523,23.368866,1006.5031,-0.68209743,-2.3920107,1.0,88.78462,0.0
2022-12-07 00:00:00,24.575104,22.502686,1004.8088,0.4507355,-3.6437263,1.0,88.25658,0.0
2022-12-07 06:00:00,26.655304,21.741913,1005.71124,0.37753785,-3.7284317,1.0,74.47316,0.01058355
2022-12-07 12:00:00,26.409943,21.750153,1004.1669,0.7390485,-1.6784868,1.0,75.596146,0.0
2022-12-07 18:00:00,24.25418,19.997162,1005.10315,0.19988088,-3.0822992,1.0,77.15439,0.0
2022-12-08 00:00:00,23.255096,19.325958,1003.21436,1.8301334,-2.3963833,1.0,78.59217,0.004194677
2022-12-08 06:00:00,25.558746,19.429718,1004.735,1.9022558,-3.3854446,1.0,68.90753,0.019200146
2022-12-08 12:00:00,21.029083,18.698334,1001.9531,1.5712774,-1.9679422,1.0,86.549805,2.2563488
2022-12-08 18:00:00,21.516815,18.568756,1001.68,3.7881374,-2.3519278,1.0,83.321655,0.0
2022-12-09 00:00:00,20.87149,18.187408,998.7056,4.6932774,-4.5912237,1.0,84.63918,0.2185449
2022-12-09 06:00:00,24.45401,18.315338,1000.3131,5.6623716,-2.7024221,1.0,68.65143,0.0
2022-12-09 12:00:00,22.384552,19.731598,998.66626,4.314169,-0.87946606,1.000001,84.96455,0.39060122
2022-12-09 18:00:00,22.153961,19.433807,1000.1887,5.285082,1.7541358,0.57028836,84.586266,0.05632639
2022-12-10 00:00:00,23.975372,19.5914,998.63873,4.2874374,2.8030183,0.99711627,76.50696,0.0
2022-12-10 06:00:00,24.950714,21.7807,1001.28876,3.1889324,2.5923183,0.996459,82.58554,0.6388128
2022-12-10 12:00:00,25.503265,21.772491,999.8956,0.69816494,1.9393978,0.9999999,79.87352,0.0
2022-12-10 18:00:00,24.53775,22.588898,1002.7644,-0.04018402,2.2034187,0.99999756,88.918304,0.035185494
2022-12-11 00:00:00,23.667206,22.156738,1002.245,-1.0499563,0.95078856,0.999999,91.25817,0.0
2022-12-11 06:00:00,29.968597,25.063751,1004.3781,-0.5677832,0.25891107,0.6418719,75.04766,0.134386
2022-12-11 12:00:00,27.256805,25.012482,1001.8475,-0.9682274,0.25144863,0.8400549,87.57385,0.0
2022-12-11 18:00:00,24.675507,24.06781,1004.45874,-0.08219433,-1.2364597,0.9254431,96.42523,0.13069686
2022-12-12 00:00:00,24.34494,23.385101,1003.2075,-0.119586945,-1.3988247,1.0000007,94.391846,0.0
2022-12-12 06:00:00,27.732513,24.4758,1005.6294,-0.1676035,-0.3839817,0.9999985,82.48206,0.0
2022-12-12 12:00:00,26.694061,23.789337,1002.4981,-1.6241341,1.1424961,0.665619,84.12395,0.06312467
2022-12-12 18:00:00,24.205994,23.085846,1005.96375,-1.3991499,-0.14692211,0.4737751,93.47595,0.33495057
2022-12-13 00:00:00,24.359955,23.441101,1004.7006,-1.2373114,-0.08895588,0.66482705,94.62616,0.0
2022-12-13 06:00:00,28.979706,24.481842,1006.71185,-1.339448,0.86022365,0.9005257,76.73897,0.0
2022-12-13 12:00:00,26.570953,23.28183,1005.02,-1.8430891,0.2802201,0.36090893,82.18317,0.050168484
2022-12-13 18:00:00,23.875458,23.239594,1008.0494,-0.66821384,-1.2230024,0.31657368,96.2402,0.0
2022-12-14 00:00:00,23.914215,22.834106,1006.2456,0.34631824,-1.6456289,0.7308023,93.689224,0.0
2022-12-14 06:00:00,29.277924,23.71347,1007.3031,-2.6411247,-1.6420536,0.9591321,72.0271,0.04996589
2022-12-14 12:00:00,28.285858,23.733765,1005.5606,-1.9936342,-0.61414814,0.13603869,76.384445,0.0
2022-12-14 18:00:00,24.87973,23.604767,1008.02185,-0.50830936,-1.3768139,0.82726127,92.64011,0.0
2022-12-15 00:00:00,23.92337,23.051239,1006.13,0.14271927,-2.2450485,0.61459756,94.876854,0.011444633
2022-12-15 06:00:00,29.077301,23.518036,1007.3269,-2.2507343,-3.2098856,0.4793043,72.0144,0.07896071
2022-12-15 12:00:00,27.40506,21.257233,1004.3212,-1.6687765,-1.368597,0.15677816,69.181854,0.0
2022-12-15 18:00:00,24.104156,21.710724,1007.0694,-0.801918,-2.2475605,0.1655626,86.505775,0.0
2022-12-16 00:00:00,23.492584,22.357391,1005.28,0.6175232,-2.7108088,0.17198087,93.356636,0.0
2022-12-16 06:00:00,29.454254,22.570343,1006.72626,-2.9546013,-2.533267,0.65304285,66.53663,0.005341957
2022-12-16 12:00:00,28.463104,22.140594,1003.9175,-2.1676493,-1.0837765,0.052299634,68.64882,0.0
2022-12-16 18:00:00,24.269562,22.386078,1006.41626,-0.4183941,-1.8648272,0.053854838,89.25138,0.0
2022-12-17 00:00:00,23.53897,22.259766,1005.6875,0.32341194,-2.702073,0.8360465,92.54467,0.0
2022-12-17 06:00:00,29.048248,22.67862,1007.3269,-2.6048746,-3.9435425,0.96438855,68.564926,0.010876916
2022-12-17 12:00:00,28.188599,22.575806,1004.7388,-2.1593485,-1.4500084,0.9751008,71.62465,0.0
2022-12-17 18:00:00,25.279633,22.968536,1006.71063,-0.9733887,-2.327114,0.9959978,87.048904,0.0008586794
2022-12-18 00:00:00,24.407806,23.075531,1005.08875,-0.14670181,-2.78796,0.6669639,92.294586,0.0017192215
2022-12-18 06:00:00,28.91977,22.854431,1006.3906,-2.8377724,-4.419095,0.8057802,69.81704,0.076661915
2022-12-18 12:00:00,27.355713,21.910675,1003.9844,-3.444417,-2.2980576,0.99999905,72.211624,0.0
2022-12-18 18:00:00,24.235992,21.367188,1005.8881,-1.1573849,-2.3569431,0.9999998,84.03896,0.0
2022-12-19 00:00:00,23.44693,21.201721,1004.7444,0.44565964,-2.9050274,0.99905896,87.233696,0.0
2022-12-19 06:00:00,27.710175,21.601227,1005.72437,-1.3974972,-5.3722324,1.0000001,69.40483,0.0
2022-12-19 12:00:00,27.266083,22.652313,1003.03064,-1.619586,-1.928175,1.0,75.94301,0.027783215
2022-12-19 18:00:00,25.412811,22.610931,1005.0606,-1.521882,-3.1956577,0.9458812,84.51027,0.019259673
2022-12-20 00:00:00,24.707642,21.27414,1003.83374,-0.275959,-3.1735897,0.9866478,81.23489,0.0
2022-12-20 06:00:00,27.75235,23.04715,1005.21185,-2.0735636,-4.4670067,0.99654174,75.599495,0.009633601
2022-12-20 12:00:00,27.537262,23.168304,1002.8019,-2.2268438,-2.6183043,0.7171435,77.11908,0.0
2022-12-20 18:00:00,24.86679,21.936127,1004.9931,-1.222517,-3.4013405,0.98978144,83.79132,0.0027678907
2022-12-21 00:00:00,24.296234,20.97934,1003.3075,0.25561047,-3.7154198,0.99999845,81.76666,0.002387911
2022-12-21 06:00:00,27.786713,22.844696,1006.1219,-1.2889185,-4.779072,0.99999964,74.52871,0.09359419
2022-12-21 12:00:00,26.884308,23.260284,1003.64124,-2.0235376,-2.5648336,1.0,80.57632,0.0
2022-12-21 18:00:00,24.978851,21.923065,1005.21185,-0.4937067,-3.0615778,1.0000001,83.16672,0.0
2022-12-22 00:00:00,23.381378,20.853363,1003.8656,0.49661732,-4.217849,0.5917627,85.72512,0.0036358833
2022-12-22 06:00:00,28.963776,21.00235,1005.5594,-2.5739088,-5.5713987,0.992437,62.198322,0.0
2022-12-22 12:00:00,28.035126,21.414337,1003.3256,-1.85958,-2.2656908,0.9999998,67.32638,0.0
2022-12-22 18:00:00,24.42044,20.710358,1005.84186,-0.9394388,-3.1686468,0.98677313,79.82863,0.0
2022-12-23 00:00:00,23.669464,20.181427,1003.8569,0.21963072,-3.726653,0.9423774,80.82953,0.0
2022-12-23 06:00:00,29.02005,19.83377,1005.105,-0.6527538,-4.806082,0.36091745,57.68243,0.0
2022-12-23 12:00:00,28.884735,22.748444,1002.5769,-1.5838604,-2.4615402,0.99329734,69.51086,0.0
2022-12-23 18:00:00,24.976044,20.14627,1005.65375,-0.518116,-3.2606554,0.9244883,74.57996,0.0
2022-12-24 00:00:00,24.564178,18.66861,1004.6431,1.0932635,-3.4635496,0.50332403,69.72601,0.0
2022-12-24 06:00:00,29.587921,22.585052,1005.96185,0.24539493,-4.7899246,0.9040547,66.08477,0.00019092113
2022-12-24 12:00:00,28.629791,22.664154,1002.8881,-0.9114113,-3.872571,0.8936046,70.18632,9.2200935e-05
2022-12-24 18:00:00,26.174896,22.144623,1005.0225,-0.14476967,-4.669445,0.975103,78.51968,0.0007599592
2022-12-25 00:00:00,25.284058,22.516144,1003.5419,0.21719933,-4.3658037,1.0,84.67104,0.032901764
2022-12-25 06:00:00,26.31363,24.262054,1005.8569,-1.5648451,-3.8107128,1.0,88.50963,0.09651019
2022-12-25 12:00:00,26.681976,24.33136,1005.2569,-2.35009,-3.219863,0.999059,86.96861,0.1600823
2022-12-25 18:00:00,25.355072,24.227753,1006.84814,-1.5903378,-2.3940344,1.0,93.48975,0.0
2022-12-26 00:00:00,25.202728,23.746613,1006.17126,-0.95626736,-1.6657152,0.9935333,91.65318,0.010219187
2022-12-26 06:00:00,28.112518,24.314789,1008.3256,-3.7125206,-1.1084232,0.78911746,79.899284,2.5734403
2022-12-26 12:00:00,27.913116,25.063416,1006.4963,-3.0495176,-0.8196068,0.3475572,84.53212,0.0
2022-12-26 18:00:00,25.353058,24.185516,1009.59,-1.5819759,-1.9272461,0.3474239,93.26438,0.06821127
2022-12-27 00:00:00,24.815155,23.49945,1008.33813,-1.4997711,-1.2284746,0.89660716,92.40945,0.0
2022-12-27 06:00:00,27.58194,24.163055,1010.3,-2.6764383,0.02802962,0.6573668,81.6663,0.32128966
2022-12-27 12:00:00,26.994751,24.376587,1007.70624,-1.978487,-0.8302851,0.51685137,85.61509,0.0
2022-12-27 18:00:00,25.24118,23.906158,1010.1406,-0.5160942,-1.4862242,0.30193192,92.32537,0.0
2022-12-28 00:00:00,24.417572,23.188293,1009.1769,0.1751051,-1.5716629,0.5375537,92.87167,0.0
2022-12-28 06:00:00,29.815643,23.299103,1011.5556,-2.7180357,-2.3708735,0.27405125,68.10562,0.0
2022-12-28 12:00:00,28.587006,22.466522,1008.47375,-2.10633,-0.81053257,0.0,69.52154,0.0
2022-12-28 18:00:00,24.56955,23.008057,1011.7581,-1.2195101,-1.0773249,0.8713308,91.03308,0.0
2022-12-29 00:00:00,24.235138,22.91043,1010.5,0.26865578,-1.7335987,0.46121883,92.32731,0.0
2022-12-29 06:00:00,29.787872,23.02884,1012.4169,-1.9522705,-1.0303478,0.32545763,67.1092,0.06580353
2022-12-29 12:00:00,28.538177,22.770874,1009.71625,-2.202386,-0.47286797,0.0057907104,71.01884,0.0
2022-12-29 18:00:00,23.786652,22.43164,1012.41064,-1.7044077,-0.760376,0.02292633,92.13264,0.0
2022-12-30 00:00:00,23.997711,22.7164,1011.9319,0.73584366,-1.1500206,0.5213897,92.55749,0.0
2022-12-30 06:00:00,29.857208,22.480316,1013.27124,-1.289175,-1.9490919,0.22088641,64.65549,0.018116087
2022-12-30 12:00:00,28.905304,22.59439,1010.1937,-1.8386478,-0.627635,0.32885665,68.782196,0.0
2022-12-30 18:00:00,23.674286,22.580597,1012.6194,-1.7546768,-0.80685997,0.004699707,93.60101,0.0
2022-12-31 00:00:00,23.51175,22.660675,1011.59814,0.8782768,-0.991169,0.9999996,94.982704,0.0
2022-12-31 06:00:00,29.12027,22.674835,1012.7494,-0.17444134,-0.94155216,0.9999993,68.2642,0.0052470714
2022-12-31 12:00:00,28.6503,22.434052,1009.2644,-1.7716188,-0.48410892,0.31718853,69.13005,0.0
2022-12-31 18:00:00,22.90805,21.917694,1011.5,-1.9474154,-0.56270313,0.07471997,94.15725,0.0
2023-01-01 00:00:00,22.53482,21.666718,1010.3638,0.5857992,-1.3078308,0.9999974,94.847824,0.0
2023-01-01 06:00:00,29.184723,22.27127,1012.09314,-0.7090311,-1.8876791,0.34792578,66.362854,9.557698e-05
2023-01-01 12:00:00,28.47641,21.91092,1008.55,-2.0541153,-1.3163424,0.9460968,67.64192,0.0
2023-01-01 18:00:00,23.209381,21.92569,1011.5119,-1.5897465,-0.88971806,0.04521201,92.50152,0.0
2023-01-02 00:00:00,23.34079,21.813965,1009.8781,-0.14010811,-1.8149805,0.98383147,91.14657,0.0009534564
2023-01-02 06:00:00,29.115387,20.807098,1011.82935,-2.8841248,-2.2130222,0.5566434,60.919292,0.0
2023-01-02 12:00:00,27.91037,21.819366,1008.8806,-2.232088,-0.19976807,0.16374373,69.51887,0.0
2023-01-02 18:00:00,23.213654,21.39328,1011.72687,-0.6164093,-1.6935349,0.13045068,89.515976,0.0
2023-01-03 00:00:00,23.061432,21.34488,1010.1213,0.8282509,-1.8290682,0.13818568,90.076096,0.0
2023-01-03 06:00:00,28.72226,21.522797,1011.6625,-2.8406887,-2.9795895,0.53077555,65.12039,0.08963544
2023-01-03 12:00:00,27.656586,21.495941,1008.4856,-2.0200052,-1.6361418,0.14981282,69.17548,0.0
2023-01-03 18:00:00,23.849945,21.57489,1011.3237,-0.61078167,-1.9664984,0.4003058,87.11062,0.0
2023-01-04 00:00:00,23.218658,21.159302,1009.8831,0.20502758,-2.3850937,0.45313632,88.214264,0.0
2023-01-04 06:00:00,28.120514,22.258575,1010.7675,-3.33325,-2.7759418,0.89117754,70.53585,0.2160091
2023-01-04 12:00:00,27.665314,21.119568,1007.39874,-1.9674301,-1.7388334,0.9975529,67.56329,0.0
2023-01-04 18:00:00,23.714508,20.795593,1010.0544,-0.68556213,-1.8250618,0.7400535,83.722946,0.0
2023-01-05 00:00:00,23.102325,21.254059,1008.5575,0.529274,-2.1562223,0.24202865,89.3547,0.0
2023-01-05 06:00:00,28.289215,23.196075,1011.1194,-3.0834522,-2.9262094,0.81715226,73.932686,0.20575297
2023-01-05 12:00:00,27.857788,21.750702,1008.2625,-2.5336475,-2.3448734,0.5112345,69.44065,0.0
2023-01-05 18:00:00,24.723541,21.456055,1010.92,-1.1701946,-2.9158163,0.1627242,82.067474,0.0
2023-01-06 00:00:00,24.545685,21.848602,1009.5125,-0.05291176,-3.476286,0.96078175,84.95951,0.0007636845
2023-01-06 06:00:00,28.727264,22.031342,1012.10876,-3.7154083,-4.5886536,0.6627387,67.15547,0.019738793
2023-01-06 12:00:00,27.406982,22.064178,1009.055,-2.7443523,-3.4249554,0.5128604,72.67223,0.0
2023-01-06 18:00:00,25.036957,21.597595,1011.27124,-1.2661171,-3.6330547,0.58738846,81.24753,0.0
2023-01-07 00:00:00,24.096222,21.352203,1009.4338,-0.05083275,-3.4663153,0.51305085,84.66884,0.0003799796
2023-01-07 06:00:00,28.57962,22.02887,1011.4219,-3.4561214,-4.4856052,0.33367753,67.7231,0.028226525
2023-01-07 12:00:00,27.47171,21.540375,1008.22437,-2.6833954,-2.3287125,0.18621068,70.11807,0.0
2023-01-07 18:00:00,24.69632,22.028687,1011.0569,-1.1131735,-2.4267406,0.1871615,85.12792,0.0
2023-01-08 00:00:00,23.672394,22.035492,1008.9581,-0.72787,-2.8153992,0.6060186,90.55812,0.0019073486
2023-01-08 06:00:00,26.732086,22.301361,1010.8025,-2.1141958,-3.898549,0.37604535,76.709656,0.12531573
2023-01-08 12:00:00,26.64328,21.923737,1007.7656,-2.9477625,-2.2524424,0.33261508,75.35789,0.0
2023-01-08 18:00:00,23.810944,21.386871,1010.3738,-1.740799,-1.9309139,0.104461804,86.31593,0.0
2023-01-09 00:00:00,22.532745,20.042023,1009.9363,-0.17045212,-3.1059532,0.34193087,85.838165,0.0
2023-01-09 06:00:00,28.123383,19.780914,1012.03125,-2.2028465,-4.075656,0.18768078,60.566383,0.0
2023-01-09 12:00:00,26.894257,20.17752,1009.3875,-2.391388,-2.0062132,0.19592094,66.701584,0.0
2023-01-09 18:00:00,22.376495,18.526703,1011.6344,-1.4682646,-1.5914068,0.38009077,78.85665,0.0
2023-01-10 00:00:00,21.890533,18.327942,1010.26,0.14927387,-2.9103584,0.61544955,80.22073,0.0
2023-01-10 06:00:00,28.134674,19.641083,1011.6325,-2.6459389,-3.6884823,0.9628592,60.003704,0.016122125
2023-01-10 12:00:00,27.203705,19.735016,1008.3019,-2.1396198,-1.8777895,0.19406636,63.729828,0.0
2023-01-10 18:00:00,22.815216,18.97406,1010.6775,-0.8341179,-2.3857489,0.15227747,78.961464,0.0
2023-01-11 00:00:00,21.774933,18.233795,1008.4175,1.0458164,-2.6598644,0.17743662,80.31323,0.0
2023-01-11 06:00:00,28.200531,19.871552,1010.0731,-2.3493633,-3.260233,0.43980056,60.6346,0.0
2023-01-11 12:00:00,27.444061,20.227386,1006.32935,-2.2459126,-1.558567,0.086418405,64.78375,0.0
2023-01-11 18:00:00,21.820099,19.623077,1009.0606,-1.3651142,-1.342576,0.054763794,87.34734,0.0
2023-01-12 00:00:00,21.182404,19.307312,1007.46,0.26953125,-2.4926777,0.06636047,89.05883,0.0
2023-01-12 06:00:00,28.327545,19.876862,1009.1962,-1.5642691,-2.754115,0.2683971,60.207855,0.0
2023-01-12 12:00:00,27.644318,20.1669,1005.45874,-2.0981054,-0.82801056,0.15065138,63.790195,0.0
2023-01-12 18:00:00,21.259796,19.76297,1008.3706,-1.6160421,-0.84002113,0.6238429,91.18219,0.0
2023-01-13 00:00:00,20.690216,19.299713,1007.0087,0.5400276,-1.8180094,0.863902,91.75112,0.0
2023-01-13 06:00:00,27.662506,19.76596,1009.8656,-2.2444897,-1.8402138,0.98664594,62.15973,0.0
2023-01-13 12:00:00,27.506378,20.014679,1006.57,-2.542739,-0.77074623,0.49645275,63.704193,0.0
2023-01-13 18:00:00,20.754425,19.239288,1009.27875,-1.7618008,-0.82247734,0.7609445,91.04598,0.0
2023-01-14 00:00:00,20.827667,18.977692,1008.1675,0.119384766,-1.9844475,0.93941015,89.170586,0.0
2023-01-14 06:00:00,27.535187,19.069489,1009.33624,-1.6060019,-2.361786,0.9100525,59.969902,0.0
2023-01-14 12:00:00,27.658112,19.596954,1005.91876,-2.2447748,-0.4930544,0.91538644,61.526978,0.0
2023-01-14 18:00:00,20.943634,19.365845,1008.5825,-1.711731,-0.65366936,0.009106479,90.704124,0.0
2023-01-15 00:00:00,20.601227,19.239655,1006.8144,0.24757576,-1.8090105,0.2977355,91.911224,0.0
2023-01-15 06:00:00,27.760895,19.909332,1008.6788,-1.8969021,-2.1021328,0.430134,62.355095,0.0
2023-01-15 12:00:00,27.29715,19.56076,1005.53064,-2.5960293,-0.7530222,0.17466962,62.69969,0.0
2023-01-15 18:00:00,20.455597,18.798492,1008.42,-1.6207542,-0.7228842,0.0022735596,90.22312,0.0
2023-01-16 00:00:00,19.812042,17.950958,1006.8069,0.5027876,-2.1489458,0.017471492,89.02899,0.0
2023-01-16 06:00:00,27.624298,19.11496,1009.5669,-1.9025936,-2.1785002,0.9088618,59.827496,0.0
2023-01-16 12:00:00,27.132965,20.240082,1006.08374,-2.9151049,-1.4202623,0.0,66.02774,0.0
2023-01-16 18:00:00,20.982819,19.393097,1009.34,-1.3639059,-1.2758198,0.02481879,90.63946,0.0
2023-01-17 00:00:00,20.375885,18.633087,1007.0469,0.62218475,-2.0031204,0.36190182,89.73531,0.0
2023-01-17 06:00:00,28.038605,19.426666,1010.6312,-2.1526823,-2.226965,0.86058086,59.542023,0.0
2023-01-17 12:00:00,27.646088,19.61679,1007.3306,-2.8499765,-0.14203167,0.9653588,61.646126,0.0
2023-01-17 18:00:00,20.695587,19.07315,1010.03186,-1.4592142,-1.3375063,0.99511594,90.435356,0.0
2023-01-18 00:00:00,20.353668,18.521576,1008.5044,0.41556168,-2.2839613,0.20445073,89.23353,0.0
2023-01-18 06:00:00,28.576202,19.315643,1011.65625,-3.436572,-2.6268587,0.7405134,57.311417,0.0
2023-01-18 12:00:00,27.478119,19.45346,1008.08685,-3.2095346,-1.3528385,0.28663468,61.626305,0.0
2023-01-18 18:00:00,21.973053,18.718628,1011.70685,-1.6156435,-0.94348526,0.9153664,81.794395,0.0
2023-01-19 00:00:00,21.631256,19.149963,1009.4437,0.7211399,-1.9877367,0.91439414,85.79876,0.00085815554
2023-01-19 06:00:00,28.147797,18.723846,1011.295,-2.6108437,-2.7415333,0.66110796,56.627827,0.0
2023-01-19 12:00:00,27.553925,19.16745,1007.875,-3.0354261,-1.8852844,0.036273234,60.27108,0.0
2023-01-19 18:00:00,22.261627,18.195953,1010.4356,-0.7580385,-1.8381767,0.20361805,77.78006,0.0
2023-01-20 00:00:00,21.4086,18.741821,1008.6925,1.0619593,-2.0808048,0.48958683,84.78844,0.0
2023-01-20 06:00:00,28.19516,20.667145,1010.6375,-2.7883549,-2.252367,0.74620026,63.709473,0.11692044
2023-01-20 12:00:00,27.88913,20.783173,1007.2375,-3.0962057,-1.6834631,0.3504029,65.32117,0.0
2023-01-20 18:00:00,22.64273,19.649506,1009.89813,-0.76712036,-1.7893391,0.20659626,83.217445,0.0
2023-01-21 00:00:00,22.628326,20.84079,1008.03064,0.7472868,-2.6191206,0.7978736,89.65304,0.004861504
2023-01-21 06:00:00,28.984161,21.17044,1009.59625,-2.5308714,-3.8020124,0.83719933,62.769478,0.001527369
2023-01-21 12:00:00,28.086823,20.768036,1006.4025,-2.891883,-2.4034872,1.0,64.512314,0.0
2023-01-21 18:00:00,24.000397,20.124298,1008.55,-1.7648535,-1.8834696,0.97937727,78.957214,0.0
2023-01-22 00:00:00,23.430756,21.500214,1007.455,-0.04685402,-2.295105,0.9413561,88.93071,0.0
2023-01-22 06:00:00,28.354034,20.766998,1008.9481,-3.3007212,-3.358573,0.85062665,63.51248,0.0
2023-01-22 12:00:00,26.960114,21.20456,1006.5538,-3.4339104,-1.4676752,1.0,70.78236,0.0
2023-01-22 18:00:00,24.563202,20.97763,1007.86127,-1.4925089,-2.271925,0.99999857,80.46156,0.0
2023-01-23 00:00:00,23.791046,20.828644,1005.7606,0.47118187,-2.6042929,0.8423868,83.50783,0.0
2023-01-23 06:00:00,26.627502,21.855438,1007.76373,-1.8179159,-3.172349,0.99787784,75.11418,0.029680545
2023-01-23 12:00:00,26.61377,22.578674,1005.3044,-2.666008,-2.2593384,0.9018637,78.55893,0.013231104
2023-01-23 18:00:00,24.747406,22.535858,1007.595,-1.6292868,-2.2779865,0.85969293,87.52846,0.0
2023-01-24 00:00:00,24.310211,22.003754,1006.2444,-0.7863703,-1.9389315,0.9435322,86.985435,0.020508548
2023-01-24 06:00:00,29.601227,21.491913,1008.84625,-2.900733,-2.0468311,0.6951735,61.777027,0.0
2023-01-24 12:00:00,28.429108,20.931427,1005.04315,-3.7075424,-1.7286463,0.39612627,63.87872,0.0
2023-01-24 18:00:00,23.72525,19.9682,1007.95,-1.5224495,-1.7566233,0.66462135,79.50266,0.0
2023-01-25 00:00:00,21.945587,19.746857,1007.0719,0.18474197,-2.110796,0.83181626,87.34933,9.49949e-05
2023-01-25 06:00:00,29.187347,20.009918,1008.2944,-2.997775,-2.8263006,0.9999992,57.753754,0.0
2023-01-25 12:00:00,28.083649,20.814484,1005.59686,-3.6399374,-1.616785,0.1412229,64.70895,0.0
2023-01-25 18:00:00,22.3945,19.969269,1008.3325,-0.95374775,-1.5549736,0.19006217,86.1733,0.0
2023-01-26 00:00:00,22.129425,19.70987,1006.6044,0.47601128,-2.4974003,0.8435223,86.177864,0.0
2023-01-26 06:00:00,28.415497,19.91037,1008.5087,-2.8392668,-2.4480543,0.6402127,60.025223,0.0
2023-01-26 12:00:00,27.934967,20.727081,1005.4481,-3.1171608,-1.3124428,0.08406009,64.92216,0.0
2023-01-26 18:00:00,22.794708,20.022003,1008.40564,-1.5203457,-0.89477634,0.95800954,84.379944,0.0
2023-01-27 00:00:00,22.546295,20.722748,1006.71436,0.44820023,-1.9094162,0.34787917,89.44845,0.0
2023-01-27 06:00:00,28.176483,20.164581,1008.29,-1.6856642,-2.8674479,0.58946735,61.831017,0.0043893233
2023-01-27 12:00:00,28.66336,20.205353,1005.205,-2.3529453,-1.8483744,0.0847155,60.257305,0.0
2023-01-27 18:00:00,22.752716,19.918945,1007.3837,-1.573988,-1.2940865,0.054841418,84.05691,0.0
2023-01-28 00:00:00,21.558258,19.259369,1006.5019,0.40363503,-2.2999706,0.18126768,86.77198,0.0
2023-01-28 06:00:00,28.364105,19.48465,1007.4994,-2.5200872,-3.71356,0.50606304,58.635223,0.0
2023-01-28 12:00:00,28.537018,20.335114,1004.6231,-3.0077858,-2.1459522,0.015975952,61.189484,0.0
2023-01-28 18:00:00,23.57669,20.399933,1006.47437,-0.52662754,-2.2794275,0.50721854,82.38711,0.0
2023-01-29 00:00:00,22.811554,19.759918,1004.5975,0.64269733,-3.1925955,0.5615114,82.93603,0.0
2023-01-29 06:00:00,28.846222,21.470917,1005.9844,-2.9896946,-4.217538,0.99061525,64.449066,0.06178981
2023-01-29 12:00:00,27.887177,22.72641,1003.61127,-3.4957666,-2.208621,0.8614541,73.56351,0.0
2023-01-29 18:00:00,24.439178,22.791962,1006.90314,-0.20427227,-1.3877115,0.99723613,90.55308,0.0
2023-01-30 00:00:00,24.320587,22.079529,1005.29626,-0.34476185,-2.3426437,0.85368043,87.333885,0.0007674098
2023-01-30 06:00:00,27.52304,23.150726,1007.15375,-2.3240328,-3.009328,0.96181035,77.1013,0.10422307
2023-01-30 12:00:00,27.422058,22.80246,1004.83685,-2.8560362,-2.7538347,1.0,75.940475,0.0
2023-01-30 18:00:00,24.951996,22.632263,1007.2319,-0.84540844,-2.9697552,1.0,86.973656,0.0
2023-01-31 00:00:00,24.415741,22.079132,1005.0444,0.19211674,-3.7086744,1.0,86.83539,0.0
2023-01-31 06:00:00,28.889069,21.606232,1006.95435,-2.0107412,-5.1763983,1.0,64.82382,0.00029802322
2023-01-31 12:00:00,27.324005,22.36148,1004.03815,-3.4293728,-2.660406,1.0,74.3602,0.060081482
2023-01-31 18:00:00,25.40561,21.983063,1005.8175,-0.84690094,-3.48454,1.0,81.37755,0.0
2023-02-01 00:00:00,25.165253,21.681366,1004.3044,0.3730669,-3.3547459,1.0,81.042915,0.0
2023-02-01 06:00:00,27.360992,22.210968,1006.21686,-2.0390978,-4.953827,1.0,73.52277,0.22386852
2023-02-01 12:00:00,26.248383,23.60727,1004.02936,-1.8395405,-2.9799004,1.0,85.422775,0.1313571
2023-02-01 18:00:00,24.332855,22.41269,1005.97565,-1.4680567,-4.342866,0.9802265,89.057434,0.20946234
2023-02-02 00:00:00,24.107758,23.02774,1004.1431,-1.1539459,-3.8363457,1.0,93.69859,0.0
2023-02-02 06:00:00,24.853577,23.865082,1007.35315,-1.5448923,-4.20024,1.0000001,94.250015,0.16458026
2023-02-02 12:00:00,25.813812,22.199371,1004.4881,-2.3950377,-2.840289,1.0,80.48358,0.0
2023-02-02 18:00:00,24.079132,21.877716,1007.57874,-1.3269749,-3.5490875,0.9917033,87.52394,0.534758
2023-02-03 00:00:00,24.212372,22.815704,1005.4963,-0.3249178,-2.9242678,1.000001,91.924385,0.0
2023-02-03 06:00:00,26.77182,24.445465,1007.7369,-1.3488531,-2.4272127,0.97765803,87.10315,0.21444479
2023-02-03 12:00:00,25.223724,23.876434,1005.0662,-2.3499832,-2.1348934,0.95167226,92.256325,0.9903245
2023-02-03 18:00:00,24.730072,23.30774,1007.65436,-1.7584305,-2.6837358,0.96037835,91.81199,0.0
2023-02-04 00:00:00,24.367584,22.071747,1005.3106,0.0012788773,-2.9143448,0.99533105,87.047,0.0
2023-02-04 06:00:00,28.449615,23.555573,1007.5519,-2.7315807,-3.3560047,0.8068328,74.852806,0.023728348
2023-02-04 12:00:00,28.73587,21.664825,1004.3787,-2.6220407,-1.9848795,0.08452155,65.63675,0.0
2023-02-04 18:00:00,23.641327,21.755219,1007.4462,-1.111126,-1.8248148,0.041234925,89.18906,0.0
2023-02-05 00:00:00,23.199738,21.552948,1005.1312,0.34585762,-2.1894865,0.8286074,90.47136,0.0
2023-02-05 06:00:00,28.875153,21.931183,1007.2325,-2.0996027,-2.4216366,0.9899772,66.176765,0.0
2023-02-05 12:00:00,28.10257,19.89151,1005.05,-2.711131,-1.5435257,0.9279574,61.05702,0.0
2023-02-05 18:00:00,22.889801,21.054352,1007.4263,-0.9480972,-2.3333778,1.0,89.40892,0.0
2023-02-06 00:00:00,22.598541,21.120209,1006.48627,0.020092964,-2.3625612,0.66464895,91.37079,0.0
2023-02-06 06:00:00,28.755768,21.518341,1008.54626,-2.4200573,-1.5814009,0.70663214,64.97625,0.0
2023-02-06 12:00:00,28.27591,20.567902,1004.5538,-2.1451645,-1.2449207,0.99933493,63.024128,0.0
2023-02-06 18:00:00,21.958527,20.896027,1007.01,-1.6743279,-0.7084322,0.7118986,93.70001,0.0
2023-02-07 00:00:00,22.216583,21.123138,1006.41064,0.6733427,-1.5132685,0.94772685,93.534065,0.0
2023-02-07 06:00:00,29.506012,21.384552,1008.3669,-0.8784323,-2.167139,0.39658743,61.709984,0.0
2023-02-07 12:00:00,29.889923,21.095856,1004.14624,-2.8999329,-0.1742258,0.07829285,59.301342,0.0
2023-02-07 18:00:00,22.329132,21.308228,1006.8013,-1.5868111,-0.9392252,0.0,93.95637,0.0
2023-02-08 00:00:00,23.355621,21.792633,1006.09,-0.31053734,-2.1795692,0.9897723,90.94643,0.0013348763
2023-02-08 06:00:00,29.427094,21.57846,1008.34686,-1.5158911,-2.1534033,0.4043131,62.731827,0.0
2023-02-08 12:00:00,29.51944,21.272675,1004.645,-2.708787,-0.6991348,0.97915024,61.240833,0.0
2023-02-08 18:00:00,22.060944,20.872955,1007.6188,-2.0607433,-0.92253304,0.3530947,92.98466,0.0
2023-02-09 00:00:00,23.23404,21.845245,1006.0056,0.6217289,-1.7070665,0.9182211,91.91145,9.5460564e-05
2023-02-09 06:00:00,29.303986,20.983429,1008.7675,-1.4330978,-0.85213566,0.96785825,60.915833,0.0
2023-02-09 12:00:00,29.294464,20.276154,1005.8019,-2.6053658,-0.5168686,0.8384167,58.35027,0.0
2023-02-09 18:00:00,22.055206,20.597198,1008.8113,-1.3833818,-1.2647696,0.7827687,91.451355,0.0
2023-02-10 00:00:00,22.230865,20.819916,1007.71375,0.21224022,-2.0005016,0.9733239,91.72746,0.0
2023-02-10 06:00:00,29.695465,21.13272,1009.93,-1.453599,-1.625701,0.32771337,60.10453,0.0
2023-02-10 12:00:00,29.58023,18.642242,1006.1369,-2.5948343,-0.68063164,0.22320499,51.852448,0.0
2023-02-10 18:00:00,21.91922,20.415009,1009.0506,-1.6095362,-1.1931028,0.14163935,91.182594,0.0
2023-02-11 00:00:00,21.65689,20.397247,1007.77875,0.5668888,-1.4658403,1.0000001,92.553825,0.0
2023-02-11 06:00:00,27.855377,20.847687,1009.70123,-1.3630209,-2.0220833,0.9966121,65.710304,0.0
2023-02-11 12:00:00,28.225739,19.90335,1006.59814,-2.227872,-0.53630924,0.85882753,60.665096,0.0
2023-02-11 18:00:00,21.928741,19.81845,1009.5069,-2.164629,0.49534416,0.53958803,87.82822,0.0
2023-02-12 00:00:00,20.03421,18.942596,1008.0112,0.9027996,-0.98165417,0.382627,93.44042,0.0
2023-02-12 06:00:00,29.629425,19.055939,1009.89685,-1.0853825,-1.0703526,0.32893705,53.05903,0.0
2023-02-12 12:00:00,30.070831,18.357452,1006.3256,-2.4087715,-0.65369606,0.001335144,49.518314,0.0
2023-02-12 18:00:00,20.464874,18.688751,1008.78314,-1.5307198,-1.717967,0.09573364,89.55509,0.0
2023-02-13 00:00:00,19.398346,18.879547,1008.095,0.30473232,-1.5927515,0.8245913,96.818665,0.0
2023-02-13 06:00:00,29.691559,20.104523,1009.78815,-1.5932121,-1.0306349,0.34010315,56.427254,0.0
2023-02-13 12:00:00,29.69815,18.849396,1006.69,-2.920905,-0.80724716,0.73712194,52.172573,0.0
2023-02-13 18:00:00,21.609894,19.957794,1009.6356,-1.3908348,-1.5075846,0.0,90.33221,0.0
2023-02-14 00:00:00,20.71878,19.54483,1008.3869,0.5887861,-1.210453,0.90108377,92.996605,0.0
2023-02-14 06:00:00,29.213898,20.895294,1010.3075,-1.3435497,-0.86098385,0.43089998,60.90284,0.0
2023-02-14 12:00:00,29.785065,17.929718,1005.8119,-2.7969418,-0.004337311,0.0,49.004486,0.0
2023-02-14 18:00:00,21.53299,19.903168,1008.2081,-2.18217,-0.24513817,0.0,90.45161,0.0
2023-02-15 00:00:00,21.045074,19.80075,1006.23315,0.8118839,-1.2746506,0.30578613,92.60844,0.0
2023-02-15 06:00:00,29.948883,20.287994,1008.3575,-1.9022112,-1.3992662,0.066020966,56.232178,0.0
2023-02-15 12:00:00,29.879547,18.155914,1004.8,-2.8037014,-1.3698006,0.0,49.436604,0.0
2023-02-15 18:00:00,21.684845,19.86258,1007.31,-1.9180908,-1.1428986,0.0,89.390335,0.0
2023-02-16 00:00:00,21.068878,20.04126,1006.27313,0.72325325,-1.316268,0.027687073,93.86123,0.0
2023-02-16 06:00:00,29.584381,20.861847,1008.77313,-2.4051352,-1.5449934,0.16249232,59.491974,0.0
2023-02-16 12:00:00,29.125885,19.647186,1005.6731,-3.7132034,-1.1169319,0.0,56.670593,0.0
2023-02-16 18:00:00,22.066437,20.445343,1008.52185,-0.64569855,-1.8219032,0.0,90.536964,0.0
2023-02-17 00:00:00,22.145416,20.608063,1007.57935,-0.043073654,-1.434391,0.3719227,91.01095,0.0
2023-02-17 06:00:00,29.628082,20.104279,1009.4875,-2.4964266,-0.8520489,0.3461769,56.63309,0.0
2023-02-17 12:00:00,29.857574,18.681671,1005.8844,-2.9064922,-0.8399582,0.0,51.15702,0.0
2023-02-17 18:00:00,21.335724,19.594208,1008.8081,-2.0008812,-1.0554209,0.0,89.813126,0.0
2023-02-18 00:00:00,21.49112,19.88028,1007.56,0.8185234,-1.3858013,0.017456055,90.55519,0.0
2023-02-18 06:00:00,30.338043,21.483673,1009.39624,-1.596323,-0.31960964,0.22714514,59.185772,0.0011443626
2023-02-18 12:00:00,30.479156,21.298737,1005.4281,-3.0774994,-0.012820244,0.033161163,58.04786,0.0
2023-02-18 18:00:00,24.481903,23.143463,1009.1725,-2.0692768,-0.08637524,0.001876831,92.264305,0.0
2023-02-19 00:00:00,23.358185,22.224304,1007.72687,0.44905758,-1.5046139,0.5490385,93.35761,0.0
2023-02-19 06:00:00,30.45987,21.124298,1009.4025,-1.9412355,-0.90916824,0.3406127,57.493477,0.0009534415
2023-02-19 12:00:00,30.253326,21.41397,1006.0056,-3.6460571,-0.76630783,0.38247353,59.220642,0.0
2023-02-19 18:00:00,24.24295,22.608765,1008.86127,-2.0360098,-0.24307156,0.0,90.6115,0.0
2023-02-20 00:00:00,22.443878,21.237946,1007.0106,0.4726801,-1.6390743,0.9211542,92.90191,0.0
2023-02-20 06:00:00,30.303741,20.97232,1009.8212,-1.290514,-1.4251032,0.1894543,57.471138,9.458745e-08
2023-02-20 12:00:00,30.59439,19.88736,1006.23,-3.0773659,-0.6133976,0.46859288,52.862064,0.0
2023-02-20 18:00:00,22.78366,21.417694,1009.04065,-1.8425589,0.21456432,0.0,92.01367,0.0
2023-02-21 00:00:00,21.747345,20.147919,1007.7644,0.69640255,-1.5180359,0.20592728,90.636566,0.0
2023-02-21 06:00:00,30.823517,18.657867,1009.70935,-1.6257858,-1.8867178,0.063744426,48.329754,0.0
2023-02-21 12:00:00,30.631744,17.433502,1006.4319,-3.0770988,-0.9779949,0.0,45.24387,0.0
2023-02-21 18:00:00,22.471954,19.816803,1008.7975,-1.9660053,-0.7803526,0.0,84.96213,0.0
2023-02-22 00:00:00,21.822418,20.218658,1007.415,0.3250351,-1.5805321,0.0,90.61736,0.0
2023-02-22 06:00:00,30.915436,19.007477,1008.6725,-2.788949,-1.9055939,0.041000366,49.138218,0.0
2023-02-22 12:00:00,29.863556,17.27359,1006.1694,-3.7946243,-1.2998075,0.0,46.806595,0.0
2023-02-22 18:00:00,22.739532,18.789154,1008.92377,-2.1472216,-0.14895153,0.0,78.414,0.0
2023-02-23 00:00:00,21.533966,18.916656,1007.65375,0.86515045,-1.3962564,0.15627986,85.06407,0.0
2023-02-23 06:00:00,30.111847,19.434967,1008.8212,-2.7821884,-0.43252754,0.952635,52.839577,0.0037224963
2023-02-23 12:00:00,30.110382,22.444489,1005.70435,-3.7920742,-0.5928297,0.31964982,63.583054,0.0
2023-02-23 18:00:00,24.481232,22.66684,1008.3137,-1.7626896,-0.2284813,0.15501404,89.64259,0.0
2023-02-24 00:00:00,23.767914,21.996246,1007.3425,0.527585,-1.1910477,0.42308503,89.823715,0.009058742
2023-02-24 06:00:00,31.194977,20.625153,1009.96625,-2.182537,-1.0341673,0.48266602,53.463028,0.0
2023-02-24 12:00:00,30.946075,20.119354,1006.3038,-3.239234,-0.1496849,0.0,52.55996,0.0
2023-02-24 18:00:00,22.777985,20.137726,1010.2825,-1.8521328,-0.19877243,0.0,85.0725,0.0
2023-02-25 00:00:00,22.109772,20.09726,1009.3644,0.24502468,-1.8128595,0.005340576,88.37702,0.0
2023-02-25 06:00:00,30.73172,19.076324,1010.63873,-1.2474461,-1.5578489,0.0017280579,49.870193,0.0
2023-02-25 12:00:00,30.829498,16.432281,1007.76874,-3.444271,-1.0734167,0.0,41.98481,0.0
2023-02-25 18:00:00,22.31137,19.728302,1011.27374,-1.2752686,-1.562316,0.0,85.32612,0.0
2023-02-26 00:00:00,21.575348,19.913605,1010.6312,-0.17758942,-1.9583511,0.030433655,90.275856,0.0
2023-02-26 06:00:00,30.409943,20.342316,1011.7775,-3.057169,-2.0909557,0.16269825,54.947998,0.0
2023-02-26 12:00:00,29.656769,19.398956,1009.3906,-4.4189816,-1.7980976,0.022384644,54.11933,0.0
2023-02-26 18:00:00,23.544098,20.69629,1012.3106,-0.70730877,-1.8509874,0.021652222,84.07125,0.0
2023-02-27 00:00:00,22.915924,20.972504,1011.3862,1.0631285,-2.0108871,0.1703614,88.81983,0.0
2023-02-27 06:00:00,31.392853,19.388824,1012.28314,-2.152421,-2.0348282,0.1645999,48.969124,0.0
2023-02-27 12:00:00,30.775787,19.393951,1008.5106,-3.930872,-1.3380251,0.0,50.738472,0.0
2023-02-27 18:00:00,24.893585,22.401764,1010.84564,-1.5192633,-1.6747303,0.011413574,86.06376,0.0
2023-02-28 00:00:00,24.66159,22.677155,1009.83813,-0.016040802,-2.7498217,0.634165,88.73627,0.0
2023-02-28 06:00:00,29.000153,22.371368,1012.3781,-3.671894,-2.7053566,0.45853704,67.48483,0.19121331
2023-02-28 12:00:00,30.248077,20.814728,1008.7488,-3.8681946,-2.1767387,0.2510404,57.098866,0.0
2023-02-28 18:00:00,26.059662,23.346588,1011.34564,-1.5675383,-1.7279644,0.35525984,85.03371,0.0011473894
2023-03-01 00:00:00,25.164948,23.065125,1009.6175,0.1081934,-2.1886044,0.5789743,88.15897,0.09288335
2023-03-01 06:00:00,31.808258,21.483063,1011.915,-3.9493961,-2.4249268,0.44190603,54.425186,0.0
2023-03-01 12:00:00,30.46695,19.70755,1008.3656,-4.174798,-2.030326,0.5862298,52.658672,0.0
2023-03-01 18:00:00,25.226532,22.826202,1012.04126,-1.9780111,-1.2705364,0.11126025,86.57483,0.0
2023-03-02 00:00:00,24.608368,22.726135,1010.3013,-0.49929714,-2.544176,0.7922455,89.28396,0.0003813766
2023-03-02 06:00:00,30.978058,20.906036,1012.4075,-2.5176163,-2.3608818,0.7306979,55.07217,0.0
2023-03-02 12:00:00,30.5607,17.400787,1008.8831,-3.6489906,-1.7984562,0.69176495,45.334396,0.0
2023-03-02 18:00:00,23.900665,19.08194,1012.41064,-0.93100834,-1.7128296,0.23132843,74.4532,0.0
2023-03-03 00:00:00,22.895782,19.36856,1011.23376,0.44908237,-2.3819342,0.33091217,80.532166,0.0
2023-03-03 06:00:00,30.91153,20.044952,1013.10876,-2.92529,-1.9378347,0.35573447,52.421806,0.0
2023-03-03 12:00:00,30.41861,17.350006,1009.2294,-3.8985891,-1.6489248,0.14517504,45.55834,0.0
2023-03-03 18:00:00,24.002228,20.831696,1012.1844,-1.3394814,-1.7429361,0.1856107,82.46984,0.0
2023-03-04 00:00:00,24.319733,21.856781,1011.1238,-0.13107014,-2.4944344,0.22222689,86.15976,0.0
2023-03-04 06:00:00,31.689362,21.114532,1012.47876,-2.2184162,-2.2993593,0.06927123,53.569496,0.0
2023-03-04 12:00:00,31.74942,19.764313,1008.91315,-3.8500824,-1.3520756,0.032550864,49.119556,0.0
2023-03-04 18:00:00,25.636871,23.151825,1012.0056,-1.1595354,-1.359335,0.40040034,86.170784,0.0
2023-03-05 00:00:00,24.622345,22.745758,1010.46185,0.056279182,-2.592435,0.90762347,89.31557,0.0
2023-03-05 06:00:00,31.750885,21.792267,1011.8425,-2.586872,-2.0123749,0.5769957,55.644756,0.0
2023-03-05 12:00:00,31.378937,19.233917,1008.21814,-3.7544355,-1.6783113,0.5397264,48.537693,0.0
2023-03-05 18:00:00,23.940338,22.49472,1011.16565,-1.1441908,-1.7360001,0.4870904,91.63568,0.0
2023-03-06 00:00:00,23.949615,22.431732,1009.5087,-0.23761845,-2.315525,0.8159585,91.23473,0.0
2023-03-06 06:00:00,31.000763,20.341095,1011.08563,-2.454093,-1.4984007,0.15740442,53.119225,0.0
2023-03-06 12:00:00,30.95108,18.907013,1006.7825,-3.6505604,-1.2580662,0.0,48.731888,0.0
2023-03-06 18:00:00,24.01596,22.190521,1009.7825,-1.4662714,-1.0090256,0.03567505,89.548065,0.0
2023-03-07 00:00:00,24.564972,22.397247,1008.14124,0.0055913925,-2.0522814,0.78245556,87.745995,0.0
2023-03-07 06:00:00,31.069366,22.07492,1010.15686,-1.9765148,-1.3149347,0.23699862,58.849907,0.0
2023-03-07 12:00:00,31.107574,21.604279,1006.8806,-4.1914654,-1.0212708,0.09654309,57.05856,0.0
2023-03-07 18:00:00,25.500824,23.0932,1009.5825,-1.8588285,-1.475357,0.026826655,86.562256,0.0
2023-03-08 00:00:00,25.11087,22.13028,1008.3663,-0.02325344,-2.7223558,0.47147942,83.56393,9.685755e-05
2023-03-08 06:00:00,31.303741,21.583649,1010.015,-3.3173275,-2.3484926,0.5103422,56.35345,0.028903648
2023-03-08 12:00:00,30.59488,20.87259,1006.79376,-4.3311014,-1.4473686,0.05599909,56.17536,0.0
2023-03-08 18:00:00,24.950226,22.919403,1008.9881,-1.375679,-1.5729132,0.01455307,88.51023,0.0
2023-03-09 00:00:00,25.153107,22.782623,1007.27,0.33214664,-2.4302158,0.39478368,86.72475,0.0
2023-03-09 06:00:00,31.283356,21.28183,1009.28937,-3.3087006,-2.5648499,0.34929675,55.38562,0.0
2023-03-09 12:00:00,30.901398,19.766388,1005.9981,-3.9902344,-2.0731773,0.014625054,51.55467,0.0
2023-03-09 18:00:00,25.116669,23.074005,1009.1838,-1.7087669,-1.3588037,0.35533088,88.46033,0.0
2023-03-10 00:00:00,25.214874,23.02655,1007.1981,0.16508865,-2.3178892,0.91366297,87.69241,0.0
2023-03-10 06:00:00,31.230743,21.615143,1008.5625,-2.9658146,-1.4660692,0.83953464,56.697243,0.00038184226
2023-03-10 12:00:00,29.963287,21.818024,1005.385,-3.9182434,-1.6844292,0.799151,61.721523,0.0
2023-03-10 18:00:00,25.726532,23.195282,1008.2506,-1.7997303,-1.3194008,0.31474864,85.93914,0.0
2023-03-11 00:00:00,24.812042,22.661285,1007.09314,0.33338356,-2.220089,0.63209885,87.857635,0.015176833
2023-03-11 06:00:00,31.087677,22.405426,1008.8081,-2.400238,-2.120222,0.6200512,59.98318,0.0659875
2023-03-11 12:00:00,30.397247,22.510895,1005.6025,-4.0972834,-1.4001551,0.24640061,62.798412,0.0
2023-03-11 18:00:00,25.263092,22.678741,1008.6863,-1.6607151,-1.3647804,0.06540424,85.61771,0.0
2023-03-12 00:00:00,24.372467,21.940186,1007.1969,0.6817074,-2.308898,0.71925914,86.32624,9.49949e-05
2023-03-12 06:00:00,31.563995,21.767487,1008.46185,-3.4054918,-2.422079,0.21725345,56.153183,0.037288293
2023-03-12 12:00:00,30.992706,21.999908,1004.91,-4.493004,-1.1559601,0.031360336,58.83807,0.0
2023-03-12 18:00:00,26.10556,23.232391,1008.45935,-1.1514244,-1.3812685,0.12034182,84.22037,0.0
2023-03-13 00:00:00,25.334198,23.397644,1006.0613,-0.12022877,-2.3692226,0.79276645,89.04656,0.0
2023-03-13 06:00:00,32.47513,21.319855,1007.41815,-2.832427,-1.5670815,0.15157656,51.888985,0.0044824556
2023-03-13 12:00:00,32.498077,18.471588,1003.96124,-3.9536285,-0.9077778,0.10459009,43.437756,0.0
2023-03-13 18:00:00,25.265686,22.6857,1006.4875,-1.2392244,-1.2034578,0.03488159,85.64062,0.0
2023-03-14 00:00:00,25.539337,23.811432,1005.27124,-0.42904186,-1.7714252,0.8927042,90.18812,9.534415e-05
2023-03-14 06:00:00,31.946686,21.761261,1005.88873,-2.5937004,-1.1527367,0.06697006,54.926414,0.0
2023-03-14 12:00:00,31.518585,20.473053,1002.15564,-4.309355,-0.18620956,0.100461245,51.99784,0.0
2023-03-14 18:00:00,25.094025,23.00705,1005.4519,-1.508668,0.10689986,0.07853152,88.22162,0.0
2023-03-15 00:00:00,24.90567,23.001495,1003.83185,0.7835407,-1.5028315,0.91399384,89.18797,0.0
2023-03-15 06:00:00,31.752594,22.34555,1005.6287,-1.2045479,1.1041288,0.4407822,57.54761,0.0021001324
2023-03-15 12:00:00,31.829865,24.043121,1002.03687,-3.2437935,1.3880332,0.46831578,63.48614,0.0
2023-03-15 18:00:00,27.043427,24.302612,1006.0806,-1.9799252,0.9018948,0.37526768,84.99316,9.49949e-05
2023-03-16 00:00:00,25.792023,23.844513,1004.6131,-1.2361698,0.2146216,0.23620015,89.02314,0.0033359975
2023-03-16 06:00:00,33.102814,22.878693,1006.5975,-1.8903694,0.7041797,0.37951332,55.078136,0.11559802
2023-03-16 12:00:00,31.957062,23.652985,1002.98126,-3.7666082,1.6399033,0.36272836,61.568558,0.0
2023-03-16 18:00:00,27.28543,23.908142,1006.91125,-1.2099934,0.80711484,0.22966361,81.834175,0.0
2023-03-17 00:00:00,26.750854,23.992523,1005.58563,0.19368458,0.84698075,0.37562358,84.87362,0.0030523178
2023-03-17 06:00:00,32.58963,22.326569,1006.565,-1.839818,0.7014886,0.2722452,54.823483,0.0
2023-03-17 12:00:00,31.424835,22.927765,1002.73,-4.3920727,-0.097641945,0.42755163,60.737465,0.0
2023-03-17 18:00:00,27.2341,24.300842,1005.9437,-1.7751007,-0.34746277,0.2925983,84.03853,0.011826865
2023-03-18 00:00:00,26.469452,24.184143,1005.02814,-0.6342182,-0.87286377,0.3284641,87.29075,0.0
2023-03-18 06:00:00,32.64102,23.276031,1006.4406,-2.1886349,1.0473001,0.80810255,57.903107,0.13132848
2023-03-18 12:00:00,31.774933,23.588226,1001.775,-2.3960829,2.4164982,0.717041,61.965244,0.0
2023-03-18 18:00:00,27.091461,24.482483,1005.4,-0.6057749,1.8217964,0.27319896,85.67177,0.0
2023-03-19 00:00:00,26.082397,23.715424,1003.60626,1.0615876,0.72132766,0.7728344,86.82865,0.004671514
2023-03-19 06:00:00,32.647614,22.514984,1004.9381,1.1004124,1.5157404,0.43291152,55.27402,0.011637311
2023-03-19 12:00:00,31.985626,24.08493,1000.4225,-2.7800884,1.3522216,0.75408286,63.086437,0.22580524
2023-03-19 18:00:00,26.052887,24.154785,1004.84064,-1.5593252,0.79474264,0.7119539,89.30771,1.4120206
2023-03-20 00:00:00,25.029633,23.263306,1003.59564,0.20558071,-0.7180691,0.99140567,89.94362,0.0
2023-03-20 06:00:00,31.99588,23.641571,1004.97186,0.060480118,1.9054874,0.2344864,61.39114,0.0
2023-03-20 12:00:00,30.730743,24.43161,1001.1106,-1.3377504,2.8314981,0.65911084,69.177986,0.0
2023-03-20 18:00:00,27.007965,24.2388,1004.40936,0.44723147,2.484851,0.9480298,84.84512,0.0
2023-03-21 00:00:00,25.750336,24.739716,1002.5825,-0.81112385,0.58627236,0.5626097,94.16276,0.0
2023-03-21 06:00:00,32.9263,24.220245,1004.01685,-0.7478447,0.91637754,0.85469127,60.312195,0.061694533
2023-03-21 12:00:00,32.746124,25.694427,1001.22876,-2.5030117,1.4954553,0.7012286,66.52632,0.0
2023-03-21 18:00:00,28.407349,25.698975,1005.0531,-1.0092793,2.4286814,0.7587133,85.296455,0.0
2023-03-22 00:00:00,26.296234,24.206665,1003.78375,0.89884186,0.26400197,0.9534903,88.30681,0.7322598
2023-03-22 06:00:00,32.7045,25.283905,1005.23126,0.41635203,0.8231085,0.84212935,65.07595,0.0
2023-03-22 12:00:00,31.816559,25.639801,1000.6231,-2.4229145,1.6448507,0.77613986,69.88753,0.0
2023-03-22 18:00:00,28.013641,25.637665,1004.35626,-1.4284868,2.2934055,0.70620406,86.957275,0.0
2023-03-23 00:00:00,27.318115,25.51944,1003.28125,-0.17791462,0.8276619,0.97740006,89.93202,0.10369718
2023-03-23 06:00:00,32.75064,24.481415,1005.4969,-0.8684168,2.2390308,0.94699824,61.872017,0.0
2023-03-23 12:00:00,31.995758,23.786285,1001.4975,-2.3317184,2.0338678,0.99905944,61.928715,0.18050018
2023-03-23 18:00:00,27.174591,23.75827,1005.8094,-0.79221725,2.784727,0.98279446,81.62869,0.0
2023-03-24 00:00:00,26.091583,23.9122,1003.2981,0.99349093,1.0461907,0.92312574,87.814835,0.0
2023-03-24 06:00:00,33.430695,23.276825,1005.4444,0.31278986,2.2528467,0.2062763,55.392136,0.0
2023-03-24 12:00:00,31.874054,24.778717,1002.1394,-2.5109777,1.7637174,0.98614526,66.17931,0.09163469
2023-03-24 18:00:00,27.606537,24.78894,1006.5144,-1.0511074,1.9931202,0.70510507,84.661934,0.0
2023-03-25 00:00:00,26.77948,24.874237,1004.9956,-0.63256454,1.9429247,0.9662154,89.32412,0.0
2023-03-25 06:00:00,32.91861,23.817413,1007.2275,0.19499296,1.6733856,0.94477606,58.89595,0.0
2023-03-25 12:00:00,32.515167,24.450104,1002.97565,-2.0562067,1.6464611,0.8050383,62.581284,0.0
2023-03-25 18:00:00,27.946228,24.743042,1006.0563,-0.9148741,1.086172,0.9999988,82.77157,0.0
2023-03-26 00:00:00,26.878479,24.817108,1004.6975,0.3530836,1.0246395,0.944048,88.5032,0.0011445954
2023-03-26 06:00:00,33.035187,24.215302,1006.3375,-1.2099123,2.0164986,0.97738355,59.92632,0.05636501
2023-03-26 12:00:00,33.05948,24.036255,1001.8787,-2.1932735,2.1111422,0.9999992,59.204952,0.03992909
2023-03-26 18:00:00,27.65567,24.633026,1005.2587,-0.77124786,1.8731174,0.90909356,83.636246,0.0
2023-03-27 00:00:00,26.719666,24.589844,1004.225,0.7749687,0.901225,0.25295195,88.129005,0.0
2023-03-27 06:00:00,34.326447,23.175995,1005.45935,1.34202,0.2729916,0.888775,52.36867,0.0003813766
2023-03-27 12:00:00,33.69107,23.524933,1001.565,-2.9524994,1.0204321,0.38579,55.413914,0.0
2023-03-27 18:00:00,28.333252,25.750336,1003.8787,-1.7656698,1.7839084,0.07183784,85.92605,0.0
2023-03-28 00:00:00,27.968536,25.583374,1003.7675,-0.12206268,0.78585327,0.7354413,86.90584,0.009343028
2023-03-28 06:00:00,33.318634,26.17392,1005.45,-0.9315767,1.5853052,0.33367062,66.274895,0.100143254
2023-03-28 12:00:00,33.04312,25.556488,1002.2775,-3.703085,1.2146299,0.44526547,64.8906,0.0
2023-03-28 18:00:00,27.35022,24.989624,1006.3975,-1.4711332,1.4083362,0.8819461,86.97707,0.0
2023-03-29 00:00:00,26.707031,24.427002,1005.3162,-0.030446053,-0.038321495,0.84769726,87.339325,0.0007627532
2023-03-29 06:00:00,33.32193,23.733917,1006.73376,-1.2536201,1.0030271,0.8977507,57.28821,0.02699811
2023-03-29 12:00:00,33.48111,24.121124,1002.8975,-3.1736593,0.9699489,0.012916565,58.116196,0.0
2023-03-29 18:00:00,26.725372,23.762299,1006.0875,-1.1496468,1.0174757,0.004228592,83.83252,0.0
2023-03-30 00:00:00,25.895477,23.519714,1005.51935,0.54412365,0.5130821,0.20800632,86.76558,0.0
2023-03-30 06:00:00,32.703766,23.273102,1006.0731,-0.44456482,0.08229619,0.29918215,57.688534,0.0
2023-03-30 12:00:00,32.863556,23.205719,1001.8031,-3.6203833,1.29141,0.31147766,56.93957,0.0
2023-03-30 18:00:00,26.422577,22.909515,1005.6131,-0.8682499,1.2790738,0.08463473,81.05937,0.0
2023-03-31 00:00:00,26.032501,23.54361,1004.0556,1.2550764,0.87327516,0.5047911,86.188675,0.0
2023-03-31 06:00:00,34.08133,22.826813,1005.15125,0.00742054,1.895958,0.627447,51.9788,0.0
2023-03-31 12:00:00,33.63321,24.05191,1000.8725,-3.4688673,1.6388836,0.09236145,57.384438,0.0
2023-03-31 18:00:00,27.77829,25.23645,1004.14185,-1.554493,1.5486386,0.07960892,86.08261,0.0
2023-04-01 00:00:00,27.96463,25.25772,1004.22815,0.16192055,1.5312614,0.383087,85.25929,0.055599958
2023-04-01 06:00:00,34.65555,23.293549,1005.22064,-0.42829418,2.8946247,0.1288392,51.785397,0.0
2023-04-01 12:00:00,32.726105,23.681366,1001.28314,-2.7331429,2.2139692,0.33483124,59.052128,0.04156679
2023-04-01 18:00:00,28.57254,25.251495,1005.0719,-1.1042433,2.366416,0.24060285,82.26535,0.0
2023-04-02 00:00:00,27.157074,25.169556,1003.82,-0.2110166,0.8079603,0.36682796,88.91585,0.045206398
2023-04-02 06:00:00,34.06009,23.699493,1005.27875,0.7419346,2.9515314,0.28827018,54.857166,0.0
2023-04-02 12:00:00,32.65103,23.40274,1000.64813,-2.7581673,2.299664,0.31088105,58.3148,0.03823545
2023-04-02 18:00:00,29.049744,24.58139,1004.66187,-0.79704857,3.0564718,0.22285354,76.885086,0.0
2023-04-03 00:00:00,28.237427,24.614777,1002.895,0.6035702,1.5708932,0.43957204,80.75747,0.008203089
2023-04-03 06:00:00,34.627228,23.827362,1004.8544,-0.4104271,2.577282,0.29706103,53.562714,0.0
2023-04-03 12:00:00,32.570343,23.819397,1001.4381,-2.1281414,2.0743933,0.34903514,60.069744,0.0
2023-04-03 18:00:00,28.19403,24.820862,1005.20624,-0.6865463,2.1301613,0.21187723,81.964806,0.0
2023-04-04 00:00:00,27.51654,24.445648,1004.0419,0.61576176,2.6889858,0.52557313,83.379616,0.018689781
2023-04-04 06:00:00,34.0961,22.686615,1006.48126,0.47248894,2.2460356,0.24445194,51.496376,0.0
2023-04-04 12:00:00,32.91446,23.537323,1002.7606,-1.4942856,2.7843962,0.5643307,57.92448,0.03546849
2023-04-04 18:00:00,27.837463,24.72644,1006.20874,-0.44125175,1.9383543,0.26844776,83.216,0.0
2023-04-05 00:00:00,26.776031,24.967743,1003.5925,0.13641602,1.5266228,0.70720524,89.84204,0.0
2023-04-05 06:00:00,34.588654,22.962555,1005.495,-0.9248562,1.9410696,0.08487052,50.948326,0.0015255064
2023-04-05 12:00:00,34.023346,23.639435,1001.78815,-2.4779472,2.5394783,0.239853,54.771297,0.0
2023-04-05 18:00:00,28.519989,24.270782,1005.8906,-1.1719885,1.5924501,0.2795583,77.822075,0.0
2023-04-06 00:00:00,27.057922,24.685944,1004.4675,0.3814087,1.033443,0.39661753,86.89152,0.0007636845
2023-04-06 06:00:00,34.904694,22.91037,1005.70624,-0.5190439,0.8216134,0.14037938,49.904335,0.0
2023-04-06 12:00:00,34.253937,23.509918,1001.9913,-3.493744,1.1004323,0.3043213,53.65125,0.07515401
2023-04-06 18:00:00,27.938354,25.351746,1006.1831,-1.6999893,1.1205437,0.100379944,85.86903,0.0
2023-04-07 00:00:00,26.879059,24.607758,1005.5506,-0.12817192,1.1020612,0.49531358,87.40007,0.00047683716
2023-04-07 06:00:00,34.634674,21.392487,1007.2356,-2.5291348,1.0705938,0.23418027,46.184288,0.0
2023-04-07 12:00:00,33.851837,21.290558,1004.2656,-3.789277,0.6462803,0.0,47.94277,0.0
2023-04-07 18:00:00,27.086761,23.810272,1007.64935,-1.396389,-0.7430353,0.0,82.307625,0.0
2023-04-08 00:00:00,26.298187,23.484222,1007.3244,-0.116742134,-1.2093639,0.79589957,84.54252,0.0
2023-04-08 06:00:00,34.017242,21.419708,1008.7644,-3.4414835,-0.2503016,0.20728928,47.87944,0.0
2023-04-08 12:00:00,32.688385,21.79007,1006.6925,-3.954093,-0.61876965,0.5427596,52.76518,0.0
2023-04-08 18:00:00,27.001373,23.487335,1009.2944,-1.5290899,-0.22941875,0.48079395,81.128006,0.0
2023-04-09 00:00:00,26.53006,23.979156,1007.76685,-0.021950722,-1.6937056,0.24161002,85.915565,0.0
2023-04-09 06:00:00,32.9346,22.752594,1009.46375,-2.2705917,-1.7638083,0.33804846,55.178062,0.021940097
2023-04-09 12:00:00,32.584015,23.062286,1005.66315,-4.107506,-0.42333603,0.16289802,57.34381,0.0
2023-04-09 18:00:00,27.248505,23.861237,1008.2706,-1.3283396,-0.5961704,0.27216607,81.78056,0.0
2023-04-10 00:00:00,27.125519,23.621674,1006.17126,0.5431595,-1.2748613,0.5148418,81.19353,0.00019092113
2023-04-10 06:00:00,34.28409,24.063019,1007.90814,-2.8142157,-0.325378,0.14010897,55.373596,0.0
2023-04-10 12:00:00,33.1055,24.01059,1004.4256,-4.127533,-0.12075043,0.30204654,58.961136,0.0
2023-04-10 18:00:00,27.391327,24.693878,1007.3088,-1.463851,-0.5626011,0.006679535,85.24951,0.0
2023-04-11 00:00:00,26.631287,24.221985,1005.98,-0.060378075,-1.0911694,0.9688709,86.65855,0.0
2023-04-11 06:00:00,33.97171,23.196747,1007.7469,-1.7658205,-0.42999458,0.18754125,53.48172,0.0
2023-04-11 12:00:00,34.34781,21.934113,1004.4225,-3.465641,-0.5658207,0.0071029663,48.50689,0.0
2023-04-11 18:00:00,27.076782,25.12967,1007.5613,-1.5255852,0.25132114,0.0,89.12388,0.0
2023-04-12 00:00:00,25.280365,23.822235,1005.6169,0.52242565,-0.54443055,0.89227295,91.64669,0.0
2023-04-12 06:00:00,34.371613,22.479889,1007.3638,-1.1753101,0.18530732,0.054712128,50.07941,0.0
2023-04-12 12:00:00,35.109283,21.323639,1003.5225,-3.8220854,0.053090096,0.0,44.795082,0.0
2023-04-12 18:00:00,26.84262,23.907867,1006.5831,-1.6155491,0.93543804,0.0,83.988304,0.0
2023-04-13 00:00:00,25.135101,23.514008,1005.5275,1.3405819,-0.26914728,0.79966736,90.74262,0.0
2023-04-13 06:00:00,34.496735,21.068878,1006.5606,-0.54016113,0.76373076,0.0057373047,45.625134,0.0
2023-04-13 12:00:00,35.322906,21.112701,1002.8,-3.1339054,0.98014086,0.0,43.699688,0.0
2023-04-13 18:00:00,27.075165,24.903229,1006.1813,-1.2967796,1.3447785,0.07998657,87.937225,0.0
2023-04-14 00:00:00,25.37027,24.22409,1005.8162,0.9767523,0.50380176,0.87197316,93.38479,0.0
2023-04-14 06:00:00,35.39102,21.72049,1006.465,-0.5937538,1.085345,0.028352192,45.186695,0.0
2023-04-14 12:00:00,35.601227,18.555084,1002.03815,-1.9065514,1.6538532,0.27286735,36.72374,0.0
2023-04-14 18:00:00,27.29361,22.569855,1005.1106,-0.6822233,1.7201505,0.9289406,75.44202,0.0
2023-04-15 00:00:00,25.646027,23.942047,1005.08685,0.7819557,1.153193,0.9658167,90.32532,0.0
2023-04-15 06:00:00,36.006744,20.970001,1005.77625,-0.35028934,1.2307776,0.91419196,41.715157,0.0
2023-04-15 12:00:00,34.79959,20.930573,1002.03186,-2.5025253,1.1210731,0.9999998,44.48432,0.0
2023-04-15 18:00:00,27.541107,25.519073,1004.47565,-0.82793236,1.5084882,0.2154093,88.76349,0.0
2023-04-16 00:00:00,25.96109,24.983185,1003.78186,1.5137615,0.8657595,0.950203,94.35556,0.0
2023-04-16 06:00:00,35.71219,20.873566,1004.8638,-0.9703722,1.146246,0.09286524,42.14673,0.0
2023-04-16 12:00:00,35.495758,20.374664,1000.835,-2.6317244,1.453996,0.034687042,41.361736,0.0
2023-04-16 18:00:00,27.738983,23.606842,1003.83563,-0.6756668,1.8728027,0.019037914,78.25877,0.0
2023-04-17 00:00:00,26.226105,23.92569,1003.3775,1.2422984,0.90225786,0.64090526,87.19,0.0
2023-04-17 06:00:00,35.24173,20.839874,1004.5125,-0.82324123,1.3592278,0.011411667,43.16646,0.0
2023-04-17 12:00:00,35.522858,21.29483,1001.91064,-2.9450607,2.016601,0.05126706,43.70525,0.0
2023-04-17 18:00:00,27.60617,25.463837,1005.1106,-1.2401962,1.1506642,0.0,88.13661,0.0
2023-04-18 00:00:00,27.805695,25.390839,1004.2537,0.9417534,0.6933988,1.0000002,86.73782,9.49949e-05
2023-04-18 06:00:00,35.256012,23.051056,1006.04565,-0.8561878,1.3622227,0.07866728,49.361385,0.0
2023-04-18 12:00:00,35.852448,22.30655,1002.115,-3.2038527,1.33798,0.20795351,45.6536,0.0
2023-04-18 18:00:00,27.76413,25.473907,1004.9125,-1.1793814,0.8914044,0.0057373047,87.37898,0.0
2023-04-19 00:00:00,27.772552,26.37381,1003.40875,0.61375713,0.5051933,0.9431154,92.11601,0.0
2023-04-19 06:00:00,35.109894,23.449615,1003.975,-0.04318714,1.7197151,0.12665567,50.97476,0.0
2023-04-19 12:00:00,36.447174,23.453644,999.27686,-2.0359,1.749712,0.08494568,47.365154,0.0
2023-04-19 18:00:00,29.865448,25.986053,1002.1906,-0.46861172,2.7912626,0.0,79.744545,0.0
2023-04-20 00:00:00,28.492645,26.122284,1001.03125,0.8298829,1.9195194,0.07914734,87.029205,0.0
2023-04-20 06:00:00,36.707916,22.09671,1002.10815,1.3917886,2.1891937,0.010057449,43.00592,0.0
2023-04-20 12:00:00,37.051422,22.089264,997.225,-1.4120483,2.7651546,0.25276184,42.186703,0.0
2023-04-20 18:00:00,29.639221,25.66391,1000.79065,0.14611077,3.3648033,0.10354233,79.26221,0.0
2023-04-21 00:00:00,29.26764,26.353882,1000.09814,0.6152286,2.8570738,0.09887694,84.35447,0.0
2023-04-21 06:00:00,36.598663,23.65915,1001.71313,1.6075244,2.1307235,0.051029205,47.55893,0.0
2023-04-21 12:00:00,35.15103,23.714508,998.1475,-1.5207548,3.0134335,0.4087527,51.67712,0.0
2023-04-21 18:00:00,29.905304,25.263397,1001.5112,-0.4425087,3.1478643,0.083597854,76.222015,0.0
2023-04-22 00:00:00,29.17691,26.31195,1000.4506,0.37382627,2.0421429,0.29861367,84.58827,0.0
2023-04-22 06:00:00,35.668854,24.829742,1002.4919,-0.43761253,0.8588029,0.36456203,53.6919,0.10022335
2023-04-22 12:00:00,34.370148,24.43216,998.14185,-2.5759335,1.6891302,0.5132751,56.34224,0.0
2023-04-22 18:00:00,30.032776,25.557404,1001.7019,0.6700683,1.3302958,0.37887537,76.99957,0.0
2023-04-23 00:00:00,28.956543,25.6362,1001.17126,-0.009308875,1.7302916,0.3975305,82.314354,0.0
2023-04-23 06:00:00,36.4628,23.30185,1001.96185,-0.1457529,1.673415,0.15727615,46.89303,0.0
2023-04-23 12:00:00,34.3461,23.872467,998.5656,-2.7900438,2.3742316,0.6229626,54.554523,0.0
2023-04-23 18:00:00,27.580109,24.259552,1003.71686,0.436553,0.48126125,1.0000014,82.14911,1.526716
2023-04-24 00:00:00,26.739014,23.666962,1003.1625,-0.414423,1.0221074,0.99023074,83.28586,0.0
2023-04-24 06:00:00,33.319733,24.614716,1004.1525,-0.8613968,2.7074242,0.6001616,60.404182,0.13408509
2023-04-24 12:00:00,33.681915,24.300385,1000.8762,-3.1505547,0.96880275,0.47649598,58.087723,0.41210207
2023-04-24 18:00:00,29.789642,25.238922,1004.29626,-1.2859306,0.7749426,0.8988117,76.619156,0.44395262
2023-04-25 00:00:00,28.931152,25.156647,1004.03186,-1.4191399,0.9037204,0.9628526,80.118614,0.0
2023-04-25 06:00:00,32.987946,24.40857,1005.48627,-1.8091927,1.6039581,0.9725721,60.785675,0.0
2023-04-25 12:00:00,31.082,24.793945,1001.90625,-1.8436966,0.92981267,1.0000002,69.2899,0.0
2023-04-25 18:00:00,28.501617,25.618317,1004.54565,-0.95136166,0.7977852,0.9906285,84.425446,0.0
2023-04-26 00:00:00,27.060028,25.454407,1003.53436,-0.30247498,-0.26071477,0.7262858,90.95189,0.0083927335
2023-04-26 06:00:00,31.130157,25.057343,1005.1381,-1.7712622,-1.2358418,0.92124933,70.19431,2.9420757
2023-04-26 12:00:00,32.020233,24.49295,1001.2644,-2.7881374,0.14295387,0.99238896,64.521774,0.0
2023-04-26 18:00:00,28.16513,25.874664,1004.1169,-0.9768982,-0.42592484,0.8900786,87.41268,0.0
2023-04-27 00:00:00,27.347565,25.05188,1003.04126,0.32105064,-0.6006802,0.57248724,87.314026,0.027745962
2023-04-27 06:00:00,33.93985,23.901093,1004.9219,-2.2974463,-0.14363968,0.96365356,55.900402,0.0
2023-04-27 12:00:00,31.950592,25.160889,1002.20123,-2.9113836,0.85475147,0.9466838,67.41196,0.0
2023-04-27 18:00:00,28.793457,26.057617,1005.2981,-1.2744827,0.9363112,0.12110029,85.19663,0.0
2023-04-28 00:00:00,28.498322,25.771118,1004.3731,0.26182652,-0.3117596,0.9185436,85.210434,0.043288838
2023-04-28 06:00:00,32.12906,24.940582,1005.53,-1.5476427,0.70000273,0.940541,65.86381,1.9606291
2023-04-28 12:00:00,32.731842,25.615387,1001.4988,-2.621646,1.1860962,0.8657188,66.26836,0.0
2023-04-28 18:00:00,28.302734,26.08081,1004.945,-0.910326,0.88232905,0.94520676,87.779884,0.0
2023-04-29 00:00:00,28.435577,25.396088,1003.7225,0.12811089,0.35273248,0.969815,83.63873,0.03718484
2023-04-29 06:00:00,33.27054,24.771393,1005.4425,-2.2790356,0.015372932,0.9739489,61.14089,0.0
2023-04-29 12:00:00,31.56955,24.803986,1001.8269,-2.8718538,0.7822381,0.92706645,67.43436,0.0
2023-04-29 18:00:00,27.153595,25.236969,1003.9075,0.69792366,0.27156466,0.98934567,89.29162,0.0
2023-04-30 00:00:00,26.883148,24.44339,1002.9444,-0.8710098,0.68896943,0.99893814,86.52391,0.009715349
2023-04-30 06:00:00,32.07779,25.232452,1003.8619,-0.9853525,1.4207811,0.9637393,67.21396,0.18223695
2023-04-30 12:00:00,30.721893,24.88794,1000.1944,-0.9920168,1.6583619,0.71545804,71.126854,0.0
2023-04-30 18:00:00,27.824371,24.849457,1002.7456,-0.9715767,1.6377348,0.6003955,83.89367,0.109535426
2023-05-01 00:00:00,27.91394,25.116486,1001.7706,0.28200912,1.0693247,0.9619284,84.79572,0.0
2023-05-01 06:00:00,31.366974,25.071686,1003.03064,-0.51055074,1.2467442,0.97552896,69.313416,0.07983756
2023-05-01 12:00:00,29.51596,25.16858,1000.6575,-1.0786152,1.2654698,0.9949049,77.51139,0.87403876
2023-05-01 18:00:00,25.99643,24.810394,1004.5425,-0.2890587,0.7381485,1.0,93.1926,0.33353496
2023-05-02 00:00:00,25.350433,23.836151,1002.815,0.24603271,1.0242424,1.0,91.34194,0.0
2023-05-02 06:00:00,27.87259,24.56842,1005.21313,-0.16575909,0.23057342,1.0,82.264786,1.1709572
2023-05-02 12:00:00,30.76236,24.878998,1001.1869,-1.5958843,-0.17876714,1.0,70.9247,0.0
2023-05-02 18:00:00,27.006927,25.088013,1004.8744,-0.6657426,2.1339474,0.97637653,89.26844,0.0
2023-05-03 00:00:00,26.524323,24.856384,1003.41187,0.9131443,0.48173633,0.98663664,90.580025,0.0
2023-05-03 06:00:00,31.732208,24.223724,1005.3206,0.7757467,0.55177116,0.9982182,64.53439,0.0066682696
2023-05-03 12:00:00,28.808014,25.772858,1001.6969,-1.7778168,1.6457334,0.9974795,83.70139,5.3249373
2023-05-03 18:00:00,24.902496,23.835663,1005.1231,1.5728526,0.9709043,0.99436754,93.80916,0.0
2023-05-04 00:00:00,25.864227,23.845734,1002.8225,1.6092871,0.029170692,1.0000029,88.649574,0.0
2023-05-04 06:00:00,32.915314,25.476654,1004.37,0.068617284,-0.21350574,0.99199283,65.04943,0.0065764617
2023-05-04 12:00:00,29.953522,24.604492,1000.375,-1.5292091,1.1480253,0.8701322,73.08138,0.0
2023-05-04 18:00:00,26.106781,24.753296,1004.2225,2.148873,-0.63610363,0.9956062,92.271065,2.81449
2023-05-05 00:00:00,26.14212,24.115265,1002.0556,0.37342,1.0315878,1.0,88.627205,0.0
2023-05-05 06:00:00,32.336212,24.10205,1003.7381,2.0676484,1.6330618,1.0,61.911415,0.0
2023-05-05 12:00:00,29.424927,23.974457,1000.3225,0.16721427,1.7216263,1.0,72.54819,0.0
2023-05-05 18:00:00,27.043427,24.331177,1003.3063,-0.37914622,-0.2629814,1.0,85.138756,0.5646415
2023-05-06 00:00:00,27.393494,24.738892,1001.2375,-0.40156865,-1.114459,0.9971189,85.468254,0.0
2023-05-06 06:00:00,31.914703,22.94107,1003.27875,-0.15367985,0.63708496,1.0,59.119488,0.0
2023-05-06 12:00:00,27.210419,25.53006,1000.3013,-1.1126871,0.908208,1.0,90.5588,0.42413595
2023-05-06 18:00:00,26.115326,25.267303,1004.0044,2.688375,0.772522,1.0000005,95.094284,0.0
2023-05-07 00:00:00,25.187103,23.197815,1001.10315,2.9574919,0.56929106,0.9996034,88.75192,1.0943561
2023-05-07 06:00:00,30.493073,25.06424,1003.3594,1.5361204,0.6920519,1.0,72.8256,0.0
2023-05-07 12:00:00,29.829803,25.881805,1000.08936,0.92226845,0.7242062,0.99933493,79.416534,0.20797703
2023-05-07 18:00:00,25.548615,24.563232,1003.22125,1.4406062,-1.9365015,1.0,94.29649,0.44202465
2023-05-08 00:00:00,25.72757,23.906189,1000.3881,1.2417996,1.3540535,0.9129165,89.69597,0.0
2023-05-08 06:00:00,32.16861,25.13739,1002.21436,2.0137239,-0.24437118,0.77824724,66.492096,0.061891973
2023-05-08 12:00:00,32.710052,23.91681,998.525,-0.43385506,0.9094227,0.9350438,59.948708,0.0
2023-05-08 18:00:00,28.34134,25.430695,1002.7494,1.8597383,1.5791627,1.0,84.27143,0.006100163
2023-05-09 00:00:00,27.319733,23.842987,1000.95,1.4709244,0.5074167,0.33436555,81.35048,0.0
2023-05-09 06:00:00,34.095123,25.628448,1002.14813,0.32751298,-1.4180202,0.99358135,61.44102,0.020598061
2023-05-09 12:00:00,33.69742,26.258698,999.4125,-2.2683697,0.8151659,1.0,65.209435,0.21513832
2023-05-09 18:00:00,28.099915,25.577362,1002.9531,1.560217,0.36271667,0.9982181,86.21198,0.0
2023-05-10 00:00:00,27.507294,25.148132,1000.5575,1.2793064,0.03436601,1.0000052,86.998665,0.0
2023-05-10 06:00:00,34.013092,25.948975,1001.27814,1.388423,-1.3582401,1.0,62.9067,0.002289191
2023-05-10 12:00:00,34.134674,25.791412,998.16187,-0.891346,0.58807254,1.0,61.90104,0.0
2023-05-10 18:00:00,29.973602,26.383728,1003.27313,-1.0550795,2.433952,1.0,81.13487,0.12874746
2023-05-11 00:00:00,28.592712,26.036224,1001.2,1.4073076,0.8028177,0.99733174,86.08558,0.0
2023-05-11 06:00:00,34.349518,26.556427,1001.865,3.0877752,0.9276705,0.9906206,63.993538,0.0
2023-05-11 12:00:00,34.50296,26.146942,999.71936,0.8841286,0.8435677,1.0,61.934326,0.0
2023-05-11 18:00:00,28.639618,25.09256,1002.54565,1.6941185,2.812997,1.0,81.17379,0.0
2023-05-12 00:00:00,28.550995,23.696869,1001.4462,2.6609783,0.8120173,1.0,75.049324,0.0
2023-05-12 06:00:00,33.912018,25.146759,1002.58624,3.6221247,1.3983693,1.0,60.319782,0.0
2023-05-12 12:00:00,33.046906,25.949493,999.7481,0.091566205,1.6052012,1.0,66.406235,0.81050396
2023-05-12 18:00:00,30.26007,26.12265,1003.46564,1.8731918,4.1808662,1.0,78.59004,0.0
2023-05-13 00:00:00,29.175598,24.84842,1002.07623,2.7457647,2.860048,0.997119,77.55505,0.0
2023-05-13 06:00:00,33.503082,24.918854,1003.40814,4.280053,2.3158245,0.9527862,60.88256,0.0
2023-05-13 12:00:00,35.5524,25.809113,1000.3869,1.9812152,0.43677694,0.99426246,57.27936,0.0
2023-05-13 18:00:00,30.425232,25.75998,1003.085,1.8700025,3.8202248,1.0,76.19582,0.0
2023-05-14 00:00:00,29.625885,24.36496,1001.14685,3.1881695,3.0561574,0.99999994,73.41231,0.0
2023-05-14 06:00:00,34.93338,24.72818,1001.95935,4.122452,0.13472939,0.99617755,55.582134,0.0
2023-05-14 12:00:00,36.69986,26.106232,998.54565,0.6127141,2.1666799,0.82789737,54.73259,0.0
2023-05-14 18:00:00,30.544647,27.147125,1001.5625,2.1414905,4.2078934,0.8036092,82.1285,0.0
2023-05-15 00:00:00,29.608551,24.589691,1001.27686,2.539897,2.9344084,0.9570703,74.480835,0.0
2023-05-15 06:00:00,35.524323,25.492462,1002.85,3.99656,1.6004233,1.0,56.300407,0.0
2023-05-15 12:00:00,36.292145,26.02591,999.34814,0.9591303,1.0021064,0.9752596,55.70438,0.0
2023-05-15 18:00:00,29.70462,27.405731,1003.0119,1.2471366,3.959877,0.9629707,87.50254,0.0
2023-05-16 00:00:00,29.133423,26.480743,1002.29126,1.7749262,2.1332383,0.9862511,85.65002,0.0
2023-05-16 06:00:00,36.55948,24.265656,1003.705,3.625782,1.1152719,0.9119481,49.43008,0.0
2023-05-16 12:00:00,36.838043,26.406158,1000.4494,0.39454746,0.14768136,0.7495694,55.29128,0.0
2023-05-16 18:00:00,29.919098,27.575775,1003.57874,0.3079862,3.766014,0.9717778,87.293846,0.0
2023-05-17 00:00:00,29.587097,27.013153,1003.1756,0.817135,2.3770237,0.27070993,86.09167,0.0
2023-05-17 06:00:00,35.493195,25.91452,1004.66815,0.846229,2.3132296,0.474155,57.826824,0.0
2023-05-17 12:00:00,35.251617,25.730133,1001.60565,-0.46341515,2.170754,0.19202423,57.967163,0.06598234
2023-05-17 18:00:00,29.877625,26.277496,1005.84125,-0.79057026,3.845829,0.86361945,81.07371,0.0
2023-05-18 00:00:00,29.48584,26.916534,1005.0375,1.0379308,2.0395584,0.6552646,86.10553,0.0
2023-05-18 06:00:00,35.529816,26.095184,1005.7825,1.8653576,1.9885044,0.40551794,58.330345,0.003815163
2023-05-18 12:00:00,34.011627,25.33841,1002.66,-0.33166218,2.4023418,0.43980473,60.673386,0.0
2023-05-18 18:00:00,29.804077,25.686981,1005.66876,0.24143726,4.114403,0.09633239,78.62097,0.0
2023-05-19 00:00:00,28.647766,25.791534,1004.1044,1.165183,3.2338696,0.55285954,84.57651,0.0
2023-05-19 06:00:00,34.536163,25.254303,1005.1069,2.1751842,2.634346,0.11266047,58.632225,0.0029560179
2023-05-19 12:00:00,35.615753,25.134918,1001.14185,0.07715893,2.4644318,0.03187561,54.838287,0.0
2023-05-19 18:00:00,30.003357,26.406952,1003.975,0.2917931,4.2650366,0.0,81.1073,0.0
2023-05-20 00:00:00,28.875885,26.084686,1002.6319,1.353414,2.3879945,0.023603208,84.92649,0.0
2023-05-20 06:00:00,35.112823,25.34793,1003.7531,1.7292223,1.5084116,0.06272534,57.10324,0.0
2023-05-20 12:00:00,35.83487,25.28006,1000.40186,-0.8223839,2.8301535,0.11020387,54.650074,0.0
2023-05-20 18:00:00,29.671234,26.25467,1004.1169,1.1620489,3.4909449,0.11914094,81.93197,0.0
2023-05-21 00:00:00,28.971558,26.302002,1003.3975,0.47504553,2.7567883,0.2087335,85.54886,0.0
2023-05-21 06:00:00,35.0961,25.28592,1004.3837,1.3332477,1.9690368,0.07828696,56.945694,0.00085821375
2023-05-21 12:00:00,35.97635,25.59842,1001.8237,-0.47581768,2.3291664,0.21916962,55.261772,0.0
2023-05-21 18:00:00,29.440094,25.751953,1005.505,0.63526917,3.767702,0.07519153,80.59719,0.042233616
2023-05-22 00:00:00,28.769196,25.236176,1004.26874,0.6953804,2.7065396,0.08267984,81.25789,0.0
2023-05-22 06:00:00,35.068756,25.284332,1005.59686,0.69949824,2.0994463,0.15244392,57.026608,0.002194196
2023-05-22 12:00:00,32.884674,24.907074,1002.9369,-1.0217133,3.5190115,0.2826233,62.988983,0.021833926
2023-05-22 18:00:00,28.3461,24.562408,1006.485,0.90326536,2.5718725,0.07495621,79.997505,0.0
2023-05-23 00:00:00,27.553741,24.98587,1005.595,0.50758743,1.7015724,0.020912595,85.927605,0.0
2023-05-23 06:00:00,35.154205,24.965485,1006.1994,1.0632908,1.4196085,0.139228,55.689644,0.0
2023-05-23 12:00:00,34.50821,24.701569,1002.4338,-1.2767448,3.300524,0.35669708,56.81941,0.16724691
2023-05-23 18:00:00,29.576569,24.681427,1005.4981,1.4660327,3.8325157,0.053250045,75.028595,0.0
2023-05-24 00:00:00,28.567474,24.47641,1004.52814,1.3550274,2.6294222,0.04027617,78.569595,0.0
2023-05-24 06:00:00,35.045807,24.150421,1005.3869,2.3462472,2.237997,0.11254306,53.35885,0.0003813766
2023-05-24 12:00:00,35.062286,23.618073,1002.07623,-0.045651436,2.9561434,0.119347736,51.630955,0.0
2023-05-24 18:00:00,30.03946,24.44046,1005.1887,0.9893705,4.1411724,0.04976283,72.01115,0.0
2023-05-25 00:00:00,29.03479,24.74112,1004.4294,1.8126783,2.6468143,0.14521068,77.68986,0.0
2023-05-25 06:00:00,35.678864,23.826752,1005.2456,3.519081,0.6668794,0.12110901,50.532097,0.0028606737
2023-05-25 12:00:00,36.12137,21.95987,1001.9725,0.19596422,1.9565682,0.26480103,44.043064,0.022344641
2023-05-25 18:00:00,30.277222,26.082062,1005.10815,0.8306242,2.8737383,0.2404852,78.324554,0.0
2023-05-26 00:00:00,30.005157,22.565094,1004.3038,2.6241064,1.9470582,0.04898237,64.43888,0.0
2023-05-26 06:00:00,36.075226,23.414093,1005.3525,3.8631907,0.08816522,0.07254028,48.22729,0.010012649
2023-05-26 12:00:00,32.298492,24.47525,1003.78564,1.713018,1.0844154,0.92301863,63.447,0.0
2023-05-26 18:00:00,28.600922,23.150543,1004.97687,1.9397964,1.7413886,0.9488042,72.40583,0.0
2023-05-27 00:00:00,27.50882,23.977814,1003.1156,2.1305943,0.54693896,0.5278153,81.10932,0.0
2023-05-27 06:00:00,35.413483,24.419525,1003.84436,2.3665407,0.12158942,0.1841317,53.134735,0.019930769
2023-05-27 12:00:00,35.936676,23.443512,1000.39,0.050240517,0.7047586,0.8616924,48.68261,0.23642881
2023-05-27 18:00:00,29.812164,24.938873,1002.78064,0.61030966,3.553234,0.9810957,75.16407,0.0
2023-05-28 00:00:00,29.266724,25.391144,1001.9331,2.080233,2.8254445,0.739285,79.682625,0.0
2023-05-28 06:00:00,34.483307,24.415314,1002.7031,2.794755,1.0927382,0.9751355,55.93216,0.0064852647
2023-05-28 12:00:00,35.712555,23.899078,1000.1769,0.84523296,-0.37304425,0.99933547,50.65816,0.0
2023-05-28 18:00:00,30.227875,25.355133,1003.2587,0.2688253,2.1330929,0.97804016,75.23238,0.0
2023-05-29 00:00:00,29.27298,26.227386,1001.9981,0.72861594,2.425325,0.84185195,83.700874,0.0
2023-05-29 06:00:00,35.79959,24.91275,1003.1375,1.555737,1.5109081,0.29212773,53.57112,0.0
2023-05-29 12:00:00,33.528473,25.362701,1000.4556,-0.51309204,3.341529,0.68332374,62.42465,0.0
2023-05-29 18:00:00,29.904419,26.341461,1004.4431,0.020047545,3.1387482,0.80221766,81.255196,0.0038146973
2023-05-30 00:00:00,28.66925,26.38153,1003.2975,0.0747813,2.868061,0.9430736,87.470665,0.0
2023-05-30 06:00:00,35.075348,25.499725,1003.805,0.9466703,1.9075546,0.9044366,57.740433,9.534415e-05
2023-05-30 12:00:00,34.58963,23.32315,1001.01,-1.2189465,1.9143406,0.9706968,52.06839,0.0
2023-05-30 18:00:00,27.623444,24.48404,1004.8975,1.0767679,0.85622543,0.88345534,83.05051,0.0
2023-05-31 00:00:00,27.17044,24.477203,1003.17065,0.62018824,0.3556981,0.8186459,85.24864,0.0
2023-05-31 06:00:00,34.403107,24.325226,1003.4281,1.5386277,0.48221648,0.36455017,55.879898,0.0014302786
2023-05-31 12:00:00,35.995514,22.950714,1000.03,0.5441332,0.530096,0.3786825,47.101406,0.5754533
2023-05-31 18:00:00,29.56894,24.41391,1003.5425,0.31012338,3.5393744,0.7403772,73.86989,0.0
2023-06-01 00:00:00,28.724152,25.757355,1001.8275,1.0541495,2.331842,0.8878534,84.03211,0.0
2023-06-01 06:00:00,35.64261,23.639801,1002.78815,2.9037576,1.8976337,0.9918884,50.06668,0.0
2023-06-01 12:00:00,36.024567,23.181305,999.29626,0.7394336,1.9103463,0.4156055,47.686752,0.2014339
2023-06-01 18:00:00,30.58139,26.105865,1003.08185,0.99290967,2.1847365,0.6174911,77.08022,0.0
2023-06-02 00:00:00,29.559052,23.550323,1001.4338,3.0414238,1.2486546,0.87494135,70.17506,0.0
2023-06-02 06:00:00,35.912994,23.88919,1002.7606,3.7430048,0.54307324,0.8282922,50.072105,0.0062943436
2023-06-02 12:00:00,35.423004,23.175446,999.5756,1.1027515,0.46515822,0.57543904,49.27711,0.1777052
2023-06-02 18:00:00,30.199127,24.60965,1002.5806,0.81353635,4.3076124,0.19895607,72.080086,0.0
2023-06-03 00:00:00,29.699219,24.972198,1001.65625,2.3686357,2.4528213,0.95549905,75.80484,0.0
2023-06-03 06:00:00,36.46817,24.718658,1002.23065,3.2144375,0.60955846,0.95362693,51.043373,0.00047666254
2023-06-03 12:00:00,37.08902,27.045563,998.47815,-0.13355255,2.6663742,0.99866945,56.63001,0.07069128
2023-06-03 18:00:00,30.795868,26.087921,1002.3006,1.0760169,4.262244,0.23028499,76.06012,0.0
2023-06-04 00:00:00,30.06491,24.990875,1000.8956,2.4786024,2.8371797,0.41439992,74.31001,0.0
2023-06-04 06:00:00,36.190582,24.073883,1002.7006,4.474077,0.02247715,0.14959751,49.863754,0.0067702495
2023-06-04 12:00:00,35.214264,24.051178,998.96686,1.140361,-1.0491323,0.46971184,52.549583,0.31667435
2023-06-04 18:00:00,29.199677,24.292145,1002.67,0.7231067,3.3661191,0.66400486,74.91271,0.0
2023-06-05 00:00:00,29.522888,24.00003,1000.925,2.1765835,2.1302586,0.735674,72.250336,0.0
2023-06-05 06:00:00,35.754425,23.911285,1001.5444,4.1643553,1.054486,0.23173559,50.57848,0.0
2023-06-05 12:00:00,35.110504,23.601349,998.7875,-0.92302155,2.6251576,0.5278413,51.441418,0.055752695
2023-06-05 18:00:00,28.09784,25.045807,1003.2031,0.050513268,2.6017625,0.9247905,83.538795,0.0
2023-06-06 00:00:00,28.551178,23.908234,1000.8206,3.0012054,0.8704065,0.98097616,76.00887,0.0
2023-06-06 06:00:00,35.464508,23.568512,1001.3237,3.8182974,0.7706316,0.28648186,50.34453,0.0
2023-06-06 12:00:00,36.356842,22.121368,997.725,-0.065992355,1.8186313,0.3705827,43.907314,0.0023841858
2023-06-06 18:00:00,29.548462,25.486359,1001.8144,1.8081523,3.2747407,0.97045374,78.84244,0.0
2023-06-07 00:00:00,29.361572,24.137115,999.77875,3.380538,1.1522343,0.9911155,73.5286,0.0
2023-06-07 06:00:00,35.0054,24.394989,1001.2531,4.2142744,0.09318775,0.98569566,54.268257,0.003434252
2023-06-07 12:00:00,32.67752,24.389557,998.5619,-0.5964432,1.5444922,0.9327561,61.786644,0.48632282
2023-06-07 18:00:00,29.895477,23.7117,1002.52435,4.478512,1.6609287,0.7373307,69.50122,0.0
2023-06-08 00:00:00,29.175629,22.986603,1001.14,3.4421415,0.5150089,0.9951163,69.34386,0.0
2023-06-08 06:00:00,35.572052,22.53482,1001.8069,3.9256792,1.0983725,0.9837677,47.012623,0.00038184226
2023-06-08 12:00:00,36.847076,22.757599,998.2319,2.630901,1.0352592,0.93622726,44.429142,0.17128699
2023-06-08 18:00:00,30.677338,23.587433,1001.6894,3.3645253,1.5344934,0.9800541,65.95876,0.0
2023-06-09 00:00:00,29.144897,23.013458,999.89624,3.0802622,1.3578851,0.99799997,69.58015,0.0
2023-06-09 06:00:00,35.135284,22.85147,1000.1181,4.408677,0.8525017,0.9494631,49.095367,0.0
2023-06-09 12:00:00,34.905426,23.20047,997.90375,3.4027908,0.56801844,0.7591881,50.785847,0.0
2023-06-09 18:00:00,30.84433,21.267365,1000.28375,4.946286,1.0498457,0.98488855,56.73911,0.0
2023-06-10 00:00:00,29.329132,22.528412,999.3631,3.9327583,1.0024242,0.9964547,66.84841,0.0
2023-06-10 06:00:00,35.377594,22.457306,999.6775,5.0723753,1.0732683,0.8981764,47.296925,0.0
2023-06-10 12:00:00,34.73172,21.489899,997.83,3.7489786,0.33659357,0.8944717,46.21089,0.0
2023-06-10 18:00:00,29.45816,21.933502,1000.6225,3.2575352,1.2332897,0.5906145,63.992554,0.0
2023-06-11 00:00:00,28.141205,22.19522,999.95935,2.5565615,0.84975183,0.40329742,70.17968,0.0
2023-06-11 06:00:00,35.43936,22.77417,1000.53125,3.6559124,0.4523908,0.3479454,48.051132,0.0
2023-06-11 12:00:00,34.1127,24.034088,997.6881,2.9071221,3.015832,0.8218701,55.808006,0.13184547
2023-06-11 18:00:00,30.339691,23.753448,1000.895,1.7490424,2.6467423,0.30728012,67.921684,0.0
2023-06-12 00:00:00,29.39392,22.80069,999.24,2.9819584,1.0173504,0.3610766,67.70822,0.0
2023-06-12 06:00:00,36.51883,23.556244,1000.46814,3.8686962,1.3994293,0.25317258,47.472206,0.0041961903
2023-06-12 12:00:00,30.343964,26.00711,998.6394,2.9103136,1.4062107,0.9733976,77.68025,1.8117785
2023-06-12 18:00:00,28.614166,23.580475,1001.02,3.0206852,0.49290752,0.5932434,74.25217,0.0
2023-06-13 00:00:00,28.433258,23.145844,1000.2381,2.1838846,2.3183708,0.70858324,73.09369,0.0
2023-06-13 06:00:00,34.96414,24.382904,1001.20624,4.5567226,1.0276723,0.17629302,54.353123,0.0
2023-06-13 12:00:00,34.80179,23.561798,998.1944,1.5008811,1.7361506,0.61118484,52.204674,0.0
2023-06-13 18:00:00,29.896759,22.516876,1002.1075,2.5969315,1.0001879,0.89415526,64.65202,0.0
2023-06-14 00:00:00,28.365753,22.711456,1001.02686,2.7003489,1.1833245,0.8845425,71.47605,0.0
2023-06-14 06:00:00,34.993683,24.014984,1002.66565,4.642763,0.2640741,0.5308628,53.079826,0.0
2023-06-14 12:00:00,35.501495,23.052032,999.6887,2.6937575,-0.7632141,1.0000008,48.699177,0.09132922
2023-06-14 18:00:00,31.040863,22.414703,1002.2419,3.6207075,1.5164237,0.43594378,60.177414,0.0
2023-06-15 00:00:00,29.327118,22.57193,1001.3756,2.0139666,0.95319635,0.98323077,67.03312,0.0
2023-06-15 06:00:00,36.206696,23.028473,1002.4469,3.516674,-0.8100939,0.6449184,46.77739,0.0
2023-06-15 12:00:00,36.971344,22.837189,999.4525,1.068799,-0.30280113,0.8161067,44.34181,0.0
2023-06-15 18:00:00,31.529297,23.625885,1002.0687,1.6957867,3.762247,0.9970858,62.97809,0.0
2023-06-16 00:00:00,30.13266,23.307526,1000.64124,2.9816618,1.074235,0.9072119,66.910065,0.0
2023-06-16 06:00:00,36.576447,23.230865,1001.2294,3.8121886,-0.69092846,0.25500578,46.402466,0.0
2023-06-16 12:00:00,36.963776,23.082916,998.0112,1.095562,-0.087972045,0.9928714,45.02498,0.0
2023-06-16 18:00:00,30.997864,24.501984,1001.6844,1.900538,2.926842,0.9982183,68.41851,0.0
2023-06-17 00:00:00,29.4664,23.00943,1000.5,3.3184748,0.9029741,1.0,68.283516,0.0
2023-06-17 06:00:00,34.21634,22.809906,1001.91437,3.3875628,-0.3703966,0.99821794,51.53619,1.891749e-07
2023-06-17 12:00:00,30.960846,26.485992,1000.9394,0.6942129,1.7822534,1.0,77.1393,0.2575037
2023-06-17 18:00:00,29.293945,26.168304,1002.6925,0.619818,1.7553377,1.0,83.3082,0.0
2023-06-18 00:00:00,28.387543,23.479767,1000.90564,2.4655457,2.0704262,0.99821854,74.780846,0.46263635
2023-06-18 06:00:00,27.885406,23.022003,1003.3706,0.60294515,0.9730253,1.0,74.900406,0.0
2023-06-18 12:00:00,28.56723,25.526825,1000.5494,0.7767621,2.006483,1.0,83.64874,0.0
2023-06-18 18:00:00,27.582245,24.511078,1002.6325,0.64048547,2.812151,0.99663144,83.38567,0.12499699
2023-06-19 00:00:00,26.707184,25.282074,1001.1987,2.1112764,2.467034,1.0,91.91173,0.98706925
2023-06-19 06:00:00,27.797821,25.15924,1002.0775,1.5892335,0.04799652,1.0000005,85.59013,0.0
2023-06-19 12:00:00,30.907013,24.829132,998.8,0.34519285,0.38389015,0.9358165,70.13218,0.0
2023-06-19 18:00:00,27.775116,25.105316,1001.0619,-0.43543625,0.77080077,0.8749716,85.42888,0.67114735
2023-06-20 00:00:00,26.83432,24.950714,1000.26685,-1.070981,1.367938,1.0000002,89.44361,0.0
2023-06-20 06:00:00,29.90921,25.111908,1001.16315,0.51284426,1.2161018,0.9999998,75.52066,0.18591161
2023-06-20 12:00:00,31.679901,25.9487,998.2575,-0.39259177,1.7329123,1.0,71.732796,0.3709145
2023-06-20 18:00:00,27.100037,25.30429,1001.0538,1.0993533,2.184132,0.90295416,89.93225,0.0
2023-06-21 00:00:00,27.372223,23.944672,999.9925,0.74516547,0.35170376,0.99905884,81.59796,0.0
2023-06-21 06:00:00,31.67691,24.56607,1002.10376,1.1311319,1.1051109,0.9982181,66.07828,0.0005662441
2023-06-21 12:00:00,30.988739,25.913605,999.2525,-0.79589266,2.0923612,1.0,74.455246,1.3568699
2023-06-21 18:00:00,27.060883,25.53598,1002.08563,1.4796312,1.9518828,0.9957889,91.389084,0.0
2023-06-22 00:00:00,28.0253,23.015167,1000.9869,2.049197,1.6642065,0.9789446,74.26098,0.0
2023-06-22 06:00:00,33.699127,24.938263,1001.385,2.6265354,0.8318041,0.9919573,60.2879,0.011442229
2023-06-22 12:00:00,33.633698,25.41153,999.0225,-0.43634033,0.43312716,0.7623421,62.238396,0.21183677
2023-06-22 18:00:00,27.40271,25.311981,1002.6756,0.65575224,2.7705503,0.9220143,88.39076,0.0
2023-06-23 00:00:00,27.237274,24.862244,1001.5,1.3871377,1.8378528,0.9899902,86.89201,0.0
2023-06-23 06:00:00,32.59305,24.837555,1002.0544,3.6892052,0.23485512,0.99046606,63.76704,0.0006677583
2023-06-23 12:00:00,34.823517,25.28897,999.3837,-0.28540188,-0.39670324,0.8590891,57.823097,0.005441718
2023-06-23 18:00:00,28.86203,25.667023,1002.21814,1.2851928,2.9831853,0.9899776,82.91773,0.0
2023-06-24 00:00:00,27.554535,22.960236,1000.57,2.427534,1.0074768,0.9906553,76.07757,0.05877018
2023-06-24 06:00:00,32.89273,23.561798,1001.02185,3.3081532,-0.19616628,0.74545664,58.08096,0.0
2023-06-24 12:00:00,34.08487,24.904083,998.58185,0.9433403,0.5799746,0.9549906,58.882668,0.08456409
2023-06-24 18:00:00,28.950348,24.94815,1001.65186,0.6054697,2.1338322,0.94849515,79.04133,0.0
2023-06-25 00:00:00,28.35202,22.11612,1000.22437,1.6815728,0.8599777,0.9895263,68.99063,0.0
2023-06-25 06:00:00,34.207916,23.860992,1001.4363,2.4502306,1.5008104,0.9363411,54.938126,0.0
2023-06-25 12:00:00,33.669586,23.68863,999.1194,0.14643383,3.4347105,0.9899782,56.03042,0.0007636845
2023-06-25 18:00:00,29.112335,25.029419,1002.2431,1.2962813,2.3014956,1.0,78.68422,0.0
2023-06-26 00:00:00,28.015228,21.83725,1001.20435,4.0125895,0.358963,0.9821954,69.17047,0.0
2023-06-26 06:00:00,33.131012,22.995697,1002.0569,3.698389,0.056602716,1.0,55.381947,0.017374754
2023-06-26 12:00:00,33.56949,23.866364,999.4313,1.9511733,-1.426157,0.9971177,56.950985,0.0
2023-06-26 18:00:00,29.320984,24.388702,1002.34314,1.6359004,2.5049,0.99999994,74.82116,0.0
2023-06-27 00:00:00,28.297089,21.462433,1000.9819,2.8146086,1.5268662,0.99999994,66.50261,0.0
2023-06-27 06:00:00,34.263824,23.033173,1002.4275,4.377721,1.055484,0.9259227,52.099693,0.0
2023-06-27 12:00:00,34.345245,22.130524,1000.04626,3.139004,1.09084,0.9999996,49.098213,0.016778708
2023-06-27 18:00:00,28.86203,20.14859,1003.85187,5.522002,0.39713955,0.98758173,59.35848,0.0
2023-06-28 00:00:00,28.156036,20.985992,1002.5569,3.1498413,1.8502452,0.9682208,65.11977,0.0
2023-06-28 06:00:00,34.029816,22.208221,1003.4625,4.287365,1.5796723,0.72674286,50.20604,0.0
2023-06-28 12:00:00,35.912018,22.312408,1000.3181,2.4482749,1.0745538,0.33050543,45.52034,0.0
2023-06-28 18:00:00,29.095978,24.056183,1004.6194,1.7525721,2.3574543,0.2781853,74.30391,0.09056333
2023-06-29 00:00:00,28.676971,22.752472,1002.53186,3.166274,0.7545562,0.19738126,70.37039,0.0
2023-06-29 06:00:00,35.09146,23.53067,1003.3656,4.1958685,0.6002636,0.7630884,51.27681,0.0
2023-06-29 12:00:00,33.12149,23.429596,1001.27814,2.4353564,2.3821654,0.55857044,56.88358,0.003480537
2023-06-29 18:00:00,26.951263,23.071503,1004.90564,4.2958937,0.93897396,0.99802095,79.34918,1.315778
2023-06-30 00:00:00,28.065765,21.722076,1003.21313,2.3503332,0.9344283,0.8357617,68.48353,0.0
2023-06-30 06:00:00,34.3378,23.085236,1004.1806,4.3164186,1.0424895,0.7152317,52.04917,0.0
2023-06-30 12:00:00,33.854156,24.209747,1000.1131,1.6649523,1.8702154,0.74354273,57.21928,1.3305247
2023-06-30 18:00:00,29.329803,25.959381,1003.28937,1.3785992,3.3535342,0.9551028,82.11478,0.0
2023-07-01 00:00:00,28.703278,23.078766,1002.3906,2.4846191,0.52969265,1.0000014,71.6653,0.0
2023-07-01 06:00:00,34.779938,23.913727,1003.3756,3.3261662,-0.4213493,1.0,53.386944,0.00038184226
2023-07-01 12:00:00,35.145782,24.555328,1000.6025,0.90571976,0.5817326,1.0,54.367268,0.94494784
2023-07-01 18:00:00,28.974548,25.241608,1003.5637,1.235004,2.8357441,1.0,80.32281,0.0
2023-07-02 00:00:00,28.74582,24.070343,1001.0156,2.8910084,1.3352766,1.0,75.890656,0.09688735
2023-07-02 06:00:00,33.08011,24.159454,1003.1025,2.8761215,-1.283061,1.0,59.575325,0.0
2023-07-02 12:00:00,33.191315,24.088104,1000.4338,-1.4706516,0.71291065,1.0,58.95142,0.0007599592
2023-07-02 18:00:00,28.304016,24.468903,1002.8787,1.323783,2.5677114,0.99999994,79.746124,0.15297231
2023-07-03 00:00:00,28.200043,23.84262,1000.47314,2.7712154,0.40926552,1.0,77.271324,0.0
2023-07-03 06:00:00,32.668243,23.560577,1001.71313,4.0823183,0.5001013,1.0,58.815426,0.008393079
2023-07-03 12:00:00,30.723297,25.109528,999.3056,1.1092741,2.9535246,1.0,72.06701,1.4095122
2023-07-03 18:00:00,27.746857,22.651276,1001.2925,4.8111925,0.82112026,0.9714354,73.8314,0.0
2023-07-04 00:00:00,27.119965,22.288116,999.3169,3.77695,1.2872797,1.0000005,74.92026,0.0
2023-07-04 06:00:00,34.16861,21.484772,1000.1213,5.904332,2.291421,1.0000001,47.666447,0.0048689544
2023-07-04 12:00:00,31.04898,21.553253,997.565,6.8933477,1.1848152,1.0,57.07104,0.19947381
2023-07-04 18:00:00,27.151276,22.067474,1000.4913,4.8696537,1.8699354,1.0,73.784615,0.16765516
2023-07-05 00:00:00,27.812347,21.696136,998.0069,4.8743753,2.1772304,0.99782187,69.393364,0.5070977
2023-07-05 06:00:00,31.648956,24.013824,999.0419,5.7473373,1.6167898,0.9982183,64.02834,0.05924213
2023-07-05 12:00:00,32.58304,23.216827,997.27313,2.6207771,0.38928437,1.0000001,57.8853,0.0
2023-07-05 18:00:00,27.889008,22.630463,1001.135,3.637806,2.8780022,0.9996034,73.12872,0.0
2023-07-06 00:00:00,28.522858,22.356354,1000.0538,3.4718075,2.3755226,1.0,69.31522,0.0
2023-07-06 06:00:00,31.936188,23.095917,1002.1669,4.4916153,1.98647,1.0,59.60346,0.26052007
2023-07-06 12:00:00,32.421417,22.803253,999.9775,3.585022,1.116546,1.0,56.971626,0.0
2023-07-06 18:00:00,28.951324,22.641144,1003.255,3.762661,1.218195,0.9999998,68.79406,0.0
2023-07-07 00:00:00,27.78415,22.990814,1002.9919,2.743597,1.4236627,0.9491248,75.20239,0.020891428
2023-07-07 06:00:00,33.288605,22.765717,1004.4506,5.0966387,1.6016045,0.9996035,54.134758,0.0
2023-07-07 12:00:00,33.32132,22.860016,1001.28564,3.3306458,1.4774435,1.0,54.345207,0.0
2023-07-07 18:00:00,29.41098,22.254059,1004.64374,3.1343567,1.3875738,1.0,65.43272,0.0
2023-07-08 00:00:00,28.703949,22.039825,1003.9925,2.9926298,1.4661226,0.98222595,67.28116,0.0
2023-07-08 06:00:00,34.18753,23.547089,1004.96686,4.0613537,0.09929061,0.8003849,53.970932,0.005912967
2023-07-08 12:00:00,33.88199,22.842194,1002.34314,3.5168662,0.6449931,0.9463855,52.60941,0.066745095
2023-07-08 18:00:00,28.159454,23.57077,1004.5094,2.805118,1.1891661,0.9568457,76.1969,0.0
2023-07-09 00:00:00,27.74704,23.321014,1002.9931,2.735262,0.4738798,0.9790701,76.88506,0.0
2023-07-09 06:00:00,35.283966,23.719269,1003.0006,3.8874626,0.028569221,0.9348898,51.313164,0.0
2023-07-09 12:00:00,35.34427,23.96048,999.9219,0.2707224,0.14247489,0.99711806,51.889687,0.46563148
2023-07-09 18:00:00,26.998444,24.67691,1003.9462,1.0906373,1.2199099,0.99866253,87.14853,0.3527552
2023-07-10 00:00:00,27.897736,24.163666,1002.3006,2.8104339,0.9309845,1.0,80.176346,0.0
2023-07-10 06:00:00,33.706207,24.462372,1002.5775,2.1178713,-0.47031498,1.0,58.574432,0.015449466
2023-07-10 12:00:00,30.915436,24.80307,1001.0719,0.46383,0.5754269,1.0,69.98946,0.80232626
2023-07-10 18:00:00,25.318512,23.944794,1004.15625,0.6568756,2.7397394,1.0,92.1152,0.0
2023-07-11 00:00:00,26.011078,24.741608,1001.53064,0.6232462,2.4102192,1.0,92.73011,0.17281213
2023-07-11 06:00:00,30.190277,25.221283,1002.8706,2.4965277,1.6438515,1.0,74.796844,0.0
2023-07-11 12:00:00,32.420807,24.1857,1000.495,1.6457236,0.7904781,1.0,61.926395,0.0
2023-07-11 18:00:00,28.256866,24.236969,1003.32874,1.0856535,2.7850795,1.0,78.86177,0.0011473894
2023-07-12 00:00:00,27.301422,22.196686,1001.3044,2.3003333,1.354559,0.99711895,73.71575,0.0
2023-07-12 06:00:00,32.09793,24.129913,1002.515,1.9196749,0.970673,1.0,62.85612,0.0
2023-07-12 12:00:00,34.079132,24.071198,999.54877,-0.35402107,0.774839,0.8968669,56.037323,0.19350648
2023-07-12 18:00:00,28.490204,25.844574,1003.0444,0.8398178,3.6413736,1.0000001,85.62256,0.0
2023-07-13 00:00:00,26.669525,24.72934,1001.7975,0.97536665,1.7138577,0.9785149,89.129654,0.0
2023-07-13 06:00:00,34.019318,23.502716,1002.7075,2.7847986,1.255376,0.68875414,54.3341,0.0029541552
2023-07-13 12:00:00,30.25821,25.216583,1000.84314,3.2196562,0.9958172,0.7546561,74.485085,1.7489456
2023-07-13 18:00:00,28.31601,23.515533,1003.64435,2.3629117,1.8118465,0.8223173,75.25471,0.0
2023-07-14 00:00:00,27.756927,22.628143,1003.2681,2.681717,0.82390594,0.8139512,73.68446,0.0
2023-07-14 06:00:00,34.33914,22.906647,1003.58936,4.031493,-0.002337873,0.6045037,51.48578,0.00038160942
2023-07-14 12:00:00,35.81253,23.313385,1000.4888,2.4969358,-0.028678834,0.8885406,48.63309,0.0
2023-07-14 18:00:00,30.077118,23.316437,1004.3187,1.7854018,2.1855805,0.92269623,67.15992,0.0
2023-07-15 00:00:00,28.779572,23.032013,1002.8156,3.0135355,0.9268265,0.43012315,71.1474,0.0
2023-07-15 06:00:00,35.552887,23.007843,1003.3544,4.268758,-0.50088215,0.6182955,48.43155,0.0
2023-07-15 12:00:00,36.970856,22.581696,999.4306,2.5784035,-0.13668817,0.9186374,43.661106,1.1641532e-07
2023-07-15 18:00:00,30.78476,23.909454,1003.2725,1.7896247,2.877314,0.9892666,66.83791,0.0
2023-07-16 00:00:00,29.156067,23.501373,1002.1838,1.6047606,1.9921455,0.985081,71.615105,0.0
2023-07-16 06:00:00,34.527496,23.666779,1002.9844,3.195057,0.18134564,0.97284514,53.342415,0.0
2023-07-16 12:00:00,32.938995,24.623566,999.655,1.3759375,0.42231888,0.966325,61.742413,0.33447146
2023-07-16 18:00:00,28.994843,24.552155,1002.8425,2.0488758,2.736039,0.9609987,76.99501,0.0
2023-07-17 00:00:00,28.417694,22.464752,1001.7,2.4459236,1.1461573,0.87988013,70.20118,0.0
2023-07-17 06:00:00,35.38553,23.068878,1001.7875,4.1832457,0.81834185,0.9790207,49.06208,0.00047674985
2023-07-17 12:00:00,34.31436,23.391022,999.1775,1.7763908,0.79351336,0.7209733,53.08889,0.052988615
2023-07-17 18:00:00,30.238007,22.729156,1002.26874,2.3763883,2.1702724,0.9999998,64.2194,0.0
2023-07-18 00:00:00,28.286774,21.720856,1001.22437,3.5415516,1.2415725,0.98464996,67.60273,0.0
2023-07-18 06:00:00,34.589264,21.392853,1001.985,5.707528,1.6258328,0.9961778,46.302017,0.0
2023-07-18 12:00:00,36.69925,18.511383,997.64435,5.5136275,1.322279,0.940137,34.47882,0.0
2023-07-18 18:00:00,29.897736,20.867462,1001.67126,5.206538,1.1809752,0.9937757,58.4486,0.0
2023-07-19 00:00:00,28.265656,21.834564,1000.0112,4.0775776,1.885911,0.9658025,68.157616,0.0
2023-07-19 06:00:00,34.89981,21.285675,1000.2681,6.6614122,1.0309346,0.8653937,45.2127,0.0
2023-07-19 12:00:00,34.407135,21.854523,997.2344,5.562894,1.1785834,0.98833555,48.112713,0.015927479
2023-07-19 18:00:00,29.645966,21.285187,1000.52374,5.015956,1.2293854,0.9130314,60.842545,0.0
2023-07-20 00:00:00,28.596588,21.606842,999.29626,3.3702374,1.656383,0.8102689,65.93515,0.0
2023-07-20 06:00:00,35.4368,20.5961,999.92377,7.5633183,1.2154503,0.8738661,42.067318,0.0
2023-07-20 12:00:00,36.22061,20.09488,996.65936,5.6723194,0.18846822,0.69316393,39.0619,0.0
2023-07-20 18:00:00,30.691498,20.475983,1001.16315,5.461482,1.1111212,0.8482124,54.51763,0.0
2023-07-21 00:00:00,28.503876,22.342499,999.8762,3.6213179,1.2997248,0.59238803,69.333244,0.0
2023-07-21 06:00:00,35.379913,21.266998,1000.5425,7.001995,0.46539146,0.9993351,43.97656,0.0
2023-07-21 12:00:00,35.768097,20.32779,998.6931,4.781501,0.9130081,0.9989379,40.627285,0.021740794
2023-07-21 18:00:00,30.130768,21.43692,1002.3594,5.60833,0.71904373,0.99960345,59.72243,0.0
2023-07-22 00:00:00,29.763153,22.362518,1001.5556,3.6662092,1.1656165,0.9971203,64.54251,0.0
2023-07-22 06:00:00,34.533478,21.66275,1002.6188,6.3592157,0.7450187,0.99999994,47.219345,9.49949e-05
2023-07-22 12:00:00,32.09659,22.775177,1000.7125,3.637525,0.010409355,0.9993351,57.928562,0.38714147
2023-07-22 18:00:00,29.119232,21.85904,1003.95935,4.8910866,0.5432148,1.0,64.96175,0.0
2023-07-23 00:00:00,28.913727,21.819366,1002.3225,3.6924706,0.7731261,0.99999994,65.57995,0.0
2023-07-23 06:00:00,34.613922,22.470123,1002.85565,5.039653,0.3192886,0.99569046,49.379776,0.0011447119
2023-07-23 12:00:00,30.454987,25.313507,1001.0731,2.530222,-0.94445896,1.0,74.07583,1.8915411
2023-07-23 18:00:00,28.826385,22.952301,1003.3688,4.281227,0.55109596,0.9989383,70.613106,0.0
2023-07-24 00:00:00,27.781952,23.009552,1001.0181,3.4764042,0.6909123,1.0,75.29739,0.09354675
2023-07-24 06:00:00,30.61258,22.703278,1002.65936,6.114374,0.9031489,0.9953746,62.75764,0.0
2023-07-24 12:00:00,31.424225,21.958282,1000.8194,3.2848353,-0.725578,1.0,57.264107,0.009823234
2023-07-24 18:00:00,27.709503,22.433136,1002.9294,4.050379,1.3167982,1.0,73.018936,0.031084646
2023-07-25 00:00:00,26.344513,23.395264,1001.0087,3.5408325,1.4577928,1.0,83.8604,0.15553832
2023-07-25 06:00:00,32.44046,22.858673,1002.5375,4.497101,0.7614651,1.0,57.101883,0.0
2023-07-25 12:00:00,28.996735,24.723907,1001.5513,1.924399,-1.150567,1.0,77.78114,0.74827224
2023-07-25 18:00:00,27.670074,22.53067,1003.4519,3.5069256,0.8694391,1.0,73.62239,0.0
2023-07-26 00:00:00,27.668976,21.92099,1002.3169,3.3945017,1.4086351,0.9999999,70.94456,0.00047730282
2023-07-26 06:00:00,33.152496,22.574738,1003.5712,5.2108374,0.89148176,1.0,53.921467,0.14360948
2023-07-26 12:00:00,31.418976,22.838287,1002.16376,3.3142872,-0.37962258,0.9999999,60.42928,0.0
2023-07-26 18:00:00,28.336456,22.411774,1004.1194,4.145418,1.1329889,1.0000002,70.30684,0.0
2023-07-27 00:00:00,28.436798,20.781036,1003.33685,3.0566072,1.0415368,0.9963461,63.26224,0.00086054206
2023-07-27 06:00:00,34.447296,21.107819,1003.97565,4.982851,1.0412014,0.62703514,45.86028,0.0
2023-07-27 12:00:00,35.84488,21.26297,1001.01935,3.6822245,-0.23532075,0.4573505,42.852276,0.030893832
2023-07-27 18:00:00,29.950836,21.562775,1004.1856,3.2928686,0.5685892,0.6305491,60.809563,0.0
2023-07-28 00:00:00,28.53006,22.362152,1003.51373,2.4090538,0.6047888,0.6032177,69.310684,0.008200528
2023-07-28 06:00:00,34.894196,21.779083,1003.0569,5.710024,-0.10329461,0.42799628,46.61321,0.0
2023-07-28 12:00:00,35.724762,22.795197,1000.2425,4.452297,0.017459214,0.92562604,47.360657,0.026330352
2023-07-28 18:00:00,31.239838,21.424591,1003.4325,3.2093463,1.4794102,0.7162664,56.01088,0.0
2023-07-29 00:00:00,28.804901,22.137482,1002.4412,2.9900846,0.12263012,0.7230481,67.287704,0.0
2023-07-29 06:00:00,35.502594,20.921417,1002.71564,5.4081316,-1.6484413,0.95380557,42.76254,0.0
2023-07-29 12:00:00,36.722443,20.612701,1000.07,4.142356,-2.1611433,0.68604016,39.236435,0.0
2023-07-29 18:00:00,31.484283,21.286407,1003.6138,3.4215422,0.8883028,0.2794665,54.771595,0.0
2023-07-30 00:00:00,29.02182,22.098541,1002.0144,3.1250267,0.016788483,0.108750895,66.29014,0.0
2023-07-30 06:00:00,36.43985,20.628143,1002.1219,5.006315,-1.4021616,0.99643725,39.88654,0.0
2023-07-30 12:00:00,37.31436,20.743073,999.2294,3.3781943,-0.8720045,1.0,38.294563,0.0
2023-07-30 18:00:00,31.635773,20.928741,1002.58,3.1393597,2.1648316,0.9873543,53.12291,0.0
2023-07-31 00:00:00,29.277496,22.123688,1001.39624,2.787571,0.37623596,1.0000002,65.41754,0.0
2023-07-31 06:00:00,36.52774,21.715546,1001.8656,4.9619684,-1.0543814,1.0000001,42.43384,0.0
2023-07-31 12:00:00,36.941315,21.5242,999.2656,3.8119793,-1.2305031,1.0,41.001617,0.0
2023-07-31 18:00:00,31.656708,21.409088,1002.9313,2.9734988,2.4783287,1.0,54.64707,0.0
2023-08-01 00:00:00,29.179169,22.75589,1001.6575,3.7669764,-0.043192863,1.0000002,68.367424,0.0
2023-08-01 06:00:00,35.66092,22.095428,1002.03186,5.226386,-0.728075,1.0,45.54877,0.0
2023-08-01 12:00:00,36.059967,21.785553,1000.3856,4.137359,-0.78580475,1.0,43.724274,0.015847385
2023-08-01 18:00:00,31.263641,20.562897,1003.08875,3.6743555,1.1733103,1.0,53.050465,0.0
2023-08-02 00:00:00,28.738373,21.341827,1002.71375,3.2296324,0.46525002,1.0,64.3425,0.0
2023-08-02 06:00:00,36.037262,19.896027,1003.715,4.513175,0.602325,1.0,38.974754,0.0
2023-08-02 12:00:00,37.42154,18.81314,1000.5325,4.6713743,-0.35742575,0.99283355,33.777092,0.0
2023-08-02 18:00:00,31.381561,19.990631,1003.27875,3.7717981,1.1196947,1.0,50.865154,0.0
2023-08-03 00:00:00,29.00418,21.151276,1002.5069,3.731244,0.5509882,0.9990608,62.62309,0.0
2023-08-03 06:00:00,36.505524,20.432098,1002.47815,4.751891,0.49897015,0.6897278,39.265644,0.0
2023-08-03 12:00:00,38.012115,20.179474,999.6906,3.6474562,-0.075639725,0.51139873,35.609215,0.0282228
2023-08-03 18:00:00,31.08603,22.636993,1004.0656,2.1406991,2.3902647,0.0040334435,60.838543,0.0
2023-08-04 00:00:00,29.010956,22.52481,1003.72,2.1134243,0.7742672,0.15068024,68.074486,0.0
2023-08-04 06:00:00,37.019684,20.111603,1004.75,4.047162,0.2379297,0.4992987,37.42791,0.0
2023-08-04 12:00:00,36.530792,21.23172,1001.905,1.7771931,0.7661037,0.9530334,41.188473,0.06847456
2023-08-04 18:00:00,31.32901,22.323639,1005.6169,1.9366014,2.718191,0.95198387,58.870827,0.0
2023-08-05 00:00:00,29.743011,22.794342,1005.3781,2.2671618,0.8688259,0.8070743,66.33392,0.0
2023-08-05 06:00:00,36.405914,21.242706,1005.6231,4.216121,-0.6869745,0.32925504,41.499413,0.0
2023-08-05 12:00:00,37.2211,21.485626,1002.40125,1.3261604,0.02541542,0.53417116,40.284912,0.0
2023-08-05 18:00:00,31.77774,21.9357,1005.8475,1.1852657,3.482065,0.845406,56.048637,0.0
2023-08-06 00:00:00,30.265717,21.577423,1005.35876,2.3265386,1.1556549,0.86590564,59.773666,0.00095472205
2023-08-06 06:00:00,36.648346,22.11795,1004.53937,3.5566888,0.24822044,0.96752244,43.202286,0.0
2023-08-06 12:00:00,38.69034,20.95108,1000.455,1.5319872,0.06742382,0.8337324,35.998577,0.073596835
2023-08-06 18:00:00,30.369415,22.941193,1003.97815,1.6957974,3.1316345,0.41853344,64.56165,0.0
2023-08-07 00:00:00,29.70401,21.955719,1003.4356,0.9883627,1.1985168,0.8738051,63.177753,0.0
2023-08-07 06:00:00,35.945953,22.77359,1002.4313,2.6495414,0.023854494,0.9746234,46.72592,0.0
2023-08-07 12:00:00,37.276276,22.159943,999.33435,0.2621832,0.8626353,0.7207335,41.852154,0.0
2023-08-07 18:00:00,30.368256,23.57608,1003.1287,1.0589693,3.7553225,0.8107573,67.09013,0.007722527
2023-08-08 00:00:00,29.186218,22.003326,1002.0062,1.3914784,1.5213089,0.96291864,65.28281,0.0
2023-08-08 06:00:00,34.785797,22.73648,1003.035,1.8283966,-0.28343296,0.9867396,49.707977,0.0
2023-08-08 12:00:00,35.381256,22.725616,1000.66626,-0.1483221,0.9205596,0.98923403,48.063904,0.027965754
2023-08-08 18:00:00,29.068756,23.964142,1004.5156,0.7742125,2.732644,1.0,74.010704,0.0
2023-08-09 00:00:00,28.716125,22.862091,1003.8375,1.349199,0.8577977,0.9684833,70.67875,0.0
2023-08-09 06:00:00,36.000763,22.739777,1004.8113,2.1401262,-1.619688,0.63734406,46.489815,0.0005722977
2023-08-09 12:00:00,33.498688,24.306671,1002.35876,-2.3780546,2.7878032,0.99933493,58.70868,0.28213254
2023-08-09 18:00:00,26.741913,24.137604,1006.02,0.5880247,1.3596115,0.9884105,85.661224,0.0
2023-08-10 00:00:00,25.36905,24.15387,1005.59064,1.6192489,1.8880181,0.99854183,92.99906,0.0
2023-08-10 06:00:00,32.31961,24.82956,1005.3325,2.2690494,-0.21277618,1.0,64.72784,0.05359389
2023-08-10 12:00:00,30.838043,24.141449,1003.01373,-1.0646429,1.6788589,0.8990187,67.56973,0.2521556
2023-08-10 18:00:00,26.773834,24.621368,1006.4412,0.45395586,-0.8861656,0.9885268,88.01427,0.15788066
2023-08-11 00:00:00,26.366669,24.89975,1004.15936,0.4384805,0.68117917,0.9395805,91.66314,0.0
2023-08-11 06:00:00,32.148956,25.52353,1004.7294,1.5875034,-0.98093414,0.97984666,68.112465,0.06514345
2023-08-11 12:00:00,30.926361,24.731598,1001.78625,-2.1318445,1.1860617,0.98513716,69.64791,0.35860085
2023-08-11 18:00:00,25.685577,23.850006,1006.65436,2.2848012,1.7542533,0.96539646,89.616394,0.0
2023-08-12 00:00:00,26.208038,24.071991,1003.0419,2.1200972,0.14668685,0.9317265,88.053566,0.0
2023-08-12 06:00:00,33.60501,25.298767,1004.09625,3.2809935,0.02467537,0.5333431,61.921818,0.022031367
2023-08-12 12:00:00,32.813995,24.306305,1000.6831,1.1089544,-0.47554612,0.5494108,61.008484,0.26214123
2023-08-12 18:00:00,25.598541,23.969635,1005.425,-0.8948326,1.6529447,0.9971175,90.730515,1.09303
2023-08-13 00:00:00,26.70523,24.957733,1003.0044,1.0928164,1.7090826,0.98486507,90.163345,0.0
2023-08-13 06:00:00,33.23697,24.581207,1003.97687,3.2025242,0.2417199,0.99487317,60.56383,0.0003813766
2023-08-13 12:00:00,33.847565,24.836823,1000.54376,0.7309668,0.6543075,0.9896247,59.428883,0.0011385418
2023-08-13 18:00:00,28.689331,25.5961,1003.7612,1.3512304,2.5292673,0.34128076,83.40035,0.030227005
2023-08-14 00:00:00,27.69107,22.985016,1003.2519,1.1051655,1.9778337,0.86220306,75.585915,0.0
2023-08-14 06:00:00,32.802032,24.52243,1004.40314,1.6806698,0.4698971,0.88337165,61.844856,0.012299977
2023-08-14 12:00:00,32.231598,24.574615,1001.9331,-1.006628,0.43909776,0.4909519,64.0671,0.028179027
2023-08-14 18:00:00,27.776001,24.223236,1005.0725,0.98576635,2.033719,0.47446853,81.037224,0.0
2023-08-15 00:00:00,27.187897,24.440826,1003.7325,0.5450539,2.4106414,0.62100595,84.97613,0.0
2023-08-15 06:00:00,33.289825,23.81253,1004.6294,2.402421,0.9313248,0.5146258,57.6636,0.007722527
2023-08-15 12:00:00,33.49295,24.319977,1001.8762,-0.4294052,3.0663414,0.39320678,58.7744,0.0
2023-08-15 18:00:00,28.562714,23.873901,1005.4469,1.2627699,2.7085743,0.95875883,75.801384,0.0
2023-08-16 00:00:00,27.523346,23.391144,1004.34186,1.6895685,1.7114116,0.26362026,78.22767,0.0
2023-08-16 06:00:00,33.76956,22.252838,1004.70435,2.5130205,1.0311642,0.40161005,51.079685,0.0
2023-08-16 12:00:00,34.062042,23.514984,1000.84375,0.13322258,2.1718462,1.0000033,54.24484,0.0
2023-08-16 18:00:00,27.661957,23.357819,1004.9963,1.6314368,3.738556,0.86990136,77.44015,0.0
2023-08-17 00:00:00,27.236633,23.740936,1003.72876,1.6702127,2.2011595,0.96320873,81.24737,0.0
2023-08-17 06:00:00,34.29129,22.398773,1003.8156,3.6099281,0.025271535,0.76658595,50.05649,0.0
2023-08-17 12:00:00,34.797516,24.289581,1000.78375,0.48625278,2.2898479,0.9971188,54.551823,0.0
2023-08-17 18:00:00,28.797516,23.800446,1003.71686,2.1073723,3.5254025,1.0,74.44611,0.0
2023-08-18 00:00:00,28.511871,21.776886,1002.4975,2.966239,1.0204859,0.9996034,66.95261,0.0
2023-08-18 06:00:00,34.071686,22.058014,1002.9469,4.2200766,0.5748201,1.0,49.63265,0.0
2023-08-18 12:00:00,34.919098,22.051544,999.71814,1.90151,0.48548836,0.99243706,47.329227,0.009916723
2023-08-18 18:00:00,29.963104,23.276398,1003.29565,2.6716442,2.3055341,1.0,67.43802,0.0
2023-08-19 00:00:00,28.461884,21.218048,1001.8694,3.045848,1.5045457,0.9915053,64.889244,0.0
2023-08-19 06:00:00,33.98819,21.764618,1002.53625,4.283247,0.96357286,0.9992125,48.979637,0.0
2023-08-19 12:00:00,35.70523,21.413483,999.02185,3.6098886,-0.064657986,0.32800186,43.583477,0.0
2023-08-19 18:00:00,29.40274,22.24881,1002.69,2.4913895,1.8202848,0.43054193,65.442924,0.0
2023-08-20 00:00:00,28.12912,22.037262,1002.2019,2.270237,0.5885927,0.6175483,69.55649,0.0
2023-08-20 06:00:00,34.163727,22.033173,1002.71313,2.9074776,0.19576216,0.01738676,49.303844,0.0
2023-08-20 12:00:00,34.78006,22.55252,998.9319,1.5299749,-0.1825906,0.68439573,49.17181,0.0
2023-08-20 18:00:00,30.536469,22.574005,1001.97314,1.5415308,3.4057436,0.5358527,62.538986,0.0046719797
2023-08-21 00:00:00,29.06012,21.568634,1001.58563,1.706535,1.4928293,0.54577214,64.03761,0.0
2023-08-21 06:00:00,34.322052,23.640106,1002.66064,1.9194548,-0.18983746,0.5874171,53.86908,1.09139364e-07
2023-08-21 12:00:00,36.50992,23.612701,998.52814,-0.90415955,-0.7432432,0.257871,47.657265,0.008306124
2023-08-21 18:00:00,30.262543,24.46109,1002.17065,0.06105423,2.7218657,0.78142077,71.18286,0.0
2023-08-22 00:00:00,28.353119,24.121124,1001.2475,0.3961959,2.3226087,0.5145866,77.87829,0.010684133
2023-08-22 06:00:00,33.34073,24.148834,1002.59875,1.414042,1.082288,0.8818354,58.67275,0.0
2023-08-22 12:00:00,34.411163,24.572174,999.5075,-1.735796,1.6130152,0.10062651,56.686752,0.033783726
2023-08-22 18:00:00,27.268219,25.064636,1004.6294,1.9046767,0.661898,0.84272087,87.78775,0.10150671
2023-08-23 00:00:00,26.654755,23.520355,1002.6119,1.2505698,0.98461866,0.91937184,82.96395,0.0
2023-08-23 06:00:00,33.85269,23.710175,1002.6969,2.1599832,-0.26246423,0.9006311,55.531746,0.0
2023-08-23 12:00:00,34.21866,24.637604,998.89435,-0.82368755,1.4663199,0.41348308,57.522297,0.597018
2023-08-23 18:00:00,29.631866,26.066193,1003.0375,0.67652255,2.9259205,0.5829644,81.20821,0.0
2023-08-24 00:00:00,27.582245,24.841766,1002.2388,0.12321478,2.3298118,0.9491162,85.0501,0.0
2023-08-24 06:00:00,33.801178,22.792145,1002.39374,2.3227353,-0.019522429,0.57670003,52.687435,0.0
2023-08-24 12:00:00,34.71988,23.988556,999.3281,0.147995,1.0687052,0.87245226,53.806625,0.0
2023-08-24 18:00:00,28.972809,24.410065,1002.96185,1.1735618,3.4528437,0.9745839,76.440414,0.0
2023-08-25 00:00:00,27.874176,23.553009,1001.8875,1.7061275,1.1106873,0.9919929,77.39196,0.0
2023-08-25 06:00:00,34.36685,21.936676,1002.4263,2.4666424,0.90545386,0.9761861,48.463074,0.0
2023-08-25 12:00:00,35.3732,23.197052,1000.0075,0.2258091,1.48318,0.41303384,49.47747,0.0
2023-08-25 18:00:00,28.867126,24.272552,1004.16315,1.3458543,3.5836744,0.17840597,76.27862,0.0
2023-08-26 00:00:00,27.972443,24.912018,1002.91815,0.6530013,1.840752,0.9809454,83.483,0.0
2023-08-26 06:00:00,34.50125,22.818085,1003.33374,1.8947902,1.082036,0.9971191,50.750416,0.0
2023-08-26 12:00:00,34.97708,23.138702,1000.3075,-0.5735493,2.0282958,0.8600278,50.395996,0.0
2023-08-26 18:00:00,29.154999,23.048859,1004.8281,1.4420482,3.3663073,0.17361525,69.688644,0.00019045547
2023-08-27 00:00:00,27.407623,23.654755,1003.7706,0.31747264,2.0484083,0.31825495,80.02103,0.0
2023-08-27 06:00:00,33.96109,23.780975,1004.27374,1.9086589,-1.2516155,0.9609283,55.432278,0.0007627532
2023-08-27 12:00:00,34.40213,23.875885,1001.26874,0.049723625,-0.32417792,0.8515832,54.395847,0.0024782494
2023-08-27 18:00:00,29.651733,24.389435,1004.795,1.0264593,3.5059433,0.9080306,73.41062,0.34371763
2023-08-28 00:00:00,27.800293,23.914581,1002.8119,0.9210577,1.6446943,0.88664186,79.436554,0.0
2023-08-28 06:00:00,34.792633,22.235016,1003.9356,2.3706021,-0.5916359,0.8266858,48.19805,0.00085815554
2023-08-28 12:00:00,34.411285,23.594147,1000.83374,-1.1175728,1.4891353,0.7338593,53.453953,0.04110538
2023-08-28 18:00:00,29.140259,23.896027,1003.6575,0.46304107,3.3355312,0.9918992,73.404144,0.0
2023-08-29 00:00:00,27.799652,23.361847,1001.64624,1.55654,1.7110521,1.0000001,76.83833,0.0
2023-08-29 06:00:00,34.692657,23.532623,1003.0031,1.5624136,-1.6946535,0.8919555,52.42961,0.016020145
2023-08-29 12:00:00,32.45645,25.130585,1000.0094,-0.9687399,3.3557386,0.9999997,65.392975,0.0
2023-08-29 18:00:00,26.226349,24.099213,1004.5444,1.7607696,1.7719975,1.0,88.10221,0.37511572
2023-08-30 00:00:00,26.642212,24.452911,1002.1794,2.8450212,0.38280106,1.0,87.80942,0.0
2023-08-30 06:00:00,32.9086,25.194733,1002.9338,3.3016558,-0.80030537,0.57938296,63.992012,0.0
2023-08-30 12:00:00,31.358917,24.79953,1000.8106,0.022662759,1.5226635,0.9699591,68.2285,0.05212426
2023-08-30 18:00:00,27.70227,23.645294,1004.22,2.2343178,0.36615217,0.9990599,78.608696,0.18438697
2023-08-31 00:00:00,26.594208,22.955902,1002.1337,1.9363937,0.73002726,0.771369,80.46902,0.0
2023-08-31 06:00:00,33.572052,24.960846,1002.9994,2.220316,0.42265028,0.5113565,60.79998,0.09526126
2023-08-31 12:00:00,31.489227,24.248688,1000.9956,-1.1072655,1.0484751,0.6525608,65.52904,0.0
2023-08-31 18:00:00,26.380157,24.414886,1004.26874,2.629788,-0.10305023,0.8472343,88.97377,0.031094998
2023-09-01 00:00:00,26.12918,24.120392,1002.54626,0.9361905,0.32806587,0.3562094,88.72232,0.0
2023-09-01 06:00:00,34.103058,24.804596,1003.6725,1.3347135,1.221317,0.20738137,58.474712,0.012680888
2023-09-01 12:00:00,32.38394,26.394623,1000.65936,-0.28049755,2.9091196,0.5293547,70.770805,1.5699416
2023-09-01 18:00:00,28.053223,24.708893,1004.7294,1.4105997,2.5065746,0.94162256,82.08909,0.0
2023-09-02 00:00:00,27.36264,24.791534,1002.3131,1.1140145,2.0501394,0.9716052,85.8925,0.0
2023-09-02 06:00:00,34.506744,24.21521,1003.4481,3.250533,1.6438668,0.5213709,55.193455,0.0065788627
2023-09-02 12:00:00,31.344452,25.810852,999.8781,1.3433604,3.3964052,0.40290007,72.51881,0.8706823
2023-09-02 18:00:00,27.554413,24.849976,1003.6906,2.352994,2.6528802,0.28883392,85.23045,0.0
2023-09-03 00:00:00,27.325714,22.99112,1001.8075,1.7776114,1.8942772,0.39035302,77.24797,0.0
2023-09-03 06:00:00,33.542023,24.409698,1002.0925,2.5336714,2.2958145,0.94961506,58.928974,0.0059138983
2023-09-03 12:00:00,31.29654,25.42575,998.6744,0.56063235,2.8409815,0.61766267,71.0737,0.62768346
2023-09-03 18:00:00,27.06247,24.489624,1000.9525,1.7347088,1.365623,1.0000007,85.85441,0.0
2023-09-04 00:00:00,27.39975,22.69162,999.1875,3.2280054,0.94641954,0.99960333,75.53041,0.0
2023-09-04 06:00:00,33.024933,23.707123,1000.34125,4.461355,0.900968,0.94970226,58.157635,0.0
2023-09-04 12:00:00,31.103668,24.4133,998.16626,2.8121126,1.4668667,1.0,67.6469,1.2380779
2023-09-04 18:00:00,28.623016,22.598297,1000.45435,4.192665,1.1681601,1.0,69.93383,0.0
2023-09-05 00:00:00,28.198029,22.699005,999.3244,3.762869,1.439517,0.9999999,72.12256,0.0
2023-09-05 06:00:00,28.564789,22.795929,1001.2225,3.6158457,2.0869863,1.0000001,71.01693,0.0007627532
2023-09-05 12:00:00,32.479767,22.700958,998.1319,2.014579,2.4886026,0.9942325,56.433193,0.0
2023-09-05 18:00:00,28.644989,21.629913,1001.39185,3.9029646,1.0096283,0.98758274,65.843025,0.0024735928
2023-09-06 00:00:00,27.485748,22.010345,1000.48065,2.6937015,2.3999062,1.0000002,72.100876,0.058716506
2023-09-06 06:00:00,33.419586,23.407532,1002.06,3.4441643,2.7462215,0.94629955,55.865723,0.0
2023-09-06 12:00:00,32.455597,25.086395,999.71625,1.1145353,3.244298,0.97243804,65.224205,1.4329547
2023-09-06 18:00:00,28.094116,24.722382,1002.60626,1.5213165,2.1945686,1.0000002,81.95973,0.0
2023-09-07 00:00:00,27.484589,23.154083,1001.65125,2.2764978,2.5464382,0.9990591,77.290695,0.0
2023-09-07 06:00:00,32.78824,23.378082,1002.9475,4.0320034,2.315606,0.99733067,57.779797,0.0117290765
2023-09-07 12:00:00,31.984772,24.31894,999.8856,1.7992098,3.123725,0.72184753,63.981236,0.5559456
2023-09-07 18:00:00,27.158112,24.067413,1003.7469,3.5017834,2.2504637,0.99711865,83.24016,0.0
2023-09-08 00:00:00,27.652374,22.748993,1003.12,1.3025463,2.1991992,0.9999991,74.68154,0.00017881393
2023-09-08 06:00:00,33.787384,22.615997,1004.01874,4.1370163,2.5684977,0.8144712,52.1677,0.002110377
2023-09-08 12:00:00,33.223785,22.640411,1000.6475,2.3817012,1.7731227,0.4038027,53.920616,0.0
2023-09-08 18:00:00,29.138275,21.992096,1003.7425,3.9010468,1.473965,0.7468368,65.41921,0.0
2023-09-09 00:00:00,28.377747,23.39566,1002.4844,1.8087313,2.3382072,0.5052376,74.444786,0.0
2023-09-09 06:00:00,34.269073,23.133942,1002.6206,3.582014,1.50213,0.3726923,52.40287,0.0
2023-09-09 12:00:00,34.06424,23.206207,1000.16437,1.1375856,2.889927,0.99140495,53.23671,0.012397766
2023-09-09 18:00:00,28.797943,23.791718,1002.64124,2.044427,3.0465775,0.9136749,74.40519,0.0
2023-09-10 00:00:00,28.52652,23.090912,1001.26624,2.9612904,1.9083773,0.936382,72.4576,0.0
2023-09-10 06:00:00,33.85965,23.450897,1001.9913,4.071763,1.3891673,0.9077168,54.64962,0.0007627532
2023-09-10 12:00:00,35.20169,23.182404,998.72626,1.9596877,1.1626232,0.9635425,49.904728,0.11451263
2023-09-10 18:00:00,29.142487,23.834137,1002.13873,2.5201912,2.4413996,0.86994416,73.12207,0.0
2023-09-11 00:00:00,28.446564,22.65982,1000.8544,3.5749226,0.7917484,0.50613517,70.91855,0.0
2023-09-11 06:00:00,34.559113,23.124603,1002.2625,4.9034357,1.4293199,0.914205,51.534836,0.0036247075
2023-09-11 12:00:00,32.77591,24.127838,999.4456,3.6025507,1.0244962,0.99269694,60.488552,0.19205734
2023-09-11 18:00:00,30.08731,22.276733,1002.7587,3.4244013,1.2892663,0.9975531,63.021122,0.0
2023-09-12 00:00:00,28.798492,22.362335,1001.2544,3.6466684,0.73672926,0.9639103,68.240234,0.0
2023-09-12 06:00:00,35.450836,22.58133,1002.6225,2.5690393,0.20737463,0.8980958,47.462143,0.0
2023-09-12 12:00:00,31.302643,25.336273,999.855,-0.32090092,2.469306,1.0000008,70.67204,0.6429912
2023-09-12 18:00:00,27.436676,25.318817,1003.89874,0.625674,2.299143,1.0000004,88.25101,0.0
2023-09-13 00:00:00,27.674225,24.305939,1001.6675,1.8050785,1.542134,1.0000001,81.92576,0.0
2023-09-13 06:00:00,34.477448,23.33487,1003.03625,3.2894516,0.64386994,0.9818271,52.431232,0.0017164275
2023-09-13 12:00:00,32.677765,23.8367,1000.02814,1.686183,1.6498959,0.9263207,59.76927,0.44680852
2023-09-13 18:00:00,28.75,24.176544,1003.3187,1.9883502,2.9518554,1.0,76.35734,0.0
2023-09-14 00:00:00,28.257202,21.512604,1002.0563,2.3276186,1.4063773,0.9718203,66.86216,0.0
2023-09-14 06:00:00,34.360382,22.480438,1002.70624,3.0534105,1.6550115,1.0,50.112408,0.0
2023-09-14 12:00:00,30.86966,25.762543,1000.6856,0.5492116,3.530922,0.96101874,74.29497,0.043287873
2023-09-14 18:00:00,28.724152,24.601349,1003.265,1.4706125,2.4651523,0.53173983,78.44261,0.0
2023-09-15 00:00:00,27.841583,22.714508,1002.445,1.8077917,2.4597569,0.54488057,73.70631,0.0
2023-09-15 06:00:00,34.26712,23.29599,1003.7706,3.5974455,3.2467804,0.3579026,52.924274,0.0
2023-09-15 12:00:00,31.156036,25.99881,1000.9025,2.3642633,2.9778528,0.6252166,74.12143,1.9853115
2023-09-15 18:00:00,28.464874,24.818756,1004.255,2.1004622,3.2797523,0.49519604,80.67348,0.0
2023-09-16 00:00:00,28.283783,23.825409,1003.23,1.740475,1.419974,0.6403673,76.81606,0.0
2023-09-16 06:00:00,34.37027,22.97165,1003.88873,4.3424826,2.7983265,0.9246731,51.59932,0.013917685
2023-09-16 12:00:00,33.355865,23.344635,1000.8225,2.0353787,1.9361051,0.45605505,55.853195,0.0
2023-09-16 18:00:00,27.011047,24.37143,1004.22186,1.9083452,2.5118818,0.964068,85.50673,0.03480246
2023-09-17 00:00:00,28.03592,23.009125,1002.7919,1.1032376,1.7351007,1.0,74.18789,0.0
2023-09-17 06:00:00,32.279694,23.624634,1004.0062,1.1940916,0.7939572,0.9911155,60.351765,0.0
2023-09-17 12:00:00,32.142,24.770416,999.6069,0.61851597,2.7735882,0.6065443,65.15054,1.2328625
2023-09-17 18:00:00,25.859772,24.502594,1003.73,1.347755,1.6058543,0.9999997,92.236984,0.0
2023-09-18 00:00:00,26.26181,24.269379,1001.8206,1.9928793,2.2593722,1.0,88.81988,0.0
2023-09-18 06:00:00,30.854156,25.218903,1003.84564,3.3410683,2.7813873,0.8701716,71.99768,0.0
2023-09-18 12:00:00,30.881989,24.443695,1000.73126,1.2122025,2.8787603,0.9942619,68.632545,1.3643504
2023-09-18 18:00:00,26.601349,24.684174,1004.7512,1.7784653,2.645072,1.0,89.247116,0.0
2023-09-19 00:00:00,25.85849,24.263,1002.97,1.6041299,2.676485,0.9301068,90.92964,0.0124033755
2023-09-19 06:00:00,31.501007,24.80838,1004.51624,3.0234547,1.5296742,0.98376924,67.715256,0.0
2023-09-19 12:00:00,32.00235,24.880219,1001.3869,1.0374315,0.87249273,0.9971197,66.09938,0.43749723
2023-09-19 18:00:00,26.091705,24.601898,1005.1844,2.041839,2.3064008,1.0,91.52144,0.0
2023-09-20 00:00:00,26.261688,23.67035,1004.1356,1.8355279,2.6117878,0.97360086,85.68059,0.0
2023-09-20 06:00:00,34.35367,23.79715,1004.47314,3.1474695,1.3175182,0.729326,54.28509,0.0030510128
2023-09-20 12:00:00,33.75357,23.17398,1000.96625,-0.22749996,1.3131316,0.92417127,54.06304,0.039670616
2023-09-20 18:00:00,28.932007,25.247833,1005.1106,1.0272834,3.7375736,0.6252935,80.55075,0.0
2023-09-21 00:00:00,27.011444,25.314728,1003.9369,0.44289958,1.9441946,0.97030497,90.457466,0.0
2023-09-21 06:00:00,33.697662,23.898407,1004.77435,1.2289759,0.16668707,1.0,56.653,0.00076321885
2023-09-21 12:00:00,31.931793,25.253082,1001.7225,-1.670681,1.8587096,0.8570456,67.85516,0.31427714
2023-09-21 18:00:00,28.14981,25.619324,1004.6925,0.41791785,1.6306622,0.59022844,86.176155,0.0
2023-09-22 00:00:00,27.132385,25.472534,1003.9675,0.6634931,0.7234729,0.7095335,90.66398,0.0
2023-09-22 06:00:00,34.147125,24.59439,1004.6138,1.3828853,1.1246743,0.8048336,57.603085,0.017261133
2023-09-22 12:00:00,31.163483,24.546356,1001.49,-0.54538536,2.5735874,0.8961308,67.955765,0.1384411
2023-09-22 18:00:00,28.392822,24.684753,1004.4794,0.312271,2.7828455,0.91711473,80.366196,0.0
2023-09-23 00:00:00,28.176208,24.526184,1003.65186,0.9118304,1.6793829,0.17904502,80.617485,0.0
2023-09-23 06:00:00,34.089264,24.553741,1004.3831,2.26579,0.85061276,0.14423206,57.648903,0.013061496
2023-09-23 12:00:00,32.49466,25.402496,1001.2725,0.6072338,2.2012296,0.42459938,66.3165,0.68323994
2023-09-23 18:00:00,27.979126,24.91565,1005.0756,1.4400269,2.7953157,0.9174715,83.46856,0.0
2023-09-24 00:00:00,27.4328,23.645294,1004.02625,2.022684,-0.09931278,0.9033824,79.85762,0.0
2023-09-24 06:00:00,34.11856,24.470917,1004.1881,3.30305,0.04966259,0.8107773,57.27025,0.007726252
2023-09-24 12:00:00,34.586456,24.2388,1000.9919,1.989855,1.2989721,0.64242595,55.027187,1.3349876
2023-09-24 18:00:00,28.053558,25.249084,1004.09564,0.69377524,1.5792594,0.6315085,84.77481,0.0
2023-09-25 00:00:00,26.309174,23.499786,1003.27185,0.92548585,-0.30191326,0.966668,84.56703,0.0
2023-09-25 06:00:00,32.18814,24.072662,1003.515,2.6847906,-0.063185155,0.93300045,62.321663,0.003432855
2023-09-25 12:00:00,32.47,24.946503,999.4475,1.640933,0.21278274,0.6643579,64.62997,0.19820966
2023-09-25 18:00:00,28.12967,24.925323,1003.65625,1.287633,0.7523498,0.8864447,82.787125,0.26142597
2023-09-26 00:00:00,26.711151,24.031342,1002.5144,1.4705734,0.50235176,0.9469646,85.270805,0.0
2023-09-26 06:00:00,31.209747,24.717194,1003.7725,0.92588717,1.2292404,0.99536145,68.47274,0.046913512
2023-09-26 12:00:00,31.089386,25.891388,1000.6131,-1.2536192,2.050209,0.98669094,73.93181,0.0
2023-09-26 18:00:00,27.778748,24.852936,1003.58685,0.8027296,2.964351,0.98185974,84.13493,0.0
2023-09-27 00:00:00,27.237823,23.701385,1002.3812,1.713968,0.9555664,0.9808133,81.048515,9.685755e-05
2023-09-27 06:00:00,34.305817,24.028961,1002.77124,2.6358385,0.22651279,0.2758056,55.193638,0.0035265693
2023-09-27 12:00:00,29.375946,24.95102,1000.45874,1.4917605,1.7422419,0.84935695,77.13347,1.7513757
2023-09-27 18:00:00,26.693756,24.62857,1003.54065,1.5441704,1.8514447,0.9426118,88.46818,0.0
2023-09-28 00:00:00,26.58017,23.597748,1001.79376,2.3666513,1.3402085,0.99425757,83.71887,0.0009536743
2023-09-28 06:00:00,33.392365,23.659515,1003.8269,3.493535,1.6357582,0.9770209,56.807373,0.0001899898
2023-09-28 12:00:00,30.58487,26.331482,1000.47064,2.0260296,1.560255,0.92758715,78.09908,0.604771
2023-09-28 18:00:00,27.316864,25.219635,1003.8006,2.3434267,1.7246361,0.71787256,88.34964,0.0
2023-09-29 00:00:00,27.336823,22.091034,1002.1912,2.4784946,2.2908585,0.79247296,73.09109,0.0
2023-09-29 06:00:00,33.745026,23.168793,1003.9487,4.47871,2.4051342,0.15104699,54.07191,0.0
2023-09-29 12:00:00,31.683136,23.508636,1001.3331,2.7505693,2.8538036,0.59692776,61.990726,0.30446061
2023-09-29 18:00:00,28.879272,23.72873,1004.7394,1.9070301,2.646408,0.98988026,73.77514,0.0
2023-09-30 00:00:00,27.72284,23.599335,1003.245,1.5375085,2.3599815,0.8971386,78.29717,0.0
2023-09-30 06:00:00,34.18338,23.895172,1004.3631,4.0131693,2.1952658,0.31367612,55.126476,0.0046713855
2023-09-30 12:00:00,29.633759,24.71701,1001.52563,1.61096,2.9466534,0.9343308,74.94093,0.5978355
2023-09-30 18:00:00,27.966034,24.044525,1004.6694,2.5351229,2.3174648,0.9933238,79.28852,0.0
2023-10-01 00:00:00,27.654816,23.254242,1003.0275,1.927394,2.2862234,0.9395434,76.989456,0.0001846347
2023-10-01 06:00:00,33.110504,23.839325,1004.5475,3.8154325,2.7362194,0.88948214,58.34092,0.008683849
2023-10-01 12:00:00,32.139557,24.751953,1001.0925,1.6481075,2.8927183,0.1673165,65.08774,0.016305204
2023-10-01 18:00:00,29.174713,23.649567,1004.6944,2.4869661,2.7019901,0.7600631,72.17968,0.0
2023-10-02 00:00:00,27.801239,23.319489,1003.6431,1.3695877,2.0012064,0.89725107,76.634995,0.0
2023-10-02 06:00:00,34.241486,23.483063,1004.48065,4.1256,2.6120396,0.39225066,53.601612,0.020790163
2023-10-02 12:00:00,32.57657,24.704071,1002.0494,0.9411814,3.5416346,0.25090605,63.31951,0.0
2023-10-02 18:00:00,28.485687,24.916626,1004.535,1.9592056,4.0308075,0.33741337,81.048,0.0
2023-10-03 00:00:00,27.902985,23.670563,1003.7512,1.7909422,2.6691837,0.6237741,77.81106,0.0
2023-10-03 06:00:00,34.57437,23.141449,1004.8781,2.6547775,0.99226433,0.22444586,51.54361,0.08489052
2023-10-03 12:00:00,34.11917,22.868927,1001.77374,0.47441053,3.426797,0.76429254,52.00174,0.0
2023-10-03 18:00:00,28.195068,25.233734,1005.3631,0.82698697,3.6597214,0.058868475,84.002014,0.0
2023-10-04 00:00:00,27.895966,24.962616,1003.64185,1.7442236,2.6870074,0.011871338,84.10977,0.0
2023-10-04 06:00:00,35.717194,22.394867,1004.34125,2.3799734,1.5688051,0.59417087,46.24283,0.0
2023-10-04 12:00:00,34.0524,22.381989,1001.9412,-0.12882775,3.0293102,0.22991288,50.675774,0.0
2023-10-04 18:00:00,28.335175,25.229523,1005.41626,0.8754679,3.2450113,0.9079769,83.29902,0.0
2023-10-05 00:00:00,27.853271,23.882477,1003.53064,1.477704,1.8812922,0.021845844,79.03854,0.0
2023-10-05 06:00:00,35.59195,23.20877,1003.8269,1.6356697,-0.34519196,0.256348,48.918045,0.0002863817
2023-10-05 12:00:00,34.703033,22.865997,1001.2481,-1.249217,1.4990048,0.26846367,50.330437,0.16528042
2023-10-05 18:00:00,28.70636,25.403778,1003.95935,1.1020079,3.1045227,0.087231725,82.3716,0.0
2023-10-06 00:00:00,27.653168,24.196686,1003.16565,-0.19476473,1.128901,0.91978335,81.491104,0.0
2023-10-06 06:00:00,35.768707,21.267487,1003.7519,1.4376068,1.2880402,0.24271268,43.044403,0.0
2023-10-06 12:00:00,34.38748,21.52481,1000.8631,-0.17462349,0.6753454,0.90709776,47.20442,0.0
2023-10-06 18:00:00,29.576935,25.156952,1003.4888,0.5519524,2.3920517,0.5714749,77.18594,0.0065804925
2023-10-07 00:00:00,28.876465,26.035736,1002.2975,0.91886747,1.6528797,0.1997869,84.67809,0.0
2023-10-07 06:00:00,35.908356,22.562286,1003.35,1.0940008,1.1944304,0.4592305,46.22627,0.0
2023-10-07 12:00:00,29.898102,26.859283,1002.7019,-2.0416021,1.3159993,0.79317045,83.80281,1.7064214
2023-10-07 18:00:00,28.152252,25.410187,1005.4194,-0.13752371,2.1689692,0.57669806,85.10022,0.0
2023-10-08 00:00:00,27.911102,25.380371,1004.66565,0.9543524,2.4302874,0.77455825,86.1522,0.0
2023-10-08 06:00:00,34.91324,24.327606,1005.2075,-0.007288933,2.3174725,0.26201165,54.32643,9.49949e-05
2023-10-08 12:00:00,31.675446,24.567047,1003.33,-0.80916977,2.5304089,0.4409556,66.08763,0.6735567
2023-10-08 18:00:00,28.642334,25.341583,1006.975,0.16301924,3.0989103,0.1516389,82.37299,0.0
2023-10-09 00:00:00,28.005371,24.782928,1005.7631,0.33713204,2.1681085,0.5293449,82.68327,0.0
2023-10-09 06:00:00,34.510406,25.004364,1006.9531,0.8468446,1.2637217,0.20819016,57.84859,0.0019073486
2023-10-09 12:00:00,31.040802,25.669647,1004.965,-0.31091976,0.59344405,0.78850454,73.16879,1.2027621
2023-10-09 18:00:00,28.181976,25.483765,1007.7075,1.279479,1.5524471,0.5262963,85.32531,0.0
2023-10-10 00:00:00,27.57425,24.67566,1005.8275,0.67258006,0.8875887,0.6107922,84.24986,0.0
2023-10-10 06:00:00,34.57669,24.631256,1006.4394,1.2044297,1.5897391,0.20846409,56.366123,0.00057183206
2023-10-10 12:00:00,30.404816,24.940582,1003.1894,0.24573803,0.057129648,0.218216,72.65698,0.5274806
2023-10-10 18:00:00,28.841125,25.465912,1006.3594,1.2526159,1.7621213,0.6661946,82.03285,0.0
2023-10-11 00:00:00,27.38971,25.007935,1005.3569,0.7624942,1.4703196,0.95132065,86.87086,0.0
2023-10-11 06:00:00,34.586212,24.674591,1005.84064,1.9867475,0.11969584,0.6711958,56.482445,0.0052442774
2023-10-11 12:00:00,29.711578,24.816925,1003.21875,-1.1997328,1.8215685,0.69899815,75.05233,1.0983357
2023-10-11 18:00:00,26.84439,25.258118,1006.9775,-0.64650583,1.9423877,0.8858169,91.04282,0.0
2023-10-12 00:00:00,26.339325,24.364319,1005.3719,0.74853736,0.96011645,0.96163625,88.91876,0.0
2023-10-12 06:00:00,32.565216,24.676483,1006.8162,0.54141045,-0.5612879,0.99057215,63.25567,0.053222805
2023-10-12 12:00:00,30.214691,25.74588,1004.8331,-1.5834417,1.2356822,0.9699432,77.05659,0.28926548
2023-10-12 18:00:00,27.328278,25.480804,1007.76,0.10270882,-0.042316437,0.9600789,89.67249,0.0
2023-10-13 00:00:00,27.282104,25.64508,1006.825,-0.27153438,-0.5662737,0.2963906,90.79675,0.008390285
2023-10-13 06:00:00,33.024445,23.26651,1008.2469,-1.4183283,-0.6185913,0.74394625,56.634323,0.0
2023-10-13 12:00:00,31.28238,23.342804,1005.02563,-0.9534769,-0.14313126,0.6970163,62.78768,0.102721155
2023-10-13 18:00:00,27.354797,24.68814,1008.2325,-0.9657459,0.78122616,0.88067704,85.40283,0.0
2023-10-14 00:00:00,26.475494,24.886627,1007.3644,0.13783264,0.64000726,0.97031224,91.00525,0.008971255
2023-10-14 06:00:00,30.150543,24.527802,1008.13,0.4024908,-0.8589783,0.9999998,71.92834,0.004379633
2023-10-14 12:00:00,30.162506,23.965729,1005.0637,-1.9457216,0.5228319,1.0000029,69.4969,0.12262221
2023-10-14 18:00:00,26.145233,24.787994,1008.1794,-0.21503162,0.9538717,1.0,92.25249,1.4399576
2023-10-15 00:00:00,24.858551,23.286407,1005.6456,1.0913541,0.27658176,0.99999934,90.99302,1.4138385
2023-10-15 06:00:00,29.895172,24.060028,1006.6144,1.5962086,-0.36887455,0.9986611,70.9733,0.0
2023-10-15 12:00:00,30.388947,25.062225,1002.89624,-0.3737402,-0.7510176,0.99648815,73.25241,0.13642013
2023-10-15 18:00:00,26.974243,25.800629,1006.3119,-0.23655128,0.29326916,0.99933606,93.30887,1.3103069
2023-10-16 00:00:00,25.466156,24.34256,1005.1525,1.0798483,-1.1784487,0.961868,93.51585,0.0
2023-10-16 06:00:00,30.28421,25.726288,1006.265,0.113150716,-1.183774,0.9460023,76.660835,0.1307435
2023-10-16 12:00:00,28.235962,24.472229,1004.5125,-1.195447,0.64157677,0.92701304,80.07853,0.0
2023-10-16 18:00:00,26.028229,24.279327,1007.29315,0.8790026,-2.0293236,0.9999997,90.108574,0.8929872
2023-10-17 00:00:00,25.602875,23.939423,1006.29315,0.47932482,-1.6426201,0.9861989,90.54266,0.0
2023-10-17 06:00:00,31.866364,24.135498,1007.1906,-1.201829,-1.4757509,0.95149326,63.707226,0.07648189
2023-10-17 12:00:00,29.470184,23.3284,1004.5644,-1.6133261,-0.8339977,0.7086147,69.59761,0.0
2023-10-17 18:00:00,26.424347,24.376892,1007.46564,-0.7047272,-1.8396225,0.95520675,88.54042,0.0
2023-10-18 00:00:00,26.531342,24.123108,1006.5725,0.34372807,-2.721076,0.98998266,86.65488,0.0
2023-10-18 06:00:00,31.50534,23.43747,1007.8125,-2.7967024,-2.2008295,0.99999887,62.351673,0.00924943
2023-10-18 12:00:00,30.594208,22.87796,1005.45935,-1.1795425,-1.093751,0.978667,63.492393,0.0
2023-10-18 18:00:00,26.583649,24.20285,1008.0594,-1.6144686,-0.044481277,1.0000001,86.802444,0.0
2023-10-19 00:00:00,25.7305,23.964813,1006.48627,0.9323864,-0.8329439,0.96508825,89.996895,0.0
2023-10-19 06:00:00,31.35196,23.70163,1008.4462,-1.4207516,-1.9857197,0.6232805,63.90714,0.18474875
2023-10-19 12:00:00,30.248077,24.460175,1005.39685,-1.0969973,-0.12676811,0.45851564,71.23803,0.0
2023-10-19 18:00:00,26.202667,25.014923,1007.8956,-1.0138893,0.7851095,0.23788404,93.193184,0.0
2023-10-20 00:00:00,25.574982,23.876923,1006.8906,1.1054516,-0.7867327,0.044771533,90.35259,0.0
2023-10-20 06:00:00,32.43631,22.12088,1007.65,-1.8589935,-1.4455557,0.29074568,54.61162,0.0095348805
2023-10-20 12:00:00,30.994232,22.143341,1004.29,-1.462081,-0.78898716,0.07720566,59.349518,0.0
2023-10-20 18:00:00,26.483551,24.107391,1007.9369,-0.7037926,1.183672,0.7652026,86.81743,0.0
2023-10-21 00:00:00,25.569489,23.80429,1006.6406,0.34007353,-0.6656885,0.9151746,89.98814,0.01621365
2023-10-21 06:00:00,31.768707,24.077972,1007.8663,-0.9370384,-1.804349,0.64096737,63.84015,0.086492606
2023-10-21 12:00:00,31.669281,23.703644,1005.47687,-1.7604389,-0.47240543,0.4190452,62.772675,0.0
2023-10-21 18:00:00,26.862701,24.705627,1008.2825,0.36611462,0.10184574,0.55101913,87.99747,0.0
2023-10-22 00:00:00,26.189484,24.250275,1007.2025,0.93806714,-0.83667755,0.89140403,89.09813,0.048159063
2023-10-22 06:00:00,32.441803,23.890106,1007.805,-0.6896305,-2.5371218,0.8882304,60.76477,0.0
2023-10-22 12:00:00,31.48758,23.034088,1004.81,-0.99705696,-1.1493196,0.60912,60.911976,0.0
2023-10-22 18:00:00,27.520477,24.6893,1007.8088,-0.7518883,1.1163502,0.48943722,84.58423,0.0
2023-10-23 00:00:00,26.618927,24.06305,1006.9225,-0.38294047,-0.11292839,0.9813081,85.89855,0.08145087
2023-10-23 06:00:00,32.36905,22.576141,1007.555,-0.070506096,0.27457744,0.73341286,56.358494,0.0
2023-10-23 12:00:00,30.918121,23.085907,1004.3031,-0.7863579,1.7697481,0.17554349,63.117516,0.026233494
2023-10-23 18:00:00,27.258636,24.11325,1006.8862,0.8373398,2.580121,0.111716926,82.97882,0.0
2023-10-24 00:00:00,26.727661,24.084106,1006.40063,0.31018722,1.1153086,0.27035517,85.45827,0.004483387
2023-10-24 06:00:00,32.464264,23.188812,1006.96436,0.43464077,0.70433974,0.30727333,58.175858,0.05350262
2023-10-24 12:00:00,31.856964,22.733856,1004.0675,-1.2375879,0.9553229,0.44582826,58.573162,0.0
2023-10-24 18:00:00,27.941803,24.648071,1007.6213,-0.7528763,2.2744713,0.7400736,82.324394,0.0
2023-10-25 00:00:00,27.278717,24.420776,1007.16876,0.37532204,0.6893313,0.57192826,84.42338,0.19796938
2023-10-25 06:00:00,32.28311,24.08493,1008.46375,0.4084436,0.22033542,0.48763376,62.033634,0.0
2023-10-25 12:00:00,31.046112,22.88913,1005.60876,-1.3397703,1.5869467,0.28573933,61.91646,0.0
2023-10-25 18:00:00,26.904266,24.582611,1008.2725,-0.27965736,1.3470008,0.20404553,87.1395,0.0
2023-10-26 00:00:00,26.07724,24.564789,1007.33936,0.8687897,-0.55133116,0.42833972,91.3967,0.0
2023-10-26 06:00:00,33.0325,22.102081,1008.7019,-1.0073643,-1.5478296,0.40511006,52.747746,0.0
2023-10-26 12:00:00,30.818268,22.267365,1005.21436,-2.8364344,-0.7307434,0.23582757,60.403,0.0
2023-10-26 18:00:00,26.743927,23.820984,1007.83624,-1.566371,-0.62696266,0.020893753,84.037224,0.0
2023-10-27 00:00:00,26.635773,23.651337,1006.225,0.5406809,-1.3525448,0.19706845,83.71487,0.00019092113
2023-10-27 06:00:00,31.484283,23.92804,1007.2631,-1.9966564,-2.147787,0.4265473,64.29783,0.048166197
2023-10-27 12:00:00,30.565887,23.271881,1004.04877,-2.449067,-1.5437336,0.24797395,65.12888,0.0
2023-10-27 18:00:00,26.595856,23.531189,1007.6125,-1.2071104,-1.038599,0.43840992,83.30671,0.0
2023-10-28 00:00:00,26.856842,23.608978,1005.91815,-0.19770718,-1.1708326,0.86020505,82.42218,0.0003799796
2023-10-28 06:00:00,32.506744,23.52353,1007.46375,-2.656085,0.18087053,0.35622886,59.221046,0.10634154
2023-10-28 12:00:00,30.53769,23.322601,1004.16437,-2.0637903,-0.15611458,0.8137247,65.43417,0.0
2023-10-28 18:00:00,26.724396,24.187408,1007.3731,-0.92393875,-1.1623011,0.9959664,86.0062,0.0
2023-10-29 00:00:00,26.335236,23.919708,1006.15375,-1.3434858,-2.1882353,0.9512423,86.59874,0.2464295
2023-10-29 06:00:00,29.891022,25.216553,1007.42377,-1.7676468,-1.2734919,0.99866986,76.07226,0.0
2023-10-29 12:00:00,26.650726,24.5961,1005.1881,-2.305028,-0.65703106,0.9239709,88.52057,0.5422099
2023-10-29 18:00:00,26.153534,24.928223,1007.5069,-0.69992733,-1.5641594,0.99893814,92.98222,0.0
2023-10-30 00:00:00,25.141449,23.9422,1006.02814,0.5458145,-1.9223967,0.89022094,93.07662,0.11269986
2023-10-30 06:00:00,28.574799,24.540314,1007.99,-1.4098063,-1.4520435,1.0000001,78.837105,1.5957116
2023-10-30 12:00:00,27.069977,25.40268,1004.7375,-0.7871332,-1.0324173,0.99617857,90.61975,0.0
2023-10-30 18:00:00,25.301788,24.541931,1008.0044,-0.3250265,-1.4154739,0.9989388,95.56815,0.0
2023-10-31 00:00:00,25.58316,24.068054,1006.05,0.3232212,-2.2337103,0.8468716,91.35182,0.0
2023-10-31 06:00:00,31.001678,24.854675,1007.40875,-1.465641,-2.8641376,0.8342883,69.86081,0.04139295
2023-10-31 12:00:00,29.201385,23.751373,1004.6694,-1.5449991,-2.854806,0.87693703,72.511566,0.031650875
2023-10-31 18:00:00,25.920929,24.45227,1007.6731,-1.500556,-2.5605783,0.89150065,91.62708,0.0
2023-11-01 00:00:00,25.778168,23.969482,1006.38873,0.020824432,-2.1927538,0.77184886,89.76812,0.0
2023-11-01 06:00:00,31.232452,25.148468,1007.39374,-1.5927858,-3.0624905,0.99001557,70.16634,0.09413311
2023-11-01 12:00:00,29.456512,24.878906,1005.3544,-1.6406336,-1.9033422,0.9919929,76.44609,0.13670078
2023-11-01 18:00:00,26.095734,24.374329,1007.76373,-0.4095564,-1.7731752,1.0,90.26187,0.12890527
2023-11-02 00:00:00,25.62857,23.895905,1006.19,0.11179829,-2.0763845,1.0,90.16852,0.0
2023-11-02 06:00:00,30.074677,25.771942,1006.85065,-1.4939022,-2.3721666,1.0000005,77.798454,0.041387044
2023-11-02 12:00:00,29.307526,25.3396,1004.4913,-1.1419277,-0.81075764,1.0000002,79.25181,0.0
2023-11-02 18:00:00,26.470795,25.348541,1006.69,-0.7310333,-1.2955427,1.0,93.570076,0.025153585
2023-11-03 00:00:00,26.17157,24.44284,1004.65936,0.23481083,-1.5574284,1.0,90.22749,0.114357926
2023-11-03 06:00:00,30.453766,24.904816,1005.3569,-1.615942,-2.515276,1.0,72.29912,0.0
2023-11-03 12:00:00,26.348816,24.796112,1003.355,-1.0892706,-0.9195471,1.0,91.19387,2.3912077
2023-11-03 18:00:00,25.63443,24.771637,1005.8063,-0.8281164,-0.66482544,1.0,94.99329,0.0
2023-11-04 00:00:00,25.192444,24.269989,1004.0719,0.28673714,-0.99418926,1.0,94.63815,0.0
2023-11-04 06:00:00,28.287933,25.634552,1005.4256,-1.8574333,-0.93363094,1.0,85.56327,0.13249467
2023-11-04 12:00:00,27.75888,25.087952,1003.495,-0.53790283,-0.98384285,1.0,85.42151,0.9425863
2023-11-04 18:00:00,25.856842,24.897583,1006.2531,0.42590356,-0.5745212,1.0,94.45634,0.0
2023-11-05 00:00:00,24.626312,23.64212,1005.2619,0.88349825,-0.63479763,0.99905914,94.26495,0.0
2023-11-05 06:00:00,30.969513,24.598236,1006.82874,0.49807447,0.91607606,0.9943667,68.925,0.021172179
2023-11-05 12:00:00,27.748718,25.15976,1005.3056,-0.95870495,0.703636,0.8782534,85.838585,0.74073404
2023-11-05 18:00:00,26.438995,25.113556,1007.5687,-0.8839598,0.38572586,0.950899,92.44371,0.0
2023-11-06 00:00:00,26.212555,24.742615,1006.4462,0.85979366,-1.0131302,0.85262764,91.63746,0.041443773
2023-11-06 06:00:00,32.025543,25.411377,1007.7925,-0.72956276,-0.80238247,0.49127346,68.13429,0.009487122
2023-11-06 12:00:00,29.473114,25.279388,1005.7369,-2.14332,0.2717657,0.97442335,78.21736,0.0
2023-11-06 18:00:00,26.241852,24.838593,1008.8125,1.1378164,-0.42881775,1.0000002,92.00477,0.11765943
2023-11-07 00:00:00,25.636475,24.261047,1007.09,1.2083302,-1.4194431,0.99893826,92.123726,0.0
2023-11-07 06:00:00,28.243011,24.624908,1007.7456,-1.50177,-2.8853607,0.9942623,80.78015,0.13526048
2023-11-07 12:00:00,27.784027,25.207916,1005.22437,-1.0203981,-1.5536766,1.0,85.90771,0.13181119
2023-11-07 18:00:00,25.775818,24.62616,1008.8475,0.60650635,0.56091976,1.0,93.3847,0.0
2023-11-08 00:00:00,25.261261,24.213562,1006.4531,-0.39021492,-1.1028881,1.0,93.93298,2.0355275
2023-11-08 06:00:00,30.893097,25.19046,1007.57623,-0.28963947,-1.6060467,1.0,71.716255,0.0
2023-11-08 12:00:00,29.073395,24.88858,1004.72186,-2.0476131,-1.1194925,0.97288233,78.20201,0.0
2023-11-08 18:00:00,25.966187,24.572845,1007.9819,-1.1809244,-1.4456253,0.970044,92.04359,1.1168836
2023-11-09 00:00:00,25.50113,24.153076,1006.895,0.71445084,-2.2235107,0.99711895,92.267525,0.0
2023-11-09 06:00:00,29.971771,25.585022,1008.29065,-1.2807379,-1.6906366,1.0,77.39679,0.0138164
2023-11-09 12:00:00,28.857391,25.37442,1004.83563,-1.1536369,-0.89244556,0.9986623,81.51115,0.010489164
2023-11-09 18:00:00,25.9393,24.537384,1009.02124,-0.8976202,-0.9928732,1.0,91.99487,0.061061062
2023-11-10 00:00:00,25.346222,24.344269,1007.97125,-0.45363522,-2.455737,1.0,94.19456,0.0
2023-11-10 06:00:00,30.110687,25.976898,1008.9288,-2.642583,-2.6704798,0.989269,78.586075,0.12931114
2023-11-10 12:00:00,27.801178,24.488922,1006.4869,-1.4281883,-1.7931299,0.90844154,82.21645,0.9633398
2023-11-10 18:00:00,25.712128,24.431976,1010.17377,-1.7359676,-1.6882782,0.9999993,92.655235,0.0
2023-11-11 00:00:00,25.785065,24.402802,1007.4387,-0.022240639,-3.0311432,0.65448153,92.094376,0.0
2023-11-11 06:00:00,29.49649,24.590973,1009.02,-2.2213116,-3.4898424,0.82433987,74.96928,0.1212957
2023-11-11 12:00:00,29.353882,23.319977,1006.60126,-2.256215,-2.3139725,0.6971305,70.03064,0.0
2023-11-11 18:00:00,25.812836,23.112946,1009.58374,-0.77960396,-2.4874077,0.9841865,85.076065,0.0
2023-11-12 00:00:00,24.98941,22.151337,1007.52313,0.3921528,-3.1059446,0.68258137,84.27908,0.0
2023-11-12 06:00:00,30.76358,23.237457,1008.82874,-2.6588125,-4.2789745,0.6242408,64.263016,0.02451241
2023-11-12 12:00:00,29.6586,22.414825,1006.7631,-2.0132818,-2.6361294,0.90357804,65.13908,0.0
2023-11-12 18:00:00,26.37088,22.802887,1008.855,-0.529335,-3.1684675,0.964922,80.78344,0.0
2023-11-13 00:00:00,25.491974,22.603668,1007.05,0.5993223,-3.6035175,0.9034939,84.07658,0.0
2023-11-13 06:00:00,30.223602,23.23288,1008.2587,-2.2493658,-4.583598,1.0,66.26239,0.033938818
2023-11-13 12:00:00,27.200043,24.749725,1005.95935,-1.7134104,-1.6680708,0.9971564,86.49883,1.3620374
2023-11-13 18:00:00,25.470032,24.29007,1008.36,-1.252285,-3.2978277,1.0,93.20067,0.0
2023-11-14 00:00:00,24.591095,23.859894,1006.34937,0.50368404,-3.830824,1.0,95.70986,3.0925312
2023-11-14 06:00:00,25.290863,23.315216,1007.8656,1.8600998,-3.4375114,0.99999994,88.833275,0.0
2023-11-14 12:00:00,25.217346,22.789093,1005.2975,0.9856987,-3.8844051,1.0,86.42756,0.3852303
2023-11-14 18:00:00,23.50241,21.506683,1007.5556,-0.18041134,-5.1425524,1.0,88.58229,0.0
2023-11-15 00:00:00,23.628387,21.744598,1005.89185,1.4634981,-2.4661875,1.0000001,89.200714,1.0241425
2023-11-15 06:00:00,28.059418,22.912079,1007.58185,0.39508915,-3.7688236,1.0,73.65234,0.0
2023-11-15 12:00:00,25.98346,22.777313,1005.3956,0.5872927,-2.988597,1.0,82.52645,0.5680272
2023-11-15 18:00:00,25.27829,23.500458,1007.1025,-0.5706444,-3.4961424,0.99999964,89.89894,0.0
2023-11-16 00:00:00,25.183197,23.370209,1006.1175,0.5555191,-2.7329693,0.9918884,89.70162,0.010573631
2023-11-16 06:00:00,29.18161,24.72873,1007.8906,0.21164608,-3.2254324,0.96253544,76.975975,0.1224546
2023-11-16 12:00:00,28.377655,24.84378,1006.0119,-0.587409,-1.6281958,0.99411136,81.20476,0.0
2023-11-16 18:00:00,26.021545,25.13623,1008.1231,-0.46169758,-1.922904,0.99999994,94.880005,0.0020926073
2023-11-17 00:00:00,25.990997,24.152374,1007.1225,0.08542919,-1.9727707,0.99960315,89.62236,0.009637976
2023-11-17 06:00:00,31.204376,25.071014,1007.92,-1.4575119,-3.0284367,0.7600634,69.9551,0.15011348
2023-11-17 12:00:00,29.336823,24.803772,1005.16565,-1.1299295,-1.8714924,0.9993349,76.63151,0.0
2023-11-17 18:00:00,26.730408,24.931366,1007.65186,-0.9068632,-2.2177181,0.96899533,89.88832,0.0
2023-11-18 00:00:00,26.183258,24.54483,1006.52936,-0.83212566,-2.3396769,0.92702603,90.71725,0.0
2023-11-18 06:00:00,30.639801,25.662384,1007.26,-1.834589,-2.7614985,0.64599293,74.83143,0.07180938
2023-11-18 12:00:00,28.840118,24.731262,1005.3525,-1.1030235,-2.4076214,0.6323543,78.52438,0.0
2023-11-18 18:00:00,26.779327,24.320648,1007.7944,-1.8297253,-3.4477758,0.92518806,86.41619,0.13435867
2023-11-19 00:00:00,26.038666,24.128357,1006.3025,-0.61226845,-2.9817142,1.0000002,89.24124,0.0
2023-11-19 06:00:00,29.385956,24.928253,1007.95935,-2.784542,-3.534134,0.9934196,76.98428,0.20529735
2023-11-19 12:00:00,29.02414,23.92685,1005.4469,-1.1017084,-1.6933355,0.99204195,74.03592,0.0
2023-11-19 18:00:00,26.018036,24.044708,1007.40875,-0.28910923,-1.7773933,0.4865232,88.90267,0.013530254
2023-11-20 00:00:00,25.625336,23.13388,1005.90625,0.49968052,-2.5146627,0.97258,86.1363,0.29722464
2023-11-20 06:00:00,27.387299,24.607391,1007.69,1.0676689,-3.3358994,1.0,84.82992,1.3732505
2023-11-20 12:00:00,26.627655,23.782318,1005.7488,-0.45894337,-4.207097,1.0,84.41791,1.5714096
2023-11-20 18:00:00,25.760834,24.19574,1007.22064,-0.31356525,-1.5247355,1.0,91.08928,4.591842
2023-11-21 00:00:00,25.463562,23.937561,1005.1144,-0.26504064,-2.5890903,1.0,91.28463,0.0
2023-11-21 06:00:00,29.278473,25.185852,1006.33936,-0.6468277,-1.8142099,0.9982182,78.66196,0.0
2023-11-21 12:00:00,29.078094,25.69934,1004.03436,-1.0152187,-0.6057701,0.9829046,82.04411,0.0
2023-11-21 18:00:00,26.085327,25.1633,1006.8181,-0.77060604,-0.83052063,1.0000002,94.67516,0.12261477
2023-11-22 00:00:00,25.68695,24.801483,1004.89874,0.8260317,-2.0111713,0.9946964,94.86666,0.106058344
2023-11-22 06:00:00,27.425018,25.738373,1006.6206,-0.92527103,-2.0587187,1.0,90.53932,0.019971013
2023-11-22 12:00:00,26.856262,25.077484,1004.04626,-1.3341379,-1.7361507,1.0,90.005905,0.17460403
2023-11-22 18:00:00,25.384552,24.645172,1006.7725,-1.3571949,-0.9843054,1.0,95.68787,0.0
2023-11-23 00:00:00,25.357574,24.632782,1005.1256,0.2408123,-0.6161661,1.0,95.77052,1.0233006
2023-11-23 06:00:00,29.468658,25.466522,1006.53064,-1.5405006,-0.7424609,0.98664623,79.11281,0.0
2023-11-23 12:00:00,28.69162,25.296448,1003.14,-0.9811382,-0.7267237,0.7553203,81.91758,0.23446429
2023-11-23 18:00:00,25.700958,24.881744,1005.6763,-0.8179064,-1.5502024,0.99426264,95.24311,0.0
2023-11-24 00:00:00,25.475555,24.186615,1004.3569,0.0505085,-1.8109713,0.5509653,92.59392,0.20191258
2023-11-24 06:00:00,29.887726,24.6539,1006.66187,-1.8862286,-1.5900602,0.87523496,73.57537,0.32815826
2023-11-24 12:00:00,28.259003,24.864471,1004.91064,-1.6675386,-1.516984,0.99425936,81.86823,0.0
2023-11-24 18:00:00,25.723145,24.594574,1007.2825,-0.2928896,-1.8452902,0.9999999,93.49999,0.0
2023-11-25 00:00:00,25.927917,24.36615,1005.8694,-1.263875,-2.619112,0.9898526,91.11801,0.030030116
2023-11-25 06:00:00,30.040314,25.233978,1007.39874,-2.5323343,-2.097457,0.981461,75.50061,0.02089297
2023-11-25 12:00:00,27.399841,24.817505,1005.59875,-1.6639299,-2.5129194,1.0,85.838524,0.31744412
2023-11-25 18:00:00,24.875397,24.393433,1008.545,-2.1807642,-2.135188,1.0,97.159706,0.4316796
2023-11-26 00:00:00,25.006134,23.498108,1007.3956,-1.1237955,-2.420988,1.0,91.35509,0.0
2023-11-26 06:00:00,29.304047,25.743073,1008.5469,-2.2710543,-3.2093716,0.99243754,81.18985,0.0
2023-11-26 12:00:00,27.869263,24.70755,1005.8875,-1.6726723,-2.1210566,0.83105963,82.967995,0.0
2023-11-26 18:00:00,25.315277,24.449707,1008.26935,0.03765869,-2.7331438,0.964716,94.9659,0.0
2023-11-27 00:00:00,25.064178,23.996735,1005.6238,-0.20576668,-2.230195,0.9999967,93.81296,0.045613423
2023-11-27 06:00:00,28.882477,25.105865,1006.9894,-2.356555,-1.7996273,0.56929064,80.10219,0.10630031
2023-11-27 12:00:00,29.182892,24.708832,1004.4412,-2.4579697,-1.4595547,0.31798598,76.878815,0.0
2023-11-27 18:00:00,25.545807,24.165802,1006.95123,-0.6008396,-1.937336,0.3490609,92.09329,0.0
2023-11-28 00:00:00,25.556671,23.884338,1005.0031,-0.8908415,-2.5902815,0.7897007,90.491234,0.030522306
2023-11-28 06:00:00,30.344147,25.790741,1006.34625,-1.9757061,-2.342989,0.93691826,76.69036,0.053125598
2023-11-28 12:00:00,28.161224,24.588684,1003.7488,-2.1623163,-2.0161467,0.9525774,80.99011,0.24587907
2023-11-28 18:00:00,25.978973,24.593018,1006.4338,-0.7824173,-2.0134478,0.99242604,92.085014,0.0
2023-11-29 00:00:00,25.386414,23.69043,1004.9387,-0.18610382,-2.062994,1.0000001,90.35096,0.12057501
2023-11-29 06:00:00,29.019196,24.581085,1006.5156,-1.2760649,-2.5327625,1.0,77.01972,0.26109278
2023-11-29 12:00:00,27.020477,24.704437,1004.815,-1.3312893,-1.786439,0.9824001,87.17912,0.32706445
2023-11-29 18:00:00,24.811584,23.923553,1007.26874,-1.1655407,-1.8975296,1.0,94.81928,0.0
2023-11-30 00:00:00,24.67221,23.777283,1005.6625,-0.3297844,-2.460513,1.0,94.77473,0.3836049
2023-11-30 06:00:00,27.901215,24.703918,1007.7356,-0.5797148,-2.4114866,0.99960345,82.79546,0.0
2023-11-30 12:00:00,26.115723,24.468506,1005.6956,-1.4485607,-1.7634659,0.9913299,90.66508,0.279962
2023-11-30 18:00:00,24.846954,23.797974,1006.865,0.035736084,-3.05624,0.99579227,93.90749,0.0
2023-12-01 00:00:00,25.299652,23.779907,1005.4975,0.6996174,-2.8077936,0.97330666,91.3088,0.0
2023-12-01 06:00:00,29.358246,24.655853,1006.14813,-0.40978622,-3.729187,0.99035996,75.86342,0.045956917
2023-12-01 12:00:00,27.159943,24.631866,1003.20874,-1.1334066,-1.160182,0.97770584,86.09404,1.2647033
2023-12-01 18:00:00,25.879822,24.364624,1005.66187,-0.24729252,-3.1779976,1.0,91.36956,0.0
2023-12-02 00:00:00,25.918182,23.253998,1003.3306,1.2339144,-3.2414484,1.0,85.27065,0.0
2023-12-02 06:00:00,28.73111,24.402985,1004.3194,0.8195023,-4.5246115,1.0,77.48565,0.29195783
2023-12-02 12:00:00,27.899994,23.766876,1001.765,-0.09602815,-4.047744,1.0,78.27715,0.0
2023-12-02 18:00:00,26.144318,23.255829,1003.60376,0.83138764,-3.7522202,1.0,84.14665,0.14039874
2023-12-03 00:00:00,25.2518,23.505737,1002.15,2.0942674,-3.0966902,1.0,90.06946,0.52280515
2023-12-03 06:00:00,28.57138,24.580383,1003.8275,2.823162,-2.4443064,1.0,79.04198,0.0
2023-12-03 12:00:00,27.336609,24.160461,1001.335,2.0061126,-2.0842714,1.0,82.83478,0.13070911
2023-12-03 18:00:00,26.495514,23.869263,1002.3781,2.5852718,-0.18739891,0.99933493,85.523964,0.0
2023-12-04 00:00:00,26.019257,23.600311,1000.4556,2.8606577,0.522631,1.0,86.5515,0.0
2023-12-04 06:00:00,30.714874,24.161407,1001.9025,5.4534445,1.2371423,1.0,68.128426,0.006297447
2023-12-04 12:00:00,29.55008,23.845306,1000.5569,1.9159251,1.7907667,1.0,71.46944,0.0
2023-12-04 18:00:00,26.733917,25.31247,1001.8775,0.8195761,3.1290007,1.0,91.933266,0.0
2023-12-05 00:00:00,26.49112,25.775665,1000.83374,1.643095,1.7971687,0.99999994,95.85835,0.0
2023-12-05 06:00:00,32.37906,24.963104,1002.6144,2.6615677,0.9020074,0.9968881,65.02696,0.003911555
2023-12-05 12:00:00,31.20877,25.327972,1000.6788,0.18094063,1.8580291,0.98757946,71.0157,0.0
2023-12-05 18:00:00,27.340118,26.334564,1004.33875,0.22575653,2.7160902,0.78645575,94.257484,0.0
2023-12-06 00:00:00,26.61856,25.332428,1003.47186,1.1319177,0.7582445,0.545826,92.66983,0.060275197
2023-12-06 06:00:00,31.743317,26.025787,1004.7019,0.08674377,1.140243,0.6517311,71.80198,0.04558505
2023-12-06 12:00:00,30.83902,25.352814,1002.5694,-0.9764557,0.8991196,0.40539473,72.63634,0.0
2023-12-06 18:00:00,27.152618,26.028778,1005.8525,-0.4553194,1.6356087,0.39471388,93.5927,0.0
2023-12-07 00:00:00,26.65274,25.404694,1004.6169,-0.034425557,1.4121846,0.5371186,92.88168,0.0052436213
2023-12-07 06:00:00,31.393097,25.58493,1005.8638,0.16431141,0.89544237,0.8070306,71.35578,0.1451394
2023-12-07 12:00:00,30.559418,25.610626,1003.9356,-0.98769283,0.633734,0.92003226,74.94579,0.0
2023-12-07 18:00:00,26.690948,25.584473,1006.79376,-1.0723019,-0.7179165,0.79860437,93.66795,0.0
2023-12-08 00:00:00,25.957764,24.743195,1005.59125,0.5462465,-0.8797045,0.61561394,93.032005,0.1369296
2023-12-08 06:00:00,30.40738,25.912872,1007.54,-0.94770145,-0.9658184,0.8526401,76.96792,0.0
2023-12-08 12:00:00,29.415009,25.017517,1004.495,-2.2959452,-1.0261889,0.26035213,77.26553,0.0018118732
2023-12-08 18:00:00,26.83432,25.279144,1007.59436,-0.7677431,-1.5900373,0.36535466,91.21081,0.0
2023-12-09 00:00:00,26.2565,24.633331,1007.10315,-0.20905876,-2.1122208,0.36085892,90.80489,0.0
2023-12-09 06:00:00,29.136627,24.846466,1008.9956,-1.6487236,-2.1303396,0.8655089,77.72093,0.1929188
2023-12-09 12:00:00,29.062347,24.761597,1005.29065,-2.4664106,-1.5853558,0.12479228,77.66106,0.0
2023-12-09 18:00:00,26.542633,24.793457,1007.3475,-1.3182058,-1.9246111,0.4694571,90.14302,0.0
2023-12-10 00:00:00,25.948334,24.409882,1005.92,-0.034175873,-2.9135065,0.76100975,91.24662,0.0
2023-12-10 06:00:00,30.076202,24.596771,1007.52185,-2.666501,-3.524539,0.53199923,72.53461,0.18521112
2023-12-10 12:00:00,28.88684,23.71634,1004.71936,-2.4229736,-2.2055025,0.5789541,73.68784,0.0
2023-12-10 18:00:00,26.377594,23.994537,1008.15814,-1.3167334,-1.9454393,0.98522645,86.77178,0.0
2023-12-11 00:00:00,25.260345,23.084259,1006.65564,-0.045114517,-2.4681215,1.0000008,87.76124,0.0001937151
2023-12-11 06:00:00,28.860565,23.801056,1008.27936,-1.9626732,-3.139596,0.98817384,74.17732,0.13169947
2023-12-11 12:00:00,27.933777,23.398407,1005.5012,-2.5244827,-2.368291,0.67651343,76.40753,0.0
2023-12-11 18:00:00,25.981049,23.30072,1007.8569,-1.4537535,-2.2098265,0.89470184,85.19395,0.0
2023-12-12 00:00:00,25.420319,23.321411,1005.59436,-0.1683197,-2.9008408,0.5230806,88.18505,0.0
2023-12-12 06:00:00,28.644623,22.959259,1007.7569,-2.413085,-3.2631454,0.88321036,71.39146,0.11970859
2023-12-12 12:00:00,27.703888,22.664429,1005.495,-2.2066717,-1.8580475,0.36161482,74.076096,0.0
2023-12-12 18:00:00,24.27237,21.915283,1007.4919,-0.90460587,-1.5852365,0.18305552,86.713776,0.0
2023-12-13 00:00:00,24.066925,21.875366,1005.9462,0.41600513,-2.4752655,0.6725255,87.575554,0.0
2023-12-13 06:00:00,29.173492,22.52127,1008.45624,-2.4115915,-4.1978035,0.50899494,67.42299,0.010775402
2023-12-13 12:00:00,27.602692,22.425934,1005.71936,-2.310626,-1.8108711,0.5703351,73.44414,0.0
2023-12-13 18:00:00,24.494354,21.641266,1008.64374,-1.0408506,-2.0514193,0.22469616,84.14813,0.0
2023-12-14 00:00:00,23.748932,21.547028,1007.625,0.5201416,-3.0804987,0.27724144,87.49231,0.0
2023-12-14 06:00:00,29.006683,21.965118,1009.2606,-2.6541834,-5.0418034,0.65302956,65.81074,0.0018123537
2023-12-14 12:00:00,28.113708,22.425385,1006.78815,-1.7060938,-2.5364628,0.97594595,71.28337,0.0
2023-12-14 18:00:00,26.046814,21.564728,1009.5694,-1.3839865,-3.0527697,0.99643606,76.364815,0.04401803
2023-12-15 00:00:00,25.411285,22.407257,1007.7475,-0.67728424,-3.665245,0.99999315,83.47868,0.0
2023-12-15 06:00:00,26.535126,23.333038,1009.46686,-1.4623232,-4.850748,0.99530804,82.61194,0.22868502
2023-12-15 12:00:00,26.469086,23.883392,1007.1694,-0.529232,-3.4751978,0.9767634,85.730156,0.0
2023-12-15 18:00:00,24.810272,23.416718,1008.66315,0.015691757,-3.9463549,0.9937745,91.97626,0.0
2023-12-16 00:00:00,25.021301,23.122894,1006.58124,0.69623184,-3.3596668,0.9999978,89.22789,0.0468268
2023-12-16 06:00:00,27.619904,24.756958,1008.5513,-1.7991514,-2.8622646,0.99762636,84.43433,0.4468776
2023-12-16 12:00:00,25.815216,24.037567,1006.58185,-2.080554,-2.5191984,1.0,89.938255,1.3093992
2023-12-16 18:00:00,25.418335,24.582153,1008.0631,-2.0043173,-2.949707,1.0000001,95.13672,0.0
2023-12-17 00:00:00,25.394012,23.81897,1006.0613,-1.175478,-3.2986708,1.0,91.01149,0.0
2023-12-17 06:00:00,27.910004,25.20871,1008.2406,-2.7051077,-2.6738997,0.9979974,85.282295,0.35896346
2023-12-17 12:00:00,27.597076,23.658112,1005.4444,-2.8100567,-2.8367615,0.998272,79.15468,0.0
2023-12-17 18:00:00,25.853424,22.925385,1008.1075,-2.5872211,-3.1555767,0.9996036,83.91387,0.20009823
2023-12-18 00:00:00,25.339264,22.883942,1007.29315,-0.97504234,-3.2152348,1.0,86.29747,0.0
2023-12-18 06:00:00,27.055298,22.934357,1009.45123,-3.3534842,-3.6765242,1.0,78.21385,0.0
2023-12-18 12:00:00,26.795074,22.420013,1007.09937,-3.179183,-2.6276426,0.99821806,76.97932,0.031016596
2023-12-18 18:00:00,24.601776,22.535126,1009.65314,-1.5380783,-3.1344156,0.99463004,88.28968,0.51953167
2023-12-19 00:00:00,24.878326,22.082062,1007.64935,-0.38955498,-4.3031235,0.8921381,84.48208,0.0
2023-12-19 06:00:00,28.238312,21.961945,1009.67377,-2.3919172,-4.4505663,0.9999994,68.79891,0.025472043
2023-12-19 12:00:00,27.690826,22.516602,1007.02936,-2.9091349,-2.8674679,0.78023356,73.470345,0.0
2023-12-19 18:00:00,25.844818,21.299835,1009.5519,-1.3949442,-3.6939468,0.9733215,76.039925,0.0003874302
2023-12-20 00:00:00,25.401917,21.07071,1008.07623,-0.26476002,-3.7433405,1.000001,76.97529,0.0036209822
2023-12-20 06:00:00,27.267426,23.136078,1009.29126,-1.3741293,-3.813572,0.9953058,78.19504,0.07291991
2023-12-20 12:00:00,26.920654,23.732452,1006.8688,-1.3039427,-2.311656,0.99447775,82.72636,0.05812124
2023-12-20 18:00:00,25.284576,22.329742,1009.4956,-1.5008535,-3.0296288,0.99412316,83.71454,0.0
2023-12-21 00:00:00,25.1091,22.25418,1007.66876,-0.53223705,-3.4087658,0.9999925,84.20566,0.010877848
2023-12-21 06:00:00,25.429321,23.099518,1009.805,-0.20759964,-3.961357,0.7373127,86.96398,0.0705421
2023-12-21 12:00:00,26.893188,24.081207,1006.6312,-2.2683153,-2.0115166,0.68279696,84.61547,0.0
2023-12-21 18:00:00,25.255615,22.447601,1009.8113,-1.381424,-2.3817587,0.96816206,84.462,0.0
2023-12-22 00:00:00,23.38858,21.676971,1008.1956,0.15698624,-3.0327358,0.7045151,90.12651,0.0
2023-12-22 06:00:00,28.329254,22.190033,1009.65,-1.3876181,-4.158366,0.96215904,69.39376,0.0049620867
2023-12-22 12:00:00,27.804596,22.832428,1006.96686,-2.3609781,-1.4491282,0.9871336,74.39558,0.0
2023-12-22 18:00:00,23.8544,22.23999,1009.7438,-1.3031607,-2.5087252,0.51280063,90.69451,0.0
2023-12-23 00:00:00,22.103058,19.4841,1009.02814,0.49799156,-3.1455154,0.8638525,85.11466,0.0
2023-12-23 06:00:00,28.655182,20.735748,1010.8031,-1.478898,-3.1198702,0.90974677,62.29108,0.0
2023-12-23 12:00:00,28.508392,22.147736,1007.70685,-1.9576283,-1.63871,0.7079259,68.49822,0.0
2023-12-23 18:00:00,23.990387,21.401886,1010.8244,-1.4322853,-3.2627888,0.6546537,85.468414,0.0
2023-12-24 00:00:00,23.705109,19.710846,1010.01624,-0.061350822,-3.909995,0.33252406,78.33938,0.0
2023-12-24 06:00:00,26.514923,22.010895,1011.7656,-1.2513561,-3.8955326,0.93083,76.33473,0.28143823
2023-12-24 12:00:00,26.192963,23.602814,1009.0737,-2.2852163,-2.2895212,0.9954994,85.679924,0.2590716
2023-12-24 18:00:00,24.940155,23.121307,1010.8925,-1.6313658,-2.5233831,0.78077245,89.6521,0.0
2023-12-25 00:00:00,23.701141,22.769196,1009.41187,-0.14600372,-2.8816595,0.46922982,94.52519,0.0
2023-12-25 06:00:00,29.010162,24.434357,1010.5056,-2.529687,-3.3242588,0.41390347,76.386345,0.21539289
2023-12-25 12:00:00,27.697845,24.349457,1007.9244,-3.0842304,-2.3966103,0.26728493,82.02635,0.0
2023-12-25 18:00:00,24.968903,23.600037,1010.31,-1.7561083,-3.1080914,0.35295182,92.12235,0.02174491
2023-12-26 00:00:00,22.820831,21.9982,1009.2356,0.24807835,-3.8344536,0.93433386,95.12207,0.0
2023-12-26 06:00:00,27.916656,21.894196,1010.7175,-1.3265495,-4.732072,0.47080433,69.81153,0.003144145
2023-12-26 12:00:00,28.05954,22.907501,1008.1025,-2.484788,-2.6982155,0.32152337,73.63142,0.0
2023-12-26 18:00:00,24.287628,21.645966,1011.53436,-0.9409189,-3.21074,0.7720352,85.22098,0.0
2023-12-27 00:00:00,24.29837,21.116852,1009.9025,0.6804924,-3.8966694,0.610682,82.44962,0.0014305115
2023-12-27 06:00:00,29.143402,22.26828,1011.1169,-3.1009912,-5.444952,0.98893064,66.50946,0.01411885
2023-12-27 12:00:00,28.506256,23.422546,1007.29877,-2.9529018,-3.0932093,0.57706964,74.01081,0.0
2023-12-27 18:00:00,25.659515,22.035736,1010.1825,-1.3466101,-3.820366,0.98873705,80.41758,0.015175311
2023-12-28 00:00:00,25.104706,22.42929,1008.5019,-0.6816149,-3.6167088,0.9906347,85.12957,0.0005677659
2023-12-28 06:00:00,27.965424,23.779633,1009.86,-2.918396,-4.1431904,0.6987952,78.0388,0.28917915
2023-12-28 12:00:00,27.859406,24.62564,1007.185,-3.2454815,-2.7445107,0.8772295,82.610306,0.0
2023-12-28 18:00:00,25.63092,23.955048,1009.7031,-2.3271694,-2.8463192,0.90295714,90.476974,0.0
2023-12-29 00:00:00,24.842377,22.866241,1008.1769,-0.27549744,-4.268094,0.99999994,88.795265,0.0
2023-12-29 06:00:00,28.15744,24.31717,1009.98,-2.806634,-3.446312,0.9448982,79.70184,0.20750341
2023-12-29 12:00:00,28.324371,24.661346,1007.34937,-2.9770508,-2.4600687,0.52184963,80.573944,0.0
2023-12-29 18:00:00,25.281403,23.950134,1010.2556,-1.465436,-3.2827692,0.9523161,92.348434,0.0
2023-12-30 00:00:00,24.550934,22.911407,1008.23376,-0.6215353,-3.0440874,0.9753211,90.602806,0.0
2023-12-30 06:00:00,28.6362,23.421112,1010.0588,-2.6756897,-3.8740788,0.8954352,73.44813,0.17575994
2023-12-30 12:00:00,27.612274,23.40509,1007.2706,-2.3973694,-2.1272106,0.98615485,77.88731,0.0
2023-12-30 18:00:00,24.865448,22.327332,1009.6119,-1.6325207,-2.3110895,0.50390166,85.81911,0.0
2023-12-31 00:00:00,23.685822,21.795868,1008.41437,0.24093151,-3.3161774,0.27240258,89.17152,0.0
2023-12-31 06:00:00,28.98703,22.723175,1009.27875,-2.7522993,-3.2356606,0.72243524,68.99451,0.050930306
2023-12-31 12:00:00,28.173676,23.515839,1006.14813,-2.9969015,-2.9563713,0.49898583,75.88215,0.0
2023-12-31 18:00:00,24.280304,22.253998,1009.2656,-1.1831999,-2.3956423,0.2790838,88.48017,0.0
2024-01-01 00:00:00,23.362091,21.305267,1008.6269,0.64924717,-3.5272093,0.955009,88.23992,0.0
2024-01-01 06:00:00,28.695404,21.684906,1010.01,-1.8756285,-3.7990217,0.8071682,65.871796,0.0005727634
2024-01-01 12:00:00,27.901825,22.731659,1007.0731,-2.365512,-1.1123657,0.61414284,73.52405,0.0
2024-01-01 18:00:00,24.554901,21.953888,1009.22626,-1.8720951,-2.0239239,0.9982182,85.46003,0.0
2024-01-02 00:00:00,23.91684,21.565521,1007.3738,0.39544487,-2.6254053,0.9960387,86.711266,0.0
2024-01-02 06:00:00,29.239471,22.279877,1008.72565,-2.2024374,-3.4056664,0.96480936,66.18786,0.10100141
2024-01-02 12:00:00,27.49588,23.249115,1006.58563,-2.4572382,-1.4992313,0.90741307,77.68447,0.0
2024-01-02 18:00:00,24.565033,22.19284,1008.5006,-1.59548,-1.7987165,0.6422438,86.66115,0.0
2024-01-03 00:00:00,23.414337,21.305145,1007.14685,0.4184885,-2.361228,0.6938552,87.96149,0.0
2024-01-03 06:00:00,29.224823,22.98642,1008.60876,-1.8242874,-2.790577,0.83116883,69.146194,0.10157004
2024-01-03 12:00:00,27.70642,23.006622,1005.965,-2.4981165,-1.7703362,0.5123765,75.61695,0.0
2024-01-03 18:00:00,24.917755,22.088837,1007.8681,-1.1232281,-1.2232304,0.75816995,84.31836,0.0
2024-01-04 00:00:00,24.421356,22.434937,1007.0275,0.22941875,-1.8269033,0.23378986,88.70649,0.0006686896
2024-01-04 06:00:00,30.05899,23.028412,1008.40314,-2.377141,-2.3489265,0.46667308,66.069565,0.14590658
2024-01-04 12:00:00,27.205078,23.32193,1005.6719,-2.4003134,-1.2776165,0.822507,79.36765,0.0
2024-01-04 18:00:00,25.19754,23.183502,1007.9363,-1.0000114,-1.4296923,0.9655397,88.62008,0.0
2024-01-05 00:00:00,25.085663,23.05368,1006.8688,0.8868818,-2.0779266,1.0000005,88.51499,0.1430435
2024-01-05 06:00:00,28.350922,24.065826,1008.1456,-1.8950844,-2.6404066,1.0000024,77.63014,0.03376046
2024-01-05 12:00:00,27.843292,22.963837,1006.2519,-1.3470516,-1.8715134,0.702161,74.820854,0.0
2024-01-05 18:00:00,25.966095,23.362885,1007.8281,-0.78705597,-2.4389086,0.918948,85.58999,0.0
2024-01-06 00:00:00,25.047272,22.853119,1006.27936,-0.27788448,-2.2358265,0.8877187,87.64697,0.0013373792
2024-01-06 06:00:00,28.864532,24.27182,1008.1731,-1.3092995,-3.1468706,0.99960387,76.28676,0.02518778
2024-01-06 12:00:00,27.155762,24.247375,1005.91187,-1.8671799,-2.3755484,0.9967228,84.15538,0.10640477
2024-01-06 18:00:00,24.835175,23.443176,1008.41315,-0.52443504,-3.1674986,0.99999654,91.98635,0.24825364
2024-01-07 00:00:00,25.155579,23.412476,1007.335,0.41278744,-3.1077757,0.9999993,90.07875,3.5643966
2024-01-07 06:00:00,27.33902,23.9487,1008.9425,-0.17267609,-3.7897444,0.97133845,81.77664,0.0
2024-01-07 12:00:00,26.771027,24.591064,1005.4525,-1.4346237,-3.684472,1.0000017,87.869446,0.0
2024-01-07 18:00:00,24.047028,23.199371,1008.57,0.08818245,-2.5241756,0.99154896,95.021935,0.0
2024-01-08 00:00:00,24.06778,23.021759,1007.28876,0.43489742,-2.9141684,1.0000002,93.88976,1.8485643
2024-01-08 06:00:00,25.83603,24.117432,1009.5563,-0.84978676,-1.4963522,0.9731591,90.25915,0.0
2024-01-08 12:00:00,26.111176,24.172089,1006.64624,-1.0770168,-2.386776,1.0,89.09275,0.3561784
2024-01-08 18:00:00,24.880493,24.080597,1009.03375,-1.1884308,-1.5127048,1.0,95.325096,0.0
2024-01-09 00:00:00,25.00705,23.688324,1006.1875,-1.6682186,-2.9533892,0.9999997,92.40309,0.0
2024-01-09 06:00:00,26.01358,24.504944,1009.9994,-2.7804155,-1.7563391,0.9996036,91.41368,1.0351514
2024-01-09 12:00:00,26.998138,23.39978,1007.1475,-1.7637405,-2.5200005,1.0,80.71601,0.0
2024-01-09 18:00:00,24.930573,23.02237,1008.72876,-1.6239157,-3.3194017,1.0,89.16812,0.12042746
2024-01-10 00:00:00,24.924347,23.13379,1006.94,0.6299429,-2.9513998,0.9936942,89.80444,0.0
2024-01-10 06:00:00,28.787994,23.402374,1008.89435,-3.3421164,-3.4554815,1.0,72.72202,0.06770648
2024-01-10 12:00:00,27.495941,22.840973,1006.6362,-1.9509363,-2.466402,1.0,75.78941,0.0
2024-01-10 18:00:00,25.382477,22.886566,1009.8869,-1.8232422,-2.4868584,0.95736575,86.08969,0.0
2024-01-11 00:00:00,24.46939,22.782562,1008.4437,0.1405983,-2.817708,0.8693776,90.33796,0.001906883
2024-01-11 06:00:00,29.577057,22.740997,1009.6869,-2.9334126,-4.23131,0.36675346,66.75482,0.0
2024-01-11 12:00:00,28.295502,22.059113,1006.6788,-2.7740993,-1.8434114,0.7426798,68.97779,0.0
2024-01-11 18:00:00,24.811188,21.785583,1009.52,-1.4136915,-2.6545992,0.85826075,83.30087,0.0
2024-01-12 00:00:00,24.443756,22.081451,1007.8525,-0.26478767,-2.861559,0.9810527,86.70209,0.00038126684
2024-01-12 06:00:00,29.451874,22.346588,1009.91815,-4.2247505,-2.6225348,0.822823,65.64703,0.049299203
2024-01-12 12:00:00,28.5112,22.28064,1006.8331,-2.2639227,-2.0894203,0.43503302,69.043465,0.0
2024-01-12 18:00:00,24.854889,22.39972,1009.82935,-0.93673515,-1.976737,0.2295394,86.25205,0.0
2024-01-13 00:00:00,24.095123,22.59848,1008.3175,0.68645954,-2.1355581,0.9951047,91.36162,0.0011445954
2024-01-13 06:00:00,29.069733,23.399048,1010.73315,-2.1654844,-3.2462835,0.72930235,71.53074,0.11270773
2024-01-13 12:00:00,28.975616,22.84256,1007.7681,-2.107912,-1.1145859,0.6624837,69.54157,0.0
2024-01-13 18:00:00,24.48703,22.939575,1010.48126,-1.2121878,-1.2287636,0.83179724,91.10519,0.0
2024-01-14 00:00:00,24.23294,22.753784,1008.4075,0.24385071,-2.1884527,0.07561122,91.4671,0.0
2024-01-14 06:00:00,29.47055,22.79364,1009.5588,-1.985918,-3.095255,0.30278224,67.38075,0.0009536743
2024-01-14 12:00:00,28.575287,21.713654,1006.41,-2.8068008,-1.1701307,0.25823975,66.449265,0.0
2024-01-14 18:00:00,23.472626,21.954346,1009.23376,-1.4859886,-1.2935524,0.0077595958,91.20248,0.0
2024-01-15 00:00:00,23.338776,21.803802,1008.17377,0.9607973,-2.1618004,0.4854616,91.10109,0.0003813766
2024-01-15 06:00:00,29.638153,21.926239,1009.84814,-1.7796402,-2.959011,0.52214235,63.303917,0.043109525
2024-01-15 12:00:00,28.456451,21.909576,1005.7619,-2.0969229,-0.980566,0.22676855,67.714874,0.0
2024-01-15 18:00:00,22.55899,20.627594,1008.3125,-1.7863922,-0.6724205,0.19400886,88.8572,0.0
2024-01-16 00:00:00,21.776154,20.166412,1007.2469,0.10220146,-1.6156225,0.3253861,90.580734,0.0
2024-01-16 06:00:00,28.845428,20.441864,1008.84564,-1.4126558,-1.9206285,0.28560022,60.501785,0.0
2024-01-16 12:00:00,28.434174,20.643097,1004.805,-2.0901775,-0.5911398,0.017478943,62.736748,0.0
2024-01-16 18:00:00,21.09024,18.874481,1007.46313,-1.6689253,-0.25040054,0.14874038,87.17964,0.0
2024-01-17 00:00:00,20.907257,19.283813,1006.7525,0.95200634,-1.9692659,0.100277,90.44431,0.0
2024-01-17 06:00:00,29.144135,20.28183,1007.8725,-0.8896847,-0.8489704,0.08253278,58.880043,0.0
2024-01-17 12:00:00,29.297272,21.408417,1005.0025,-1.8964577,-0.14471531,0.0,62.54924,0.0
2024-01-17 18:00:00,22.851837,21.612518,1007.3869,-1.7505312,-0.79140663,0.002817154,92.73342,0.0
2024-01-18 00:00:00,23.782867,22.253448,1006.755,0.75716496,-1.6692877,0.34545058,91.16023,0.00047683716
2024-01-18 06:00:00,28.891144,23.57309,1008.7275,-1.4950066,-1.6286306,0.42628348,73.036606,0.10136054
2024-01-18 12:00:00,28.84079,23.40039,1005.5625,-1.7081099,-0.86531353,0.42311656,72.49116,0.00076457113
2024-01-18 18:00:00,25.68106,23.51059,1007.90314,-2.0645037,-0.94462776,0.56717026,87.82699,0.0
2024-01-19 00:00:00,25.480682,23.20166,1006.57935,0.29123402,-1.796341,0.7255031,87.236015,0.0
2024-01-19 06:00:00,30.137787,23.90738,1009.0825,-1.4004707,-1.7252502,0.87892056,69.351974,0.0645583
2024-01-19 12:00:00,27.133514,23.5159,1005.83624,-2.3340702,-1.0566835,0.78845084,80.639786,0.027739495
2024-01-19 18:00:00,25.925018,23.82785,1007.8725,-1.9556379,-1.2070999,0.98726124,88.23602,0.0
2024-01-20 00:00:00,25.232208,23.230225,1007.59375,-0.71357346,-2.2443419,0.98498064,88.68747,0.058171663
2024-01-20 06:00:00,28.1893,22.892365,1010.3237,-1.4528494,-2.5607681,0.89795214,73.009926,0.0
2024-01-20 12:00:00,28.307281,23.320343,1006.7025,-1.0896769,-1.683363,0.9715343,74.411476,0.0
2024-01-20 18:00:00,26.413666,23.926666,1009.3194,-1.7215319,-1.6271553,0.5312978,86.234886,0.0
2024-01-21 00:00:00,25.620087,23.436554,1008.0513,-0.6065645,-2.306282,0.972824,87.752625,0.017367303
2024-01-21 06:00:00,30.436432,24.23526,1009.9469,-2.5074034,-2.2054052,0.33363068,69.52982,0.12140402
2024-01-21 12:00:00,29.431,23.049469,1006.4456,-2.4996786,-1.0682487,0.11046162,68.58908,0.0
2024-01-21 18:00:00,23.920319,22.764008,1009.6788,-1.1021433,-1.0842733,0.2756891,93.25776,0.0
2024-01-22 00:00:00,23.962921,22.074127,1008.97314,0.19661617,-1.6643553,0.6004239,89.19912,0.0
2024-01-22 06:00:00,29.772614,21.959686,1011.385,-1.4216251,-2.0078764,0.29692352,62.94396,0.0
2024-01-22 12:00:00,29.179108,21.306976,1007.73126,-1.8622026,-1.6830368,0.0,62.587524,0.0
2024-01-22 18:00:00,22.9086,21.512177,1010.2981,-1.2551956,-1.1491108,0.03453064,91.849495,0.0
2024-01-23 00:00:00,23.36612,21.551971,1009.5475,0.20846081,-1.7583008,0.5764091,89.56148,0.0
2024-01-23 06:00:00,29.377655,22.43686,1010.905,-2.774744,-0.85550594,0.35929447,66.29163,0.0057211146
2024-01-23 12:00:00,28.976654,21.772156,1007.3256,-2.4813128,-0.63422394,0.13302356,65.153305,0.0
2024-01-23 18:00:00,23.369904,20.934998,1009.5087,-1.8648949,0.114076614,0.014411926,86.21623,0.0
2024-01-24 00:00:00,22.881744,20.902588,1008.91125,1.2613535,-0.54223865,0.43573505,88.6222,0.0
2024-01-24 06:00:00,29.863617,21.391571,1010.6987,-1.6015291,0.33750004,0.27071434,60.478065,9.534415e-05
2024-01-24 12:00:00,29.254425,21.477936,1006.6144,-2.3674355,0.19743979,0.30554175,62.971752,0.0
2024-01-24 18:00:00,23.332306,20.617615,1009.48065,-2.1660118,0.7735739,0.7906229,84.74055,0.0
2024-01-25 00:00:00,22.127106,20.32608,1008.73627,0.81023026,-1.1132364,0.69226897,89.54126,0.0
2024-01-25 06:00:00,30.017548,21.890472,1011.28687,-2.3791227,0.42837656,0.24300915,61.80212,0.03585033
2024-01-25 12:00:00,29.531097,21.981659,1008.41064,-2.464882,-0.74327564,0.13098145,63.911404,0.0
2024-01-25 18:00:00,23.099518,20.989075,1011.3119,-1.9640646,-0.5799055,0.04955753,87.92793,0.0
2024-01-26 00:00:00,23.555695,21.301605,1010.175,-0.061674118,-2.4136686,0.26881626,87.19595,0.0
2024-01-26 06:00:00,29.764557,20.615936,1012.7025,-2.6330862,-2.5359364,0.30665737,57.993137,0.0064838678
2024-01-26 12:00:00,28.88559,21.580963,1009.64124,-2.5177479,-2.246829,0.48831773,64.736755,0.0
2024-01-26 18:00:00,23.831696,22.108704,1012.2325,-1.8933544,-1.5304699,0.03773932,90.095215,0.0
2024-01-27 00:00:00,23.496979,21.50534,1011.3069,0.5457182,-2.0750809,0.28224182,88.60403,0.01611188
2024-01-27 06:00:00,29.476837,21.638824,1012.6094,-2.8731203,-2.6881237,0.32293427,62.783424,0.0
2024-01-27 12:00:00,29.146698,21.1857,1008.88,-2.308817,-2.0249043,0.6821535,62.240253,0.0
2024-01-27 18:00:00,24.311676,22.435455,1012.03314,-1.6683826,-1.4657173,0.64550686,89.29402,0.0
2024-01-28 00:00:00,24.107819,22.04663,1010.1844,0.018239975,-2.4223185,0.9343403,88.27824,0.009629875
2024-01-28 06:00:00,30.123322,22.293915,1012.21936,-3.3072548,-2.2599716,0.28327572,62.956738,0.0
2024-01-28 12:00:00,29.114288,21.79898,1008.4969,-2.6490345,-1.9204254,0.46466285,64.74246,0.0
2024-01-28 18:00:00,24.393036,21.763947,1011.7081,-1.9710855,-1.68083,0.24331135,85.29729,0.0
2024-01-29 00:00:00,24.045258,21.769897,1009.60815,-0.14062023,-2.9561272,0.9811534,87.12664,0.0
2024-01-29 06:00:00,29.137238,21.34439,1011.66376,-2.3408918,-3.4983215,0.4197576,62.883247,0.0
2024-01-29 12:00:00,28.3779,21.079376,1008.2969,-2.6668835,-1.4506655,0.10552597,64.654205,0.0
2024-01-29 18:00:00,23.966705,20.650543,1011.2469,-1.9976025,-2.1009026,0.9755297,81.72945,0.0
2024-01-30 00:00:00,23.451813,20.145538,1009.6075,0.37256908,-3.198555,0.94635993,81.71525,0.0
2024-01-30 06:00:00,29.714508,21.523773,1010.53186,-1.2181339,-2.8729963,0.3634963,61.49501,0.0
2024-01-30 12:00:00,29.71817,22.322113,1006.9944,-3.0633707,-1.593298,0.8157877,64.55103,0.0
2024-01-30 18:00:00,24.799469,22.366089,1010.2562,-2.3271704,-1.2902479,0.7682195,86.36112,0.0
2024-01-31 00:00:00,24.480194,21.933685,1008.8094,0.5308552,-2.6072245,0.9189313,85.73717,0.0
2024-01-31 06:00:00,30.210968,22.562714,1010.58624,-1.1695652,-2.0766897,0.6900578,63.67271,0.0056289136
2024-01-31 12:00:00,29.654205,23.054657,1007.09314,-2.5219088,-0.90091133,0.53151757,67.73337,0.0
2024-01-31 18:00:00,25.336517,24.354095,1009.7981,-1.7320147,-0.34237957,0.776031,94.30443,0.0
2024-02-01 00:00:00,25.41687,24.03305,1008.9775,-0.5125313,-2.029852,0.9966691,92.06487,0.0019102936
2024-02-01 06:00:00,30.403107,23.845062,1011.07623,-1.4954004,-1.0936289,0.9982173,68.04933,0.0644775
2024-02-01 12:00:00,30.564728,24.03183,1007.27,-2.8349705,0.018230438,0.9248682,68.183556,0.0
2024-02-01 18:00:00,25.88211,24.954193,1009.5725,-1.5205193,0.234177,0.9045488,94.634094,0.0
2024-02-02 00:00:00,25.121918,24.21759,1008.98,-0.15501785,-1.3335972,0.9999998,94.73837,0.18369849
2024-02-02 06:00:00,30.884186,25.07309,1010.515,-2.4523468,0.113658905,0.86959654,71.25286,0.0
2024-02-02 12:00:00,30.532318,23.368958,1006.5419,-2.3486958,-0.3428259,0.57649606,65.63772,0.0
2024-02-02 18:00:00,25.809235,24.484161,1009.3169,-1.8476543,0.10982895,0.9495021,92.41158,0.0
2024-02-03 00:00:00,24.634003,23.274658,1008.8475,0.056095123,-1.647213,0.7828194,92.156364,0.0
2024-02-03 06:00:00,31.084381,22.7919,1010.52,-2.4951668,-1.5924091,0.28273785,61.418606,0.003911089
2024-02-03 12:00:00,29.77652,22.936676,1007.6131,-3.5838156,-1.4218216,0.079064846,66.779465,0.0
2024-02-03 18:00:00,25.153717,23.172699,1011.25,-1.5231571,-1.1677723,0.123524845,88.79365,0.0
2024-02-04 00:00:00,24.428192,22.438293,1010.26874,0.43280315,-1.9876051,0.5547682,88.68825,0.0
2024-02-04 06:00:00,30.395294,22.416656,1012.5875,-1.8997202,-2.9172554,0.19619334,62.446804,0.0
2024-02-04 12:00:00,30.03299,21.586151,1009.19,-3.086667,-1.8860788,0.7253818,60.6098,0.0
2024-02-04 18:00:00,24.398956,22.915558,1011.83124,-1.5649557,-1.6823168,0.5986796,91.45374,0.0
2024-02-05 00:00:00,24.503387,22.397064,1010.15186,0.24281406,-2.1407585,0.3093102,88.06893,0.0036242418
2024-02-05 06:00:00,30.311066,22.047882,1012.9906,-2.422862,-2.5176077,0.28143,61.356056,0.0
2024-02-05 12:00:00,29.583893,20.865814,1009.52185,-2.873662,-1.1085415,0.0,59.508163,0.0
2024-02-05 18:00:00,23.951752,21.76471,1012.4956,-1.4660368,-1.2263088,0.0,87.58964,0.0
2024-02-06 00:00:00,23.423859,21.785736,1009.89935,0.4581747,-2.082409,0.58466077,90.53455,0.0
2024-02-06 06:00:00,30.033844,21.809662,1012.27625,-3.0995102,-2.0764284,0.52287626,61.440445,0.0
2024-02-06 12:00:00,29.739044,22.141754,1008.2456,-3.4284906,-1.7147398,0.11122288,63.76953,0.0
2024-02-06 18:00:00,23.473053,22.229523,1011.2294,-1.3703947,-1.3722105,0.017974854,92.74231,0.0
2024-02-07 00:00:00,22.758453,21.802948,1009.60187,-0.006368637,-1.5787249,0.56240964,94.35149,0.00076321885
2024-02-07 06:00:00,29.7034,21.937653,1012.02185,-1.5017376,-1.690527,0.2939329,63.110397,0.0
2024-02-07 12:00:00,30.266266,21.172943,1008.34814,-2.7199297,-1.1247768,0.0,58.30873,0.0
2024-02-07 18:00:00,23.185822,21.70221,1010.9931,-1.996707,-0.27385712,0.0077667236,91.37776,0.0
2024-02-08 00:00:00,22.859406,21.811554,1008.15436,1.0494938,-1.6170282,0.6237335,93.82524,0.0
2024-02-08 06:00:00,30.101227,22.72342,1010.7475,-1.7245626,-1.1311369,0.46489048,64.702965,9.53296e-05
2024-02-08 12:00:00,30.546906,22.453583,1006.6144,-2.6865997,-0.7153063,0.16771291,62.046116,0.0
2024-02-08 18:00:00,23.52127,22.121948,1010.375,-1.9165897,0.18407726,0.0038223267,91.869255,0.0
2024-02-09 00:00:00,24.139435,23.03836,1008.925,0.42529964,-1.3783226,0.94999045,93.58075,0.0
2024-02-09 06:00:00,30.26773,22.601227,1011.3219,-2.5558186,-1.5130234,0.22147065,63.61432,0.0
2024-02-09 12:00:00,30.136505,21.753815,1007.685,-3.3058977,-1.0876608,0.009803772,60.871307,0.0
2024-02-09 18:00:00,25.228058,22.99405,1011.7569,-1.6163626,-1.2252502,0.30372313,87.451416,0.0
2024-02-10 00:00:00,25.070648,22.79831,1010.9969,0.42930317,-1.531558,0.15625846,87.2347,0.0011436641
2024-02-10 06:00:00,30.295074,23.113007,1012.3806,-3.6853085,-1.9521532,0.43679518,65.51493,0.09269267
2024-02-10 12:00:00,30.109467,22.509003,1008.7381,-3.5110178,-1.4621887,0.14664042,63.83615,0.0
2024-02-10 18:00:00,25.017181,23.549164,1011.9256,-1.7509193,-0.5808239,0.07261291,91.576355,0.0
2024-02-11 00:00:00,24.682648,23.110992,1010.27185,-0.5217743,-1.8954353,0.7392974,90.98437,0.023553148
2024-02-11 06:00:00,30.418488,22.516327,1013.2456,-3.801981,-2.7032442,0.55567676,62.74273,0.0
2024-02-11 12:00:00,29.10556,21.744904,1009.865,-3.7518053,-2.187395,0.15470916,64.561554,0.0
2024-02-11 18:00:00,23.861603,21.824463,1011.96,-1.4032345,-1.7587214,0.1581407,88.38756,0.0
2024-02-12 00:00:00,23.507477,21.31778,1010.5694,0.48742294,-2.6243124,0.7419531,87.53652,0.0
2024-02-12 06:00:00,29.749542,21.08725,1012.65063,-3.6158276,-3.033372,0.9497035,59.750652,0.00743742
2024-02-12 12:00:00,29.977814,21.84787,1008.8906,-3.4450846,-1.715169,0.52279806,61.78251,0.0
2024-02-12 18:00:00,24.948395,21.741577,1011.98,-1.0177002,-1.7108068,0.2842058,82.39979,0.0
2024-02-13 00:00:00,24.446442,21.431976,1009.2375,0.6704626,-2.246438,0.7953964,83.31592,0.0
2024-02-13 06:00:00,30.52884,23.123505,1011.1956,-2.6360054,-3.7217932,0.36160564,64.684494,0.040832907
2024-02-13 12:00:00,30.518585,23.733002,1007.96686,-3.0165777,-2.0584192,0.47641546,67.14657,0.0
2024-02-13 18:00:00,26.41867,23.897003,1010.6181,-1.3059263,-2.0708437,0.4542505,86.05585,0.094926335
2024-02-14 00:00:00,24.740753,22.981934,1009.3081,-1.1364622,-2.8179646,0.99436307,89.96385,0.0
2024-02-14 06:00:00,31.309357,22.819641,1010.6119,-3.7393084,-3.2073965,0.24650729,60.738647,0.0
2024-02-14 12:00:00,30.27835,21.212921,1007.2019,-3.500598,-2.1221828,0.14246958,58.411427,0.0
2024-02-14 18:00:00,24.974945,23.189667,1010.08624,-1.2548447,-1.5397959,0.10588357,89.836754,0.0
2024-02-15 00:00:00,24.770905,22.831696,1008.905,0.05579281,-2.1993446,0.7999194,88.988556,0.0009534673
2024-02-15 06:00:00,30.593292,22.58725,1010.6394,-3.4859762,-3.0337963,0.5159396,62.386124,0.0033373686
2024-02-15 12:00:00,30.121124,22.18869,1007.5669,-3.9888325,-1.9958239,0.47589093,62.56268,0.0
2024-02-15 18:00:00,25.589874,22.707275,1010.16315,-1.4253464,-1.5445156,0.34693617,84.116394,0.0
2024-02-16 00:00:00,24.884064,22.369446,1009.0681,-0.65220356,-2.480425,0.3833902,85.94365,0.03261119
2024-02-16 06:00:00,31.136139,22.839447,1011.3869,-3.6346655,-1.9848652,0.6948886,61.41442,0.019940156
2024-02-16 12:00:00,30.990265,22.0336,1007.7631,-3.252283,-1.9254704,0.039373323,58.96727,0.0
2024-02-16 18:00:00,25.697052,23.305023,1010.40063,-1.0284643,-1.856926,0.011950035,86.66213,0.0
2024-02-17 00:00:00,24.827911,22.591827,1008.34625,0.32094002,-2.9263391,0.58361393,87.40522,0.0
2024-02-17 06:00:00,31.285553,21.85904,1009.6,-2.7726488,-2.912222,0.872055,57.369186,0.0
2024-02-17 12:00:00,30.835358,21.711823,1006.1337,-3.7058191,-1.3463669,0.16261405,58.333908,0.0
2024-02-17 18:00:00,24.918182,23.241974,1009.3837,-1.0437937,-1.4826202,0.017447516,90.426796,0.0
2024-02-18 00:00:00,24.20108,22.54898,1007.1256,0.34251976,-1.8576937,0.7577672,90.510185,0.0
2024-02-18 06:00:00,31.415924,22.830536,1009.4988,-2.3250456,-1.454174,0.491575,60.41139,0.0
2024-02-18 12:00:00,31.05362,22.389496,1005.5112,-3.8124838,-0.42417336,0.74284846,60.041573,0.0
2024-02-18 18:00:00,25.085358,23.133026,1008.8844,-1.7498112,-0.6475792,0.032780048,88.94238,0.0
2024-02-19 00:00:00,24.674835,22.545715,1007.5613,0.5822573,-1.4994307,0.84518623,87.96146,0.00047672074
2024-02-19 06:00:00,31.337921,22.42215,1009.9888,-2.6111298,0.22439086,0.2342301,59.19452,0.00028626528
2024-02-19 12:00:00,30.993683,22.572296,1005.8806,-3.4290829,-0.3490343,0.07323243,60.920036,0.0
2024-02-19 18:00:00,25.368256,23.334778,1009.3869,-2.1412601,-0.20665264,0.08615288,88.529816,0.0
2024-02-20 00:00:00,24.966583,23.039429,1007.72375,0.7421808,-1.266881,0.5649732,89.06872,0.0034330878
2024-02-20 06:00:00,31.343048,22.824677,1009.52374,-2.9957228,0.25673294,0.2979036,60.640804,0.0
2024-02-20 12:00:00,31.227814,21.799896,1005.5588,-3.422845,0.65176016,0.0743106,57.350624,0.0
2024-02-20 18:00:00,25.481598,22.885712,1008.4913,-2.2311325,1.1339043,0.03684744,85.57961,0.0
2024-02-21 00:00:00,23.884857,22.60672,1006.90063,1.0345917,-0.52320015,0.85480297,92.56927,0.0
2024-02-21 06:00:00,31.12967,22.4805,1008.58,-0.3657112,0.91828835,0.15588331,60.113453,0.0
2024-02-21 12:00:00,32.49466,21.81009,1003.7031,-2.1304626,1.1785955,0.03793335,53.409946,0.0
2024-02-21 18:00:00,26.313446,22.781586,1007.025,-1.6006794,1.3625466,0.012401331,80.9532,0.0
2024-02-22 00:00:00,25.108185,23.071472,1006.41125,1.2763891,0.20466971,0.92880297,88.49149,0.0
2024-02-22 06:00:00,32.31485,23.885406,1008.2975,0.46360588,2.4110384,0.48843223,61.18468,0.013731886
2024-02-22 12:00:00,32.513092,24.21463,1004.4556,-2.8487425,2.5897417,0.85466915,61.711723,0.0
2024-02-22 18:00:00,27.598541,23.989227,1007.7656,-0.708869,2.4990253,0.0256426,80.74004,0.0
2024-02-23 00:00:00,25.965973,24.402496,1006.70374,0.5240545,1.4467745,0.5383051,91.111084,0.0
2024-02-23 06:00:00,32.888947,24.00119,1007.35565,0.36645603,2.260169,0.1550399,59.649624,0.00429394
2024-02-23 12:00:00,32.728546,24.813995,1003.4975,-3.1704483,2.1526566,0.26596534,63.193024,0.0
2024-02-23 18:00:00,27.651184,26.229218,1006.70435,-1.9594746,1.9500084,0.21419056,91.98291,0.0
2024-02-24 00:00:00,26.988281,25.096344,1005.7625,0.54093075,1.0136961,0.9237909,89.410614,0.33783913
2024-02-24 06:00:00,32.40445,25.457672,1008.08813,-1.9075222,1.3063784,0.23460883,66.87395,0.0
2024-02-24 12:00:00,32.086456,23.045624,1004.5275,-3.2939386,1.3677502,0.12340546,58.918953,0.0
2024-02-24 18:00:00,26.644226,23.592926,1007.5756,-2.629321,0.6224324,0.035888672,83.37928,0.0
2024-02-25 00:00:00,25.104279,22.54309,1005.425,0.23083878,-0.7855606,0.4540509,85.72239,0.0
2024-02-25 06:00:00,31.46695,22.355865,1007.4844,-2.658844,-0.63699627,0.22280955,58.525394,0.0
2024-02-25 12:00:00,30.68985,22.808197,1003.78687,-4.26497,-1.2221928,0.1875031,62.879692,0.0
2024-02-25 18:00:00,26.059906,23.124847,1007.2981,-1.6528683,-1.6150455,0.2988066,83.90094,0.0
2024-02-26 00:00:00,25.365387,23.294647,1006.0069,-1.1799011,-1.1089163,0.5218572,88.33061,0.07457852
2024-02-26 06:00:00,31.0784,23.454071,1008.3244,-4.5363426,-1.5128174,0.53087956,63.94944,0.06494416
2024-02-26 12:00:00,31.074005,23.021088,1004.90314,-4.0746737,-2.3397102,0.19569528,62.313946,0.0
2024-02-26 18:00:00,26.897614,23.924683,1008.3862,-2.9822235,-2.2662754,0.21844786,83.80185,0.0
2024-02-27 00:00:00,26.263214,23.305176,1006.725,-0.6001606,-2.8971558,0.85653067,83.80695,0.00057183206
2024-02-27 06:00:00,32.042633,23.280579,1008.9025,-4.7325706,-2.6790113,0.90558475,59.910156,0.003432855
2024-02-27 12:00:00,30.999908,22.33908,1005.6225,-3.403552,-2.4768314,0.6236825,60.041393,0.0
2024-02-27 18:00:00,25.783417,23.700592,1008.36,-1.4619474,-1.7516708,0.29304987,88.30057,0.0
2024-02-28 00:00:00,25.12674,23.388702,1006.6362,0.65898514,-2.434307,0.24352282,90.10424,0.0
2024-02-28 06:00:00,31.428253,22.988495,1008.2425,-3.59377,-3.0129766,0.37790954,60.94935,0.0068661757
2024-02-28 12:00:00,31.29483,21.903656,1004.6825,-3.9343977,-1.4613619,0.034397125,57.495247,0.0
2024-02-28 18:00:00,25.370941,23.700592,1007.60876,-1.2673817,-1.4277563,0.021362305,90.48947,0.0
2024-02-29 00:00:00,24.839752,23.322113,1005.7056,0.54653263,-2.3856153,0.7852897,91.2918,0.0
2024-02-29 06:00:00,31.8638,22.874298,1008.83124,-3.2064705,-1.5429077,0.5334747,59.050987,0.00038160942
2024-02-29 12:00:00,31.874786,21.497162,1005.3081,-3.4238958,-0.6766615,0.3860112,54.267128,0.0
2024-02-29 18:00:00,25.5831,23.784332,1009.2681,-1.4899778,-0.92227745,0.8508614,89.80754,0.0
2024-03-01 00:00:00,25.356659,23.922821,1007.2531,0.9497919,-2.1134539,0.9996032,91.78517,0.0
2024-03-01 06:00:00,32.120636,21.887238,1009.58124,-4.000243,-1.8667278,0.99905914,54.80816,9.534415e-05
2024-03-01 12:00:00,31.900055,21.072174,1006.14124,-3.4876661,-0.8475523,0.97682005,52.79574,0.0
2024-03-01 18:00:00,25.569305,23.964874,1009.45874,-1.3692389,-0.691803,0.99999934,90.86212,0.0
2024-03-02 00:00:00,26.057343,24.387726,1007.3606,0.37930202,-0.832736,0.9939624,90.539696,9.53296e-05
2024-03-02 06:00:00,31.94046,22.216095,1009.47,-0.42650986,-0.2601862,0.9367273,56.491207,0.0
2024-03-02 12:00:00,32.9722,21.352081,1004.83435,-2.536086,0.25424004,0.59821093,50.556004,0.0
2024-03-02 18:00:00,25.88092,23.615082,1008.27185,-2.0289736,0.27944624,0.0,87.34091,0.0
2024-03-03 00:00:00,24.621124,23.651306,1006.54565,0.17933941,-1.454381,0.7051885,94.34639,0.0
2024-03-03 06:00:00,31.764069,22.729675,1008.90436,-2.174718,-0.2574901,0.32451814,58.86759,0.0
2024-03-03 12:00:00,32.5347,20.985504,1004.2625,-3.1403608,0.09808326,0.0,50.664513,0.0
2024-03-03 18:00:00,24.921814,23.032135,1007.6925,-1.685544,0.62739104,0.0,89.26744,0.0
2024-03-04 00:00:00,23.313812,22.143707,1006.59314,0.7914295,-0.5834751,0.84134865,93.14972,0.0
2024-03-04 06:00:00,30.992706,21.920013,1008.32,-1.2353258,-0.33983046,0.20925887,58.552032,0.0
2024-03-04 12:00:00,31.998444,21.8497,1004.5675,-3.081522,0.32637024,0.022537231,55.06221,0.0
2024-03-04 18:00:00,25.349335,22.25827,1008.3425,-2.1256056,0.26018697,0.0022735596,83.03083,0.0
2024-03-05 00:00:00,23.844513,21.98822,1006.6794,1.3413963,-0.6751108,0.80106807,89.36703,0.0
2024-03-05 06:00:00,31.05655,22.135468,1008.1844,-1.4526615,-0.023959279,0.4566305,59.110588,0.0
2024-03-05 12:00:00,32.021393,21.566498,1004.44,-3.174224,0.79426694,0.9999985,54.047142,0.0
2024-03-05 18:00:00,25.241425,22.76651,1008.2056,-1.5152149,0.26611632,0.8807791,86.185715,0.0
2024-03-06 00:00:00,24.486603,22.607391,1006.375,0.86987877,-0.53121567,0.9942624,89.29107,0.0
2024-03-06 06:00:00,31.227203,21.724579,1008.51,-0.78723145,0.2440499,0.9927795,57.089317,0.0
2024-03-06 12:00:00,32.513947,21.409332,1004.54565,-2.8607903,0.72698253,0.24029237,52.060097,0.0
2024-03-06 18:00:00,25.451385,23.060608,1007.52185,-1.9524765,0.7226989,0.966103,86.64589,0.0
2024-03-07 00:00:00,23.531769,22.298431,1006.02625,0.9008322,-0.11666083,1.0000005,92.802925,0.0
2024-03-07 06:00:00,32.0336,21.714996,1007.6819,-0.6290636,0.49354735,0.9481257,54.50244,0.0
2024-03-07 12:00:00,33.032013,21.023468,1003.5025,-2.909276,1.0544387,0.035751343,49.380585,0.0
2024-03-07 18:00:00,24.59079,22.492767,1007.37,-1.4592791,0.516654,0.46772194,88.120705,0.0
2024-03-08 00:00:00,23.91568,22.546112,1005.7681,0.93669796,-0.25340503,0.39009994,92.058495,0.0
2024-03-08 06:00:00,32.463043,22.652985,1007.8631,-0.40518188,2.247816,0.3715572,56.322308,0.0
2024-03-08 12:00:00,33.79959,21.994843,1003.59314,-1.9021225,2.009461,0.17256927,50.19878,0.0
2024-03-08 18:00:00,26.388458,23.851837,1007.415,-1.9343452,2.1536684,0.034503937,85.975586,0.0
2024-03-09 00:00:00,24.97293,23.771393,1005.47125,0.8746681,-0.4116119,0.96393615,93.055374,0.0
2024-03-09 06:00:00,32.738678,23.841705,1007.58563,-0.45270061,0.9587884,0.18906045,59.582447,0.0
2024-03-09 12:00:00,33.604523,22.50473,1003.77185,-3.078473,0.96460617,0.24557185,52.34912,0.0
2024-03-09 18:00:00,27.526672,24.783783,1007.88873,-2.811676,1.1878052,0.27835184,85.03215,0.0
2024-03-10 00:00:00,26.921936,24.23996,1007.4394,0.24520779,0.35129106,0.7035919,85.281006,0.0003799796
2024-03-10 06:00:00,33.231598,22.512115,1009.47815,-1.4092197,1.4234648,0.14294851,53.47879,0.0
2024-03-10 12:00:00,33.82193,19.95102,1005.7944,-3.4002323,-0.18489552,0.019722939,44.218235,0.0
2024-03-10 18:00:00,26.355621,24.246124,1010.21686,-2.4925613,-0.31451893,0.013703572,88.20621,0.0
2024-03-11 00:00:00,25.688751,23.828094,1008.89185,-0.32504177,-1.0317259,0.6238829,89.48153,0.0
2024-03-11 06:00:00,33.064728,22.935455,1010.8844,-2.31633,0.021878183,0.21416265,55.386204,0.0
2024-03-11 12:00:00,32.74759,21.296234,1006.9194,-3.7752552,0.7285594,0.020651702,51.024117,0.0
2024-03-11 18:00:00,26.340576,23.818695,1010.8,-1.7873507,0.68420583,0.09020996,86.047195,0.0
2024-03-12 00:00:00,25.7388,23.54309,1008.9375,0.74062157,-0.40071929,0.93050873,87.6984,0.0
2024-03-12 06:00:00,33.033722,22.55008,1010.1525,-1.3828278,0.81236494,0.068909734,54.201252,0.0
2024-03-12 12:00:00,32.963287,20.893646,1006.195,-3.7743502,1.0897932,0.0,49.17777,0.0
2024-03-12 18:00:00,25.461395,23.62143,1009.1425,-1.2379599,0.9588819,0.07650757,89.57623,0.0
2024-03-13 00:00:00,24.59372,23.788055,1007.27563,0.7297516,0.52092034,0.9491831,95.282234,0.0
2024-03-13 06:00:00,32.80789,22.415192,1009.0031,-0.120414734,2.0202198,0.18534786,54.446102,0.0
2024-03-13 12:00:00,33.94583,20.831207,1004.5125,-2.0444307,2.1817636,0.24282336,46.365116,0.0
2024-03-13 18:00:00,26.69107,22.917389,1008.3875,-2.027935,1.7414482,0.46506158,79.82487,0.0
2024-03-14 00:00:00,24.366974,22.841034,1007.2562,1.2433138,0.55076706,0.4187815,91.216354,0.0
2024-03-14 06:00:00,33.4545,20.710724,1008.3837,0.21374232,1.2269069,0.004609108,47.30488,0.0
2024-03-14 12:00:00,34.628815,20.231842,1003.8688,-2.1680346,0.86254203,0.21109009,43.01508,0.0
2024-03-14 18:00:00,26.784027,21.716644,1007.08685,-1.3874426,1.0833963,0.14933777,73.79697,0.0
2024-03-15 00:00:00,25.418488,22.100128,1006.11127,0.93161774,-0.30848175,0.6328675,81.89766,0.0
2024-03-15 06:00:00,33.110992,22.717896,1007.52313,-0.09752941,0.9580381,0.21218082,54.51888,0.0
2024-03-15 12:00:00,34.013214,23.965546,1003.53564,-2.9570827,1.9755363,0.00288105,55.88802,0.0
2024-03-15 18:00:00,27.325897,24.65805,1007.66125,-1.6670008,1.4638059,0.04299106,85.39389,0.0
2024-03-16 00:00:00,26.872406,24.908417,1006.0781,-0.5534868,2.4630961,0.8181247,89.018616,0.010488555
2024-03-16 06:00:00,33.37613,24.066528,1007.89624,-0.68076324,1.6525555,0.14771377,58.26785,0.0
2024-03-16 12:00:00,33.82852,23.762482,1003.9481,-3.2570314,1.5933781,0.13217926,55.78212,0.0
2024-03-16 18:00:00,27.232452,24.741852,1007.40686,-1.975338,0.2901687,0.010019652,86.29397,0.0
2024-03-17 00:00:00,25.929108,23.684204,1006.53,-0.918911,0.8578632,0.34399056,87.45538,0.004195492
2024-03-17 06:00:00,32.761627,22.957977,1008.555,-2.0459366,0.9889218,0.26294965,56.415493,0.0
2024-03-17 12:00:00,32.974762,21.764984,1004.71063,-3.033494,1.0406566,0.0,51.84199,0.0
2024-03-17 18:00:00,24.989166,23.059143,1008.3787,-1.6853256,-0.11449629,0.0,89.055,0.0
2024-03-18 00:00:00,24.90512,22.906555,1006.26624,-0.22534943,-0.9365711,0.74372506,88.679695,0.0
2024-03-18 06:00:00,32.76712,22.012177,1008.5925,-1.6608639,0.44316208,0.19074136,53.24855,0.0
2024-03-18 12:00:00,33.4606,21.16861,1003.8719,-3.0894012,1.1280775,0.0017814636,48.63862,0.0
2024-03-18 18:00:00,25.500092,23.107086,1007.3819,-1.669569,0.85848135,0.0,86.638725,0.0
2024-03-19 00:00:00,24.092682,22.874756,1005.775,0.032738686,-1.1053286,0.91902006,92.918816,0.0
2024-03-19 06:00:00,33.01651,22.484772,1007.35065,-1.6549988,0.44197083,0.17872465,54.038914,0.0
2024-03-19 12:00:00,33.116608,21.657562,1004.15314,-4.0546227,0.9001331,0.0035629272,51.093853,0.0
2024-03-19 18:00:00,25.642487,23.002167,1007.4725,-1.5745344,0.40862644,0.0,85.365814,0.0
2024-03-20 00:00:00,24.350128,22.912476,1005.7594,0.533123,-1.132556,0.250412,91.70452,0.0
2024-03-20 06:00:00,32.71158,21.560577,1007.3575,-1.5896645,0.4195735,0.07610543,51.962173,0.0
2024-03-20 12:00:00,32.90274,22.891998,1003.90564,-4.573056,0.7019526,0.0053482056,55.746025,0.0
2024-03-20 18:00:00,26.940887,24.659088,1007.2419,-2.4742708,-0.18497282,0.005744934,87.350655,0.0
2024-03-21 00:00:00,26.394989,23.294037,1005.97186,-1.1663074,-1.7794256,0.2053994,83.10159,0.0001937151
2024-03-21 06:00:00,32.589264,23.61087,1007.2975,-3.6687002,-0.43345165,0.32944924,59.25715,0.13419506
2024-03-21 12:00:00,31.879913,24.611053,1003.96686,-3.7035017,-0.367342,0.5786857,65.497795,0.0
2024-03-21 18:00:00,27.629822,25.272308,1006.6375,-1.7502766,-0.7351608,0.09570249,87.018166,0.0
2024-03-22 00:00:00,26.717102,24.269135,1004.46185,-0.964283,-1.598609,0.35986745,86.46584,0.0020973757
2024-03-22 06:00:00,32.805084,23.48941,1005.8237,-3.2090874,-1.580059,0.2409321,58.11398,0.06799121
2024-03-22 12:00:00,32.899933,22.865753,1002.3669,-4.199232,-0.56039333,0.2414294,55.66625,0.0
2024-03-22 18:00:00,27.31015,24.89978,1005.3325,-1.5004654,0.18347883,0.069184735,86.71561,0.0
2024-03-23 00:00:00,26.476776,24.078796,1003.6331,0.19978046,-1.2781448,0.884006,86.7032,0.00076273875
2024-03-23 06:00:00,33.13443,23.071503,1006.0131,-1.5856228,-0.5590029,0.28987408,55.625885,0.0
2024-03-23 12:00:00,33.340363,22.62149,1002.45374,-4.25665,0.69424033,0.0,53.507637,0.0
2024-03-23 18:00:00,26.757477,24.201202,1006.72876,-1.6034012,0.20502067,0.19790196,85.90997,0.0
2024-03-24 00:00:00,25.487823,23.671997,1005.48065,-0.21052742,-0.8878479,0.96633554,89.70849,0.0
2024-03-24 06:00:00,33.404694,22.455292,1008.095,-1.8369837,0.43349677,0.7650444,52.77955,0.0
2024-03-24 12:00:00,33.556183,20.666412,1004.25,-3.5404234,-0.2443037,0.6215101,46.90802,0.0
2024-03-24 18:00:00,25.96878,23.664337,1008.0656,-1.565444,-0.46786594,0.0047569275,87.145874,0.0
2024-03-25 00:00:00,24.940643,23.176544,1006.0975,0.4164753,-0.6918516,0.58071804,89.94938,0.0
2024-03-25 06:00:00,32.374542,22.342499,1007.7175,-1.8476171,-0.37584972,0.11500351,55.546726,0.0
2024-03-25 12:00:00,32.792267,20.786407,1004.58,-4.3148556,-0.67754173,0.0,49.326797,0.0
2024-03-25 18:00:00,25.64859,23.178009,1007.8931,-1.549614,-0.4035765,0.002670288,86.24729,0.0
2024-03-26 00:00:00,25.160553,22.614319,1006.76373,-0.21622658,-1.2670918,0.42552346,85.80582,0.0
2024-03-26 06:00:00,32.77835,21.05487,1008.3787,-2.1096973,-0.1022253,0.106536865,50.186993,0.0
2024-03-26 12:00:00,33.2659,18.900055,1005.08936,-3.9497118,0.10246271,0.0,42.73087,0.0
2024-03-26 18:00:00,26.061127,23.116241,1009.35065,-1.6918488,0.5186647,0.0,83.85124,0.0
2024-03-27 00:00:00,26.047577,23.171051,1008.46936,0.42450428,-1.7980947,0.75479585,84.197014,0.01030435
2024-03-27 06:00:00,32.209747,24.752533,1010.21814,-2.7596197,0.22728878,0.67616665,64.83211,0.19644926
2024-03-27 12:00:00,32.571198,24.92044,1006.4556,-3.667076,1.3300645,0.35983574,64.162224,0.0
2024-03-27 18:00:00,28.044525,24.675476,1008.8881,-1.508151,-0.10360205,0.27448565,81.9669,0.0
2024-03-28 00:00:00,26.838165,24.807495,1007.355,-0.71262074,-0.8309994,0.34186083,88.66239,0.0
2024-03-28 06:00:00,34.188995,23.965607,1007.745,-1.1966639,0.2786287,0.16855703,55.343002,0.00686571
2024-03-28 12:00:00,34.99893,22.21817,1003.33875,-3.3166533,0.5640745,0.12233562,47.600983,0.0
2024-03-28 18:00:00,27.381104,24.832672,1007.145,-1.7266312,0.981562,0.010009766,86.01063,0.0
2024-03-29 00:00:00,26.725922,24.685211,1005.40564,-0.6465969,0.5978984,0.42748487,88.60028,0.0
2024-03-29 06:00:00,34.307526,23.072052,1007.21313,-0.81459045,1.3105714,0.10457772,52.095444,0.0
2024-03-29 12:00:00,34.730988,22.09085,1003.6887,-3.2652922,1.6472802,0.0024471283,47.94046,0.0
2024-03-29 18:00:00,26.93692,24.09549,1007.1831,-1.0713997,1.3098369,0.0,84.470634,0.0
2024-03-30 00:00:00,26.837372,24.74472,1006.52936,0.4006195,0.31378305,0.59660983,88.334724,0.0
2024-03-30 06:00:00,34.2554,21.873688,1007.8569,-1.0718288,1.1483365,0.7836875,48.577698,0.0
2024-03-30 12:00:00,34.293488,20.230743,1004.6394,-3.4935932,1.5676234,0.88251424,43.821995,0.0
2024-03-30 18:00:00,27.016571,24.78189,1008.39813,-1.8124943,1.4155123,0.7409113,87.6035,0.0
2024-03-31 00:00:00,27.478973,25.192657,1008.0056,-0.3636198,-0.03587687,0.534592,87.37432,0.03642872
2024-03-31 06:00:00,33.56021,25.639923,1009.1238,-1.5572062,1.2818241,0.44532457,63.348408,0.032722548
2024-03-31 12:00:00,34.20999,24.138153,1004.6912,-2.9283543,1.3483387,0.26352692,55.853992,0.0
2024-03-31 18:00:00,28.64325,25.511902,1007.0588,-2.0901127,0.8764887,0.0026683807,83.20665,0.0
2024-04-01 00:00:00,28.090515,25.167236,1005.7606,0.22872448,0.8133952,0.43404263,84.181244,0.0
2024-04-01 06:00:00,34.804108,24.364685,1006.52625,-0.62515354,1.3732386,0.23636906,54.777847,0.050738454
2024-04-01 12:00:00,34.886627,24.408844,1001.8144,-3.7260551,1.7346343,0.0870285,54.672062,0.0
2024-04-01 18:00:00,28.955078,25.388214,1005.2875,-1.2194738,1.3597474,0.0,81.11772,0.0
2024-04-02 00:00:00,27.55774,24.931458,1003.3819,1.1429138,-0.14168501,0.7122026,85.62917,0.0003813766
2024-04-02 06:00:00,34.801544,24.213165,1004.4306,-0.8927574,1.2158206,0.1341315,54.290318,2.3283064e-07
2024-04-02 12:00:00,35.489655,23.730743,999.99,-2.9483032,1.2225766,0.29004866,50.76829,0.0
2024-04-02 18:00:00,28.813568,25.340363,1004.32874,-1.9852648,2.5668736,0.14783356,81.55308,0.0
2024-04-03 00:00:00,28.2612,26.182709,1004.4525,0.2550316,1.5277622,0.8518134,88.52398,0.09594181
2024-04-03 06:00:00,35.237335,24.387054,1005.59,-0.056668103,2.3375587,0.7608249,53.550426,0.0
2024-04-03 12:00:00,35.906403,23.28946,1000.9369,-2.175043,2.245985,0.5184784,48.312492,0.0
2024-04-03 18:00:00,29.304169,25.881134,1004.78625,-1.3850555,2.6664429,0.64450073,81.8563,0.0
2024-04-04 00:00:00,28.802948,26.07257,1004.26373,0.7279215,1.0482831,0.20252615,85.22514,0.0026710331
2024-04-04 06:00:00,35.3002,24.455109,1005.8269,-1.5995922,1.5051022,0.6921648,53.58249,0.003432855
2024-04-04 12:00:00,35.73636,24.053375,1001.45123,-2.7974815,0.91310865,0.6728954,51.062904,0.0
2024-04-04 18:00:00,28.973297,25.905243,1005.0556,-1.1602526,2.2272692,0.27784783,83.556656,0.0
2024-04-05 00:00:00,29.229126,26.193115,1003.78876,1.5868049,0.5469805,0.83557004,83.74347,0.0011436641
2024-04-05 06:00:00,36.17166,23.142975,1005.1131,-0.77649593,1.0660136,0.41117042,47.193222,0.0
2024-04-05 12:00:00,35.791656,24.509796,1000.66,-3.074316,1.9903078,0.4238643,52.31956,0.0
2024-04-05 18:00:00,28.447174,25.689728,1003.7875,-1.4238148,1.0386429,0.3506775,85.05256,0.0
2024-04-06 00:00:00,28.986084,25.809906,1002.7556,0.6207371,1.9346552,0.8481228,83.02457,0.032804906
2024-04-06 06:00:00,35.723297,22.877594,1004.3731,-0.13285923,1.603261,0.21536061,47.60157,0.0
2024-04-06 12:00:00,36.517242,22.379303,1000.03625,-2.614952,2.2565718,0.4330902,44.211426,0.0
2024-04-06 18:00:00,28.25351,24.166168,1003.4469,-1.2446222,1.5449495,0.0,78.54292,0.0
2024-04-07 00:00:00,26.864716,24.770905,1002.7375,1.5347147,0.32283694,0.10005188,88.330826,0.0
2024-04-07 06:00:00,36.223053,22.842682,1003.77936,0.24447882,1.7464247,0.04594465,46.21256,0.0
2024-04-07 12:00:00,36.75406,22.471344,999.48065,-2.7463493,2.3030481,0.78463787,43.88659,0.0
2024-04-07 18:00:00,28.631165,25.798248,1003.33875,-1.0961208,2.31207,0.93016815,84.69173,0.0
2024-04-08 00:00:00,28.58316,25.770294,1002.92065,-0.19230175,1.4982282,0.7267816,84.78746,0.0
2024-04-08 06:00:00,36.086456,22.962189,1004.65125,-1.6684971,2.2604408,0.38167572,46.898987,0.0
2024-04-08 12:00:00,35.21402,24.687775,1002.10876,-3.8140574,1.1845224,0.35777396,54.593,0.0
2024-04-08 18:00:00,28.354156,26.517883,1005.5825,-2.6710691,0.6174468,0.33130467,89.80582,0.0
2024-04-09 00:00:00,28.229797,25.029053,1004.61127,-1.6713657,-0.2558937,0.9016165,82.816505,0.018307105
2024-04-09 06:00:00,33.988922,23.403046,1005.9225,-3.151885,-0.23039055,0.85940486,54.100143,0.0
2024-04-09 12:00:00,33.522858,22.575226,1002.28436,-4.284667,-0.7547531,0.28508046,52.81465,0.0
2024-04-09 18:00:00,28.139618,24.730347,1006.14935,-1.9112625,-0.5256529,0.057784736,81.781685,0.0
2024-04-10 00:00:00,27.465912,23.979523,1005.1356,-0.39954472,-1.6374426,0.7330937,81.321625,0.0
2024-04-10 06:00:00,34.499786,22.72464,1006.215,-2.4377098,-1.3553238,0.37669444,50.46784,0.0
2024-04-10 12:00:00,34.06668,22.549835,1002.3106,-4.40728,-0.036798477,0.0,51.154507,0.0
2024-04-10 18:00:00,28.285248,24.772705,1005.6425,-0.85294247,-0.8855562,0.8650267,81.296684,0.0
2024-04-11 00:00:00,28.114166,24.376099,1004.6763,0.2679472,-1.8081112,0.87353104,80.18564,0.00038184226
2024-04-11 06:00:00,34.49283,23.851288,1006.1719,-3.3639708,-0.35243893,0.919258,54.042076,0.0011445954
2024-04-11 12:00:00,33.583893,25.397186,1002.4425,-4.267229,0.47795963,0.44882244,62.35895,0.0007627532
2024-04-11 18:00:00,29.449493,25.562653,1006.3375,-2.8474064,0.5275873,0.8263272,79.653824,0.030035999
2024-04-12 00:00:00,28.525787,25.60675,1004.5775,-1.7723961,-1.2295828,0.89417136,84.24915,0.26855472
2024-04-12 06:00:00,34.210114,25.237152,1006.58685,-2.6962433,0.012210846,0.96491134,59.645103,0.0
2024-04-12 12:00:00,32.164215,23.602264,1003.76624,-3.531763,0.6132195,0.9160337,60.665245,0.0
2024-04-12 18:00:00,28.861023,25.675201,1006.03186,-1.196373,0.52907383,0.9755793,82.96278,0.04518777
2024-04-13 00:00:00,28.056244,25.714783,1004.7825,1.0650787,-0.26895112,0.9961779,87.139336,0.0856383
2024-04-13 06:00:00,34.829987,24.103668,1006.59686,-2.5425692,-0.36042213,0.92113954,53.84977,0.0
2024-04-13 12:00:00,33.926666,24.343842,1002.5731,-3.5125751,-0.011106491,0.63193554,57.447952,0.0
2024-04-13 18:00:00,28.696838,26.071991,1005.96625,-1.6733198,-0.70363235,0.9141455,85.7482,0.0001906883
2024-04-14 00:00:00,27.870514,25.10794,1004.4856,-1.0893469,-1.539794,0.8172728,84.96766,0.025458867
2024-04-14 06:00:00,34.27115,22.948273,1006.8056,-3.2519903,-1.4855127,0.9712917,51.811535,0.0
2024-04-14 12:00:00,33.409454,21.831573,1003.18,-4.045761,-0.86945724,0.9647162,50.79838,0.0
2024-04-14 18:00:00,28.338593,25.499298,1006.4456,-1.3164549,-0.66132355,0.9621064,84.629166,0.0
2024-04-15 00:00:00,28.271637,25.536041,1005.295,-0.69789505,-1.7294893,0.98062956,85.14508,0.00085681677
2024-04-15 06:00:00,33.79007,24.982513,1007.3869,-3.1440163,-0.77087975,0.9760098,60.14063,0.257771
2024-04-15 12:00:00,33.724762,25.144379,1003.5,-4.767725,0.27165222,0.43454945,60.94569,0.0
2024-04-15 18:00:00,28.839752,26.086578,1006.5606,-1.0502195,-0.6714462,0.6655216,85.11402,0.0
2024-04-16 00:00:00,27.120575,25.248627,1005.0806,-0.008524895,-0.53906536,0.6810696,89.52693,9.685755e-05
2024-04-16 06:00:00,34.720734,22.250397,1006.125,-1.6818047,0.7011531,0.96314925,48.43612,0.0
2024-04-16 12:00:00,35.005035,21.845612,1002.3525,-3.1489735,1.631701,0.9132385,46.51628,0.0
2024-04-16 18:00:00,28.102692,26.01419,1005.22626,-1.4933796,1.209981,0.9316524,88.458916,0.0
2024-04-17 00:00:00,26.5607,25.802399,1004.4331,1.048276,0.45361674,0.91263145,95.617386,0.0
2024-04-17 06:00:00,34.956818,23.478302,1004.8331,0.13021469,1.4027246,0.79864085,51.497883,0.0
2024-04-17 12:00:00,36.23123,22.791779,1001.105,-2.0903397,1.346413,0.88934153,46.049522,0.0
2024-04-17 18:00:00,29.28424,25.951935,1004.5144,-0.71937275,2.7833986,0.97805524,82.294846,0.0
2024-04-18 00:00:00,27.527435,25.94107,1003.11,0.8619269,1.4070616,0.9430325,91.08555,0.0
2024-04-18 06:00:00,36.24112,21.806183,1003.6881,0.5858984,1.9558525,0.8851399,43.34573,0.0
2024-04-18 12:00:00,35.84268,23.063873,999.27814,-2.6081266,2.8391752,0.84693426,47.825737,0.0
2024-04-18 18:00:00,30.219696,25.836334,1002.9025,-0.43020058,3.1358252,0.5154908,77.448586,0.0
2024-04-19 00:00:00,29.325531,26.3013,1001.4125,0.56471854,0.9337514,0.959966,83.81232,0.0
2024-04-19 06:00:00,36.236725,24.287445,1001.8206,0.53623486,1.9891536,0.8936378,50.37882,0.0
2024-04-19 12:00:00,36.308014,25.35318,997.6863,-2.1098156,3.1169224,0.76017267,53.478718,0.0
2024-04-19 18:00:00,30.898987,27.310822,1001.77686,-0.5918951,3.2078562,0.87102467,81.25822,0.0
2024-04-20 00:00:00,29.811768,27.519989,1000.3244,1.0912094,0.9521986,0.81210124,87.54817,0.0019073486
2024-04-20 06:00:00,36.72281,23.88858,1002.10815,-0.013076782,1.4795003,0.39655203,47.89338,0.0
2024-04-20 12:00:00,35.68106,25.47696,998.2406,-1.919755,2.7923326,0.7721717,55.76427,0.0
2024-04-20 18:00:00,30.998077,26.955597,1002.15125,-1.8050642,2.4394293,0.8240839,79.13315,0.0
2024-04-21 00:00:00,29.396637,27.000153,1001.555,0.30563354,1.0247827,0.2582236,86.97612,0.019945204
2024-04-21 06:00:00,36.23233,24.85733,1002.46625,-0.8545866,0.86751634,0.42386958,52.13824,0.0
2024-04-21 12:00:00,36.171295,25.188385,999.46625,-3.1506443,2.0787957,0.2555157,53.35601,0.0
2024-04-21 18:00:00,30.159088,26.44992,1003.0106,-1.8098965,2.1691494,0.017547607,80.589226,0.0
2024-04-22 00:00:00,29.876892,26.352295,1002.3156,1.2871323,-0.22596765,0.9741633,81.43599,0.030133873
2024-04-22 06:00:00,36.216705,24.1586,1003.77374,-0.6905298,0.59522617,0.13657127,50.04605,0.0
2024-04-22 12:00:00,35.809845,24.906769,1000.275,-3.505803,1.0304701,0.7432709,53.521763,0.0
2024-04-22 18:00:00,29.768951,26.17044,1003.65814,-1.6908264,1.8607526,0.068086885,81.067825,0.0
2024-04-23 00:00:00,28.30423,26.167175,1001.8231,0.3594513,-0.053750575,0.9980052,88.22162,0.0070557
2024-04-23 06:00:00,35.56192,22.921051,1003.1725,-1.1257963,0.88062096,0.18417221,48.153725,0.0
2024-04-23 12:00:00,35.529816,23.570343,998.9444,-2.9899302,1.8827477,0.5709736,50.168865,0.0
2024-04-23 18:00:00,28.693024,25.242828,1002.59186,-1.6215343,0.674663,0.82836866,81.64999,0.0
2024-04-24 00:00:00,28.124847,24.84195,1001.44,1.4339371,-0.12267697,0.9783522,82.39941,0.0
2024-04-24 06:00:00,35.657623,23.465363,1002.8212,-1.074234,0.87816286,0.12872198,49.502033,0.0
2024-04-24 12:00:00,35.654205,24.39859,999.0087,-2.880558,1.9656038,0.04710388,52.367676,0.0
2024-04-24 18:00:00,28.709991,25.938202,1002.85,-0.810853,1.2767644,0.0,85.007095,0.0
2024-04-25 00:00:00,28.802826,27.24582,1001.34436,0.13807201,0.43599397,0.7975278,91.32249,0.0024796464
2024-04-25 06:00:00,35.964996,24.93106,1002.9406,-2.027153,1.3559752,0.22320914,53.143467,0.0
2024-04-25 12:00:00,35.369415,24.96878,999.9575,-3.182579,2.0554504,0.025772456,55.041565,0.0
2024-04-25 18:00:00,28.996887,26.378082,1002.5662,-0.8855972,0.9323747,0.91463226,85.80801,0.0
2024-04-26 00:00:00,27.485779,26.056091,1001.1344,0.48072147,0.6436637,0.46483928,91.93152,0.0
2024-04-26 06:00:00,35.950592,23.791046,1002.995,-1.928092,1.3546515,0.7530926,49.674515,0.0
2024-04-26 12:00:00,35.535797,22.666534,999.3094,-3.245102,1.1943212,0.88932014,47.484943,0.0
2024-04-26 18:00:00,28.046295,24.64267,1002.3212,-1.2075024,0.61504614,0.9313461,81.79788,0.0
2024-04-27 00:00:00,27.704193,25.33014,1001.46124,0.32984066,-0.13360101,1.0000012,86.939316,0.0
2024-04-27 06:00:00,35.263824,23.934235,1003.21375,-1.9820089,1.2367606,0.66278535,52.03886,0.0
2024-04-27 12:00:00,35.80655,23.293976,999.1456,-3.2817612,0.9801471,0.3252939,48.59214,0.0
2024-04-27 18:00:00,28.446442,25.41806,1003.40436,-1.3404369,1.0650747,0.18405762,83.69518,0.0
2024-04-28 00:00:00,27.436493,25.22931,1001.705,0.9559994,-1.0172997,0.80537796,87.783226,0.0
2024-04-28 06:00:00,35.654694,24.124664,1003.1875,-0.8602953,1.7028369,0.94086224,51.51331,0.0
2024-04-28 12:00:00,35.72,24.323883,999.915,-3.112976,1.4927974,0.98972446,51.94504,0.0
2024-04-28 18:00:00,29.615814,26.970917,1004.1675,-2.06637,1.5391366,0.9090183,85.73634,0.0
2024-04-29 00:00:00,29.022552,26.746887,1003.6719,0.4376974,0.4383006,0.9651534,87.56329,0.0009536743
2024-04-29 06:00:00,36.58145,24.052094,1004.64624,-1.5900221,1.6503487,0.90209836,48.74205,0.0
2024-04-29 12:00:00,36.144928,24.76651,999.9281,-2.922947,0.37212694,0.9246444,52.105896,0.0
2024-04-29 18:00:00,30.220123,26.875916,1003.8681,-1.4670849,2.1783047,0.963846,82.34762,0.0
2024-04-30 00:00:00,29.647614,25.95523,1002.1269,1.2646465,0.91144955,0.5306954,80.60358,0.015829442
2024-04-30 06:00:00,36.855988,24.602325,1003.29626,-0.5502987,2.4475994,0.63522077,49.62464,0.0
2024-04-30 12:00:00,36.787384,25.594513,998.71124,-2.264719,2.7297926,0.9025626,52.84445,0.0
2024-04-30 18:00:00,30.962555,26.401093,1002.6694,0.15419388,4.071946,0.9704821,76.74649,0.0
2024-05-01 00:00:00,30.00003,25.43277,1000.1987,1.2196109,2.4294863,0.1783874,76.57555,0.0
2024-05-01 06:00:00,37.603546,24.6716,1000.5025,1.7807478,1.9533024,0.8725779,47.840042,0.0
2024-05-01 12:00:00,38.72403,24.295319,996.07935,-0.70060253,3.2405891,0.81344056,44.01999,0.0
2024-05-01 18:00:00,31.145294,27.225677,1000.3812,0.36528873,4.1139345,0.73601496,79.72582,0.0
2024-05-02 00:00:00,30.554352,27.157135,1000.1131,1.0480281,2.4659328,0.7683557,82.13113,0.0
2024-05-02 06:00:00,37.74649,25.086945,1000.83185,1.1647863,3.4703426,0.81522816,48.66103,0.0
2024-05-02 12:00:00,36.601837,26.29483,998.255,-2.279479,4.4208574,0.6726269,55.643852,0.0
2024-05-02 18:00:00,30.731537,28.019928,1001.66437,0.6218101,3.116786,0.7882328,85.51114,0.0
2024-05-03 00:00:00,29.93454,27.347992,999.72186,1.5143385,2.2015553,0.99933517,86.0611,0.0
2024-05-03 06:00:00,36.870514,25.91043,1002.0156,1.1515735,3.4739866,0.9944206,53.59934,0.0
2024-05-03 12:00:00,36.54251,25.236603,999.08124,-1.6208324,4.3988056,0.9958189,52.430416,0.0
2024-05-03 18:00:00,31.027374,26.620514,1003.01685,0.6000783,3.9473295,0.9986617,77.4588,0.0
2024-05-04 00:00:00,30.150482,26.940704,1001.2725,0.99389446,2.0065384,0.9212521,82.99283,0.0
2024-05-04 06:00:00,37.35721,24.986298,1002.5775,1.4341954,2.4779444,0.9148163,49.405384,0.0
2024-05-04 12:00:00,37.757233,22.367828,998.09625,-0.44284248,3.0546207,0.98000836,41.290016,0.4440546
2024-05-04 18:00:00,31.595001,25.815216,1001.2325,0.6089937,4.1905413,0.9847388,71.51177,0.0
2024-05-05 00:00:00,30.655273,26.605743,1000.22815,0.91006887,2.6909876,0.3349117,79.05352,0.0
2024-05-05 06:00:00,38.00125,24.273346,1000.96936,1.7086258,2.3141518,0.14581549,45.714935,0.0007636845
2024-05-05 12:00:00,38.30899,24.405426,997.14685,-1.1792059,3.9652786,0.20607717,45.316315,0.0
2024-05-05 18:00:00,31.781952,25.626495,1001.6425,-0.595911,3.9158278,0.33983552,69.96954,0.0
2024-05-06 00:00:00,31.043823,27.331085,1000.175,0.71247846,2.2254186,0.72888476,80.68528,0.0
2024-05-06 06:00:00,38.04117,24.820343,1001.4075,1.3184738,1.0176635,0.14935532,47.13351,0.0
2024-05-06 12:00:00,37.65738,25.634918,998.03064,-0.3810711,3.85215,0.25686646,50.516766,0.0
2024-05-06 18:00:00,31.16922,26.740387,1002.1912,-0.99155235,4.3032,0.25650555,77.37932,0.0
2024-05-07 00:00:00,29.858551,26.371857,1002.71564,0.4332466,0.5414362,0.25889844,81.61613,0.0
2024-05-07 06:00:00,36.831207,23.798737,1003.3281,0.19849396,2.28611,0.3629585,47.353653,0.0011442462
2024-05-07 12:00:00,37.55789,24.69693,999.0712,-1.2835999,2.4036694,0.34898376,48.03166,0.0
2024-05-07 18:00:00,31.891449,26.56247,1003.9444,-0.546052,2.4615765,0.33331066,73.49403,0.0
2024-05-08 00:00:00,28.20987,25.46878,1003.27435,-1.1289644,0.4132412,0.32528955,85.11103,0.010296702
2024-05-08 06:00:00,34.35672,22.75589,1003.9519,-1.2247229,0.30953503,0.69060415,50.96766,0.0031553209
2024-05-08 12:00:00,34.88748,25.670197,999.91125,-2.942093,0.41123432,0.5907692,58.938145,0.17960742
2024-05-08 18:00:00,30.083954,26.160828,1002.59875,-1.4098969,1.6782634,0.065046,79.56776,0.0
2024-05-09 00:00:00,28.935364,25.89148,1001.8181,-0.47497368,-0.01502198,0.79387045,83.67216,0.0
2024-05-09 06:00:00,36.35794,24.730072,1003.3762,-1.4022083,1.4682386,0.97915614,51.38796,0.027656425
2024-05-09 12:00:00,34.828644,24.948456,999.7525,-2.532919,1.731221,0.79141295,56.64588,0.0
2024-05-09 18:00:00,30.18222,25.850677,1004.2488,-0.6759796,1.6293802,0.9854582,77.68128,0.2103506
2024-05-10 00:00:00,28.556946,26.03659,1002.96,0.3012724,1.061554,0.77656215,86.26642,0.0
2024-05-10 06:00:00,35.196564,25.127106,1004.0637,0.41370392,1.0368955,0.9657439,56.09705,0.06542264
2024-05-10 12:00:00,33.26413,25.818634,1001.20624,-3.4565105,1.832562,0.9437948,65.09466,0.0
2024-05-10 18:00:00,30.48108,25.736542,1004.6225,-0.58677864,1.6961174,0.6362113,75.84704,0.18881163
2024-05-11 00:00:00,29.266937,25.553467,1003.8831,-0.3943138,0.11633545,0.8572903,80.45385,0.0
2024-05-11 06:00:00,33.380157,24.694672,1004.83875,-0.7559986,1.6720743,0.99821854,60.488277,0.14275719
2024-05-11 12:00:00,33.19571,25.432098,1001.5569,-1.4403019,2.3914566,0.92946917,63.863194,0.0
2024-05-11 18:00:00,30.06717,26.139008,1005.305,-1.6148767,1.3161249,0.9338983,79.54182,0.0032484531
2024-05-12 00:00:00,29.343506,26.246368,1003.4275,-0.71079636,0.9711382,0.6889098,83.45416,0.0
2024-05-12 06:00:00,35.46695,23.922638,1005.3244,-0.1334629,0.44059968,0.97140014,51.422096,0.008770757
2024-05-12 12:00:00,34.392975,24.633087,1001.0075,-2.7448692,2.2363129,0.8637744,56.95123,0.03468103
2024-05-12 18:00:00,30.172852,25.88556,1004.45685,-0.1894064,1.9874928,0.94232297,77.8838,0.020623207
2024-05-13 00:00:00,29.736938,25.531769,1002.6131,0.8673046,0.7338493,0.9574317,78.20164,0.0
2024-05-13 06:00:00,35.342926,24.682434,1003.8619,-1.147068,0.21347237,0.9679498,54.18792,0.0070586307
2024-05-13 12:00:00,31.709137,25.77295,1001.4975,0.03468132,1.6494913,0.99529314,70.872154,0.026215661
2024-05-13 18:00:00,28.933685,25.68454,1003.4531,-0.9174242,0.44130194,0.9819025,82.66012,0.58059156
2024-05-14 00:00:00,28.336914,25.389069,1002.5825,-0.07231331,-0.8258013,0.9889623,84.0848,0.0
2024-05-14 06:00:00,33.17386,25.569183,1003.91437,-0.07315445,0.47865582,0.51176643,64.46437,0.059599277
2024-05-14 12:00:00,30.855072,25.022125,1001.40125,-1.4546223,-0.37945968,0.93859994,71.15496,0.16976519
2024-05-14 18:00:00,29.058746,25.732971,1004.8137,-0.15186214,0.8867997,0.9904645,82.29998,0.10219306
2024-05-15 00:00:00,27.813995,25.485565,1002.71686,0.7359712,-0.7131357,1.0,87.18522,0.0
2024-05-15 06:00:00,33.97769,25.291351,1003.71124,-0.7669134,-1.0247974,0.44973576,60.618496,0.034809608
2024-05-15 12:00:00,29.224213,26.376251,1001.83124,-1.4029684,-0.06172657,0.99308956,84.678116,2.2814264
2024-05-15 18:00:00,27.522858,26.020569,1005.33875,0.7350998,0.13776195,0.99711895,91.53968,0.0
2024-05-16 00:00:00,26.475433,25.507355,1003.71436,1.337389,-0.09865445,1.0,94.431595,0.0
2024-05-16 06:00:00,28.12085,25.881012,1005.4975,0.23051023,-0.35742188,1.0,87.67139,0.13576716
2024-05-16 12:00:00,28.951324,26.402802,1001.45935,-1.3768053,-0.41411877,1.0,86.160225,4.4864745
2024-05-16 18:00:00,27.374481,26.165192,1003.5519,-0.37642002,-0.7957573,1.0,93.13147,0.0
2024-05-17 00:00:00,27.281464,26.027802,1002.5644,1.2107744,0.7089326,1.0,92.88277,0.0
2024-05-17 06:00:00,31.188019,26.453918,1003.62,0.1724577,-0.783103,1.0,76.002846,0.09651902
2024-05-17 12:00:00,27.190216,26.263947,1000.9988,-2.7990303,0.24498987,1.0,94.69382,0.6508789
2024-05-17 18:00:00,26.744171,25.666107,1002.9844,1.0831625,0.15273917,1.0,93.8284,0.0
2024-05-18 00:00:00,26.833527,25.617218,1001.33813,-1.2470646,0.9596224,1.0,93.06606,0.0011436641
2024-05-18 06:00:00,33.13199,24.912567,1001.8663,-0.118820906,1.196611,1.0,62.13972,0.042727217
2024-05-18 12:00:00,30.31778,26.610992,998.2606,0.28633595,0.7366162,1.0,80.620865,0.6471494
2024-05-18 18:00:00,28.28543,26.491669,1001.39374,-0.40228778,0.69051045,1.0,90.02629,0.0
2024-05-19 00:00:00,27.30957,25.849915,999.2544,0.3311751,-0.5602455,1.0,91.75836,0.01379586
2024-05-19 06:00:00,31.96341,26.734985,1000.7431,0.3430559,-1.6285582,1.0,73.94251,0.17835295
2024-05-19 12:00:00,28.346405,25.660583,996.915,0.53223515,-0.32911325,1.0,85.40456,0.56306803
2024-05-19 18:00:00,26.47934,25.738617,1000.22687,0.77134323,-0.11864638,1.0,95.7145,1.523771
2024-05-20 00:00:00,26.854584,25.586578,997.9194,0.8446918,0.8034962,1.0,92.78198,0.0
2024-05-20 06:00:00,31.486115,26.067505,1000.7356,0.05759704,1.3346002,1.0,73.038414,0.0
2024-05-20 12:00:00,27.587128,25.284088,997.8331,0.19885224,0.76051867,1.0,87.29688,2.5184312
2024-05-20 18:00:00,26.3544,24.93164,1000.045,2.46449,0.6088541,0.9912056,91.90424,0.0
2024-05-21 00:00:00,26.84549,23.417633,998.055,2.4000425,-0.032388985,0.9953615,81.531235,0.0
2024-05-21 06:00:00,32.472687,25.2659,999.4288,1.464755,-0.045267105,1.0,65.86153,0.0
2024-05-21 12:00:00,28.621002,26.268341,997.1213,-0.838233,-0.5328007,1.0,87.13172,0.64837253
2024-05-21 18:00:00,27.829376,26.549072,999.72064,0.5541735,-0.76952076,1.0,92.7648,0.0
2024-05-22 00:00:00,27.457916,25.812561,997.48,-0.6941693,-0.6831989,1.0,90.76339,0.035474308
2024-05-22 06:00:00,32.407867,27.430939,998.6369,0.5760203,-0.65892124,1.0,75.11429,0.11866938
2024-05-22 12:00:00,30.517242,26.27185,996.3025,-0.11025047,-0.09079945,1.0,78.12634,0.3093908
2024-05-22 18:00:00,27.522186,26.139008,998.3619,1.4998374,0.91282916,0.9989384,92.18677,0.0
2024-05-23 00:00:00,27.71817,25.685333,996.71875,1.7399259,2.268837,0.999059,88.72049,0.12798722
2024-05-23 06:00:00,32.734528,25.683105,998.4888,1.1848506,0.25938964,1.0,66.525116,0.0
2024-05-23 12:00:00,31.052094,27.212708,994.7406,0.16112614,2.9512463,1.0,80.08955,0.0
2024-05-23 18:00:00,28.39389,26.351044,997.4444,2.3413086,1.4684267,1.0,88.72107,0.0
2024-05-24 00:00:00,28.194702,25.803162,995.8762,2.086031,1.5060296,1.0,86.89337,0.36830264
2024-05-24 06:00:00,33.926666,25.885345,997.1394,3.6782274,1.7885207,0.9971185,62.973206,0.0
2024-05-24 12:00:00,30.94223,26.119202,993.6319,0.8845958,3.150673,0.9144496,75.56683,0.0
2024-05-24 18:00:00,29.062225,25.480774,996.64874,2.1324072,3.4100623,0.99960345,81.06092,0.0077188015
2024-05-25 00:00:00,28.567596,25.180328,994.725,3.101429,2.7479556,1.0,81.94111,0.0
2024-05-25 06:00:00,33.88492,26.136658,997.2531,4.4684954,1.1583552,1.0,64.06592,0.0
2024-05-25 12:00:00,32.82132,24.577057,995.1125,1.2153298,3.4342995,1.0,61.979954,0.0
2024-05-25 18:00:00,29.907166,21.77835,998.605,4.300745,0.44523144,1.0,61.77112,0.038523227
2024-05-26 00:00:00,30.416595,21.154572,997.1756,3.5948763,1.0224838,1.0,57.74336,0.0
2024-05-26 06:00:00,34.18521,25.364014,998.6912,4.79249,1.4834461,1.0,60.18042,0.0
2024-05-26 12:00:00,34.28763,25.356659,995.6875,2.9458132,2.0420275,1.0,59.811806,0.010102987
2024-05-26 18:00:00,30.36325,23.77127,998.89185,3.5243473,1.7586901,1.0,67.902824,0.0
2024-05-27 00:00:00,29.61557,24.225494,997.57935,2.8491306,2.4154902,1.0000001,72.84449,0.0
2024-05-27 06:00:00,35.256622,25.504059,998.5694,4.331539,2.6300716,0.9900455,57.178764,0.0
2024-05-27 12:00:00,36.168365,25.456207,996.1175,1.540481,2.1107726,0.9852264,54.221493,0.0
2024-05-27 18:00:00,31.136414,24.96524,998.74,2.7331438,3.0768466,1.0,69.78503,0.0
2024-05-28 00:00:00,29.970612,24.20279,998.02374,2.5486975,1.8720417,1.0,71.27417,0.0
2024-05-28 06:00:00,35.382477,25.468842,999.1813,4.6085653,1.49528,0.9999977,56.66365,0.0
2024-05-28 12:00:00,35.079987,24.424835,996.7006,4.6342683,1.1162102,1.0,54.14119,0.0
2024-05-28 18:00:00,30.108368,23.656525,998.9231,3.4723377,1.7319424,0.9999999,68.42854,0.0
2024-05-29 00:00:00,29.375458,23.026764,997.72876,3.1094723,1.6680691,0.73950624,68.714836,0.0
2024-05-29 06:00:00,35.227448,25.48349,998.79877,3.4059687,0.6206349,0.69095504,57.20117,0.0
2024-05-29 12:00:00,36.235504,25.982758,995.41815,1.5288982,1.7025101,0.14168286,55.735405,9.49949e-05
2024-05-29 18:00:00,30.662964,24.569122,998.53436,2.0779152,2.464301,0.080078125,70.020386,0.0
2024-05-30 00:00:00,29.735016,25.0253,997.53937,2.146997,2.068925,0.7138959,75.88865,0.0
2024-05-30 06:00:00,36.227325,26.248901,999.215,3.9474554,0.598996,0.7108987,56.644882,0.0
2024-05-30 12:00:00,37.14505,24.638947,996.10065,2.0142355,0.74071026,0.112986505,48.954357,0.0
2024-05-30 18:00:00,31.48825,25.469513,999.33435,1.9313134,2.0679264,0.063228086,70.485985,0.0
2024-05-31 00:00:00,30.164154,25.422028,997.79376,2.633317,0.60554314,0.33271515,75.808846,0.0
2024-05-31 06:00:00,36.95108,26.466156,999.355,2.4573712,-0.073762715,0.45552033,55.145496,0.0
2024-05-31 12:00:00,37.35733,27.237396,995.4944,0.25946808,1.4673153,0.9960012,56.43918,0.0
2024-05-31 18:00:00,31.515594,26.847565,999.96875,2.7491913,2.505643,0.5899408,76.349174,0.0
2024-06-01 00:00:00,30.119934,26.235992,997.5325,1.4244175,2.099863,0.97857964,79.756996,0.0
2024-06-01 06:00:00,36.120148,27.10556,1001.02124,-0.08244896,2.5910485,0.99960256,59.927345,0.0
2024-06-01 12:00:00,32.418488,26.358124,997.58875,1.0580473,2.1502094,0.635202,70.48091,0.0
2024-06-01 18:00:00,28.17685,25.396393,1001.03564,-0.099056244,1.6202078,0.7051759,84.90875,0.1438857
2024-06-02 00:00:00,28.172577,25.658173,1000.34686,-0.60512924,2.4927375,0.85503995,86.260574,0.0
2024-06-02 06:00:00,35.332794,25.886414,1001.1906,2.7774682,0.25943822,0.874111,58.244522,0.0
2024-06-02 12:00:00,32.13394,26.439453,998.7431,-1.3258009,2.1703424,0.47199005,71.967995,0.0149488095
2024-06-02 18:00:00,27.82138,26.204254,1002.1406,-0.110548675,2.1701782,0.9950857,90.938614,0.0028572977
2024-06-03 00:00:00,27.540863,25.345215,1001.3019,0.77143556,2.0279472,0.9499294,87.85232,0.097159296
2024-06-03 06:00:00,32.085846,26.540955,1003.0925,0.89225465,-0.87346554,0.987095,72.597275,0.0
2024-06-03 12:00:00,32.075104,26.492126,1000.49,-1.6667032,2.1791039,0.99357903,72.43263,0.041776925
2024-06-03 18:00:00,28.57428,26.63272,1002.735,0.4364453,2.5091524,0.97172934,89.26638,0.0
2024-06-04 00:00:00,28.348663,26.735382,1002.27374,1.1147447,2.0247543,0.9999996,90.99283,0.0
2024-06-04 06:00:00,33.270782,26.73117,1003.58936,2.357232,2.1234305,0.93605953,68.67345,0.13449809
2024-06-04 12:00:00,32.888336,26.392761,1000.46436,0.24407196,2.266097,0.4253474,68.779564,0.059485227
2024-06-04 18:00:00,28.369629,25.806396,1003.5719,0.88043827,3.300146,0.5110555,86.02989,0.0
2024-06-05 00:00:00,28.906647,26.219208,1002.60065,1.3180239,3.4976053,0.9945094,85.45212,0.0
2024-06-05 06:00:00,34.5524,26.305573,1003.54376,2.876978,3.043851,0.92940795,62.345894,0.18119833
2024-06-05 12:00:00,30.920135,25.910187,999.8731,-0.38946438,3.6686888,0.8502801,74.73213,0.0
2024-06-05 18:00:00,27.624054,25.285828,1004.13873,2.4946594,2.6463795,0.60033584,87.11759,0.0
2024-06-06 00:00:00,26.955475,25.078644,1003.07874,0.7920102,2.5274048,0.99999964,89.488716,0.9055056
2024-06-06 06:00:00,32.787384,26.615936,1004.34375,2.1831312,2.4921103,0.9913644,70.08764,0.0
2024-06-06 12:00:00,30.547455,26.268219,1001.6406,-0.1387291,1.8309449,0.93734324,77.974625,0.045530766
2024-06-06 18:00:00,27.23111,25.239319,1004.89685,1.081862,2.1161861,0.99031264,88.899,0.0
2024-06-07 00:00:00,26.478668,25.08902,1001.9494,-0.06717086,2.0438004,1.0,92.09293,0.09268491
2024-06-07 06:00:00,30.685028,26.552979,1003.41,2.3162937,2.1325903,0.9999998,78.67419,0.098138794
2024-06-07 12:00:00,31.492462,25.571777,1000.0606,0.46901858,2.5597544,0.9851535,70.898445,0.0
2024-06-07 18:00:00,26.365753,25.119751,1003.65125,0.56014127,1.9721346,0.99218976,92.878334,0.0
2024-06-08 00:00:00,27.151215,25.256714,1001.9819,2.2072086,2.869547,0.9433467,89.40913,0.56347775
2024-06-08 06:00:00,33.2648,26.438202,1002.71936,3.5529575,3.4601698,0.99423224,67.5208,0.0
2024-06-08 12:00:00,30.856781,25.575592,999.73126,0.41207337,4.294011,0.79216975,73.529564,0.0041009095
2024-06-08 18:00:00,28.414825,25.58786,1002.84064,2.1903448,3.3451977,0.6288679,84.69909,0.0
2024-06-09 00:00:00,27.867493,24.805664,1001.02936,0.51924986,3.0809717,0.97940326,83.46428,0.0
2024-06-09 06:00:00,33.41336,25.352997,1002.6163,4.677389,2.9564495,0.97747856,62.792294,0.04176645
2024-06-09 12:00:00,33.619904,25.318756,999.2294,1.6200175,2.1738024,0.90681124,61.94384,0.023087129
2024-06-09 18:00:00,29.735413,25.36087,1002.2575,1.6823664,2.0947888,0.9302297,77.41829,0.0
2024-06-10 00:00:00,28.383392,23.635956,1001.51874,2.5218315,2.0681388,0.5557031,75.506325,0.0
2024-06-10 06:00:00,34.765656,24.359192,1002.1213,4.9525003,1.8614872,0.4101177,54.876797,0.0
2024-06-10 12:00:00,34.489532,24.796906,1000.09064,2.3907645,2.0338478,0.502406,57.203312,0.06352503
2024-06-10 18:00:00,29.62326,24.526154,1003.6,2.2912579,1.9652289,0.99511653,74.13544,0.0
2024-06-11 00:00:00,28.44461,23.28714,1001.49,2.4989386,2.2082841,0.95489854,73.67178,0.0
2024-06-11 06:00:00,34.184235,24.54309,1002.34564,4.1301117,1.8920739,0.9407286,57.30794,0.0
2024-06-11 12:00:00,34.785553,24.389374,1000.03186,1.456286,1.9219106,0.9999997,54.915417,0.002771616
2024-06-11 18:00:00,30.423065,24.186005,1002.8038,1.7097416,2.656292,0.9617511,69.37782,0.0
2024-06-12 00:00:00,28.908997,23.229095,1002.52,3.06956,1.827531,0.95430934,71.46229,0.0
2024-06-12 06:00:00,33.976715,24.546967,1004.4481,4.258047,1.4678733,0.99536157,57.98858,0.00333786
2024-06-12 12:00:00,34.177765,24.333527,1001.29,1.6523788,1.8516362,1.0,56.613777,0.0
2024-06-12 18:00:00,29.000824,23.442413,1003.64813,2.349618,1.9613683,0.9908948,72.004684,0.0
2024-06-13 00:00:00,28.501556,23.314728,1003.20435,2.1592493,1.0775648,0.97560513,73.550835,0.0
2024-06-13 06:00:00,34.44046,24.419922,1004.03937,3.7205963,2.249384,0.9837894,56.081104,0.0
2024-06-13 12:00:00,33.1597,24.7211,1000.5588,2.5342753,1.8208892,0.99999994,61.3379,0.12587383
2024-06-13 18:00:00,29.704529,25.188873,1002.64813,1.5230525,1.9685591,0.78928006,76.766426,0.0
2024-06-14 00:00:00,28.370575,23.432404,1001.885,2.2958384,1.6494982,0.9935438,74.64113,0.0
2024-06-14 06:00:00,34.202057,24.569672,1002.0875,3.67591,0.78816295,0.989057,57.342125,0.0
2024-06-14 12:00:00,35.069366,24.290558,999.2825,1.769155,0.4756528,0.9921504,53.739,0.0
2024-06-14 18:00:00,29.82132,26.55008,1002.025,1.0619359,3.3706884,0.8758052,82.65536,0.0
2024-06-15 00:00:00,28.889038,24.58493,1001.1312,2.2299461,1.9477136,0.8668344,77.62019,0.0
2024-06-15 06:00:00,34.44998,23.785675,1001.2125,3.942131,0.6854208,0.48806816,53.957645,0.00019092113
2024-06-15 12:00:00,35.292877,23.232697,998.8269,1.8459878,0.7050132,1.0,49.804787,0.0
2024-06-15 18:00:00,29.976227,26.018341,1001.90564,1.2203777,3.0616603,1.0,79.38986,0.0
2024-06-16 00:00:00,29.353699,22.774445,1001.1394,2.7479324,1.7760003,0.5363518,67.75773,0.0
2024-06-16 06:00:00,35.49942,23.410675,1001.6381,3.853733,1.3562602,0.28035706,49.771603,0.0
2024-06-16 12:00:00,32.957672,25.922699,998.9844,2.2998238,1.432445,0.49398315,66.6344,1.1911392
2024-06-16 18:00:00,28.777313,25.731659,1002.2356,0.92432356,3.0533962,0.5221963,83.64592,0.0
2024-06-17 00:00:00,28.535614,24.169464,1001.3844,0.991238,2.128024,0.47406602,77.280495,0.0
2024-06-17 06:00:00,35.64627,23.576813,1002.1294,2.3024974,2.2698002,0.8884522,49.86697,0.0003813766
2024-06-17 12:00:00,34.638824,25.30075,998.96936,0.6587019,2.7636576,0.19356653,58.45999,0.007635448
2024-06-17 18:00:00,29.25766,25.13205,1002.3975,0.6468669,3.4092145,0.86972576,78.50465,0.0
2024-06-18 00:00:00,28.605713,24.401825,1000.9875,1.4993753,1.887765,0.98602957,78.046036,0.0
2024-06-18 06:00:00,34.284943,24.846008,1001.97687,3.6611738,1.6991346,0.9843443,58.02825,0.0051485957
2024-06-18 12:00:00,30.791534,25.588776,999.09186,1.7203832,2.7335691,0.98185796,73.861855,1.8437874
2024-06-18 18:00:00,27.429962,24.885284,1002.35187,1.6501075,2.448807,0.8641152,86.03463,0.0
2024-06-19 00:00:00,28.205048,24.02475,1000.4775,2.4331615,1.9564736,0.9940922,78.09902,0.016406178
2024-06-19 06:00:00,34.14444,25.082458,1001.34064,3.940649,2.311636,0.74668396,59.31491,0.0
2024-06-19 12:00:00,31.746063,25.24466,998.9394,0.50859016,2.433045,0.9611267,68.53906,0.3003627
2024-06-19 18:00:00,27.752045,24.80429,1001.3137,1.2998624,2.171361,0.341986,84.02193,0.0
2024-06-20 00:00:00,28.059845,23.887848,1000.03314,2.7322187,1.7078516,0.96804917,78.11715,0.0
2024-06-20 06:00:00,34.124054,24.547363,1001.89124,4.7999706,1.6940937,0.9989383,57.515232,0.00591075
2024-06-20 12:00:00,31.807648,25.337677,998.555,2.829297,1.5977776,0.991762,68.679085,0.2997627
2024-06-20 18:00:00,29.015411,23.037628,1001.505,2.5948439,1.6013765,1.0,70.20592,0.0
2024-06-21 00:00:00,28.000092,22.417938,1000.33,2.8137789,1.2357861,0.974882,71.72452,0.0
2024-06-21 06:00:00,34.499176,23.813171,1000.9938,4.3778877,1.8335878,0.8752862,53.89931,0.0
2024-06-21 12:00:00,33.60977,23.051239,997.75,3.801079,1.3834441,0.9611794,54.096664,0.12904406
2024-06-21 18:00:00,28.868134,22.900726,1000.39685,3.0554218,1.3256867,0.9993338,70.222824,0.0
2024-06-22 00:00:00,27.8414,22.373566,998.92377,2.566949,1.8252571,0.9942626,72.19665,0.0
2024-06-22 06:00:00,34.29654,23.616058,998.8475,3.7518253,1.2646499,0.6838538,53.86756,0.001144188
2024-06-22 12:00:00,32.371857,23.7211,996.4906,1.352791,2.850092,0.84391445,60.38812,0.10624848
2024-06-22 18:00:00,29.86969,23.540497,999.77313,3.1594286,1.83417,0.95342475,68.890205,0.0
2024-06-23 00:00:00,27.361542,23.914246,998.22626,3.7321835,1.592282,0.9948718,81.49988,0.38152933
2024-06-23 06:00:00,33.99771,22.825592,998.8569,4.4016047,1.6892648,0.9374241,52.21802,0.0
2024-06-23 12:00:00,33.133453,22.202179,995.82935,2.2936568,2.373455,0.66547996,52.770187,0.0
2024-06-23 18:00:00,30.054962,23.019623,999.6919,4.35221,1.5657077,0.98747045,66.04973,0.01296401
2024-06-24 00:00:00,28.9422,23.332794,998.2369,2.787652,2.0222096,0.9112469,71.7731,0.006109476
2024-06-24 06:00:00,33.64908,23.177582,998.1887,5.9564962,2.0997257,0.73320884,54.391766,0.0
2024-06-24 12:00:00,34.01834,23.779694,996.3219,4.462194,1.7399936,0.9598304,55.251167,0.30365586
2024-06-24 18:00:00,29.555695,23.18155,998.655,4.360836,1.5776339,0.9999993,68.64366,0.0
2024-06-25 00:00:00,28.99002,23.114838,998.3744,3.1945188,1.3239956,0.9550724,70.63828,0.0
2024-06-25 06:00:00,32.73172,24.380585,998.3156,6.5562496,2.0935946,0.6857238,61.565178,0.23189187
2024-06-25 12:00:00,33.691193,23.63028,996.0519,4.004485,2.8213263,0.99999994,55.766422,0.0
2024-06-25 18:00:00,29.270782,22.836334,999.09064,5.3260603,1.3861868,0.99921227,68.33883,0.15486181
2024-06-26 00:00:00,28.750916,23.101532,997.8594,3.894274,2.1177673,1.0,71.56603,0.0
2024-06-26 06:00:00,33.36551,22.6893,998.4363,5.037388,2.4687757,0.99960345,53.65256,0.0
2024-06-26 12:00:00,31.406525,25.321625,997.5606,1.2716931,3.0186796,1.0,70.19443,0.097752735
2024-06-26 18:00:00,29.534271,23.848053,1000.41876,3.574771,1.8134857,1.0,71.54641,0.0
2024-06-27 00:00:00,28.30539,22.526031,998.54877,5.4727573,1.5988747,1.0000006,70.92473,0.04691258
2024-06-27 06:00:00,33.19583,23.50473,1000.5538,4.8192883,1.2379616,0.9999992,56.9039,0.0
2024-06-27 12:00:00,32.799652,23.10495,999.14624,3.8751812,1.2000709,1.0,56.797695,0.0
2024-06-27 18:00:00,29.627777,22.595917,1002.02313,4.0246468,1.158653,0.9884285,65.97668,0.0
2024-06-28 00:00:00,28.681793,22.878021,1001.6869,2.9253016,1.129586,1.0000002,70.88804,0.0
2024-06-28 06:00:00,34.649323,23.032318,1001.4844,4.354146,1.5593011,0.8823307,50.991703,0.0
2024-06-28 12:00:00,35.575592,22.771454,998.28937,3.6935105,0.8404149,0.40260655,47.683224,0.0
2024-06-28 18:00:00,30.172638,23.839996,1001.6069,1.799307,2.566627,0.7252853,68.93353,0.0
2024-06-29 00:00:00,29.07016,23.387604,1001.4225,2.3460646,1.5232297,0.76136076,71.47958,0.0
2024-06-29 06:00:00,35.462555,23.651703,1001.66125,3.386856,1.5311435,0.79822606,50.602947,0.0
2024-06-29 12:00:00,36.504425,22.964996,998.8162,3.012453,1.5618032,0.86418873,45.842903,0.00915397
2024-06-29 18:00:00,29.822815,25.536224,1002.7631,1.1816903,3.2938735,0.53839284,77.83667,0.012106262
2024-06-30 00:00:00,29.012146,25.313507,1001.66187,1.3746061,2.0289435,0.69592065,80.491806,0.0
2024-06-30 06:00:00,34.97989,24.884308,1002.8719,2.6934872,1.6704175,0.9721265,55.958252,0.031281263
2024-06-30 12:00:00,32.182465,25.298553,1000.58124,0.41012132,1.4589913,0.9896061,67.080414,0.92835355
2024-06-30 18:00:00,29.022247,26.069672,1004.08374,0.7155921,2.839425,1.0,84.13504,0.0
2024-07-01 00:00:00,28.568909,25.929108,1002.03687,1.6858392,1.8660221,1.0000001,85.659836,0.124275684
2024-07-01 06:00:00,33.561188,24.952545,1002.8225,3.530551,1.3937051,0.99287117,60.806858,0.0
2024-07-01 12:00:00,32.75638,24.148712,999.7537,3.3842602,0.0823167,0.9891357,60.631035,1.8713716
2024-07-01 18:00:00,29.992401,24.327423,1002.8025,2.7808244,1.8548827,1.0,71.71886,0.0
2024-07-02 00:00:00,28.154083,22.947418,1001.1306,2.317167,1.3601086,0.9990589,73.404144,0.0
2024-07-02 06:00:00,35.094025,23.770905,1001.33685,3.6667168,1.0189011,1.0,52.016735,0.0
2024-07-02 12:00:00,36.478912,22.128204,998.415,3.429925,0.94375515,0.99020207,43.63246,0.0
2024-07-02 18:00:00,30.59134,24.1857,1001.5606,1.9346036,2.9231021,0.9971186,68.71147,0.0
2024-07-03 00:00:00,29.306854,25.285309,1001.40875,1.5501637,1.309763,0.9999998,78.999344,0.0
2024-07-03 06:00:00,36.250275,23.089813,1001.675,3.5776148,1.5963335,0.8739557,46.83905,0.00047683716
2024-07-03 12:00:00,36.902252,22.069244,997.9906,2.7206964,0.6230921,0.43330824,42.480026,0.011920929
2024-07-03 18:00:00,27.733612,25.130157,1002.83813,1.3410543,1.4350903,0.78913945,85.76306,0.0
2024-07-04 00:00:00,28.893433,23.360992,1001.105,2.4669933,1.2475023,0.99426126,72.09872,0.0
2024-07-04 06:00:00,34.984894,22.929596,1002.5481,2.531332,0.4731446,0.934191,49.740852,0.0
2024-07-04 12:00:00,33.006134,25.507416,1000.1219,1.6632872,1.2098016,0.93418187,64.83643,1.0011792
2024-07-04 18:00:00,29.618866,26.182526,1002.7975,0.72227633,2.6736832,1.0000002,81.829956,0.0
2024-07-05 00:00:00,29.362183,25.047028,1001.1194,1.5058024,1.9669886,0.97900647,77.63788,0.0
2024-07-05 06:00:00,36.09195,23.573944,1000.8669,3.0115004,1.450688,0.39281517,48.649643,0.00028684735
2024-07-05 12:00:00,30.913727,24.94815,997.84375,2.7501755,2.4344006,0.48708874,70.60496,0.31317398
2024-07-05 18:00:00,28.769775,23.617706,1000.90314,3.2111566,1.6792396,0.9929982,73.75013,0.0
2024-07-06 00:00:00,28.660858,22.079742,1000.5975,2.7858624,1.3089602,0.99999964,67.61386,0.0
2024-07-06 06:00:00,32.58792,23.272247,1000.8281,3.3825092,1.1538144,1.0,58.06343,0.0
2024-07-06 12:00:00,32.87979,23.267548,998.23065,2.296926,0.73000336,1.0,57.10048,0.0
2024-07-06 18:00:00,29.832733,23.72818,1001.03064,2.130983,2.168902,0.97439367,69.82172,0.0
2024-07-07 00:00:00,28.721893,23.228546,1000.145,1.3272698,1.4906178,0.6505222,72.23911,0.0
2024-07-07 06:00:00,34.959015,23.593231,1000.4856,5.0419064,0.6136775,0.49580646,51.849567,0.0
2024-07-07 12:00:00,33.782867,23.118073,998.34436,2.0057328,-0.31252652,0.8613042,53.792435,0.4672408
2024-07-07 18:00:00,29.074615,24.74234,1000.78375,1.2081325,2.5139055,1.0,77.51671,0.0
2024-07-08 00:00:00,28.385956,23.422638,999.0775,2.943553,1.085639,1.0,74.53048,0.0
2024-07-08 06:00:00,33.943756,23.151886,1000.8956,3.9768085,0.16083199,1.0,53.420197,0.0006677583
2024-07-08 12:00:00,35.17569,22.205658,996.9938,4.350404,0.84986573,1.0,47.10144,0.0
2024-07-08 18:00:00,29.691986,22.46341,1000.9581,4.703622,0.93938255,0.9943018,65.206215,0.0
2024-07-09 00:00:00,28.279663,22.798431,999.8762,2.5994644,0.853841,0.9904409,72.2147,0.0
2024-07-09 06:00:00,35.123688,22.737335,1001.5519,3.269868,1.0035927,0.9896495,48.788197,0.0
2024-07-09 12:00:00,35.2742,22.825348,998.83,2.0716953,2.2613566,0.9743732,48.642414,0.2616495
2024-07-09 18:00:00,29.93814,25.254547,1002.4581,1.6360216,2.9273252,0.9607321,76.03821,0.0
2024-07-10 00:00:00,29.214417,22.488312,1002.5375,2.4058962,0.755498,0.70786244,67.129135,0.0
2024-07-10 06:00:00,35.821686,22.645172,1003.08185,3.748681,1.7533302,0.6492861,46.681698,0.01973845
2024-07-10 12:00:00,36.589264,22.489777,999.8575,2.2702246,1.3082452,0.19241637,44.33396,0.0
2024-07-10 18:00:00,29.14035,24.59732,1004.20685,2.353922,2.7328365,0.79025173,76.55611,0.0003874302
2024-07-11 00:00:00,28.933624,22.65445,1002.59,2.0936365,0.22721863,0.9817938,68.920235,0.0
2024-07-11 06:00:00,35.21756,23.893768,1002.7225,2.697808,-0.5379443,0.9999999,52.045452,0.0003813766
2024-07-11 12:00:00,35.683624,22.34024,998.7394,2.4196262,0.5083282,0.9712388,46.174854,0.0
2024-07-11 18:00:00,29.720673,25.27481,1001.78564,1.0849755,3.1707652,0.98645234,77.088394,0.1538992
2024-07-12 00:00:00,29.468964,24.188446,1001.09814,1.7399466,2.3244076,0.87962663,73.299736,0.0
2024-07-12 06:00:00,37.176666,22.949799,1000.765,2.9419427,1.5797088,0.2771667,44.147633,0.00352785
2024-07-12 12:00:00,32.667755,24.403656,998.14435,2.245003,3.3093739,0.81026626,61.872875,0.6632693
2024-07-12 18:00:00,28.396515,23.441254,1001.3862,4.007949,0.39459395,0.83615565,74.56843,0.0
2024-07-13 00:00:00,26.194489,24.425293,1000.1781,2.2202864,-0.052711487,0.99711907,90.01078,1.1379766
2024-07-13 06:00:00,33.39749,24.854706,1000.72314,4.9925556,1.333802,0.9377972,61.009853,0.0
2024-07-13 12:00:00,34.464874,22.57315,998.6194,4.1160593,2.1989841,1.0,50.10321,0.14435855
2024-07-13 18:00:00,29.736908,22.652252,1000.8031,4.1677074,1.0823451,0.9944205,65.787865,0.0
2024-07-14 00:00:00,28.402191,23.193207,999.65875,3.3326411,0.630875,1.0,73.43573,0.0
2024-07-14 06:00:00,30.561249,23.693268,999.78436,3.8729181,1.273353,1.0,66.82279,0.0
2024-07-14 12:00:00,33.11734,23.115143,997.6756,2.3763566,1.1886406,1.0,55.826443,0.10918081
2024-07-14 18:00:00,28.775848,24.471527,999.9025,3.8305957,0.8614073,1.0,77.6027,0.0335107
2024-07-15 00:00:00,27.782074,23.431122,999.0656,2.7787452,1.8952932,1.0,77.23943,0.048655853
2024-07-15 06:00:00,32.166534,23.989227,999.77124,5.6526117,2.0683138,1.0,62.08596,0.0
2024-07-15 12:00:00,31.236847,24.968048,997.635,4.5055714,2.401614,0.9985419,69.39858,0.37014088
2024-07-15 18:00:00,27.95346,23.728058,999.9819,4.6979485,2.6843271,1.0,77.85128,0.0
2024-07-16 00:00:00,27.030975,23.73407,999.13,4.3066096,1.7946423,0.9999998,82.19991,0.23673625
2024-07-16 06:00:00,31.564606,23.240753,1000.26373,4.808096,2.9955006,1.0,61.408478,0.0
2024-07-16 12:00:00,29.272095,24.411224,998.08813,3.7831783,2.506875,0.96194863,75.134,0.31614667
2024-07-16 18:00:00,27.982819,23.274628,1000.58563,3.681157,2.0192506,0.9917714,75.62209,0.0
2024-07-17 00:00:00,27.976105,23.368317,999.18,4.324869,1.9471872,0.9999964,76.08086,0.0
2024-07-17 06:00:00,33.53018,22.998993,1000.5144,7.4844484,1.0668297,0.9862055,54.166733,0.0
2024-07-17 12:00:00,32.35092,23.11441,998.4981,5.906067,1.7218893,1.0,58.28658,0.077617355
2024-07-17 18:00:00,27.712982,23.531158,1002.0662,4.690978,2.123314,1.0,78.02109,0.0
2024-07-18 00:00:00,27.305634,23.52713,999.5625,4.8454723,2.1449845,1.0000001,79.88395,0.54057956
2024-07-18 06:00:00,30.735382,24.778717,1001.2775,4.92315,1.540478,1.0,70.61014,0.0
2024-07-18 12:00:00,29.98233,22.832977,998.5581,5.153262,1.3286743,1.0,65.58048,0.0
2024-07-18 18:00:00,27.580109,22.58731,1000.59314,5.0388803,2.1443155,1.0,74.26568,0.0
2024-07-19 00:00:00,28.17331,21.748016,999.245,4.315117,1.6047099,1.0,68.16375,0.0
2024-07-19 06:00:00,34.002716,22.246613,999.6156,6.721486,0.9055816,0.996666,50.399666,0.0
2024-07-19 12:00:00,32.131256,22.97232,997.6,5.257969,0.7046307,1.0,58.50966,0.0434909
2024-07-19 18:00:00,28.22171,21.897247,999.9462,4.4562263,1.7319473,0.99262244,68.59413,0.0
2024-07-20 00:00:00,28.810333,21.812958,998.8475,3.858138,1.6664857,0.99821806,65.94817,0.0
2024-07-20 06:00:00,35.272858,22.362274,1000.28687,5.7772264,1.4670585,0.9933213,47.29754,0.0
2024-07-20 12:00:00,34.795197,22.35794,997.71625,4.8211956,1.0105457,0.9953909,48.552994,0.0022910535
2024-07-20 18:00:00,29.917938,21.522614,1001.1194,4.4709406,1.319974,1.0,60.77513,0.0
2024-07-21 00:00:00,29.103302,22.088654,999.9412,3.482812,2.0710125,0.9875836,65.93863,0.0
2024-07-21 06:00:00,35.724884,22.585052,1000.7656,5.150775,1.5874698,0.9594621,46.760426,0.0
2024-07-21 12:00:00,35.961823,21.514313,998.3025,5.3867407,1.1212902,0.60453236,43.23795,0.0
2024-07-21 18:00:00,30.568268,21.758331,1001.96124,4.2093544,1.3214004,0.9899902,59.399933,0.0
2024-07-22 00:00:00,29.756866,20.96878,1001.29376,2.9235458,1.5004361,1.0000035,59.292404,0.0
2024-07-22 06:00:00,35.19693,21.536774,1003.2375,4.758544,0.8175258,0.6134086,45.164,0.0
2024-07-22 12:00:00,34.972076,20.766754,1000.8875,4.952725,0.5933771,0.434483,43.61906,0.0
2024-07-22 18:00:00,29.674774,22.921173,1004.16125,3.511412,1.31851,0.9559755,67.10879,0.0
2024-07-23 00:00:00,28.61728,22.627777,1003.16125,2.833579,1.3515193,0.9909316,70.08243,0.0
2024-07-23 06:00:00,35.575104,22.37967,1003.40875,5.418605,0.9457634,0.77051896,46.563606,0.0
2024-07-23 12:00:00,35.844635,21.939117,999.5225,3.338647,0.23212874,0.48694766,44.662216,0.0
2024-07-23 18:00:00,30.7518,22.852448,1003.3719,2.1666644,1.7427177,0.7452753,62.82568,0.0
2024-07-24 00:00:00,28.892303,22.620148,1001.97314,3.0244398,1.0565035,0.654792,68.94173,0.0
2024-07-24 06:00:00,36.177277,22.149994,1001.03436,4.486541,1.0014083,0.6138966,44.419758,0.0
2024-07-24 12:00:00,34.92813,22.675568,998.505,4.125555,-0.37696266,0.75589013,49.1352,0.053402036
2024-07-24 18:00:00,31.087982,22.02591,1000.9525,2.8568926,1.5079222,0.54076546,58.61212,0.0
2024-07-25 00:00:00,28.843658,22.553009,1000.08374,4.135312,1.1326401,1.0,68.85507,0.0
2024-07-25 06:00:00,35.4086,22.106476,999.66064,7.011221,1.0524242,0.9993346,46.218674,0.0
2024-07-25 12:00:00,33.43753,22.13797,998.29126,6.097991,1.104412,0.9788804,51.67515,0.0030514265
2024-07-25 18:00:00,29.90274,21.758575,1001.2438,3.7653847,1.851315,0.99711883,61.712254,0.00038189418
2024-07-26 00:00:00,29.481537,22.403473,999.3231,3.6447287,1.7167683,1.0,65.761894,0.0
2024-07-26 06:00:00,35.277985,22.48819,1000.0731,6.783146,0.69078135,0.9731293,47.647415,0.0005720649
2024-07-26 12:00:00,35.221222,22.766266,997.3837,5.251446,0.20391941,0.58935815,48.610752,0.045006864
2024-07-26 18:00:00,30.2742,23.103912,1001.69,4.9409,0.79755974,0.9939028,65.55733,0.0
2024-07-27 00:00:00,29.231354,23.05252,999.8225,3.8223114,1.4295202,0.9774101,69.39715,0.0
2024-07-27 06:00:00,35.615387,22.085907,1000.4819,5.898963,-0.2454071,0.9937123,45.63681,0.0
2024-07-27 12:00:00,35.42581,21.701569,997.65125,4.5765667,-0.269804,0.55495906,45.047802,0.0027678907
2024-07-27 18:00:00,31.188324,20.100983,1001.39624,4.1589155,1.0615969,0.9387124,51.78017,0.0
2024-07-28 00:00:00,29.566803,19.591095,999.1181,3.1539068,1.2675357,0.9525276,55.054123,0.0
2024-07-28 06:00:00,35.6774,19.072174,999.7438,4.3098907,1.2753,1.0000001,37.770412,0.0
2024-07-28 12:00:00,35.002716,20.57669,996.64124,2.3839393,-0.61544704,0.9677428,43.038265,0.0
2024-07-28 18:00:00,30.901764,21.084381,999.055,5.1599827,1.1203015,1.0,55.921913,0.0
2024-07-29 00:00:00,29.676788,22.287628,997.71185,4.221631,1.2318919,1.0,64.569435,0.0
2024-07-29 06:00:00,36.402008,21.607574,998.1075,7.0945454,1.336413,0.9999998,42.44629,0.0
2024-07-29 12:00:00,34.951935,21.566437,996.3656,4.9057736,0.46221066,0.9966316,45.864136,0.02688542
2024-07-29 18:00:00,29.83487,23.088654,1000.8956,4.0400753,1.7528181,0.9971831,67.17058,0.00878796
2024-07-30 00:00:00,29.104645,22.841095,1000.72437,3.6813126,1.9224513,0.9032417,69.01818,0.27388334
2024-07-30 06:00:00,30.824982,25.408203,1001.6875,5.64725,0.19586182,0.8818573,72.9344,2.8121462
2024-07-30 12:00:00,33.279694,25.509674,999.7375,3.757059,0.880538,0.87734437,63.856537,0.0
2024-07-30 18:00:00,28.330353,23.90799,1002.7463,3.14987,1.3609142,0.9751162,76.989555,0.0
2024-07-31 00:00:00,28.71341,22.51004,1002.59186,2.0795696,1.0418022,0.7542858,69.19616,0.0
2024-07-31 06:00:00,35.72574,22.876984,1002.85626,4.543825,1.1352452,0.23044556,47.593414,0.0
2024-07-31 12:00:00,35.39969,22.335358,999.8925,3.508567,-0.39173985,0.75295466,46.890278,0.07241964
2024-07-31 18:00:00,28.088257,24.093842,1002.8794,3.5602617,1.0949554,0.9999997,78.95896,1.8675455
2024-08-01 00:00:00,28.290741,23.059845,1001.59875,2.9933882,1.3905787,1.0,73.319695,0.0
2024-08-01 06:00:00,35.469513,22.62967,1002.41626,4.4207735,1.1769521,1.0,47.552547,0.0006677583
2024-08-01 12:00:00,34.0878,23.368439,1000.08,3.3372538,0.7366816,0.99999994,53.690243,0.5158661
2024-08-01 18:00:00,29.895721,23.647614,1003.6731,2.4898248,1.3263798,1.0,69.232574,0.0
2024-08-02 00:00:00,27.484589,24.454742,1002.0119,2.4541378,0.77283955,1.0,83.581184,0.41610187
2024-08-02 06:00:00,34.548737,24.174225,1002.70123,5.126562,1.324116,1.0,54.92953,0.0
2024-08-02 12:00:00,34.401154,24.470001,999.6894,3.6557527,-0.10368669,0.99999994,56.37266,0.47247484
2024-08-02 18:00:00,28.993256,24.886505,1003.7381,1.6474643,0.864007,0.990117,78.55578,0.0
2024-08-03 00:00:00,28.83371,23.41568,1002.5206,2.2913237,0.6237488,0.9999999,72.587814,0.0
2024-08-03 06:00:00,35.28543,22.786285,1003.0588,3.578354,0.23716515,0.9886591,48.49726,0.0
2024-08-03 12:00:00,34.70926,23.830109,1000.3544,2.479085,-0.1754319,0.978979,53.328037,1.0344386
2024-08-03 18:00:00,28.074036,24.461823,1005.16437,0.47844648,1.597814,0.82011867,80.786964,0.0
2024-08-04 00:00:00,28.361511,24.17862,1003.34125,1.4200232,0.5338297,0.9952433,78.10927,0.0
2024-08-04 06:00:00,34.858917,23.860992,1003.6937,3.5350356,-0.6822071,0.96699053,52.985275,0.0
2024-08-04 12:00:00,35.40616,23.112091,999.23627,1.9494448,-0.19736016,0.52247745,49.13443,0.06943941
2024-08-04 18:00:00,26.228058,24.868011,1004.9775,-0.03520596,1.0678056,0.9546745,92.241615,1.7233491
2024-08-05 00:00:00,26.250885,24.44748,1004.2375,1.4414952,0.8804391,0.9996034,89.8306,0.0
2024-08-05 06:00:00,31.94217,24.492218,1004.21686,0.9936902,-0.034324646,0.99999994,64.804825,0.0
2024-08-05 12:00:00,33.32486,24.165924,1000.72064,-0.04970646,-0.4584484,1.0,58.78523,0.20177965
2024-08-05 18:00:00,26.465729,24.413055,1004.29315,0.58403623,1.7563283,1.0000005,88.516045,0.0
2024-08-06 00:00:00,27.335938,24.19394,1002.08124,1.1248598,-0.5618906,0.9844636,83.004555,0.020788688
2024-08-06 06:00:00,33.600616,25.21048,1002.135,2.6368754,-0.7662153,0.89657426,61.61248,0.0
2024-08-06 12:00:00,30.839874,25.358856,1000.1131,0.02407837,0.7448089,0.83656484,72.65888,1.7895073
2024-08-06 18:00:00,25.878387,24.231476,1003.9506,1.5754461,2.1566997,0.9979978,90.65102,0.0
2024-08-07 00:00:00,25.893036,24.90149,1002.36,0.16642898,1.4303848,0.99617815,94.27602,0.40278518
2024-08-07 06:00:00,31.857819,25.443146,1002.95935,1.7194672,-0.45361137,0.985542,68.914734,0.0
2024-08-07 12:00:00,31.172272,24.89981,1000.47687,0.9106035,-0.024946213,0.63906413,69.37133,0.6372081
2024-08-07 18:00:00,26.128937,25.451202,1004.1456,0.5029912,0.86370754,0.43714762,96.06253,0.0
2024-08-08 00:00:00,26.314026,25.278656,1002.9944,0.20415175,0.66666234,0.96592623,94.04788,0.0
2024-08-08 06:00:00,31.297028,24.958954,1003.6125,2.7186527,-0.31223798,0.81005394,69.12371,0.0
2024-08-08 12:00:00,29.703705,25.139435,1001.3819,1.1647291,-0.6482096,0.6771505,76.544395,0.48465723
2024-08-08 18:00:00,27.314423,24.422272,1005.1719,1.504127,1.4347713,0.9830702,84.25441,0.0
2024-08-09 00:00:00,26.363983,23.45169,1003.3694,1.5332041,0.6750603,0.9003504,84.04973,0.0
2024-08-09 06:00:00,33.511993,24.673553,1003.065,2.298295,-0.73655987,0.028474865,59.96734,0.0067725778
2024-08-09 12:00:00,32.558502,24.99826,1001.3875,-0.5692711,1.2093468,0.39610815,64.506874,0.2745688
2024-08-09 18:00:00,27.837555,25.684387,1005.2544,0.7876147,1.1709607,0.9172168,88.099106,0.35773152
2024-08-10 00:00:00,26.70224,24.982208,1003.53186,1.6356831,0.1774435,0.22914779,90.31094,0.0
2024-08-10 06:00:00,32.310577,25.062347,1003.6206,1.6128316,-1.1041746,0.237427,65.66636,0.0
2024-08-10 12:00:00,33.55948,25.688873,1000.045,0.014492989,0.8996592,0.55703026,63.535244,1.5667007
2024-08-10 18:00:00,26.726776,25.355896,1003.4519,-0.3359937,0.7271141,0.49079943,92.20982,0.0
2024-08-11 00:00:00,27.179657,25.189484,1002.8731,0.9752578,-1.5590181,0.57292014,88.903564,0.04711178
2024-08-11 06:00:00,33.00894,25.99112,1001.66626,1.267667,-1.1309128,0.4540226,66.71225,0.007439509
2024-08-11 12:00:00,33.216705,25.86435,997.9425,0.25939083,0.23150921,0.40816423,65.44513,0.0
2024-08-11 18:00:00,27.595703,25.233185,1002.6875,2.1035082,3.0490422,0.92934006,86.98919,0.764595
2024-08-12 00:00:00,25.670502,24.063324,1001.535,0.34138817,-0.5467011,0.69747066,90.85372,0.0
2024-08-12 06:00:00,32.18814,25.429413,1000.6025,0.6607563,-1.6247578,0.14435774,67.58272,0.07849187
2024-08-12 12:00:00,32.902496,26.455078,997.91125,-2.3786287,-0.27165318,0.34894663,68.97791,0.3225878
2024-08-12 18:00:00,28.906555,26.377625,1001.84625,0.07439804,1.923832,0.93051314,86.25567,0.0
2024-08-13 00:00:00,27.26587,24.851715,1001.0144,0.21148396,0.8814181,0.6124502,86.691895,0.0
2024-08-13 06:00:00,33.048126,24.87085,1001.7825,-1.0234823,0.1574192,0.17611665,62.277973,0.106984675
2024-08-13 12:00:00,32.858795,24.88144,998.66315,-2.8212156,0.32890856,0.33922362,62.98435,0.0
2024-08-13 18:00:00,29.162231,25.974487,1002.26,-0.4454832,1.2785568,0.17063457,82.98785,0.002390021
2024-08-14 00:00:00,27.971802,25.58191,1000.6669,0.061276913,1.1902583,0.5349823,86.88171,0.02661339
2024-08-14 06:00:00,32.963654,25.789581,1001.1119,-0.19798332,0.5594903,0.55745983,66.08874,0.017150566
2024-08-14 12:00:00,31.447357,26.073975,998.005,-1.7911091,1.066853,0.46276894,73.22754,0.73955446
2024-08-14 18:00:00,28.65329,26.240204,1001.8631,0.76948804,1.1808376,0.5491713,86.82417,0.0
2024-08-15 00:00:00,27.375916,25.851349,1000.3187,-0.105689704,-0.33563644,0.7001227,91.4101,0.0
2024-08-15 06:00:00,32.273346,25.617615,1000.7006,0.745098,2.1319666,0.97911245,68.01397,0.17402628
2024-08-15 12:00:00,31.209625,25.80426,997.7056,-1.155036,1.6872473,0.5947379,73.04899,0.10607085
2024-08-15 18:00:00,28.680725,26.306305,1000.8719,-0.16240644,2.8239536,0.17474347,87.02512,0.0
2024-08-16 00:00:00,27.861267,25.636017,998.9531,0.9006891,0.88442963,0.80181044,87.72508,0.0
2024-08-16 06:00:00,32.64627,26.091766,999.85626,-0.20503712,1.4906577,0.9546549,68.49472,0.055305455
2024-08-16 12:00:00,32.259186,26.18332,996.7438,-1.7418585,0.8929121,0.56820947,70.38753,0.075139314
2024-08-16 18:00:00,29.084778,26.751404,1000.99,0.80010223,2.046402,0.3714671,87.27178,0.0
2024-08-17 00:00:00,27.83609,25.934448,999.4444,0.69924706,0.28041905,0.88500965,89.42206,0.0
2024-08-17 06:00:00,34.093903,26.019836,1000.4462,1.8237152,-0.025117397,0.8648793,62.88694,0.09746418
2024-08-17 12:00:00,29.138702,26.300781,998.5,-1.4904976,2.4992552,0.9570963,84.719444,0.14605638
2024-08-17 18:00:00,28.080872,25.71347,1002.0613,1.0090072,1.4238049,0.4764952,87.00754,0.0
2024-08-18 00:00:00,27.812714,25.74585,1000.40375,1.0008776,0.2694435,0.5620124,88.54915,0.0
2024-08-18 06:00:00,34.403717,25.728851,1001.5625,1.3557252,0.6068745,0.16226888,60.75452,0.014586813
2024-08-18 12:00:00,33.29019,25.982574,998.5712,-1.7011919,0.52177966,0.43711907,65.63369,0.04672774
2024-08-18 18:00:00,27.776276,24.960999,1002.6163,-0.24346197,2.7172337,0.70613694,84.6914,0.0
2024-08-19 00:00:00,27.714447,25.49701,1000.5631,0.29847306,1.208818,0.9821375,87.75333,0.0
2024-08-19 06:00:00,33.338654,26.148834,1002.035,-0.97952557,0.7294873,1.0000005,66.10243,0.1236964
2024-08-19 12:00:00,29.435455,26.376556,998.7463,0.69679713,1.7557678,0.95514846,83.65303,0.0
2024-08-19 18:00:00,27.743805,25.57785,1002.70874,0.044571996,1.8462796,0.4679529,88.024475,0.0
2024-08-20 00:00:00,27.274323,25.12616,999.7419,0.81198484,1.5073557,0.60486376,88.078606,0.0
2024-08-20 06:00:00,31.961945,25.640533,1002.10126,0.020133495,1.7407901,0.8084743,69.317085,0.06065361
2024-08-20 12:00:00,30.413422,25.850433,998.5731,-0.5658932,2.9308681,0.34938568,76.65725,0.13644104
2024-08-20 18:00:00,28.142365,25.148743,1003.35187,0.63110065,3.6884928,0.9276499,83.834984,0.0
2024-08-21 00:00:00,27.663666,24.768707,1001.9825,0.9790838,2.5707846,0.7278431,84.2777,0.0015199184
2024-08-21 06:00:00,32.419098,24.655487,1003.4725,2.3046112,3.5231342,0.73610556,63.699352,0.01890059
2024-08-21 12:00:00,30.792023,25.046173,1001.0062,1.1519784,4.5096893,0.9012145,71.51407,0.031852767
2024-08-21 18:00:00,27.703583,24.011139,1004.10126,2.1673357,3.418641,0.9846983,80.35146,0.12977794
2024-08-22 00:00:00,27.256256,22.423248,1003.1912,1.3587978,2.231081,0.5869376,74.93698,0.0
2024-08-22 06:00:00,31.919586,23.766937,1004.39685,2.476594,1.303509,0.82867247,62.124126,0.0
2024-08-22 12:00:00,31.55191,24.23288,1002.4381,-0.6364374,2.9847746,0.9948737,65.23417,0.0
2024-08-22 18:00:00,28.260834,25.630768,1005.21375,0.9676445,3.5275936,0.9149023,85.67906,0.0
2024-08-23 00:00:00,27.827667,25.071808,1004.22687,0.9752818,2.457055,1.0,84.997246,0.0
2024-08-23 06:00:00,33.901276,25.348663,1004.29,2.5709658,2.4837809,0.62019134,61.085587,0.0
2024-08-23 12:00:00,33.264435,24.916168,1001.9369,0.37211418,2.2778537,0.9989383,61.692684,0.000381493
2024-08-23 18:00:00,28.8927,25.014984,1005.2681,1.209899,4.3589306,1.0,79.62234,0.0
2024-08-24 00:00:00,28.042725,24.956085,1004.51874,1.6029117,3.5161552,0.8701783,83.36046,0.00038184226
2024-08-24 06:00:00,33.435944,24.082031,1005.65314,3.435463,2.6934805,0.9952394,58.126896,0.0
2024-08-24 12:00:00,33.93045,23.061554,1001.8663,3.1654396,1.896985,0.9914122,53.16867,0.0003799796
2024-08-24 18:00:00,30.234161,22.8378,1005.52124,1.6671109,2.4423692,0.8004558,64.65801,0.0
2024-08-25 00:00:00,28.440033,22.550568,1004.325,2.5178888,1.7522161,0.9837965,70.47653,0.0
2024-08-25 06:00:00,34.71805,22.833649,1004.77625,4.4157124,2.0389528,0.9856648,50.190037,0.0
2024-08-25 12:00:00,34.74881,22.163116,1001.27563,3.55782,0.5870351,0.5400254,48.104374,0.0
2024-08-25 18:00:00,29.15451,22.626862,1004.2606,1.7469273,1.9434733,0.6517902,67.93114,0.0
2024-08-26 00:00:00,27.616852,21.749054,1003.34564,3.497612,1.1748927,0.941987,70.417946,0.0
2024-08-26 06:00:00,34.539825,22.823334,1003.3869,5.3695393,1.3090742,0.65515274,50.6578,0.0
2024-08-26 12:00:00,34.998688,22.004303,1000.3137,2.7161455,0.9583426,0.8147184,46.985374,0.0030512456
2024-08-26 18:00:00,29.903229,24.335602,1003.7994,1.5996361,2.7357392,0.99867,72.122734,0.0
2024-08-27 00:00:00,28.621368,22.500763,1003.2056,3.0046036,1.638921,0.9847838,69.527504,0.0
2024-08-27 06:00:00,33.674713,23.674591,1003.82874,5.1642904,1.5220013,0.9545125,55.96701,0.0
2024-08-27 12:00:00,32.99112,24.6503,1001.6962,1.7868394,-0.7359555,0.99999774,61.660187,1.0780692
2024-08-27 18:00:00,29.088867,24.761993,1005.6819,1.0266966,2.5210967,0.99711895,77.5438,0.0
2024-08-28 00:00:00,27.777954,22.746063,1003.7031,2.8172102,0.64495975,0.9944773,74.12236,0.0
2024-08-28 06:00:00,32.48294,23.480927,1004.6344,3.25245,0.079420686,1.0,59.148514,0.0
2024-08-28 12:00:00,32.584503,23.076447,1002.2562,0.7164135,-0.2358548,1.0,57.39137,0.0030510128
2024-08-28 18:00:00,29.480927,24.644562,1004.2444,1.5585954,1.0130205,1.0,75.27745,0.0218367
2024-08-29 00:00:00,28.203339,23.136017,1002.4506,2.8038626,0.8520708,0.9942091,74.03389,0.0
2024-08-29 06:00:00,33.49893,23.735626,1002.69,3.9641476,0.27198786,1.0,56.72852,0.0
2024-08-29 12:00:00,29.734772,26.337555,1000.6375,0.42679042,1.3417358,1.0,82.03326,3.9105666
2024-08-29 18:00:00,26.8638,24.630524,1002.52563,2.302115,1.7608069,0.99560714,87.59767,0.0
2024-08-30 00:00:00,27.049835,23.260529,1001.4444,2.943964,1.9783888,0.9873543,79.79762,0.0
2024-08-30 06:00:00,31.782013,24.441376,1003.255,5.1518984,1.5629544,0.99999994,65.19708,0.0
2024-08-30 12:00:00,31.916168,24.95987,1000.28064,1.6516066,1.7991531,1.0,66.73921,0.7781025
2024-08-30 18:00:00,27.213928,23.761871,1002.9419,2.9945831,1.6191928,0.9982182,81.45819,0.0
2024-08-31 00:00:00,27.496307,23.580353,1001.9575,2.946519,1.7954955,1.0,79.25063,0.0
2024-08-31 06:00:00,33.45865,24.151031,1002.1306,4.837202,0.883827,1.0,58.293915,0.0001899898
2024-08-31 12:00:00,30.876373,24.207855,999.52313,1.2187212,0.72283274,1.0,67.69113,0.002194196
2024-08-31 18:00:00,29.47113,23.15799,1002.0106,2.470396,1.9022837,1.0000036,68.88103,0.0
2024-09-01 00:00:00,27.709381,23.09433,1000.85126,2.9786987,2.3708642,0.919298,76.00611,0.0
2024-09-01 06:00:00,35.079987,23.50589,1001.84686,4.363188,2.004499,0.7626488,51.232815,0.0
2024-09-01 12:00:00,30.676422,25.868042,998.84375,0.52564245,1.4659767,0.7493727,75.59093,0.073862016
2024-09-01 18:00:00,28.794312,23.881012,1001.96875,1.3720458,1.4994059,0.25330114,74.821594,0.0
2024-09-02 00:00:00,27.648834,23.9617,1001.14624,2.9390154,0.76832104,0.5292706,80.369934,0.0
2024-09-02 06:00:00,34.241364,23.973358,1001.6344,3.9493713,0.14064056,0.6282495,55.207443,0.00047683716
2024-09-02 12:00:00,33.850616,24.631744,997.9925,2.111844,0.77586144,0.968507,58.695213,0.078737736
2024-09-02 18:00:00,30.148773,25.339386,1002.5012,1.6196101,2.9463995,0.9704857,75.50389,0.0
2024-09-03 00:00:00,28.085419,23.141937,1001.1763,2.6198778,0.73755074,0.66373074,74.57083,0.0
2024-09-03 06:00:00,33.691803,24.217194,1003.40625,3.4354048,1.0266638,0.721029,57.766758,0.0
2024-09-03 12:00:00,33.533478,23.532135,1000.5519,0.85717565,2.1520867,0.7132632,55.929108,0.005155802
2024-09-03 18:00:00,29.259735,22.95169,1003.5481,2.206665,1.756608,0.97164506,68.861946,0.0
2024-09-04 00:00:00,28.207,23.107208,1003.1156,2.6294231,1.0562983,0.9854358,73.88928,0.0
2024-09-04 06:00:00,33.763214,24.064117,1003.64,3.6072712,0.285042,0.9946287,57.01045,0.0
2024-09-04 12:00:00,33.316803,24.080841,1000.4263,0.78455734,-0.3629622,0.996178,58.51227,0.0
2024-09-04 18:00:00,29.798004,23.464508,1002.60626,1.5442648,2.2179985,0.9999998,68.85872,0.0
2024-09-05 00:00:00,28.44873,23.106964,1001.0831,3.0001736,1.110321,0.5788865,72.85649,0.0
2024-09-05 06:00:00,35.845734,23.110931,1001.8106,3.8389473,0.110939205,0.30406475,47.95399,0.0
2024-09-05 12:00:00,35.78409,22.47647,998.435,1.5943556,-0.57934284,0.54683876,46.301735,0.0
2024-09-05 18:00:00,30.510529,24.093048,1001.9963,2.011655,3.3028588,0.9872601,68.647255,0.00076321885
2024-09-06 00:00:00,28.907135,22.571808,1000.3819,3.2947264,0.4513321,0.99645376,68.680664,0.0
2024-09-06 06:00:00,34.104034,23.351349,1002.70374,3.3592176,-0.849453,1.0,53.58634,0.00047683716
2024-09-06 12:00:00,34.10733,24.130768,1000.1331,0.61817545,1.0214064,0.99999994,56.149666,0.29741228
2024-09-06 18:00:00,29.487518,23.975983,1002.8069,1.4729395,2.3364272,0.9909312,72.29335,0.0
2024-09-07 00:00:00,28.744843,22.544342,1001.4319,3.4193096,0.94084644,0.8887275,69.21417,0.0
2024-09-07 06:00:00,34.77591,23.136627,1003.09125,4.3976727,-0.12888831,1.0,50.955017,0.0009536743
2024-09-07 12:00:00,34.655304,22.958649,1000.28815,0.9359884,0.20763838,1.0,50.747997,0.014026649
2024-09-07 18:00:00,29.332367,24.327301,1003.655,1.0187131,1.9213972,1.0,74.49746,0.0
2024-09-08 00:00:00,28.699982,21.869293,1002.8194,3.2167215,0.8014704,1.0,66.6002,0.0
2024-09-08 06:00:00,33.587433,22.876617,1003.495,4.566221,1.5654929,1.0000001,53.59477,0.0
2024-09-08 12:00:00,33.49759,23.036285,1000.7506,3.175285,1.4668283,0.9895465,54.38829,0.09356439
2024-09-08 18:00:00,30.002472,21.930695,1003.27875,3.8814461,1.366715,0.99839383,62.00768,0.0
2024-09-09 00:00:00,28.313934,22.528778,1001.725,3.0449457,1.6608207,0.96509296,70.90129,0.0
2024-09-09 06:00:00,34.905792,23.07016,1001.54565,4.908704,2.2679224,0.9978749,50.38626,0.0
2024-09-09 12:00:00,32.303986,24.445465,998.5756,3.004611,2.2184942,0.7386114,63.31433,0.1464356
2024-09-09 18:00:00,29.215637,22.339874,1001.3738,4.0306997,1.3221283,0.74639916,66.52144,0.0
2024-09-10 00:00:00,28.784943,22.905914,1001.4294,2.9225054,1.9081097,0.2403835,70.58439,0.0
2024-09-10 06:00:00,35.97049,22.746918,1001.5775,5.903824,1.8052702,0.5413014,46.587475,0.0
2024-09-10 12:00:00,35.966217,21.036652,997.885,3.899293,1.1913586,0.41026884,41.97983,0.0
2024-09-10 18:00:00,30.67398,21.313995,1002.6919,3.746601,0.8736515,0.31621295,57.458107,0.0
2024-09-11 00:00:00,29.001923,23.06369,1001.66565,3.8114681,1.5740302,0.95466965,70.37161,0.0
2024-09-11 06:00:00,35.408478,22.685577,1002.815,4.2722425,1.7926474,0.7429435,47.875263,0.0
2024-09-11 12:00:00,31.89029,24.297028,1000.5631,1.9508815,2.4529374,0.8493323,64.240204,1.2185991
2024-09-11 18:00:00,29.669678,22.431915,1003.8625,3.692317,1.5518456,1.0000006,65.16518,0.0
2024-09-12 00:00:00,28.338715,22.767914,1003.53375,3.3469849,1.3535873,0.9628726,71.83404,0.0
2024-09-12 06:00:00,35.314117,22.690277,1003.5006,4.265438,1.3813262,0.940367,48.139305,0.0
2024-09-12 12:00:00,35.67227,22.477936,1000.95624,2.1411028,-1.3667555,0.7238181,46.592148,0.001906883
2024-09-12 18:00:00,30.06131,25.317902,1003.40125,0.55072683,3.1675053,0.99999976,75.787094,0.0
2024-09-13 00:00:00,29.462677,24.141388,1002.9894,2.2395697,1.8834327,0.96385354,73.1196,0.0
2024-09-13 06:00:00,35.56778,22.416534,1002.9475,3.4016266,0.16171509,0.49825954,46.686954,0.0
2024-09-13 12:00:00,36.075592,21.628082,999.7375,1.9013119,0.27425385,1.0000001,43.268307,0.0
2024-09-13 18:00:00,30.638275,24.104034,1002.915,1.6447569,2.9365253,0.9933241,68.192276,0.0
2024-09-14 00:00:00,29.654633,22.027008,1001.89935,2.6792202,0.80356693,1.0,63.633736,0.0
2024-09-14 06:00:00,35.596832,22.493378,1002.56,3.706007,-0.19012946,1.000004,46.83035,9.522773e-05
2024-09-14 12:00:00,34.712067,22.65335,999.9356,2.301978,-0.5419884,0.90068024,49.660786,0.042998932
2024-09-14 18:00:00,30.883514,23.370392,1003.1069,0.8493546,1.9396955,0.75647753,64.33873,0.0
2024-09-15 00:00:00,28.53012,22.795807,1001.785,2.8304453,0.1239233,0.9678679,71.15954,0.0
2024-09-15 06:00:00,35.727203,21.976532,1002.3569,3.6416082,-0.6963663,0.48591536,45.054848,0.0
2024-09-15 12:00:00,36.147614,21.41397,999.27313,1.4183846,-1.1768894,0.31281137,42.536297,0.0
2024-09-15 18:00:00,31.295197,23.301056,1003.1312,0.5922056,3.0026436,0.2317493,62.583965,0.0
2024-09-16 00:00:00,29.079956,22.62259,1001.9525,2.4902925,0.6701803,0.17291814,68.20696,0.0
2024-09-16 06:00:00,36.310944,21.283173,1002.51624,3.627843,-1.3149128,0.039180722,41.819874,0.0
2024-09-16 12:00:00,36.476837,20.4805,999.3206,2.1014252,-0.8381052,0.16622925,39.445053,0.0
2024-09-16 18:00:00,31.2128,23.551056,1003.3306,1.2721903,3.5548065,0.3143503,63.833763,0.0
2024-09-17 00:00:00,29.972504,23.039948,1002.14435,3.2464676,0.3095808,0.19513087,66.44504,0.0
2024-09-17 06:00:00,36.535553,21.522064,1002.2506,3.8675241,-1.5478983,0.08168498,41.91676,0.0
2024-09-17 12:00:00,36.13626,21.916779,998.45685,2.4706593,-0.03532505,0.29478723,43.89149,0.0076279975
2024-09-17 18:00:00,31.181244,22.925568,1001.8325,1.449418,3.4091816,0.19834292,61.577213,0.0
2024-09-18 00:00:00,29.321442,21.784943,1000.7612,3.2646637,0.38110447,0.58392704,63.917233,0.0
2024-09-18 06:00:00,36.095245,19.596832,1001.12,3.4446967,-1.6413307,0.14286731,38.136288,0.0
2024-09-18 12:00:00,36.068146,21.58194,997.4725,0.18715096,0.4870786,0.30255795,43.16405,0.0
2024-09-18 18:00:00,29.894562,24.947784,1001.7419,1.2528884,3.7919803,0.09160318,74.84845,0.0
2024-09-19 00:00:00,28.616394,20.439972,1001.1144,2.2750626,1.0036325,0.11238238,61.30364,0.0
2024-09-19 06:00:00,34.16153,21.235382,1001.9675,2.1112823,-1.5118504,0.6734441,46.962097,0.0
2024-09-19 12:00:00,34.747467,20.401031,998.53876,1.0824242,-0.8517542,0.23463725,43.18144,0.0007628114
2024-09-19 18:00:00,29.650055,25.197174,1002.0325,0.7604401,3.4603791,0.9415399,77.04571,0.0
2024-09-20 00:00:00,29.575653,21.743683,1000.7469,2.874299,0.6252756,0.95601404,62.82811,0.0
2024-09-20 06:00:00,35.18155,21.773956,1001.5581,2.9888496,-0.49748707,0.88673794,45.86271,0.0
2024-09-20 12:00:00,35.381256,22.070831,998.83,1.3835936,-0.5248356,0.45392954,46.18812,0.016206875
2024-09-20 18:00:00,30.00711,24.471954,1001.77936,1.3958833,3.5809493,0.9672463,72.28125,0.0
2024-09-21 00:00:00,29.066162,21.530304,1000.8906,3.5594635,-0.39910603,0.9953923,63.86526,0.0
2024-09-21 06:00:00,35.377594,22.621857,1002.21814,2.0935726,-0.8213434,0.9999975,47.771957,0.0
2024-09-21 12:00:00,33.948395,23.024628,998.70935,-0.3418703,0.5734949,0.9911473,52.99688,0.002577901
2024-09-21 18:00:00,29.808563,23.443878,1002.46564,-0.24698985,2.3925927,0.99643606,68.73132,0.0
2024-09-22 00:00:00,29.322083,20.844635,1000.0469,3.0862436,0.28675938,0.9961215,60.335117,0.0
2024-09-22 06:00:00,34.43448,21.74356,1001.6275,2.6461544,-1.2506208,0.9982176,47.71512,0.0
2024-09-22 12:00:00,33.380035,21.095245,998.1919,1.221817,-0.058177948,0.9989384,48.639225,0.0
2024-09-22 18:00:00,30.016571,24.143707,1001.3738,0.6653003,2.9959116,0.42490995,70.83469,0.0
2024-09-23 00:00:00,29.185822,22.713531,999.6144,3.0619402,0.67809963,0.9562427,68.165794,0.0
2024-09-23 06:00:00,33.80423,23.112396,1000.62,2.9983988,-0.65078324,0.4499665,53.709816,0.07332116
2024-09-23 12:00:00,34.79178,23.133575,997.84625,0.89860916,1.3654313,0.8144213,50.900776,0.14116615
2024-09-23 18:00:00,30.618408,22.77359,1000.6825,2.1668837,2.1087217,0.95152,63.004787,0.0
2024-09-24 00:00:00,28.828949,22.728363,999.3181,3.475916,0.7581962,0.9045494,69.65105,0.0007636845
2024-09-24 06:00:00,35.312653,23.12082,1000.5706,4.077442,0.63538265,0.8993942,49.41509,0.0
2024-09-24 12:00:00,33.893707,21.811554,997.2519,1.2657108,2.3645391,0.83740824,49.38007,9.685755e-05
2024-09-24 18:00:00,30.206604,21.06363,1000.5037,2.797689,2.03131,0.97603726,58.117275,0.0
2024-09-25 00:00:00,28.763489,21.878632,999.51373,2.098652,1.4412744,0.97395694,66.393166,0.0
2024-09-25 06:00:00,35.36612,23.333344,1000.505,3.4890532,0.98923856,0.9655727,49.905964,0.0
2024-09-25 12:00:00,34.86673,23.228912,997.53937,1.651515,1.9869915,0.7909805,50.982483,0.00019115396
2024-09-25 18:00:00,29.901337,24.182281,1000.76685,1.1129973,3.275837,0.95834625,71.47061,0.0
2024-09-26 00:00:00,29.52774,22.175201,999.5156,2.517644,0.1431179,1.0000001,64.68223,0.0
2024-09-26 06:00:00,34.203156,23.026886,1001.4581,1.3586588,0.46743935,0.9952935,52.256233,0.0010496005
2024-09-26 12:00:00,33.27542,23.853912,998.49,-1.0346966,-0.35136628,0.98677725,57.85402,0.0
2024-09-26 18:00:00,29.766022,25.180817,1002.64813,-0.37711585,2.1720405,0.70431757,76.45845,0.091701746
2024-09-27 00:00:00,28.981628,25.30191,1001.91,1.2550018,1.4672594,0.908546,80.57849,0.0
2024-09-27 06:00:00,34.17398,24.28061,1003.96936,0.8445368,-0.79768753,0.98367923,56.446423,0.0
2024-09-27 12:00:00,32.340363,23.658356,1001.0725,-0.82442474,-0.030688286,0.5833021,60.267536,0.08411973
2024-09-27 18:00:00,28.276031,24.608124,1004.48065,-0.3557396,0.85403955,0.61854863,80.5442,1.3908446
2024-09-28 00:00:00,28.233307,25.417542,1003.60187,-0.0053271055,-0.11982536,0.997752,84.73659,0.0
2024-09-28 06:00:00,33.554962,25.13852,1004.84875,0.12554836,-0.09372902,0.39892125,61.506046,0.03966689
2024-09-28 12:00:00,32.09305,23.98233,1001.65,-2.9897766,-0.12984008,0.074705034,62.318794,0.0
2024-09-28 18:00:00,28.175995,25.35614,1005.885,-0.87135124,-0.14237595,0.10979393,84.71004,0.0
2024-09-29 00:00:00,28.449493,25.158508,1004.8625,0.07219982,-0.871583,0.7388251,82.398094,0.098848276
2024-09-29 06:00:00,33.225006,26.55246,1005.78186,-1.7005873,-0.3615386,0.4615268,68.129166,0.0
2024-09-29 12:00:00,31.98294,25.016357,1003.1406,-3.2710161,0.52542937,0.120886914,66.711586,0.0
2024-09-29 18:00:00,28.17978,25.848877,1006.155,-1.0187807,0.6664805,0.081756234,87.20485,9.685755e-05
2024-09-30 00:00:00,28.012665,25.357544,1005.34125,-0.26150513,-0.42572743,0.22566617,85.5272,0.042641353
2024-09-30 06:00:00,30.909698,25.528778,1006.76935,-1.4062786,0.985258,0.7605003,73.10427,0.015907623
2024-09-30 12:00:00,31.377533,24.012604,1002.4881,-2.9577417,0.96997637,0.2680502,65.01882,0.021641623
2024-09-30 18:00:00,28.008545,24.903992,1004.7438,-1.1964483,0.13958836,0.32198936,83.267555,0.0
2024-10-01 00:00:00,27.498352,24.663574,1003.5112,0.21408081,0.17729753,0.5346213,84.563705,0.0
2024-10-01 06:00:00,33.973297,23.642181,1003.9869,-0.020668983,1.4119034,0.54436255,54.9336,0.002194196
2024-10-01 12:00:00,32.252106,23.788422,1000.8094,-2.1416721,1.8694019,0.87452185,61.04489,0.0
2024-10-01 18:00:00,29.090149,25.352936,1005.3544,-0.39292622,2.322363,0.8529146,80.31745,0.0026714988
2024-10-02 00:00:00,27.871979,24.980438,1003.6269,1.7878135,2.5080757,0.9716176,84.31718,0.0
2024-10-02 06:00:00,34.054474,24.456268,1004.41,2.3372564,4.2037306,0.15794742,57.42495,0.0024791807
2024-10-02 12:00:00,33.257965,24.740753,1001.09375,0.14949185,4.240964,0.54603714,61.072166,0.0
2024-10-02 18:00:00,28.65094,23.790985,1005.15,1.99442,3.6101074,1.0000002,75.03897,0.0
2024-10-03 00:00:00,28.173248,23.334076,1003.73315,2.1526642,2.8812885,1.0000002,75.056465,0.0
2024-10-03 06:00:00,35.333527,24.299225,1003.96686,3.2572298,1.1059387,0.97536737,52.98679,0.0016207341
2024-10-03 12:00:00,33.379547,23.384186,1000.28,0.4264326,1.1888266,0.49076355,55.912407,0.0
2024-10-03 18:00:00,29.107483,24.116058,1004.72876,0.53431576,1.9665608,0.8342163,74.52184,0.11927484
2024-10-04 00:00:00,28.616882,25.126282,1003.3081,1.773292,1.965519,0.9989364,81.4444,0.0
2024-10-04 06:00:00,36.017242,24.829865,1004.03815,2.2242908,0.55867535,0.9783757,52.671875,0.008678529
2024-10-04 12:00:00,30.218536,25.961578,1001.1281,-0.68983936,2.4094849,0.9410361,78.03038,0.51357734
2024-10-04 18:00:00,26.385345,24.826721,1005.07623,1.1162015,0.59053266,0.9921235,91.16398,0.6149484
2024-10-05 00:00:00,26.539429,24.981262,1003.6125,2.3644323,0.030565262,0.9996035,91.17611,0.6614853
2024-10-05 06:00:00,30.525177,26.194122,1004.59375,2.948207,-0.88104534,1.0,77.73309,0.0
2024-10-05 12:00:00,32.071564,24.84439,1002.0075,0.059168816,0.0461877,0.99999917,65.70024,0.042832017
2024-10-05 18:00:00,27.351196,25.389313,1004.6956,1.080125,2.2287343,0.9650579,89.06653,0.0
2024-10-06 00:00:00,26.428162,24.356049,1003.64685,0.33958203,-1.0281925,1.0,88.40998,0.047667988
2024-10-06 06:00:00,29.656342,24.961792,1005.6775,0.32650447,-1.0100384,1.0,75.94517,0.0
2024-10-06 12:00:00,29.370453,24.381744,1002.07,-0.47252464,0.850391,0.9938658,74.57668,0.0
2024-10-06 18:00:00,27.350922,24.554169,1005.3063,-0.14787865,1.4291059,0.9476272,84.740715,0.004284084
2024-10-07 00:00:00,27.095642,24.903961,1004.39624,-0.5158148,-0.43230397,0.7841684,87.835396,0.0
2024-10-07 06:00:00,32.102448,24.421967,1006.3325,-0.61408234,-0.9243288,0.9434274,63.949905,0.13925996
2024-10-07 12:00:00,28.972382,24.869476,1003.5481,-2.0550604,0.33701223,0.9748089,78.57088,0.0
2024-10-07 18:00:00,27.622772,24.959198,1007.15936,-0.32343674,1.4641101,0.9917549,85.445366,0.25882623
2024-10-08 00:00:00,26.593384,25.313324,1005.33,-0.113292634,-0.7827587,0.9914386,92.70197,0.0
2024-10-08 06:00:00,32.50345,25.807343,1006.6,0.65807265,0.14161974,0.99405533,67.895645,0.15326919
2024-10-08 12:00:00,30.422974,24.599945,1003.8719,-1.8500004,0.32776642,0.9371167,71.11973,0.0
2024-10-08 18:00:00,27.183807,24.886353,1006.4794,0.1159153,1.0904851,0.99999976,87.290405,0.0
2024-10-09 00:00:00,26.12085,24.543274,1004.45123,-0.02269286,-1.0580263,0.99960256,91.044044,0.04395889
2024-10-09 06:00:00,32.487823,25.024994,1005.265,-1.5482283,0.7978187,0.99812376,64.86788,0.0
2024-10-09 12:00:00,29.89212,24.57071,1002.0081,-1.5274401,0.37818944,0.9476173,73.19179,0.002277784
2024-10-09 18:00:00,27.308044,25.11142,1005.0131,0.35781956,0.80398464,0.9158299,87.82749,0.0
2024-10-10 00:00:00,26.216766,24.964874,1003.15375,1.3850737,-0.18748474,0.93861043,92.83812,0.0
2024-10-10 06:00:00,31.584625,25.428772,1004.21124,-1.1732254,-0.51468563,0.9942075,69.93159,0.05473982
2024-10-10 12:00:00,28.616455,24.517914,1000.52124,-0.9409218,0.19864923,0.54789525,78.54131,0.0
2024-10-10 18:00:00,27.109558,24.971222,1004.24,0.68971634,1.0211489,0.9701022,88.11649,0.24121352
2024-10-11 00:00:00,25.979156,24.96997,1002.21063,0.5936804,-0.6735536,0.84265614,94.18049,0.0
2024-10-11 06:00:00,30.959137,26.14914,1003.4575,-0.4359722,-0.73956966,0.97817045,75.62768,0.1203524
2024-10-11 12:00:00,30.048737,25.639954,1000.97687,-1.9545641,0.64223135,0.70288193,77.30692,1.2442156
2024-10-11 18:00:00,26.728668,25.65448,1003.8325,0.29137707,0.4705441,0.71982825,93.84931,0.0
2024-10-12 00:00:00,26.42923,25.15921,1003.08124,0.067858696,-0.4104216,0.9743154,92.74883,0.3539689
2024-10-12 06:00:00,32.308258,25.49704,1004.3006,-1.1025562,-1.8621445,0.9934852,67.39568,0.0
2024-10-12 12:00:00,28.717987,25.735016,1001.8425,-0.81811523,0.20137596,0.6772607,83.95089,1.6148392
2024-10-12 18:00:00,26.269562,25.322693,1005.03937,0.4672823,0.1963206,0.99733114,94.54252,0.0
2024-10-13 00:00:00,25.899017,24.629944,1003.39935,0.78484917,-1.0035906,1.0000002,92.72648,0.0
2024-10-13 06:00:00,31.0419,26.085297,1004.7463,0.27347493,-1.0020494,0.9914073,74.9879,0.4478959
2024-10-13 12:00:00,28.302338,24.992432,1002.4306,-0.028933525,0.28703815,1.0000001,82.287796,0.16294405
2024-10-13 18:00:00,26.442902,25.227661,1004.51373,0.10717106,-0.2734785,0.9958461,93.05252,0.0
2024-10-14 00:00:00,25.594452,24.517853,1002.9988,0.6668418,-1.8566599,1.0,93.785255,0.0
2024-10-14 06:00:00,26.466522,25.259064,1005.02435,1.3023679,0.6403961,0.9999998,93.096794,1.5108316
2024-10-14 12:00:00,26.314514,24.49295,1002.1262,1.5278621,0.04772854,1.0,89.73758,1.8859464
2024-10-14 18:00:00,24.654755,23.902588,1003.965,3.0677786,2.2453928,1.0,95.59134,1.5983615
2024-10-15 00:00:00,24.755524,23.087494,1002.01624,2.3984985,0.2302103,0.9990591,90.460434,0.0
2024-10-15 06:00:00,27.743439,24.059052,1004.1919,1.6361637,0.46643645,1.0,80.39552,0.0
2024-10-15 12:00:00,26.07309,25.00412,1001.9444,0.91352135,0.5178976,1.0,93.84936,2.299874
2024-10-15 18:00:00,25.412018,24.84137,1004.1937,1.1500368,-0.96062756,1.0,96.65803,0.0
2024-10-16 00:00:00,25.000702,24.063507,1002.15375,1.3979883,0.3770275,1.0,94.54698,0.36492985
2024-10-16 06:00:00,30.576447,24.815155,1003.3769,2.8773794,-0.25662506,0.98999006,71.41002,0.0
2024-10-16 12:00:00,30.08554,24.792206,1000.29877,1.6194477,1.2598865,0.9971566,73.347336,0.0
2024-10-16 18:00:00,26.868866,23.83609,1003.3663,1.0257897,2.5765655,0.7883342,83.49765,0.0
2024-10-17 00:00:00,26.248566,24.23642,1001.8831,2.1065912,1.0485096,0.893874,88.71392,0.005811453
2024-10-17 06:00:00,32.370148,24.300629,1003.7531,2.1676254,1.18667,0.964242,62.533253,0.005438924
2024-10-17 12:00:00,30.944489,25.581055,1000.77625,0.9172417,0.8936829,0.77526844,73.18612,0.0
2024-10-17 18:00:00,27.720917,25.311676,1003.72687,0.18445712,1.5186766,0.764601,86.75905,0.1366646
2024-10-18 00:00:00,27.38327,25.53067,1002.04,1.4159194,0.9809227,0.93913245,89.64917,0.0
2024-10-18 06:00:00,31.928253,25.15158,1004.40436,0.6842231,-0.95730305,0.99490356,67.45991,0.01565129
2024-10-18 12:00:00,30.407562,25.202576,1001.96625,-1.1202507,0.6765886,0.9912339,73.78862,0.010395242
2024-10-18 18:00:00,27.013397,25.431305,1004.84625,0.3390189,0.7286924,0.97853816,91.07617,0.0
2024-10-19 00:00:00,25.785553,24.60736,1004.0712,1.2127478,-0.48008633,0.9877063,93.22599,1.9470814
2024-10-19 06:00:00,29.763824,25.44522,1006.22437,2.4719934,-1.0928068,0.9856676,77.68029,0.0
2024-10-19 12:00:00,29.845856,25.872833,1002.72626,0.57253367,-0.13483715,0.5557218,79.30108,0.0
2024-10-19 18:00:00,26.334137,25.084564,1005.6119,1.2562823,0.57616854,0.51218605,92.85697,0.0
2024-10-20 00:00:00,26.491547,25.020721,1005.3794,-0.0024818778,-0.9526272,0.49533558,91.64921,0.002577901
2024-10-20 06:00:00,31.071808,25.980133,1006.35,0.62476623,-1.0671301,0.51676553,74.3958,0.16786903
2024-10-20 12:00:00,30.26297,25.895721,1003.3675,-1.0267763,0.46956652,0.9232858,77.528854,0.0
2024-10-20 18:00:00,27.86502,26.136871,1006.47064,-1.0330734,-0.13697755,0.64759505,90.34669,0.5618056
2024-10-21 00:00:00,26.953918,25.144165,1005.5712,0.6115712,0.037311435,0.9048729,89.84691,0.0
2024-10-21 06:00:00,31.699738,27.180573,1006.34875,0.8919297,-0.28590202,0.8874985,77.04729,0.025190376
2024-10-21 12:00:00,30.968414,25.976349,1003.2006,-0.58591706,0.167256,0.45115292,74.81904,0.5217326
2024-10-21 18:00:00,27.242645,25.74878,1005.91876,-1.0524712,-0.22595465,0.1327591,91.56855,0.0
2024-10-22 00:00:00,26.807587,24.945557,1005.475,-0.5534153,-1.5570993,0.92242575,89.55685,0.031474177
2024-10-22 06:00:00,32.390656,27.021881,1006.41626,1.0437587,-0.07345772,0.8511677,73.405106,0.13111812
2024-10-22 12:00:00,28.290253,25.227753,1004.2319,-0.963707,0.3148976,0.32156616,83.508194,0.40944344
2024-10-22 18:00:00,26.71878,25.592651,1006.71063,1.3738568,0.15236217,0.51092476,93.56002,0.0
2024-10-23 00:00:00,26.174469,24.67508,1004.2369,1.2190647,-0.37053108,0.6023431,91.47407,0.0
2024-10-23 06:00:00,32.355865,25.289978,1005.56,0.6709636,-0.33814198,0.47875196,66.3924,0.20740432
2024-10-23 12:00:00,31.480011,25.360016,1002.8775,-1.0050592,0.8414717,0.99357504,70.06153,0.0
2024-10-23 18:00:00,28.026276,25.724365,1005.72626,-0.15508229,1.4949517,1.0,87.341324,0.044845045
2024-10-24 00:00:00,26.904083,24.52353,1004.1156,1.437252,1.0293708,0.9711198,86.83299,0.0
2024-10-24 06:00:00,31.326263,25.16043,1005.26874,2.755435,1.800396,0.97261524,69.84241,0.07037558
2024-10-24 12:00:00,30.08194,26.073212,1002.65375,-0.118640006,-0.110948026,0.97942966,79.16573,0.70777494
2024-10-24 18:00:00,25.740753,24.588715,1005.34064,-0.23934233,1.6458154,1.000001,93.36973,0.0
2024-10-25 00:00:00,26.255707,24.590485,1004.0469,1.3482955,0.87304735,0.9739591,90.57676,0.001132673
2024-10-25 06:00:00,30.764801,26.345764,1005.545,2.1279755,1.0491002,0.9532942,77.36493,0.13942239
2024-10-25 12:00:00,29.72226,25.226746,1003.21686,0.22076994,1.3654866,0.673727,76.861206,0.0
2024-10-25 18:00:00,26.399994,24.618744,1005.91315,1.2136927,2.1434903,0.86640525,89.96039,0.0
2024-10-26 00:00:00,26.813019,24.642487,1004.4125,1.7336979,1.2053273,0.861115,87.92253,0.0003799796
2024-10-26 06:00:00,32.496735,25.951569,1005.01874,2.0232897,0.43051207,0.19481921,68.504105,0.008966774
2024-10-26 12:00:00,31.719818,25.66922,1001.8956,0.5302897,0.59541166,0.10696155,70.394844,0.033993274
2024-10-26 18:00:00,27.846344,25.278503,1004.5444,0.74808687,2.0434692,0.2674892,85.95607,0.0
2024-10-27 00:00:00,27.437592,24.258331,1003.3306,2.1352472,1.4766266,0.24133486,82.83106,0.0
2024-10-27 06:00:00,33.514435,25.016998,1004.16626,1.9915857,-0.70522594,0.124627344,61.201023,0.00352785
2024-10-27 12:00:00,31.654999,24.161896,1000.73376,0.033244014,0.9348689,0.18662298,64.57785,0.12233853
2024-10-27 18:00:00,27.610748,25.019562,1002.78436,0.06065082,2.272967,0.23953527,85.813774,0.0
2024-10-28 00:00:00,27.845856,25.709137,1002.49,0.9620324,0.8618461,0.61155415,88.18575,0.0
2024-10-28 06:00:00,33.52408,24.619781,1003.4556,1.6773205,0.9143698,0.24829078,59.73445,0.009156764
2024-10-28 12:00:00,32.412384,26.2966,1001.01935,-0.048741758,0.6478512,0.18221205,70.24957,0.0
2024-10-28 18:00:00,28.454071,25.865143,1004.04877,0.4852305,2.4494486,0.17151845,85.907135,0.0
2024-10-29 00:00:00,27.90451,25.224152,1002.9525,1.1640921,1.1605921,0.24420047,85.38809,0.0
2024-10-29 06:00:00,33.39322,24.48996,1004.455,1.9600576,-0.37552357,0.33141667,59.708523,0.019453466
2024-10-29 12:00:00,31.913422,25.487335,1002.3075,-0.35928535,-0.21676683,0.3249057,68.87853,0.032134354
2024-10-29 18:00:00,28.173279,25.8862,1004.41315,-0.072102964,1.9344237,0.08139897,87.4309,0.0
2024-10-30 00:00:00,27.64627,25.692719,1003.42,1.1599133,1.3905325,0.18204689,89.13314,0.0
2024-10-30 06:00:00,32.364532,25.757965,1005.2562,1.0591874,0.8803142,0.2851861,68.230156,0.036718618
2024-10-30 12:00:00,30.497406,25.8732,1003.175,-1.8030844,0.98660326,0.6288437,76.3924,0.0
2024-10-30 18:00:00,27.989227,26.1503,1006.20374,-1.158164,0.27802187,0.087998375,89.76561,0.16334653
2024-10-31 00:00:00,26.84845,25.155182,1004.89374,0.64011145,-0.47039604,0.27502525,90.46503,0.0
2024-10-31 06:00:00,31.800323,25.687103,1006.3706,-0.08572388,0.48135644,0.35110366,70.14848,0.047101926
2024-10-31 12:00:00,28.747467,24.594116,1004.0225,-1.2548332,0.33986515,0.6539558,78.30275,0.6721383
2024-10-31 18:00:00,26.598602,25.163147,1006.9281,0.31439877,0.37878317,0.7187767,91.8489,0.11381072
2024-11-01 00:00:00,26.077911,24.704742,1005.65814,0.7005293,-0.6912737,0.90600896,92.16098,0.0
2024-11-01 06:00:00,31.550812,25.471832,1007.97876,-0.71912193,-0.9973631,0.9799558,70.245514,0.146196
2024-11-01 12:00:00,28.057343,25.480682,1004.9462,-1.19905,0.039640427,0.69129467,85.93135,0.012066141
2024-11-01 18:00:00,26.137299,24.703278,1007.71936,0.15210533,-1.1513405,0.6142751,91.82986,1.697388
2024-11-02 00:00:00,25.78537,24.381195,1006.5531,0.66883755,-0.227108,0.41961682,91.9736,0.0
2024-11-02 06:00:00,31.292145,25.640839,1008.0206,-1.2508945,-1.5388746,0.6964479,72.00536,0.052918624
2024-11-02 12:00:00,27.521667,24.990997,1005.4931,-1.4476624,0.35535336,0.8163299,86.11532,2.1292188
2024-11-02 18:00:00,25.779694,24.36444,1008.03186,0.3810463,-1.0701647,0.61170727,91.912285,0.0
2024-11-03 00:00:00,25.982086,23.965668,1005.90625,0.43809414,-1.850008,0.19581416,88.67002,0.0
2024-11-03 06:00:00,30.05191,24.441986,1007.6163,-1.6081486,-1.559205,0.8331531,71.96623,0.3513716
2024-11-03 12:00:00,28.480927,24.54889,1005.08185,-1.9538965,-0.42594624,0.26366365,79.30881,0.0
2024-11-03 18:00:00,26.191742,24.881042,1007.91437,0.09714031,-0.9922104,0.22172177,92.511696,0.0
2024-11-04 00:00:00,25.889832,24.338684,1006.1813,0.5419483,-1.6363287,0.3601122,91.17359,0.06427341
2024-11-04 06:00:00,30.456818,25.39331,1006.53375,-1.5634193,-1.4373388,0.40766025,74.42041,0.0
2024-11-04 12:00:00,28.756897,24.809296,1003.8956,-1.9322805,-0.63696,0.43719512,79.272675,0.23200095
2024-11-04 18:00:00,26.214325,24.345001,1007.2612,0.37004757,-0.6860256,0.71530104,89.47398,0.0
2024-11-05 00:00:00,26.15207,24.33078,1006.0531,0.50404453,-2.072032,0.2921049,89.7273,0.0
2024-11-05 06:00:00,30.850983,24.107208,1007.02625,-1.5909109,-2.4929562,0.48899296,67.38122,0.2297461
2024-11-05 12:00:00,29.483551,24.087189,1004.7519,-1.0437622,-0.9827509,0.22129631,72.79443,0.0
2024-11-05 18:00:00,25.972748,24.017548,1007.1744,-0.49766636,-1.7051115,0.059334528,88.99597,0.0
2024-11-06 00:00:00,25.149933,22.940674,1005.9462,0.9260165,-2.2521706,0.006576538,87.575714,0.0
2024-11-06 06:00:00,31.806671,21.917572,1006.895,0.07768464,-3.9502497,0.012557983,55.894905,0.0
2024-11-06 12:00:00,29.662628,23.282318,1004.2925,-1.2640047,-1.9893217,0.22496903,68.638596,0.006392598
2024-11-06 18:00:00,27.210419,24.732635,1006.22,-0.31843948,-2.7111883,0.9290259,86.358,0.0
2024-11-07 00:00:00,26.740509,24.192139,1005.2469,0.6675625,-2.7909346,0.9866917,85.94907,0.009179115
2024-11-07 06:00:00,30.026642,25.040405,1006.40125,-0.24114418,-3.625245,0.997553,74.693794,0.026584148
2024-11-07 12:00:00,27.615997,25.051025,1004.9338,-1.8166494,-1.576169,0.9999998,85.948494,0.85451955
2024-11-07 18:00:00,26.016724,25.119476,1006.83624,-1.0776968,-2.811308,0.9935792,94.81238,0.0
2024-11-08 00:00:00,26.499786,24.843964,1004.95685,0.30281544,-3.3880682,0.99358106,90.64389,0.022900075
2024-11-08 06:00:00,29.956024,25.970245,1005.8231,-1.8190775,-3.4404898,0.99960345,79.256165,0.111570105
2024-11-08 12:00:00,29.61734,24.60086,1004.39435,-2.0952988,-1.3913088,0.99141186,74.492874,0.0
2024-11-08 18:00:00,26.49936,24.739166,1006.45374,-0.23292828,-2.0012264,0.95773476,90.08069,0.0
2024-11-09 00:00:00,26.295563,23.971313,1005.8244,0.7252674,-2.69693,0.9585818,87.071434,9.685755e-05
2024-11-09 06:00:00,30.386505,25.172699,1006.3844,-1.9570894,-4.2639256,0.9156913,73.74639,0.09032771
2024-11-09 12:00:00,29.282806,24.117096,1004.45374,-1.7966843,-2.5907955,0.91895676,73.775116,0.0
2024-11-09 18:00:00,26.118439,23.9888,1006.8663,-0.30640697,-2.251441,0.819664,88.07999,0.0
2024-11-10 00:00:00,26.123505,23.913666,1005.6219,0.51499844,-2.7185287,0.7946879,87.65695,0.0
2024-11-10 06:00:00,31.625519,23.1846,1006.47437,-1.6111135,-3.904787,0.20195234,60.989117,0.05054759
2024-11-10 12:00:00,29.676239,22.992645,1003.8212,-1.4985981,-1.8498001,0.10259318,67.394104,0.0
2024-11-10 18:00:00,26.63974,24.070648,1006.5637,-0.48531628,-2.275673,0.19298983,85.83245,0.0
2024-11-11 00:00:00,26.871124,23.799744,1004.91187,0.64741516,-2.7155056,0.34423685,83.304245,0.0
2024-11-11 06:00:00,32.07486,22.516754,1005.2969,-0.54330254,-4.4346657,0.2359989,57.09739,0.0
2024-11-11 12:00:00,29.99289,23.685211,1002.9406,-1.754386,-2.0831223,0.91739213,69.003006,0.0
2024-11-11 18:00:00,27.517181,24.311066,1005.12,-0.5522518,-2.2896957,0.72635263,82.707085,0.0
2024-11-12 00:00:00,26.017517,22.51651,1003.9175,0.068344116,-3.3492813,0.9322904,81.0671,0.08792278
2024-11-12 06:00:00,29.992828,23.955658,1004.78564,-0.10116291,-3.9489727,1.0,70.13495,0.0
2024-11-12 12:00:00,28.362091,24.81015,1002.92126,-1.9126406,-2.549345,1.0000005,81.11525,0.080046
2024-11-12 18:00:00,26.571503,25.27945,1004.3113,0.48008728,-2.476654,0.9971191,92.63473,0.0
2024-11-13 00:00:00,25.389679,24.393677,1003.17,0.76799583,-2.7253141,1.0,94.22996,0.72582436
2024-11-13 06:00:00,28.1268,24.7164,1005.01685,0.1091671,-3.1835423,1.0,81.77459,0.0
2024-11-13 12:00:00,26.713806,24.949951,1003.15436,-1.1216326,-2.8685722,1.0,90.07601,0.0
2024-11-13 18:00:00,25.433716,24.796356,1004.905,-0.39923763,-2.2576132,0.9996031,96.27434,0.3304371
2024-11-14 00:00:00,25.863068,24.552338,1003.70874,-0.014061928,-2.3142958,0.9646282,92.49384,0.11427888
2024-11-14 06:00:00,28.298248,25.559113,1006.3212,-0.64191437,-2.4641304,0.9365589,85.12988,1.3521675
2024-11-14 12:00:00,27.048737,24.876099,1004.3894,-1.8886099,-1.3068714,0.7420888,87.93132,0.0
2024-11-14 18:00:00,25.809326,24.858063,1007.21313,-0.60139656,-2.393672,0.9897823,94.49948,0.0
2024-11-15 00:00:00,25.658936,24.346527,1006.065,-0.051496506,-3.120019,1.0,92.47354,0.0
2024-11-15 06:00:00,28.160248,26.927338,1006.71814,-0.85252476,-2.6738567,0.9848625,93.040665,0.23222679
2024-11-15 12:00:00,26.569336,25.09497,1004.16626,-1.6750555,-2.3729029,0.99999994,91.63452,0.0
2024-11-15 18:00:00,25.997711,25.128235,1006.47626,-1.1238518,-2.0105896,0.95665526,94.96868,0.0
2024-11-16 00:00:00,25.824005,24.623138,1004.71375,-0.2992277,-2.9367094,1.0000005,93.10154,0.0
2024-11-16 06:00:00,29.42514,26.070831,1006.44,-1.7819653,-1.4990358,0.961794,82.2045,0.14893025
2024-11-16 12:00:00,27.06839,25.098602,1003.9075,-1.5431709,-1.134923,0.32468736,89.00293,0.0
2024-11-16 18:00:00,25.6445,24.923218,1006.185,-0.5524025,-2.3510656,0.3825497,95.799446,0.0
2024-11-17 00:00:00,25.515106,24.333282,1004.47064,-0.47989464,-2.7338514,0.9185844,93.192505,0.005722046
2024-11-17 06:00:00,29.121307,25.148926,1005.8806,-2.071741,-3.2576075,0.81014997,79.20539,0.3111394
2024-11-17 12:00:00,28.343231,25.22821,1003.8325,-2.6779613,-1.2213068,0.8091772,83.25351,0.0
2024-11-17 18:00:00,26.15152,24.146667,1006.4506,-0.7744417,-2.6116934,0.8688479,88.74508,0.0
2024-11-18 00:00:00,25.702362,23.757874,1005.31,0.7833557,-3.100438,0.92632747,89.0324,0.0
2024-11-18 06:00:00,29.198212,24.996002,1006.4931,-3.1639118,-3.6681232,0.94042754,78.13871,0.06476781
2024-11-18 12:00:00,27.174622,24.249664,1004.52313,-2.200059,-2.1367912,0.7830298,84.07385,0.14382036
2024-11-18 18:00:00,26.104889,23.86148,1007.5538,-1.1592884,-2.4077215,0.9930242,87.4786,0.0
2024-11-19 00:00:00,26.078156,23.418732,1005.98315,0.13301754,-3.5082169,0.9996035,85.311356,0.061258674
2024-11-19 06:00:00,29.177765,24.071442,1007.2444,-1.7745638,-5.491001,0.9999999,74.021126,0.09736419
2024-11-19 12:00:00,27.615387,24.585052,1004.26373,-2.577981,-3.5790405,0.9917212,83.59332,0.0
2024-11-19 18:00:00,26.585236,22.72879,1007.3656,-1.5529442,-3.6626472,1.0,79.41119,0.0
2024-11-20 00:00:00,25.814484,21.857452,1005.95435,0.5594263,-3.6949215,1.0,78.820076,0.15049562
2024-11-20 06:00:00,25.858002,24.108307,1007.84564,-0.012728691,-3.45689,1.0,90.092354,0.35246262
2024-11-20 12:00:00,27.255219,23.795135,1005.4331,-1.5540094,-0.794096,0.99999994,81.424,0.0
2024-11-20 18:00:00,26.437042,22.719025,1005.9469,-1.8701897,-3.0844088,0.963252,80.06057,0.0
2024-11-21 00:00:00,26.396088,22.989655,1004.91125,-0.2892313,-3.4598713,0.99999994,81.58103,0.023462087
2024-11-21 06:00:00,28.651398,23.621552,1007.8675,-1.5027351,-4.291795,0.9904498,74.27547,0.10558021
2024-11-21 12:00:00,27.60785,22.849823,1005.28186,-2.2767277,-1.4371071,1.0,75.33521,0.0
2024-11-21 18:00:00,25.30838,22.617249,1007.4938,-1.4427195,-2.2582932,0.65884304,85.06929,0.0
2024-11-22 00:00:00,24.661285,21.793732,1005.5156,1.0388985,-2.786293,0.8263882,84.09204,0.0
2024-11-22 06:00:00,28.670563,22.487213,1006.77313,-1.7271576,-4.5215054,0.70627135,69.27224,0.0
2024-11-22 12:00:00,28.05838,22.42154,1004.8794,-1.3341713,-2.2511559,0.29981017,71.496864,0.0
2024-11-22 18:00:00,26.536224,23.432037,1007.1294,-0.3427353,-2.6575317,0.99755347,83.101585,0.0017210841
2024-11-23 00:00:00,25.911896,22.112823,1006.47687,-0.15454769,-2.9073467,1.0,79.59659,0.0012367964
2024-11-23 06:00:00,29.332367,24.187225,1007.72687,-1.3413506,-4.031415,1.0,73.874435,0.13352978
2024-11-23 12:00:00,27.0141,23.309235,1005.4487,-1.5052958,-2.2762709,0.8340093,80.20081,0.0
2024-11-23 18:00:00,26.11856,24.906158,1007.59186,-1.1404896,-2.5952215,0.9999991,93.0521,0.0001899898
2024-11-24 00:00:00,25.504913,23.893341,1006.29877,0.64158535,-3.3231764,1.0,90.81894,0.0023841858
2024-11-24 06:00:00,28.582062,24.167328,1007.53937,-0.9710121,-4.1527786,1.0000006,77.06245,0.28466678
2024-11-24 12:00:00,27.352448,23.864807,1005.5687,-1.632205,-2.400176,1.0,81.30131,0.0
2024-11-24 18:00:00,25.599396,23.191193,1006.7919,-1.0397186,-2.8957129,0.9986623,86.568405,0.0
2024-11-25 00:00:00,24.986298,22.901154,1004.895,0.59912205,-3.5381823,0.99866986,88.22249,0.0
2024-11-25 06:00:00,28.905182,22.64685,1006.69,-2.0097132,-4.860738,1.0,69.00206,0.0003799796
2024-11-25 12:00:00,27.165741,22.755402,1004.70123,-1.9459734,-2.536377,1.0,76.87042,0.11942536
2024-11-25 18:00:00,25.855072,22.169281,1005.5725,-0.19339275,-3.578845,1.0,80.140076,0.0
2024-11-26 00:00:00,24.409882,21.865875,1003.47626,0.90312004,-3.9500504,1.0,85.7433,0.36479872
2024-11-26 06:00:00,24.581268,23.278442,1005.4575,-0.2745533,-3.849904,1.0,92.46855,2.4846878
2024-11-26 12:00:00,23.932709,23.170929,1002.8881,0.4524212,-3.8224401,1.0,95.51243,0.8706002
2024-11-26 18:00:00,23.441132,22.87741,1004.6287,0.4101925,-5.1883535,1.0,96.64974,0.0
2024-11-27 00:00:00,23.525238,22.911896,1002.025,1.0265551,-4.104244,1.0,96.361855,0.0
2024-11-27 06:00:00,24.520905,23.908966,1004.16876,0.16975212,-5.571433,1.0,96.39655,0.0
2024-11-27 12:00:00,24.934296,23.21466,1001.33875,-0.052404463,-4.610113,1.0,90.190956,0.0
2024-11-27 18:00:00,24.537567,21.579437,1003.58936,0.6146545,-4.479944,1.0,83.61406,0.6100747
2024-11-28 00:00:00,24.40512,18.973175,1001.59875,1.1415312,-4.96607,1.0,71.7451,0.0
2024-11-28 06:00:00,24.96347,20.38388,1003.33685,2.647049,-4.5640516,1.0,75.73971,0.77931505
2024-11-28 12:00:00,25.976654,19.764923,1001.08685,-0.06713104,-3.1808004,1.0,68.63532,0.0
2024-11-28 18:00:00,24.70227,19.320343,1002.635,1.1680868,-4.0048456,1.0,72.02237,0.0
2024-11-29 00:00:00,25.225128,19.97818,1000.9487,1.4468803,-3.169016,1.0,72.72101,0.0
2024-11-29 06:00:00,26.472443,21.96286,1002.8081,2.3463068,-4.2995872,1.0,76.30232,0.046640635
2024-11-29 12:00:00,26.331757,21.78064,1000.5425,1.880333,-2.0979748,1.0,76.087364,0.0
2024-11-29 18:00:00,24.990448,20.340668,1002.34564,2.3768272,-1.680088,1.0,75.4165,0.0010505319
2024-11-30 00:00:00,24.345917,21.210602,999.8681,2.5222454,-1.1321592,1.0,82.6894,0.0
2024-11-30 06:00:00,24.903961,22.910675,1000.0656,5.519787,0.19742489,1.0,88.70796,1.224043
2024-11-30 12:00:00,25.159943,23.118195,996.3769,5.2945986,2.330675,1.0,88.468735,2.5629537
2024-11-30 18:00:00,24.837616,22.700531,998.4969,6.1283503,2.0264263,1.0,87.93275,0.0
2024-12-01 00:00:00,24.617828,22.822845,996.3125,6.793643,0.9813528,1.0,89.75817,6.642698
2024-12-01 06:00:00,25.699066,23.794647,998.78937,4.6649637,1.9188766,1.0000002,89.24705,0.0
2024-12-01 12:00:00,25.03537,23.556915,996.84125,3.005272,4.149127,0.9999992,91.519875,0.0
2024-12-01 18:00:00,25.51236,24.512817,998.8212,1.9283236,4.5494003,0.99999976,94.21513,1.3084887
2024-12-02 00:00:00,25.643951,24.323975,998.0613,1.2237921,3.197674,0.9818448,92.43084,0.0
2024-12-02 06:00:00,30.71817,25.10794,1000.8638,2.6845374,1.7612355,0.5742477,72.08132,0.019385956
2024-12-02 12:00:00,28.09085,25.77951,1000.02435,-1.4183083,2.085983,0.55518305,87.298134,0.0
2024-12-02 18:00:00,26.202057,25.03543,1003.62,-1.225071,1.9386775,0.8692496,93.310555,0.0
2024-12-03 00:00:00,25.511383,24.150665,1002.53,0.101964,1.7583244,0.45497027,92.198,0.15182495
2024-12-03 06:00:00,30.82608,26.749115,1004.66125,0.10860634,0.84698963,0.8305329,78.949326,0.0
2024-12-03 12:00:00,28.931244,25.807587,1002.95,-1.4424391,-0.5372124,0.3356635,83.27715,0.3943661
2024-12-03 18:00:00,26.865723,25.652252,1005.64374,-1.6888132,-0.47776222,0.6551919,93.08329,0.0
2024-12-04 00:00:00,25.971954,24.640167,1004.7031,0.59269524,-1.2271376,0.70919144,92.38334,0.0030510128
2024-12-04 06:00:00,30.451447,25.083527,1006.205,-0.98629284,-1.136466,0.6551791,73.08336,0.065624714
2024-12-04 12:00:00,28.610443,24.932526,1004.21436,-1.1149092,-0.5759821,0.4372,80.53927,0.0
2024-12-04 18:00:00,25.499908,24.621918,1007.2056,-0.32639027,-1.775054,0.62595487,94.90212,0.38754484
2024-12-05 00:00:00,25.654388,24.369354,1005.41876,0.6636734,-1.5602798,0.4749809,92.62508,0.0
2024-12-05 06:00:00,30.601837,26.441986,1007.1456,-1.6746597,-0.9849615,0.39147353,78.533745,0.032228097
2024-12-05 12:00:00,29.282135,24.697662,1004.53876,-2.1032352,-0.28884315,0.09886515,76.38821,0.3031489
2024-12-05 18:00:00,25.879913,24.69574,1007.2056,-0.48771286,-1.3936062,0.003999251,93.197266,0.0
2024-12-06 00:00:00,26.006134,24.566742,1006.0719,0.30651855,-1.8004532,0.8210518,91.79272,0.00047683716
2024-12-06 06:00:00,30.83023,24.605316,1007.4963,-2.057188,-1.8949852,0.90975577,69.50459,0.0958476
2024-12-06 12:00:00,29.484161,24.72583,1004.3131,-1.8146524,-0.79012394,0.99905986,75.629845,0.0
2024-12-06 18:00:00,26.082916,24.902466,1006.54065,-0.7195091,-1.2352962,0.9548312,93.22789,0.0
2024-12-07 00:00:00,26.399261,24.94049,1005.08435,0.22946262,-1.988884,0.6990736,91.70967,0.0020060688
2024-12-07 06:00:00,30.60849,26.279999,1006.84564,-1.9496622,-2.0159054,0.76855624,77.756874,0.03299117
2024-12-07 12:00:00,29.183563,24.386261,1004.6869,-2.3675175,-0.16501522,0.9251954,75.406555,0.0
2024-12-07 18:00:00,24.522003,23.393433,1006.645,-0.10447979,-1.5037842,0.6503193,93.44339,0.0
2024-12-08 00:00:00,24.485748,23.01297,1005.58,0.7420006,-1.2992306,0.76985115,91.51786,0.0
2024-12-08 06:00:00,30.508148,24.475555,1007.04626,-1.6688566,-2.0454988,0.6490429,70.24896,0.07486327
2024-12-08 12:00:00,28.96875,24.27707,1004.8156,-1.5014591,-1.3842268,0.20348258,75.85153,0.0
2024-12-08 18:00:00,24.816803,23.757416,1006.29877,-0.51244736,-1.3973656,0.84251523,93.84736,0.0
2024-12-09 00:00:00,25.613068,24.055511,1005.15814,1.0782747,-1.2401628,0.93407583,91.121124,0.0001899898
2024-12-09 06:00:00,30.435272,24.464294,1006.6194,-1.4491539,-2.7564116,0.7183626,70.49521,0.15391406
2024-12-09 12:00:00,29.078827,23.998413,1003.98376,-1.2673731,-1.3200178,0.9731269,74.12007,0.0
2024-12-09 18:00:00,25.707672,24.397034,1005.91876,-0.9244242,-1.3544111,0.9740536,92.48599,0.0
2024-12-10 00:00:00,25.956024,24.297943,1004.4263,0.43877125,-2.2934446,0.9672981,90.59549,0.0
2024-12-10 06:00:00,29.745636,24.056976,1006.10815,-1.5574245,-4.4184666,0.8423745,71.57343,0.078200854
2024-12-10 12:00:00,28.567017,23.874542,1003.8875,-1.7672358,-2.1360598,0.9990592,75.78533,0.0
2024-12-10 18:00:00,26.739777,23.782623,1006.2619,-0.24525166,-3.2295666,0.9810934,83.863976,0.0115484
2024-12-11 00:00:00,26.388489,23.177155,1004.4988,0.13935757,-3.7444782,1.0,82.54848,0.18780528
2024-12-11 06:00:00,24.847015,23.69281,1006.6694,-1.062294,-4.9950113,1.0,93.314674,1.781937
2024-12-11 12:00:00,25.014008,23.150238,1003.7825,-0.43698978,-4.807271,1.0,89.41442,0.849517
2024-12-11 18:00:00,24.702972,23.468414,1005.07623,0.34601402,-3.3112822,0.9999977,92.85676,0.0
2024-12-12 00:00:00,24.13028,23.457489,1003.1119,0.65041256,-2.8451462,1.0000001,96.03316,0.0
2024-12-12 06:00:00,26.562286,25.217316,1005.47186,-3.4796553,-1.248414,0.9999997,92.342964,0.23350954
2024-12-12 12:00:00,25.502808,24.464905,1003.245,-2.1516342,-2.8118315,1.0000002,93.99865,0.8932595
2024-12-12 18:00:00,24.783539,23.972168,1005.655,-3.577508,-2.7700357,0.9992136,95.256134,0.0
2024-12-13 00:00:00,24.709808,23.54245,1004.22876,-2.4865026,-2.234457,1.0,93.23409,0.22346735
2024-12-13 06:00:00,26.097015,25.250488,1006.9194,-3.006073,-1.8935461,0.9971193,95.10211,0.0
2024-12-13 12:00:00,25.24759,24.451324,1004.3731,-2.6105232,-1.921215,0.9982203,95.358315,0.0
2024-12-13 18:00:00,24.947418,23.931213,1007.4487,-1.2398777,-3.201189,0.9885264,94.097145,0.0
2024-12-14 00:00:00,24.229645,22.329865,1006.01935,-0.3878641,-4.121504,0.9830235,89.15995,0.059329458
2024-12-14 06:00:00,27.972809,24.075592,1007.95435,-2.9696445,-4.986124,0.9486576,79.40514,0.058012605
2024-12-14 12:00:00,26.769897,23.069244,1006.09375,-2.0445852,-3.1153126,0.48567182,80.18898,0.0
2024-12-14 18:00:00,24.12857,21.513214,1008.90125,-0.09193802,-3.712473,0.18661165,85.34199,0.0
2024-12-15 00:00:00,23.760895,20.621735,1007.515,0.9346752,-3.2473269,0.8739295,82.60045,0.0
2024-12-15 06:00:00,28.369598,22.108551,1009.3819,-1.7642536,-5.5190334,0.9903405,68.888374,0.03233552
2024-12-15 12:00:00,27.424225,21.557465,1006.57,-1.5214939,-2.4045353,0.95424134,70.38685,0.0
2024-12-15 18:00:00,24.572418,21.01056,1008.51624,-0.5938339,-3.6101103,0.9933214,80.580086,0.0
2024-12-16 00:00:00,23.879913,20.93753,1006.495,0.7087126,-4.112357,0.8100461,83.62075,9.685755e-05
2024-12-16 06:00:00,28.237946,21.163666,1008.4281,-1.5606155,-5.5895424,0.8914791,65.52093,0.001238659
2024-12-16 12:00:00,27.594696,20.63675,1005.2294,-1.6300917,-2.7755394,0.99153966,65.85799,0.0
2024-12-16 18:00:00,24.602509,20.965515,1007.41876,-0.23726368,-3.4893665,0.99663144,80.21289,0.2115489
2024-12-17 00:00:00,24.545319,19.859528,1004.96814,0.65173656,-3.6544428,0.9777814,75.17709,0.0
2024-12-17 06:00:00,27.795868,21.384644,1005.8644,0.89744294,-4.2356224,0.9916811,68.14877,0.0
2024-12-17 12:00:00,26.733856,22.202637,1003.91565,0.5236018,-1.4273729,0.99587214,76.242165,0.23114328
2024-12-17 18:00:00,25.041595,21.723114,1006.1875,-0.30855048,-2.9733038,0.9899809,81.850746,0.0
2024-12-18 00:00:00,24.804443,21.777191,1003.995,-0.05752337,-2.670951,0.7752725,83.29169,0.0
2024-12-18 06:00:00,28.989044,24.035187,1004.89,1.0153012,-3.0064478,0.970185,74.67089,0.11602044
2024-12-18 12:00:00,28.240997,24.340942,1002.5087,0.10327953,-1.8144016,0.9904588,79.428116,0.13688621
2024-12-18 18:00:00,26.000916,24.01233,1004.70435,0.092746496,-3.196,0.99663323,88.81988,0.0
2024-12-19 00:00:00,25.345184,23.576782,1003.7356,0.69916594,-1.593935,1.0,89.95485,0.08698553
2024-12-19 06:00:00,30.732697,23.914215,1005.0681,1.9731369,-2.1721153,0.95161736,67.05622,0.0
2024-12-19 12:00:00,29.934723,25.234161,1001.29376,-0.6786442,-0.6950426,0.97425777,75.96094,0.0
2024-12-19 18:00:00,27.177795,24.61618,1004.5563,0.062460124,0.26268768,0.91572416,85.92327,0.0
2024-12-20 00:00:00,26.21643,24.715637,1003.185,0.5096872,0.9267809,0.43676215,91.46893,0.0
2024-12-20 06:00:00,31.874908,25.592743,1004.9425,0.6261956,-0.8438511,0.20293722,69.46244,0.039106235
2024-12-20 12:00:00,29.198273,25.087067,1002.16376,-0.9971552,0.46002108,0.8749018,78.56369,0.1700568
2024-12-20 18:00:00,26.217163,24.840393,1005.32623,0.56040394,1.3468876,0.96341753,92.14899,0.0
2024-12-21 00:00:00,25.944641,24.238678,1003.2275,0.6541636,-0.9152756,0.9624228,90.335014,0.0
2024-12-21 06:00:00,31.396027,25.369415,1005.2706,0.41923803,-1.4857559,0.4423753,70.43625,0.090785325
2024-12-21 12:00:00,30.138947,25.066864,1003.22876,-1.6909199,0.53196716,0.22443885,74.33074,0.0142201185
2024-12-21 18:00:00,26.029022,24.575836,1006.92065,0.42484283,-0.8449936,0.7000326,91.71836,0.07961249
2024-12-22 00:00:00,25.668335,24.095001,1005.40063,0.88038146,-1.1759129,0.9990577,91.03834,0.0
2024-12-22 06:00:00,29.836151,23.99762,1007.20685,-0.7375889,-3.1405516,0.99893844,70.948235,0.016877575
2024-12-22 12:00:00,29.083282,23.967316,1004.1756,-1.455308,-0.9732561,0.21886837,73.96266,0.0
2024-12-22 18:00:00,25.990692,23.959045,1006.67,-0.90779877,-1.526783,0.27749258,88.58963,0.0
2024-12-23 00:00:00,25.233398,22.884735,1005.5181,0.65494055,-1.9891815,0.99617666,86.846886,0.0
2024-12-23 06:00:00,29.22049,21.252594,1007.52936,0.45208853,-2.429123,0.85708475,62.230164,0.0
2024-12-23 12:00:00,29.069122,24.226898,1003.6431,0.030636787,-1.0768614,0.525122,75.1857,0.0
2024-12-23 18:00:00,23.822601,22.885101,1005.9325,-1.1253519,-1.3712301,0.1593992,94.498245,0.0
2024-12-24 00:00:00,24.050446,21.36679,1004.57874,1.0306773,-1.4690428,0.011803977,84.97777,0.0
2024-12-24 06:00:00,29.185822,22.03415,1006.5594,1.4025037,-2.0105944,0.07674146,65.40712,0.0
2024-12-24 12:00:00,29.485931,24.15915,1003.65063,0.113223374,-0.93497753,0.06887454,73.09945,0.0
2024-12-24 18:00:00,25.045258,22.840729,1006.46625,-0.39850712,-1.6739435,0.002400099,87.5917,0.0
2024-12-25 00:00:00,24.199371,22.479462,1005.54315,0.78312016,-0.1251955,0.13771603,90.13801,0.0
2024-12-25 06:00:00,29.22763,23.14682,1007.6375,1.4889934,-0.81367016,0.44553828,69.80908,0.0065807253
2024-12-25 12:00:00,29.23227,24.729706,1004.9294,0.2899065,-0.39041042,0.20215227,76.7554,0.0
2024-12-25 18:00:00,25.913788,24.36319,1007.77875,-0.8186102,-0.6329193,0.9999937,91.178116,0.0914447
2024-12-26 00:00:00,26.135895,25.080109,1006.9981,0.3165844,0.3651905,0.9960458,93.92591,0.2500208
2024-12-26 06:00:00,27.50534,24.35434,1009.4988,1.1625812,0.001282692,0.91696143,82.979294,0.0
2024-12-26 12:00:00,28.041077,24.657745,1006.39374,-1.088623,-0.8708439,0.7695785,81.89654,0.0
2024-12-26 18:00:00,25.207123,24.589417,1009.39935,-1.3024578,-1.0167103,0.3478691,96.38142,0.09049003
2024-12-27 00:00:00,25.314972,24.053314,1008.20624,-0.2705021,-1.4408321,0.72202903,92.73717,0.0
2024-12-27 06:00:00,28.623688,24.41452,1010.77875,-0.67861557,-2.9566002,0.9672289,78.02397,2.089973
2024-12-27 12:00:00,27.12967,24.583038,1008.5544,-2.9719896,-2.4168243,0.8862543,85.99566,0.0
2024-12-27 18:00:00,24.79422,23.587677,1010.54877,-0.50289917,-2.2949295,0.38703632,93.01836,0.0
2024-12-28 00:00:00,24.314056,22.914337,1008.9794,-0.27158546,-2.873846,0.50792027,91.91329,0.0024803448
2024-12-28 06:00:00,29.439484,23.881744,1010.45123,-3.0873604,-2.0014563,0.6130345,72.08451,0.045766544
2024-12-28 12:00:00,28.296356,24.130737,1007.35187,-2.1469688,-1.5202227,0.89825416,78.18097,0.0
2024-12-28 18:00:00,25.199066,23.868408,1009.9275,-0.4667635,-2.1690226,0.3513626,92.3473,0.02040447
2024-12-29 00:00:00,24.816986,22.53714,1008.7419,0.52377224,-3.3589725,0.34065336,87.17228,0.0
2024-12-29 06:00:00,29.11325,23.409943,1009.63,-1.8871613,-4.5327435,0.96710914,71.39783,0.059899654
2024-12-29 12:00:00,27.01944,23.61734,1006.9575,-1.9824924,-3.3877516,0.99465495,81.67946,0.0
2024-12-29 18:00:00,25.722168,23.993073,1009.36,-1.4670935,-3.7453737,0.754143,90.19436,0.010491923
2024-12-30 00:00:00,25.099884,23.947083,1007.65686,-0.46615696,-3.103012,0.8642354,93.33475,0.039711595
2024-12-30 06:00:00,27.492218,24.643372,1009.97314,-1.6543903,-4.353814,0.9999997,84.49196,0.8356549
2024-12-30 12:00:00,27.54303,24.34195,1007.1075,-2.8691616,-2.7168846,0.9258458,82.73503,0.0
2024-12-30 18:00:00,25.710754,23.961914,1010.03375,-2.037691,-3.4864693,0.6188797,90.08665,0.0
2024-12-31 00:00:00,24.870148,23.538422,1008.2581,-0.3562317,-3.6801643,0.85059166,92.32322,0.021372706
2024-12-31 06:00:00,28.865448,24.991852,1010.14935,-2.7544641,-4.5824356,0.70239866,79.63824,0.069011495
2024-12-31 12:00:00,28.273224,23.426971,1006.9556,-2.7408495,-2.9884253,0.9981442,75.04043,0.0
2024-12-31 18:00:00,25.534882,22.866608,1009.52124,-1.2024422,-3.756979,0.9830356,85.21053,0.0
2025-01-01 00:00:00,24.441132,22.764618,1007.3744,-0.05613041,-4.149456,0.89753157,90.39253,0.0
2025-01-01 06:00:00,28.760284,22.312164,1009.5606,-3.4806175,-4.525586,0.515012,68.183174,0.00019067375
2025-01-01 12:00:00,27.812134,22.154053,1006.4381,-2.968175,-1.8825693,0.8832942,71.3604,0.0
2025-01-01 18:00:00,24.437225,22.103607,1008.7125,-0.9385958,-2.285305,0.8823547,86.85318,0.0
2025-01-02 00:00:00,24.136993,22.423187,1007.2375,0.33414936,-2.8003578,0.9590272,90.16706,0.0
2025-01-02 06:00:00,29.34488,21.404388,1009.35815,-3.234254,-3.194065,0.83144355,62.36214,0.012397766
2025-01-02 12:00:00,27.140564,21.219208,1007.10315,-2.1303835,-1.5739355,0.22823709,70.09924,0.0
2025-01-02 18:00:00,23.585236,20.696136,1009.3837,-0.5787983,-2.0852537,0.835726,83.86227,0.0
2025-01-03 00:00:00,23.259186,21.04184,1007.955,0.68743706,-2.8431559,0.7741228,87.36622,0.0
2025-01-03 06:00:00,27.918488,21.74289,1010.01373,-3.0390549,-4.6090612,0.9759389,69.16211,0.01707673
2025-01-03 12:00:00,26.717651,21.50174,1006.6725,-2.766471,-2.3794622,0.5984272,73.11839,0.0
2025-01-03 18:00:00,23.729645,19.919983,1008.7431,-0.17630672,-1.7563734,0.6510828,79.24462,0.0003813766
2025-01-04 00:00:00,23.54654,19.99118,1007.335,1.0697565,-2.2758665,0.7887525,80.477486,0.0
2025-01-04 06:00:00,28.522491,21.91629,1009.0719,-1.9157495,-2.9818258,0.8553129,67.48319,0.08231166
2025-01-04 12:00:00,27.50943,21.589874,1005.84625,-2.3759203,-1.6636295,0.43548125,70.175644,0.0
2025-01-04 18:00:00,22.833405,19.934784,1008.77625,-1.2971678,-1.5060349,0.17102456,83.728874,0.0
2025-01-05 00:00:00,22.00357,20.170807,1007.90686,0.6042013,-1.7630062,0.52613395,89.35649,0.0
2025-01-05 06:00:00,28.787628,20.930573,1009.3256,-2.06067,-2.5524616,0.7600863,62.559734,0.015641563
2025-01-05 12:00:00,27.363037,21.284943,1005.6287,-1.7549515,-1.5657988,1.0000006,69.47028,0.0
2025-01-05 18:00:00,23.40506,20.384796,1008.91565,-1.3186388,-1.2282887,0.91067,83.16642,0.0
2025-01-06 00:00:00,22.736053,20.618683,1006.7325,1.1129389,-2.3956327,0.9500243,87.85934,0.0
2025-01-06 06:00:00,28.429413,20.878693,1008.9437,-0.8667946,-2.0417242,0.9009443,63.67079,0.010968186
2025-01-06 12:00:00,27.99765,22.15567,1005.8162,-1.7697926,-0.27939224,0.98442197,70.59904,0.0
2025-01-06 18:00:00,25.739288,22.79837,1007.9775,-1.6139965,-1.1076374,0.9971554,83.83583,0.0005736947
2025-01-07 00:00:00,25.337921,23.012756,1006.4306,-0.48497105,-2.2861395,0.92969793,86.98007,0.10322905
2025-01-07 06:00:00,27.65335,23.404938,1008.6194,-1.0278683,-3.6943216,0.8874872,77.69976,0.06539572
2025-01-07 12:00:00,27.503265,22.559723,1005.7594,-1.8320961,-1.7376194,0.41714913,74.475464,0.0
2025-01-07 18:00:00,24.325104,22.894257,1007.325,-1.5215607,-1.2524405,0.022579774,91.74083,0.0
2025-01-08 00:00:00,23.887115,22.253693,1006.03815,0.5146513,-2.4576883,0.13194357,90.5918,0.0
2025-01-08 06:00:00,28.342926,20.748932,1008.72876,-0.78091526,-3.1936674,0.22453266,63.48289,0.0
2025-01-08 12:00:00,27.091705,20.089508,1005.8881,-1.904685,-2.019206,0.010375977,65.574455,0.0
2025-01-08 18:00:00,23.41861,20.176208,1008.19,-1.3252335,-2.3999681,0.013153076,82.03453,0.0
2025-01-09 00:00:00,23.100128,20.09317,1007.1944,0.3878317,-2.8404894,0.18155015,83.19955,0.0
2025-01-09 06:00:00,27.956085,21.81363,1008.8906,-3.1492872,-3.3454723,0.8421675,69.30941,0.028992072
2025-01-09 12:00:00,26.943634,21.465546,1006.91565,-2.102232,-2.3820667,0.66101843,71.9933,0.0
2025-01-09 18:00:00,24.429169,20.463806,1010.5131,-0.29171085,-2.5259619,0.86790097,78.583664,0.0003813766
2025-01-10 00:00:00,23.66214,20.334381,1008.4938,0.096520424,-2.928381,0.14817709,81.633064,0.0
2025-01-10 06:00:00,28.246124,22.937714,1010.1044,-2.6848345,-3.9641113,0.99999917,72.96893,0.10091284
2025-01-10 12:00:00,26.927795,23.154785,1008.08875,-1.6108265,-3.0652914,0.9904978,79.859856,0.0
2025-01-10 18:00:00,24.824554,22.530884,1010.52435,-0.320549,-2.8747425,0.4775383,87.09984,0.0
2025-01-11 00:00:00,24.599213,22.853607,1008.10876,-0.46526146,-2.9424486,0.25715673,90.0258,0.0008586794
2025-01-11 06:00:00,28.072845,23.141937,1010.47815,-3.2908897,-4.3203545,0.94850034,74.62549,0.11426071
2025-01-11 12:00:00,27.0708,22.210297,1007.9256,-2.9074507,-2.3885298,0.98977464,74.78172,0.0
2025-01-11 18:00:00,24.887299,20.742706,1010.3244,-1.9722891,-2.7099571,0.89391047,77.78643,0.0
2025-01-12 00:00:00,23.862457,20.596283,1007.7512,0.4249153,-3.441718,0.85551745,81.9687,0.00086426735
2025-01-12 06:00:00,26.706207,21.083893,1010.22375,-0.265316,-3.8953838,0.99867266,71.317184,0.056244433
2025-01-12 12:00:00,27.211823,23.450348,1007.1,-1.1262236,-2.9169264,0.9860687,79.95348,0.0
2025-01-12 18:00:00,24.784454,23.119781,1008.94,-1.0404205,-2.6041784,0.98511916,90.48077,0.0
2025-01-13 00:00:00,24.588318,23.190277,1006.52374,0.31109238,-2.688199,0.9805122,91.93852,0.0
2025-01-13 06:00:00,29.126617,24.538239,1007.7469,-2.7625837,-3.253953,0.6910801,76.34666,0.057305936
2025-01-13 12:00:00,28.058502,23.246368,1005.53625,-2.9629583,-1.4715433,0.643432,75.16076,0.0
2025-01-13 18:00:00,25.274933,23.269897,1008.175,-1.1783552,-1.9095545,0.7586949,88.67452,0.008686019
2025-01-14 00:00:00,24.540009,23.117126,1007.1325,-0.16558552,-2.9768896,0.61286134,91.79779,0.0
2025-01-14 06:00:00,28.647858,23.24591,1009.5087,-3.6697483,-3.8991613,0.9716674,72.62622,0.099272676
2025-01-14 12:00:00,27.170837,23.157959,1007.1863,-2.9773254,-2.3791494,0.9979979,78.743324,0.0
2025-01-14 18:00:00,25.496796,23.056976,1009.9906,-1.2047243,-2.3243055,0.9501786,86.39345,0.0
2025-01-15 00:00:00,24.52298,21.893097,1007.9175,-0.21941376,-3.9917898,0.6634507,85.30639,0.003911555
2025-01-15 06:00:00,27.587494,23.597137,1010.29626,-3.046527,-4.1392775,0.88343793,78.90869,0.19358289
2025-01-15 12:00:00,26.854889,22.877289,1007.78564,-3.371108,-2.5549574,0.86117226,78.86732,0.0
2025-01-15 18:00:00,24.593536,22.087677,1009.96564,-1.4902296,-3.2450008,0.69571716,85.96111,0.0
2025-01-16 00:00:00,24.584259,21.981232,1007.71063,-1.5230227,-3.1061535,0.89879066,85.45248,0.0013355166
2025-01-16 06:00:00,28.593842,22.445282,1010.0719,-4.28368,-3.3332748,0.92679113,69.40431,0.02307604
2025-01-16 12:00:00,27.62259,22.204681,1007.14,-3.2983036,-2.4479485,0.6208646,72.37794,0.0
2025-01-16 18:00:00,24.200348,21.64508,1010.55,-0.8576727,-2.3197632,0.0761773,85.66351,0.0
2025-01-17 00:00:00,23.592072,21.616272,1007.39935,0.18165398,-3.2825232,0.3552081,88.6976,0.0
2025-01-17 06:00:00,28.287323,21.948273,1008.75,-3.739461,-4.1635075,0.62420136,68.54578,0.020978384
2025-01-17 12:00:00,27.342743,21.432068,1006.0069,-3.2752123,-2.7855778,0.44793594,70.182816,0.0
2025-01-17 18:00:00,24.254547,21.09665,1008.23376,-1.410285,-3.1286669,0.99539053,82.56403,0.0
2025-01-18 00:00:00,23.959015,21.261871,1006.185,0.29444122,-3.9067135,0.9142833,84.89798,0.0
2025-01-18 06:00:00,26.682098,21.796112,1008.2444,-0.49177456,-5.2309313,1.0000008,74.60233,0.0
2025-01-18 12:00:00,24.154114,22.512177,1005.47815,-1.2747355,-2.629877,1.0,90.56286,1.3989415
2025-01-18 18:00:00,23.445282,22.236603,1007.35126,-0.7816,-3.4458609,0.99999994,92.937805,0.0
2025-01-19 00:00:00,22.664886,22.170807,1006.2919,0.23544884,-3.5173845,1.0000001,97.04125,0.0
2025-01-19 06:00:00,27.019745,24.75473,1008.60376,-1.2188148,-3.5838957,0.9978214,87.44521,0.01612413
2025-01-19 12:00:00,25.923737,24.67752,1006.3056,-1.1559725,-2.3795033,0.99999994,92.85454,0.2872774
2025-01-19 18:00:00,24.954407,24.126831,1008.2488,-0.90697384,-2.66331,0.99999994,95.16943,0.0
2025-01-20 00:00:00,24.334564,22.244293,1006.2531,0.13654041,-3.2632427,0.9823981,88.14082,0.0
2025-01-20 06:00:00,28.102142,22.800568,1007.8187,-1.0627861,-3.769516,0.97732383,72.974495,0.0
2025-01-20 12:00:00,27.520294,21.42331,1004.53,-2.5981112,-2.425414,0.83219844,69.419685,0.0
2025-01-20 18:00:00,23.69107,21.55655,1007.19,-1.4000273,-2.685835,0.1286081,87.84873,0.0
2025-01-21 00:00:00,22.727081,21.20401,1005.7025,0.3832054,-2.9232788,0.4513198,91.128365,0.0
2025-01-21 06:00:00,28.011688,22.08902,1007.7175,-2.2817383,-3.4813747,0.7497395,70.25543,0.0072512776
2025-01-21 12:00:00,27.357758,21.51651,1004.2056,-1.672885,-2.486946,0.53231734,70.48453,0.0
2025-01-21 18:00:00,23.599152,21.457794,1006.89374,-1.2383528,-2.0774164,0.96737295,87.804115,0.0
2025-01-22 00:00:00,23.818756,20.712738,1005.3787,0.5434265,-2.8936892,0.22852263,82.77611,0.0
2025-01-22 06:00:00,28.141815,23.268402,1007.2075,-2.528245,-2.774682,0.9906202,74.89639,0.023366883
2025-01-22 12:00:00,27.719818,22.858032,1004.8844,-2.0824766,-2.5123253,0.8811723,74.881,0.0
2025-01-22 18:00:00,24.456512,22.36084,1007.7594,-1.5015812,-2.1600142,0.99179816,88.12206,0.0
2025-01-23 00:00:00,23.571442,21.937744,1005.4556,0.012011528,-2.42204,0.9578508,90.569016,0.0
2025-01-23 06:00:00,28.716034,23.19638,1007.7475,-1.7698317,-3.2644262,0.8677984,72.123344,0.11885166
2025-01-23 12:00:00,27.649445,22.68515,1004.5975,-2.9870625,-1.9998713,0.93422025,74.40566,0.0
2025-01-23 18:00:00,23.541412,21.322357,1006.8237,-1.2317162,-1.2469597,0.29289013,87.38214,0.0
2025-01-24 00:00:00,23.712006,21.941193,1004.36127,0.059718132,-2.6675234,0.878112,89.82436,0.0009534415
2025-01-24 06:00:00,29.208588,21.823761,1007.8619,-2.950838,-2.1811943,0.8343544,64.48798,0.037092946
2025-01-24 12:00:00,27.930206,22.219696,1005.23,-2.744011,-1.525053,0.23029238,71.15417,0.0
2025-01-24 18:00:00,23.871857,21.499115,1007.34564,-0.88236237,-1.9721737,0.670752,86.59345,0.0
2025-01-25 00:00:00,23.346344,21.342865,1006.1219,-0.7512274,-2.903902,0.5965465,88.527596,0.0
2025-01-25 06:00:00,28.515045,21.967377,1007.8894,-2.847743,-3.4213457,0.9596497,67.72313,0.01907628
2025-01-25 12:00:00,27.179474,21.540619,1004.945,-2.9663649,-1.3867979,0.9460005,71.330284,0.0
2025-01-25 18:00:00,23.903717,21.28772,1007.96,-1.1935263,-1.7278252,0.99999994,85.31574,0.0
2025-01-26 00:00:00,22.622345,20.836945,1006.28687,0.11738491,-2.798602,0.15161431,89.664375,0.0
2025-01-26 06:00:00,29.184418,21.354706,1008.0425,-3.0030289,-3.2612095,0.9871335,62.751614,0.0
2025-01-26 12:00:00,27.269806,21.28418,1004.8869,-2.7187834,-1.6959085,0.94460976,69.84766,0.0
2025-01-26 18:00:00,22.74295,20.981476,1006.97125,-0.79953575,-2.1152887,0.87723744,89.80524,0.0
2025-01-27 00:00:00,22.732697,21.057251,1005.4494,1.1547356,-2.3715458,0.64381224,90.28041,0.0
2025-01-27 06:00:00,29.079742,21.563995,1008.1144,-2.2951088,-2.6377068,0.5501266,63.946827,0.0074412674
2025-01-27 12:00:00,27.779266,21.419342,1004.0019,-2.5448694,-1.0161343,0.19030747,68.36,0.0
2025-01-27 18:00:00,22.934113,21.418488,1006.95123,-1.2350817,-1.5021496,0.091240466,91.18316,0.0
2025-01-28 00:00:00,22.50943,20.822723,1004.7275,0.32626057,-2.1081247,0.16486377,90.20229,0.0
2025-01-28 06:00:00,28.681305,20.790802,1008.4294,-1.7869244,-1.6549206,0.8820875,62.407867,0.0
2025-01-28 12:00:00,27.55655,20.787506,1005.20874,-1.705122,-1.117423,0.9469057,66.62068,0.0
2025-01-28 18:00:00,22.162628,20.124054,1008.905,-1.8953371,-0.71161556,0.9256532,88.23904,0.0
2025-01-29 00:00:00,22.688507,20.466156,1006.8787,0.70924664,-2.4657717,0.9766426,87.28831,0.0
2025-01-29 06:00:00,28.247528,21.711273,1008.825,-3.128151,-3.2704868,0.9957715,67.717636,0.00019077561
2025-01-29 12:00:00,27.819427,21.594208,1005.2975,-3.0475044,-1.6743851,0.89844906,68.933716,0.0
2025-01-29 18:00:00,24.773712,21.622894,1007.65,-0.7540312,-2.441269,0.4409538,82.66149,0.0
2025-01-30 00:00:00,23.844208,20.492096,1006.4894,1.046484,-3.1814146,0.5430639,81.533264,0.0
2025-01-30 06:00:00,27.569305,21.858276,1008.3812,-0.74745846,-3.0865421,0.9999992,71.08665,0.0
2025-01-30 12:00:00,27.938934,23.817932,1004.25,-2.2177248,-1.1581144,0.999064,78.3398,0.0045760437
2025-01-30 18:00:00,26.381927,24.371979,1006.59064,-1.1752357,-0.7634592,0.6689548,88.73614,9.733299e-05
2025-01-31 00:00:00,26.053955,24.411743,1004.90125,-0.9630413,-1.8878222,0.6883706,90.68818,0.0
2025-01-31 06:00:00,30.389801,25.279083,1007.6319,-3.0136843,-1.825388,0.53047144,74.200836,0.11776728
2025-01-31 12:00:00,29.59134,24.829681,1003.8619,-3.3404808,-1.1494789,0.6439452,75.631546,0.0
2025-01-31 18:00:00,25.712769,24.547577,1006.84064,-0.8763504,-1.0992031,0.34033918,93.29494,0.0
2025-02-01 00:00:00,25.177246,23.691101,1005.26685,-0.1240015,-1.5356646,0.90638953,91.4861,0.07599431
2025-02-01 06:00:00,30.557648,25.715302,1008.01624,-1.1903458,-1.3161879,0.8947352,75.42029,0.0
2025-02-01 12:00:00,30.13504,24.5654,1004.7969,-2.895255,-1.145134,0.9142603,72.154465,0.03384294
2025-02-01 18:00:00,25.358826,24.329071,1008.1475,-1.5961304,-0.59822124,0.84125257,94.038284,0.0
2025-02-02 00:00:00,25.49942,23.83612,1006.6269,-0.48494625,-0.99160576,0.98368895,90.53655,0.011252175
2025-02-02 06:00:00,30.66336,23.312714,1008.0025,-0.79100037,-1.8784647,0.7934143,64.92665,0.0
2025-02-02 12:00:00,29.850494,22.30014,1004.3162,-3.0163841,-0.46305466,0.026878458,63.975758,0.0
2025-02-02 18:00:00,24.286285,22.794312,1007.5019,-1.3026161,-1.2108507,0.77372134,91.39932,0.0
2025-02-03 00:00:00,23.667023,22.436462,1006.51,0.60686874,-1.0400486,0.8425712,92.825645,0.0
2025-02-03 06:00:00,29.753326,22.042236,1008.84875,-0.650404,-0.6755848,0.26596797,63.331898,0.00085821375
2025-02-03 12:00:00,29.09256,21.472626,1005.84937,-2.1651306,-0.3488741,0.32455444,63.543095,0.0
2025-02-03 18:00:00,22.203217,21.012115,1008.5075,-1.5028925,-1.0247173,0.6680906,92.974144,0.0
2025-02-04 00:00:00,21.872711,20.6044,1007.45374,0.6859789,-1.1886692,0.9412737,92.51607,0.0
2025-02-04 06:00:00,29.581696,21.662018,1009.20935,-0.894969,-0.8773222,0.9939675,62.493538,0.0
2025-02-04 12:00:00,29.80484,21.158783,1005.0681,-2.0788345,-0.5306616,0.16246033,59.82291,0.0
2025-02-04 18:00:00,22.832855,21.587921,1007.59375,-2.0388126,-0.4664631,0.046714783,92.70059,0.0
2025-02-05 00:00:00,22.7742,22.061005,1006.5144,0.5148506,-1.3341875,0.74418014,95.757256,0.0
2025-02-05 06:00:00,30.629547,21.812103,1008.4844,-1.734271,-1.3120737,0.024772644,59.386795,0.0
2025-02-05 12:00:00,29.630035,20.963715,1004.4575,-2.731122,-0.82774353,0.026882172,59.708466,0.0
2025-02-05 18:00:00,23.28543,21.580719,1007.1206,-0.9992342,-1.4583998,0.009037018,90.15726,0.0
2025-02-06 00:00:00,23.16861,21.666168,1005.83185,0.14962387,-1.9710302,0.6208112,91.27156,0.0
2025-02-06 06:00:00,30.38272,22.166962,1008.0756,-2.7964602,-1.106761,0.46093005,61.549538,0.010681339
2025-02-06 12:00:00,29.642975,22.365509,1004.64935,-2.6022558,-0.62099266,0.76041406,65.00255,0.0
2025-02-06 18:00:00,22.992157,21.50174,1007.465,-1.0102682,-1.499301,0.0,91.32765,0.0
2025-02-07 00:00:00,22.584015,21.18277,1007.1887,0.12296677,-1.8814116,0.18189666,91.80319,0.0
2025-02-07 06:00:00,29.809723,22.20456,1010.1325,-1.7470522,-1.7021008,0.37408394,63.754036,0.0
2025-02-07 12:00:00,29.119293,21.018158,1006.0594,-2.7515993,-0.8922577,0.79266405,61.70102,0.0
2025-02-07 18:00:00,22.707794,21.840973,1008.6238,-1.3195477,-1.539012,0.59636325,94.86178,0.0
2025-02-08 00:00:00,23.298859,22.278473,1007.11127,0.67140293,-1.5771971,0.95104384,94.00199,0.0
2025-02-08 06:00:00,30.025055,22.553375,1009.65375,-2.5688896,-1.6582327,0.94597214,64.31946,0.00038150756
2025-02-08 12:00:00,29.53067,21.530853,1005.66064,-2.8369465,-0.88336277,0.0033314303,62.17679,0.0
2025-02-08 18:00:00,23.904022,22.008087,1008.64935,-1.2603493,-1.1324625,0.0,89.1558,0.0
2025-02-09 00:00:00,23.812042,22.188934,1006.6894,0.7047014,-2.156951,0.23756242,90.643654,0.0
2025-02-09 06:00:00,30.282135,22.76242,1008.8,-3.0902176,-1.6604128,0.18496215,64.186424,0.000762986
2025-02-09 12:00:00,29.266571,21.493866,1005.0625,-3.1733084,-1.6919918,0.3832897,62.988983,0.0
2025-02-09 18:00:00,24.170074,22.488861,1008.6344,-0.96903324,-1.505043,0.038597107,90.34813,0.0
2025-02-10 00:00:00,23.53897,21.909271,1007.71375,0.47982502,-1.7125969,0.46992815,90.58891,0.0
2025-02-10 06:00:00,29.790802,21.60785,1010.0744,-2.5797749,-2.0220356,0.44644463,61.541306,0.0008577481
2025-02-10 12:00:00,29.172638,20.510895,1005.7512,-2.2338057,-2.2231112,0.01846695,59.620117,0.0
2025-02-10 18:00:00,23.513947,20.415527,1009.7425,-1.8926373,-0.92719364,0.043596268,82.778915,0.0
2025-02-11 00:00:00,23.0336,20.81363,1008.3731,0.7697954,-1.7680426,0.43152386,87.332,0.0
2025-02-11 06:00:00,30.908234,21.646027,1010.1919,-0.77386,-0.3667612,0.7451794,57.85852,0.0
2025-02-11 12:00:00,30.627594,22.229767,1005.76624,-2.591672,-0.55888176,0.9610919,60.925304,0.0
2025-02-11 18:00:00,24.6138,22.605469,1008.8638,-1.7909517,-0.4816475,0.9571354,88.60388,0.0
2025-02-12 00:00:00,23.949615,22.364044,1007.5825,0.8100462,-1.6200962,0.9642072,90.86006,0.0
2025-02-12 06:00:00,30.070587,22.282501,1010.2994,-1.148838,-1.431447,0.60825914,63.10382,0.0
2025-02-12 12:00:00,30.732819,22.631866,1005.9394,-2.8680687,-0.7004509,0.30328488,62.058212,0.0
2025-02-12 18:00:00,23.092133,22.026703,1008.7019,-1.6224041,-0.6885319,0.0,93.735214,0.0
2025-02-13 00:00:00,21.273468,20.142609,1007.39,0.73050594,-1.191865,0.37572724,93.273254,0.0
2025-02-13 06:00:00,29.709625,21.6221,1009.7944,-0.8948107,-0.6558733,0.16952038,61.883457,0.0
2025-02-13 12:00:00,30.540314,20.469025,1005.7644,-2.4687252,-0.38574123,0.015018463,54.96754,0.0
2025-02-13 18:00:00,21.462677,20.15451,1008.66064,-2.0348063,-0.4573803,0.0,92.266045,0.0
2025-02-14 00:00:00,20.67398,19.670502,1007.15564,0.7251682,-1.1393652,0.9999998,93.98409,0.0
2025-02-14 06:00:00,29.65091,21.494171,1009.5544,-0.5487833,0.58641726,0.049694497,61.60895,0.0
2025-02-14 12:00:00,30.95523,20.67276,1005.28815,-2.0751228,0.070150375,0.0,54.357944,0.0
2025-02-14 18:00:00,22.521515,21.360504,1007.77,-1.9201727,0.55899054,0.0,93.16204,0.0
2025-02-15 00:00:00,20.168854,19.496674,1006.3619,1.0088291,-0.8005424,0.76769155,95.91882,0.0
2025-02-15 06:00:00,29.99527,20.985992,1008.3237,-0.27641296,-0.29068756,0.03678894,58.5469,0.0
2025-02-15 12:00:00,30.346588,19.85373,1004.09125,-2.9567003,-0.3586111,0.0,53.505856,0.0
2025-02-15 18:00:00,23.384796,21.313568,1007.29565,-1.7078762,0.40340716,0.0,88.163925,0.0
2025-02-16 00:00:00,21.913727,20.4935,1006.52,0.8559351,-0.95169926,0.66186666,91.65595,0.0
2025-02-16 06:00:00,30.729767,20.926666,1008.29565,-1.0284462,-1.2181425,0.018104553,55.92942,0.0
2025-02-16 12:00:00,30.484528,20.825836,1005.4263,-3.6478624,-0.4792776,0.0,56.368923,0.0
2025-02-16 18:00:00,23.709991,21.951874,1009.045,-1.8785324,-0.48557758,0.0,89.89379,0.0
2025-02-17 00:00:00,23.941559,22.147095,1008.3281,0.3960657,-0.7936621,0.49974293,89.71167,0.0
2025-02-17 06:00:00,29.907867,21.772125,1010.3619,-1.596427,-0.73623466,0.30221134,61.745148,0.0
2025-02-17 12:00:00,30.05252,20.515411,1006.605,-3.1969748,-0.7463188,0.0,56.68848,0.0
2025-02-17 18:00:00,23.244354,21.17273,1009.23,-1.6885834,-0.6697626,0.0,88.15005,0.0
2025-02-18 00:00:00,22.883331,21.090912,1007.835,0.5063782,-1.0919247,0.4920715,89.64499,0.0
2025-02-18 06:00:00,30.226349,21.42398,1010.52313,-1.7630348,0.15515578,0.2945894,59.34874,0.0
2025-02-18 12:00:00,30.334503,21.251923,1006.65186,-3.0738707,-0.1686945,0.008888245,58.363132,0.0
2025-02-18 18:00:00,23.084015,21.16571,1008.79565,-2.103117,-0.33070087,0.0,88.970215,0.0
2025-02-19 00:00:00,21.617706,20.50476,1006.2531,0.11045265,-1.6336508,0.35004985,93.39332,0.0
2025-02-19 06:00:00,30.706573,22.080353,1007.9231,-1.637866,0.3262503,0.45564705,60.101337,0.0
2025-02-19 12:00:00,30.52127,22.033722,1004.40936,-2.9780264,0.3317523,0.0,60.569374,0.0
2025-02-19 18:00:00,23.594635,21.944702,1007.34625,-2.0195055,-0.05554962,0.0,90.48094,0.0
2025-02-20 00:00:00,23.15567,21.931183,1006.8162,0.49293518,-1.1617222,0.3678888,92.8334,0.0
2025-02-20 06:00:00,30.449982,21.920929,1008.8225,-1.7205095,-0.67398787,0.22336628,60.400166,0.0
2025-02-20 12:00:00,30.441437,21.596222,1005.83624,-3.4371872,-0.3370371,0.0,59.242798,0.0
2025-02-20 18:00:00,23.926788,22.060822,1009.0669,-1.6214113,-0.31787574,0.0,89.32055,0.0
2025-02-21 00:00:00,23.9003,22.138855,1008.0481,0.2374258,-1.4057102,0.08948055,89.8893,0.0
2025-02-21 06:00:00,30.733673,22.09024,1010.0556,-1.7773714,-1.595005,0.23604518,60.044487,0.0
2025-02-21 12:00:00,30.636139,21.799164,1006.82874,-3.6525173,-0.6958685,0.0,59.317516,0.0
2025-02-21 18:00:00,24.223053,21.957764,1009.8088,-1.7275934,-0.16381454,0.0,87.19625,0.0
2025-02-22 00:00:00,23.870209,22.087006,1008.40686,0.8708229,-1.1907244,0.4738044,89.76799,0.0
2025-02-22 06:00:00,30.931915,22.363739,1010.6919,-1.2963123,-1.0345516,0.2734545,60.36523,0.0
2025-02-22 12:00:00,30.937775,21.839996,1007.01624,-3.1096888,-0.38064003,0.007127762,58.44967,0.0
2025-02-22 18:00:00,24.132904,21.973755,1010.6044,-1.6596222,0.15000153,0.0024471283,87.75462,0.0
2025-02-23 00:00:00,23.242828,21.715332,1008.68,0.46878052,-0.983572,0.54659873,91.136604,0.0
2025-02-23 06:00:00,30.383087,22.349152,1010.16876,-0.8279991,-0.941762,0.107184455,62.23453,0.0
2025-02-23 12:00:00,31.37088,20.99765,1007.1138,-3.3162212,-1.1314611,0.007347107,54.157562,0.0
2025-02-23 18:00:00,24.443024,22.799591,1010.21063,-1.6587372,0.06612301,0.0,90.57411,0.0
2025-02-24 00:00:00,24.684723,23.173859,1008.16,0.49828053,-1.6796045,0.98853445,91.31951,0.0
2025-02-24 06:00:00,31.106354,22.334015,1010.6819,-2.1782722,-1.9157524,0.19400647,59.659714,0.0
2025-02-24 12:00:00,30.572052,21.929535,1007.34186,-3.930581,-1.6444874,0.0017827929,60.011066,0.0
2025-02-24 18:00:00,25.263458,23.235596,1010.77,-1.282732,-1.6250544,0.07466833,88.5514,0.0
2025-02-25 00:00:00,25.250214,23.128235,1008.8281,-0.05397129,-3.0924778,0.49851388,88.048035,0.00057183206
2025-02-25 06:00:00,30.913727,22.669342,1010.9844,-2.6784763,-3.425891,0.32254386,61.560143,0.05521981
2025-02-25 12:00:00,29.842804,22.163849,1007.9519,-3.8298244,-2.6734304,0.218683,63.475258,0.0
2025-02-25 18:00:00,26.408844,22.999176,1011.165,-2.1042814,-2.6239977,0.2368353,81.56666,0.0003799796
2025-02-26 00:00:00,25.8013,22.896454,1008.78564,-0.49613094,-3.5842638,0.4029858,84.02609,9.685755e-05
2025-02-26 06:00:00,32.06424,22.306183,1010.8025,-3.570098,-3.8184462,0.35683537,56.40506,0.008869916
2025-02-26 12:00:00,30.658966,21.39981,1006.9469,-4.080655,-3.4409437,0.009536743,57.810665,0.0
2025-02-26 18:00:00,26.20578,23.047089,1010.3113,-1.7043266,-3.591445,0.040350772,82.79019,0.0
2025-02-27 00:00:00,26.003693,23.133392,1007.8187,0.04373741,-3.7975378,0.9277435,84.22397,0.0001899898
2025-02-27 06:00:00,31.472565,22.611298,1009.1788,-3.7339392,-3.760232,0.67335796,59.421776,0.0
2025-02-27 12:00:00,31.21988,23.257355,1005.325,-4.1872253,-2.9590874,0.8031415,62.68723,0.0
2025-02-27 18:00:00,27.001526,24.283295,1008.965,-2.1155996,-3.0001192,0.9514096,85.10394,0.0029578805
2025-02-28 00:00:00,26.218506,23.2966,1006.82623,-0.25976658,-3.102726,0.921458,83.98507,0.018022954
2025-02-28 06:00:00,30.894196,23.963715,1008.77936,-3.8961153,-3.6138372,0.41200978,66.63845,0.07429209
2025-02-28 12:00:00,29.77884,24.003143,1004.95874,-4.350855,-2.1580572,0.30130255,71.20619,0.034977093
2025-02-28 18:00:00,25.980957,24.720886,1008.3644,-2.188056,-2.1672697,0.42299998,92.78064,0.21172397
2025-03-01 00:00:00,25.742035,23.884644,1006.1425,-1.5352993,-2.368762,0.97704947,89.503075,0.0
2025-03-01 06:00:00,30.436676,25.619598,1008.345,-2.1193094,-1.615694,0.995155,75.51448,0.0
2025-03-01 12:00:00,30.093903,24.29602,1004.1863,-3.6048717,-1.1913385,0.96008503,71.1679,0.0
2025-03-01 18:00:00,27.002808,24.945007,1007.4931,-2.2946234,-1.0274496,0.35923678,88.53205,0.0
2025-03-02 00:00:00,26.2247,24.30484,1004.4487,-0.8064165,-1.4574108,0.56763995,89.204216,0.044255573
2025-03-02 06:00:00,31.645416,26.004547,1006.97565,-1.6680908,-0.8797941,0.8744993,72.11133,0.017349072
2025-03-02 12:00:00,31.553741,24.138092,1002.8894,-2.9087763,-0.8222723,0.27771774,64.85755,0.042718813
2025-03-02 18:00:00,26.619415,25.11676,1006.66125,-1.614624,0.24801636,0.1416642,91.48323,0.0
2025-03-03 00:00:00,25.504913,24.42102,1005.1944,0.24664688,-0.9695091,0.94795793,93.74029,0.0
2025-03-03 06:00:00,32.02652,24.065704,1007.2006,-0.96051216,-0.6167307,0.76003414,62.86792,0.0
2025-03-03 12:00:00,31.776642,23.055206,1003.39,-3.0468483,0.511508,1.0,59.99703,0.0
2025-03-03 18:00:00,26.231506,24.596283,1006.22815,-1.3783798,0.74162513,0.98932564,90.73779,0.0
2025-03-04 00:00:00,25.852325,24.398468,1004.7081,1.0139952,-0.25197107,0.99999976,91.70423,0.00019097934
2025-03-04 06:00:00,31.219635,23.75998,1007.1381,-1.2525187,0.048398793,1.0,64.61685,0.0
2025-03-04 12:00:00,31.781525,22.214264,1003.9225,-2.3802128,0.28913593,0.9481401,56.996082,0.0
2025-03-04 18:00:00,24.828278,23.506012,1006.65564,-1.3310566,0.9852527,0.97297233,92.37359,0.0
2025-03-05 00:00:00,23.279938,22.688507,1004.8131,0.5863762,-1.1814995,0.9999999,96.48344,0.0
2025-03-05 06:00:00,31.054596,23.25943,1006.23315,-0.0074419975,1.2770272,0.9999975,63.28835,0.0
2025-03-05 12:00:00,33.04422,21.547394,1003.5475,-1.8811083,0.89141816,0.656723,50.95756,0.0
2025-03-05 18:00:00,25.704498,23.993866,1006.6788,-1.031105,1.3253232,0.0,90.29325,0.0
2025-03-06 00:00:00,24.398834,23.261261,1006.0769,1.310606,-0.091977656,0.8595276,93.38673,0.0
2025-03-06 06:00:00,33.198517,21.868683,1007.51373,0.4904989,0.40599835,0.34205925,51.519577,0.0
2025-03-06 12:00:00,33.84195,20.636993,1003.39,-2.4882011,0.09060174,0.038459778,46.08064,0.0
2025-03-06 18:00:00,26.843903,24.629303,1005.905,-1.2001295,1.0286129,0.6695855,87.693825,0.0
2025-03-07 00:00:00,24.782684,23.440216,1004.7388,1.0200872,-0.77710056,0.90364516,92.2586,0.0
2025-03-07 06:00:00,32.769196,21.81778,1006.33624,-0.7571802,0.45867085,0.08644104,52.61451,0.0
2025-03-07 12:00:00,33.226715,19.516754,1002.5694,-3.3665476,0.3320619,0.0,44.501877,0.0
2025-03-07 18:00:00,25.738647,23.134369,1005.6394,-1.2809896,0.89743835,0.01499939,85.56177,0.0
2025-03-08 00:00:00,24.33609,22.223053,1003.96185,1.2014389,-0.99636745,0.15856597,88.0189,0.0
2025-03-08 06:00:00,32.442535,20.831451,1005.7369,-0.7705364,0.6441996,0.017002106,50.448563,0.0
2025-03-08 12:00:00,32.513947,21.505035,1001.35065,-3.1009264,0.8065962,0.0,52.36606,0.0
2025-03-08 18:00:00,24.869171,22.571533,1004.8237,-1.4967136,1.1638622,0.0,87.08285,0.0
2025-03-09 00:00:00,22.730255,21.350494,1003.7125,0.89838123,-0.92324924,0.027439117,91.93283,0.0
2025-03-09 06:00:00,31.465363,20.778595,1006.5444,-2.3939524,-0.04096383,0.14777756,53.146587,0.0
2025-03-09 12:00:00,30.928375,20.540192,1003.575,-3.9857397,-0.13695216,0.0,53.998367,0.0
2025-03-09 18:00:00,24.287262,21.451721,1007.77875,-1.6757841,-0.6543627,0.014945984,84.215965,0.0
2025-03-10 00:00:00,24.914703,22.009674,1006.66125,0.7274256,-2.2933483,0.25782323,83.92774,9.534415e-05
2025-03-10 06:00:00,31.880524,22.642609,1008.73,-3.4662237,-2.6668081,0.7589837,58.172096,0.0011454104
2025-03-10 12:00:00,31.069,23.183075,1004.14685,-4.273823,-2.5524921,0.6893906,62.94533,0.0
2025-03-10 18:00:00,27.631317,23.21811,1007.7294,-2.0740747,-3.2236319,0.9785798,76.92719,0.0007674098
2025-03-11 00:00:00,26.65976,23.553802,1005.285,-0.5677252,-3.53975,0.9999998,83.1069,0.05171448
2025-03-11 06:00:00,27.104065,25.63919,1008.34436,-3.0791283,-2.1447115,0.9935437,91.7179,0.9293146
2025-03-11 12:00:00,26.153595,24.766602,1006.1119,-2.605219,-0.7989111,1.0,92.08917,0.65197897
2025-03-11 18:00:00,25.026947,24.066284,1008.28815,-0.15615177,-2.0837498,1.0000001,94.41492,0.0
2025-03-12 00:00:00,24.66629,23.64618,1005.6813,0.34123325,-2.0046968,1.0000001,94.06294,0.0
2025-03-12 06:00:00,27.480347,24.597534,1008.21,-3.5974884,-0.5693636,0.9973341,84.319275,0.6898792
2025-03-12 12:00:00,28.016327,23.94992,1004.8669,-0.95331097,0.8462076,0.9952554,78.60831,0.0
2025-03-12 18:00:00,25.264313,23.927307,1006.82874,0.7443781,-0.82926846,0.013717186,92.31565,0.0
2025-03-13 00:00:00,25.499115,24.002472,1005.28625,0.46397877,-0.5788622,1.0,91.44797,0.00038160942
2025-03-13 06:00:00,31.657257,23.659607,1006.83936,-1.0289516,-0.21525669,0.6257469,62.6492,0.0
2025-03-13 12:00:00,31.955719,23.372955,1003.2325,-2.6319618,0.89094067,0.019772174,60.542454,0.0
2025-03-13 18:00:00,26.005585,24.050323,1005.8244,-1.4392776,1.0698991,0.0,88.9982,0.0
2025-03-14 00:00:00,24.481293,23.029572,1005.0806,0.8366308,-0.103446126,0.6574217,91.63427,0.0
2025-03-14 06:00:00,31.871124,23.77063,1007.46814,-0.29407215,0.08196169,0.34918016,62.30881,0.0
2025-03-14 12:00:00,32.620758,23.13028,1003.58185,-2.4378319,0.3568887,0.0,57.46094,0.0
2025-03-14 18:00:00,26.740326,24.537994,1006.7562,-1.5572004,1.407345,0.0,87.74933,0.0
2025-03-15 00:00:00,24.912567,23.088898,1005.58,0.6222067,-0.1659115,0.35467416,89.623955,0.0
2025-03-15 06:00:00,32.167023,23.028961,1007.6131,-0.045985222,0.39254624,0.1791234,58.591927,0.0
2025-03-15 12:00:00,32.425323,23.405975,1004.35876,-2.5201435,0.5307188,0.0,59.07349,0.0
2025-03-15 18:00:00,26.80069,24.255035,1007.625,-1.6846199,0.35868657,0.0,85.968895,0.0
2025-03-16 00:00:00,26.292633,24.178772,1006.2275,0.51048183,-0.90973663,0.06759279,88.17794,9.49949e-05
2025-03-16 06:00:00,32.60257,24.739594,1008.02185,-1.5031385,0.8383658,0.3088322,63.361073,0.054651704
2025-03-16 12:00:00,31.855865,24.853851,1003.84375,-2.2428837,1.2842987,0.21677662,66.5454,0.0
2025-03-16 18:00:00,27.265259,25.564117,1006.71936,-0.78616524,0.9941392,0.09204014,90.45076,0.0
2025-03-17 00:00:00,27.06839,25.369263,1005.45624,1.1728506,0.46300185,0.07084954,90.448326,0.0
2025-03-17 06:00:00,33.4628,25.190094,1007.4375,-0.04161167,0.8249668,0.7808935,62.014526,0.014782308
2025-03-17 12:00:00,33.05081,25.962006,1003.0037,-2.4543915,0.67779315,0.63068575,66.44084,0.004861148
2025-03-17 18:00:00,27.429962,25.53247,1006.8219,-1.3938284,1.6406796,0.39179888,89.41394,0.0
2025-03-18 00:00:00,27.066772,25.272522,1005.275,0.44962883,0.15254247,0.41450983,89.937904,0.0
2025-03-18 06:00:00,33.540436,24.826508,1006.52814,-1.3140707,1.1129364,0.27014214,60.421413,0.03986433
2025-03-18 12:00:00,32.777863,24.141022,1003.9075,-3.1940746,1.3102716,0.045713242,60.529774,0.0
2025-03-18 18:00:00,27.082855,25.147125,1007.7981,-1.064045,1.1940784,0.8620762,89.1848,0.0
2025-03-19 00:00:00,26.49527,24.60379,1006.9169,0.6114979,-0.05953753,0.4576975,89.37633,0.0007636845
2025-03-19 06:00:00,33.027985,25.546722,1009.27686,-2.2276487,1.648517,0.41751224,64.9082,0.2153598
2025-03-19 12:00:00,32.441803,25.148346,1005.3088,-3.780343,1.2955371,0.18863055,65.516335,0.0
2025-03-19 18:00:00,27.308563,25.30423,1009.6275,-1.3080454,0.39684218,0.6474318,88.8387,0.0
2025-03-20 00:00:00,27.552582,24.322388,1008.5694,-1.3435879,-0.34347177,0.31738436,82.591965,0.0
2025-03-20 06:00:00,33.540924,23.69693,1010.4319,-2.1085472,0.9820246,0.16729528,56.463562,0.0
2025-03-20 12:00:00,32.20804,22.81662,1006.23,-3.4353447,0.7971916,0.04333199,57.709324,0.0
2025-03-20 18:00:00,27.562714,24.618896,1010.02875,-1.8136301,0.62269133,0.0,84.02113,0.0
2025-03-21 00:00:00,27.565277,25.036316,1009.07935,-0.45389843,-0.8133745,0.26742017,86.12829,0.006388873
2025-03-21 06:00:00,32.848907,24.546265,1010.08124,-2.530219,0.5807417,0.41947186,61.769928,0.03195315
2025-03-21 12:00:00,32.613434,24.751068,1006.3762,-3.296136,0.32813358,0.59713745,63.3657,0.0
2025-03-21 18:00:00,27.815125,25.336548,1008.8125,-1.5753822,0.3476305,0.016166687,86.410675,0.0
2025-03-22 00:00:00,27.547455,24.866241,1007.69,-1.2148981,-0.37003297,0.17640543,85.34796,9.49949e-05
2025-03-22 06:00:00,33.83548,24.598541,1009.28687,-2.5240383,0.7908198,0.29670155,58.62837,0.046440355
2025-03-22 12:00:00,31.927704,25.15152,1006.3719,-2.2859688,1.845321,0.30438137,67.46176,0.0
2025-03-22 18:00:00,26.908966,24.819946,1008.735,-1.3005886,-0.08419728,0.061475035,88.35972,0.0
2025-03-23 00:00:00,26.834076,24.89978,1007.28625,0.26761627,0.9450406,0.2501682,89.17357,0.013444573
2025-03-23 06:00:00,32.70804,24.088593,1008.7081,-1.7096195,0.12701613,0.45135242,60.57736,0.049307197
2025-03-23 12:00:00,30.830841,24.87024,1005.8175,-3.458931,0.94907856,0.35527158,70.61088,0.0
2025-03-23 18:00:00,26.85495,25.51117,1008.79315,-0.918025,-0.95520496,0.16520566,92.3655,0.0
2025-03-24 00:00:00,26.811554,25.156952,1006.89185,-0.016084671,-1.06775,0.60523117,90.67112,0.0
2025-03-24 06:00:00,33.580475,24.849213,1008.475,-2.1318998,-0.86357784,0.41511983,60.367893,0.00591312
2025-03-24 12:00:00,32.011017,24.779083,1004.60187,-3.8965921,0.016005516,0.07525007,65.669266,0.0
2025-03-24 18:00:00,26.936646,25.126007,1007.40875,-1.4508543,-0.6218519,0.060229253,89.840935,0.0
2025-03-25 00:00:00,25.870209,24.361633,1004.71185,0.17306423,-1.259203,0.7909012,91.405235,0.0
2025-03-25 06:00:00,32.676422,23.524628,1006.20935,-1.1329756,-0.46248817,0.23041618,58.661087,0.0
2025-03-25 12:00:00,32.299103,23.418121,1001.98,-3.4601192,-0.371068,0.052549362,59.539722,0.0
2025-03-25 18:00:00,26.181854,23.557922,1004.8594,-1.5479717,1.0392103,0.0592556,85.5046,0.0
2025-03-26 00:00:00,24.21103,22.957611,1003.6075,0.8782892,-0.72975636,0.22723667,92.72541,0.0
2025-03-26 06:00:00,32.5596,22.506378,1005.27563,-0.38215065,0.79684097,0.3681376,55.51995,0.0
2025-03-26 12:00:00,33.31302,21.794098,1000.9306,-2.361143,0.6374247,0.6223335,50.957035,0.0
2025-03-26 18:00:00,26.267975,22.756805,1004.6275,-0.81200695,1.281096,0.6360719,81.04899,0.0
2025-03-27 00:00:00,25.109528,23.480865,1003.67065,0.81285673,-0.67508477,0.7513976,90.69955,0.0
2025-03-27 06:00:00,33.95401,23.297516,1004.72064,0.6707599,0.8870632,0.75345397,53.861473,0.0
2025-03-27 12:00:00,34.548492,22.720245,999.89,-2.6842365,1.5540218,0.87912863,50.317932,0.0
2025-03-27 18:00:00,28.38681,25.222504,1003.44,0.17348194,2.0706596,0.8708632,83.01458,0.0
2025-03-28 00:00:00,26.662933,24.624054,1002.6294,0.7587247,1.3256016,0.9518891,88.604935,0.0
2025-03-28 06:00:00,34.31424,22.437775,1003.97687,0.048779726,1.793145,0.993544,50.11122,0.0
2025-03-28 12:00:00,34.166046,21.790314,999.8656,-1.8395519,1.875676,0.95702463,48.5723,0.0
2025-03-28 18:00:00,27.082123,23.998138,1003.3038,-0.32173443,1.9952383,1.0000001,83.26508,0.0
2025-03-29 00:00:00,24.69577,22.68283,1001.85815,1.3931477,0.9159802,0.8137755,88.58568,0.0
2025-03-29 06:00:00,35.21707,20.148346,1003.8856,-0.34777927,0.6311763,0.0,41.420483,0.0
2025-03-29 12:00:00,34.64554,17.407867,999.8956,-2.8281794,1.0671384,0.0,36.02466,0.0
2025-03-29 18:00:00,26.039764,24.235626,1004.0687,-1.0908537,1.6810908,0.0,89.81148,0.0
2025-03-30 00:00:00,23.502838,22.79837,1003.8006,1.2221746,0.2846344,0.1806488,95.83066,0.0
2025-03-30 06:00:00,33.691193,19.422028,1005.2581,-0.9372387,1.2556987,0.0,43.10411,0.0
2025-03-30 12:00:00,33.32852,19.509674,1001.5581,-2.3253298,1.4774897,0.0,44.228947,0.0
2025-03-30 18:00:00,25.731964,22.072052,1005.34125,-1.7779188,0.5856044,0.0,80.2502,0.0
2025-03-31 00:00:00,25.707672,23.174225,1004.09186,-0.17394447,-0.41753483,0.18622872,85.92588,0.0
2025-03-31 06:00:00,33.03482,23.091034,1005.4506,-1.5863562,1.1215615,0.32687032,56.004173,0.0
2025-03-31 12:00:00,32.204132,22.248322,1001.455,-3.7199507,0.69328326,0.10055542,55.76374,0.0
2025-03-31 18:00:00,26.9805,23.582428,1004.81,-1.6761208,0.6078901,0.0,81.69449,0.0
2025-04-01 00:00:00,25.703339,23.48944,1003.28314,0.41704082,-0.41919994,0.43695498,87.59926,0.0
2025-04-01 06:00:00,31.803741,23.261505,1005.4888,-1.8775883,1.5120935,0.4250638,60.65663,0.07133186
2025-04-01 12:00:00,32.293365,22.644989,1001.03125,-3.6734533,0.98755175,0.33706522,56.836994,0.0
2025-04-01 18:00:00,27.787994,23.906433,1004.8681,-1.4707823,1.4309444,0.69940436,79.454735,0.0
2025-04-02 00:00:00,26.964508,23.750183,1003.45,0.11434269,-0.19591606,0.25981903,82.60157,0.0
2025-04-02 06:00:00,34.15091,23.220367,1005.2319,-1.5623827,1.570961,0.32091093,53.02537,0.009059906
2025-04-02 12:00:00,31.751495,25.235504,1002.42126,-3.0863905,1.7246168,0.9844178,68.48061,0.0
2025-04-02 18:00:00,28.447632,25.836487,1006.2575,-2.5531425,1.4551647,0.9907103,85.79351,0.0019908268
2025-04-03 00:00:00,26.429382,24.720459,1005.97815,-1.3607321,0.16665912,0.9999996,90.35217,0.74168015
2025-04-03 06:00:00,27.766083,24.969696,1008.29565,-0.5332298,-1.3036804,1.0000001,84.78579,0.0
2025-04-03 12:00:00,27.990356,24.504913,1004.60126,-2.1033335,0.2848034,0.97993326,81.39168,0.0
2025-04-03 18:00:00,26.968292,24.796967,1007.7644,0.4273796,0.38374805,0.973974,87.931435,0.0
2025-04-04 00:00:00,26.634003,24.643036,1006.08124,0.80878377,-0.84898186,0.94718796,88.856834,0.0036254062
2025-04-04 06:00:00,33.895416,23.482513,1007.405,-1.2141914,-0.6189127,0.16557938,54.644638,0.100493886
2025-04-04 12:00:00,32.710114,23.223785,1003.1981,-3.563281,0.25179863,0.3210945,57.49635,0.0
2025-04-04 18:00:00,27.625458,24.775421,1006.9369,-0.26456356,-0.16268212,0.7820127,84.50005,0.030905008
2025-04-05 00:00:00,26.744843,24.345245,1005.2444,1.4030443,-0.09568769,0.7471261,86.719475,0.0
2025-04-05 06:00:00,33.89798,22.709808,1006.4425,-0.03091216,0.31335872,0.10536683,52.14227,0.0015255064
2025-04-05 12:00:00,33.302765,21.39859,1002.3075,-2.6773682,1.0772128,0.18643263,49.76772,0.0015255064
2025-04-05 18:00:00,28.656677,24.04837,1005.5031,-0.1250372,1.5240774,0.3225975,76.183495,0.0
2025-04-06 00:00:00,27.425568,24.449036,1003.3819,-0.27667272,0.69070745,0.3017025,83.84186,0.0
2025-04-06 06:00:00,34.8472,24.352234,1004.51874,1.1519206,-0.20563215,0.20358276,54.6063,0.008488074
2025-04-06 12:00:00,32.429108,25.699982,1000.6887,-3.4140816,1.7073691,0.29464477,67.74849,0.14705025
2025-04-06 18:00:00,28.557953,25.544983,1005.35565,-0.48301315,1.2340882,0.3310784,83.78414,0.018425286
2025-04-07 00:00:00,27.272675,24.118439,1003.8106,0.19411278,-0.85033417,0.90149593,82.936386,0.0
2025-04-07 06:00:00,34.143097,24.520538,1004.27185,-0.7040119,-1.2851315,0.6404174,57.362045,0.014212914
2025-04-07 12:00:00,33.76419,24.384308,1001.16626,-3.8080463,0.6787224,0.20598626,58.11255,0.0
2025-04-07 18:00:00,28.441193,25.677185,1005.4775,-0.56027126,1.1406941,0.30952048,85.01886,0.0
2025-04-08 00:00:00,28.19754,24.842407,1004.7369,1.2327557,-1.007226,0.55879784,82.053535,0.0032447278
2025-04-08 06:00:00,34.743195,24.077972,1005.5006,-0.69367313,-1.6686707,0.058649365,54.026367,0.0
2025-04-08 12:00:00,33.52359,24.299103,1002.3756,-3.424448,-0.76257133,0.17140448,58.60027,0.0
2025-04-08 18:00:00,27.827545,26.140472,1006.2675,-1.5534172,-0.030201912,0.1951938,90.56384,0.0
2025-04-09 00:00:00,27.392792,25.104767,1004.295,1.0998516,-1.4913836,0.55558014,87.357895,0.0
2025-04-09 06:00:00,34.343414,22.568634,1005.3181,-1.109127,-1.1284523,0.45427728,50.429195,0.0057239085
2025-04-09 12:00:00,32.937164,23.837189,1001.98315,-2.9436417,0.03983116,0.3986236,58.904552,0.08668564
2025-04-09 18:00:00,28.726929,25.245667,1004.4462,-0.1110118,1.4248829,0.25874484,81.50331,0.0
2025-04-10 00:00:00,27.74826,24.914276,1002.72,1.1751126,0.19372348,0.94787645,84.594,0.0
2025-04-10 06:00:00,35.77298,23.64621,1003.51874,2.1395216,0.31424874,0.7650733,49.727306,0.0
2025-04-10 12:00:00,35.44449,22.7471,998.0781,-0.25557137,1.406928,0.7205079,47.958744,0.0
2025-04-10 18:00:00,30.420715,25.917877,1001.7519,1.4880123,3.479062,0.5977666,76.931915,0.0
2025-04-11 00:00:00,29.385834,22.191254,1000.9406,2.84758,1.1806812,0.6677665,65.2777,0.0
2025-04-11 06:00:00,36.351227,22.405182,1002.35315,2.1084561,0.47039253,0.03694998,44.686047,0.0
2025-04-11 12:00:00,32.352448,24.574127,999.97186,1.403604,1.2358427,0.5185067,63.629234,0.35774708
2025-04-11 18:00:00,27.49643,23.665192,1003.53125,0.777581,2.872319,0.43242234,79.656105,0.0
2025-04-12 00:00:00,26.464752,24.459015,1002.40063,1.2004871,1.748582,0.52663934,88.765076,0.0
2025-04-12 06:00:00,34.455963,23.499542,1003.1975,3.349494,0.5051535,0.012031555,53.018063,0.00047660433
2025-04-12 12:00:00,36.758453,23.100494,999.3925,-1.0793858,2.0255573,0.33086786,45.58173,0.0
2025-04-12 18:00:00,29.893799,24.821198,1003.9387,1.0500062,2.336063,0.40149742,74.28844,0.0
2025-04-13 00:00:00,28.476654,23.52774,1002.84375,0.7701226,1.2522476,0.37003833,74.61,0.0
2025-04-13 06:00:00,35.32425,22.86319,1003.8525,0.69941175,0.4142093,0.46381682,48.619347,0.0
2025-04-13 12:00:00,34.654327,23.543976,1000.73315,-2.9158077,-0.43845558,0.56104314,52.577312,0.0
2025-04-13 18:00:00,29.494385,25.651093,1004.39935,-0.28508663,1.2886794,0.21948093,79.86595,0.0
2025-04-14 00:00:00,28.913452,25.76358,1003.6119,-0.38216007,-0.12262726,0.21076912,83.14583,0.0
2025-04-14 06:00:00,34.705475,23.957306,1004.1106,-1.4216528,0.9092245,0.095383644,53.748672,0.0
2025-04-14 12:00:00,34.387238,23.210114,999.78125,-3.355568,1.5026459,0.09420776,52.299488,0.0
2025-04-14 18:00:00,28.648468,24.720734,1004.8162,-0.975811,1.021901,0.2971018,79.35202,0.0
2025-04-15 00:00:00,27.648651,23.77652,1004.0225,1.2059927,0.26495457,0.9313976,79.480835,0.0
2025-04-15 06:00:00,34.156403,23.031952,1004.7488,-0.50795937,0.7213796,0.6255579,52.40864,0.0
2025-04-15 12:00:00,33.58853,24.188995,1000.8806,-2.8456688,1.4397545,0.041254662,58.003372,0.0
2025-04-15 18:00:00,28.598328,25.792328,1005.1238,-1.8855066,1.5254014,0.07167089,84.82352,0.0
2025-04-16 00:00:00,27.809357,25.030884,1004.3237,0.21742725,1.1598797,0.2898843,84.88089,0.012204051
2025-04-16 06:00:00,33.724518,24.149078,1005.1763,-0.1867876,1.4723394,0.22222614,57.426037,0.0
2025-04-16 12:00:00,32.90811,23.439606,1001.3081,-3.0762901,1.0758939,0.09137726,57.60473,0.14721975
2025-04-16 18:00:00,28.428802,24.809265,1004.8925,-1.2741032,1.7090979,0.04875199,80.79699,0.0
2025-04-17 00:00:00,28.055908,25.035522,1003.84625,0.6443062,1.2741961,0.6145844,83.691864,0.044345856
2025-04-17 06:00:00,34.38199,25.170624,1004.5325,0.7421775,1.7505007,0.20711732,58.84338,0.0
2025-04-17 12:00:00,34.308624,24.733429,999.865,-1.7935619,2.158082,0.0840103,57.563454,0.1273863
2025-04-17 18:00:00,29.882874,25.533844,1003.64685,-0.6195154,2.7797937,0.0883923,77.55727,0.0
2025-04-18 00:00:00,29.010468,26.545807,1002.99,0.19545704,2.172532,0.26119167,86.59293,0.0
2025-04-18 06:00:00,35.44742,24.993439,1003.6119,0.5965271,2.4105015,0.27083933,54.885517,0.0013355166
2025-04-18 12:00:00,34.394196,24.227814,999.3206,-1.5624914,3.3512878,0.16058804,55.5821,0.0004749745
2025-04-18 18:00:00,29.865814,25.848541,1003.2444,0.08456886,3.3194923,0.18217005,79.0962,0.0
2025-04-19 00:00:00,28.883911,26.222626,1001.9456,0.5415349,1.8090522,0.3175776,85.58199,0.0
2025-04-19 06:00:00,35.812897,23.789154,1002.8131,1.4050913,0.35408294,0.81819963,50.04685,0.0
2025-04-19 12:00:00,36.32437,23.18155,999.0062,-1.5006933,2.095933,0.19323093,46.908348,0.0
2025-04-19 18:00:00,30.635712,26.42331,1002.77814,-0.15320396,3.6026487,0.6342627,78.2954,0.0
2025-04-20 00:00:00,29.48642,27.004883,1002.03,0.6819598,1.9094648,0.22886485,86.55084,0.0
2025-04-20 06:00:00,35.607452,24.914825,1003.3681,0.7176313,0.92576224,0.2793523,54.148304,0.00047683716
2025-04-20 12:00:00,35.959137,25.107452,999.4431,-1.855792,2.25365,0.14808288,53.722553,0.0
2025-04-20 18:00:00,30.630371,26.424103,1003.95,-0.694129,2.6539373,0.6117738,78.32297,0.0
2025-04-21 00:00:00,29.541382,26.515411,1003.0575,-0.2084533,1.9017285,0.20800489,83.827255,0.005722046
2025-04-21 06:00:00,36.13394,24.120941,1004.5056,-0.9683819,0.7472967,0.09098092,50.160683,0.0
2025-04-21 12:00:00,35.21939,23.441559,1001.5613,-3.1298122,1.1714702,0.0,50.64216,0.0
2025-04-21 18:00:00,29.30484,26.022308,1005.73627,-0.9824705,1.5029986,0.0,82.54008,0.0
2025-04-22 00:00:00,28.892212,26.201813,1005.1756,0.26296806,0.66371506,0.25220245,85.43574,0.0024810433
2025-04-22 06:00:00,34.635773,24.878082,1006.34625,-1.0800133,1.4150656,0.19398361,57.01581,0.009726733
2025-04-22 12:00:00,34.523712,22.769928,1002.3594,-3.4474306,0.9912119,0.018894196,50.539337,0.0
2025-04-22 18:00:00,29.562714,26.034088,1006.04376,-0.7198715,2.3975859,0.014297485,81.37778,0.0
2025-04-23 00:00:00,28.189117,25.92392,1004.03937,0.9701528,0.99130964,0.5228567,87.5457,0.0
2025-04-23 06:00:00,35.143463,23.860138,1004.52374,0.3115781,1.0687149,0.12965491,52.153732,0.0011455268
2025-04-23 12:00:00,34.730988,23.797272,1000.34375,-3.1105795,1.9248962,0.23994446,53.158623,0.0
2025-04-23 18:00:00,30.332367,25.863556,1003.27185,-0.29089844,3.2040558,0.012235707,77.07401,0.0
2025-04-24 00:00:00,28.90863,26.39853,1002.165,0.48346883,0.95620674,0.024398804,86.351746,0.0
2025-04-24 06:00:00,35.64554,25.028809,1003.6287,0.05853653,0.5538094,0.13890377,54.403217,0.0024791807
2025-04-24 12:00:00,35.94693,24.45169,999.0613,-2.4172344,2.4367032,0.06782532,51.69403,0.0
2025-04-24 18:00:00,30.602875,26.237152,1003.3806,-0.6484299,3.0291195,0.012192212,77.58525,0.0
2025-04-25 00:00:00,29.321808,26.502716,1002.1281,0.047977507,1.1648762,0.10417463,84.832535,0.0003799796
2025-04-25 06:00:00,36.096832,24.398102,1003.48627,-0.6193485,1.2551879,0.22349817,51.105297,0.015839934
2025-04-25 12:00:00,33.654816,26.173859,999.9969,-2.3283157,3.1298723,0.22984819,65.03821,0.0
2025-04-25 18:00:00,30.152924,26.728638,1003.5506,-0.7487774,3.2213955,0.29932648,81.952644,0.0
2025-04-26 00:00:00,29.48053,26.565704,1002.15186,-0.64171124,1.4135883,0.471138,84.371666,0.00057388376
2025-04-26 06:00:00,35.176178,25.61728,1003.72375,-1.3593178,2.3381186,0.22396648,57.821198,0.07514864
2025-04-26 12:00:00,33.703278,24.754059,1000.58435,-0.94115543,3.4137716,0.2153016,59.614815,0.0
2025-04-26 18:00:00,29.936646,26.161255,1004.0806,-0.31030566,2.5044422,0.0067622215,80.246056,0.0
2025-04-27 00:00:00,28.429169,26.315796,1003.07935,-0.39234734,1.644959,0.13204318,88.355286,0.0022873282
2025-04-27 06:00:00,34.600983,24.862457,1004.66,-1.1510057,1.8943195,0.63717204,57.072872,0.024139881
2025-04-27 12:00:00,32.25876,25.220123,1001.7019,-2.9842148,2.546854,0.76912254,66.48071,7.8231096e-05
2025-04-27 18:00:00,29.345154,25.857819,1004.8844,-0.5789223,2.0993528,0.9891197,81.550064,0.0
2025-04-28 00:00:00,28.367981,25.030304,1002.78876,0.096915245,2.4245396,0.91490036,82.15949,0.12208694
2025-04-28 06:00:00,33.432648,26.148468,1003.53436,-0.83653545,2.547371,0.70377415,65.7536,0.0
2025-04-28 12:00:00,33.219025,24.988647,999.90564,-1.8832426,1.634724,0.33071405,62.11806,0.0
2025-04-28 18:00:00,29.327606,24.864838,1003.39685,-0.90918255,2.494237,0.80390674,76.952324,0.0
2025-04-29 00:00:00,28.593964,25.25119,1002.20935,0.45791757,1.0633562,0.99960285,82.16159,0.0
2025-04-29 06:00:00,34.90506,24.711334,1002.9988,-0.16344833,1.4395399,0.23528636,55.613472,0.00782311
2025-04-29 12:00:00,33.21707,26.131134,999.52185,-1.6175442,2.4518785,0.39820373,66.485275,0.07618964
2025-04-29 18:00:00,29.901245,26.151428,1003.3269,-0.23031431,2.8057642,0.64734954,80.36283,0.0
2025-04-30 00:00:00,28.797394,25.817383,1002.3594,0.4576553,1.9362392,0.7670328,83.97425,0.0
2025-04-30 06:00:00,35.348297,24.589508,1003.36127,1.3079996,1.6121278,0.69769216,53.871696,0.010682543
2025-04-30 12:00:00,35.643707,23.905792,999.4244,-1.5626879,2.845111,0.7376827,50.871365,0.0
2025-04-30 18:00:00,29.713745,26.376862,1003.9325,-0.031997383,3.978633,0.95565623,82.32339,0.0
2025-05-01 00:00:00,28.847565,25.650269,1003.6138,1.0807333,2.1374712,1.0000001,82.90484,0.0
2025-05-01 06:00:00,35.298492,24.615051,1003.96185,1.4261228,1.8619118,0.95264226,54.10282,0.00028609065
2025-05-01 12:00:00,34.705353,23.933746,1000.7525,-1.44281,2.8728228,0.9999997,53.673,0.0
2025-05-01 18:00:00,29.988556,25.955963,1003.7631,0.44409043,2.9823303,0.9999997,79.041275,0.0
2025-05-02 00:00:00,28.907288,26.078522,1003.27875,0.32957268,2.0944233,0.98392665,84.74125,0.0
2025-05-02 06:00:00,35.753937,24.880035,1004.6206,-0.19243717,1.6665688,0.11190033,53.60132,0.0
2025-05-02 12:00:00,33.220245,23.696808,1000.60126,-1.8117294,3.983634,0.45935297,57.487415,0.0
2025-05-02 18:00:00,29.394745,24.971344,1004.225,1.1414629,3.0433874,0.9380199,77.14325,0.0
2025-05-03 00:00:00,28.46701,24.678986,1003.0619,0.7036842,1.7993282,0.97739846,79.99281,0.0
2025-05-03 06:00:00,36.30667,22.928497,1003.40125,1.7170384,1.3379344,0.27088326,46.24061,0.0
2025-05-03 12:00:00,36.244537,22.29898,999.3063,-1.5089884,2.3559942,0.15836334,44.659157,0.015445054
2025-05-03 18:00:00,30.421692,25.777374,1002.70874,0.71303123,3.5689611,0.02218404,76.2899,0.0
2025-05-04 00:00:00,29.208923,25.519684,1001.8144,0.42474538,1.9096544,0.020983808,80.56217,0.0
2025-05-04 06:00:00,37.215973,23.973297,1002.0619,2.044061,0.21715593,0.094142914,46.858177,0.0006672926
2025-05-04 12:00:00,34.79239,24.923737,998.6312,-2.5694199,1.7335348,0.49051777,56.676327,0.69506794
2025-05-04 18:00:00,26.80655,23.680328,1004.1,0.9135113,0.7143345,0.9533463,83.022354,0.0
2025-05-05 00:00:00,25.929047,23.396881,1002.14624,1.0067492,1.8651459,0.9982178,85.95409,0.0
2025-05-05 06:00:00,32.610626,24.047516,1002.055,1.8607508,1.7376566,0.7615234,60.760796,0.0012398232
2025-05-05 12:00:00,33.57376,24.704193,999.65,-1.6204329,1.480355,0.1523422,59.86981,0.1295812
2025-05-05 18:00:00,29.425323,26.147797,1002.84564,-0.32199764,3.2623367,0.80826575,82.57859,0.0
2025-05-06 00:00:00,28.517822,25.92575,1002.8475,0.3936262,1.5213253,0.38633645,85.89728,0.0
2025-05-06 06:00:00,35.35611,25.168365,1002.8794,1.2178321,0.09101313,0.5369595,55.741077,0.0
2025-05-06 12:00:00,33.881866,24.506256,999.52313,-2.2918997,1.4974082,0.7402142,58.154686,0.2911985
2025-05-06 18:00:00,27.558624,23.737091,1002.83435,0.89156365,2.8901796,0.3654136,79.711044,0.0
2025-05-07 00:00:00,26.910797,24.608124,1001.64874,1.0236204,0.43530464,0.23557909,87.23906,0.0
2025-05-07 06:00:00,35.049713,24.50528,1001.855,0.33398724,0.03391266,0.5958273,54.493816,0.027655624
2025-05-07 12:00:00,33.941925,24.181366,999.1356,-1.5975752,2.9198618,0.77275366,56.84262,0.0
2025-05-07 18:00:00,28.692657,24.395233,1002.90186,0.7263377,2.6005964,0.97685814,77.622604,0.0
2025-05-08 00:00:00,26.912872,23.271942,1001.4487,1.1435407,0.89128685,0.018032469,80.49779,0.0
2025-05-08 06:00:00,35.060333,23.672455,1002.58185,1.7246474,-0.02541864,0.019538667,51.80596,0.004290603
2025-05-08 12:00:00,33.424408,22.354645,1000.0637,-0.7316103,1.1389952,0.7453116,52.39968,0.021581538
2025-05-08 18:00:00,29.433197,24.939606,1003.3113,-0.08494353,1.9991589,0.6710993,76.826706,0.0
2025-05-09 00:00:00,28.433044,25.387115,1002.46313,0.88252264,1.0562668,0.2225194,83.606415,0.0
2025-05-09 06:00:00,35.329254,24.244598,1002.9981,0.8723383,-0.9082508,0.53954995,52.826015,0.00019092113
2025-05-09 12:00:00,33.150055,25.274384,1000.40063,-3.1710129,0.8930651,0.5649056,63.42942,0.043298118
2025-05-09 18:00:00,29.848633,26.101532,1004.1369,-0.6965637,2.3871703,0.7731893,80.368904,0.0
2025-05-10 00:00:00,28.056396,25.41153,1002.7994,0.06085217,0.8158955,0.45407522,85.58364,0.0
2025-05-10 06:00:00,34.107574,24.829742,1003.8069,1.8589633,1.4773928,0.13351461,58.547825,0.004865229
2025-05-10 12:00:00,33.947906,25.562714,1000.45624,-0.57813835,2.759143,0.3212185,61.706596,0.0519827
2025-05-10 18:00:00,30.228394,26.237396,1002.97876,1.1136935,2.1794443,0.072446,79.26871,0.0
2025-05-11 00:00:00,28.688385,24.818268,1002.16876,1.2418411,0.6650715,0.059740145,79.63097,0.0
2025-05-11 06:00:00,36.05606,21.815582,1002.6475,2.3552153,0.7054785,0.04757374,43.81395,0.0
2025-05-11 12:00:00,34.991608,24.418976,998.84875,-0.61356163,1.734837,0.18482569,54.38782,0.0
2025-05-11 18:00:00,29.717651,25.28238,1001.95,2.2232237,3.0434494,0.09394273,77.13652,0.0
2025-05-12 00:00:00,29.011688,23.221222,1000.2481,1.8128449,0.9871721,0.0054244995,71.00489,0.0
2025-05-12 06:00:00,36.631012,22.592743,1000.70123,3.0589666,-0.3715111,0.17610931,44.510166,9.543146e-05
2025-05-12 12:00:00,35.91397,24.646027,996.8925,-0.2838564,0.9956175,0.20321447,52.39348,0.0
2025-05-12 18:00:00,30.354889,25.17862,1001.46063,1.962037,1.8069237,0.9173687,73.90615,0.0
2025-05-13 00:00:00,29.458984,24.08377,999.415,1.7856665,0.41693783,0.9565102,72.88269,0.0
2025-05-13 06:00:00,36.0972,24.707794,1000.66626,2.285011,0.2708555,0.5269107,52.059853,0.0026701018
2025-05-13 12:00:00,35.75711,23.302399,997.14874,-0.97848034,0.051893234,0.3442364,48.74949,0.08657854
2025-05-13 18:00:00,30.394623,25.454376,1000.79626,-0.050637603,2.3437674,0.46134806,74.957535,0.0
2025-05-14 00:00:00,30.373505,25.09793,1000.15436,1.5627813,-0.057670593,0.7301798,73.47342,0.00095320866
2025-05-14 06:00:00,35.960846,24.587067,1001.0569,1.0674114,-1.2458076,0.9892733,52.07457,0.0
2025-05-14 12:00:00,34.049713,23.661896,997.5706,-2.2767477,0.35740662,0.81414694,54.764812,0.3593564
2025-05-14 18:00:00,29.388336,24.671906,1002.67377,1.554252,0.941129,0.7383203,75.80445,0.0
2025-05-15 00:00:00,28.032196,24.699615,1000.8106,1.6036816,-0.69680786,0.9904246,82.14426,0.0
2025-05-15 06:00:00,35.118073,24.899017,1001.6231,1.1363478,-0.095927656,0.9201567,55.580338,0.0076293945
2025-05-15 12:00:00,34.49466,24.583588,998.46625,-0.23061275,0.7155847,0.13397217,56.462597,0.2143979
2025-05-15 18:00:00,28.730988,25.125519,1002.9244,1.2696935,2.8785248,0.39116758,80.90331,0.0
2025-05-16 00:00:00,28.824677,24.630157,999.9888,2.5447798,1.394911,0.11527537,78.12121,0.0
2025-05-16 06:00:00,35.280792,24.822723,1001.2019,2.003317,-1.0639896,0.36178243,54.83191,0.0
2025-05-16 12:00:00,30.692291,24.554718,998.77686,-1.6777525,1.8759104,0.99999976,69.84287,0.23046136
2025-05-16 18:00:00,28.581635,26.246796,1002.6431,1.2857845,-1.6279583,0.9999999,87.22,0.0
2025-05-17 00:00:00,26.537933,23.985748,1000.1756,0.8223238,-0.6555824,0.9915402,85.90971,0.0
2025-05-17 06:00:00,30.319733,25.106842,1001.6838,2.0957642,1.3518252,0.89012456,73.73932,0.20483136
2025-05-17 12:00:00,29.394928,26.486969,999.27124,-0.27932227,1.6762829,1.0,84.3968,1.0366968
2025-05-17 18:00:00,25.937653,24.663239,1003.07623,2.1176007,0.6738472,0.999335,92.698906,0.0
2025-05-18 00:00:00,25.729279,23.224335,999.85126,2.612567,0.66868496,1.0,86.07612,0.0
2025-05-18 06:00:00,31.446442,27.168854,1000.91315,0.8438339,-0.5116186,0.9999999,78.11014,0.6713201
2025-05-18 12:00:00,31.364288,26.34079,997.1675,-0.406312,2.6306229,0.99150234,74.743416,0.0
2025-05-18 18:00:00,26.607697,25.197906,1000.1238,1.0834146,1.0725679,0.99999994,91.98986,0.22011995
2025-05-19 00:00:00,25.991364,24.43866,998.0056,2.6856718,-0.081357,0.99505997,91.1715,7.9155374
2025-05-19 06:00:00,29.858795,27.193268,999.9219,2.5812454,0.35778427,0.9635828,85.65625,0.0
2025-05-19 12:00:00,30.913727,26.985138,996.925,-0.49785042,0.8990969,1.0,79.65306,0.0
2025-05-19 18:00:00,27.814484,26.507812,999.1356,1.5250454,1.4822268,0.9933588,92.61995,0.0
2025-05-20 00:00:00,27.908997,25.338562,998.04126,1.6888819,1.4030364,1.0,85.94884,0.0008359626
2025-05-20 06:00:00,32.281403,25.264923,999.365,4.0119753,-0.27286053,0.99711883,66.57297,0.0066667106
2025-05-20 12:00:00,32.301178,24.200348,996.90436,1.8002498,1.8081117,0.9999998,62.401016,0.0
2025-05-20 18:00:00,28.726715,23.339142,999.8175,1.0453279,1.6029787,0.99933493,72.70288,0.0
2025-05-21 00:00:00,27.998322,22.026154,999.51935,3.1794577,0.48962778,0.9971197,70.04129,0.0
2025-05-21 06:00:00,32.938263,24.341705,1001.27936,3.703061,0.8717287,1.0,60.712063,9.534415e-05
2025-05-21 12:00:00,33.513214,25.626495,997.69,1.6073945,-0.29263216,1.0,63.46476,0.00028463546
2025-05-21 18:00:00,29.212494,24.698029,1001.17065,1.1829262,1.4730864,0.86654043,76.697876,0.0057215802
2025-05-22 00:00:00,27.954742,22.97879,1000.4581,2.3451443,0.47066784,0.99727714,74.403175,0.0
2025-05-22 06:00:00,34.122833,24.78009,1001.64124,2.2364101,0.91247606,0.55515957,58.324867,0.0028605573
2025-05-22 12:00:00,33.726715,25.41336,998.625,1.210536,0.30837852,0.22166038,61.92215,0.06732391
2025-05-22 18:00:00,29.357758,26.792511,1001.3013,0.69991916,3.0761871,0.9390952,86.11393,0.0
2025-05-23 00:00:00,29.085236,25.034576,999.0637,1.6363394,0.47105598,0.5899635,78.83188,0.0
2025-05-23 06:00:00,34.862946,24.813019,999.6425,3.2698164,2.0872202,0.5667301,56.0831,0.011159107
2025-05-23 12:00:00,33.269073,24.662384,995.7562,0.60763264,2.6047678,0.27172893,60.74896,0.0
2025-05-23 18:00:00,28.338287,24.8096,999.6025,2.5508347,1.7596673,0.30023468,81.224976,0.0
2025-05-24 00:00:00,28.152985,24.072662,998.9313,1.852519,1.2597114,1.0,78.56187,0.0017136335
2025-05-24 06:00:00,31.30783,25.162445,999.1675,3.0466032,2.7499695,0.9248943,69.92407,0.0
2025-05-24 12:00:00,32.684845,23.610931,996.5037,2.3323975,2.058138,0.984252,58.93898,0.0
2025-05-24 18:00:00,29.10147,23.716156,1000.6431,2.5721416,2.3976269,0.992208,72.77722,0.00067055225
2025-05-25 00:00:00,28.091583,23.848969,999.3731,2.3374653,2.9421072,1.0000002,77.79071,0.016868114
2025-05-25 06:00:00,31.955353,25.03241,999.70435,3.6658144,2.1831582,0.9840315,66.879875,0.0
2025-05-25 12:00:00,31.761261,23.5878,998.39124,4.4578447,1.8862088,1.0,62.011707,0.0
2025-05-25 18:00:00,28.48587,23.398956,1001.4194,2.7786179,1.6289623,1.0,73.99312,0.0
2025-05-26 00:00:00,28.195343,23.189972,999.3069,5.0102115,2.5524035,1.0,74.31032,0.04214421
2025-05-26 06:00:00,29.948029,24.30362,1000.715,2.7588377,2.6502438,1.0,71.79951,0.0
2025-05-26 12:00:00,30.796478,23.709198,997.8175,4.5820265,1.7465572,1.0,65.99338,0.22302428
2025-05-26 18:00:00,28.778534,22.580841,999.9125,4.313216,2.2196426,0.99999994,69.23237,0.0
2025-05-27 00:00:00,28.015656,22.507599,997.95935,3.897986,2.4452295,0.9426602,72.05096,0.0
2025-05-27 06:00:00,33.55655,23.579742,998.8675,7.5991077,2.127048,1.0,56.017387,0.0008577481
2025-05-27 12:00:00,33.012726,24.053253,995.995,4.455144,1.677397,0.99999976,59.421368,0.0
2025-05-27 18:00:00,29.256561,22.958954,999.2431,4.728533,1.7740965,0.99442035,68.90486,0.0
2025-05-28 00:00:00,28.437653,22.573395,997.59375,3.784874,1.3838153,1.0,70.584045,0.0
2025-05-28 06:00:00,34.736847,23.308136,998.34814,7.254054,1.7067341,1.0,51.59756,0.001238659
2025-05-28 12:00:00,33.371857,23.775421,996.0825,4.773773,1.0767751,1.0,57.270927,0.0015255064
2025-05-28 18:00:00,29.383636,22.254547,998.53436,5.1069126,1.9436474,0.99905914,65.537994,0.0
2025-05-29 00:00:00,27.713531,23.857208,997.66187,4.54902,2.7042227,1.0,79.56528,1.0857896
2025-05-29 06:00:00,33.36844,24.049164,998.4275,7.3585434,2.0774565,1.0,58.232235,0.0
2025-05-29 12:00:00,32.673004,23.369415,996.0125,4.0344696,1.9972253,1.0,58.12564,0.0
2025-05-29 18:00:00,29.006195,22.920074,998.8237,4.4760695,2.053783,1.0,69.745316,0.0022863923
2025-05-30 00:00:00,26.976776,23.922577,997.0575,3.896143,2.2031736,1.0,83.40229,0.99037623
2025-05-30 06:00:00,31.609894,25.520905,999.3844,6.374625,2.1849737,0.9990603,70.21457,0.0
2025-05-30 12:00:00,29.349518,25.777527,997.9425,2.3784454,2.3235655,1.0,81.14255,6.133743
2025-05-30 18:00:00,26.697723,22.31253,1000.9269,3.95757,1.3105549,0.75087315,76.91724,0.0
2025-05-31 00:00:00,27.078644,22.722382,1000.4431,3.3815708,1.9120517,0.90088534,77.109795,0.0
2025-05-31 06:00:00,33.52652,24.858337,1001.96564,5.005104,0.31105328,0.55485064,60.58353,0.0
2025-05-31 12:00:00,32.83133,25.319244,999.5606,2.8448637,1.19908,0.7937348,64.748825,0.0
2025-05-31 18:00:00,29.243073,23.582306,1002.4256,3.9713426,1.4375677,0.11829172,71.60435,0.0
2025-06-01 00:00:00,28.003693,24.032928,1002.21564,3.2987013,0.42038345,0.9597537,79.05949,0.0
2025-06-01 06:00:00,34.498444,25.6297,1002.98,3.4562922,0.24075508,0.004595533,60.080795,0.0
2025-06-01 12:00:00,35.1597,25.555206,1000.20685,1.4906006,0.9609828,0.30891693,57.661087,0.0
2025-06-01 18:00:00,29.80011,24.24356,1003.28564,2.2114513,3.068912,0.34939998,72.15264,0.0
2025-06-02 00:00:00,28.70523,22.947784,1002.2319,2.6152563,0.9944229,0.58371305,71.091446,0.0
2025-06-02 06:00:00,34.72061,24.441498,1002.6694,3.629465,1.3176178,0.93479526,55.286026,0.0
2025-06-02 12:00:00,34.301178,24.148346,1000.3569,1.5682435,2.425994,0.8247156,55.604965,0.0022947788
2025-06-02 18:00:00,29.58841,24.272736,1003.1625,1.4060655,2.3784623,1.0,73.165535,0.0
2025-06-03 00:00:00,28.981323,22.741913,1002.1306,3.8366356,0.57800484,1.0000005,69.09576,0.0
2025-06-03 06:00:00,34.157257,24.700714,1003.1788,4.252203,0.75806016,0.8279814,57.937634,0.0
2025-06-03 12:00:00,34.753937,24.378937,999.9437,1.6855109,1.3646159,0.43263143,54.97749,0.02488494
2025-06-03 18:00:00,29.17276,25.123932,1003.53064,1.5235294,2.5162854,0.11428005,78.852615,0.0
2025-06-04 00:00:00,28.430206,22.896637,1002.9913,2.8424845,1.1617997,0.14744884,72.01247,0.0
2025-06-04 06:00:00,34.51126,24.672882,1003.2381,3.9687443,1.063503,0.40325814,56.71246,9.5460564e-05
2025-06-04 12:00:00,34.782867,24.744415,1000.0556,1.5083361,0.68240404,0.29613376,56.102486,0.0
2025-06-04 18:00:00,29.6391,24.491608,1003.345,1.2730078,2.396638,0.32567555,73.91484,0.0
2025-06-05 00:00:00,28.600433,23.129303,1002.6775,2.4777594,0.7291422,0.25286525,72.31496,0.0
2025-06-05 06:00:00,34.80423,23.4971,1003.3269,2.2970085,-1.124156,0.81984115,51.994427,0.0
2025-06-05 12:00:00,35.59427,24.775055,1000.7556,0.3662758,0.5844513,0.1037372,53.737484,0.0
2025-06-05 18:00:00,29.89383,25.827423,1004.4531,0.21365172,3.1407967,0.061966468,78.87012,0.0
2025-06-06 00:00:00,28.785248,24.374176,1003.46875,1.4071338,1.4155645,0.37687045,77.10962,0.0
2025-06-06 06:00:00,33.973297,24.624054,1003.74,1.5153741,0.41468096,0.5567275,58.26766,0.040620565
2025-06-06 12:00:00,34.300446,26.61856,1000.8075,-0.07840347,1.1445961,0.58954287,64.40399,0.0
2025-06-06 18:00:00,29.679108,26.227386,1004.3031,1.0729228,3.15411,0.83379996,81.762924,0.0
2025-06-07 00:00:00,28.94693,24.429474,1003.65125,1.9898885,1.706357,0.26851135,76.644066,0.0
2025-06-07 06:00:00,34.606598,24.704498,1003.65875,2.9803705,-1.0274868,0.91332614,56.519405,0.0036237761
2025-06-07 12:00:00,34.733307,25.102936,1000.5094,0.7404318,0.037848473,0.1653561,57.473206,0.010485761
2025-06-07 18:00:00,29.656982,25.89505,1003.6188,1.5065594,3.439264,0.15538466,80.2735,0.0
2025-06-08 00:00:00,28.839783,22.540436,1002.3031,3.0242348,1.0920334,0.952693,68.81794,0.0
2025-06-08 06:00:00,34.507843,24.03897,1002.3862,3.0632515,-0.32739258,0.7966054,54.609425,0.0
2025-06-08 12:00:00,34.996124,24.016998,999.425,1.2402017,0.03893715,0.85230815,53.079067,0.0564456
2025-06-08 18:00:00,29.849213,24.305817,1002.6825,1.7907021,3.0748167,0.9900725,72.21815,0.0
2025-06-09 00:00:00,28.865448,23.824615,1000.955,3.196538,0.27819347,0.9434703,74.261505,0.0
2025-06-09 06:00:00,34.056793,24.49295,1001.0737,4.250599,-0.8841152,0.4520027,57.54373,0.0043865293
2025-06-09 12:00:00,34.263947,24.342194,997.65375,2.1750278,0.5211544,0.44914907,56.371834,0.3657583
2025-06-09 18:00:00,30.235504,23.1503,1001.1994,0.275288,1.2934138,0.85478,65.88752,0.0
2025-06-10 00:00:00,28.310028,22.47818,998.7519,2.6348295,0.6202297,0.9848643,70.69976,0.0
2025-06-10 06:00:00,34.390167,24.152496,998.6231,4.7747793,0.6396101,0.76611763,55.343964,0.0018118881
2025-06-10 12:00:00,35.148712,22.902374,995.3606,1.7933631,0.7547766,0.4822539,49.21042,0.006413553
2025-06-10 18:00:00,27.869171,23.70694,999.3206,1.4882972,-0.43454933,0.99006844,78.1357,0.1090616
2025-06-11 00:00:00,27.490997,24.156525,997.1075,2.709383,1.7615346,0.98268044,82.06984,0.1501441
2025-06-11 06:00:00,32.726715,24.670532,998.6719,4.374281,-0.09780407,0.58548373,62.660248,0.0
2025-06-11 12:00:00,31.777496,25.48526,995.45435,3.3181508,1.0441316,0.58578527,69.40276,1.6778336
2025-06-11 18:00:00,28.71103,22.35904,998.6425,3.2262487,1.3571651,0.9085648,68.573456,0.0
2025-06-12 00:00:00,27.92978,22.127167,997.1106,3.732873,0.66333944,0.9042966,70.75611,0.0
2025-06-12 06:00:00,34.12259,23.520905,997.5181,4.6967993,1.0643697,0.9886484,54.081257,0.0
2025-06-12 12:00:00,34.02945,23.922882,994.8694,2.159072,2.059216,0.9891294,55.694443,0.0035283156
2025-06-12 18:00:00,29.07785,22.814117,998.64685,2.190403,1.2631739,0.94733316,69.0123,0.0
2025-06-13 00:00:00,28.672394,22.802338,997.78125,2.022276,2.2735462,0.3771795,70.60218,0.0
2025-06-13 06:00:00,35.15616,23.56186,998.6937,3.9586906,1.5599165,0.1685563,51.18962,0.0
2025-06-13 12:00:00,31.880768,24.966583,996.81,2.3473344,1.9075012,0.7832774,66.899994,0.13006845
2025-06-13 18:00:00,29.323334,22.306183,1000.2825,4.4915714,2.1989355,0.7745182,65.97354,0.0
2025-06-14 00:00:00,28.0607,23.186066,998.8594,2.3567305,1.7671893,0.8377114,74.87781,0.0
2025-06-14 06:00:00,34.504547,23.83017,1000.1369,5.525753,1.1566855,0.8974943,53.938316,0.006102707
2025-06-14 12:00:00,33.427887,22.541046,997.9319,4.1047287,1.6511252,0.9687996,52.986336,0.0
2025-06-14 18:00:00,28.230927,21.542023,1001.2375,4.872877,1.4188669,0.9857131,67.08519,0.15368903
2025-06-15 00:00:00,28.108246,22.660248,999.1406,1.9661789,3.2367601,0.9691153,72.330414,0.0
2025-06-15 06:00:00,33.516266,25.343048,1000.0825,3.7444496,3.211874,0.9842175,62.394375,0.51568973
2025-06-15 12:00:00,32.98929,22.281525,997.97,3.7068758,2.1407537,0.9433849,53.456944,0.0
2025-06-15 18:00:00,29.37613,21.48648,1001.79,4.1384363,2.6948748,0.9074705,62.563454,0.00047683716
2025-06-16 00:00:00,28.39212,21.482574,999.58,3.488996,2.5530062,0.58384126,66.21765,0.0
2025-06-16 06:00:00,32.64798,23.081879,1000.4875,6.8254547,1.9870081,0.9982163,57.205154,0.0789538
2025-06-16 12:00:00,33.079987,21.749176,998.9075,5.0639954,1.2661853,0.9692143,51.486523,0.0
2025-06-16 18:00:00,28.211273,22.436493,1002.5769,3.7949018,1.3552223,1.0000001,70.927345,0.03491342
2025-06-17 00:00:00,28.712463,21.901825,1002.0125,2.3740592,2.1210756,0.984572,66.68425,0.0
2025-06-17 06:00:00,33.720367,22.414154,1002.2944,5.638236,1.6574514,0.98596245,51.72544,0.0
2025-06-17 12:00:00,33.72281,23.28067,999.6294,3.5636718,0.77845556,0.9327746,54.506325,0.0
2025-06-17 18:00:00,29.57193,23.03421,1002.7706,4.3466835,1.0024853,0.8963553,67.97112,0.0
2025-06-18 00:00:00,28.30478,22.452545,1002.175,2.8955297,1.2843411,0.9047488,70.611275,0.0
2025-06-18 06:00:00,34.44693,23.480255,1002.4525,5.1087627,1.1955354,1.0000001,52.98307,0.0
2025-06-18 12:00:00,34.76407,22.383942,1000.1256,3.5374644,0.7365631,1.0,48.713882,0.012204051
2025-06-18 18:00:00,29.895721,23.232697,1002.8906,1.704274,2.4266758,1.0,67.52127,0.0
2025-06-19 00:00:00,28.617706,22.811981,1001.4169,3.2225542,1.5460728,1.0,70.868004,0.0
2025-06-19 06:00:00,34.477203,23.598602,1002.21313,4.935542,1.013385,1.0,53.2726,0.0008579809
2025-06-19 12:00:00,34.454742,23.661285,999.5563,2.4702833,0.9539348,0.93695843,53.54097,0.036894113
2025-06-19 18:00:00,30.108093,24.109894,1003.48065,1.7046236,2.7423382,0.5990568,70.32047,0.0
2025-06-20 00:00:00,28.808624,22.973724,1001.96875,3.210105,0.70578843,0.87539595,70.777565,0.0
2025-06-20 06:00:00,35.47586,23.542755,1002.33563,4.009882,0.9979345,0.22839695,50.23494,0.0
2025-06-20 12:00:00,35.74185,21.798492,999.6294,2.4762106,1.073771,0.6357201,44.53195,0.0
2025-06-20 18:00:00,29.721466,24.250763,1003.46936,1.6260765,2.6071177,0.35291475,72.51133,0.0
2025-06-21 00:00:00,28.506805,23.681122,1001.95624,2.759283,0.58452225,0.6906734,75.170876,0.0
2025-06-21 06:00:00,34.25943,23.837433,1002.7575,3.5748358,0.6839298,0.96565,54.70312,0.002574874
2025-06-21 12:00:00,34.9722,22.324493,999.845,1.9426155,0.1026175,0.99450684,47.981007,0.0
2025-06-21 18:00:00,30.648743,22.471344,1003.33563,2.357971,2.0902233,1.0,61.7523,0.0
2025-06-22 00:00:00,29.415558,23.025543,1001.2456,3.6913671,1.2441369,0.9134043,68.5509,0.0
2025-06-22 06:00:00,35.05655,22.828766,1001.8812,5.00749,1.089968,0.9251077,49.24208,9.543146e-05
2025-06-22 12:00:00,32.951202,21.7294,999.70374,3.2728255,0.34957826,1.0,51.797974,0.08400672
2025-06-22 18:00:00,27.78891,21.73587,1003.40814,2.3947003,2.7338612,0.99821806,69.65733,0.0
2025-06-23 00:00:00,27.705658,22.285309,1002.11127,4.9157686,0.87123114,1.0,72.38171,0.0
2025-06-23 06:00:00,33.02115,22.844269,1001.2075,4.451173,-0.017504692,1.0,55.216183,0.0
2025-06-23 12:00:00,32.667755,23.06424,999.2725,2.7250926,0.3943373,1.0000001,57.080505,0.0
2025-06-23 18:00:00,29.421173,22.62613,1001.4419,3.5814953,0.98354816,0.995025,66.88989,0.0
2025-06-24 00:00:00,28.593292,22.385895,999.97125,3.4753923,1.5617791,0.8648406,69.156425,0.0
2025-06-24 06:00:00,34.818268,22.55362,1000.3038,6.0454683,1.1680765,0.9398176,49.070934,0.0
2025-06-24 12:00:00,35.046417,21.496735,997.87,4.1382294,0.64618397,0.9884721,45.43044,0.0
2025-06-24 18:00:00,30.017426,22.212677,1001.105,4.3732347,1.1399034,1.0000002,63.028355,0.0
2025-06-25 00:00:00,28.851105,22.631989,1000.07623,3.1679106,1.6267726,0.99812424,69.15614,0.0
2025-06-25 06:00:00,33.361725,22.87326,1000.805,4.3454437,1.5751001,1.0,54.265743,0.00038184226
2025-06-25 12:00:00,32.328033,23.681183,998.52814,2.642438,1.5069389,1.0,60.392483,0.0007636845
2025-06-25 18:00:00,29.207184,22.691559,1000.5081,4.528907,1.3008823,1.0,67.99099,0.0
2025-06-26 00:00:00,28.810638,22.535309,1000.52,3.0631948,1.8306983,0.9999999,68.912834,0.0
2025-06-26 06:00:00,32.717804,23.598053,1001.9387,4.2379875,2.1193132,1.0,58.784027,0.0
2025-06-26 12:00:00,31.458649,24.901764,999.1431,2.9470828,1.9925044,0.98322415,68.25789,1.8481016
2025-06-26 18:00:00,28.78952,24.104889,1001.98126,3.2445028,1.704963,0.4649312,75.855736,0.0
2025-06-27 00:00:00,28.663177,23.434235,1001.2375,3.2224102,0.79718494,0.9800045,73.39131,0.0
2025-06-27 06:00:00,34.580963,23.824799,1002.15,3.907195,0.7507033,0.7003363,53.692318,0.016592443
2025-06-27 12:00:00,34.152985,22.886261,999.6456,1.8848648,-0.005572796,0.37340355,51.958336,0.0
2025-06-27 18:00:00,29.66806,23.14505,1002.85376,2.6972146,1.5707045,0.63352865,68.05036,0.0
2025-06-28 00:00:00,28.617157,23.137665,1001.9938,2.7375498,0.63570595,0.9826517,72.28132,0.0
2025-06-28 06:00:00,35.189484,23.741608,1001.9456,4.359745,0.89127296,0.8486928,51.651443,0.001240056
2025-06-28 12:00:00,33.372345,23.873688,999.795,1.7576889,2.2324467,0.71034116,57.608856,0.582647
2025-06-28 18:00:00,29.723053,23.865509,1002.97125,3.4226933,2.178667,0.9527948,70.84676,0.0
2025-06-29 00:00:00,28.344513,22.77353,1001.0181,3.9858274,0.6162188,0.78056395,71.83427,0.0
2025-06-29 06:00:00,33.564117,22.878082,1001.1138,4.3554783,0.29050767,0.9867419,53.66954,0.0
2025-06-29 12:00:00,35.427887,22.109894,998.7319,2.8472867,-0.081896305,0.97613233,46.179085,0.030614436
2025-06-29 18:00:00,30.550903,22.021027,1001.6806,3.3574667,1.5437758,0.9999985,60.419933,0.0
2025-06-30 00:00:00,28.315521,22.492584,1000.5575,2.7352486,0.55398464,0.99933314,70.73905,0.0
2025-06-30 06:00:00,34.98282,21.826324,1001.0681,4.14149,-0.16235143,0.97529584,46.518757,0.0
2025-06-30 12:00:00,34.390167,21.922516,998.6075,2.497487,-1.5404577,1.0,48.35842,0.01257658
2025-06-30 18:00:00,30.244232,21.214874,1001.4419,2.7821596,1.7089438,0.86783814,58.53286,0.0
2025-07-01 00:00:00,28.710114,22.5878,1001.26624,3.3021069,0.8283968,0.9871336,69.53698,0.0
2025-07-01 06:00:00,34.803497,22.293121,1001.7025,4.4337683,1.1168427,0.9946287,48.339653,0.0
2025-07-01 12:00:00,34.5596,22.57486,999.1925,2.665079,-0.6907034,0.9291367,49.845165,0.095553696
2025-07-01 18:00:00,30.768097,22.048859,1001.95123,2.3662097,1.5602913,1.0000002,59.775524,0.0
2025-07-02 00:00:00,28.845123,22.747284,1001.07874,3.4698439,0.6883669,1.0,69.66567,0.0
2025-07-02 06:00:00,33.973053,23.662964,1001.7825,4.3955812,0.8453001,0.9676778,55.003155,0.0
2025-07-02 12:00:00,33.539215,22.983307,999.2969,4.251338,0.6164236,0.99711674,54.087955,0.031176955
2025-07-02 18:00:00,28.982819,23.400055,1001.89435,3.7883062,0.38617802,0.98997706,71.895805,0.0
2025-07-03 00:00:00,28.795868,22.646393,1001.3631,3.1990376,1.3392894,0.9910535,69.43857,0.0
2025-07-03 06:00:00,32.645782,23.582916,1002.22,4.6418867,1.6517677,0.9808709,58.969254,0.2041012
2025-07-03 12:00:00,33.313385,22.442535,1000.3544,3.2107496,-0.25800514,0.85237116,53.009354,0.0
2025-07-03 18:00:00,30.037079,22.13858,1003.7512,3.1335,1.1682081,0.9740969,62.6738,0.0
2025-07-04 00:00:00,28.585114,21.598053,1002.90875,3.1258574,1.2669146,0.9839163,65.943634,0.0
2025-07-04 06:00:00,34.404327,22.953094,1003.04065,4.586377,1.04268,0.9161824,51.443787,0.0
2025-07-04 12:00:00,34.825592,21.508453,1000.2025,4.570841,0.6448202,0.9456925,46.023,0.0
2025-07-04 18:00:00,29.926971,22.31424,1003.5725,4.043873,0.633646,1.0,63.749676,0.0
2025-07-05 00:00:00,28.86087,21.865936,1002.9494,3.2191029,0.9185715,1.0000001,65.96835,0.019451603
2025-07-05 06:00:00,35.1868,23.195831,1002.4425,5.0141373,0.49002331,0.84658045,49.986423,0.0
2025-07-05 12:00:00,34.474518,23.477325,999.3606,4.270646,-0.51104164,0.9999996,52.89247,0.06931648
2025-07-05 18:00:00,30.5997,22.518707,1002.6213,3.7259846,0.9164667,1.0,62.104214,0.0
2025-07-06 00:00:00,28.840424,21.993744,1001.5513,3.888278,0.7209137,0.9890426,66.56359,0.0
2025-07-06 06:00:00,35.62686,22.02298,1001.6756,5.457797,0.82719296,0.9486324,45.43333,0.0
2025-07-06 12:00:00,35.458527,22.294342,998.7081,4.66255,0.12835729,0.9102724,46.62164,0.0001937151
2025-07-06 18:00:00,30.424286,22.03421,1002.0556,4.1866903,1.12468,0.95098275,60.908474,0.0
2025-07-07 00:00:00,29.061249,22.482086,1001.5419,3.788889,0.94640213,0.9990591,67.70072,0.0
2025-07-07 06:00:00,34.664215,22.32669,1002.08124,5.6951447,0.59058255,0.9844542,48.814472,0.0
2025-07-07 12:00:00,34.73648,21.643219,999.04126,4.599263,-0.2545805,1.0000004,46.634068,0.0
2025-07-07 18:00:00,30.951996,21.252472,1002.45874,3.2762477,1.3579512,0.6151356,56.33998,0.0
2025-07-08 00:00:00,28.969818,22.355927,1001.435,3.4360857,0.84310055,0.6684457,67.539955,0.0
2025-07-08 06:00:00,35.11844,22.46756,1001.88873,5.0700808,-0.06413442,0.5204113,48.009693,0.0
2025-07-08 12:00:00,35.31363,22.546295,999.5594,3.2222297,1.0451355,0.4751531,47.721733,0.82084537
2025-07-08 18:00:00,31.039337,22.324005,1003.34064,2.862061,1.9243755,0.26922756,59.85164,0.0
2025-07-09 00:00:00,29.147919,22.888092,1001.7656,3.221797,0.6055689,0.35729587,69.04198,0.0
2025-07-09 06:00:00,35.589752,22.302216,1002.40686,4.605711,0.42565984,0.501365,46.307304,0.0
2025-07-09 12:00:00,36.93814,22.824982,998.8756,3.4804106,0.4919529,0.91543007,44.389473,1.8626451e-06
2025-07-09 18:00:00,30.93863,21.836823,1002.0444,3.4483428,1.3604047,0.5606766,58.435486,0.0
2025-07-10 00:00:00,29.168732,23.131378,1001.1219,2.8546066,0.84773254,0.5955358,69.98175,0.0
2025-07-10 06:00:00,35.051666,23.093597,1001.9194,4.0946274,-0.8284445,0.5997434,50.051476,0.0027655624
2025-07-10 12:00:00,36.390778,22.088654,997.8688,1.4121256,0.90268695,0.3762566,43.73835,0.078110486
2025-07-10 18:00:00,29.04422,24.534088,1001.4575,2.659933,1.4992647,0.33030248,76.69235,0.0
2025-07-11 00:00:00,29.456818,23.207855,1000.2006,2.4855614,0.9952612,0.18016946,69.14603,0.0
2025-07-11 06:00:00,35.376984,23.401093,1001.0062,3.7964485,-0.02923268,0.7541106,50.080376,0.0068664085
2025-07-11 12:00:00,35.772247,22.208282,998.10876,3.0034983,-0.9171438,0.8574129,45.58234,0.015825266
2025-07-11 18:00:00,30.41623,21.92276,1002.095,3.0542593,1.6119843,0.91033125,60.523785,0.0
2025-07-12 00:00:00,27.919952,24.115143,1000.8331,2.998311,0.7467909,0.74542123,79.839676,0.08211844
2025-07-12 06:00:00,34.563385,23.878876,1001.555,4.622754,-1.3205776,0.90080017,53.919865,0.0
2025-07-12 12:00:00,36.396027,23.010529,999.26,3.8213863,-1.0601826,0.61628944,46.243496,0.06922986
2025-07-12 18:00:00,29.52652,24.684723,1002.46564,1.267035,2.6452708,0.9942637,75.260216,0.0
2025-07-13 00:00:00,28.89914,22.574493,1000.9306,3.44423,0.5236616,0.9922494,68.723694,0.0
2025-07-13 06:00:00,35.428253,22.682098,1001.53815,4.242112,0.0010561943,0.99999994,47.81288,0.0005721813
2025-07-13 12:00:00,34.141266,23.538849,999.3744,2.940504,-0.40227604,0.99711907,54.08346,0.4548073
2025-07-13 18:00:00,28.52414,23.868073,1002.8019,1.834086,1.2972231,0.9724,75.94475,0.0
2025-07-14 00:00:00,28.674774,22.629608,1001.02435,3.3877535,0.87034607,0.99353606,69.85674,0.0
2025-07-14 06:00:00,34.694122,23.31778,1001.6731,5.3182964,0.21214521,0.97952974,51.750225,0.0
2025-07-14 12:00:00,35.04837,21.635162,998.7575,3.9188735,0.391582,0.9730347,45.81187,0.0
2025-07-14 18:00:00,29.152618,21.194,1002.65875,4.784157,0.9603863,0.9580358,62.250645,0.0
2025-07-15 00:00:00,28.451447,22.622955,1000.6894,3.521923,0.21448517,0.9602321,70.73998,0.0
2025-07-15 06:00:00,33.696686,22.723297,1001.06,4.4666014,-0.23680496,0.9807032,52.775394,0.0
2025-07-15 12:00:00,35.29776,22.969025,997.8106,3.6073103,-0.5874796,0.9982182,49.003677,0.15473366
2025-07-15 18:00:00,30.60849,23.034698,1001.1894,3.5347576,0.9554415,0.99999976,64.04543,0.0
2025-07-16 00:00:00,28.740631,22.408844,999.90564,3.1346655,0.71100044,0.42021143,68.663445,0.0
2025-07-16 06:00:00,35.30435,23.116913,1000.14813,3.9284668,0.015429616,0.9700938,49.426098,0.0007628114
2025-07-16 12:00:00,34.369904,22.511383,997.35065,3.179367,1.142621,0.9934786,50.1801,0.06957067
2025-07-16 18:00:00,29.874176,22.364044,1000.49,4.8460455,0.28841686,0.93540263,64.1375,0.0
2025-07-17 00:00:00,28.015472,22.72696,999.7025,5.048893,0.12787247,0.9889156,73.01746,0.0
2025-07-17 06:00:00,34.66519,22.936249,1000.1456,4.073864,-0.8290272,0.87488127,50.651382,0.0003814348
2025-07-17 12:00:00,35.541656,21.229523,997.6575,4.0538216,-0.07729244,0.96184605,43.485424,0.0
2025-07-17 18:00:00,29.40036,21.302643,1001.1856,3.443729,1.0436296,0.757534,61.776375,0.019073486
2025-07-18 00:00:00,28.68393,21.942047,999.95624,2.4414911,0.17198563,0.96874285,66.95886,0.0
2025-07-18 06:00:00,34.863678,22.490814,1000.6431,3.6314392,-0.49026585,0.9899902,48.761105,0.00038021244
2025-07-18 12:00:00,33.796417,22.392365,997.6906,2.3172998,-0.2637115,0.9896239,51.43779,0.01659966
2025-07-18 18:00:00,29.023712,23.044098,1000.02814,3.5583773,0.8039875,0.69344985,70.19967,0.0
2025-07-19 00:00:00,28.300446,22.677277,998.6206,3.3485022,0.92576104,0.97636515,71.59948,0.0
2025-07-19 06:00:00,29.55362,24.185333,999.01,5.236555,0.35908812,0.99960345,72.92916,0.5458413
2025-07-19 12:00:00,31.268585,22.957062,996.3956,4.995681,0.53741074,1.0,61.38865,0.0
2025-07-19 18:00:00,27.77835,22.741547,999.36,4.7590523,1.4949127,1.0,74.10034,0.2752381
2025-07-20 00:00:00,27.298615,23.102142,997.4025,3.658063,0.927458,0.99854183,77.892204,0.0
2025-07-20 06:00:00,31.114899,22.100372,999.4394,4.2731543,1.2187047,1.0,58.78848,0.0
2025-07-20 12:00:00,32.626617,20.7659,996.7606,3.0759954,0.3296216,1.0,49.72645,0.0
2025-07-20 18:00:00,28.676544,22.535492,999.6125,4.2958,1.3923594,0.9999993,69.45158,0.44884092
2025-07-21 00:00:00,27.934906,22.107147,998.83936,4.052554,1.4616742,0.9999999,70.648735,0.0
2025-07-21 06:00:00,30.715729,23.605347,999.7925,5.6704063,0.5722084,0.9550043,65.88523,0.0045746565
2025-07-21 12:00:00,31.865143,22.044342,998.4444,3.609746,0.77693844,1.0,56.1423,0.021150526
2025-07-21 18:00:00,26.989777,23.04538,1001.08185,3.7900963,1.1395292,0.9966312,79.04481,0.6179864
2025-07-22 00:00:00,27.994843,21.941315,1000.3744,3.23427,2.3342164,0.9919565,69.69396,0.0
2025-07-22 06:00:00,34.23172,21.28482,1001.395,5.108308,1.5306151,1.0000019,46.92079,0.0
2025-07-22 12:00:00,34.43631,21.249298,997.7019,4.6720037,0.3699059,0.9939338,46.288414,0.0
2025-07-22 18:00:00,28.668549,22.022064,1001.64874,4.326723,1.5113798,0.97126156,67.34649,0.016018748
2025-07-23 00:00:00,27.696259,23.207672,1000.2369,3.8331528,2.2340312,0.9925053,76.58741,0.21781927
2025-07-23 06:00:00,32.92935,21.835663,999.95123,6.5512037,1.001772,0.98165584,52.199383,0.0
2025-07-23 12:00:00,32.795563,22.507294,997.33813,3.8471594,0.94479656,0.99711853,54.78969,0.0
2025-07-23 18:00:00,27.692902,22.181122,1000.8225,4.615326,1.2448163,0.98646367,71.977715,0.09538233
2025-07-24 00:00:00,27.61258,21.332672,999.0087,3.2435465,1.7431809,0.9318855,68.66358,0.0
2025-07-24 06:00:00,33.43033,21.939972,999.95,5.7796803,1.7013707,0.9880402,51.07578,0.0
2025-07-24 12:00:00,31.883942,22.539215,997.7644,3.9685898,1.2962189,1.0,57.7969,0.001527369
2025-07-24 18:00:00,29.270538,21.36441,1000.57874,4.513089,1.8951674,0.98958075,62.47724,0.0
2025-07-25 00:00:00,28.750214,20.701447,998.72687,3.6385546,1.7973284,1.0,61.817944,0.0
2025-07-25 06:00:00,32.07962,21.701996,1000.6525,3.9464016,2.8645267,1.0,54.317486,0.0
2025-07-25 12:00:00,32.078033,20.99942,998.47375,2.6693077,1.3302176,1.0,52.033226,0.0
2025-07-25 18:00:00,29.274078,21.657013,1001.6188,4.1861677,1.7602236,1.0,63.59322,0.0015199184
2025-07-26 00:00:00,29.008148,21.69223,1000.135,3.2704706,2.6879616,1.0,64.71778,0.0015320256
2025-07-26 06:00:00,33.90506,20.986603,1002.0656,6.192684,1.9800656,1.0,46.916943,0.0
2025-07-26 12:00:00,31.893768,22.276398,1000.72876,4.927539,1.6592703,1.0,56.84913,0.02021766
2025-07-26 18:00:00,27.190887,22.822784,1004.0006,3.820489,1.8248404,0.99893844,77.07126,0.37392956
2025-07-27 00:00:00,26.47287,23.103546,1002.52625,2.8185573,0.7055854,0.974411,81.773895,0.0
2025-07-27 06:00:00,34.196686,22.077026,1002.60065,4.6128283,0.60417885,0.24203539,49.345085,0.0
2025-07-27 12:00:00,32.921417,21.30838,999.9725,4.6616616,-0.28721523,0.47058904,50.564976,0.013366342
2025-07-27 18:00:00,29.293,22.03836,1003.9844,3.3957891,0.8795347,0.26708668,65.020004,0.0
2025-07-28 00:00:00,28.518463,21.795135,1001.805,2.816248,0.348814,0.9157355,67.0016,0.0
2025-07-28 06:00:00,34.40616,21.209503,1002.1981,5.598768,-1.5852594,0.9575359,46.253098,0.0
2025-07-28 12:00:00,34.53177,21.21463,999.6969,3.3651943,-1.5182467,0.3269416,45.945522,0.0003813766
2025-07-28 18:00:00,30.613312,21.151154,1003.7975,3.0938551,0.89922136,0.87635905,57.084805,0.0
2025-07-29 00:00:00,28.506805,21.002594,1002.2706,2.433587,0.45379162,0.07919614,63.869698,0.0
2025-07-29 06:00:00,35.630768,20.038849,1001.9556,6.2495556,-1.0455542,0.097121075,40.21129,0.0
2025-07-29 12:00:00,35.293,19.766632,999.5825,3.4088268,-1.0355768,0.26647758,40.283264,0.0
2025-07-29 18:00:00,30.29837,21.561066,1003.6794,3.4909554,0.8065119,0.795781,59.602158,0.0
2025-07-30 00:00:00,28.964874,21.985992,1002.2469,2.194646,0.2722807,0.8194857,66.05425,0.0
2025-07-30 06:00:00,35.68033,21.148773,1001.9294,5.720178,-0.7126579,0.8667425,42.940754,0.0
2025-07-30 12:00:00,36.767487,21.529572,999.4456,3.5548916,-0.6042166,0.48598862,41.4068,0.006960705
2025-07-30 18:00:00,30.896149,22.551544,1003.0225,2.732181,1.6675103,0.64828455,61.182888,0.0
2025-07-31 00:00:00,28.798553,22.907745,1001.6394,2.8518353,0.68057823,0.95036674,70.53654,0.0
2025-07-31 06:00:00,35.698883,23.091614,1001.6181,4.0479736,0.12844002,0.9046282,48.287174,0.00019067375
2025-07-31 12:00:00,35.939484,22.95462,999.1925,-0.91027164,0.07869911,0.98198265,47.258034,0.12891299
2025-07-31 18:00:00,27.590607,25.375336,1002.57935,0.59805244,1.339509,0.9280892,87.75407,0.0
2025-08-01 00:00:00,28.423248,24.093964,1000.97125,2.4169254,0.41161633,0.99960333,77.43504,0.0
2025-08-01 06:00:00,35.592438,22.54544,1001.6075,2.6850598,-1.0131092,0.96568346,46.990067,0.019165687
2025-08-01 12:00:00,34.21939,22.483673,998.72626,1.547658,-0.2607727,0.986249,50.51738,0.008103438
2025-08-01 18:00:00,28.979523,23.656464,1002.65063,0.07222706,1.9307164,0.999335,73.029655,0.0
2025-08-02 00:00:00,26.964813,25.521515,1001.54626,0.7716594,0.5776777,0.9899907,91.827324,0.0
2025-08-02 06:00:00,34.16397,24.673431,1001.79,2.1695619,-0.54427814,0.79591525,57.82159,0.037099082
2025-08-02 12:00:00,35.830597,22.622345,998.6694,-0.9031439,-0.8714752,0.9740473,46.594193,0.019692037
2025-08-02 18:00:00,27.426361,24.133331,1002.7225,1.3561742,2.4883738,0.9701234,82.26641,0.0
2025-08-03 00:00:00,26.546051,23.819916,1001.175,2.0019808,0.776536,0.99159616,85.01688,0.38417515
2025-08-03 06:00:00,30.926422,24.320648,1003.2506,1.1297445,1.0913161,0.99711895,67.95599,0.0
2025-08-03 12:00:00,28.988739,24.87973,1001.285,-0.78570175,2.0306654,1.0,78.544556,0.26409227
2025-08-03 18:00:00,27.61621,24.691162,1003.52374,1.7121701,1.6562405,1.0,84.12124,0.0
2025-08-04 00:00:00,27.109253,23.99414,1001.6475,2.57018,0.018611908,0.99905944,83.11261,0.0
2025-08-04 06:00:00,33.22525,24.054169,1002.5125,0.6076395,-1.1673384,0.9703092,58.71949,0.0
2025-08-04 12:00:00,29.753326,25.847229,1000.53,-0.6136408,1.6818577,1.0000005,79.60361,1.2077093
2025-08-04 18:00:00,26.743744,24.900787,1003.7488,0.85512507,-0.700552,0.99554884,89.65409,0.0
2025-08-05 00:00:00,26.54367,24.486633,1002.3063,0.5075039,-0.24720407,0.9910545,88.499214,0.92032534
2025-08-05 06:00:00,32.157013,25.173523,1002.90936,1.7672137,0.91985303,0.58692336,66.67903,0.0
2025-08-05 12:00:00,30.013031,24.730682,1000.2081,0.6615553,2.6612167,0.8965544,73.38329,2.3473248
2025-08-05 18:00:00,26.972137,24.217804,1002.71436,3.29354,1.6331825,0.74720037,84.916916,0.0
2025-08-06 00:00:00,26.551788,22.736603,1001.8044,2.9908466,-0.3414364,0.56241304,79.60556,0.0
2025-08-06 06:00:00,33.93692,24.347748,1001.97687,3.016818,-0.7252817,0.7289672,57.42849,0.012490898
2025-08-06 12:00:00,34.23282,24.424286,998.78436,1.5016022,-0.14523506,0.9684118,56.748016,0.0
2025-08-06 18:00:00,29.25595,24.118073,1001.51935,1.4379883,2.922331,0.9419733,73.89398,0.0
2025-08-07 00:00:00,28.01419,21.839874,1000.8894,1.8441067,0.3442278,0.9595773,69.18574,0.0
2025-08-07 06:00:00,34.0336,24.245148,1001.6781,2.3889647,-0.34731388,0.97602534,56.769257,0.006674323
2025-08-07 12:00:00,34.092316,23.8461,998.6406,1.6411533,0.21959257,0.9056305,55.24385,0.23321947
2025-08-07 18:00:00,28.893066,25.17508,1001.8825,1.793759,2.5481367,0.6687768,80.38373,0.0
2025-08-08 00:00:00,27.907898,22.146088,1001.04065,1.8784175,0.6949959,0.98543876,70.928185,0.0
2025-08-08 06:00:00,33.078888,24.321259,1002.7388,0.7231104,-0.8710489,0.90853375,60.160275,0.010012922
2025-08-08 12:00:00,32.054474,25.014069,1000.91315,-1.3777008,1.1080556,0.9948739,66.43288,0.22280282
2025-08-08 18:00:00,26.867065,25.243744,1005.28186,0.6953345,2.2136297,0.7348219,90.84376,0.0
2025-08-09 00:00:00,25.620636,24.15506,1003.7,0.48722875,-0.79389095,0.99530625,91.62605,0.07951233
2025-08-09 06:00:00,31.252716,24.685455,1005.59375,1.2313197,1.0887265,1.0,68.17597,0.0
2025-08-09 12:00:00,31.787384,24.796295,1003.0513,-0.74059105,2.0085917,1.0,66.57516,0.0
2025-08-09 18:00:00,27.467407,24.266998,1005.1863,0.69193673,2.33298,0.98891616,82.72954,0.042647123
2025-08-10 00:00:00,27.18985,24.599152,1003.865,1.0686512,0.47272968,0.9959664,85.77517,0.0
2025-08-10 06:00:00,32.477448,24.516876,1004.4494,2.2412038,0.9965352,0.9665439,62.965755,0.057116967
2025-08-10 12:00:00,29.199402,23.915833,1001.7469,0.33035398,2.7325268,0.99178255,73.24075,0.0
2025-08-10 18:00:00,26.704193,24.73645,1004.89124,0.5266308,1.8984406,0.95758104,88.98571,0.0
2025-08-11 00:00:00,25.915558,24.244171,1003.3425,1.3156087,1.1410125,0.99172604,90.520546,0.0
2025-08-11 06:00:00,30.192719,23.686188,1005.11127,2.8902836,1.9181728,1.0,68.219795,0.004954636
2025-08-11 12:00:00,30.074615,24.695038,1001.6163,1.159401,2.491643,0.9999999,72.9686,0.10661036
2025-08-11 18:00:00,27.28067,25.160248,1004.10187,1.731456,2.607211,0.9948739,88.22476,0.0
2025-08-12 00:00:00,27.486237,22.39853,1001.7425,3.5281372,0.844319,0.9937747,73.82316,0.0
2025-08-12 06:00:00,30.835724,22.9133,1003.3206,3.225214,0.096068025,1.0,62.75611,0.0
2025-08-12 12:00:00,32.4877,23.051788,1000.3137,0.9244368,0.5522852,1.0,57.619583,0.0
2025-08-12 18:00:00,28.461914,23.190826,1002.3844,2.1449704,1.9257389,1.0,73.170715,0.0
2025-08-13 00:00:00,27.518036,21.921722,999.8956,3.8046713,0.76947117,1.0,71.576805,0.02631545
2025-08-13 06:00:00,31.343658,22.41629,1001.7019,4.528471,-0.42765617,1.0,59.154118,0.0
2025-08-13 12:00:00,32.133392,21.535187,999.2175,2.412746,0.38271666,1.0,53.602867,0.00047184562
2025-08-13 18:00:00,27.926544,22.68753,1002.3056,2.643097,1.2109296,0.98999035,73.22184,0.08620122
2025-08-14 00:00:00,26.956024,22.357635,1001.2375,2.68888,1.2426555,0.99238765,75.965614,0.0
2025-08-14 06:00:00,33.601593,21.951752,1002.3606,5.144581,1.6451094,0.99077934,50.62456,0.0
2025-08-14 12:00:00,32.693268,22.211456,999.3625,3.196485,0.53076637,0.9796401,54.123695,0.031858683
2025-08-14 18:00:00,28.771698,21.727936,1001.9906,2.7614584,1.4120426,0.9402467,65.75367,0.0
2025-08-15 00:00:00,27.154816,22.270538,1000.7975,3.3114634,1.2068832,0.46097076,74.68725,0.0
2025-08-15 06:00:00,32.86563,22.811249,1001.84436,4.750924,1.572998,0.99426216,55.589878,0.0
2025-08-15 12:00:00,32.97879,22.784454,998.71875,3.20565,1.1568413,0.95566195,55.147552,0.014221639
2025-08-15 18:00:00,28.352997,21.740387,1000.5731,3.759966,0.90010166,1.0000007,67.423225,0.0
2025-08-16 00:00:00,27.383148,22.376312,999.1275,3.5677195,1.5560749,0.9781901,74.169846,0.030133873
2025-08-16 06:00:00,32.4429,22.198639,999.5375,4.347275,1.264468,0.99643666,54.850452,0.0
2025-08-16 12:00:00,32.584625,23.035187,996.86127,3.041604,1.641395,0.9967226,57.247906,0.05256012
2025-08-16 18:00:00,28.551788,22.488434,999.5669,3.853839,1.874296,0.9982722,69.75666,0.0
2025-08-17 00:00:00,27.982117,22.818878,998.21686,3.7482119,1.5938885,1.0,73.56844,0.0
2025-08-17 06:00:00,29.547455,23.976227,1000.6806,3.3303719,2.1209655,1.0,72.045,0.049977656
2025-08-17 12:00:00,31.939728,22.09903,997.9988,2.7592971,0.96236795,1.0,56.09219,0.0
2025-08-17 18:00:00,27.959808,21.613678,1001.09125,4.0826626,1.2085826,1.0,68.45279,0.0
2025-08-18 00:00:00,27.732574,21.507782,1001.2394,3.8245602,1.1281936,1.0,68.91889,0.0
2025-08-18 06:00:00,33.89969,21.558258,1002.1813,5.3362703,1.5683196,0.999335,48.60519,0.0
2025-08-18 12:00:00,32.598663,20.812408,1000.2381,4.1569834,-0.12067902,0.9982179,49.947624,0.0
2025-08-18 18:00:00,29.057281,21.238068,1002.84186,3.728241,1.2218354,1.0000012,62.764286,0.0
2025-08-19 00:00:00,28.169647,20.315826,1002.215,2.924636,1.9479675,0.9423945,62.436478,0.0
2025-08-19 06:00:00,34.444977,19.579132,1002.82623,4.866249,1.4022201,0.2863539,41.7347,0.0
2025-08-19 12:00:00,35.3295,20.351349,999.5687,3.6737823,-0.6616163,0.84140563,41.683353,0.0
2025-08-19 18:00:00,29.79422,20.541168,1002.59186,2.637971,1.306562,0.22048908,57.628025,0.0
2025-08-20 00:00:00,27.30655,21.669586,1002.6744,2.457819,0.2941475,0.08262643,71.36142,0.0
2025-08-20 06:00:00,35.206573,20.217438,1003.3744,3.0408158,1.0046782,0.46090448,41.62194,0.0
2025-08-20 12:00:00,36.361237,18.709015,1000.1763,2.498394,-1.1005154,0.90347415,35.560516,0.0
2025-08-20 18:00:00,30.066254,21.409454,1004.235,2.0585432,1.9905092,0.4030503,59.84334,0.0
2025-08-21 00:00:00,28.049042,21.081696,1004.5744,1.0941834,1.2002687,0.26280534,65.91335,0.0
2025-08-21 06:00:00,35.488922,20.965363,1004.4894,1.7402925,0.44622284,0.5834308,42.910587,0.0
2025-08-21 12:00:00,36.089996,20.179596,1000.8656,-1.217,-0.66799927,0.93116665,39.549965,0.0
2025-08-21 18:00:00,29.860931,23.741241,1004.95435,-0.14214516,2.2813168,0.99999964,69.7634,0.015641563
2025-08-22 00:00:00,27.782166,23.500214,1004.2369,1.3110178,2.4707217,0.95744556,77.56155,0.024502166
2025-08-22 06:00:00,32.28482,23.468842,1004.9394,3.082778,0.80496156,0.99238706,59.770374,0.0
2025-08-22 12:00:00,31.417633,24.758942,1001.15375,0.7378874,0.65371895,0.71794623,67.83639,0.4751978
2025-08-22 18:00:00,28.359161,25.02591,1004.475,-0.0057063624,1.4590076,0.5108017,82.18011,0.0
2025-08-23 00:00:00,27.393341,23.392487,1003.04565,1.1866359,0.47724193,0.9999984,78.831696,0.0
2025-08-23 06:00:00,32.083893,23.167877,1004.2612,2.487938,0.84302014,1.0000035,59.364788,0.008963048
2025-08-23 12:00:00,32.487335,22.989777,1001.5744,0.8631916,-0.65461445,0.99663097,57.404945,0.01899153
2025-08-23 18:00:00,27.985565,23.759552,1004.7606,0.8995006,2.196363,0.9961778,77.85307,0.0
2025-08-24 00:00:00,27.434967,21.867462,1003.6344,2.1949873,0.89793587,0.3201993,71.68791,0.0
2025-08-24 06:00:00,34.579254,22.537872,1004.4244,2.7875738,-0.6412058,0.23689753,49.679035,0.0
2025-08-24 12:00:00,35.16861,21.30362,1001.2344,0.11907387,-0.8728447,0.3795597,44.593475,0.0020023435
2025-08-24 18:00:00,29.012726,23.852448,1004.7469,0.99790394,3.212606,0.8105155,73.7542,0.0
2025-08-25 00:00:00,28.357666,21.529938,1003.32623,2.317212,0.9061518,0.96464235,66.543045,0.0
2025-08-25 06:00:00,33.763336,21.406036,1003.1169,2.876657,-1.2245836,0.9879435,48.522655,0.0
2025-08-25 12:00:00,34.5253,20.037994,999.5206,0.9489584,-1.7150707,0.82531875,42.747684,0.0
2025-08-25 18:00:00,29.543213,25.782135,1003.5031,0.018363953,3.3809814,0.99999994,80.26275,0.0
2025-08-26 00:00:00,28.220154,24.723663,1002.8931,0.8873057,1.4744493,1.0000001,81.366516,0.0
2025-08-26 06:00:00,34.692047,21.396881,1002.6319,3.4315577,0.8997152,0.8909864,46.04976,0.0
2025-08-26 12:00:00,35.071686,19.61856,999.915,1.8057928,-1.6975584,0.8173559,40.406654,0.0
2025-08-26 18:00:00,30.305267,22.872833,1003.09375,2.2520106,2.6122653,0.99663144,64.531746,0.0
2025-08-27 00:00:00,28.86905,22.048859,1001.1394,4.030897,0.17775726,0.9971178,66.676956,0.0
2025-08-27 06:00:00,33.199615,21.446136,1001.8844,4.961977,0.5944515,1.0000012,50.202595,0.0
2025-08-27 12:00:00,33.721954,21.213531,999.65,3.2242584,1.0731728,0.99011624,48.064518,0.0
2025-08-27 18:00:00,28.848969,22.555695,1002.57,3.570201,1.1337414,0.9962166,68.84511,0.02686973
2025-08-28 00:00:00,28.495422,22.28122,1001.77875,3.8864765,1.2102072,0.9384739,69.10918,0.0
2025-08-28 06:00:00,34.67874,21.770233,1001.7175,6.8025503,1.3569928,0.98864746,47.14839,0.009248033
2025-08-28 12:00:00,33.29605,22.582672,998.9269,4.781146,1.1428614,0.99999696,53.51454,0.0057127327
2025-08-28 18:00:00,28.78476,22.122955,1002.02936,4.7898903,0.9286847,0.9999993,67.306694,0.0
2025-08-29 00:00:00,28.882355,21.95279,1001.8869,3.2901075,1.6229961,0.9854979,66.2364,0.0
2025-08-29 06:00:00,35.600494,21.497711,1002.21436,4.7093973,1.4935653,0.9149951,44.062622,0.0
2025-08-29 12:00:00,35.692535,19.392242,999.6575,3.85435,0.9454545,0.38193566,38.498642,0.008679926
2025-08-29 18:00:00,30.012177,22.702911,1003.92126,2.6361065,1.626111,0.47263062,64.95391,0.0
2025-08-30 00:00:00,28.499115,22.80777,1002.83435,2.8799257,0.9655274,0.97030216,71.339516,0.0
2025-08-30 06:00:00,36.35013,22.376373,1003.0731,3.6806946,0.88233745,0.4176556,44.61053,0.0
2025-08-30 12:00:00,34.790924,21.026764,1000.1919,3.461522,1.3351542,0.49951065,44.769566,0.17148256
2025-08-30 18:00:00,29.455963,22.78653,1003.65,3.8027725,1.3681021,0.73968774,67.4084,0.0
2025-08-31 00:00:00,28.202484,22.768219,1003.14935,2.9514666,0.69786835,0.9148113,72.40713,0.0
2025-08-31 06:00:00,34.16812,22.492767,1003.285,3.3979816,0.1765821,0.9972769,50.68994,9.458745e-08
2025-08-31 12:00:00,34.009674,21.543243,999.79315,1.8886127,1.1978128,0.9993345,48.263275,0.0024790862
2025-08-31 18:00:00,30.568695,22.451447,1002.40125,2.4609709,1.7090523,0.99566007,61.96076,0.0018109567
2025-09-01 00:00:00,28.238373,23.52243,1000.58563,2.2615976,0.41127968,0.95760405,75.62691,0.0
2025-09-01 06:00:00,34.23636,22.487701,1001.8144,4.2360077,-1.4755793,0.99377483,50.482,0.0041003805
2025-09-01 12:00:00,33.30899,23.04715,998.5375,3.5564728,-1.0747557,1.0000001,55.002457,0.38923067
2025-09-01 18:00:00,29.511078,23.034943,1001.73376,3.0427818,0.8712778,1.0,68.21302,0.0
2025-09-02 00:00:00,28.321442,22.206818,1000.1281,3.2275887,0.6718197,1.0000007,69.4963,0.0
2025-09-02 06:00:00,34.907623,21.514923,1000.9506,5.050164,-0.09400344,1.0,45.832226,0.0
2025-09-02 12:00:00,36.06192,20.943268,997.9331,3.6123993,-0.48911667,1.0,41.520466,0.012207776
2025-09-02 18:00:00,30.324371,21.422638,1001.47565,3.8818905,1.1060282,0.99999756,59.011227,0.0
2025-09-03 00:00:00,28.847687,22.169708,999.3819,3.363144,0.470973,0.99960333,67.252914,0.0
2025-09-03 06:00:00,34.04959,22.576996,1001.1238,4.1843967,-0.38126373,1.0,51.287807,0.0
2025-09-03 12:00:00,34.746857,22.331085,998.65564,2.8360577,0.52650905,1.0,48.603977,0.051021576
2025-09-03 18:00:00,28.556366,23.488068,1002.6312,1.589303,2.1427457,0.979974,74.08792,0.0
2025-09-04 00:00:00,28.47995,22.044098,1001.4794,3.6547375,0.60700995,0.9415887,68.179565,0.0
2025-09-04 06:00:00,33.89615,22.535309,1002.6044,4.0619526,-0.09584427,0.96559095,51.59822,0.0
2025-09-04 12:00:00,35.047882,22.072174,998.66376,3.277776,-0.568717,0.76005924,47.051777,0.0
2025-09-04 18:00:00,30.372467,22.574982,1003.1831,2.3221195,2.312535,0.81310135,63.132866,0.0
2025-09-05 00:00:00,28.71695,22.484467,1002.22565,2.9710112,0.4113741,0.9245211,69.07454,0.0
2025-09-05 06:00:00,34.870636,22.434845,1003.46875,2.8049476,0.15980315,0.24716938,48.57679,0.0063879415
2025-09-05 12:00:00,34.174347,22.822113,999.72375,1.1810389,1.3825952,0.5731607,51.695187,0.0029550865
2025-09-05 18:00:00,29.938782,22.859161,1003.66187,2.2035027,2.0942905,0.7408584,65.84922,0.004194677
2025-09-06 00:00:00,29.040497,21.924347,1003.14435,1.4815433,0.8650236,0.7876833,65.51893,0.0
2025-09-06 06:00:00,34.554108,23.350983,1004.09937,2.0962143,-0.7419481,0.47662926,52.25902,0.010774471
2025-09-06 12:00:00,33.28836,24.464386,1000.7681,-2.4625998,2.147625,0.48595446,59.96879,0.02299156
2025-09-06 18:00:00,27.162933,25.434967,1003.96185,1.4555254,2.2191849,0.97772783,90.29982,0.0
2025-09-07 00:00:00,28.182922,22.821503,1002.89124,2.4078465,0.79058266,0.98364526,72.72414,0.008955598
2025-09-07 06:00:00,31.660553,25.070343,1003.745,1.997488,-1.4252529,0.9351505,68.16118,0.017173588
2025-09-07 12:00:00,32.2106,24.052643,999.8675,0.71934795,-0.4707756,0.5143874,62.16778,1.2898221
2025-09-07 18:00:00,26.462433,25.149689,1003.6994,0.8006187,1.356061,0.35822374,92.51491,0.0
2025-09-08 00:00:00,27.811615,24.080109,1003.6138,1.6349673,1.5333717,0.89681727,80.177345,0.048547983
2025-09-08 06:00:00,33.026764,23.720062,1003.22565,1.9675121,-0.68445915,0.4971469,58.196968,0.0
2025-09-08 12:00:00,33.414215,24.951569,999.44,-0.63416195,-0.25209808,0.4923826,61.30599,0.43136442
2025-09-08 18:00:00,27.842743,25.43097,1003.52185,-0.9185969,2.7572749,0.4661783,86.75713,0.10262126
2025-09-09 00:00:00,28.158722,25.429596,1003.2481,1.5041056,2.1947675,0.5785871,85.16634,0.0
2025-09-09 06:00:00,33.656403,23.579926,1003.4306,1.8925854,0.926398,0.5811698,55.705803,0.0022873282
2025-09-09 12:00:00,33.33377,24.594513,1000.33435,-1.6378164,1.1082221,0.97317827,60.28378,0.009723008
2025-09-09 18:00:00,27.82669,25.46341,1004.47626,0.8651769,2.1834698,0.7948339,87.006035,0.48807263
2025-09-10 00:00:00,27.343262,25.517975,1004.0825,1.0699625,0.89213586,0.9459051,89.79181,0.0
2025-09-10 06:00:00,33.437897,25.542511,1003.99,2.1745462,0.68190193,0.29458967,63.416153,0.045008957
2025-09-10 12:00:00,29.444489,24.727203,1000.53314,-1.5894575,1.9981494,0.25571364,75.80932,0.47829002
2025-09-10 18:00:00,25.786102,23.88269,1004.47064,2.816945,1.0215099,0.5966633,89.25908,0.0
2025-09-11 00:00:00,26.413605,22.35263,1002.0044,2.5770988,0.07594299,0.6058335,78.407036,0.0
2025-09-11 06:00:00,33.007965,23.970795,1003.15564,1.9102726,-1.3947058,0.96128607,59.14361,0.0
2025-09-11 12:00:00,28.525848,24.764557,1001.4075,-1.396678,1.0683589,0.9908705,80.12844,0.3768874
2025-09-11 18:00:00,25.716766,24.475006,1004.28125,1.2267566,1.768704,1.0,92.86866,0.0
2025-09-12 00:00:00,26.726288,24.550568,1002.1894,1.7498608,1.3529984,0.8829856,87.88795,0.0
2025-09-12 06:00:00,33.579865,24.372314,1003.20374,2.4134073,-0.8789892,0.60495615,58.67275,0.02794154
2025-09-12 12:00:00,33.60843,24.739471,1000.3794,-0.29479694,0.38928694,0.8666518,59.87982,0.0
2025-09-12 18:00:00,29.212524,25.332916,1002.8925,0.054805994,2.465643,0.8404289,79.65629,0.0
2025-09-13 00:00:00,27.790771,23.575226,1002.64874,1.8034763,1.6373482,0.988927,77.8739,0.0
2025-09-13 06:00:00,31.792755,23.662018,1003.475,2.5089548,-0.008794785,0.6654956,62.17841,0.0026696362
2025-09-13 12:00:00,32.18045,24.799652,1001.4025,-0.4129982,-0.2050333,0.8502487,65.12259,0.0
2025-09-13 18:00:00,28.463806,25.478546,1003.89935,0.39482135,2.1299794,0.5920379,83.911804,0.04119333
2025-09-14 00:00:00,27.34848,22.354462,1003.09436,1.9479063,1.0675697,0.12631053,74.22194,0.0
2025-09-14 06:00:00,33.076447,23.091034,1003.64813,1.9885051,-0.4035607,0.5665522,55.87333,0.0005720649
2025-09-14 12:00:00,33.394073,22.80716,1001.425,-0.12542629,0.6507995,0.67894703,53.9509,0.0
2025-09-14 18:00:00,28.929169,25.079803,1005.0087,1.2422925,2.666299,1.0,79.761894,0.0
2025-09-15 00:00:00,27.64209,23.184784,1002.7413,1.4108253,0.5444479,0.850396,76.724075,0.0
2025-09-15 06:00:00,34.178253,22.696503,1002.8256,2.7080622,-0.13047034,0.9340878,51.291786,0.0003813766
2025-09-15 12:00:00,33.48648,24.823639,999.84,0.18177986,-0.7238178,0.94576955,60.59391,0.0
2025-09-15 18:00:00,28.305878,24.739899,1003.8925,0.6288395,2.5854776,0.98294806,81.040184,0.0
2025-09-16 00:00:00,27.184235,22.079132,1002.4938,2.3862085,1.063952,0.9618452,73.69442,0.0
2025-09-16 06:00:00,32.76956,23.82306,1003.72565,1.6514807,-0.47600758,0.78042287,59.412247,0.0014319085
2025-09-16 12:00:00,31.357513,24.470123,1000.85126,1.6073637,0.8337017,0.8683681,66.903336,2.1426067
2025-09-16 18:00:00,27.302582,24.951233,1003.4356,-0.12587154,1.6579263,0.7661438,87.02076,0.0
2025-09-17 00:00:00,26.48935,25.509491,1002.455,-0.079663396,0.9242954,0.7757253,94.3661,0.0
2025-09-17 06:00:00,31.505768,24.819916,1004.2825,1.3351798,-0.646595,0.82785547,67.743576,0.18377094
2025-09-17 12:00:00,28.594452,23.908234,1000.91187,-0.6675483,2.129675,0.41454327,75.81814,0.0
2025-09-17 18:00:00,26.760864,24.258331,1004.16187,1.1288269,1.6837075,0.57057035,86.18759,0.0
2025-09-18 00:00:00,26.221893,23.514618,1002.4944,2.553834,1.0491302,0.24778956,85.08015,0.0
2025-09-18 06:00:00,33.69986,25.005402,1003.5012,2.5255089,0.4762199,0.4222858,60.5273,0.101946294
2025-09-18 12:00:00,29.8461,25.111206,1000.7413,1.4533587,1.4453878,0.97620827,75.79211,5.397178
2025-09-18 18:00:00,26.763214,24.841217,1005.0019,1.6066973,0.19527555,0.9990572,89.233635,0.0
2025-09-19 00:00:00,26.111298,24.145966,1003.2725,1.5314891,0.6150007,1.0,88.9526,0.99014395
2025-09-19 06:00:00,28.717072,25.459747,1005.435,1.58739,0.45948702,1.0,82.59472,0.0
2025-09-19 12:00:00,30.207245,24.701202,1002.1231,-0.5743656,1.3622059,0.9961777,72.44189,0.0
2025-09-19 18:00:00,26.124786,24.171112,1005.0569,1.0044712,0.79720753,0.9986698,89.01589,0.0
2025-09-20 00:00:00,25.99942,24.173126,1002.8713,2.4051943,1.0514629,1.0,89.68929,0.32567978
2025-09-20 06:00:00,30.793365,23.984955,1004.10065,2.8176355,-0.22141558,0.99465406,67.10883,0.0
2025-09-20 12:00:00,30.93277,24.771088,1001.5006,0.7096187,-0.5455723,1.0000005,69.78685,0.3175249
2025-09-20 18:00:00,26.799591,24.404999,1003.755,0.7602336,2.2554417,0.5098495,86.75048,0.0
2025-09-21 00:00:00,27.178802,22.713531,1001.9675,3.0917635,0.51749134,0.99866575,76.61674,0.0
2025-09-21 06:00:00,31.060455,23.495087,1003.1931,3.2367506,0.239088,0.9986626,64.17342,0.00038184226
2025-09-21 12:00:00,31.73819,24.67746,1000.34814,0.17297554,0.709887,0.98337597,66.288925,0.0
2025-09-21 18:00:00,28.431763,25.371735,1003.2569,0.79551977,1.5928154,0.96074116,83.536224,0.029385827
2025-09-22 00:00:00,27.27243,23.535187,1002.3475,2.6965694,0.2545033,0.96949553,80.07846,0.06914065
2025-09-22 06:00:00,32.039093,24.171417,1003.6094,3.148469,0.7569787,0.9573988,63.22303,0.0
2025-09-22 12:00:00,31.87735,25.099884,1001.2413,0.5828495,2.0060947,0.9480308,67.446754,1.2508035
2025-09-22 18:00:00,27.947968,26.29837,1004.61,1.2102782,2.6725433,1.0000005,90.77254,0.0
2025-09-23 00:00:00,27.525116,21.556671,1003.8862,3.5152302,0.7978322,0.98926985,69.968994,0.0
2025-09-23 06:00:00,32.628082,23.28061,1004.4456,4.9563513,0.62217134,0.9999998,57.961388,0.004197005
2025-09-23 12:00:00,32.247833,23.731842,1001.4244,1.406743,1.720731,0.99247354,60.852085,0.0
2025-09-23 18:00:00,29.285522,22.90738,1004.09064,2.035115,1.7171581,0.9989367,68.575165,0.0
2025-09-24 00:00:00,27.9357,22.19577,1002.59186,3.510336,1.1806831,0.9904403,71.02783,0.0
2025-09-24 06:00:00,31.931915,23.632172,1003.78436,4.0270176,0.867933,0.9999995,61.579086,0.0
2025-09-24 12:00:00,31.751373,24.572418,999.6238,1.2567074,0.4470114,0.9808724,65.82467,0.0041127205
2025-09-24 18:00:00,28.439728,24.909332,1002.5925,1.6523323,1.4594908,0.9999992,81.22937,0.0
2025-09-25 00:00:00,27.458466,21.94522,1001.03314,3.2501526,1.6040297,0.9807535,71.92985,0.0
2025-09-25 06:00:00,33.043854,23.673431,1002.29065,3.7861528,1.6877935,0.781044,57.97809,0.0
2025-09-25 12:00:00,28.179718,24.876556,999.2056,1.5790734,3.3202486,0.989908,82.306305,1.3409137
2025-09-25 18:00:00,26.560028,24.094513,1002.7125,2.7744484,1.3948735,0.9490598,86.36013,0.0
2025-09-26 00:00:00,26.282562,24.158905,1000.7919,2.6664991,1.7530801,1.0,88.125275,0.0
2025-09-26 06:00:00,32.5961,23.670013,1001.84937,4.160116,1.6067119,0.9838529,59.445698,0.0
2025-09-26 12:00:00,32.53604,22.827301,998.89624,1.541945,0.93007714,1.0,56.68687,0.0
2025-09-26 18:00:00,28.560394,21.651398,1002.725,3.7258635,1.7680321,0.91060257,66.25414,0.0
2025-09-27 00:00:00,27.293243,22.648773,1001.76373,3.156911,0.6706432,0.96568763,75.8059,0.0
2025-09-27 06:00:00,33.800323,23.026825,1002.97815,5.1571274,1.7571284,0.9999932,53.444164,0.0
2025-09-27 12:00:00,32.901398,22.30716,1000.0831,3.0038574,0.507458,0.3593474,53.80569,0.003719475
2025-09-27 18:00:00,29.215057,21.547394,1003.8006,3.9070177,0.7833395,0.62470853,63.384045,0.0
2025-09-28 00:00:00,27.62259,22.473541,1002.86127,3.0816991,1.3799908,0.98820835,73.57128,0.0
2025-09-28 06:00:00,33.685577,22.68515,1003.3137,4.819524,1.9338694,0.99140066,52.686142,0.0003813766
2025-09-28 12:00:00,32.74771,22.600006,999.9994,1.8383627,0.7076145,0.9999997,55.24769,0.0
2025-09-28 18:00:00,29.430206,23.089386,1003.53064,2.1686623,1.6537998,0.91774505,68.75805,0.0
2025-09-29 00:00:00,27.973114,22.634796,1002.0781,3.1873808,1.0761527,0.9292644,72.78994,0.0
2025-09-29 06:00:00,33.705353,22.790375,1002.9969,5.0654907,0.5131219,0.59789133,52.96479,9.49949e-05
2025-09-29 12:00:00,32.823517,22.866364,1000.03564,1.4207506,-1.1503592,0.9960536,55.90821,0.0
2025-09-29 18:00:00,29.397064,22.52005,1002.22687,3.0482326,0.93120766,0.9911644,66.552986,0.0
2025-09-30 00:00:00,26.97763,21.909637,1000.98376,2.888483,0.5754595,0.70577264,73.82667,0.0
2025-09-30 06:00:00,32.786774,21.858368,1002.2587,3.1351938,-0.7359039,0.9982182,52.69287,0.0
2025-09-30 12:00:00,31.678253,23.023834,999.10815,0.21437073,-1.2702799,0.9999998,60.218475,0.0
2025-09-30 18:00:00,28.529144,23.894318,1001.435,0.8638691,2.269184,0.7586994,76.04257,0.0
2025-10-01 00:00:00,27.770416,21.801788,1000.4494,3.3166533,0.45994473,1.0,70.01396,0.0
2025-10-01 06:00:00,33.602936,21.912628,1000.495,4.154709,0.08840263,1.0,50.50006,0.0
2025-10-01 12:00:00,32.53067,23.105377,999.1625,0.77003765,-1.2660313,1.0,57.666683,0.0
2025-10-01 18:00:00,28.99945,23.987823,1002.28687,0.69200116,2.3351097,1.0,74.41391,0.0042924657
2025-10-02 00:00:00,27.940033,22.309357,1002.1369,2.3479843,0.25385475,0.9625416,71.5025,0.0
2025-10-02 06:00:00,33.701813,22.614166,1003.0569,2.2465549,0.38462466,0.9999998,52.41208,0.0
2025-10-02 12:00:00,34.00772,23.257233,1000.97687,-0.79151154,0.010909557,0.8054793,53.56974,0.0
2025-10-02 18:00:00,28.765656,24.020538,1004.28687,1.0510168,2.7989907,0.639762,75.577034,0.0
2025-10-03 00:00:00,27.769257,24.201447,1004.5069,0.89954126,1.2786262,0.74598134,80.9633,0.0
2025-10-03 06:00:00,32.35379,24.47934,1006.0613,0.36588717,-1.4104519,0.5111682,63.264595,0.06780587
2025-10-03 12:00:00,33.219757,23.601593,1002.77686,-1.549921,0.49707144,0.27065784,57.160263,0.0
2025-10-03 18:00:00,27.856537,24.412415,1006.4938,1.4811989,0.022697628,0.9091119,81.57666,0.0027641654
2025-10-04 00:00:00,25.373444,24.195343,1006.935,0.9040238,0.08816129,0.9802869,93.206345,0.06715208
2025-10-04 06:00:00,29.246063,24.546387,1007.9381,1.4585791,-1.0890474,0.9951172,75.858345,0.19215047
2025-10-04 12:00:00,30.925568,23.842377,1003.265,0.37671053,0.569033,0.28939646,66.035805,0.0
2025-10-04 18:00:00,27.08963,23.638885,1007.1256,-0.15132976,1.6372104,0.21109837,81.44915,0.0
2025-10-05 00:00:00,26.356476,23.135834,1005.9231,1.3953485,2.0120585,0.21327269,82.49827,0.0
2025-10-05 06:00:00,33.49893,23.385773,1006.4288,2.445819,0.094686985,0.109716,55.544918,0.0035287812
2025-10-05 12:00:00,29.38272,22.809418,1003.075,-0.5978975,1.3746637,0.3650837,67.787865,0.04462339
2025-10-05 18:00:00,25.686676,23.643982,1006.3781,1.8734647,0.9028269,0.3240773,88.50633,0.0
2025-10-06 00:00:00,25.841644,22.885162,1004.9931,1.901844,0.52930605,0.4010712,83.76812,0.0
2025-10-06 06:00:00,32.6763,24.427399,1006.70374,1.4651537,-1.2510567,0.263689,61.93108,0.02107583
2025-10-06 12:00:00,30.260773,24.415375,1003.9956,-1.3738222,-0.6076727,0.64158773,70.99549,0.16483106
2025-10-06 18:00:00,27.378021,24.923218,1006.3713,0.19731872,0.8939048,0.99431175,86.492294,0.0
2025-10-07 00:00:00,25.968842,24.240112,1005.8656,-0.30220222,1.9186614,0.9319446,90.2135,0.014689533
2025-10-07 06:00:00,31.907867,25.07022,1006.59625,1.2617178,0.13406551,0.38430363,67.21133,0.043574005
2025-10-07 12:00:00,31.152008,24.482086,1003.59186,-0.3841772,0.056641996,0.8154251,67.7392,0.29742718
2025-10-07 18:00:00,28.17279,25.840363,1006.22626,-0.8037958,1.306364,0.6303376,87.19631,0.0
2025-10-08 00:00:00,27.772064,25.611542,1005.3844,1.3824272,0.11801875,0.8947233,88.055214,0.0015199184
2025-10-08 06:00:00,31.233917,24.448639,1006.6731,1.175103,0.9133766,0.67053056,67.28904,0.0751512
2025-10-08 12:00:00,30.475128,24.204803,1003.20374,-0.9371338,0.48485506,0.7342919,69.249306,0.13749954
2025-10-08 18:00:00,28.17978,25.010773,1006.8475,-0.0249421,1.8038445,0.78675556,82.96759,0.0
2025-10-09 00:00:00,27.28357,24.970886,1006.0581,0.74147695,0.7932762,0.42039585,87.21995,0.0
2025-10-09 06:00:00,32.934723,23.83554,1006.1225,0.9118618,0.8724056,0.51317954,58.9068,0.029851485
2025-10-09 12:00:00,30.612457,24.119843,1003.1,-0.9539194,1.5670347,0.9660984,68.357864,0.0
2025-10-09 18:00:00,27.719452,25.05777,1006.3569,1.204864,0.59951925,0.77010256,85.464645,1.6016513
2025-10-10 00:00:00,26.97995,24.182037,1004.7444,0.86986065,-0.68777466,0.5768795,84.696045,0.0
2025-10-10 06:00:00,32.962067,24.61267,1004.9331,0.24356079,0.16505218,0.33226556,61.622227,0.04710433
2025-10-10 12:00:00,30.79538,24.866882,1002.1825,-1.3096676,1.3411275,0.7878913,70.739876,0.0
2025-10-10 18:00:00,28.359467,25.295502,1005.09564,0.79077834,1.2323456,0.57077706,83.50863,0.50390875
2025-10-11 00:00:00,26.89212,24.67163,1003.66125,1.0060766,-0.8277769,0.9773243,87.66711,0.0
2025-10-11 06:00:00,33.056305,25.318085,1004.52185,1.4641876,-0.6929321,0.35787183,63.930344,0.02002716
2025-10-11 12:00:00,28.978363,23.657562,1002.4294,-2.2307014,0.10257417,0.48581633,73.03939,0.0
2025-10-11 18:00:00,25.690948,24.13089,1005.6887,-0.058338463,-1.1898594,0.8905015,91.11235,1.6730593
2025-10-12 00:00:00,25.668182,23.779816,1003.7569,0.9574186,-0.9282179,0.39425296,89.33096,0.0
2025-10-12 06:00:00,32.415314,24.055878,1003.83124,-1.0243835,-1.791626,0.25715512,61.464863,0.0
2025-10-12 12:00:00,30.690765,23.586578,1001.97437,-1.5295744,0.92808956,0.4530312,65.90474,0.0
2025-10-12 18:00:00,27.246155,25.088898,1004.8956,-0.19325161,1.3637767,0.20151168,88.02852,0.0
2025-10-13 00:00:00,26.362457,24.307434,1004.2581,-0.18549645,0.8755807,0.85603267,88.49529,0.1202462
2025-10-13 06:00:00,32.361725,25.551544,1003.8762,0.16162431,-0.42118073,0.3846678,67.4103,0.0
2025-10-13 12:00:00,29.861115,25.338074,1001.3025,-1.6505804,-0.5538435,0.7137996,76.75622,0.13690382
2025-10-13 18:00:00,26.08316,24.654022,1004.8175,-0.6990576,-2.806572,0.965807,91.85351,0.4088325
2025-10-14 00:00:00,26.484528,24.150757,1002.0744,0.24076176,-1.6687613,0.29196233,87.03868,0.0
2025-10-14 06:00:00,31.097687,25.560028,1003.23126,-2.2062273,-1.6803379,0.5678828,72.45895,0.053797398
2025-10-14 12:00:00,28.605957,24.852264,1000.9725,-1.613164,-0.03215331,0.94818485,80.17532,0.0
2025-10-14 18:00:00,26.406464,24.684418,1002.8169,-0.6177931,-0.8568888,1.0,90.27979,0.013537055
2025-10-15 00:00:00,25.534454,24.252014,1001.51874,-0.580204,-1.4944391,0.99821794,92.63314,0.35921288
2025-10-15 06:00:00,27.993073,24.741364,1003.21313,-0.72517586,-2.5675945,1.0,82.53746,0.54830736
2025-10-15 12:00:00,27.740692,24.778595,1000.5563,-1.759965,-2.2778769,0.9152785,83.94878,0.6231145
2025-10-15 18:00:00,26.004517,24.868317,1003.1744,-0.7702894,-2.454197,0.93948483,93.47061,0.0
2025-10-16 00:00:00,26.438477,24.774261,1001.58936,-1.5128965,-2.3285694,1.0,90.59439,0.15207778
2025-10-16 06:00:00,29.357758,25.61261,1002.7019,-2.4261036,-0.55013424,1.0,80.31447,0.0
2025-10-16 12:00:00,28.322205,25.347382,1001.07874,-1.4687538,-0.23732948,0.9999993,83.948425,0.0
2025-10-16 18:00:00,26.076904,25.0083,1004.03564,0.018774986,-2.2409449,0.99711925,93.85159,0.4498112
2025-10-17 00:00:00,25.908081,24.74231,1003.1987,-1.0567379,-2.951995,0.9999998,93.301155,0.6325369
2025-10-17 06:00:00,28.932953,25.346191,1004.4175,-1.8714418,-2.0471668,0.97036904,81.01905,0.11259258
2025-10-17 12:00:00,28.197723,24.685638,1002.48376,-2.0252285,-1.2177839,0.9843389,81.28796,0.0
2025-10-17 18:00:00,25.634491,24.660675,1005.015,-0.836771,-1.2816076,1.0000002,94.36524,0.0
2025-10-18 00:00:00,25.765472,24.45221,1003.77563,0.020170927,-1.6005268,0.996235,92.47457,0.0
2025-10-18 06:00:00,29.599396,25.147858,1004.52936,-1.2706633,-0.6591635,0.99335885,77.04435,0.7449109
2025-10-18 12:00:00,28.744263,24.359558,1001.85,-0.85602856,-1.4993887,0.9852211,77.22542,0.0
2025-10-18 18:00:00,25.690918,24.727448,1004.2469,-0.6018677,-1.95088,1.0,94.42589,2.9613476
2025-10-19 00:00:00,25.893036,24.644531,1002.7494,0.33121967,-2.3686495,1.0,92.84029,0.0
2025-10-19 06:00:00,29.511932,25.729279,1004.175,-1.1227503,-1.4065075,0.99999994,80.15607,0.34655115
2025-10-19 12:00:00,28.551727,24.605316,1001.27936,-1.7181854,-0.9795761,0.9356563,79.25032,0.10048175
2025-10-19 18:00:00,26.758667,25.228088,1003.28186,-0.7367954,-0.8468275,0.8635846,91.33972,0.0
2025-10-20 00:00:00,25.281586,24.198273,1001.96625,0.6888037,-1.4985247,1.0,93.733444,0.38726667
2025-10-20 06:00:00,28.110565,25.322449,1003.21313,-1.4840097,-3.5770864,1.0,84.86328,0.04067138
2025-10-20 12:00:00,26.825104,24.673279,1001.15936,-1.0892448,-1.333004,1.0,88.02194,0.0
2025-10-20 18:00:00,25.505219,24.465698,1003.2556,-0.38253212,-2.0615025,1.0,93.98969,0.0
2025-10-21 00:00:00,25.233246,24.19455,1001.34814,1.0485907,-2.4594345,1.0,93.98247,0.34147292
2025-10-21 06:00:00,25.185425,24.8031,1003.21625,0.425272,-2.4270782,1.0,97.74619,1.1808498
2025-10-21 12:00:00,25.933624,24.891357,1000.1931,-0.725894,-3.2166948,1.0,93.99284,0.0
2025-10-21 18:00:00,25.114288,24.380829,1002.1956,0.64060307,-2.7716599,0.9999998,95.71328,0.2314527
2025-10-22 00:00:00,24.816742,24.087921,1000.84064,1.9395483,-0.4598055,0.94857347,95.73063,2.2746685
2025-10-22 06:00:00,27.497223,25.633636,1003.3256,3.789527,1.4671468,0.97711366,89.59903,0.0
2025-10-22 12:00:00,29.075409,25.217316,1000.4556,0.98133945,0.8404877,0.63469285,79.73999,0.0
2025-10-22 18:00:00,26.524994,24.506866,1003.495,0.90655845,1.5609585,0.35710126,88.704025,0.00095460564
2025-10-23 00:00:00,25.825226,24.177917,1002.535,0.2940519,1.204631,0.9769636,90.64534,0.00017881393
2025-10-23 06:00:00,31.615326,25.296387,1004.075,2.224762,1.6953993,0.9731885,69.262405,0.02146532
2025-10-23 12:00:00,29.82489,24.3544,1001.72375,0.86782354,2.0358047,0.9999967,72.530075,0.0
2025-10-23 18:00:00,26.81424,23.95401,1004.5725,1.4190389,2.6691017,0.9707812,84.36226,0.0
2025-10-24 00:00:00,26.074127,23.434143,1003.5538,1.7228603,2.13177,1.0,85.41108,0.0061020255
2025-10-24 06:00:00,28.968231,24.480682,1005.3625,0.47917807,-1.0437822,1.0,76.784615,0.0
2025-10-24 12:00:00,28.982208,24.469269,1002.90186,0.14905941,0.34741086,1.0,76.67011,0.022113323
2025-10-24 18:00:00,26.872284,24.355927,1005.005,-0.4928007,0.8674151,1.0,86.12688,0.0
2025-10-25 00:00:00,26.594635,24.19522,1003.5006,0.88208973,-0.027279854,0.9248358,86.706566,0.012587756
2025-10-25 06:00:00,30.28543,24.865509,1005.0781,1.2498288,-0.5620718,0.9764205,72.82888,0.009435352
2025-10-25 12:00:00,29.927826,24.821075,1002.5519,-1.4165745,-0.5438423,1.0,74.142715,0.0
2025-10-25 18:00:00,25.698334,24.249634,1005.1763,0.34009093,-0.5054245,0.95390797,91.723465,0.0
2025-10-26 00:00:00,25.993134,24.286224,1003.2081,0.6453386,-0.985754,0.9844908,90.33324,0.0
2025-10-26 06:00:00,31.376251,24.96811,1005.3125,1.1754005,-1.0669031,1.0,68.85042,0.0065863132
2025-10-26 12:00:00,29.417572,25.314545,1002.7625,-0.6568842,-1.1785297,1.0,78.63268,0.0
2025-10-26 18:00:00,27.446106,25.177277,1004.04065,0.6126413,-0.7583914,1.0,87.46244,0.0
2025-10-27 00:00:00,26.329132,24.712952,1002.83563,0.8072419,0.30287647,1.0,90.84756,0.00028312206
2025-10-27 06:00:00,27.82132,24.247925,1004.48126,2.4002485,-0.5358162,1.0,80.94282,0.012114644
2025-10-27 12:00:00,28.005035,23.652618,1001.3206,4.4032125,0.2819929,1.0,77.26571,0.0
2025-10-27 18:00:00,26.214447,22.988983,1002.6181,2.4797287,0.5755148,1.0,82.457344,0.07020682
2025-10-28 00:00:00,25.987946,23.200897,1000.6169,2.6307745,1.7300968,1.0,84.64718,0.0
2025-10-28 06:00:00,28.16922,23.61789,1002.765,3.6093044,1.204975,1.0,76.37007,0.0
2025-10-28 12:00:00,29.03659,23.167938,1000.82874,1.9128265,1.5068351,1.0,70.67468,0.0
2025-10-28 18:00:00,26.53592,21.709137,1002.71375,2.3046904,1.6088231,1.000001,74.84878,0.0
2025-10-29 00:00:00,25.943512,22.306305,1002.35626,1.5919726,2.2766087,0.69653547,80.38913,0.0
2025-10-29 06:00:00,33.122833,23.642944,1003.58875,4.4033375,1.6246235,0.32908627,57.615543,0.0061031897
2025-10-29 12:00:00,31.607452,23.35147,1001.09186,0.8297739,1.6299278,0.13804817,61.67016,0.0
2025-10-29 18:00:00,27.85971,25.122223,1004.5581,1.2567148,2.4349532,0.04182602,85.09359,0.0003799796
2025-10-30 00:00:00,26.449615,23.865997,1004.23,1.3028314,1.1077724,0.0009460449,85.73894,0.0
2025-10-30 06:00:00,33.53421,22.109467,1005.46875,2.9114914,0.7753838,0.0,51.30687,0.0
2025-10-30 12:00:00,31.896576,22.742035,1003.6375,0.6238928,1.4181814,0.07237393,58.470802,0.0
2025-10-30 18:00:00,27.676117,24.36905,1006.59625,0.642016,1.9499784,0.06326757,82.227036,0.0
2025-10-31 00:00:00,26.855255,23.456268,1006.4506,1.5230598,0.84594345,0.024124146,81.67454,0.0
2025-10-31 06:00:00,33.780304,21.374664,1006.5706,1.7961195,0.34607697,0.001329422,48.38357,0.0
2025-10-31 12:00:00,32.855255,23.456696,1003.9169,0.57880974,0.10093117,0.02809143,57.835907,0.0
2025-10-31 18:00:00,27.704437,25.731354,1006.8787,-0.37895298,1.6441486,0.32363945,89.03439,0.0
2025-11-01 00:00:00,27.220245,23.749786,1006.1306,1.6189748,1.5029682,0.8819077,81.368835,0.0
2025-11-01 06:00:00,33.197906,22.58432,1006.3956,2.0640721,0.8980071,0.7135682,53.81546,0.0
2025-11-01 12:00:00,32.259186,24.28189,1004.1669,0.32156563,0.67639464,0.055743158,62.855846,0.0
2025-11-01 18:00:00,27.169525,25.593414,1006.9381,0.17317271,1.8800902,0.13271025,91.11838,0.0
2025-11-02 00:00:00,26.815948,23.398712,1006.39624,1.9147621,1.451048,0.9203166,81.57983,0.0
2025-11-02 06:00:00,33.314972,22.616486,1007.03125,2.8682947,0.7082308,0.28924748,53.56762,0.0
2025-11-02 12:00:00,32.463287,24.517914,1004.5575,1.0390482,0.28672314,0.4860475,63.020008,0.0
2025-11-02 18:00:00,28.048859,24.38095,1007.12,1.2610111,2.1916602,0.44988495,80.51478,0.0
2025-11-03 00:00:00,26.979095,22.058502,1005.8025,1.9735117,0.73520666,0.69201124,74.493576,0.0
2025-11-03 06:00:00,32.973663,24.607513,1006.46063,1.5166135,-0.92079735,0.9484814,61.56305,0.0007627532
2025-11-03 12:00:00,30.681793,23.743439,1003.8169,-0.70433,-0.05804062,0.420978,66.564384,0.0685798
2025-11-03 18:00:00,28.7753,25.58609,1006.95,1.1007599,2.2710207,0.8900342,82.9363,0.0
2025-11-04 00:00:00,27.585052,22.68283,1004.77374,2.9216146,1.115612,1.0000001,74.67584,0.0
2025-11-04 06:00:00,32.3815,23.64566,1006.1919,2.4515076,-1.3544359,0.92978716,60.081715,0.0
2025-11-04 12:00:00,31.486053,25.233185,1003.2406,0.7315302,0.050237656,0.99854213,69.51102,0.0
2025-11-04 18:00:00,27.51474,25.292694,1005.67377,-0.89006805,0.5225582,0.9531745,87.71225,0.0
2025-11-05 00:00:00,27.163422,24.30954,1003.9819,0.9776562,1.4028352,0.41042048,84.431625,0.0
2025-11-05 06:00:00,32.60965,24.188873,1005.0094,1.3920064,-0.13907492,0.29724133,61.281853,0.008486211
2025-11-05 12:00:00,30.363129,25.042938,1001.91,-0.78948784,0.38892323,0.36427608,73.27658,0.014021993
2025-11-05 18:00:00,26.87918,24.619232,1005.3025,1.1395518,-1.1093655,0.49253935,87.45941,0.032417476
2025-11-06 00:00:00,25.938416,23.965942,1004.4437,0.18622231,-0.9538183,0.5631696,88.90099,0.0070631504
2025-11-06 06:00:00,29.353546,24.088165,1006.2294,0.99095774,-1.1841993,0.98041767,73.34687,0.0
2025-11-06 12:00:00,26.332123,24.525482,1003.60126,1.3249385,0.4148426,0.9660776,89.81904,0.085273534
2025-11-06 18:00:00,26.184662,24.590424,1006.2569,0.20804948,-1.0509672,0.86283976,90.957436,0.03734231
2025-11-07 00:00:00,25.871002,24.537842,1005.3831,0.7065237,-1.128027,0.5961164,92.37027,0.0
2025-11-07 06:00:00,30.549835,25.085114,1006.7,-0.31832504,-1.2131653,0.89447224,72.67971,0.07946563
2025-11-07 12:00:00,29.059235,24.023987,1004.54126,0.18936443,-0.96755314,0.51810354,74.31821,0.0
2025-11-07 18:00:00,26.828766,24.66214,1007.0588,-1.0722809,-0.7055292,0.21945763,87.94441,0.0
2025-11-08 00:00:00,26.30014,24.806976,1006.40125,0.71772957,-1.0545998,0.29954076,91.51568,0.0
2025-11-08 06:00:00,31.563019,23.126007,1007.6213,-0.59432316,-2.6648808,0.23622864,60.98957,0.050636955
2025-11-08 12:00:00,29.952362,23.131012,1005.0106,-1.1565037,-1.0974598,0.3774649,66.88941,0.0
2025-11-08 18:00:00,26.470428,24.025513,1007.0613,-0.90531254,-1.501996,0.2402268,86.4586,0.0
2025-11-09 00:00:00,25.264557,23.195404,1005.8644,0.57067585,-1.9043808,0.101479344,88.33081,0.0
2025-11-09 06:00:00,30.549469,21.104156,1007.27,-1.2669506,-3.381978,0.3615194,57.128662,0.021933578
2025-11-09 12:00:00,29.07956,21.78189,1004.53314,-1.3693151,-1.1408596,0.24231404,64.80498,0.0
2025-11-09 18:00:00,25.240753,23.276825,1006.8169,-0.6963272,-1.508935,0.12681782,88.89221,0.0
2025-11-10 00:00:00,24.9711,22.74472,1005.8812,1.1151667,-1.4059324,0.30265272,87.4693,0.0
2025-11-10 06:00:00,31.00943,21.372162,1007.0756,-0.5111532,-2.4665422,0.2844739,56.569187,0.0011436641
2025-11-10 12:00:00,30.3414,22.693146,1004.53186,-1.4164572,-1.0390692,0.7354125,63.700558,0.0
2025-11-10 18:00:00,26.736908,24.948517,1007.0206,-0.7862463,-1.0811739,0.85472107,89.94592,0.0
2025-11-11 00:00:00,26.466705,24.184387,1006.4844,0.2511902,-2.056387,0.3860432,87.306175,0.021557573
2025-11-11 06:00:00,31.3815,23.216522,1007.0012,-0.5406809,-3.0746813,0.48393476,61.9602,0.018204536
2025-11-11 12:00:00,29.33603,23.73642,1004.8694,-2.2040625,-1.6414232,0.5315885,71.88504,0.0
2025-11-11 18:00:00,26.843414,24.829285,1007.53436,-1.1312523,-1.4885988,0.75564736,88.7504,0.0
2025-11-12 00:00:00,26.464264,23.956543,1006.1275,-0.025484085,-2.2096014,0.78109324,86.132416,0.06229183
2025-11-12 06:00:00,30.198273,25.638641,1007.78815,-1.3334379,-2.4857311,0.9595768,76.64013,0.001025252
2025-11-12 12:00:00,29.49765,23.285187,1005.78436,-2.8026314,-1.8475723,0.96545905,69.30637,0.0
2025-11-12 18:00:00,26.699066,23.832947,1008.2406,-1.1745815,-2.2796402,0.95913595,84.320076,0.0
2025-11-13 00:00:00,26.474579,23.413483,1007.0925,0.20395279,-2.7359915,0.73863167,83.31085,0.013074247
2025-11-13 06:00:00,30.316315,23.91629,1008.6312,-2.528695,-2.975996,0.5752768,68.68214,0.07955793
2025-11-13 12:00:00,29.102509,24.02774,1006.21936,-2.7535324,-1.2593021,0.76110595,74.14911,0.0
2025-11-13 18:00:00,25.713654,23.799438,1008.5112,-1.2512007,-2.2116003,0.9715544,89.19558,0.11711785
2025-11-14 00:00:00,25.690521,23.432281,1006.8781,-0.59393215,-3.0687017,0.6605183,87.364136,0.0
2025-11-14 06:00:00,29.441742,22.659454,1008.3606,-2.8431501,-4.087837,0.469351,66.9458,0.09621587
2025-11-14 12:00:00,28.287994,21.314331,1006.1194,-2.6068563,-2.8932,0.10864511,65.93685,0.0
2025-11-14 18:00:00,24.741486,20.314728,1008.1425,-0.89925575,-2.7945633,0.001779401,76.422905,0.0
2025-11-15 00:00:00,23.956696,19.252594,1007.27814,0.9011631,-3.7302961,0.4845707,74.996086,0.0
2025-11-15 06:00:00,29.53946,21.828888,1009.02875,-1.6278629,-4.4817114,1.0,63.287838,0.0
2025-11-15 12:00:00,27.93863,23.404816,1006.77686,-2.548398,-2.508709,1.0,76.41547,0.12606382
2025-11-15 18:00:00,25.334503,22.886993,1008.59625,-0.19856167,-2.9010382,0.9694036,86.33787,1.3174564
2025-11-16 00:00:00,25.598358,21.900787,1007.945,-0.11938667,-3.5692568,0.7837149,80.048355,0.0
2025-11-16 06:00:00,27.28653,22.906586,1009.185,-1.7586164,-4.894759,0.9625888,77.030334,0.15800129
2025-11-16 12:00:00,26.315308,24.27066,1007.5444,-1.6973829,-2.4822817,0.99960333,88.54652,0.37937462
2025-11-16 18:00:00,24.752441,22.714142,1008.7031,-0.9874935,-3.763317,1.0,88.45409,0.00096029043
2025-11-17 00:00:00,23.621918,21.879791,1007.6819,0.33527184,-3.8780403,1.0,89.97523,0.33424485
2025-11-17 06:00:00,25.726654,22.931,1008.54315,-0.064011574,-4.7427645,0.9999997,84.57551,0.2804976
2025-11-17 12:00:00,26.474457,22.461823,1006.6788,-0.4047575,-4.6964874,0.9915605,78.64645,0.0
2025-11-17 18:00:00,23.923187,22.137115,1008.28815,-0.10279751,-3.6610317,0.99578196,89.75618,0.0
2025-11-18 00:00:00,23.150177,21.46695,1005.9412,0.3669672,-3.7511568,0.998218,90.26639,0.16073702
2025-11-18 06:00:00,25.789154,23.952179,1007.1231,-1.0978127,-2.989459,0.9996033,89.61643,0.0
2025-11-18 12:00:00,25.089417,24.49057,1005.0175,-1.3073606,-2.3261662,0.93563884,96.48712,1.2509828
2025-11-18 18:00:00,23.751007,22.959747,1007.9931,-1.37502,-2.0187883,0.73049414,95.33614,0.0
2025-11-19 00:00:00,23.990875,22.772186,1006.45685,-0.3156767,-2.5545502,0.7868842,92.90927,0.0
2025-11-19 06:00:00,28.901276,24.35263,1007.5069,-1.9271393,-3.5613756,0.41690546,76.494095,0.037857905
2025-11-19 12:00:00,27.49121,23.358307,1005.255,-2.3499632,-2.692214,0.16809922,78.21973,0.0
2025-11-19 18:00:00,25.229523,21.735504,1008.1125,-0.8627033,-2.6082993,0.0028152466,81.000984,0.0
2025-11-20 00:00:00,24.71103,21.488068,1006.58124,0.12644863,-3.8494473,0.3633824,82.28996,0.0
2025-11-20 06:00:00,29.43106,22.593903,1007.7225,-1.2342052,-4.4819794,0.3692342,66.721085,0.0042021275
2025-11-20 12:00:00,27.584564,25.01535,1006.1275,-2.1065683,-2.5453863,0.55260754,85.923706,0.0023841858
2025-11-20 18:00:00,25.976715,23.661713,1008.6069,-0.7452831,-2.7527418,0.46706837,87.0912,0.0
2025-11-21 00:00:00,25.647217,23.084991,1007.4894,-0.031658173,-3.0988026,0.64768696,85.770584,0.018320978
2025-11-21 06:00:00,29.368073,24.742401,1008.79877,-1.5979385,-3.1871796,0.8377182,76.213524,0.14703542
2025-11-21 12:00:00,27.420013,24.839233,1006.7056,-1.8241835,-2.606803,0.9540896,85.848495,0.09959823
2025-11-21 18:00:00,25.497131,24.42456,1008.51874,-1.329299,-2.8113594,1.0,93.80351,0.057652205
2025-11-22 00:00:00,25.3396,23.879486,1007.1775,-1.7189951,-3.090866,1.0000004,91.63929,0.0
2025-11-22 06:00:00,28.53128,24.850403,1008.4256,-2.732545,-3.037259,1.0,80.514824,0.12167364
2025-11-22 12:00:00,26.26184,24.384918,1006.40314,-1.728612,-1.8610048,1.0,89.436775,0.0
2025-11-22 18:00:00,25.292603,24.088165,1009.1106,-1.156044,-2.7212276,1.0,93.05514,0.00516136
2025-11-23 00:00:00,25.379272,23.993378,1007.1844,-0.90764904,-3.7812262,1.0,92.051254,0.1637621
2025-11-23 06:00:00,28.579376,25.770721,1008.22186,-2.5857325,-3.426196,0.999211,84.80823,0.0
2025-11-23 12:00:00,25.378448,24.285522,1006.2019,-2.9225616,-2.150528,0.9875023,93.683846,0.102245
2025-11-23 18:00:00,25.019836,24.091461,1009.17065,-1.4976282,-2.0124512,1.0,94.597786,0.0
2025-11-24 00:00:00,24.303314,23.598389,1008.175,-0.4589815,-2.6422663,1.0,95.85246,0.37324414
2025-11-24 06:00:00,25.557922,23.56607,1009.4369,-1.1448965,-3.1738281,1.0,88.767525,0.47549802
2025-11-24 12:00:00,25.999817,24.020416,1006.9581,-1.9306803,-1.9086447,0.9999995,88.868805,0.0
2025-11-24 18:00:00,25.053253,23.851776,1008.91876,-0.47681236,-2.4375134,0.9344297,93.05974,0.0
2025-11-25 00:00:00,25.157013,23.363892,1007.4525,-0.60377884,-3.408413,0.4070043,89.807365,0.012590155
2025-11-25 06:00:00,28.896881,23.208038,1008.34686,-3.0127983,-4.918953,0.5146234,71.42155,0.04233769
2025-11-25 12:00:00,27.83908,23.441742,1006.0613,-2.505393,-3.094346,1.0,77.03212,0.0
2025-11-25 18:00:00,25.16861,21.998993,1007.9356,-0.62460136,-3.814312,0.99999994,82.61334,0.0
2025-11-26 00:00:00,24.71939,22.058563,1006.9325,0.38409615,-3.835288,1.0,85.1656,0.0
2025-11-26 06:00:00,28.959595,23.111053,1008.2875,-2.1501665,-5.051791,0.99921465,70.74663,0.061146732
2025-11-26 12:00:00,27.547882,22.770477,1006.7494,-2.5024805,-3.56565,1.0,75.23726,0.0
2025-11-26 18:00:00,25.24704,21.681183,1008.91125,-0.5145254,-4.2352686,0.998938,80.6484,0.0
2025-11-27 00:00:00,24.69168,20.96341,1007.1794,-0.60697746,-3.9672327,1.0,79.77609,0.0
2025-11-27 06:00:00,28.274506,21.477081,1007.5656,-2.7756739,-5.8128233,1.0000002,66.6498,0.015452446
2025-11-27 12:00:00,26.915405,21.58487,1005.51,-1.2252436,-5.052204,1.0,72.64135,0.0
2025-11-27 18:00:00,25.25595,19.907562,1006.9794,-0.6022625,-5.359042,1.0,72.27094,0.0
2025-11-28 00:00:00,24.658539,20.995087,1005.3281,0.4976883,-5.482025,1.0,80.09002,0.22506714
2025-11-28 06:00:00,25.16214,21.80893,1005.7925,-0.8181715,-7.515027,1.0,81.69216,0.79996324
2025-11-28 12:00:00,25.865692,21.766388,1003.4938,0.25500965,-4.2890997,1.0,78.14553,0.0
2025-11-28 18:00:00,23.188385,20.856476,1004.7706,0.48486805,-5.182209,1.0,86.74674,1.1818035
2025-11-29 00:00:00,22.240997,20.926544,1003.23,2.1064873,-4.4126244,1.0,92.274025,2.0099237
2025-11-29 06:00:00,22.682526,21.428375,1003.47375,2.9681063,-5.8342886,1.0000027,92.6403,1.4359484
2025-11-29 12:00:00,23.518707,22.614166,1001.5831,2.9608078,-5.6393166,1.0000019,94.67527,1.0958905
2025-11-29 18:00:00,22.572784,21.76419,1002.77563,2.517705,-5.572816,0.9999999,95.19475,0.0
2025-11-30 00:00:00,23.221832,21.733917,1001.60815,3.1588984,-4.464653,1.0000062,91.35597,0.0
2025-11-30 06:00:00,24.95163,22.287811,1003.5206,3.5141792,-3.6347866,0.9878493,85.17392,0.0
2025-11-30 12:00:00,25.966644,22.218231,1002.6119,2.7451134,-1.5389023,0.9971217,79.84997,0.18079297
2025-11-30 18:00:00,24.818512,22.799866,1005.45435,1.9438725,-1.2747402,0.8593105,88.564926,0.0
2025-12-01 00:00:00,24.3107,23.186646,1003.71875,1.8522444,0.27478886,0.99227905,93.45887,0.0
2025-12-01 06:00:00,28.240509,22.978882,1005.3069,2.8345785,-1.6859398,0.8894129,73.17496,0.017736107
2025-12-01 12:00:00,26.438019,23.714386,1003.34314,-0.3461426,-1.7937441,0.9928968,85.01854,0.0
2025-12-01 18:00:00,25.716461,23.319855,1005.33124,1.0935299,-0.22575283,0.98398685,86.639984,0.0
2025-12-02 00:00:00,25.257843,23.86026,1004.1987,1.4546471,0.82721615,0.96511084,91.97969,0.20603836
2025-12-02 06:00:00,29.0065,23.539093,1005.46,1.9666929,-0.5107107,0.7198657,72.40189,0.0
2025-12-02 12:00:00,27.432526,24.682129,1002.8956,-0.83348465,-1.4907103,0.85738796,84.98438,0.40479946
2025-12-02 18:00:00,25.14569,23.876373,1005.4875,0.09707332,0.4183073,1.0000014,92.68561,0.0
2025-12-03 00:00:00,25.033295,23.782532,1004.46436,0.15678251,0.1964864,1.0,92.783264,0.0
2025-12-03 06:00:00,26.650177,24.03238,1007.4856,0.7367983,1.915097,0.7811738,85.5828,0.23499697
2025-12-03 12:00:00,26.445435,24.252838,1005.425,-0.46803093,0.42963922,0.99711794,87.77533,0.0
2025-12-03 18:00:00,24.789154,23.600891,1007.39685,-0.26533222,-1.22085,0.5003986,93.12061,0.059856102
2025-12-04 00:00:00,24.4534,23.271454,1006.89,-0.068219185,-2.3002882,0.40972245,93.13942,0.0
2025-12-04 06:00:00,28.70987,24.935669,1008.83435,-1.7516308,-2.9144564,0.7937305,80.09096,0.044341393
2025-12-04 12:00:00,27.512299,23.966644,1006.785,-2.9321852,-2.2255974,0.35105413,81.03841,0.0
2025-12-04 18:00:00,25.099335,23.835419,1009.41064,-1.3715801,-2.5292969,0.96906024,92.7133,0.015456571
2025-12-05 00:00:00,25.236664,23.611908,1008.23126,-1.7856026,-2.6961403,0.994363,90.72931,0.20778774
2025-12-05 06:00:00,27.362823,24.17398,1009.29065,-1.9156771,-3.402089,0.7550554,82.77476,0.81561244
2025-12-05 12:00:00,26.657867,24.025787,1007.20624,-2.292245,-2.9689322,0.6814099,85.51019,0.0
2025-12-05 18:00:00,25.047333,23.37616,1009.7562,-2.2820911,-3.3923683,0.9863836,90.46308,0.068387136
2025-12-06 00:00:00,24.930511,23.057343,1008.7463,-1.1868858,-4.1661663,0.87572473,89.35733,0.020967662
2025-12-06 06:00:00,28.050873,24.790497,1009.77374,-1.2076082,-3.7032185,0.81525683,82.50153,0.0
2025-12-06 12:00:00,27.448029,24.150085,1007.73126,-2.0110693,-2.7750711,0.4144734,82.24475,0.18110473
2025-12-06 18:00:00,25.191528,23.504913,1010.4075,-1.8000317,-2.7043896,0.54856515,90.38864,0.0
2025-12-07 00:00:00,24.999695,22.992767,1008.77313,-0.68124104,-3.406723,0.6311152,88.64234,0.0
2025-12-07 06:00:00,27.737457,23.451569,1009.96564,-2.3939543,-4.0700655,0.9302889,77.53658,0.1639623
2025-12-07 12:00:00,27.136017,23.402954,1008.35315,-1.9986525,-2.5383816,0.97933763,80.080574,0.0
2025-12-07 18:00:00,24.614105,21.530426,1009.845,-1.0343351,-3.4185543,0.55773187,82.98294,0.0
2025-12-08 00:00:00,23.614899,21.043243,1008.7525,0.5727949,-3.2966232,0.2848633,85.51887,0.0
2025-12-08 06:00:00,28.36203,21.310577,1009.9219,-2.0156546,-4.5816813,0.5155596,65.63839,0.00019092113
2025-12-08 12:00:00,27.422485,21.507874,1007.15186,-2.2815723,-2.5795155,0.45266697,70.18072,0.0
2025-12-08 18:00:00,24.12796,20.398895,1009.0469,0.19985962,-3.8493004,0.4070826,79.69554,0.0
2025-12-09 00:00:00,25.123627,20.49936,1007.1987,0.31458473,-4.002736,0.98665017,75.5566,0.0011324883
2025-12-09 06:00:00,27.008453,22.37851,1008.7975,-0.25939465,-3.6834126,1.0000005,75.82818,0.45594573
2025-12-09 12:00:00,26.702118,22.989594,1007.02936,-2.9525814,-2.923563,0.96686476,80.122444,0.0
2025-12-09 18:00:00,24.909515,20.98117,1009.0419,-1.1907816,-4.0030823,0.97463614,78.83116,0.0
2025-12-10 00:00:00,25.123444,21.578583,1008.27814,-0.1861248,-3.5048714,0.9996017,80.73594,0.00059604645
2025-12-10 06:00:00,27.69284,21.579376,1009.8019,-2.3751564,-4.774185,0.954287,69.3824,0.0010430813
2025-12-10 12:00:00,27.554169,21.173553,1006.925,-2.3810759,-2.496049,0.6727913,68.22954,0.0
2025-12-10 18:00:00,23.737335,20.123749,1009.1231,-1.0060005,-4.0139217,0.06620677,80.21332,0.0
2025-12-11 00:00:00,23.080841,20.200134,1008.3713,0.63543797,-3.8307981,0.44333607,83.84949,0.0
2025-12-11 06:00:00,28.848053,20.85147,1009.17,-2.4642582,-5.1418896,0.9252829,62.038525,0.0
2025-12-11 12:00:00,27.584198,22.188416,1006.5975,-2.160986,-2.5412931,0.8502755,72.46883,0.0
2025-12-11 18:00:00,23.460602,20.333038,1008.4319,-0.76603985,-3.2939873,0.20752461,82.6238,0.0
2025-12-12 00:00:00,23.18155,20.337067,1007.20624,0.5860901,-3.8449926,0.5001869,84.048546,0.0
2025-12-12 06:00:00,28.469696,21.12674,1008.145,-1.7397718,-4.866456,1.0000031,64.49742,0.0017136335
2025-12-12 12:00:00,27.544708,21.57602,1006.4469,-2.4456234,-2.2697306,0.8864749,69.971596,0.0
2025-12-12 18:00:00,24.424469,19.515533,1009.16064,-1.3965292,-3.1928883,0.7339608,74.123474,0.0
2025-12-13 00:00:00,22.456696,19.049347,1007.7531,0.08541107,-3.6941795,0.25925452,81.07817,0.0
2025-12-13 06:00:00,27.350372,19.962677,1008.9938,-1.5654049,-4.4753475,0.10909271,64.082146,9.534415e-05
2025-12-13 12:00:00,26.814514,20.655487,1006.4963,-1.8990259,-1.8221016,0.0,69.02131,0.0
2025-12-13 18:00:00,22.41629,18.713318,1009.82874,-1.4204283,-3.153574,0.0331192,79.58997,0.0
2025-12-14 00:00:00,21.725739,18.200287,1009.1925,0.3962803,-2.683381,0.27271998,80.385765,0.0
2025-12-14 06:00:00,27.733063,19.529633,1009.59064,-1.0766048,-4.2380066,0.2341009,61.002426,0.0
2025-12-14 12:00:00,26.305695,19.372314,1006.67,-1.8484535,-1.2946253,0.025998255,65.691444,0.0
2025-12-14 18:00:00,22.400787,18.636658,1009.78186,-1.3417873,-2.3824635,0.025932312,79.284,0.0
2025-12-15 00:00:00,20.939362,18.546173,1008.5481,0.80850506,-3.156231,0.00504303,86.20376,0.0
2025-12-15 06:00:00,28.075409,20.138031,1010.03375,-1.3985739,-4.1406126,0.14730835,62.09414,9.5460564e-05
2025-12-15 12:00:00,27.639557,21.860138,1006.7031,-2.234521,-1.5799818,0.38233465,70.803215,0.0
2025-12-15 18:00:00,25.388458,20.05899,1008.605,-0.7660675,-3.8252277,0.99821675,72.37905,0.0
2025-12-16 00:00:00,24.834381,20.443268,1006.83875,0.22310162,-3.7070732,0.996631,76.60559,0.10496378
2025-12-16 06:00:00,26.725311,23.085419,1008.905,-0.9255228,-3.5344439,0.9937752,80.47838,0.0
2025-12-16 12:00:00,25.400024,24.400421,1006.41125,-2.3761415,-2.4645615,0.998127,94.21007,0.012780532
2025-12-16 18:00:00,24.37149,23.867249,1008.5875,-1.6928225,-2.552638,0.99999976,97.01909,0.0
2025-12-17 00:00:00,24.791962,23.297821,1007.35815,-2.0260725,-3.8747892,0.9898746,91.41844,0.15733993
2025-12-17 06:00:00,28.094513,24.79361,1009.9406,-2.6749935,-4.2103767,0.9313128,82.30728,0.1672711
2025-12-17 12:00:00,27.76712,22.868927,1007.5712,-2.8939047,-3.2426548,0.25342923,74.72366,0.0
2025-12-17 18:00:00,23.872223,21.08554,1010.1987,-1.1531181,-3.8327599,0.7515284,84.42364,0.0
2025-12-18 00:00:00,21.994537,20.279022,1008.8038,0.34814453,-3.8563051,0.9942623,90.0057,0.0
2025-12-18 06:00:00,27.663544,21.804962,1010.27936,-1.5875626,-4.5569487,0.94762063,70.46622,0.0
2025-12-18 12:00:00,26.31311,20.717377,1007.59064,-2.0665617,-2.265068,0.77974975,71.36277,0.0
2025-12-18 18:00:00,22.312408,20.042267,1009.5781,-0.7418785,-2.2791348,0.99053985,86.996864,0.0
2025-12-19 00:00:00,22.52774,20.869904,1008.5625,0.67322445,-3.092083,0.99021065,90.36392,0.0
2025-12-19 06:00:00,27.72519,19.94107,1009.255,-2.058899,-3.984002,0.99587387,62.608265,0.0007628987
2025-12-19 12:00:00,26.243378,19.857697,1005.6813,-1.9336939,-1.7367563,0.95959294,67.95105,0.0
2025-12-19 18:00:00,21.819855,19.31186,1007.8306,-0.55821896,-1.6562281,0.99693847,85.675064,0.0
2025-12-20 00:00:00,21.411774,19.37918,1006.1394,0.52831364,-2.4691525,0.4732098,88.208855,0.0
2025-12-20 06:00:00,27.50119,17.483643,1008.0087,-1.8418837,-2.8825684,0.40757185,54.399334,0.0
2025-12-20 12:00:00,26.14569,19.44284,1005.7556,-1.6420536,-1.2749462,0.41032827,66.60685,0.0
2025-12-20 18:00:00,20.584137,18.475403,1008.355,-1.320921,-1.8332119,0.5081452,87.719795,0.0
2025-12-21 00:00:00,20.977936,18.89273,1007.0325,0.7861843,-2.5163584,0.019119263,87.88322,0.0
2025-12-21 06:00:00,28.319855,19.740753,1008.84564,-1.8787708,-3.119008,0.1477501,59.72864,0.0
2025-12-21 12:00:00,27.093903,20.269012,1005.8425,-1.8074684,-1.3860159,0.22807331,66.29771,0.0
2025-12-21 18:00:00,22.689606,21.243866,1008.01624,-1.2382116,-2.0366707,0.9106747,91.5593,0.0
2025-12-22 00:00:00,21.816925,19.551361,1007.28876,0.43591785,-2.8613129,0.95752114,86.97601,0.0
2025-12-22 06:00:00,28.120941,19.256378,1008.59686,-2.343028,-3.4516802,0.99596655,58.63249,0.0
2025-12-22 12:00:00,27.015442,19.913422,1006.1281,-1.354353,-1.3977365,0.9785435,65.15458,0.0
2025-12-22 18:00:00,21.826447,19.920502,1007.9794,-0.08583355,-1.9946747,0.24633056,88.93897,0.0
2025-12-23 00:00:00,21.630035,19.36795,1006.32,0.10476875,-3.2514286,0.48210073,86.97762,0.0
2025-12-23 06:00:00,28.460052,20.239532,1007.575,-1.2596207,-3.1618938,0.9956573,61.10186,0.0011473894
2025-12-23 12:00:00,27.029694,21.431915,1005.14935,-2.2193108,-1.6168022,0.5855011,71.48289,0.0
2025-12-23 18:00:00,23.222076,20.59253,1007.345,-1.1738062,-2.5668879,0.5674993,85.17481,0.0
2025-12-24 00:00:00,22.791046,20.086517,1006.6294,0.49251366,-2.8441734,0.099538445,84.73632,0.0
2025-12-24 06:00:00,28.612091,20.352325,1008.15186,0.06692028,-3.3895092,0.9611936,60.98812,0.0
2025-12-24 12:00:00,27.499115,19.655487,1004.8075,-1.9660959,-1.7104979,0.36698622,62.327927,0.0
2025-12-24 18:00:00,22.181915,19.239899,1007.54565,-0.9481468,-2.127242,0.059430532,83.42966,0.0
2025-12-25 00:00:00,21.715973,18.582428,1007.2706,0.91866875,-2.4824924,0.034614563,82.38344,0.0
2025-12-25 06:00:00,28.942047,20.914276,1008.0675,-0.9943905,-3.5586119,0.14858688,61.94043,9.49949e-05
2025-12-25 12:00:00,27.53836,22.832977,1006.11127,-2.772314,-1.6775932,0.82315713,75.564896,0.008868054
2025-12-25 18:00:00,23.830597,22.751678,1008.7444,-1.2878008,-1.6001339,0.92038953,93.69212,0.0030510128
2025-12-26 00:00:00,23.59076,21.987946,1006.85,-0.2379837,-3.0138988,0.6289533,90.74104,0.0
2025-12-26 06:00:00,27.504059,22.049225,1008.3663,-2.8951664,-3.8477564,0.72022223,72.19457,0.059033737
2025-12-26 12:00:00,27.028961,21.657837,1005.91437,-2.5882854,-2.1374054,0.8426723,72.48106,0.0
2025-12-26 18:00:00,23.251984,20.054565,1008.3894,-0.98431873,-2.4232292,0.8238835,82.24272,0.0
2025-12-27 00:00:00,22.210236,19.3945,1007.66376,-0.008461952,-3.1899405,0.064642616,84.091095,0.0
2025-12-27 06:00:00,28.348358,20.33487,1008.7594,-2.1894054,-3.6817436,0.91230685,61.863182,0.0070589595
2025-12-27 12:00:00,26.65982,20.84378,1006.1375,-2.7854843,-1.8190355,0.26957965,70.46468,0.0
2025-12-27 18:00:00,23.490875,20.849182,1008.8575,-1.4246387,-1.9217815,0.04816682,85.13887,0.0
2025-12-28 00:00:00,22.725739,20.146454,1008.47815,0.54543495,-3.294383,0.017441746,85.388504,0.0
2025-12-28 06:00:00,28.405853,20.247223,1009.43,-1.3059835,-3.5756664,0.026519775,61.323772,0.0
2025-12-28 12:00:00,27.46756,21.118866,1006.5669,-3.0613842,-1.353672,0.52458787,68.34644,0.0
2025-12-28 18:00:00,23.75998,21.131744,1008.66437,-1.5557346,-2.4239416,0.050885804,85.23702,0.0
2025-12-29 00:00:00,23.336151,20.320038,1007.78064,0.091937065,-3.1325922,0.44708854,83.17979,0.0
2025-12-29 06:00:00,28.2919,21.307648,1009.1719,-1.2129602,-3.6903992,0.5172883,65.89486,0.0
2025-12-29 12:00:00,27.480988,21.735199,1006.16437,-2.9637566,-1.3449926,0.57761425,70.91985,0.0
2025-12-29 18:00:00,23.88272,21.223969,1009.03815,-1.0678644,-2.7377958,0.0,85.09017,0.0
2025-12-30 00:00:00,22.638336,19.252533,1007.41565,0.54426956,-3.3466644,0.048282277,81.21048,0.0
2025-12-30 06:00:00,28.7388,21.346466,1008.47437,-0.25602973,-2.8696442,0.0,64.35919,0.0
2025-12-30 12:00:00,28.559235,21.646759,1004.47,-2.2963934,-1.253747,0.006881714,66.23981,0.0
2025-12-30 18:00:00,25.084381,23.59674,1007.3775,-1.6566734,-2.218398,0.31056595,91.47223,0.0
2025-12-31 00:00:00,24.898224,21.887115,1005.8219,0.7678423,-2.8816404,0.7180732,83.38453,0.0021010637
2025-12-31 06:00:00,28.918854,23.128448,1006.83624,-1.2986536,-2.3700132,0.6810668,70.98837,0.020494724
2025-12-31 12:00:00,26.755829,24.178345,1003.46063,-1.2206087,-1.771905,0.56038207,85.80059,0.5153408
2025-12-31 18:00:00,25.121857,24.088226,1005.9506,-0.88575935,-2.0623999,0.9543907,94.00618,0.0
