time,temperature,dewpoint,pressure,wind_u,wind_v,cloud_cover,humidity,rain_mm
2021-01-01 00:00:00,23.950348,21.51358,1009.6825,-1.0820675,-3.7626762,0.3345068,86.262184,0.0
2021-01-01 06:00:00,28.64267,21.212585,1012.16815,-3.8388834,-4.4414415,0.9865217,64.19004,0.0
2021-01-01 12:00:00,27.019745,22.742737,1009.5494,-2.5443983,-3.3972225,1.000001,77.47255,0.026146006
2021-01-01 18:00:00,24.588165,21.212463,1011.40564,-1.383028,-3.7884731,0.9944465,81.50829,0.0
2021-01-02 00:00:00,24.156403,21.033844,1009.5519,0.17546368,-3.7693558,0.9980215,82.731766,0.0050533563
2021-01-02 06:00:00,26.522308,23.102112,1011.725,-2.1239748,-4.588578,0.9139873,81.52882,0.3023041
2021-01-02 12:00:00,26.772736,23.594849,1008.8331,-2.9346018,-3.5783749,0.42086858,82.76048,0.0
2021-01-02 18:00:00,24.593414,23.388214,1009.97687,-1.1906805,-3.7631292,0.7617461,93.015785,0.14508255
2021-01-03 00:00:00,23.830597,22.889008,1008.1044,-1.2613821,-3.5198698,0.85693055,94.47516,0.7460197
2021-01-03 06:00:00,25.994476,23.916351,1010.3806,-2.6454782,-2.1756706,0.85181904,88.3428,0.5931012
2021-01-03 12:00:00,25.507965,24.139008,1007.7369,-2.2898302,-1.8788824,0.9982246,92.15224,0.0
2021-01-03 18:00:00,24.6633,23.780182,1009.21124,-1.6946507,-1.9615726,0.9667153,94.841736,0.0
2021-01-04 00:00:00,25.050934,22.859863,1008.59436,-1.5588074,-2.6821222,0.98598665,87.66368,0.0
2021-01-04 06:00:00,27.986237,22.4505,1010.02686,-4.467993,-3.0033083,0.6686429,71.92471,0.0
2021-01-04 12:00:00,27.517395,23.678284,1008.0012,-2.8300323,-2.6359968,0.47502452,79.62117,0.04863677
2021-01-04 18:00:00,24.82846,23.612274,1010.21814,-1.2000971,-3.2705822,0.995335,92.966064,0.41515833
2021-01-05 00:00:00,24.340302,23.18399,1008.7919,-0.22411346,-2.923833,0.9881895,93.27825,0.0
2021-01-05 06:00:00,27.437408,24.064728,1010.4625,-1.9974823,-2.4397726,1.0000002,81.87538,0.36479416
2021-01-05 12:00:00,26.696808,24.464874,1008.3725,-1.6334896,-1.9576435,0.9940424,87.59028,0.0
2021-01-05 18:00:00,24.82669,23.557251,1010.535,-0.8731489,-1.2735319,1.0000001,92.668144,0.0
2021-01-06 00:00:00,24.925385,23.629791,1008.21564,-0.8152542,-1.2025356,0.9808624,92.52747,0.0
2021-01-06 06:00:00,26.869171,23.835999,1009.5594,-2.7008896,-0.32514763,0.9555808,83.4957,2.8823807
2021-01-06 12:00:00,26.85617,24.541138,1007.28125,-2.3897934,-0.09304589,0.9782912,87.16975,0.0
2021-01-06 18:00:00,25.111053,24.274323,1009.7325,-1.1076698,0.87561554,0.91396123,95.1227,0.0
2021-01-07 00:00:00,24.643158,23.107819,1007.8425,0.2834015,-0.8689022,0.6444367,91.18188,0.0
2021-01-07 06:00:00,28.958832,24.292664,1008.97314,-2.4445324,-2.3892298,0.9022242,75.966095,0.15133046
2021-01-07 12:00:00,27.56131,24.427063,1005.46,-3.6042156,-1.8638506,0.7323936,83.06905,0.0
2021-01-07 18:00:00,26.100128,23.851776,1007.79315,-1.4392319,-1.5190039,0.98726815,87.45216,0.18356378
2021-01-08 00:00:00,25.531342,23.765594,1005.83936,-0.85424423,-1.6249914,0.91267604,89.982445,0.0
2021-01-08 06:00:00,26.596405,23.876495,1008.4275,-1.848484,-1.5349684,0.9617092,85.053894,1.1623439
2021-01-08 12:00:00,26.995667,24.011139,1005.5656,-1.5312538,-1.7707567,0.80700755,83.75427,0.0
2021-01-08 18:00:00,25.214142,24.080078,1008.60626,-1.6479168,-1.7698593,0.9458583,93.445305,0.0
2021-01-09 00:00:00,24.573181,23.54718,1007.35815,-1.0082092,-1.7521477,0.98173994,94.02551,0.11214614
2021-01-09 06:00:00,28.285126,25.218536,1008.95685,-3.203188,-2.2497911,0.99999833,83.4873,0.0
2021-01-09 12:00:00,27.274658,24.200073,1007.2081,-2.9101267,-0.9466934,1.0,83.3339,0.0
2021-01-09 18:00:00,24.756042,23.677856,1009.5106,-1.845789,-1.6195841,1.0,93.73847,0.21247444
2021-01-10 00:00:00,24.711273,23.348236,1007.9231,-0.37285233,-2.9357338,0.9980223,92.14017,0.023835436
2021-01-10 06:00:00,27.64444,24.374878,1009.4581,-0.82560253,-3.8972006,1.0,82.40823,0.0
2021-01-10 12:00:00,27.97696,23.464752,1006.745,-1.9659138,-2.427558,1.0,76.52099,0.0
2021-01-10 18:00:00,24.57785,23.657806,1009.67,-1.7608767,-3.000968,1.0,94.62788,2.4036925
2021-01-11 00:00:00,24.544037,23.143341,1008.1806,-0.98290634,-3.8702955,1.0,91.92123,0.0
2021-01-11 06:00:00,26.260529,24.604858,1009.64874,-1.5244675,-4.98473,1.0,90.62885,0.0
2021-01-11 12:00:00,25.54773,24.074371,1007.9875,-1.2060308,-3.8231077,1.0,91.57887,2.166318
2021-01-11 18:00:00,24.880493,23.82602,1009.3113,-1.9204235,-4.8869715,1.0,93.877914,0.0
2021-01-12 00:00:00,24.97464,23.264374,1007.79626,-2.1594706,-4.464986,1.0,90.24481,0.0
2021-01-12 06:00:00,25.023712,24.257446,1010.425,-4.876586,-3.8981743,1.0,95.522415,0.79050803
2021-01-12 12:00:00,26.112122,24.120453,1007.21,-4.676895,-3.5717583,0.9999999,88.81217,0.0
2021-01-12 18:00:00,24.649261,23.81311,1010.0538,-3.895443,-1.9784365,1.0,95.10957,0.8094225
2021-01-13 00:00:00,24.62265,23.130615,1007.9406,-1.6673174,-2.8903103,0.95274407,91.4197,0.0
2021-01-13 06:00:00,27.353668,25.089752,1010.2025,-3.466817,-3.034379,0.87326676,87.48001,0.0
2021-01-13 12:00:00,25.550537,23.60431,1007.6431,-4.2014046,-2.1925516,0.7866446,89.01134,0.022645429
2021-01-13 18:00:00,24.827423,23.672058,1011.0081,-1.3449373,-2.1469898,0.79197603,93.30722,0.041118607
2021-01-14 00:00:00,24.965546,23.549469,1007.7419,-1.6979771,-3.6456356,0.5225208,91.86043,0.0
2021-01-14 06:00:00,27.923676,23.573425,1010.22876,-3.5111504,-2.9386072,0.3918,77.263756,0.12321976
2021-01-14 12:00:00,26.636047,23.592468,1007.5588,-3.2874088,-1.6074953,0.6219388,83.41718,0.030819625
2021-01-14 18:00:00,24.52359,23.47171,1009.78186,-1.9465532,-1.5621462,0.86622,93.87676,0.2299098
2021-01-15 00:00:00,24.666962,22.921997,1008.215,-0.79625607,-1.8915367,0.9933216,90.034096,0.0
2021-01-15 06:00:00,26.266571,23.532318,1010.7056,-1.2422552,-3.1581488,1.0,84.94649,0.550823
2021-01-15 12:00:00,26.337006,23.301025,1008.0175,-2.626073,-1.9793024,0.9988881,83.42169,0.0
2021-01-15 18:00:00,25.015411,23.278107,1009.54877,-1.3729486,-1.6972904,0.99730086,90.1004,0.0
2021-01-16 00:00:00,24.637115,23.157288,1007.5644,-0.22142696,-2.3414602,0.61785215,91.488075,0.0
2021-01-16 06:00:00,27.693329,23.237946,1009.6575,-2.4371939,-3.0473433,0.8398501,76.74077,0.28105187
2021-01-16 12:00:00,27.174194,23.825012,1007.2425,-2.763792,-1.4936781,0.9025691,81.959,0.0
2021-01-16 18:00:00,24.688507,22.72116,1009.51935,-1.7480555,-1.4750452,0.9589344,88.83044,0.0
2021-01-17 00:00:00,23.266571,21.238922,1008.53564,-0.31214428,-1.7399921,0.8487658,88.39001,0.0
2021-01-17 06:00:00,28.921051,21.504547,1010.6912,-1.7619228,-2.9926157,0.4883821,64.302536,0.0
2021-01-17 12:00:00,27.334503,20.545624,1008.41125,-2.861989,-2.6616774,0.20804922,66.49431,0.0
2021-01-17 18:00:00,23.733551,20.57315,1011.16125,-1.216445,-2.5005608,0.6598309,82.48913,0.0
2021-01-18 00:00:00,22.610626,19.91098,1009.66565,-0.0194273,-2.7704954,0.3834004,84.742775,0.0
2021-01-18 06:00:00,28.6539,20.380432,1012.27686,-3.2026234,-4.5211143,0.71940726,60.94598,0.0068652444
2021-01-18 12:00:00,27.226776,20.230316,1008.61,-2.9527092,-3.2184381,1.0000031,65.625755,0.0
2021-01-18 18:00:00,24.282257,19.392181,1010.70435,-1.3155317,-2.3047476,0.999109,74.186615,0.0
2021-01-19 00:00:00,23.980621,20.323975,1009.0631,0.49345016,-2.258113,0.99260396,80.0327,9.5460564e-05
2021-01-19 06:00:00,28.62442,22.059113,1011.66815,-1.1192455,-4.295519,0.7991932,67.67186,0.006102957
2021-01-19 12:00:00,28.64505,21.618866,1008.42126,-1.6651249,-3.1378202,0.077178955,65.79831,0.0
2021-01-19 18:00:00,26.309113,22.260101,1010.4894,-1.4350872,-2.857956,0.5843512,78.44924,0.0
2021-01-20 00:00:00,25.486603,22.028778,1009.3306,1.6885309,-2.629015,0.97714865,81.21289,0.0005662441
2021-01-20 06:00:00,28.903168,23.591034,1011.3638,-0.4138775,-3.8314657,0.9406551,73.06472,0.1681149
2021-01-20 12:00:00,28.242035,24.045685,1009.08185,-2.134262,-3.2953272,0.872245,78.029076,0.0
2021-01-20 18:00:00,26.451996,23.909729,1010.57935,-1.6709566,-2.5517101,0.31324655,85.95259,0.0
2021-01-21 00:00:00,25.002716,23.389587,1009.71564,-0.34575558,-1.6856308,0.77121514,90.77752,0.112344295
2021-01-21 06:00:00,29.629913,25.591156,1011.53,-1.4416075,-1.5583754,0.7665861,78.96307,0.0
2021-01-21 12:00:00,29.21231,24.587463,1008.34064,-2.7050543,-0.5254326,0.22834149,76.19339,0.0
2021-01-21 18:00:00,26.516296,24.907074,1009.995,-1.6848907,-0.77635574,0.1003898,90.89739,0.0
2021-01-22 00:00:00,25.561676,23.61206,1009.8825,-1.1231785,-0.55143356,0.41012108,88.99405,0.04159305
2021-01-22 06:00:00,29.910065,25.146454,1011.6269,-1.6540003,-1.0692253,0.4133535,75.67249,0.00875425
2021-01-22 12:00:00,28.940704,24.058289,1007.6969,-3.0343895,-0.38061428,0.08252068,74.98413,0.0
2021-01-22 18:00:00,25.543793,24.068573,1010.1475,-2.0101929,-0.9276123,0.06877257,91.56841,0.0
2021-01-23 00:00:00,24.322021,22.299408,1009.0275,-0.78385735,-1.5547695,0.27355188,88.50342,0.032036755
2021-01-23 06:00:00,29.25528,21.64804,1011.8619,-2.9356308,-2.426588,0.4212885,63.62739,0.0
2021-01-23 12:00:00,27.831024,22.854095,1009.5131,-3.1864157,-1.1975899,0.31018314,74.37849,0.0
2021-01-23 18:00:00,24.72287,22.490936,1011.5662,-1.9660015,-0.84799767,0.2905549,87.417984,0.0
2021-01-24 00:00:00,24.473053,21.591705,1010.1106,0.11291027,-1.2792006,0.9838494,84.000496,0.0
2021-01-24 06:00:00,29.154999,20.038727,1012.7875,-2.3778458,-2.23629,0.98343474,57.96512,0.015734695
2021-01-24 12:00:00,28.130646,21.462677,1009.53625,-2.500062,-1.4170408,0.997339,67.151146,0.0
2021-01-24 18:00:00,24.687775,22.112335,1012.17,-1.6206188,-1.2057924,0.9954735,85.606705,0.0017175917
2021-01-25 00:00:00,24.073883,20.989166,1010.96375,-0.6631632,-1.4568062,1.0,82.91463,0.008103697
2021-01-25 06:00:00,29.295624,20.126831,1013.14624,-2.7864666,-1.5347757,0.8295349,57.810287,0.012780048
2021-01-25 12:00:00,28.897919,21.478546,1009.8744,-2.424799,-1.0445623,0.60584337,64.286354,0.0
2021-01-25 18:00:00,24.625153,20.356781,1012.10187,-1.9382954,-1.3130655,0.0014343262,77.156204,0.0
2021-01-26 00:00:00,23.300446,19.682983,1010.40436,-0.7280083,-2.4694633,0.65289253,80.135605,0.0
2021-01-26 06:00:00,28.842194,19.306183,1012.71375,-2.9560175,-3.1595812,0.7094083,56.40074,0.0
2021-01-26 12:00:00,27.92984,20.057098,1009.04065,-2.2135801,-2.13377,0.5525031,62.310646,0.0
2021-01-26 18:00:00,23.92752,19.97818,1011.855,-1.5163984,-1.6803694,0.10528898,78.58981,0.0
2021-01-27 00:00:00,23.532867,19.636383,1010.34125,-0.08411598,-2.0862951,0.944043,78.7915,0.0
2021-01-27 06:00:00,28.880585,20.151154,1012.84125,-2.791359,-2.9878235,0.9698835,59.304108,0.00800984
2021-01-27 12:00:00,28.035614,20.519562,1009.76,-2.4167528,-2.423068,0.38626808,63.722183,0.0
2021-01-27 18:00:00,24.344635,19.562592,1011.9263,-1.2503233,-2.225953,0.5489504,74.69682,0.0
2021-01-28 00:00:00,24.038849,19.408752,1010.54065,-0.024006844,-2.4158,0.8829051,75.35558,0.0029583462
2021-01-28 06:00:00,28.526154,21.261261,1012.66876,-3.0167446,-3.7101154,0.6615287,64.81897,0.019166153
2021-01-28 12:00:00,28.420319,21.422302,1009.6825,-3.2989902,-2.7610493,0.11223157,65.86566,0.0
2021-01-28 18:00:00,25.150726,20.931244,1012.0775,-2.25461,-2.3002825,0.55329555,77.46771,1.7462298e-07
2021-01-29 00:00:00,24.804962,20.472778,1010.6781,-0.14353657,-3.1237783,0.6819328,76.88011,0.004005444
2021-01-29 06:00:00,29.288788,22.005219,1012.6694,-3.0277605,-4.034872,0.9819178,64.90453,0.0
2021-01-29 12:00:00,28.121552,21.99826,1010.265,-2.4801188,-3.4691286,1.0000002,69.421875,0.10491628
2021-01-29 18:00:00,25.480743,22.019379,1012.1394,-1.464879,-2.3599463,0.91471785,81.194626,0.081419945
2021-01-30 00:00:00,25.440948,21.825592,1010.345,-0.5708504,-2.7858067,0.76577413,80.43018,0.0
2021-01-30 06:00:00,29.493195,22.19339,1012.1525,-3.3038397,-3.6117115,0.37402368,64.883026,0.0
2021-01-30 12:00:00,28.493073,22.139008,1008.9775,-2.9556103,-2.9016523,0.10638088,68.52276,0.0
2021-01-30 18:00:00,24.970612,21.460236,1012.055,-1.5738487,-1.9755392,0.26996487,80.886734,0.0
2021-01-31 00:00:00,25.030914,20.94281,1010.41064,-1.2324982,-2.1332426,0.46782315,78.07823,0.00038190046
2021-01-31 06:00:00,29.194061,21.372711,1012.3081,-3.3380766,-3.5206642,0.7449183,62.785866,0.003814639
2021-01-31 12:00:00,28.358307,22.45102,1009.8569,-3.0202274,-3.3771133,0.046404976,70.38524,0.0
2021-01-31 18:00:00,25.47464,21.888275,1013.1794,-1.2780638,-3.1309013,0.12680656,80.577095,0.0
2021-02-01 00:00:00,24.780914,21.656342,1012.1138,-0.66829014,-3.7837906,0.13831216,82.795105,9.49949e-05
2021-02-01 06:00:00,29.439362,21.917084,1014.515,-2.662716,-5.02017,0.40550077,63.997833,0.011732802
2021-02-01 12:00:00,28.106842,22.494904,1011.28815,-3.530507,-3.7725,0.09562683,71.61381,0.0
2021-02-01 18:00:00,25.052216,21.295135,1014.3725,-2.1262674,-3.2823582,0.18711519,79.68406,0.0
2021-02-02 00:00:00,24.816193,20.258636,1012.775,-1.0274086,-3.6221676,0.33287105,75.81952,0.0
2021-02-02 06:00:00,29.372467,21.154388,1014.2419,-2.7919827,-4.1734924,0.33267486,61.315792,0.0
2021-02-02 12:00:00,28.102386,21.744537,1011.46936,-3.4621372,-3.1232357,0.3477522,68.43139,0.0
2021-02-02 18:00:00,25.976715,21.384186,1013.7981,-2.2203903,-2.9084368,0.27297562,75.83934,0.0
2021-02-03 00:00:00,25.170013,21.504822,1012.0506,-1.6000795,-2.411293,0.48627532,80.14977,0.0
2021-02-03 06:00:00,29.326813,21.010345,1014.21936,-3.96848,-3.155223,0.3381154,60.93627,0.00047672074
2021-02-03 12:00:00,27.837067,21.159637,1011.59,-3.4825363,-3.1255026,0.8801655,67.053505,0.0
2021-02-03 18:00:00,24.523285,19.941193,1013.8681,-1.8425598,-3.000556,0.99888843,75.658104,0.0
2021-02-04 00:00:00,23.754303,19.554504,1012.4375,-1.2669954,-2.3877268,0.15126216,77.3533,0.0
2021-02-04 06:00:00,29.021637,19.551819,1014.5087,-3.4732475,-3.4775553,0.40272805,56.67676,0.0
2021-02-04 12:00:00,27.515045,19.427307,1011.1244,-3.7224007,-3.164895,0.89035726,61.393345,0.0
2021-02-04 18:00:00,23.60611,19.38733,1013.14124,-1.5733385,-2.2968311,0.2229673,77.23981,0.0
2021-02-05 00:00:00,23.048492,19.43985,1011.96375,-0.35130692,-2.459898,0.45193756,80.14569,0.0
2021-02-05 06:00:00,28.55545,20.033234,1013.4462,-1.7684526,-3.8741274,0.47216165,59.993816,0.0
2021-02-05 12:00:00,27.517975,20.47168,1009.8594,-3.6536608,-3.092782,0.46453297,65.48444,0.0
2021-02-05 18:00:00,24.425446,20.027618,1011.9025,-2.3617296,-1.4117022,0.29234937,76.510826,0.0
2021-02-06 00:00:00,23.161163,19.553009,1010.2375,0.6448288,-2.6361074,0.4561277,80.16323,0.0
2021-02-06 06:00:00,29.02835,21.054962,1012.3056,-2.25138,-4.049264,0.77288485,62.16687,9.543146e-05
2021-02-06 12:00:00,27.980255,19.631073,1009.21564,-2.9873028,-3.5328455,0.057540894,60.50857,0.0
2021-02-06 18:00:00,23.033722,20.074982,1011.71936,-1.0429344,-2.2683392,0.110183716,83.44049,0.0
2021-02-07 00:00:00,22.872711,20.147003,1010.6306,0.19777966,-3.37887,0.1809082,84.63408,9.5460564e-05
2021-02-07 06:00:00,28.905182,20.4357,1012.08124,-1.7253408,-4.687743,0.23754883,60.26977,9.49949e-05
2021-02-07 12:00:00,28.03836,19.910187,1009.5425,-3.0626726,-3.5164948,0.015617371,61.35689,0.0
2021-02-07 18:00:00,24.483307,21.071442,1012.45374,-1.872817,-3.7260027,0.13786316,81.314384,0.0
2021-02-08 00:00:00,24.203888,21.019073,1011.1831,-1.2549562,-4.0020685,0.26515153,82.421616,0.0
2021-02-08 06:00:00,29.02005,19.210602,1013.06,-3.264182,-4.840395,0.18732114,55.491585,0.0
2021-02-08 12:00:00,27.912384,19.703339,1010.9725,-3.2872562,-3.8104038,0.0655942,61.02169,0.0
2021-02-08 18:00:00,24.32315,20.345245,1013.225,-2.247961,-2.388422,0.26172227,78.507675,0.0003813766
2021-02-09 00:00:00,23.569489,18.56491,1011.1075,-0.7053499,-2.4482994,0.34842044,73.5383,0.0
2021-02-09 06:00:00,29.065582,18.001648,1012.7375,-2.9481792,-4.665509,0.9485623,51.313313,0.0
2021-02-09 12:00:00,27.144989,18.5596,1009.33185,-3.1057024,-3.6821375,0.8987763,59.43318,0.0
2021-02-09 18:00:00,23.225128,18.687958,1011.9319,-1.5500736,-2.2736921,0.22207281,75.662575,0.0
2021-02-10 00:00:00,23.321564,18.138458,1010.4194,-0.7685356,-2.582096,0.9834429,72.677025,0.0009534415
2021-02-10 06:00:00,28.374298,18.32016,1012.95123,-2.2299833,-3.097434,0.7882135,54.491405,0.0
2021-02-10 12:00:00,27.198395,16.712494,1009.1794,-3.0205183,-2.4761343,0.0,52.735012,0.0
2021-02-10 18:00:00,21.896393,17.985077,1011.5756,-1.9707079,-1.2686863,0.47365224,78.48415,0.0
2021-02-11 00:00:00,21.532623,17.510712,1009.505,-0.24292374,-2.437645,0.8013002,77.88625,0.0
2021-02-11 06:00:00,28.078766,18.120209,1011.8713,-2.6057243,-2.818738,0.66547996,54.745674,0.0
2021-02-11 12:00:00,27.261383,18.381744,1008.7575,-3.163231,-2.1435747,0.43016666,58.37486,0.0
2021-02-11 18:00:00,22.448639,17.727936,1011.33435,-0.73741055,-1.8430367,0.6682451,74.67029,0.0
2021-02-12 00:00:00,23.603058,17.37912,1010.2975,0.34982014,-1.9592562,1.0,68.116875,0.0003813766
2021-02-12 06:00:00,28.13382,17.821503,1012.1669,-1.9848499,-2.5352335,0.9981683,53.554993,0.0031467061
2021-02-12 12:00:00,27.7919,19.480988,1009.54,-2.7933722,-1.6487665,0.14713654,60.609634,0.0
2021-02-12 18:00:00,22.803375,18.626434,1012.2425,-1.4932642,-1.752965,0.10849601,77.32042,0.0
2021-02-13 00:00:00,22.808868,18.97818,1011.01874,0.6622696,-2.0074205,0.21365356,79.01213,0.0
2021-02-13 06:00:00,29.512238,19.562042,1012.97876,-0.9418297,-2.0025005,0.13694194,55.128014,0.0
2021-02-13 12:00:00,28.487946,20.476532,1010.36,-3.5009727,-1.778224,0.1663971,61.9021,0.0
2021-02-13 18:00:00,24.317657,21.446564,1012.6731,-2.2379475,-1.1721535,0.0,84.03613,0.0
2021-02-14 00:00:00,22.857086,20.735443,1011.45435,-0.33730125,-1.7871733,0.05350772,87.84662,0.0
2021-02-14 06:00:00,29.053375,19.81314,1013.0731,-2.0371857,-2.049694,0.26829082,57.497715,0.0
2021-02-14 12:00:00,28.25003,20.209076,1010.15875,-3.3422308,-0.54247,0.024061117,61.736416,0.0
2021-02-14 18:00:00,24.052032,20.820831,1012.21875,-2.4420567,-0.67230606,0.50282454,82.16857,0.0
2021-02-15 00:00:00,23.40628,20.93338,1010.995,0.23159313,-1.7284136,0.8091649,86.0186,0.0
2021-02-15 06:00:00,29.542511,21.487335,1011.6306,-1.5268621,-2.606266,0.19265747,61.969078,0.0
2021-02-15 12:00:00,28.079254,22.41391,1008.1456,-3.9799395,-0.4422331,0.0,71.37683,0.0
2021-02-15 18:00:00,24.747345,22.091492,1011.1919,-3.1809006,-0.07765961,0.0058135986,85.194305,0.0
2021-02-16 00:00:00,23.658112,21.354797,1009.96063,0.09002304,-1.2041197,0.9705619,86.94258,0.0005727634
2021-02-16 06:00:00,29.177155,20.787811,1011.6769,-1.6252766,-1.3888178,0.95520574,60.630096,0.0
2021-02-16 12:00:00,27.913605,21.214691,1007.9988,-3.4952478,-0.4413147,0.707582,66.98051,0.0
2021-02-16 18:00:00,24.307526,20.804352,1010.73315,-2.467286,-0.4099279,0.014219761,80.836815,0.0
2021-02-17 00:00:00,23.021576,20.378235,1009.28375,-0.85146713,-1.4589691,0.13282092,85.08161,0.0
2021-02-17 06:00:00,29.325104,20.0466,1010.8675,-2.407405,-2.265791,0.20452079,57.426167,0.0
2021-02-17 12:00:00,27.669464,20.935577,1008.2675,-3.7515306,-1.70609,0.025309402,66.78774,0.0
2021-02-17 18:00:00,24.35086,20.266693,1010.915,-2.8162203,-1.2234135,0.022483632,77.99808,0.0
2021-02-18 00:00:00,24.110992,20.639557,1010.02313,-0.7966633,-1.5160208,0.41271633,80.96953,0.0001906883
2021-02-18 06:00:00,28.872345,20.669159,1012.34,-3.2254467,-1.9430103,0.8620466,61.25992,0.029274495
2021-02-18 12:00:00,27.898224,21.702362,1009.7581,-3.700491,-2.654767,0.43426204,69.072655,0.0
2021-02-18 18:00:00,24.109894,20.502106,1011.76624,-1.7544317,-1.4314842,0.042211697,80.29168,0.0
2021-02-19 00:00:00,23.720428,21.291779,1010.27563,-0.6379938,-2.3195686,0.17816079,86.283066,0.022619963
2021-02-19 06:00:00,28.488312,23.03775,1012.3231,-2.5036907,-3.074419,0.5267357,72.38543,0.17002511
2021-02-19 12:00:00,28.546295,23.870087,1008.8156,-4.185499,-2.7375593,0.4467104,75.85627,0.13538897
2021-02-19 18:00:00,25.121277,22.630371,1011.77936,-2.498125,-2.4255848,0.5119307,86.09059,0.0
2021-02-20 00:00:00,24.879913,22.418457,1010.1425,-0.5584059,-3.2576141,0.36413288,86.22148,0.0
2021-02-20 06:00:00,28.781525,23.089447,1011.74,-2.374035,-3.1283836,0.84257686,71.38695,0.0
2021-02-20 12:00:00,27.007843,23.319763,1008.6106,-3.397974,-3.4473772,0.3312407,80.28134,0.01851451
2021-02-20 18:00:00,25.334259,22.71875,1011.4919,-2.1906776,-2.1595964,0.3818326,85.46314,0.0
2021-02-21 00:00:00,24.407776,22.756561,1010.6994,-0.9215536,-2.1934128,0.87732345,90.529,0.24317941
2021-02-21 06:00:00,28.686554,23.592743,1012.70935,-3.0335274,-2.7062654,0.7861619,73.99558,0.0
2021-02-21 12:00:00,27.862335,23.518951,1010.03,-3.249343,-3.2221012,0.5632819,77.28662,0.2611194
2021-02-21 18:00:00,24.744537,22.74173,1012.3762,-1.5580912,-2.529603,0.35249203,88.644066,0.0
2021-02-22 00:00:00,25.254608,22.532501,1011.3869,-0.22405434,-2.9015808,0.42511123,84.90389,0.0
2021-02-22 06:00:00,29.55484,22.857391,1013.03436,-2.799656,-3.1869392,0.51848304,67.31358,0.15991049
2021-02-22 12:00:00,29.454498,23.409882,1009.5769,-3.350957,-3.0072136,0.25450554,70.004036,0.0
2021-02-22 18:00:00,25.90628,23.237976,1012.2556,-2.0345783,-2.1589546,0.27864045,85.248215,0.013834797
2021-02-23 00:00:00,24.866669,22.822296,1010.2469,-0.2122078,-2.0983,0.6078182,88.43083,0.0
2021-02-23 06:00:00,29.857208,22.019379,1012.1238,-1.8892717,-3.2160273,0.4779793,62.866795,0.0
2021-02-23 12:00:00,28.75467,22.459625,1008.29065,-3.908762,-2.1818218,0.16688448,68.81966,0.0
2021-02-23 18:00:00,25.377045,22.605713,1011.3094,-2.4440765,-1.7158184,0.84834915,84.66332,9.5460564e-05
2021-02-24 00:00:00,23.889374,21.736084,1009.3063,-0.08008289,-1.9263258,0.4409029,87.76505,0.0015271362
2021-02-24 06:00:00,29.91861,21.46933,1011.67,-2.2652817,-1.7938385,0.18771313,60.5749,0.0
2021-02-24 12:00:00,28.715363,21.842194,1007.9775,-3.56011,-1.1423225,0.0,66.43082,0.0
2021-02-24 18:00:00,24.640045,22.36731,1011.0006,-2.2805223,-0.3115902,0.08254242,87.19413,0.0
2021-02-25 00:00:00,23.159332,21.662537,1009.03375,-0.6124792,-1.4461365,0.7539204,91.3025,0.0
2021-02-25 06:00:00,29.860138,21.592804,1012.1262,-1.4894276,-0.8867121,0.30463058,61.239902,0.0
2021-02-25 12:00:00,28.779694,21.17691,1007.83435,-3.5249147,-0.59671974,0.5926937,63.542652,0.0
2021-02-25 18:00:00,23.84378,21.458954,1009.8781,-1.9914074,0.18953317,0.0,86.526764,0.0
2021-02-26 00:00:00,22.250763,20.67627,1008.58685,1.0547333,-0.39940548,0.057113647,90.80984,0.0
2021-02-26 06:00:00,30.061798,19.958038,1010.3544,-0.2420851,-0.83459663,0.0053482056,54.7399,0.0
2021-02-26 12:00:00,29.44693,20.963898,1005.78625,-3.010974,0.19849515,0.0,60.3428,0.0
2021-02-26 18:00:00,24.05307,21.82956,1008.8806,-2.0368137,0.9191545,0.00800705,87.40366,0.0
2021-02-27 00:00:00,22.236725,20.703522,1007.1962,1.322154,-0.0548712,0.09805298,91.04014,0.0
2021-02-27 06:00:00,30.229279,21.015411,1009.40936,-0.6518316,0.74965936,0.032535553,57.870113,0.0
2021-02-27 12:00:00,29.586823,21.525055,1005.6475,-2.9541292,0.99354213,0.0,61.95386,0.0
2021-02-27 18:00:00,23.941986,21.947937,1008.495,-2.157526,-0.19190216,0.0050239563,88.626854,0.0
2021-02-28 00:00:00,23.07962,21.301727,1007.1806,-0.2826271,0.14095873,0.7093958,89.73938,0.0
2021-02-28 06:00:00,29.819122,21.236237,1010.1331,-1.7201576,0.9232768,0.06808853,60.058487,0.0
2021-02-28 12:00:00,29.452911,21.243317,1006.72626,-2.8784208,0.2903391,0.0,61.36571,0.0
2021-02-28 18:00:00,23.606476,21.769623,1010.3787,-1.9132576,-0.7409229,0.0014359951,89.455185,0.0
2021-03-01 00:00:00,23.424469,21.766083,1009.6262,-0.8609581,-0.83424854,0.7335563,90.4226,0.0
2021-03-01 06:00:00,30.144684,21.94339,1012.7875,-1.6745691,0.3440414,0.063079834,61.550987,0.0
2021-03-01 12:00:00,29.446198,21.43863,1010.0619,-2.8558807,1.1817701,0.0,62.128685,0.0
2021-03-01 18:00:00,23.769684,22.15625,1012.9,-1.8016129,1.0914533,0.0,90.69426,0.0
2021-03-02 00:00:00,24.278473,22.364532,1010.5681,-1.1424084,-0.03891754,0.63874304,89.086945,0.0
2021-03-02 06:00:00,29.940338,21.494293,1012.84875,-1.9171228,-0.3527245,0.012670517,60.591793,0.0
2021-03-02 12:00:00,29.23111,20.454254,1009.78125,-3.5663214,-0.021741867,0.0,59.211742,0.0
2021-03-02 18:00:00,24.03476,21.838715,1011.4369,-2.0561676,0.8251214,0.0,87.54876,0.0
2021-03-03 00:00:00,22.211578,20.363861,1009.1362,0.24010944,-1.5747919,0.0,89.289856,0.0
2021-03-03 06:00:00,30.051422,19.941315,1011.905,-2.869093,-0.79192066,0.008214951,54.71583,0.0
2021-03-03 12:00:00,28.832428,20.237701,1009.33685,-3.751257,-0.24524117,0.0035552979,59.78884,0.0
2021-03-03 18:00:00,24.196686,21.957733,1011.2394,-2.1947584,-0.50294685,0.07173157,87.33405,0.0
2021-03-04 00:00:00,24.769073,21.76529,1010.0594,-1.005229,-0.5912609,0.58389,83.40714,0.0019080471
2021-03-04 06:00:00,29.866608,19.754425,1012.2475,-2.4379482,-0.5015898,0.2189082,54.663242,0.0
2021-03-04 12:00:00,29.162872,21.600494,1009.1937,-3.8536072,-0.45536137,0.00944519,63.782394,0.0
2021-03-04 18:00:00,24.576935,20.662262,1011.8525,-1.8132505,-1.1957626,0.021331787,78.85057,0.0
2021-03-05 00:00:00,24.444855,21.118744,1010.83875,-0.20662498,-1.6785431,0.25562206,81.7388,9.534415e-05
2021-03-05 06:00:00,30.510284,20.67508,1012.785,-2.4360237,-1.4968386,0.42472365,55.765926,0.0
2021-03-05 12:00:00,29.624176,21.792816,1009.79,-3.6164389,-0.5621729,0.0,62.841,0.0
2021-03-05 18:00:00,24.649933,21.672882,1012.48627,-1.9223375,-0.7150507,0.7634139,83.530014,0.0
2021-03-06 00:00:00,23.76419,21.384338,1010.8244,0.1564827,-1.4187784,0.7216509,86.545654,0.0
2021-03-06 06:00:00,31.461578,20.760773,1012.95,-1.3451672,-1.0309114,0.032043457,53.099735,0.0
2021-03-06 12:00:00,30.270782,22.804108,1008.43,-3.8287764,-0.32178974,0.0,64.39074,0.0
2021-03-06 18:00:00,25.107758,22.824066,1011.8225,-1.941474,1.0772669,0.0007209778,87.17803,0.0
2021-03-07 00:00:00,24.467926,22.61148,1009.6406,0.48548126,-0.67514324,0.5015269,89.41313,0.0
2021-03-07 06:00:00,31.333405,22.442535,1011.7469,-1.3578568,-1.2218466,0.1088562,59.28314,0.0
2021-03-07 12:00:00,30.660553,22.541412,1007.9294,-3.9498596,-0.4796877,0.0,61.973824,0.0
2021-03-07 18:00:00,26.398834,23.935516,1011.19,-2.3589993,-0.1626215,0.00039672852,86.356316,0.0
2021-03-08 00:00:00,25.648407,22.980927,1009.6731,-0.925684,-1.4248753,0.31855392,85.22619,0.0013355166
2021-03-08 06:00:00,31.88797,22.123138,1012.1725,-2.7311687,-1.969634,0.17104281,56.339615,0.030806288
2021-03-08 12:00:00,30.001984,23.86966,1008.5419,-4.3690157,-1.5386267,0.102399215,69.73664,0.0
2021-03-08 18:00:00,27.020844,23.730377,1011.86,-2.0281782,-1.2932386,0.16098033,82.23056,0.0012405217
2021-03-09 00:00:00,26.669098,23.20932,1009.96564,-1.1580744,-1.5776472,0.32127154,81.352264,0.012692064
2021-03-09 06:00:00,31.964996,22.751068,1012.5006,-3.998869,-1.6451225,0.13863325,58.276505,0.0
2021-03-09 12:00:00,29.753082,23.805756,1009.4919,-4.326947,-0.770236,0.030849144,70.47069,0.0
2021-03-09 18:00:00,27.236664,24.321869,1012.85565,-2.0511284,-0.9836359,0.14734645,84.13183,0.0032442622
2021-03-10 00:00:00,26.557343,24.00644,1010.41815,-1.4717607,-1.5438919,0.37679195,85.91823,0.0431058
2021-03-10 06:00:00,32.1481,24.83963,1012.4281,-3.252902,-2.0166912,0.24216694,65.397766,0.0
2021-03-10 12:00:00,29.905304,23.612152,1008.96375,-4.726385,0.1823219,0.44010448,69.04679,0.042803466
2021-03-10 18:00:00,26.461914,23.599976,1012.3862,-1.8682976,0.59663737,0.31992579,84.31585,0.0
2021-03-11 00:00:00,25.702026,23.447754,1010.09064,-0.9481821,-0.15386039,0.2979433,87.38606,0.0
2021-03-11 06:00:00,32.340363,22.57077,1012.3837,-3.0099688,-0.4005432,0.16012695,56.431477,0.0
2021-03-11 12:00:00,30.86441,22.220978,1008.8812,-4.177808,0.084607124,0.017356873,60.074203,0.0
2021-03-11 18:00:00,26.036346,23.385895,1013.0131,-1.986598,0.04156047,0.18091518,85.35334,0.0
2021-03-12 00:00:00,25.29837,22.195587,1011.1369,-0.09356594,-0.7957926,0.48180342,82.96573,0.0
2021-03-12 06:00:00,31.146759,21.537506,1013.9894,-3.2211113,-0.5269289,0.30853087,56.699203,0.0
2021-03-12 12:00:00,29.861969,21.798615,1010.5181,-4.5331583,-1.1226387,0.0,62.008583,0.0
2021-03-12 18:00:00,25.67392,21.921051,1012.9244,-2.626916,-0.6951208,0.016033173,79.78884,0.0
2021-03-13 00:00:00,25.053009,22.555206,1010.71375,-0.83994675,-0.8569727,0.10700029,86.04795,0.0
2021-03-13 06:00:00,31.357208,22.325836,1013.35376,-2.8476715,-1.6143446,0.32130134,58.784306,0.012971461
2021-03-13 12:00:00,30.435333,22.271027,1009.4888,-4.0557966,-1.9806299,0.038642883,61.754322,0.0
2021-03-13 18:00:00,26.648285,22.512115,1011.98065,-2.3563309,-1.8722782,0.008785248,78.083115,0.0
2021-03-14 00:00:00,25.177032,22.363068,1009.98126,-0.78884125,-1.5247993,0.2880192,84.42305,0.0
2021-03-14 06:00:00,32.53299,21.658173,1011.3694,-3.2528038,-1.3850565,0.07245718,52.802162,0.000381493
2021-03-14 12:00:00,30.447906,21.080353,1007.7725,-3.6774817,-1.0500135,0.27535248,57.37787,0.0
2021-03-14 18:00:00,25.426483,22.50943,1010.5731,-1.8661346,-0.90228176,0.0026607513,83.92276,0.0
2021-03-15 00:00:00,25.25943,22.66983,1008.5012,-0.25989437,-1.6979456,0.0741133,85.590065,0.0
2021-03-15 06:00:00,32.303864,20.335114,1010.85626,-2.804987,-1.3999548,0.0057373047,49.313244,0.0
2021-03-15 12:00:00,30.349396,19.567291,1007.395,-3.9297943,-0.5521059,0.0,52.554863,0.0
2021-03-15 18:00:00,25.508087,22.81253,1010.0581,-2.1124725,-1.0477495,0.0,85.067024,0.0
2021-03-16 00:00:00,25.091522,23.423126,1008.6294,-1.134903,-0.78184223,0.8643711,90.48124,0.0
2021-03-16 06:00:00,31.272736,22.267242,1010.91565,-2.5837898,-1.1520233,0.51776224,58.85738,0.0
2021-03-16 12:00:00,30.413849,21.26529,1007.3162,-3.4076614,-0.9982281,0.44392395,58.14603,0.0
2021-03-16 18:00:00,24.63559,22.767792,1009.96686,-2.018341,-0.69907475,0.006412506,89.364174,0.0
2021-03-17 00:00:00,24.64273,23.384491,1007.3688,-0.21187782,-1.132082,0.94420433,92.721054,0.0
2021-03-17 06:00:00,30.65799,22.695465,1010.0581,-2.1875095,0.2451938,0.8935605,62.56521,0.0
2021-03-17 12:00:00,30.045563,22.482208,1006.47375,-3.5377731,-0.5639925,0.26295924,63.966633,0.0
2021-03-17 18:00:00,25.710114,23.42334,1009.53564,-1.9771214,-0.19382381,0.06252289,87.21564,0.0
2021-03-18 00:00:00,26.056793,23.616547,1007.5513,-0.075707436,-1.5504141,0.9946789,86.444016,0.0021951273
2021-03-18 06:00:00,31.380524,22.053009,1010.2544,-2.5910673,-1.0586433,0.7580438,57.739162,0.0
2021-03-18 12:00:00,30.142487,21.253204,1007.0925,-3.85431,-0.6523113,0.99338955,59.014122,0.0
2021-03-18 18:00:00,25.399078,21.168182,1009.34686,-1.9848595,-0.5518389,0.7001275,77.45035,0.0
2021-03-19 00:00:00,24.130646,21.468262,1008.37,-0.45138645,-1.2605009,0.9429009,85.096855,0.0
2021-03-19 06:00:00,31.18924,21.695526,1009.97815,-2.0303602,-0.648633,0.6701994,57.1114,0.0
2021-03-19 12:00:00,30.803131,21.18753,1006.66437,-3.7385101,0.30666733,0.2175852,56.594944,0.0
2021-03-19 18:00:00,25.659637,22.13974,1008.60626,-1.8431244,0.09055501,0.8169061,80.9283,0.0
2021-03-20 00:00:00,26.321503,23.147095,1007.3544,0.22357845,-0.41326618,0.2624663,82.72509,0.0
2021-03-20 06:00:00,31.518463,22.602142,1008.8831,-1.7072773,0.4061588,0.15467727,59.234035,0.022506341
2021-03-20 12:00:00,30.84488,22.657623,1004.9344,-3.345086,0.19537735,0.5796486,61.758648,0.0
2021-03-20 18:00:00,26.28543,23.387543,1007.5494,-1.8113022,0.5172983,0.9801785,84.11423,0.0
2021-03-21 00:00:00,26.128265,23.741852,1006.4462,0.6789093,0.036539137,0.4658605,86.73134,0.00019095023
2021-03-21 06:00:00,32.475983,23.356232,1008.15,-1.118432,0.0013092756,0.12933017,58.728252,0.0
2021-03-21 12:00:00,31.413483,23.386871,1004.3594,-4.085702,-0.60789776,0.07849658,62.487064,0.0
2021-03-21 18:00:00,26.578644,23.862823,1008.5,-1.9987879,0.5547182,0.15224099,85.072975,0.0
2021-03-22 00:00:00,25.798004,23.64978,1007.1831,0.41683006,-0.9170103,0.5587662,87.95475,0.0005727634
2021-03-22 06:00:00,31.86319,23.069855,1010.0619,-1.6853342,-0.88195324,0.28525716,59.756256,0.0
2021-03-22 12:00:00,30.67923,22.229767,1006.53937,-3.9923716,-0.27941704,0.0,60.74568,0.0
2021-03-22 18:00:00,26.498993,23.876953,1009.82,-2.0706615,0.11485082,0.08005524,85.54599,0.0
2021-03-23 00:00:00,25.62082,23.511322,1008.34186,-0.16388035,-1.1815691,0.95290864,88.14536,0.0
2021-03-23 06:00:00,31.760895,23.11557,1010.41,-2.443962,-0.67706776,0.9737593,60.27029,0.0
2021-03-23 12:00:00,30.721832,22.613434,1007.15814,-4.1091747,-0.9689245,0.11806025,62.027763,0.0
2021-03-23 18:00:00,26.999603,23.402344,1010.54376,-2.3415575,-0.74675655,0.030265808,80.72154,0.0
2021-03-24 00:00:00,26.497711,23.644958,1008.9281,-0.94747543,-1.2829924,0.5152975,84.36636,9.458745e-08
2021-03-24 06:00:00,32.483917,22.634735,1010.66315,-2.8261662,-1.4241409,0.17492086,56.193733,0.0
2021-03-24 12:00:00,31.648224,21.951569,1006.29126,-3.869072,-0.09872055,0.8998837,56.516773,0.0
2021-03-24 18:00:00,27.706573,24.809845,1009.4219,-1.8598261,-0.52150345,0.6070164,84.27339,0.0
2021-03-25 00:00:00,26.470734,24.626007,1007.32,0.038425446,-0.9759569,0.88675314,89.624695,0.0
2021-03-25 06:00:00,31.79483,23.338287,1009.9356,-2.3816538,-0.7373514,0.9775478,60.96931,0.0
2021-03-25 12:00:00,30.364899,22.683624,1005.9419,-3.0897408,0.4885311,0.93895835,63.57808,0.0
2021-03-25 18:00:00,27.247986,23.480743,1008.6163,-1.6228466,-0.234766,0.9696799,79.93048,0.0
2021-03-26 00:00:00,26.947784,24.558136,1006.8219,-1.8687353,-0.16600323,1.0,86.78976,0.0
2021-03-26 06:00:00,32.621613,23.876434,1009.03375,-2.3245707,-0.83234215,0.24471712,60.102154,0.0
2021-03-26 12:00:00,31.921783,22.404022,1005.0325,-3.5408993,-0.55977345,0.06596744,57.20126,0.0
2021-03-26 18:00:00,28.142181,24.98703,1008.41437,-2.3470736,0.054656684,0.8525395,83.031815,0.0
2021-03-27 00:00:00,27.753448,25.012665,1006.16876,-0.924613,0.57281876,0.9958312,85.06603,0.0
2021-03-27 06:00:00,33.55313,23.298065,1008.5325,-2.7705078,-0.12298727,0.6408602,55.084156,0.0
2021-03-27 12:00:00,31.54361,23.72696,1004.9919,-3.3117533,0.42544138,0.39567614,63.311058,0.0
2021-03-27 18:00:00,27.549042,24.928741,1008.70435,-1.3289738,0.7257757,0.9349191,85.65888,0.0
2021-03-28 00:00:00,27.052246,24.541046,1006.39124,0.26045853,1.2410924,0.82780665,86.170654,9.49949e-05
2021-03-28 06:00:00,33.456818,23.492401,1007.9725,-0.82407856,0.49550474,0.7710162,56.035393,0.018788502
2021-03-28 12:00:00,31.87088,24.875275,1003.8237,-2.912799,2.4059157,0.9433331,66.57388,0.0
2021-03-28 18:00:00,27.517426,25.221954,1008.3706,-0.43363667,2.0625,0.5054461,87.33008,0.0
2021-03-29 00:00:00,28.433594,24.81137,1006.7625,0.6568269,2.3272657,0.2531573,80.78462,0.021085143
2021-03-29 06:00:00,33.6243,23.939362,1008.2463,-0.12184471,2.0224562,0.0733709,57.026207,0.0
2021-03-29 12:00:00,31.973541,23.841461,1004.0375,-0.84300613,4.036988,0.45775884,62.212814,0.0
2021-03-29 18:00:00,28.269379,24.619171,1008.0094,1.1548524,4.3661194,0.5240387,80.628624,0.0
2021-03-30 00:00:00,27.893158,24.21701,1005.96375,1.7945244,2.074639,0.2814064,80.4548,0.0
2021-03-30 06:00:00,34.99002,22.120697,1006.4175,1.5951973,0.56416,0.6573371,47.342632,0.0
2021-03-30 12:00:00,32.650787,23.806793,1001.6,-2.536951,2.9104052,0.0099070035,59.75261,0.0
2021-03-30 18:00:00,28.56668,25.571808,1004.9844,0.4786501,3.187852,0.67216796,83.875145,0.0
2021-03-31 00:00:00,27.648407,25.434296,1003.525,2.058913,2.8320637,0.082107544,87.76505,9.5460564e-05
2021-03-31 06:00:00,34.606964,22.516754,1005.04315,1.3245494,3.251958,0.31408423,49.539013,0.0
2021-03-31 12:00:00,33.271637,25.153961,1000.9419,0.040102005,5.8080673,0.0,62.548054,0.0
2021-03-31 18:00:00,28.750061,26.148956,1004.22437,2.0588155,4.79181,0.054440144,85.87383,0.0
2021-04-01 00:00:00,27.899292,25.903534,1003.3425,1.9626598,2.583324,0.21634197,88.9298,0.0
2021-04-01 06:00:00,34.919342,24.782501,1004.2406,0.9553008,2.7671876,0.21680287,55.80619,0.0
2021-04-01 12:00:00,32.486237,26.124664,1001.34814,0.23407269,6.4579077,0.06262207,69.25026,0.0
2021-04-01 18:00:00,29.332672,26.650665,1005.025,2.2160244,4.2358627,0.31954303,85.52168,0.0
2021-04-02 00:00:00,28.449799,26.04776,1003.6425,2.221488,2.3005948,0.2795105,86.86246,0.0
2021-04-02 06:00:00,35.876373,21.457062,1004.6362,1.1926718,2.0109913,0.11457062,43.289818,0.0
2021-04-02 12:00:00,33.937164,25.074615,1001.27936,-1.0678082,5.2448387,0.1514453,59.97682,0.0
2021-04-02 18:00:00,29.264648,25.366852,1004.42377,1.4867351,4.9113617,0.06796265,79.57717,0.0
2021-04-03 00:00:00,28.650513,26.355377,1003.7475,1.7244568,2.7131872,0.10008454,87.43075,0.0
2021-04-03 06:00:00,36.026764,22.725983,1005.4581,1.9347396,2.176799,0.122157775,46.384533,0.0
2021-04-03 12:00:00,33.101227,25.944977,1002.3738,-0.48903847,5.553275,0.29881287,66.18617,0.0
2021-04-03 18:00:00,28.88681,25.756561,1005.8069,1.707196,4.2188644,0.023597717,83.23962,0.0
2021-04-04 00:00:00,27.687408,25.727203,1005.0425,0.3249008,1.42136,0.03188064,89.10111,0.0
2021-04-04 06:00:00,35.18448,23.871368,1006.4919,0.30868053,-0.32557487,0.10892868,52.07063,0.0
2021-04-04 12:00:00,32.620514,25.80899,1002.8144,-2.1692076,3.607686,0.19821167,67.45547,0.0
2021-04-04 18:00:00,29.52298,25.458649,1006.60376,0.36378098,2.7109184,0.14933947,78.82847,0.0
2021-04-05 00:00:00,27.809845,25.608185,1006.7056,-0.78508854,1.1711226,0.0324595,87.843636,9.49949e-05
2021-04-05 06:00:00,33.73929,24.172699,1007.96,-1.8840322,0.2796564,0.11144638,57.460003,0.0
2021-04-05 12:00:00,31.631012,25.620026,1004.2,-4.3591137,0.42459297,0.002658844,70.54435,0.0
2021-04-05 18:00:00,28.389954,26.437897,1007.85626,-2.390296,-0.45284653,0.14128974,89.19733,0.003911555
2021-04-06 00:00:00,27.869843,25.24591,1007.6956,-1.4690094,0.28094107,0.6236259,85.67191,0.0030504973
2021-04-06 06:00:00,32.52664,24.149292,1009.79877,-2.456684,-0.1278925,0.1938016,61.423367,0.0
2021-04-06 12:00:00,31.818146,22.499786,1006.705,-3.8634892,-0.26177216,0.0,57.874107,0.0
2021-04-06 18:00:00,26.59195,23.8732,1008.84564,-1.8912106,-0.71307373,0.0,85.059364,0.0
2021-04-07 00:00:00,26.337494,23.630981,1008.9575,-1.5584726,0.3648243,0.095956504,85.09591,8.731149e-08
2021-04-07 06:00:00,33.424713,22.554474,1011.0131,-2.2615643,0.516143,0.06953978,53.03898,0.0
2021-04-07 12:00:00,32.183624,22.50357,1007.0112,-3.8128138,1.7987401,0.8149955,56.701702,0.0
2021-04-07 18:00:00,26.88681,24.389496,1009.2506,-1.7179136,1.5081942,0.22485352,86.22656,0.0
2021-04-08 00:00:00,25.207489,23.641754,1007.7825,1.1717081,0.7013614,0.57138115,91.050545,0.00019086292
2021-04-08 06:00:00,33.145172,22.46634,1009.1456,-1.0552444,1.6087362,0.17658138,53.589638,0.0
2021-04-08 12:00:00,31.70633,23.250763,1004.57874,-3.2799654,2.3828332,0.18367004,60.953182,0.0
2021-04-08 18:00:00,28.196228,23.49118,1007.6144,-1.4869852,2.3763332,0.5930918,75.66995,0.0
2021-04-09 00:00:00,27.592957,24.631195,1006.6356,-0.05270195,1.1715101,0.2800702,83.934296,0.0013355166
2021-04-09 06:00:00,33.43277,21.705353,1008.4487,-1.8939848,1.6792123,0.21927905,50.34238,0.0
2021-04-09 12:00:00,31.677765,23.142853,1004.53625,-3.599204,1.58886,0.2096464,60.655224,0.0
2021-04-09 18:00:00,27.805817,24.221893,1007.9506,-1.5775042,1.6552672,0.011962891,80.88975,0.0
2021-04-10 00:00:00,27.519653,23.856262,1007.29626,-1.0291157,1.3436723,0.19930774,80.46786,0.027084628
2021-04-10 06:00:00,33.012115,24.585602,1009.8194,-2.6412601,1.4709071,0.4308141,61.34966,0.0285179
2021-04-10 12:00:00,31.58255,22.918488,1006.765,-3.3633242,0.8063046,0.07693494,60.161705,0.0
2021-04-10 18:00:00,27.66278,24.662994,1010.0325,-1.5119095,0.9105879,0.072509766,83.75138,0.00047683716
2021-04-11 00:00:00,26.943481,24.027435,1008.97626,-0.9807453,0.20141816,0.10546726,84.09374,0.0144112855
2021-04-11 06:00:00,33.130157,23.530182,1010.9269,-2.6256542,0.5449947,0.3834328,57.20183,0.0
2021-04-11 12:00:00,30.315338,23.993408,1007.9437,-3.85363,-0.53699684,0.30074292,69.00503,0.0
2021-04-11 18:00:00,28.107025,25.059235,1010.97687,-1.5974741,0.6033908,0.7729727,83.56094,0.0
2021-04-12 00:00:00,27.680878,24.612305,1009.3256,-0.71841335,1.1005827,0.80700254,83.40972,0.25882503
2021-04-12 06:00:00,31.113434,23.998688,1011.77435,-1.4276075,0.33451688,0.6044294,65.948746,0.0
2021-04-12 12:00:00,29.996552,24.543854,1007.66626,-2.9740324,0.8714029,0.9012788,72.63697,0.0
2021-04-12 18:00:00,27.754242,25.074982,1011.2406,-1.1840992,0.3776574,0.969807,85.37863,0.0021951273
2021-04-13 00:00:00,26.44751,24.202637,1009.585,0.229949,1.099899,0.8575775,87.50078,0.06269943
2021-04-13 06:00:00,31.72293,24.07022,1011.12,-2.3438368,0.8464713,0.93819153,63.97637,0.0
2021-04-13 12:00:00,31.470856,23.892487,1006.8631,-3.0280476,1.2088394,0.9448004,64.20953,0.016566962
2021-04-13 18:00:00,27.876007,25.24234,1010.45435,-1.1071529,1.0443087,0.9807261,85.62288,0.0
2021-04-14 00:00:00,27.71225,24.451324,1008.3856,-0.45565128,1.2013488,0.4587835,82.45887,0.2519917
2021-04-14 06:00:00,32.305695,23.52127,1010.2512,-0.7716055,1.9665661,0.9983292,59.888947,0.0
2021-04-14 12:00:00,29.67331,23.533356,1006.6625,-2.7760086,1.665947,0.93079686,69.64331,0.0
2021-04-14 18:00:00,27.825165,24.662079,1009.5475,-0.6589546,2.3015547,0.98269993,82.95609,0.0
2021-04-15 00:00:00,26.499115,24.189941,1008.41125,1.3943112,0.77359295,1.0,87.16852,0.0
2021-04-15 06:00:00,30.2482,23.809387,1010.21185,0.62988204,-0.25214767,0.9571252,68.50912,0.089609556
2021-04-15 12:00:00,27.85849,24.772156,1006.1925,-2.635849,1.1759081,0.9444041,83.341225,0.38885286
2021-04-15 18:00:00,26.250397,23.6109,1009.48627,-0.11710262,1.3849282,0.9638711,85.431305,0.512076
2021-04-16 00:00:00,25.922882,23.477997,1007.375,1.0389432,0.7272885,0.99304724,86.40723,0.0
2021-04-16 06:00:00,32.22513,24.889496,1009.08435,0.7465041,2.3354545,1.000001,65.30759,0.01554435
2021-04-16 12:00:00,31.42923,25.062775,1005.53937,-1.8424015,3.5607467,0.956482,69.03175,0.0042890953
2021-04-16 18:00:00,28.67984,25.05545,1009.09875,0.6423512,2.953518,0.9427236,80.80566,0.0
2021-04-17 00:00:00,27.632751,24.866241,1007.5744,1.7902585,1.099962,0.96817195,84.92321,0.0
2021-04-17 06:00:00,34.351837,23.688507,1009.295,0.4640628,1.6586044,0.9177424,53.9368,0.0047683716
2021-04-17 12:00:00,33.07425,25.151886,1005.79,-1.745615,3.4252615,0.60466975,63.237286,0.0
2021-04-17 18:00:00,29.381378,25.753876,1009.8125,0.13969618,3.7399597,0.9429637,80.87995,0.0
2021-04-18 00:00:00,28.490967,25.765656,1009.45624,0.94425064,1.5221897,0.76834875,85.21923,0.0028628856
2021-04-18 06:00:00,34.444122,23.901337,1010.34436,0.3540702,2.3452802,0.09814207,54.35199,0.008581206
2021-04-18 12:00:00,32.26956,25.805939,1006.91565,-0.851923,4.687885,0.062454224,68.79257,0.0
2021-04-18 18:00:00,29.204498,25.780182,1009.6331,1.3190246,3.869955,1.0000002,81.83798,0.0
2021-04-19 00:00:00,28.71289,25.263885,1007.6156,1.7442005,2.5755498,0.9395661,81.658165,0.0
2021-04-19 06:00:00,35.01358,23.143646,1008.435,1.2150555,1.7594244,0.35845685,50.309204,0.0038146973
2021-04-19 12:00:00,32.97574,25.294952,1004.4231,-0.91065216,4.6425824,0.06891632,64.13221,0.0
2021-04-19 18:00:00,29.544739,25.970367,1007.3675,0.33953533,4.2171726,0.22730613,81.15553,0.0
2021-04-20 00:00:00,28.33957,25.96286,1006.2081,1.3012491,2.0605006,0.7391501,86.9828,0.0016228296
2021-04-20 06:00:00,34.1221,23.82254,1007.5037,0.9693929,1.2246194,0.8780029,55.074074,0.0
2021-04-20 12:00:00,32.677155,25.233063,1004.0031,-1.4369392,3.9302216,0.9600538,64.9794,0.0
2021-04-20 18:00:00,29.708221,26.168488,1007.3119,-0.12701702,3.2771397,0.9315418,81.34236,0.0
2021-04-21 00:00:00,28.762787,25.71408,1007.58374,1.0413862,2.0319233,0.4174974,83.62919,0.0020051375
2021-04-21 06:00:00,34.601593,23.706818,1008.97437,-0.42333412,1.4748716,0.23706004,53.251392,0.0
2021-04-21 12:00:00,32.622955,24.763336,1005.5563,-2.7073526,3.7062416,0.1377716,63.378098,0.0
2021-04-21 18:00:00,29.710327,25.867462,1008.8144,0.4152243,4.1436205,0.55819994,79.89659,0.0
2021-04-22 00:00:00,27.959412,25.65326,1007.91565,0.91977906,1.3591923,0.22154841,87.31345,0.00095553696
2021-04-22 06:00:00,34.52713,23.453278,1008.8194,-1.041893,1.4801333,0.2095303,52.661507,0.0
2021-04-22 12:00:00,32.047516,24.858551,1005.835,-2.3632107,4.2899227,0.17619573,65.84537,0.0
2021-04-22 18:00:00,29.329407,25.85147,1008.8744,0.3635636,3.465742,0.8633587,81.59355,0.0
2021-04-23 00:00:00,28.28238,26.137787,1008.16815,0.7122965,1.6455517,0.57257915,88.180504,0.0
2021-04-23 06:00:00,35.279205,23.137848,1008.5637,0.46209222,1.2624085,0.95456797,49.55755,0.0034333207
2021-04-23 12:00:00,32.774567,24.916779,1004.5425,-1.8994179,3.608283,0.8585635,63.41728,0.0
2021-04-23 18:00:00,29.846008,25.595856,1008.5156,0.4160986,2.7542064,0.97777176,78.00858,0.0
2021-04-24 00:00:00,28.4805,25.384369,1007.4244,0.96340275,1.2213373,0.96387726,83.36257,0.01565367
2021-04-24 06:00:00,34.178986,23.025604,1007.65063,-0.8310089,1.5224904,0.95718676,52.32262,0.0
2021-04-24 12:00:00,32.472565,24.22049,1004.5469,-3.1234922,2.5769482,0.8242651,61.87473,0.0
2021-04-24 18:00:00,28.706024,25.599762,1008.355,-1.1096935,1.7676897,0.11960602,83.33775,0.009535346
2021-04-25 00:00:00,27.976746,25.135681,1007.10876,-0.21844006,1.5746794,0.334041,84.58231,0.011944678
2021-04-25 06:00:00,32.665436,24.109589,1008.5525,-1.289237,2.2771568,0.2600451,60.799526,0.0
2021-04-25 12:00:00,32.24991,25.405304,1004.76685,-1.978117,2.8940806,0.17088318,67.2507,0.0
2021-04-25 18:00:00,29.026428,25.626617,1007.53125,-1.7246418,2.2018318,0.7224082,81.93545,0.0
2021-04-26 00:00:00,28.767609,25.582458,1006.64435,-0.07250404,1.8535657,0.56267446,82.95542,0.20274086
2021-04-26 06:00:00,33.30069,24.409088,1008.10376,-1.2567062,2.992111,0.33412862,59.72924,0.0
2021-04-26 12:00:00,32.226715,25.04721,1004.33685,-1.9913454,2.6283712,0.2530847,65.91882,0.04079193
2021-04-26 18:00:00,29.712158,25.647003,1007.6138,-0.5226002,3.3253164,0.48847866,78.85083,0.0
2021-04-27 00:00:00,28.480621,25.610443,1006.77185,1.1578994,1.4890077,0.13679093,84.48902,0.012969598
2021-04-27 06:00:00,33.53763,23.949493,1008.325,-0.33879185,2.1573775,0.14277114,57.338463,0.022225082
2021-04-27 12:00:00,31.822174,25.20987,1005.0737,-1.5171518,3.3923032,0.23873208,68.10265,0.0
2021-04-27 18:00:00,29.525238,26.196075,1008.5725,-0.08746815,3.3623428,0.10244855,82.33868,0.0
2021-04-28 00:00:00,28.371368,25.958405,1008.15686,0.50072896,2.2273228,0.17892858,86.7992,0.002861023
2021-04-28 06:00:00,34.99588,23.563507,1008.8869,-0.47111034,1.9947529,0.13980809,51.65115,0.0
2021-04-28 12:00:00,33.16385,25.134674,1004.52374,-1.830287,3.5759544,0.04323578,62.855392,0.0
2021-04-28 18:00:00,29.960022,26.168365,1008.3025,-0.08493471,3.6906347,0.011450689,80.17196,0.0
2021-04-29 00:00:00,29.506317,26.286652,1007.33875,1.0640967,1.5865947,0.30380708,82.8708,0.00667572
2021-04-29 06:00:00,34.916656,23.568268,1008.21436,-0.94375324,1.4096065,0.602051,51.89335,0.002480112
2021-04-29 12:00:00,33.081207,26.121002,1004.1856,-2.032895,3.6141386,0.24611418,66.95433,0.0
2021-04-29 18:00:00,30.21817,26.435333,1007.17377,-0.18883419,3.60252,0.896024,80.24741,0.0
2021-04-30 00:00:00,29.059906,25.469086,1006.15063,-0.47338474,0.6521111,0.18829834,81.01552,0.024329871
2021-04-30 06:00:00,33.00357,25.7753,1007.8719,-3.0099487,2.0393257,0.27234566,65.884766,0.062350184
2021-04-30 12:00:00,32.61551,25.128265,1004.1931,-2.896554,1.3269305,0.17209625,64.79998,0.0
2021-04-30 18:00:00,28.784058,26.112396,1007.1106,-1.2259912,1.4729776,0.5414499,85.51968,0.0013355166
2021-05-01 00:00:00,28.290863,25.446869,1006.4325,0.09037113,1.1418139,0.6333224,84.60054,0.052748546
2021-05-01 06:00:00,32.936676,24.990875,1007.89685,-2.93919,1.743547,0.8215318,63.11971,0.041272573
2021-05-01 12:00:00,32.955475,24.42331,1004.84375,-2.5683365,2.0192604,0.5217452,60.9505,0.012945004
2021-05-01 18:00:00,29.397522,25.517822,1008.1094,-1.0551147,1.4294223,0.9376922,79.68063,0.0
2021-05-02 00:00:00,28.1857,24.878235,1007.01874,0.5361824,1.097281,0.93793106,82.2859,0.0
2021-05-02 06:00:00,33.265045,24.381866,1008.355,-2.4962225,0.8462311,0.6134172,59.75131,0.039752852
2021-05-02 12:00:00,31.845856,24.69107,1004.6925,-3.3147745,1.1964456,0.82592154,65.93902,0.0
2021-05-02 18:00:00,29.360992,25.595673,1007.2562,-1.6703272,0.74645436,0.9499337,80.21877,0.013554031
2021-05-03 00:00:00,28.031097,24.730072,1006.5925,-0.7911606,1.4601591,0.8090267,82.29913,0.22632477
2021-05-03 06:00:00,33.476715,24.058624,1007.8881,-2.4331322,1.2741206,0.97308964,57.912827,0.0
2021-05-03 12:00:00,32.350372,24.198578,1004.1225,-3.5577278,1.4335554,0.8354454,62.221252,0.0
2021-05-03 18:00:00,28.94281,25.283539,1007.3281,-0.7586565,1.5578098,0.9991082,80.67158,0.0087842345
2021-05-04 00:00:00,27.685059,24.900879,1006.395,0.5424758,1.8624277,0.8694307,84.83914,0.09393692
2021-05-04 06:00:00,33.32547,24.372833,1007.7075,-1.285594,2.0344944,0.97523516,59.516914,0.0
2021-05-04 12:00:00,32.007965,24.346497,1003.93,-3.1927538,3.2660484,0.8466441,64.00286,0.0
2021-05-04 18:00:00,28.677277,24.944427,1007.76685,0.08776665,1.9337225,0.96817416,80.28448,0.0
2021-05-05 00:00:00,27.913422,24.522827,1005.6244,0.5067377,0.24865568,0.9602296,81.84546,0.0023860484
2021-05-05 06:00:00,33.271515,24.427643,1007.4225,-2.4692087,0.49748164,0.7451583,59.8936,0.1254938
2021-05-05 12:00:00,31.876617,24.61441,1004.1281,-4.0603914,1.518548,0.85778815,65.52318,0.0
2021-05-05 18:00:00,28.549866,25.560242,1007.90186,-1.2034531,1.0278697,0.7934771,83.89946,0.0
2021-05-06 00:00:00,28.918823,24.894867,1006.4288,-1.239295,1.3022888,0.60617495,78.93441,0.04425971
2021-05-06 06:00:00,32.995514,25.598358,1008.83185,-2.86376,1.3063169,0.28331757,65.22641,0.0205121
2021-05-06 12:00:00,32.275543,25.39505,1004.9931,-3.0566711,0.6917071,0.16858953,67.112404,0.11204537
2021-05-06 18:00:00,28.688873,25.722687,1008.28186,-1.8491611,1.3303425,0.25636274,84.031334,0.085768044
2021-05-07 00:00:00,27.923706,24.975922,1007.4894,-0.11365795,1.0798918,0.5986629,84.04038,0.04300779
2021-05-07 06:00:00,33.57364,24.97586,1009.7625,-3.342803,1.2658714,0.93777525,60.849033,0.0
2021-05-07 12:00:00,31.092804,24.831512,1005.8831,-4.12646,0.82961076,0.46898896,69.40271,0.0
2021-05-07 18:00:00,28.251953,25.390656,1009.2081,-1.4098778,0.5858118,0.61269176,84.50946,0.029101968
2021-05-08 00:00:00,28.240417,24.924469,1007.0025,-0.26722145,0.23945153,0.9816011,82.25074,0.048625775
2021-05-08 06:00:00,32.442535,26.019623,1008.2575,-2.2866335,0.16900516,0.39375114,68.99129,0.0
2021-05-08 12:00:00,32.192535,23.338715,1004.41565,-4.2183104,0.5683623,0.40246147,59.6131,0.0
2021-05-08 18:00:00,28.961548,24.985657,1007.52814,-1.6940813,-0.076645374,0.14093615,79.16696,0.0017173588
2021-05-09 00:00:00,28.483582,24.580078,1005.48126,-0.7916565,0.13896912,0.11557394,79.444626,0.02804026
2021-05-09 06:00:00,33.082672,24.88327,1007.35,-2.185566,1.2711256,0.38736832,62.203262,0.18309394
2021-05-09 12:00:00,31.292877,24.777924,1003.4469,-2.243225,1.4663854,0.7720932,68.39708,0.0
2021-05-09 18:00:00,28.906738,25.57608,1006.82,-0.5068073,2.4365396,0.7775714,82.25807,0.0
2021-05-10 00:00:00,28.481354,24.899384,1005.1669,1.049745,1.3705459,0.7215699,80.98504,0.044748187
2021-05-10 06:00:00,33.119904,24.350311,1007.02374,-0.99193573,1.8445387,0.8403293,60.126392,0.071404666
2021-05-10 12:00:00,32.962555,25.00766,1003.65186,-1.814394,3.0470686,0.5538621,63.091026,0.0
2021-05-10 18:00:00,29.286804,25.499115,1006.3756,0.49137717,3.3085632,0.93861073,80.102554,0.018902123
2021-05-11 00:00:00,28.11142,25.417725,1005.39685,1.223569,2.9565468,0.95920384,85.341125,0.0
2021-05-11 06:00:00,34.41861,24.45047,1006.4419,1.2052512,3.3844833,0.5194192,56.252117,0.0
2021-05-11 12:00:00,33.253082,26.1221,1002.6575,-0.37409878,5.2665987,0.18707341,66.315605,0.01392141
2021-05-11 18:00:00,30.408936,25.709045,1006.1294,0.8324742,4.5376997,0.89311963,76.03699,0.0
2021-05-12 00:00:00,29.129852,25.60556,1004.66876,1.3074524,2.7746077,0.9999999,81.34499,0.0013411045
2021-05-12 06:00:00,34.047516,25.124603,1004.8744,0.16557121,2.336543,0.994442,59.786343,0.0123903155
2021-05-12 12:00:00,33.109283,25.690582,1001.2706,-1.0658264,4.7469063,0.9715184,65.16635,0.0
2021-05-12 18:00:00,30.165771,26.084534,1004.2444,0.817046,4.4776573,0.96344256,78.83845,0.0145140905
2021-05-13 00:00:00,29.277496,25.808807,1003.28815,0.78826535,2.7134259,0.99927914,81.63193,0.0
2021-05-13 06:00:00,35.286774,25.071564,1004.6719,-0.48027992,1.9537425,0.9622692,55.63342,0.02688542
2021-05-13 12:00:00,31.301178,25.738922,1001.7644,-1.9531994,4.0683565,0.9739567,72.388275,0.0
2021-05-13 18:00:00,29.426086,25.806335,1004.97064,1.502315,2.6881106,0.97153014,80.92278,0.22545442
2021-05-14 00:00:00,28.227356,25.269318,1003.11127,0.7084834,0.7073135,0.99888843,84.022,0.0
2021-05-14 06:00:00,35.36685,23.497467,1003.58185,1.0134791,2.382553,0.98161125,50.400574,0.0005720649
2021-05-14 12:00:00,32.969147,24.574738,1000.905,0.8596029,5.5157337,0.9992717,61.45811,0.0
2021-05-14 18:00:00,29.900665,23.555084,1003.4531,2.7322874,5.63624,1.0,68.828125,0.00047683716
2021-05-15 00:00:00,28.651154,22.319794,1002.46936,3.4979272,3.9915009,1.0,68.64801,0.00028684735
2021-05-15 06:00:00,33.25461,22.596832,1003.85376,3.0096655,5.055496,1.0,53.68524,0.0
2021-05-15 12:00:00,31.529572,24.980682,1001.0656,2.1439886,4.354291,1.0,68.304085,0.19964477
2021-05-15 18:00:00,29.100067,24.36795,1003.4531,2.6363707,4.03502,0.8379899,75.68843,0.0
2021-05-16 00:00:00,28.706024,24.148163,1002.9519,1.5909736,2.8180268,0.9960449,76.42213,0.0
2021-05-16 06:00:00,34.706085,23.054413,1004.93,2.6189418,3.2957506,0.5329548,50.8992,0.0024791807
2021-05-16 12:00:00,31.144196,26.0065,1002.40686,1.2053242,3.3783362,0.26942152,74.20519,0.8676657
2021-05-16 18:00:00,29.127289,25.393524,1004.8844,0.5754897,2.9917355,0.22605594,80.33877,0.0
2021-05-17 00:00:00,28.883759,23.903717,1004.84436,1.8071682,1.7817346,0.15018791,74.536446,0.0
2021-05-17 06:00:00,35.277252,23.868011,1005.8688,0.22668982,2.347124,0.025555544,51.79363,0.007157214
2021-05-17 12:00:00,33.304474,25.597809,1002.9306,-0.92769337,4.1401463,0.25512695,64.10242,0.0
2021-05-17 18:00:00,29.13205,26.152374,1006.5025,-0.055177093,4.01958,0.40349716,84.01215,0.044438988
2021-05-18 00:00:00,28.739532,25.453705,1005.08124,0.43917453,2.5794508,0.3011344,82.4576,0.0
2021-05-18 06:00:00,34.742462,24.989655,1006.2006,0.54726464,2.1516895,0.14866991,57.057476,0.05703233
2021-05-18 12:00:00,34.090485,25.398468,1003.10315,-1.378171,4.4036713,0.63011,60.623146,0.0
2021-05-18 18:00:00,29.72763,26.394196,1005.5662,0.5205028,4.2169685,0.2420221,82.341805,0.0
2021-05-19 00:00:00,29.479858,26.058868,1004.6181,1.1257741,2.19937,0.36089104,81.88743,0.019185245
2021-05-19 06:00:00,35.272614,24.365204,1005.38873,0.9459711,2.1754014,0.3154912,53.376133,0.0
2021-05-19 12:00:00,32.592316,25.556915,1002.34625,-0.25801945,4.636957,0.26024222,66.56005,0.0
2021-05-19 18:00:00,29.226044,24.805573,1005.4931,2.3056104,2.6347752,0.32766503,77.13172,0.06566942
2021-05-20 00:00:00,28.315674,24.417694,1004.7587,2.4803698,1.6531247,0.7116576,79.44809,0.0
2021-05-20 06:00:00,34.45352,23.618134,1006.3569,1.1342608,2.415231,0.8641098,53.405605,0.005815899
2021-05-20 12:00:00,30.628876,24.680817,1003.3794,1.5469491,4.5529237,0.99960315,70.62713,0.0
2021-05-20 18:00:00,28.478668,24.610748,1006.0525,1.1270232,4.316846,0.9992133,79.61321,0.083863735
2021-05-21 00:00:00,26.963898,24.861298,1005.40314,1.7673032,1.4163067,1.0,88.29257,0.49335605
2021-05-21 06:00:00,31.615753,24.616669,1006.7925,2.9080725,2.6934261,0.90366846,66.509056,0.0
2021-05-21 12:00:00,31.266083,23.183868,1004.005,1.7384086,3.8795128,1.0,62.245537,0.0
2021-05-21 18:00:00,27.110504,25.215912,1006.27936,1.2689428,2.4001172,0.992651,89.40562,0.61014295
2021-05-22 00:00:00,28.24649,23.713654,1004.6156,2.4076672,1.3654578,1.0,76.467,0.0
2021-05-22 06:00:00,33.86856,23.15158,1006.4944,3.2772903,1.7236967,0.9992789,53.644035,0.0
2021-05-22 12:00:00,32.638947,24.990082,1002.8063,1.7605946,4.537879,1.0,64.18366,0.0
2021-05-22 18:00:00,28.718262,24.991058,1005.16,2.366724,2.2408442,0.99733925,80.31685,0.0
2021-05-23 00:00:00,28.185211,23.400116,1003.8162,3.728941,2.3712344,0.9959343,75.30376,0.0
2021-05-23 06:00:00,32.900665,22.75003,1005.87,3.8445606,1.1438885,1.0,55.27491,0.048920512
2021-05-23 12:00:00,32.96707,22.629791,1002.65814,0.4207198,2.8828297,1.0000004,54.66863,0.0
2021-05-23 18:00:00,29.3797,26.985077,1006.1838,2.1691446,3.7904813,1.0,86.984116,0.0068731606
2021-05-24 00:00:00,29.460846,24.112457,1003.8756,3.6394768,1.9275221,1.0,73.00046,0.0
2021-05-24 06:00:00,36.286774,21.097198,1004.46814,4.4540014,-0.07810116,1.0,41.40032,0.009343028
2021-05-24 12:00:00,36.51822,20.926178,1001.57874,1.442997,3.09533,1.0,40.450752,0.0
2021-05-24 18:00:00,31.884369,23.800934,1004.46124,3.1106358,2.902993,1.0,62.375683,0.0
2021-05-25 00:00:00,29.751678,22.277924,1003.145,3.64509,3.1737642,1.0,64.25365,0.0
2021-05-25 06:00:00,36.22342,21.756378,1004.4225,4.1862087,1.9898554,1.0,43.256115,0.004195608
2021-05-25 12:00:00,33.380035,24.635773,1001.6425,2.015454,6.1814213,1.0,60.276134,0.15467754
2021-05-25 18:00:00,29.13974,25.375153,1005.03186,3.1652918,2.33002,1.0,80.19332,0.0
2021-05-26 00:00:00,27.58487,23.66098,1002.91315,3.4656992,2.367566,0.99802226,79.22491,0.20704046
2021-05-26 06:00:00,34.46878,22.863434,1002.8762,5.616001,1.510056,0.99960387,50.982048,0.0
2021-05-26 12:00:00,34.51761,21.571686,1000.52,3.7645836,2.7930403,0.9996032,46.998543,0.0
2021-05-26 18:00:00,29.993378,22.124176,1004.4938,3.8313494,3.501421,0.9598231,62.776237,0.0
2021-05-27 00:00:00,28.667877,22.0383,1003.0069,4.3788624,2.2759705,0.043604966,67.41582,0.0
2021-05-27 06:00:00,36.39102,20.411774,1003.3306,5.5582256,-0.4803276,0.6514996,39.463432,0.0
2021-05-27 12:00:00,36.48282,21.269928,1000.735,0.8106699,2.7498426,0.7415636,41.39379,0.002669869
2021-05-27 18:00:00,30.999115,22.9794,1004.47375,3.3465567,2.2218704,0.40708506,62.42293,0.0
2021-05-28 00:00:00,30.288483,19.531403,1003.7587,3.7686481,0.706069,0.7446784,52.62124,0.0
2021-05-28 06:00:00,36.308014,18.26236,1004.6912,3.2491853,-0.11611462,0.84410554,34.6807,0.0
2021-05-28 12:00:00,36.085358,20.110504,1001.9025,-0.15460682,3.320921,0.3947326,39.391373,0.0
2021-05-28 18:00:00,30.444244,24.555573,1005.8025,1.1580553,3.5144992,0.89698493,70.84488,0.0
2021-05-29 00:00:00,29.749939,22.25534,1004.51935,3.416295,0.3649025,0.99927914,64.171814,0.0
2021-05-29 06:00:00,36.41568,21.19754,1005.1987,2.3735242,0.57136154,0.99614924,41.36243,0.0
2021-05-29 12:00:00,35.018463,22.340973,1002.6919,0.80300903,4.0085335,0.97277313,47.906147,0.0
2021-05-29 18:00:00,30.582428,23.64859,1006.3219,1.9178038,2.8125792,0.3521131,66.56254,0.0
2021-05-30 00:00:00,29.503235,20.865875,1004.6838,3.6471443,-0.050707817,0.8874835,59.78574,0.0
2021-05-30 06:00:00,36.49991,21.365387,1004.8619,2.6531692,-0.12192631,0.03278351,41.597717,0.0
2021-05-30 12:00:00,35.370026,22.943146,1001.89374,-1.0832691,3.133279,0.6954924,48.731895,0.0
2021-05-30 18:00:00,31.320648,22.412994,1005.8775,1.744892,2.936432,0.5411942,59.219765,0.014677644
2021-05-31 00:00:00,29.769379,20.65091,1004.33435,2.554843,0.16627121,0.9978268,58.10212,0.0
2021-05-31 06:00:00,36.673492,21.368805,1003.52124,2.623198,0.5144935,0.7285518,41.212643,0.0
2021-05-31 12:00:00,34.605377,23.224396,1000.64,0.39274693,4.574246,0.5778166,51.713474,0.0
2021-05-31 18:00:00,31.332794,24.277863,1004.275,2.149104,2.4754343,0.5291071,66.23034,0.0
2021-06-01 00:00:00,29.129364,21.76352,1003.87,4.3448534,0.2528143,0.6611962,64.546104,0.0
2021-06-01 06:00:00,36.426178,21.803864,1004.3275,2.359307,0.8443982,0.67895156,42.901634,0.0
2021-06-01 12:00:00,35.206207,23.212921,1001.6919,-0.33840466,4.7034664,0.43049365,49.984364,0.0022947788
2021-06-01 18:00:00,30.29123,25.813995,1004.76373,0.7200011,3.4505157,0.23133701,77.02946,0.0
2021-06-02 00:00:00,29.918335,23.16861,1004.515,2.16332,1.1177626,0.14520651,67.17287,0.0
2021-06-02 06:00:00,35.849518,22.91043,1003.9944,0.55220604,0.06942594,0.07033539,47.36578,0.0
2021-06-02 12:00:00,34.06485,24.127838,1002.48065,-2.291232,3.7414322,0.27841187,56.272976,0.0015256228
2021-06-02 18:00:00,29.02121,25.375153,1005.8638,1.1154695,3.277437,0.35856682,80.74507,0.14952
2021-06-03 00:00:00,28.399567,25.417511,1004.72375,0.5896542,1.3804169,0.8612088,83.9208,0.0
2021-06-03 06:00:00,35.727936,23.724274,1005.5563,-0.36065006,1.069333,0.5194031,50.08577,0.0
2021-06-03 12:00:00,32.792877,25.474518,1003.255,-2.9426498,3.510232,0.907319,65.49086,0.0
2021-06-03 18:00:00,29.50882,25.862396,1007.2081,0.079491615,2.9470053,0.9193039,80.80549,0.026144747
2021-06-04 00:00:00,28.165741,25.133362,1006.42065,0.03798008,0.8754358,0.97466505,83.64426,0.0
2021-06-04 06:00:00,33.71219,24.474121,1007.3425,-0.44233227,-0.15406513,0.97315544,58.596058,0.097253785
2021-06-04 12:00:00,30.616486,25.003265,1004.10565,-2.5773773,2.8811266,0.8500218,72.05076,0.0
2021-06-04 18:00:00,26.406921,24.345825,1007.4412,1.3821533,-0.30613726,0.93048424,88.46665,2.666517
2021-06-05 00:00:00,27.33255,25.25238,1006.0662,0.10853994,1.0498908,0.9910771,88.44067,0.0
2021-06-05 06:00:00,31.530182,24.548004,1007.83124,1.4531541,2.2159405,0.98959965,66.55921,0.0
2021-06-05 12:00:00,31.153473,24.00058,1004.705,0.62188697,4.192251,0.9622045,65.80592,0.0
2021-06-05 18:00:00,27.184357,24.089752,1007.855,2.0527973,0.41053414,0.9612217,83.2236,0.0022649765
2021-06-06 00:00:00,26.532867,24.195007,1006.5425,1.9744248,1.3146101,0.99733937,87.02168,0.0
2021-06-06 06:00:00,31.845367,23.080536,1007.595,2.6994848,0.36246204,0.98090905,59.855312,0.0018114224
2021-06-06 12:00:00,33.29361,22.954132,1004.1294,0.40957165,3.3257113,1.0,54.740887,0.0
2021-06-06 18:00:00,28.94571,25.257233,1006.8013,1.3524079,3.8389206,0.22922894,80.5319,0.0
2021-06-07 00:00:00,28.103302,25.551788,1006.0594,1.6056603,1.5564847,0.8053984,86.06419,0.0
2021-06-07 06:00:00,34.429718,23.519318,1006.46124,2.0565383,1.3137113,0.84547,53.15888,0.001525972
2021-06-07 12:00:00,33.537262,24.56363,1003.52625,0.23897934,4.4995155,0.32431865,59.490234,0.0
2021-06-07 18:00:00,28.989166,25.706879,1006.64935,1.2385362,4.078764,0.9308368,82.50427,0.000574626
2021-06-08 00:00:00,28.970734,25.966888,1004.68,2.3912363,2.3302977,0.7335161,83.87463,0.0
2021-06-08 06:00:00,33.244904,24.823822,1006.1719,1.4308078,1.6937426,0.80542094,61.420887,0.0022854656
2021-06-08 12:00:00,31.01529,25.37259,1003.70435,1.1228399,2.7992728,0.87935305,71.993904,0.0008624047
2021-06-08 18:00:00,28.909088,25.452179,1006.3006,0.770658,3.6107893,0.9452772,81.64387,0.0040978193
2021-06-09 00:00:00,28.246582,23.864777,1004.1269,2.748783,1.092015,0.966619,77.16499,0.0
2021-06-09 06:00:00,34.49234,21.315948,1005.1456,3.6535692,0.9595528,0.42219478,46.333324,0.0
2021-06-09 12:00:00,33.70279,22.937164,1001.96063,0.7186032,4.131568,0.92894554,53.44557,0.0
2021-06-09 18:00:00,30.289581,25.386871,1005.6219,2.2783942,2.855975,1.0,75.108215,0.0
2021-06-10 00:00:00,29.044128,21.13919,1002.97626,3.736703,0.6960427,0.34874564,62.432163,0.0
2021-06-10 06:00:00,35.43863,21.488861,1003.77185,3.8456335,0.7335232,0.98528194,44.434036,0.000381493
2021-06-10 12:00:00,34.51529,22.473663,1001.2556,1.326477,2.588896,0.9589053,49.661926,0.0
2021-06-10 18:00:00,29.946625,26.074127,1004.9231,2.4913578,3.5485053,0.9503898,79.78792,0.0
2021-06-11 00:00:00,29.427765,20.908112,1002.90564,4.1376724,0.5986964,0.99008864,60.202747,0.0
2021-06-11 06:00:00,34.40213,20.919342,1004.2994,4.2473173,1.2105248,0.9944392,45.44639,0.0
2021-06-11 12:00:00,34.949127,20.993195,1001.54626,1.5491571,3.221961,0.86289984,44.287033,0.0
2021-06-11 18:00:00,30.090118,25.34256,1004.4356,1.8989418,3.3477278,0.9992789,75.77287,0.0
2021-06-12 00:00:00,28.93692,21.36972,1003.415,4.1621532,1.0882242,0.9656514,63.715218,0.0
2021-06-12 06:00:00,35.25589,21.909332,1003.9844,4.595254,1.5548713,0.08919287,46.053535,0.0
2021-06-12 12:00:00,33.18936,22.839996,1001.4944,3.2466955,2.3986697,0.74364245,54.68273,0.0064969063
2021-06-12 18:00:00,27.619171,24.278107,1005.9856,3.9313383,0.398686,1.0,82.05287,0.9923985
2021-06-13 00:00:00,27.872223,22.687836,1003.6163,2.9077377,1.8359394,0.9999996,73.455666,0.0
2021-06-13 06:00:00,34.399567,22.15384,1004.2544,5.6592855,0.97914,0.9616763,49.019554,0.0
2021-06-13 12:00:00,34.85147,20.393463,1001.5469,3.854947,2.602515,1.0000002,42.912907,0.0038146973
2021-06-13 18:00:00,29.978058,22.397614,1004.79065,4.9699736,1.1869651,0.8468895,63.88587,0.004194677
2021-06-14 00:00:00,28.589508,21.984283,1004.3175,4.8061104,2.3530102,0.99572766,67.50048,0.0
2021-06-14 06:00:00,32.37332,21.510773,1004.4888,7.4959993,0.99067146,1.0000002,52.801903,0.0129677355
2021-06-14 12:00:00,33.122467,19.727692,1002.4725,6.110199,0.41978455,1.0000005,45.353214,0.0
2021-06-14 18:00:00,29.954254,20.26944,1004.535,4.897295,1.1078974,1.0,56.150414,0.0
2021-06-15 00:00:00,28.635895,21.049774,1003.1131,3.1922007,2.308895,0.9731666,63.576733,0.0
2021-06-15 06:00:00,35.345367,20.445953,1003.59686,6.4631205,1.5920916,0.98792183,41.890717,0.00076321885
2021-06-15 12:00:00,35.610138,20.743805,1001.09564,3.6266081,3.6029637,0.8913424,42.04752,0.0
2021-06-15 18:00:00,30.319489,21.27127,1004.45,4.4073944,0.6777045,0.99179834,58.48273,0.0
2021-06-16 00:00:00,28.785797,21.575531,1004.1125,3.373495,1.8335688,0.41213465,65.09058,0.0
2021-06-16 06:00:00,35.568634,21.460724,1005.03375,5.5390406,1.4658196,0.2652834,44.040325,0.0007628696
2021-06-16 12:00:00,34.22049,21.739899,1002.2775,4.575673,2.5754993,0.4987781,48.276237,0.0
2021-06-16 18:00:00,29.98941,21.059967,1005.91187,5.494339,-0.17136574,0.9230743,58.833366,0.0
2021-06-17 00:00:00,29.572845,21.362213,1005.14874,3.3410015,1.8172041,0.9871269,61.388588,0.0
2021-06-17 06:00:00,35.728058,20.901276,1005.6287,5.4550953,1.5489292,1.0000002,42.181675,0.0
2021-06-17 12:00:00,34.92459,21.309845,1003.295,3.4949274,4.037161,0.9877937,45.217575,0.0019073486
2021-06-17 18:00:00,30.378937,21.076202,1006.3956,4.5974045,0.99140835,0.97384566,57.590336,0.0
2021-06-18 00:00:00,29.373138,21.154938,1005.8125,4.2912474,1.0659,0.9893438,61.315502,0.0
2021-06-18 06:00:00,34.88504,20.699738,1007.07874,4.5945015,1.9209054,1.0,43.64958,0.0
2021-06-18 12:00:00,34.925446,20.489166,1004.585,2.8956075,3.4468522,0.98887116,42.990337,0.0
2021-06-18 18:00:00,30.03836,21.888336,1008.16815,2.7440372,1.3277826,1.0,61.720234,0.0
2021-06-19 00:00:00,29.3732,20.76059,1007.3069,3.9733791,0.41290957,1.0,59.847008,0.0
2021-06-19 06:00:00,35.85794,20.311188,1008.1937,4.2980375,1.2446053,0.9967409,40.385277,0.0
2021-06-19 12:00:00,34.39273,21.5878,1005.3775,2.4591227,3.6639552,0.86386305,47.372845,0.0022947788
2021-06-19 18:00:00,29.950043,23.207794,1008.6831,2.1557639,2.3202038,0.99927896,67.20954,0.0
2021-06-20 00:00:00,28.837616,21.570282,1007.6144,3.4646273,0.16768074,0.9786441,64.87454,0.0
2021-06-20 06:00:00,36.772125,20.67392,1008.0613,2.9148169,0.08327675,0.593138,39.277767,0.0
2021-06-20 12:00:00,36.10855,20.593536,1004.8181,0.7476587,1.6191015,0.3726353,40.532215,0.0064838678
2021-06-20 18:00:00,30.671173,23.280914,1007.9525,2.0142508,3.6779943,0.2704175,64.77316,0.0
2021-06-21 00:00:00,29.40158,23.104156,1007.02435,2.581355,1.8109031,0.20320517,68.93326,0.0
2021-06-21 06:00:00,36.267975,20.97647,1006.8569,3.1006546,0.4709409,0.12848723,41.136864,0.0
2021-06-21 12:00:00,35.7023,22.13382,1003.335,-0.058425903,3.8543081,0.4936716,45.55137,0.014113728
2021-06-21 18:00:00,30.00415,24.235992,1006.555,2.5034559,3.1601615,0.45286268,71.278725,0.0028549694
2021-06-22 00:00:00,28.662933,22.633698,1005.52875,1.6902695,1.3487844,0.9447316,69.922104,0.0
2021-06-22 06:00:00,34.722443,21.747223,1006.6625,1.1384293,-1.2124491,1.0000001,46.96804,0.0057211146
2021-06-22 12:00:00,33.73697,23.35318,1003.47186,-1.9051704,2.6822157,1.0,54.702152,0.0
2021-06-22 18:00:00,29.94986,25.244293,1006.6925,0.7328272,4.1354694,1.0,75.94066,0.0
2021-06-23 00:00:00,28.530365,24.805328,1005.1181,2.23845,2.101489,0.9954345,80.30272,0.0
2021-06-23 06:00:00,34.575226,22.747711,1005.935,1.6233363,1.3331463,0.99564755,50.326965,0.0064845663
2021-06-23 12:00:00,32.44046,24.24881,1003.7275,0.19563472,4.7979927,0.9825928,62.09231,0.0
2021-06-23 18:00:00,28.567657,25.51529,1006.9931,1.9212027,3.0430212,0.98691404,83.58938,0.0
2021-06-24 00:00:00,26.578888,24.993866,1005.5031,2.907731,0.9171095,1.0000002,91.03272,0.08450076
2021-06-24 06:00:00,33.21353,22.860748,1006.96686,2.7350998,0.28406203,0.9756364,54.67732,0.0
2021-06-24 12:00:00,30.999542,24.040314,1004.025,0.83318806,3.1690304,1.0,66.54455,0.0
2021-06-24 18:00:00,28.816864,25.214752,1006.9313,1.8244431,3.5235505,0.8944095,80.930374,0.0
2021-06-25 00:00:00,28.723846,21.282867,1004.77936,2.7358255,0.99229527,0.6945639,64.16441,0.0
2021-06-25 06:00:00,35.390778,19.842804,1005.2575,3.1380856,0.12745541,0.26154584,40.255814,0.0
2021-06-25 12:00:00,34.423492,21.620026,1001.7406,0.14824295,4.197414,0.86717165,47.385128,0.0
2021-06-25 18:00:00,29.235077,25.136139,1004.83124,2.0993528,3.9238174,0.08026348,78.62629,0.0
2021-06-26 00:00:00,28.738708,21.959015,1004.02374,3.2702484,0.8501692,0.999999,66.81555,0.0
2021-06-26 06:00:00,35.11978,19.911774,1004.5419,3.4236145,0.80587023,0.7012975,41.03875,0.0
2021-06-26 12:00:00,34.50479,21.651154,1002.21124,0.32073402,3.3698769,0.92919034,47.261185,0.0
2021-06-26 18:00:00,30.590118,23.809479,1005.23065,2.6078835,1.8193035,0.9827283,67.180725,0.0
2021-06-27 00:00:00,28.809204,21.41922,1004.7175,3.2573357,-0.2338419,1.0,64.38334,0.10021776
2021-06-27 06:00:00,31.575592,22.239288,1006.5075,3.0715647,-1.0423889,0.9999998,57.7541,1.0820403
2021-06-27 12:00:00,34.091583,21.839752,1004.1625,0.23369598,1.3494606,0.9570385,48.921864,0.0
2021-06-27 18:00:00,28.805847,24.85025,1007.0475,2.1342359,3.3488283,0.7082754,79.24152,0.0
2021-06-28 00:00:00,28.126343,23.282135,1005.1788,0.96877366,1.184473,0.63256836,75.026115,7.4505806e-06
2021-06-28 06:00:00,32.87784,21.289825,1006.90814,1.273159,0.078439355,0.36316437,50.63147,0.0
2021-06-28 12:00:00,32.22061,23.937653,1004.04315,-1.3135386,3.445757,0.4620329,61.7049,0.0043865293
2021-06-28 18:00:00,29.012756,24.945343,1005.8194,-0.3801635,3.2744083,0.14994282,78.74308,0.0
2021-06-29 00:00:00,27.787323,25.32138,1005.13,0.59647584,3.2199056,0.85655767,86.47306,0.0003799796
2021-06-29 06:00:00,33.51126,24.218903,1005.8475,-0.7235584,3.2722154,0.9980221,58.35945,0.12749434
2021-06-29 12:00:00,32.42093,24.425446,1003.7944,-0.58504677,4.202796,0.9848099,62.822174,0.0
2021-06-29 18:00:00,28.884827,25.413849,1006.1975,0.46720862,4.2038307,0.9125776,81.57264,0.012490898
2021-06-30 00:00:00,28.104095,25.093658,1005.2562,1.5891612,2.6781821,0.99584985,83.746826,0.0
2021-06-30 06:00:00,35.020172,24.039215,1005.3975,1.3183889,1.7941173,0.9584027,53.07917,0.021170825
2021-06-30 12:00:00,32.828766,25.330963,1002.5669,-0.7422495,4.7877073,0.9626899,64.80332,0.0
2021-06-30 18:00:00,28.509338,25.346893,1005.5644,1.1434203,4.4819107,0.2972317,83.03777,0.10269878
2021-07-01 00:00:00,27.889557,25.05841,1003.8006,0.9573418,2.4171045,0.9152878,84.62316,0.0
2021-07-01 06:00:00,34.404938,24.627167,1004.45,0.93361133,2.6921153,0.990199,56.8932,0.115769126
2021-07-01 12:00:00,32.846832,24.714447,1002.1781,-0.55178165,5.627181,0.12121582,62.401443,0.0
2021-07-01 18:00:00,26.47818,24.2117,1005.79376,2.24101,1.6651621,0.35844153,87.39015,0.0019073486
2021-07-02 00:00:00,27.041351,23.236725,1004.0144,2.228031,1.0754924,0.16301185,79.722664,0.0
2021-07-02 06:00:00,34.313995,23.381195,1004.745,2.2933233,1.5220994,0.9411327,53.058506,0.01039356
2021-07-02 12:00:00,32.545685,23.962372,1002.9775,-0.055207253,4.1908445,0.9043034,60.672604,0.0
2021-07-02 18:00:00,28.805023,25.07022,1006.7444,0.37285298,3.0466356,0.97487974,80.29181,0.0135451555
2021-07-03 00:00:00,27.817474,25.66043,1005.0644,-0.067569375,0.6266012,0.71818185,88.07715,0.0
2021-07-03 06:00:00,34.399933,23.115936,1005.85065,0.75736475,-0.14584064,0.95015824,51.96588,0.009723008
2021-07-03 12:00:00,32.707184,25.677155,1003.70435,0.6315279,2.8003402,0.75805044,66.604126,0.9133592
2021-07-03 18:00:00,28.493347,25.441742,1005.83435,0.90037644,2.088194,0.31039327,83.58491,0.0
2021-07-04 00:00:00,27.109009,25.361298,1005.1175,0.97482276,1.5464787,0.83320826,90.19017,0.0
2021-07-04 06:00:00,32.262115,24.962555,1005.805,1.1862164,0.41467094,0.47393787,65.45585,0.036898285
2021-07-04 12:00:00,31.98758,25.570892,1002.925,-1.6973581,2.3076699,0.2861069,68.931015,0.0
2021-07-04 18:00:00,26.081085,24.560303,1007.2225,1.8732269,0.8010113,0.9370117,91.35141,0.157171
2021-07-05 00:00:00,25.725922,23.65152,1004.53375,2.6279812,-0.6025591,0.9141072,88.34063,0.0
2021-07-05 06:00:00,33.735504,24.011871,1004.22064,0.7766534,-0.8232908,0.9582215,56.92,0.010298565
2021-07-05 12:00:00,33.51407,24.819366,1001.64935,-2.072585,0.78030777,0.1232049,60.484917,0.053001568
2021-07-05 18:00:00,28.059875,25.295898,1005.2612,0.56904125,3.7364197,0.8770512,84.97998,2.1229045
2021-07-06 00:00:00,27.903381,24.39859,1004.0125,1.2159919,0.8174677,0.9695105,81.28659,0.0
2021-07-06 06:00:00,34.3378,24.505157,1003.3906,1.3697977,0.30535603,0.6443243,56.69095,0.008964911
2021-07-06 12:00:00,32.375153,24.894684,1001.5806,-1.7010517,3.5045507,0.96448433,64.77637,0.0
2021-07-06 18:00:00,29.598358,25.33017,1004.3625,0.6813994,3.6120071,0.99999964,77.88952,0.0
2021-07-07 00:00:00,28.53244,25.23053,1003.1994,1.6491697,1.8745124,0.9939703,82.354324,0.0009550713
2021-07-07 06:00:00,35.031036,23.763702,1004.27563,1.0789741,1.4819334,0.49857244,52.175903,0.003526453
2021-07-07 12:00:00,32.76651,25.019073,1001.5081,-0.16320229,3.7407541,0.5548041,63.834297,0.0
2021-07-07 18:00:00,28.176727,25.123505,1005.6987,1.0251333,3.3968422,0.65781426,83.54167,0.0063851476
2021-07-08 00:00:00,27.5737,25.190765,1004.2056,1.6374466,1.6967169,0.14525774,86.88158,0.0
2021-07-08 06:00:00,35.08609,23.226227,1004.5775,2.418168,-0.07924271,0.25830442,50.358265,0.0003813766
2021-07-08 12:00:00,34.943756,24.919464,1000.33624,-2.2182827,1.9482901,0.34101057,56.18817,0.010869
2021-07-08 18:00:00,27.147308,24.965668,1004.735,0.35704994,3.8614013,0.89974713,87.8924,0.8006864
2021-07-09 00:00:00,26.423859,24.690826,1002.6894,1.5402317,-1.1796722,0.9467893,90.22173,0.0
2021-07-09 06:00:00,33.045685,23.7341,1003.3694,1.6777427,-0.05983448,0.8972566,58.18425,0.00047683716
2021-07-09 12:00:00,30.716217,26.155182,1000.35315,0.496414,2.398004,0.9560874,76.71153,1.0794874
2021-07-09 18:00:00,27.88028,24.914948,1003.0725,1.5536138,3.250662,0.7528559,83.94778,0.0
2021-07-10 00:00:00,27.726593,21.285126,1001.6731,4.5748987,1.0885794,0.991968,68.008995,0.17191795
2021-07-10 06:00:00,28.58554,24.807068,1003.1362,4.5620775,2.587903,1.0,80.05416,0.78641903
2021-07-10 12:00:00,29.909058,22.372833,1000.59875,4.1347666,1.4052484,1.0,64.04319,0.0
2021-07-10 18:00:00,28.609222,19.667145,1003.91565,5.4265623,0.8083892,0.99871874,58.46504,0.0
2021-07-11 00:00:00,27.930267,19.825592,1001.5375,4.8523235,1.3764229,0.9737141,61.422028,0.0
2021-07-11 06:00:00,32.450104,20.376434,1002.4325,5.336975,0.23605919,1.0000002,49.03261,0.0
2021-07-11 12:00:00,32.19626,21.576324,1000.4775,2.4023275,1.7680818,0.8712201,53.54721,0.00028312206
2021-07-11 18:00:00,28.92569,21.239044,1003.90314,2.2538204,2.4030008,1.0000002,63.24799,0.0
2021-07-12 00:00:00,28.559113,19.910797,1001.68,4.3569613,0.7239115,0.9983942,59.528015,0.0
2021-07-12 06:00:00,32.775055,22.236938,1002.8669,5.8422728,0.49685782,0.9958713,53.958584,0.0
2021-07-12 12:00:00,32.874725,23.09256,1000.58936,3.4012642,0.77859426,1.0,56.51586,0.29027462
2021-07-12 18:00:00,29.77475,21.787018,1003.3719,3.882433,1.2715807,0.99802184,62.276405,0.0
2021-07-13 00:00:00,28.726044,22.348541,1002.52875,3.5570536,0.7767851,0.9953369,68.47004,0.0
2021-07-13 06:00:00,33.754425,22.171478,1003.4444,4.951728,1.2068322,0.9960579,50.870323,0.0
2021-07-13 12:00:00,30.091217,24.567413,1001.9975,2.4315863,0.06659889,1.0,72.34495,0.62046945
2021-07-13 18:00:00,29.68747,22.08731,1004.6294,2.7874317,0.8466387,0.9999999,63.74737,0.0
2021-07-14 00:00:00,28.486359,20.674103,1003.2444,3.0031004,0.5737968,0.9999998,62.666355,0.0
2021-07-14 06:00:00,32.897614,22.062592,1003.6944,4.3671007,0.8534131,1.0,53.0216,0.0
2021-07-14 12:00:00,32.022003,23.207428,1002.155,2.330822,3.0805871,1.0,59.715675,0.0006672926
2021-07-14 18:00:00,28.609833,21.61734,1005.5481,2.4211233,1.418326,0.9939703,65.9268,0.0
2021-07-15 00:00:00,27.901703,21.849457,1004.0775,1.7380209,0.8144275,1.0,69.68193,0.0
2021-07-15 06:00:00,32.66324,22.825104,1004.1744,3.834979,1.3535852,0.98001105,56.274326,0.0
2021-07-15 12:00:00,31.54422,22.908722,1001.8806,0.6473465,1.5862722,0.9882824,60.257202,0.07303432
2021-07-15 18:00:00,29.4393,23.357086,1005.72125,0.9310898,1.74522,0.96754694,69.84257,0.0
2021-07-16 00:00:00,27.621796,24.272125,1005.11127,1.2609758,1.1563225,0.92253757,82.010864,0.1279296
2021-07-16 06:00:00,33.199615,23.591888,1006.1356,2.9600563,0.82264906,0.82411975,57.191475,0.0
2021-07-16 12:00:00,31.97049,24.437042,1003.6919,0.86188,2.0205896,0.5919727,64.48761,0.60554135
2021-07-16 18:00:00,27.566193,25.568268,1006.52,1.5038396,2.2274117,0.96720016,88.89259,0.0
2021-07-17 00:00:00,28.168121,21.496735,1005.21375,2.9395819,-0.5115423,1.0000017,67.14458,0.0
2021-07-17 06:00:00,32.77237,23.173126,1006.0513,0.64901096,-1.2949696,0.9980223,57.119976,0.04815962
2021-07-17 12:00:00,31.463898,23.546967,1003.3225,-0.95009995,2.032649,1.0,62.91273,0.0
2021-07-17 18:00:00,28.92871,24.837067,1005.58936,1.3000996,2.087734,0.8446749,78.61756,0.0010486692
2021-07-18 00:00:00,27.805328,22.038177,1004.5106,3.132699,0.38792896,0.9980228,70.886475,0.0
2021-07-18 06:00:00,31.46225,22.906647,1005.1125,2.9789371,0.28662682,1.0,60.53094,0.0047683716
2021-07-18 12:00:00,30.37149,21.691193,1002.78564,4.1314793,0.70823497,0.99999917,59.827072,0.060275197
2021-07-18 18:00:00,27.376251,21.636871,1006.0494,2.398737,0.5092554,0.99849427,70.92855,0.0
2021-07-19 00:00:00,27.109222,22.102081,1004.96313,2.9005756,0.9426419,0.9221978,74.12309,0.0
2021-07-19 06:00:00,34.254547,21.94278,1004.9844,4.4588003,1.2116024,0.3914721,48.785263,0.0
2021-07-19 12:00:00,34.27957,21.480865,1002.7388,1.7369789,3.6729467,0.79303485,47.361313,0.012591481
2021-07-19 18:00:00,29.453766,23.586334,1006.5069,2.4760919,1.6661596,0.96393347,70.7558,0.0
2021-07-20 00:00:00,27.827545,22.50888,1006.0481,4.1222935,0.35121918,0.86871195,72.85174,0.0
2021-07-20 06:00:00,34.578278,21.253448,1005.9969,4.635151,0.92789835,0.9537209,45.936123,0.0
2021-07-20 12:00:00,34.546783,20.881134,1003.90936,2.3645768,2.0181093,0.9999997,44.976406,0.0
2021-07-20 18:00:00,29.99295,21.88272,1006.72626,3.5627165,1.2006283,0.995324,61.860256,0.0
2021-07-21 00:00:00,28.54654,21.750458,1005.47815,4.2909527,0.47310042,0.9800107,66.71014,0.0
2021-07-21 06:00:00,33.087677,21.264679,1005.76,5.8106775,0.9141687,1.0,49.960552,0.0
2021-07-21 12:00:00,31.98819,22.240143,1003.2675,4.069769,1.2633915,1.0,56.42122,0.41750073
2021-07-21 18:00:00,29.476593,21.568634,1005.40875,5.25134,0.47432423,1.0,62.515347,0.0
2021-07-22 00:00:00,28.85263,20.543,1002.8819,4.5655527,1.7380215,1.0,60.854973,0.0
2021-07-22 06:00:00,35.624786,20.126862,1002.9231,7.186966,1.634117,0.96454155,40.44419,0.0
2021-07-22 12:00:00,34.437164,20.228668,1000.6362,4.711344,1.3188705,0.9813474,43.46735,0.09478629
2021-07-22 18:00:00,30.446014,20.143707,1003.3375,6.6755295,0.7399118,1.0,54.16569,0.0
2021-07-23 00:00:00,29.642853,21.161407,1001.78876,3.153388,2.5755367,0.96437514,60.393177,0.0
2021-07-23 06:00:00,35.279938,21.021637,1002.97687,6.3138924,1.6665767,0.9958536,43.559353,0.0007627532
2021-07-23 12:00:00,34.30594,19.790924,1000.35376,4.1016893,2.578127,0.8518058,42.61538,0.014406629
2021-07-23 18:00:00,30.433624,20.882477,1003.9494,5.334901,-0.08180523,0.9714546,56.730778,0.0
2021-07-24 00:00:00,29.700348,21.694061,1003.20435,3.0915356,2.119988,0.8804678,62.189518,0.0
2021-07-24 06:00:00,34.970978,21.805695,1004.1962,4.219143,1.2137346,0.93861187,46.490704,0.0
2021-07-24 12:00:00,34.765656,21.352814,1001.27124,2.9478407,3.114079,0.42560756,45.738285,0.07611513
2021-07-24 18:00:00,31.166779,22.222687,1005.075,3.0421333,2.5751867,0.90708035,59.053238,0.0
2021-07-25 00:00:00,29.692108,22.233551,1004.58624,3.113097,2.1002715,0.7734988,64.30052,0.0
2021-07-25 06:00:00,35.0607,22.106232,1005.1075,3.7403097,1.97405,0.57701355,47.11606,0.0
2021-07-25 12:00:00,31.664093,25.066193,1003.1725,1.9048707,4.748226,0.54785603,68.13062,0.106692314
2021-07-25 18:00:00,27.487976,23.572968,1006.9319,4.690715,1.0167272,0.8742656,79.253975,0.88969827
2021-07-26 00:00:00,28.00827,22.162262,1005.27435,3.4437342,1.1902801,0.9521954,70.58367,0.0
2021-07-26 06:00:00,31.611359,23.06076,1006.1125,4.4362106,1.3790686,0.87755907,60.58281,0.0
2021-07-26 12:00:00,34.098053,21.472076,1003.4925,2.2185826,3.431005,0.6782558,47.817154,0.0
2021-07-26 18:00:00,28.729523,25.489655,1005.96814,2.0832462,3.4380846,0.8311847,82.681885,0.0
2021-07-27 00:00:00,28.445831,22.244965,1005.0106,3.251196,0.9041892,0.99595386,69.155876,0.0
2021-07-27 06:00:00,35.119537,21.594757,1004.8619,4.289117,1.0058289,0.72045916,45.51906,0.0
2021-07-27 12:00:00,35.33914,21.228424,1002.5131,3.6389892,2.7491162,0.53029037,43.97162,0.0359416
2021-07-27 18:00:00,30.454681,23.638947,1005.8706,3.1587903,1.6327982,0.25885963,67.01212,0.0
2021-07-28 00:00:00,29.202728,21.576202,1004.8525,3.831462,0.96300143,0.46553952,63.541138,0.0
2021-07-28 06:00:00,35.20865,21.086456,1006.1863,3.9465542,1.3728068,0.5242985,43.9059,0.0
2021-07-28 12:00:00,34.79727,22.381378,1002.8756,2.2487664,3.4704988,0.9734184,48.61662,0.011444092
2021-07-28 18:00:00,30.408295,23.888947,1006.35376,2.7876892,2.5369291,0.7966094,68.20886,0.0
2021-07-29 00:00:00,28.87088,21.437958,1005.91315,3.9961529,0.37794775,0.9988885,64.22731,0.0
2021-07-29 06:00:00,35.353058,20.634674,1006.0637,5.1936502,0.7720872,0.9955638,42.36298,0.0
2021-07-29 12:00:00,35.514313,20.356354,1003.235,2.515831,2.0524588,0.9922474,41.2727,0.0
2021-07-29 18:00:00,30.569672,23.253693,1007.0769,2.4032936,2.688591,0.92226154,65.04328,0.0
2021-07-30 00:00:00,29.207123,21.390533,1006.54376,3.2641544,0.4090624,0.9980223,62.807037,0.0
2021-07-30 06:00:00,35.67752,20.086578,1007.15936,3.8306026,-0.1682272,0.9880123,40.226376,0.0
2021-07-30 12:00:00,35.420074,21.163605,1004.35626,2.5327997,1.4192853,0.5493628,43.601685,0.0
2021-07-30 18:00:00,30.650848,23.872223,1007.2969,2.6216836,3.2011535,0.14718348,67.20087,0.0
2021-07-31 00:00:00,28.931915,21.448761,1007.3187,3.14003,0.624815,0.06811433,64.04299,0.0
2021-07-31 06:00:00,35.554108,20.276031,1007.3237,3.5517635,0.015398264,0.12767428,40.978355,0.0
2021-07-31 12:00:00,36.232574,20.37027,1004.5494,1.4201946,1.2882986,0.4227628,39.706314,0.0057215802
2021-07-31 18:00:00,30.532013,22.63858,1008.3156,2.0998178,2.811852,0.66445106,62.800632,0.07218355
2021-08-01 00:00:00,29.070404,22.163605,1006.3625,2.7853842,-0.1649046,0.9867122,66.36659,0.0
2021-08-01 06:00:00,34.38553,20.507782,1006.27313,4.1804266,-0.44068718,0.992689,44.350098,0.0
2021-08-01 12:00:00,34.780914,21.071442,1003.51935,1.3780835,1.9128437,0.94538385,44.91754,0.0020981533
2021-08-01 18:00:00,30.311005,23.454376,1006.79315,2.4063375,2.8196962,0.97807926,66.81858,0.0
2021-08-02 00:00:00,29.187347,20.568756,1005.34937,3.8334112,0.39878082,0.9964486,59.782333,0.0
2021-08-02 06:00:00,35.136993,19.675201,1006.22876,4.0138865,0.969274,0.96094674,40.402622,0.0
2021-08-02 12:00:00,35.80655,19.993439,1004.1625,2.0024977,2.1779156,0.99461454,39.71173,0.0
2021-08-02 18:00:00,30.959503,22.94046,1007.935,2.2133942,2.8945284,0.9806115,62.41683,0.0
2021-08-03 00:00:00,28.830048,21.487274,1006.51685,4.1321154,0.18893433,0.9988165,64.57414,0.0
2021-08-03 06:00:00,35.505524,20.463165,1007.35376,3.3076715,-0.080067635,0.6065752,41.565845,0.0
2021-08-03 12:00:00,35.204254,21.789337,1005.4437,0.8841543,2.6318924,0.7967765,45.848186,0.0
2021-08-03 18:00:00,30.16214,24.614044,1008.91626,2.0879207,3.4724228,0.33709067,72.25221,0.0
2021-08-04 00:00:00,28.84909,21.292511,1007.93,3.6028872,0.66215515,0.9634438,63.737892,0.0
2021-08-04 06:00:00,35.3284,21.30191,1008.22876,4.4343843,0.2570879,0.66230625,44.19645,0.0
2021-08-04 12:00:00,34.77249,22.086212,1004.6981,3.2610328,1.672473,0.90903187,47.816635,0.004195608
2021-08-04 18:00:00,30.881134,23.993927,1007.91815,1.8488115,2.589222,0.89827216,66.80931,0.0
2021-08-05 00:00:00,29.638367,21.679718,1006.085,3.419839,0.3557415,0.98040354,62.357216,0.0
2021-08-05 06:00:00,35.603058,21.472443,1006.53064,4.0715156,1.786866,1.0000002,43.988293,0.000381493
2021-08-05 12:00:00,34.10269,22.593903,1003.3975,2.182634,3.3356533,0.99084896,51.188637,0.18481013
2021-08-05 18:00:00,29.820526,24.098785,1006.3162,3.037982,1.4226103,0.9769354,71.4447,0.0
2021-08-06 00:00:00,29.204681,22.411163,1004.40564,4.125805,-0.07423496,0.95846295,66.852776,0.0
2021-08-06 06:00:00,35.158478,21.80368,1005.0556,4.0719604,0.088609695,0.7670131,46.004753,0.0
2021-08-06 12:00:00,32.356842,25.13028,1002.4531,-0.21178627,2.5781171,0.996019,65.760574,0.14570355
2021-08-06 18:00:00,29.048004,24.113068,1006.1306,2.2164166,1.3544846,0.95871127,74.765305,0.0
2021-08-07 00:00:00,28.521576,23.153595,1004.3194,2.851017,0.9600735,0.98148555,72.75363,0.0
2021-08-07 06:00:00,34.444366,22.943817,1006.4369,3.3625846,-0.2118029,0.35434514,51.30049,0.0
2021-08-07 12:00:00,30.729523,25.053253,1003.2019,-0.5450821,3.017003,0.94432336,71.8002,0.5954504
2021-08-07 18:00:00,29.475067,24.23465,1007.1344,0.5899452,2.7975245,0.48711795,73.47728,0.0
2021-08-08 00:00:00,28.430267,22.727509,1005.41064,1.8686289,1.2101169,0.5328041,71.27781,0.0
2021-08-08 06:00:00,34.860016,22.637726,1006.59436,2.1461022,0.38313335,0.9244822,49.20803,0.0
2021-08-08 12:00:00,33.10269,25.23941,1003.85065,-0.25877666,4.5890207,0.9154989,63.46618,0.0023841858
2021-08-08 18:00:00,29.237091,25.252655,1007.34125,1.258105,3.4396145,0.8594029,79.16439,0.0
2021-08-09 00:00:00,28.464447,22.473907,1005.9969,2.9714813,0.38366032,0.97843724,70.04965,0.0
2021-08-09 06:00:00,35.845245,22.516632,1007.1356,1.883564,0.70170903,0.9369841,46.258736,0.0
2021-08-09 12:00:00,33.282867,24.461456,1003.695,-0.3698063,4.14721,0.6472838,59.97676,0.020220876
2021-08-09 18:00:00,28.39743,25.24649,1007.075,1.5163596,3.216751,0.953271,83.081856,0.0
2021-08-10 00:00:00,28.764496,22.69284,1006.0144,2.6936288,0.49097633,0.94323,69.76129,0.003911555
2021-08-10 06:00:00,35.15335,22.300201,1006.8931,3.3854837,-1.1046276,0.9960445,47.431858,0.0
2021-08-10 12:00:00,34.798737,22.672028,1002.8837,-0.27011395,1.467371,1.0000002,49.478474,0.0054240227
2021-08-10 18:00:00,30.82077,23.375519,1006.4338,1.4866858,3.0546958,0.9999997,64.58964,0.0
2021-08-11 00:00:00,29.375732,21.923859,1005.52936,2.7064037,-0.2934265,0.9963257,64.25981,0.0
2021-08-11 06:00:00,34.976837,21.554596,1006.3787,2.2358541,-1.939681,0.9999999,45.7677,0.0
2021-08-11 12:00:00,33.077423,23.473053,1003.6675,-0.14003944,0.77347183,0.99999994,57.174255,0.0423342
2021-08-11 18:00:00,28.881744,22.963043,1007.6225,2.0551648,1.7408869,1.0,70.432755,0.0
2021-08-12 00:00:00,26.189972,24.558563,1006.40125,2.1207826,1.6834583,1.0,90.75579,0.4879351
2021-08-12 06:00:00,33.242706,22.672028,1007.3031,4.33389,0.1801548,1.0,53.966827,0.0
2021-08-12 12:00:00,32.457306,23.54483,1005.2369,2.5452495,-1.3577986,1.0,59.462803,0.6185443
2021-08-12 18:00:00,28.517792,22.4971,1007.58124,2.1686156,0.35138702,0.9988885,69.93137,0.0
2021-08-13 00:00:00,27.744781,22.21231,1005.8156,2.7570114,0.34356976,0.9925341,71.89628,0.0
2021-08-13 06:00:00,33.427765,21.795074,1006.3975,2.9790878,0.4005317,0.9973046,50.633286,0.0
2021-08-13 12:00:00,34.477325,21.553375,1003.3638,1.0180368,-0.4911623,0.97858274,47.05121,0.005722046
2021-08-13 18:00:00,29.699738,22.026642,1005.84937,2.412652,2.384098,0.9829774,63.467236,0.0
2021-08-14 00:00:00,28.143707,21.807648,1004.0662,4.5450993,0.46497345,0.98910254,68.53054,0.03518164
2021-08-14 06:00:00,32.843536,21.923248,1004.4356,4.3442307,-0.19477463,0.99999976,52.733166,0.0
2021-08-14 12:00:00,33.18875,21.518341,1002.40063,2.6626387,2.1169062,1.0,50.455772,0.04540384
2021-08-14 18:00:00,26.583282,23.892975,1006.04565,2.7794821,0.3415535,1.0,85.20403,0.6052554
2021-08-15 00:00:00,27.227142,21.491364,1004.4906,4.054454,1.202611,1.0,70.917015,0.0
2021-08-15 06:00:00,32.26468,21.023346,1005.4313,3.6674185,0.24232382,1.0,51.562588,0.0
2021-08-15 12:00:00,32.275787,21.754059,1003.5744,0.86261785,0.88973045,1.0,53.889393,0.03013201
2021-08-15 18:00:00,29.562408,23.55008,1006.1325,1.005441,3.709194,1.0,70.16045,0.0
2021-08-16 00:00:00,28.099945,22.973541,1004.7425,2.6733418,1.0456772,0.99856406,73.752556,0.0
2021-08-16 06:00:00,34.10013,21.548187,1005.96185,3.357769,-0.7524586,0.29332876,48.034866,0.0
2021-08-16 12:00:00,30.617584,25.172394,1003.90186,-1.1894636,2.7809258,0.8086386,72.77591,1.0843575
2021-08-16 18:00:00,28.109558,25.418549,1007.53876,0.9149584,3.9899426,0.9289889,85.35452,0.0
2021-08-17 00:00:00,27.691498,24.806122,1006.0606,1.5415857,1.7790024,0.9667143,84.32892,0.0
2021-08-17 06:00:00,33.263336,22.377228,1006.6962,1.6491357,1.394763,0.88055944,52.947777,0.0
2021-08-17 12:00:00,30.271881,24.652008,1004.39124,0.30579388,3.8893278,0.9911322,71.96192,0.0346303
2021-08-17 18:00:00,27.504364,25.553986,1007.48376,1.1410172,3.4558105,0.9999998,89.139145,0.0
2021-08-18 00:00:00,26.667511,24.916046,1005.7438,1.9994509,1.5450468,0.9948794,90.1394,0.29218486
2021-08-18 06:00:00,30.689362,24.224518,1006.815,2.1817222,2.9019966,0.9984256,68.48662,0.0
2021-08-18 12:00:00,30.795868,22.932892,1003.22314,1.5739284,3.6302643,1.0,62.97381,0.0
2021-08-18 18:00:00,27.355865,24.844238,1005.9313,2.6115541,1.5302064,1.0,86.1974,0.35331312
2021-08-19 00:00:00,26.306305,23.197144,1004.72375,3.4528456,1.2403605,0.9980224,83.05021,0.0
2021-08-19 06:00:00,32.98282,21.479279,1005.40314,3.7851915,0.9662359,0.9817986,50.920986,0.0
2021-08-19 12:00:00,33.653107,21.94925,1002.28687,1.3437996,2.3376122,0.99999994,50.471127,0.0
2021-08-19 18:00:00,28.85376,24.092926,1005.78564,1.639093,3.9187076,0.99148417,75.51958,0.26124716
2021-08-20 00:00:00,27.035004,24.464142,1004.59125,1.3513472,0.36261272,0.98470616,85.8619,0.0
2021-08-20 06:00:00,31.876007,23.94693,1006.22687,0.21858233,-0.7147379,0.89938223,62.955456,0.0
2021-08-20 12:00:00,30.948395,24.569244,1003.34937,-2.5925798,1.5976969,0.9807157,68.88854,0.026988331
2021-08-20 18:00:00,28.657288,25.424103,1006.66626,-0.25811195,2.678358,0.96245635,82.706314,0.0
2021-08-21 00:00:00,25.92218,24.923676,1007.02,1.5234709,0.9970131,0.99153566,94.238075,1.00719
2021-08-21 06:00:00,27.08078,24.66452,1008.45123,1.7314022,-0.28775787,0.99960357,86.66397,0.0
2021-08-21 12:00:00,30.87149,23.462555,1005.64935,0.5640049,0.21434593,0.99743766,64.7419,0.0
2021-08-21 18:00:00,27.033844,23.02005,1008.8131,1.5194709,0.6279249,0.9937624,78.71975,0.0
2021-08-22 00:00:00,26.258911,22.067352,1006.6381,1.2709318,0.19256562,0.9649432,77.76388,0.06696582
2021-08-22 06:00:00,30.740753,23.944427,1008.36127,0.8514128,1.2220063,0.38120896,67.14716,0.038516857
2021-08-22 12:00:00,29.371674,24.26065,1004.78,-0.6297493,3.0503187,0.9710845,74.03227,0.0
2021-08-22 18:00:00,27.718414,24.575226,1008.41064,1.2912731,3.0373974,0.904208,83.0426,0.13819008
2021-08-23 00:00:00,26.615997,23.533234,1006.8688,0.843036,1.5983508,0.9348549,83.21815,0.0
2021-08-23 06:00:00,30.710602,24.060547,1008.3069,-0.124337316,2.1061366,0.70516735,67.7338,0.04692054
2021-08-23 12:00:00,29.704071,24.328217,1004.8862,0.3902073,2.656355,0.37058437,72.921745,0.0
2021-08-23 18:00:00,27.200958,24.15982,1007.4925,1.6731312,2.585476,0.47048098,83.49295,0.0
2021-08-24 00:00:00,26.718689,23.921844,1006.58124,1.7808366,2.4127264,0.80153006,84.67406,0.015753405
2021-08-24 06:00:00,32.545685,23.73111,1007.66437,2.69141,1.8180002,0.50426126,59.834637,0.0
2021-08-24 12:00:00,30.63211,23.99759,1003.6169,0.51334953,5.356367,0.5068755,67.7817,0.0
2021-08-24 18:00:00,28.359344,24.257782,1006.755,1.7976002,4.962425,0.20046818,78.49089,0.0
2021-08-25 00:00:00,27.10025,23.673676,1005.9319,2.2763197,2.9121819,0.7242758,81.569115,9.49949e-05
2021-08-25 06:00:00,33.062653,23.389008,1006.4462,2.5331974,1.6338563,0.95801353,56.932335,0.0019078143
2021-08-25 12:00:00,31.420685,24.747711,1002.4294,0.30884075,5.155265,0.9885506,67.779144,0.0
2021-08-25 18:00:00,28.680176,24.978241,1005.5694,1.8738325,4.5671854,0.9472668,80.43298,0.0
2021-08-26 00:00:00,27.44693,24.297272,1003.9313,2.0066319,2.1582599,0.16030008,82.97925,8.731149e-08
2021-08-26 06:00:00,33.58719,23.771088,1004.5744,2.5266027,1.606688,0.056918796,56.56945,0.00038175494
2021-08-26 12:00:00,31.575348,24.89389,1001.35,0.19056225,4.712102,0.9973421,67.774895,0.003611669
2021-08-26 18:00:00,27.958282,25.77536,1004.4931,0.7094878,3.4479213,0.9999994,87.9538,0.8881092
2021-08-27 00:00:00,28.094635,23.427216,1003.1213,2.5776412,0.8463049,0.9228799,75.82597,0.0
2021-08-27 06:00:00,32.60501,23.573486,1004.47375,3.802558,1.1300676,0.8584766,59.07137,0.012302771
2021-08-27 12:00:00,30.785187,23.686554,1001.10065,1.5739403,3.910945,0.96063095,65.945984,0.017072074
2021-08-27 18:00:00,29.011383,23.810577,1003.79126,2.6183672,0.67396164,1.0000001,73.57443,0.0
2021-08-28 00:00:00,27.630524,22.078583,1002.5469,3.4108715,0.54848194,1.0000002,71.79081,0.1722801
2021-08-28 06:00:00,29.40335,24.354156,1003.745,3.4589844,1.0938344,0.99999964,74.31232,0.27439716
2021-08-28 12:00:00,31.938385,22.906464,1000.52625,2.4365082,1.9570282,1.0,58.91662,0.0
2021-08-28 18:00:00,28.063385,23.32309,1003.27563,3.865428,0.26823008,0.9646996,75.48832,0.2859052
2021-08-29 00:00:00,26.00412,22.917511,1001.7681,3.0076907,0.9577347,0.9959343,83.1288,0.0
2021-08-29 06:00:00,32.466827,22.157074,1003.2475,4.9122915,2.1513033,1.0,54.637962,0.0
2021-08-29 12:00:00,31.168243,22.428497,1000.6525,2.9871464,2.3544302,1.0,59.792213,0.08943613
2021-08-29 18:00:00,28.344147,23.047028,1003.9575,4.2106867,1.5274681,1.0,73.0356,0.0
2021-08-30 00:00:00,27.865814,22.383698,1002.8019,4.0942945,1.2966428,1.0,72.13825,0.0
2021-08-30 06:00:00,30.081207,22.477081,1004.15436,4.3422813,0.9440776,1.0,63.815933,0.0
2021-08-30 12:00:00,33.218414,22.053802,1001.5669,2.3081412,1.4850938,0.9615056,52.04646,0.0
2021-08-30 18:00:00,29.036835,21.923004,1004.44,2.0871015,1.5862145,0.89192826,65.52744,0.0
2021-08-31 00:00:00,27.562836,21.542816,1003.3038,2.9157295,0.8208828,0.99802196,69.75559,0.0
2021-08-31 06:00:00,34.163483,22.300201,1005.03937,2.114472,0.41824192,0.77839464,50.112892,0.0
2021-08-31 12:00:00,31.154938,23.56009,1003.04065,-1.2423058,3.593246,0.9930811,64.07939,0.045195222
2021-08-31 18:00:00,27.570526,24.78238,1006.105,0.33160967,2.4489272,0.9769536,84.80718,0.0
2021-09-01 00:00:00,27.777771,25.7258,1005.45624,1.1547291,1.11306,0.93913925,88.62455,0.0
2021-09-01 06:00:00,32.6481,23.268341,1006.545,2.3373442,0.04091263,0.5462761,57.853138,0.0063907355
2021-09-01 12:00:00,31.455109,24.187836,1003.2969,-0.40190983,1.7511494,0.83740836,65.41707,0.025367364
2021-09-01 18:00:00,26.643646,25.204987,1006.8244,0.9967003,2.9168234,0.8853817,91.83396,0.5521327
2021-09-02 00:00:00,27.573456,24.25827,1005.0575,1.5201597,0.88398266,0.9818697,82.17476,0.0
2021-09-02 06:00:00,32.408844,23.420807,1005.8269,2.4259005,-0.22808838,0.9594266,59.181396,0.0120162815
2021-09-02 12:00:00,28.390472,24.878632,1003.8819,-1.313961,0.91143805,0.9991092,81.31322,2.140712
2021-09-02 18:00:00,25.40152,24.57193,1006.8525,0.6493599,1.9585345,1.0,95.17366,0.0
2021-09-03 00:00:00,24.912323,23.53891,1004.46124,3.0487661,1.4263312,0.9999999,92.09389,2.3022165
2021-09-03 06:00:00,28.307098,24.694366,1005.8187,3.814721,1.1173795,0.98712784,80.81427,0.0
2021-09-03 12:00:00,30.969757,22.77945,1002.8525,2.1613379,1.9694749,0.9960438,61.774765,0.0
2021-09-03 18:00:00,28.060669,24.263489,1006.0119,1.8542905,2.0165136,0.9971314,79.89501,0.0
2021-09-04 00:00:00,27.046722,23.274384,1004.0756,3.1124878,0.3158269,0.98719394,79.879036,0.04518032
2021-09-04 06:00:00,30.624542,23.578949,1006.6331,3.1421366,0.96673834,0.99999994,66.124374,0.016228158
2021-09-04 12:00:00,29.848267,24.375305,1003.60815,1.1115639,2.2482898,1.0,72.52338,0.26214635
2021-09-04 18:00:00,26.794708,24.09555,1006.1337,1.5684171,1.6300124,0.9996036,85.18027,0.0
2021-09-05 00:00:00,26.018463,23.597748,1004.5531,3.3655405,1.2094309,0.99871826,86.5422,0.22734305
2021-09-05 06:00:00,31.142975,23.822296,1005.5581,3.6764088,2.6659536,0.1626298,65.14344,0.0
2021-09-05 12:00:00,28.757477,24.995392,1003.20435,1.8441823,3.4516888,0.9880838,80.15511,1.2471186
2021-09-05 18:00:00,26.861786,24.314789,1006.0062,3.1715145,1.2175798,1.0,85.96788,0.0
2021-09-06 00:00:00,25.760529,22.892914,1004.8187,4.469035,0.8931904,1.0,84.211334,1.0349399
2021-09-06 06:00:00,31.726837,23.406952,1005.27435,4.353532,1.924099,1.0,61.459087,0.0
2021-09-06 12:00:00,30.964752,23.611176,1002.535,1.7495754,2.5946732,1.0,64.97772,0.0
2021-09-06 18:00:00,28.291168,23.63675,1005.9275,2.3281825,1.7445841,1.0,75.91606,0.025592744
2021-09-07 00:00:00,27.44992,22.270782,1004.90063,3.251345,1.5157504,0.99258983,73.407646,0.0
2021-09-07 06:00:00,32.53592,23.36203,1006.1119,3.6092157,2.1986418,0.97183394,58.550495,0.0
2021-09-07 12:00:00,31.527374,24.039276,1002.8475,1.1566763,3.972819,0.41653997,64.57063,0.00047683716
2021-09-07 18:00:00,28.342194,25.974274,1006.9394,1.5897864,2.0700464,0.6569508,87.028305,0.00028696377
2021-09-08 00:00:00,27.2529,22.493011,1005.8681,2.61656,1.1024313,0.812912,75.270164,0.0
2021-09-08 06:00:00,33.040314,23.511688,1007.59625,2.9327106,2.289543,0.7230645,57.427235,0.0
2021-09-08 12:00:00,31.30362,25.209137,1004.2369,0.9317365,3.3541834,0.88072073,70.13555,0.041956082
2021-09-08 18:00:00,28.29181,25.72171,1008.1,1.1636798,2.7451067,0.1463545,85.987404,0.0
2021-09-09 00:00:00,27.390045,21.365814,1006.4381,3.4555626,-0.048589706,0.8988955,69.705124,0.0
2021-09-09 06:00:00,33.077057,23.065704,1007.3713,2.6446133,0.48000646,0.7349267,55.78586,0.0
2021-09-09 12:00:00,32.570587,23.78543,1004.71625,0.43882847,2.1114335,0.7263773,59.946312,0.0
2021-09-09 18:00:00,28.396881,25.055634,1007.7537,2.0678918,3.7303295,0.9946539,82.14546,0.0
2021-09-10 00:00:00,27.942688,23.916107,1006.76373,2.463728,1.7203951,0.9035709,78.786316,0.0
2021-09-10 06:00:00,33.836334,23.13443,1006.2506,3.439371,0.42639518,0.99999636,53.684998,0.020789914
2021-09-10 12:00:00,32.57718,24.087067,1003.9125,0.68080616,2.4944587,1.0,61.020214,0.0
2021-09-10 18:00:00,29.01889,26.290314,1006.6262,1.6408358,3.3617134,1.0,85.25593,0.0
2021-09-11 00:00:00,28.601562,24.427887,1005.14124,2.6444807,1.5833483,0.97912794,78.18678,0.0
2021-09-11 06:00:00,34.194733,22.289703,1005.8212,3.8724966,1.6592424,0.876551,49.993748,0.0019073486
2021-09-11 12:00:00,32.970123,23.331085,1002.77185,1.4819064,3.4773698,1.0,57.029488,0.0
2021-09-11 18:00:00,29.324524,25.682281,1005.555,1.9002255,2.7553415,1.0,80.80205,0.0
2021-09-12 00:00:00,28.548431,22.161713,1004.3019,3.2811973,1.6343222,0.9746933,68.39729,0.0
2021-09-12 06:00:00,33.32901,23.0112,1005.1094,4.0691223,1.7338401,0.83126616,54.821342,0.000762986
2021-09-12 12:00:00,31.895538,24.58316,1002.595,1.4012504,3.8880925,0.9503825,65.33077,0.29450783
2021-09-12 18:00:00,29.185303,24.283234,1005.225,2.138969,2.2883453,1.0,74.93492,0.0
2021-09-13 00:00:00,28.386353,21.880829,1003.7994,3.5260878,1.31635,1.0,67.87217,0.00085821375
2021-09-13 06:00:00,33.836456,23.264923,1004.1181,4.3175087,2.317302,0.9318341,54.10967,0.0
2021-09-13 12:00:00,33.222076,22.810822,1001.1969,2.2204494,3.8311205,1.0,54.485996,0.0
2021-09-13 18:00:00,29.453094,24.672272,1004.6831,1.5587714,1.7674713,1.0,75.52338,0.0
2021-09-14 00:00:00,29.065887,22.51175,1004.1894,2.9677668,1.023225,1.0000007,67.804634,0.0
2021-09-14 06:00:00,34.549347,23.565521,1004.9437,2.717968,2.2890263,0.9913436,52.953655,0.018309802
2021-09-14 12:00:00,33.007233,25.483307,1001.8794,-0.021635056,4.125972,0.3105442,64.73964,0.0
2021-09-14 18:00:00,29.344666,26.625519,1005.72815,0.49524915,4.2253575,0.23914212,85.33599,0.0
2021-09-15 00:00:00,29.041565,24.746246,1004.3875,2.037831,1.3782663,0.94559914,77.68319,0.0
2021-09-15 06:00:00,34.645416,22.897614,1005.66876,1.9879214,1.3252124,0.21866655,50.588554,0.0011441298
2021-09-15 12:00:00,31.710114,25.075104,1003.0625,0.015743256,4.636654,0.85238117,67.98902,0.0022831373
2021-09-15 18:00:00,28.221344,25.24533,1006.3044,0.9364433,3.7941957,1.0,83.931526,0.0
2021-09-16 00:00:00,27.95578,24.469513,1004.78436,2.3641672,1.4229374,0.96736777,81.38337,0.0
2021-09-16 06:00:00,33.245636,23.864655,1006.28186,2.2356586,0.017971218,0.92765206,57.988228,0.024031848
2021-09-16 12:00:00,31.23465,24.53183,1002.4963,0.41819477,1.3632331,0.6153825,67.622086,0.8533485
2021-09-16 18:00:00,28.733093,25.102509,1005.07935,0.26661712,3.3112183,0.5553982,80.78261,0.0
2021-09-17 00:00:00,28.379578,25.78592,1004.4387,1.7189234,2.3221388,0.9114375,85.87585,0.0
2021-09-17 06:00:00,33.243317,24.24527,1005.44,1.8941488,0.5074316,0.56299216,59.336494,0.041678548
2021-09-17 12:00:00,28.88205,25.41806,1002.71564,-0.5415268,1.693636,0.988305,81.60621,0.11239946
2021-09-17 18:00:00,25.946442,24.082062,1006.68,0.35785007,2.6235547,0.9920397,89.48065,1.2805581
2021-09-18 00:00:00,26.074158,24.633057,1005.335,0.62958974,1.6785934,1.0,91.787315,0.0
2021-09-18 06:00:00,30.195465,25.23465,1007.58,1.691158,0.827142,0.99248093,74.8341,0.0
2021-09-18 12:00:00,31.785553,25.160004,1004.3831,-0.249403,0.48988193,0.99625885,68.041916,0.11345558
2021-09-18 18:00:00,27.285034,25.439575,1008.1256,0.68731785,3.4622412,0.91068053,89.68006,1.4821887
2021-09-19 00:00:00,27.048676,24.100739,1007.37,1.8076221,0.8462677,0.84886855,83.94433,0.0
2021-09-19 06:00:00,32.414215,25.172394,1008.23627,0.30141854,1.2967789,0.9782223,65.71249,0.12806058
2021-09-19 12:00:00,31.930328,26.202911,1004.8669,-1.3193874,2.9578512,0.99373233,71.79273,0.0
2021-09-19 18:00:00,28.968658,26.305786,1008.33685,0.59424627,2.1956935,0.4944964,85.58237,0.0
2021-09-20 00:00:00,24.874908,23.069763,1007.29565,0.9074039,0.7202957,0.9892958,89.721695,0.0045718076
2021-09-20 06:00:00,31.339691,24.932068,1007.5606,2.7468014,0.13858795,0.9198404,68.84563,0.015071648
2021-09-20 12:00:00,31.603973,24.742157,1003.8819,0.30411625,1.8829436,0.32559484,67.05458,0.0
2021-09-20 18:00:00,28.584442,25.102325,1007.97565,1.1794846,2.877337,0.09226515,81.481575,0.0
2021-09-21 00:00:00,27.163666,24.25589,1006.47064,2.2346678,1.7650396,0.34590775,84.15935,0.0
2021-09-21 06:00:00,32.809235,24.294952,1006.82623,2.6989155,0.4902814,0.57570285,60.98335,0.013444573
2021-09-21 12:00:00,32.678497,24.956451,1002.48315,0.0778141,2.7326589,0.1454938,63.912468,0.0
2021-09-21 18:00:00,28.6846,25.33603,1005.9294,1.3101866,3.481003,0.11481947,82.14407,0.0
2021-09-22 00:00:00,27.175507,23.560577,1004.14374,2.626566,0.4841776,0.4064073,80.65827,0.0
2021-09-22 06:00:00,33.014557,23.61856,1005.1281,1.1664464,-1.7801294,0.35364318,57.882034,0.00019045547
2021-09-22 12:00:00,32.51419,24.366364,1001.975,-1.9308453,1.0945797,0.23903082,62.271656,0.003815163
2021-09-22 18:00:00,28.784271,24.886139,1005.25,0.27486515,3.0853825,0.34497654,79.51084,0.0
2021-09-23 00:00:00,27.630554,24.723907,1003.9963,1.6123018,1.9284904,0.7425917,84.21531,0.00086426735
2021-09-23 06:00:00,32.3649,23.812225,1005.1763,2.267973,0.57680863,0.48076993,60.74403,0.0020954758
2021-09-23 12:00:00,31.16507,25.780975,1002.90436,-2.123291,0.058244705,0.636698,73.1336,0.31459892
2021-09-23 18:00:00,27.307068,25.09616,1006.7356,1.1339155,2.3875341,0.8584427,87.75271,0.0
2021-09-24 00:00:00,26.93277,25.03653,1004.65686,1.6014752,-0.02812767,0.8931737,89.38357,0.0
2021-09-24 06:00:00,32.638702,24.516937,1005.7562,-0.40169144,-1.7992659,0.48603672,62.39596,0.0003813766
2021-09-24 12:00:00,31.06015,25.410248,1003.1919,-1.469449,-0.15126705,0.38745916,71.97092,0.001525972
2021-09-24 18:00:00,26.67978,24.876007,1007.0825,1.906956,2.0078998,0.7363055,89.859375,1.0996461
2021-09-25 00:00:00,26.01651,24.819855,1005.2394,1.9119616,0.60465914,0.59376353,93.13452,0.0
2021-09-25 06:00:00,32.568512,24.257263,1005.2994,2.7767572,0.8147622,0.07526768,61.67661,0.0014295802
2021-09-25 12:00:00,31.39505,25.476166,1002.0594,-0.46171665,2.2300024,0.83786243,70.8885,1.235676
2021-09-25 18:00:00,27.878265,25.50476,1004.8669,1.0644324,1.584163,0.98463666,86.95786,0.0
2021-09-26 00:00:00,26.49057,24.430328,1003.0062,0.9278043,0.088168144,0.87882954,88.477936,0.0
2021-09-26 06:00:00,30.70755,24.046967,1004.3181,2.1155434,-0.3344488,1.0,67.69038,0.020034146
2021-09-26 12:00:00,31.252228,24.602081,1001.175,-1.0560331,2.626554,1.0000019,67.838905,0.0
2021-09-26 18:00:00,27.834534,24.789276,1003.2456,1.7927446,4.31034,1.0,83.5432,0.0
2021-09-27 00:00:00,27.620026,23.483337,1001.3275,3.2277184,1.9730365,1.0,78.22034,0.0
2021-09-27 06:00:00,31.549347,23.468323,1002.58374,4.215028,1.5372492,1.0,62.311817,0.0003799796
2021-09-27 12:00:00,30.645966,21.136261,1000.6225,4.7844934,0.9010334,1.0,56.926243,0.0
2021-09-27 18:00:00,28.057892,20.131866,1003.72626,3.9012222,1.2833691,1.0,62.133854,0.0
2021-09-28 00:00:00,26.878448,20.948944,1003.37,2.7389822,1.496367,1.0,70.01527,0.0
2021-09-28 06:00:00,32.512238,22.459625,1005.7056,3.762352,1.4759998,0.97193193,55.510555,0.0
2021-09-28 12:00:00,32.899933,22.854279,1002.5475,-0.09703064,2.474338,0.98556554,55.627567,0.014126301
2021-09-28 18:00:00,28.321075,21.502533,1006.1887,2.8968487,0.056741714,0.7787567,66.5731,0.0
2021-09-29 00:00:00,27.09732,21.168427,1005.265,3.3995876,-0.4574442,0.9844492,70.058784,0.0
2021-09-29 06:00:00,32.757355,22.782623,1006.59875,1.7377392,-0.9740982,0.6605556,55.83279,0.0
2021-09-29 12:00:00,30.43814,24.460846,1004.405,-1.6801748,2.2424212,1.0000001,70.469055,0.1872778
2021-09-29 18:00:00,27.976532,23.266144,1007.3181,0.99858814,1.9933963,0.5634024,75.611084,0.0
2021-09-30 00:00:00,27.063202,24.150604,1006.295,0.8709943,1.2052841,0.62215346,84.12413,0.0
2021-09-30 06:00:00,31.106964,24.46811,1007.78625,1.950114,-0.72136974,0.37700772,67.85651,0.048536807
2021-09-30 12:00:00,30.690582,25.770782,1004.3094,-1.7214708,-1.1112461,0.34630483,75.09566,1.5214049
2021-09-30 18:00:00,26.21988,25.022552,1008.3237,2.456211,0.13939857,0.9360203,93.140816,3.6319673
2021-10-01 00:00:00,25.03363,23.684082,1006.14935,0.93493104,-1.564292,0.9009298,92.233215,0.0
2021-10-01 06:00:00,28.876068,24.21405,1006.9556,-0.34446657,-2.1626883,1.0,75.97219,0.007760741
2021-10-01 12:00:00,29.06894,25.268677,1004.5631,-1.6132488,0.022450864,1.0000001,80.014046,0.0
2021-10-01 18:00:00,26.638489,24.700867,1007.315,-0.30252266,1.0211337,0.9779225,89.140945,0.9418966
2021-10-02 00:00:00,26.205719,24.248138,1006.0112,0.7638973,-1.2376022,0.9160121,89.00129,0.0
2021-10-02 06:00:00,31.272736,24.996735,1006.57,-1.6728468,-1.632391,0.7341501,69.37549,0.056356244
2021-10-02 12:00:00,29.042267,25.313873,1004.08124,-2.6227589,-1.4743185,0.9812901,80.35337,0.12872674
2021-10-02 18:00:00,26.545746,25.342316,1007.0444,-1.4949198,0.15626717,0.9875702,93.12304,0.40883946
2021-10-03 00:00:00,26.378387,24.896759,1006.0087,0.7704668,-1.276228,1.0000007,91.58345,0.0
2021-10-03 06:00:00,30.519318,25.98288,1006.6931,0.5256053,-1.114315,0.7686451,76.79375,0.0006172657
2021-10-03 12:00:00,29.696259,25.316742,1003.7344,-1.0783768,-0.31079102,0.45696372,77.38965,0.0
2021-10-03 18:00:00,26.873383,25.119873,1006.22626,1.1963,-0.40561676,0.7274361,90.14275,0.082221165
2021-10-04 00:00:00,27.06717,25.24527,1004.9469,0.8503361,-0.4616537,0.7184175,89.79006,0.0
2021-10-04 06:00:00,30.803497,25.901154,1005.795,-0.6396322,-1.3584967,0.9939326,75.19127,0.0
2021-10-04 12:00:00,29.999725,24.967377,1002.935,-1.2479963,0.8667776,1.0,74.484344,0.0
2021-10-04 18:00:00,27.116913,25.118774,1006.02563,0.8918269,0.48529017,0.99356717,88.85652,0.0
2021-10-05 00:00:00,26.00235,24.359467,1003.87,2.1660895,0.7651912,0.9931474,90.68111,1.1066421
2021-10-05 06:00:00,27.311493,25.1279,1006.1756,1.5838648,-0.7630882,0.999279,87.895996,0.0
2021-10-05 12:00:00,27.173431,25.071625,1003.635,1.2193804,-0.77969456,1.0,88.31388,1.2145357
2021-10-05 18:00:00,25.633636,23.931244,1006.53625,1.9978752,0.3973335,1.0,90.333084,0.0
2021-10-06 00:00:00,25.457306,23.786865,1004.5044,1.4523673,1.5046715,0.9976073,90.49482,0.0
2021-10-06 06:00:00,30.86203,23.595734,1005.5681,1.606787,0.8255723,0.97912,65.29902,0.04615299
2021-10-06 12:00:00,30.760712,24.224579,1002.40814,-0.16664982,2.7769508,0.1336568,68.20816,0.0
2021-10-06 18:00:00,27.96463,24.97055,1005.4394,1.1370113,3.4757557,0.19929773,83.81316,0.01488626
2021-10-07 00:00:00,27.306915,25.024445,1004.65686,1.7220397,1.6738408,0.60116637,87.379265,0.0
2021-10-07 06:00:00,32.25894,24.845795,1005.58563,1.4439387,1.9652987,0.27510786,65.01311,0.0840969
2021-10-07 12:00:00,31.322418,24.914642,1002.6306,0.40160006,4.0810966,0.4274401,68.84172,0.0
2021-10-07 18:00:00,28.894287,25.74356,1005.75,1.3815463,4.0578785,0.9575879,83.13946,0.0087933615
2021-10-08 00:00:00,28.139801,24.656525,1005.14813,2.6140943,2.9026506,0.82532656,81.42082,0.0
2021-10-08 06:00:00,31.048004,24.164703,1006.46,2.5295496,2.114979,0.9881511,66.858215,0.049104914
2021-10-08 12:00:00,31.174286,25.128815,1003.5531,1.0419927,3.2012944,0.6386235,70.31683,0.077024564
2021-10-08 18:00:00,27.59024,24.486206,1006.85126,3.437773,1.5802193,0.9831202,83.22273,0.0
2021-10-09 00:00:00,26.110443,24.144012,1006.19,2.0572634,2.6651998,1.0,88.94667,1.145189
2021-10-09 06:00:00,27.03061,24.8255,1008.1956,4.2188177,1.7725239,0.9973397,87.75953,4.596523
2021-10-09 12:00:00,30.673431,23.519775,1005.78876,3.0416412,2.5684109,0.82456654,65.70503,0.0
2021-10-09 18:00:00,27.840912,24.041779,1007.5325,2.6927443,2.1462145,0.9485224,79.85633,0.0
2021-10-10 00:00:00,27.104523,23.302582,1006.16876,2.8153543,1.0730566,0.99999994,79.744095,0.0
2021-10-10 06:00:00,31.83133,24.819885,1006.98376,3.7231112,0.24423504,1.0,66.50308,0.0
2021-10-10 12:00:00,31.729767,24.641632,1003.51874,0.49172038,1.9746796,0.984694,66.17874,0.0
2021-10-10 18:00:00,26.204437,25.33908,1006.38,0.67440814,-0.94444656,0.99999994,94.999466,0.08222566
2021-10-11 00:00:00,25.564667,24.31659,1005.1225,2.2026234,1.3552456,1.0000001,92.825745,0.45522776
2021-10-11 06:00:00,29.965363,25.275787,1005.8738,3.6554022,0.8001287,0.9804498,76.01533,0.0
2021-10-11 12:00:00,27.855621,24.800385,1003.1931,1.2771652,2.0706162,0.9946727,83.49581,2.1623695
2021-10-11 18:00:00,25.719086,24.308868,1005.4394,2.4944906,0.56637305,0.99999994,91.9365,0.0
2021-10-12 00:00:00,25.724335,23.739563,1004.1844,3.166214,0.3761778,0.99999994,88.818535,0.68478703
2021-10-12 06:00:00,31.02481,25.22165,1005.7025,4.2653465,0.4443745,0.96257377,71.311584,0.0
2021-10-12 12:00:00,29.82257,23.581818,1003.42,1.4356265,1.9996552,0.9889856,69.249435,0.0
2021-10-12 18:00:00,27.24936,22.769562,1005.9231,3.4829922,0.020956993,0.9771388,76.56003,0.030510128
2021-10-13 00:00:00,26.431366,19.949432,1004.0737,3.9523983,0.4437133,0.6966113,67.58416,0.14493614
2021-10-13 06:00:00,30.694733,23.81726,1004.95624,3.6854372,0.121184826,0.4784696,66.811264,0.32909214
2021-10-13 12:00:00,30.884735,24.679718,1001.8775,0.83912414,1.7654288,0.848331,69.5975,0.0
2021-10-13 18:00:00,27.580414,25.095001,1005.2512,0.5954628,0.8593828,0.73646927,86.353516,0.0
2021-10-14 00:00:00,27.677765,23.791351,1003.7994,2.2879162,0.30553496,0.96825916,79.41655,0.0
2021-10-14 06:00:00,32.112946,23.91269,1003.83124,2.6835966,0.51014304,0.47453237,61.988712,0.0
2021-10-14 12:00:00,30.939606,25.49826,1001.4419,-0.090082705,1.6015565,0.36112136,72.84746,0.14398107
2021-10-14 18:00:00,28.22293,26.23465,1003.045,0.9999109,3.0671487,0.9437053,88.99411,0.0
2021-10-15 00:00:00,28.177673,25.47702,1000.8775,2.5582914,1.3110363,0.93096536,85.31247,8.940697e-05
2021-10-15 06:00:00,32.50064,24.403717,1001.53,2.4210234,1.5866311,0.92557764,62.458885,0.07191114
2021-10-15 12:00:00,30.20633,24.68222,999.7706,0.118730545,3.186133,0.96117496,72.36358,0.0
2021-10-15 18:00:00,28.917328,26.150879,1001.95935,0.85706615,4.2364254,0.8998893,85.05512,0.0
2021-10-16 00:00:00,28.589294,25.234528,999.9431,1.6983933,3.837889,0.61471736,82.10239,0.0
2021-10-16 06:00:00,31.188751,26.55127,1001.35376,0.71742094,3.8679028,0.6693934,76.43715,0.122345224
2021-10-16 12:00:00,28.465424,24.887665,999.3956,1.4260613,3.3490982,0.38170558,81.00338,0.0
2021-10-16 18:00:00,27.78714,24.693756,1002.8688,1.3153864,2.911177,0.98732936,83.29805,0.0
2021-10-17 00:00:00,27.28183,23.785461,1000.9675,2.8019047,1.9479516,0.91357416,81.24978,0.0
2021-10-17 06:00:00,32.09427,24.571594,1004.01624,4.9186544,1.0332954,0.98223025,64.55501,0.023461878
2021-10-17 12:00:00,30.066315,24.638702,1001.8156,2.4691765,2.8993883,0.7767595,72.75798,0.23433566
2021-10-17 18:00:00,27.837433,24.615265,1005.23376,2.727151,1.6063867,0.57714283,82.66505,0.0
2021-10-18 00:00:00,27.717865,23.483887,1004.3169,2.7624865,1.653763,0.92618346,77.77686,0.0
2021-10-18 06:00:00,32.412994,24.827728,1006.0025,3.9143066,0.6729908,0.8903295,64.38033,0.023270026
2021-10-18 12:00:00,31.170807,25.283783,1004.4869,0.4438572,2.0620885,1.0000006,70.982605,0.24497487
2021-10-18 18:00:00,28.155365,25.771729,1007.98065,1.567512,2.0021846,0.9680233,86.93055,0.0
2021-10-19 00:00:00,27.579987,23.478424,1006.53064,2.4339857,0.74715346,1.0000001,78.38046,0.0
2021-10-19 06:00:00,32.88846,24.511719,1008.3137,2.0435638,-0.5028124,0.9832698,61.50534,0.047106296
2021-10-19 12:00:00,30.670868,25.727448,1006.4988,-0.5505704,0.638518,0.99733967,74.98745,0.0
2021-10-19 18:00:00,28.030273,25.714813,1009.84625,0.72482973,1.9826689,0.8940756,87.27147,0.77432394
2021-10-20 00:00:00,26.335785,24.638458,1008.5737,1.6929994,0.6735909,0.9215464,90.40845,0.0
2021-10-20 06:00:00,31.078522,25.958557,1010.21686,0.13623673,0.28261375,0.4056208,74.27244,0.11328335
2021-10-20 12:00:00,30.210236,25.344055,1007.66376,-0.7593508,1.2702677,0.27098492,75.25898,0.031392366
2021-10-20 18:00:00,27.35559,25.480011,1010.72815,0.17851686,1.3943397,0.36996943,89.52486,0.6178757
2021-10-21 00:00:00,26.202118,24.633606,1009.83936,1.0376395,0.7815974,0.94412816,91.098595,0.0
2021-10-21 06:00:00,31.389069,24.954468,1010.8831,-0.094318986,1.2351897,0.7005055,68.74429,0.0
2021-10-21 12:00:00,29.553131,25.035797,1008.3206,-1.1941175,1.5013535,0.29127783,76.73601,0.0
2021-10-21 18:00:00,27.69754,25.396484,1010.6025,-0.7439356,1.3185166,0.31690985,87.3169,0.0
2021-10-22 00:00:00,26.189667,24.542664,1010.5125,-0.093585014,1.1460065,0.78069174,90.671165,0.6696223
2021-10-22 06:00:00,31.27774,25.151154,1010.78937,-0.83770275,1.1246588,0.70457894,69.99687,0.0
2021-10-22 12:00:00,30.523285,24.578827,1007.8075,-1.4235325,0.9920059,0.22551021,70.62316,0.0
2021-10-22 18:00:00,27.86502,25.192505,1011.83563,-1.0922718,1.8071017,0.40909824,85.42403,1.3562441
2021-10-23 00:00:00,26.706451,24.371552,1009.8113,0.5054283,1.0076646,0.47238094,87.05273,0.0
2021-10-23 06:00:00,31.043976,24.909119,1011.695,-0.7681093,1.3910401,0.9567731,69.91928,0.09619527
2021-10-23 12:00:00,28.822418,24.734253,1009.02313,0.18860328,1.6010237,0.93666625,78.61902,0.02974943
2021-10-23 18:00:00,27.106567,25.012665,1011.73126,0.7976221,1.5847354,0.4239881,88.35002,0.0
2021-10-24 00:00:00,26.54721,24.419037,1009.84564,2.6884584,0.78698444,0.7349716,88.12341,0.0
2021-10-24 06:00:00,32.293365,24.58371,1011.1725,0.4143151,-0.7393656,0.9527679,63.878567,0.0
2021-10-24 12:00:00,29.595428,24.832947,1008.73065,-2.296565,-0.8322058,0.9953373,75.62848,0.0
2021-10-24 18:00:00,26.108795,24.647919,1011.7075,0.31562328,0.21549404,1.0,91.68092,0.19104414
2021-10-25 00:00:00,26.115692,24.379425,1008.9794,1.0344946,-1.5561237,0.9992791,90.18293,0.0
2021-10-25 06:00:00,30.600494,24.469574,1009.42126,-1.0208569,-3.5660877,0.9973012,69.853676,0.0
2021-10-25 12:00:00,29.583862,24.410309,1006.89874,-1.8728914,-1.7487879,0.2022587,73.790436,0.0
2021-10-25 18:00:00,26.838287,24.186829,1009.36,-1.4032793,-1.4094839,0.89159256,85.42885,0.038814686
2021-10-26 00:00:00,26.476837,24.48468,1007.3819,-0.52531147,-1.317028,0.9902991,88.83821,0.0
2021-10-26 06:00:00,30.092194,24.526154,1008.9919,-0.90157795,-1.5187473,0.38894403,72.16255,0.06848254
2021-10-26 12:00:00,29.288177,23.758759,1006.3,-1.8425388,-1.2125988,0.58558816,72.18094,0.0
2021-10-26 18:00:00,27.462128,24.136627,1009.1625,-0.5974083,-1.6226511,0.37996435,82.11056,0.0
2021-10-27 00:00:00,26.396515,23.904236,1007.8206,0.16147518,-1.6882076,0.56311834,86.2059,0.03778613
2021-10-27 06:00:00,30.473297,25.193634,1009.1475,-0.5425482,-2.739913,0.41358817,73.47221,0.0
2021-10-27 12:00:00,29.484467,23.937805,1006.46185,-2.0893335,-2.28024,0.9691486,72.1404,0.0
2021-10-27 18:00:00,27.09317,24.0354,1008.5756,-0.5515375,-1.9917231,0.9673841,83.39755,0.00095529854
2021-10-28 00:00:00,26.451324,24.128876,1007.8,0.6141276,-2.0816813,0.9999992,87.09481,0.4535839
2021-10-28 06:00:00,27.93692,25.028107,1008.8769,-0.18904209,-4.353608,1.0,84.237335,0.0
2021-10-28 12:00:00,28.518585,23.894562,1006.3837,0.3498177,-3.874549,0.986432,76.09033,0.0
2021-10-28 18:00:00,26.521484,23.658844,1008.9356,-0.03751564,-3.0274286,0.98666734,84.318665,0.27912524
2021-10-29 00:00:00,25.334808,23.58548,1007.83374,0.477396,-2.0612793,0.99999994,90.05755,0.0
2021-10-29 06:00:00,26.650635,24.793488,1009.7587,-0.23999786,-2.3138933,0.996731,89.571396,3.8778274
2021-10-29 12:00:00,27.598724,25.225403,1007.78815,-1.5043678,-1.2613392,0.9988887,86.933586,0.0
2021-10-29 18:00:00,25.669037,24.696808,1010.6925,-2.1766882,-2.4353724,0.9840112,94.3756,0.0015073717
2021-10-30 00:00:00,25.788483,24.209259,1009.5206,-0.50397396,-2.2213573,0.9976258,91.01387,0.057302594
2021-10-30 06:00:00,28.162079,24.801727,1010.65875,-2.1659327,-3.1397457,0.91697776,82.023705,3.179467
2021-10-30 12:00:00,28.670624,25.082489,1008.39935,-1.8521938,-2.6228313,1.0,80.97925,0.0
2021-10-30 18:00:00,26.245758,25.024902,1009.6813,-0.56325054,-2.6388502,1.0000001,93.011566,0.27475
2021-10-31 00:00:00,25.851685,24.607666,1009.08936,-0.043081284,-2.5613089,0.9999999,92.86304,0.0
2021-10-31 06:00:00,26.963593,25.59433,1010.2081,-1.7530851,-3.583372,0.9984253,92.231804,0.88633955
2021-10-31 12:00:00,25.829132,24.811401,1008.05,-1.2192745,-2.5869246,1.0,94.126114,1.2472154
2021-10-31 18:00:00,25.378204,24.506073,1009.6156,-1.1497374,-3.4406862,0.99999994,94.93088,0.0
2021-11-01 00:00:00,25.397614,24.233429,1007.9,0.22088146,-1.490099,0.9980222,93.28536,0.0
2021-11-01 06:00:00,28.502838,25.33664,1009.2575,-2.7297192,-1.3229618,0.99999994,83.01849,0.57653624
2021-11-01 12:00:00,26.914734,24.872955,1006.53625,-2.51513,-0.818552,0.9853048,88.609665,2.3883374
2021-11-01 18:00:00,25.613739,24.558807,1009.95,-2.40979,-0.71132374,0.99856377,93.90776,0.0
2021-11-02 00:00:00,25.803253,24.382965,1007.9425,-0.88906574,-0.6662197,1.0,91.88592,0.0
2021-11-02 06:00:00,27.97348,25.48111,1009.1831,-3.522499,-0.8456917,0.9533518,86.354706,0.0
2021-11-02 12:00:00,27.866577,25.038452,1006.61127,-2.4744663,-0.72567093,0.9662303,84.63598,0.6139021
2021-11-02 18:00:00,25.22873,24.493225,1009.96,-0.9462118,0.002415657,0.9992787,95.705185,0.77501637
2021-11-03 00:00:00,24.97519,23.945557,1007.83813,0.15661621,-1.700367,0.99321765,94.02242,0.0
2021-11-03 06:00:00,26.487885,24.874481,1010.27185,-0.84828854,-1.4044437,1.0,90.87288,0.20805238
2021-11-03 12:00:00,26.820404,24.72232,1006.86,-0.98585033,-1.7430019,1.0,88.30466,0.0
2021-11-03 18:00:00,25.149567,24.467224,1009.5613,-0.27480507,-0.9307213,1.0,96.007805,1.1847973
2021-11-04 00:00:00,24.952179,23.986511,1008.2475,0.8646423,-1.3508759,1.0,94.38351,0.0
2021-11-04 06:00:00,29.313202,24.515472,1009.33124,-1.2318821,-2.4652443,0.9899903,75.42506,0.0
2021-11-04 12:00:00,27.768402,25.21988,1006.8131,-0.89076805,-0.8683281,0.91198087,86.04741,0.9004057
2021-11-04 18:00:00,24.966644,24.28186,1009.6962,-0.067866564,-0.41510868,0.90143,95.988396,0.0
2021-11-05 00:00:00,24.921082,23.766693,1007.91437,1.3814044,0.13721424,0.9900957,93.317184,0.28170356
2021-11-05 06:00:00,28.598358,24.101501,1009.52686,1.743928,-0.60540676,0.99999976,76.68606,0.0
2021-11-05 12:00:00,28.796844,24.056396,1006.5119,-0.5207834,0.6708323,0.95878696,75.60314,1.2948396
2021-11-05 18:00:00,25.36673,24.22647,1008.6456,0.54920906,1.1249573,1.000001,93.41779,0.0
2021-11-06 00:00:00,25.77069,24.233429,1006.9725,1.080184,-0.77612686,0.9745922,91.24204,0.0
2021-11-06 06:00:00,29.63272,25.29367,1007.85626,1.7449218,-1.7864456,0.9753934,77.56686,0.0
2021-11-06 12:00:00,27.78128,24.61612,1004.8787,-1.0349216,-1.004592,0.9885314,82.940765,2.7117176
2021-11-06 18:00:00,25.230743,24.306702,1007.0687,1.4900024,0.43396282,0.93445486,94.63066,0.0
2021-11-07 00:00:00,24.573456,23.438446,1005.54126,1.745637,-0.15237236,0.9991091,93.40954,0.17298293
2021-11-07 06:00:00,28.364746,24.226776,1007.35376,2.722415,-2.1434088,0.99354166,78.32048,0.0
2021-11-07 12:00:00,27.93338,23.740753,1004.8544,1.1941906,-3.8292465,0.9893444,78.0021,0.0
2021-11-07 18:00:00,25.256958,23.39804,1007.4913,2.0846243,-4.1890697,1.0,89.45877,1.0019138
2021-11-08 00:00:00,24.610657,24.134857,1005.89185,-0.29758072,-5.0771103,0.99856406,97.190056,2.6726532
2021-11-08 06:00:00,25.99234,24.633514,1008.5706,-0.002781868,-3.7199125,0.99117905,92.23524,0.0
2021-11-08 12:00:00,25.821625,23.855164,1006.64685,0.1887455,-4.9506474,0.99927884,88.92404,0.0
2021-11-08 18:00:00,23.922333,22.890076,1008.78064,1.6314421,-4.620434,0.99665534,93.96162,0.74303293
2021-11-09 00:00:00,24.291779,22.669464,1007.0681,1.8483715,-4.1447115,1.0,90.68005,2.9528031
2021-11-09 06:00:00,23.517792,22.358978,1008.7775,1.298686,-4.295967,1.0,93.22386,0.0
2021-11-09 12:00:00,25.08664,23.28952,1006.685,2.1596212,-3.092905,1.0,89.78059,0.0
2021-11-09 18:00:00,24.572418,23.580719,1008.7,1.1292877,-3.4598026,0.9996034,94.22006,1.5590234
2021-11-10 00:00:00,23.754242,22.463165,1007.8669,3.188921,-1.6231909,1.0,92.48951,0.33583617
2021-11-10 06:00:00,25.348572,23.103851,1006.97375,2.364067,-3.9630594,1.0,87.40536,0.0
2021-11-10 12:00:00,24.985748,22.106598,1004.4925,1.7404047,-4.479291,1.0,84.06804,0.0
2021-11-10 18:00:00,24.24997,22.1745,1006.17,2.3611722,-2.719346,1.0,88.21326,0.0
2021-11-11 00:00:00,23.858795,22.14212,1003.6131,3.5161982,0.8925171,1.0000005,90.13179,0.0
2021-11-11 06:00:00,29.264801,22.238098,1003.35565,5.5678034,-0.057009697,1.0,65.923256,0.0
2021-11-11 12:00:00,28.075348,21.932587,1001.27,2.8196535,-0.4797449,0.9999969,69.330734,0.0
2021-11-11 18:00:00,26.109894,21.905426,1003.71875,2.1498368,1.8340043,0.9980213,77.68085,0.09764427
2021-11-12 00:00:00,25.398163,23.281586,1003.39685,1.389864,1.499116,0.99999994,88.089165,0.0
2021-11-12 06:00:00,28.686798,23.516937,1004.9363,3.3169222,0.6214199,0.9826292,73.65724,0.0
2021-11-12 12:00:00,28.073944,23.66397,1003.96185,1.4428947,0.79760396,0.9398384,77.008606,0.0
2021-11-12 18:00:00,26.215973,24.233917,1006.4581,0.8506436,1.6687995,0.98536295,88.87159,0.0032433048
2021-11-13 00:00:00,25.775116,24.29599,1005.6981,0.67916363,1.254893,0.99515337,91.56089,0.0
2021-11-13 06:00:00,29.569733,23.90976,1007.17065,0.94176996,1.445587,0.99999994,71.665695,0.089648396
2021-11-13 12:00:00,29.098358,25.22461,1004.8544,-0.2791958,2.8025303,0.9999997,79.66879,0.13312443
2021-11-13 18:00:00,26.735382,25.322144,1007.26874,1.0039506,2.1224763,1.0,91.9783,0.4651062
2021-11-14 00:00:00,26.596893,24.573212,1005.6381,1.9308517,0.5764981,0.9929443,88.68025,0.0
2021-11-14 06:00:00,28.72342,24.903748,1007.53375,0.6243548,0.27869976,1.0,79.87579,0.029083312
2021-11-14 12:00:00,28.654327,25.49179,1004.53815,-0.75564957,0.45801395,1.0,83.053894,0.42727554
2021-11-14 18:00:00,26.511078,25.188324,1007.1275,-0.49371338,1.3595104,0.96799964,92.46239,0.0
2021-11-15 00:00:00,25.984344,24.587982,1005.1069,1.4814653,0.12838417,0.99609977,92.02801,0.0
2021-11-15 06:00:00,30.056366,25.477112,1005.58,1.314058,-1.5734024,0.8428086,76.52952,0.14618762
2021-11-15 12:00:00,28.055328,24.940063,1003.2125,-0.7067871,0.581748,0.89276445,83.21968,1.5246516
2021-11-15 18:00:00,25.660767,24.504456,1005.8013,-0.12816757,0.21157777,0.95028466,93.34203,0.0
2021-11-16 00:00:00,25.42569,24.289368,1004.39935,-0.06377411,0.28815448,0.97942096,93.44266,0.0
2021-11-16 06:00:00,29.78189,24.857758,1006.47876,-0.5425806,0.19061387,0.99404293,74.93158,0.089439824
2021-11-16 12:00:00,27.949066,25.097656,1003.9925,-1.2096281,1.1607676,1.0000001,84.5273,0.56825006
2021-11-16 18:00:00,25.782257,24.684082,1007.5062,0.13156605,-0.45597553,0.9971129,93.672844,0.5154664
2021-11-17 00:00:00,25.55539,24.214142,1005.8775,0.611856,-1.7288904,0.997333,92.3082,0.0
2021-11-17 06:00:00,29.355255,25.48114,1007.84314,0.1528244,-2.9768972,0.99999994,79.701454,0.20239054
2021-11-17 12:00:00,25.586395,24.535278,1006.28186,0.16683102,-2.2083673,0.9980223,93.928,0.02798915
2021-11-17 18:00:00,24.878387,24.19101,1007.79065,2.198298,-1.5577116,1.0,95.97085,0.49677277
2021-11-18 00:00:00,24.52713,23.348083,1004.3694,2.8791537,-2.5691338,1.0,93.1594,0.0
2021-11-18 06:00:00,26.093292,23.903381,1004.59064,4.4875174,-1.3686218,1.0,87.75943,0.26709718
2021-11-18 12:00:00,26.477753,23.56604,1001.40686,4.33733,1.263181,0.99587166,84.06506,0.0
2021-11-18 18:00:00,26.294037,23.185638,1002.90125,4.196656,4.3661475,0.9667011,83.0526,0.0
2021-11-19 00:00:00,26.06845,23.106903,1001.6956,2.460472,3.2657585,0.9973404,83.76759,0.11199713
2021-11-19 06:00:00,29.894806,23.813202,1003.2413,1.4809783,3.499796,0.31551802,69.92973,0.0
2021-11-19 12:00:00,28.55896,25.421326,1000.5538,0.34328896,2.5667307,0.67372084,83.16602,0.7146463
2021-11-19 18:00:00,26.559082,24.68811,1003.66565,-0.96021366,2.4815874,0.9089473,89.49071,0.0
2021-11-20 00:00:00,25.707275,24.655884,1002.76624,0.4595886,1.1477103,0.9837613,93.931755,0.0
2021-11-20 06:00:00,30.809723,25.634674,1005.1763,1.6182327,1.1768825,0.85233986,73.986435,0.15036944
2021-11-20 12:00:00,29.494293,25.451935,1003.39,-0.34476352,1.7174478,0.5365513,78.927505,1.4960183
2021-11-20 18:00:00,25.622223,24.299377,1006.7537,0.68796915,2.6252744,0.8423957,92.41375,0.0
2021-11-21 00:00:00,25.573639,24.137604,1005.2456,1.0986718,0.2223301,0.17222023,91.785805,0.0
2021-11-21 06:00:00,30.553741,25.476166,1007.95374,-0.8039589,-1.6238146,0.9132007,74.373924,0.110436946
2021-11-21 12:00:00,28.993622,24.829346,1006.41064,-1.4452295,0.4948622,0.6857788,78.2866,0.038716227
2021-11-21 18:00:00,26.792847,25.017426,1009.1431,0.6385826,1.1518632,0.97204405,90.01944,0.0
2021-11-22 00:00:00,26.044617,24.698944,1007.9313,0.8576231,-1.2959127,0.8948585,92.310646,0.05865659
2021-11-22 06:00:00,29.446564,25.36264,1009.4125,-0.8328409,-3.8858805,0.9062832,78.72612,0.12520002
2021-11-22 12:00:00,27.59256,25.165375,1007.03186,-1.9235506,-2.197423,0.96724343,86.65466,0.0
2021-11-22 18:00:00,26.440155,24.686615,1009.2581,-0.85770416,-2.1054764,0.9938658,90.11237,0.0
2021-11-23 00:00:00,25.863678,24.44809,1007.26373,0.25466537,-2.5439615,0.99404365,91.91528,0.075387985
2021-11-23 06:00:00,30.196198,25.809113,1008.7606,-1.135684,-3.2095118,0.85947967,77.428055,0.0075847507
2021-11-23 12:00:00,29.038055,25.257294,1006.0225,-2.1942034,-1.9821367,0.998173,80.10285,0.0
2021-11-23 18:00:00,26.769073,24.9122,1008.53314,-1.4756241,-2.6616764,1.0,89.581535,0.058270097
2021-11-24 00:00:00,26.37143,24.599335,1007.1225,0.048089027,-3.3642817,1.0000018,90.00763,0.0
2021-11-24 06:00:00,29.203583,24.064789,1008.7413,-1.833209,-4.001647,1.0,73.88124,0.0
2021-11-24 12:00:00,26.821686,24.62381,1007.15314,-1.0451698,-0.8509989,1.0,87.77966,0.5451855
2021-11-24 18:00:00,25.559204,24.763092,1009.1188,-0.85813046,-1.9741316,1.0,95.369705,0.6802942
2021-11-25 00:00:00,25.649933,24.648956,1006.9988,-0.53770065,-3.8441086,1.0,94.212814,0.0
2021-11-25 06:00:00,27.528107,25.785553,1008.04565,-3.7519102,-4.5824995,1.0,90.24668,0.2984584
2021-11-25 12:00:00,26.196747,24.725128,1006.8231,-3.4389763,-3.4016485,0.9920401,91.62733,0.0
2021-11-25 18:00:00,24.908234,24.084625,1009.6119,-2.0273676,-2.1286306,1.0000001,95.190445,0.2948565
2021-11-26 00:00:00,25.539581,24.0914,1007.14813,-0.39556885,-3.0470543,1.0,91.71692,0.0
2021-11-26 06:00:00,25.783234,24.44577,1009.39435,-2.293726,-3.481699,0.9992789,92.34165,1.8637614
2021-11-26 12:00:00,25.62265,24.069214,1007.3787,-0.82544804,-2.4454622,0.9996034,91.144295,0.0
2021-11-26 18:00:00,25.085663,24.320831,1009.1456,-0.37498665,-3.2796507,1.0,95.53266,0.0
2021-11-27 00:00:00,24.07608,23.43222,1007.6119,-0.13302135,-3.019559,1.0,96.19934,2.1546896
2021-11-27 06:00:00,25.107574,24.461334,1009.03375,-1.2267857,-3.0499363,1.0,96.21428,0.0
2021-11-27 12:00:00,25.96112,24.350464,1007.23376,-2.330452,-2.550724,0.99999994,90.853645,0.42247248
2021-11-27 18:00:00,25.092407,24.309143,1009.3925,-1.8614483,-2.041997,0.99927837,95.42739,1.1482052
2021-11-28 00:00:00,24.757904,23.677094,1007.95685,-1.6415348,-2.155672,1.0,93.72377,0.0
2021-11-28 06:00:00,27.352142,24.175568,1009.6969,-2.151722,-2.1850147,0.99856395,82.83447,1.5861123
2021-11-28 12:00:00,25.645538,23.703156,1007.7419,-2.1576262,-2.122098,0.9870113,89.03929,0.0
2021-11-28 18:00:00,24.397308,23.498688,1010.3088,-2.1245823,-2.0565243,0.9992794,94.74313,0.0
2021-11-29 00:00:00,24.41513,23.293335,1008.97064,-0.6722765,-1.3497753,0.98762906,93.47656,0.0
2021-11-29 06:00:00,27.230011,24.654877,1011.45435,-2.1817598,-0.071559906,1.0,85.858925,1.8071711
2021-11-29 12:00:00,27.154724,24.498352,1008.40814,-2.3742876,-1.1231527,0.9713016,85.43535,0.0
2021-11-29 18:00:00,25.083344,24.203735,1010.6175,-1.6958637,-1.3464117,0.92925733,94.87747,0.10595198
2021-11-30 00:00:00,25.214417,23.824982,1009.5062,-1.6558428,-1.0880165,0.8787539,92.02229,0.25598645
2021-11-30 06:00:00,28.824127,24.515656,1011.27686,-1.6291199,-1.15942,0.88414496,77.59049,0.33641845
2021-11-30 12:00:00,28.201324,25.017426,1007.85815,-2.4633894,-1.284441,0.22302234,82.89643,0.0
2021-11-30 18:00:00,25.624298,24.706696,1011.4,-1.0110607,-1.6890726,0.4330631,94.682396,0.061155137
2021-12-01 00:00:00,25.486206,24.026154,1009.4269,-0.7245474,-2.2607422,0.366332,91.64837,0.0
2021-12-01 06:00:00,29.07254,25.15857,1009.855,-3.2374449,-2.7450113,0.3483464,79.47476,0.037188686
2021-12-01 12:00:00,27.559235,24.4617,1007.59125,-2.7356148,-1.4968805,0.5145681,83.25159,0.19151074
2021-12-01 18:00:00,25.56192,24.013367,1010.7625,-1.4996538,-1.1809282,0.6360936,91.16719,0.044024616
2021-12-02 00:00:00,25.172852,23.940704,1009.1219,0.24301147,-1.8456526,0.91200197,92.894356,0.0
2021-12-02 06:00:00,29.130829,24.38272,1010.1238,-1.5798931,-3.5896645,0.54526436,75.62076,0.012474686
2021-12-02 12:00:00,27.954346,23.1539,1007.4375,-2.0272532,-2.7638807,0.48039162,75.197205,0.0
2021-12-02 18:00:00,26.024445,22.706146,1010.48126,-2.2949066,-2.1360044,0.42088652,81.972015,0.0
2021-12-03 00:00:00,25.07022,22.631744,1008.6362,1.3945308,-1.252284,0.9160603,86.360054,0.0
2021-12-03 06:00:00,29.912018,22.228241,1010.6331,0.5255667,-2.4091768,0.98999006,63.471466,0.0
2021-12-03 12:00:00,28.909332,23.130707,1008.1119,-1.2465115,-1.166173,0.86523587,71.037224,0.0
2021-12-03 18:00:00,24.91507,22.303314,1010.34875,-1.5612526,-0.784688,0.5144376,85.440414,0.0
2021-12-04 00:00:00,25.467072,23.203857,1009.4169,-0.49827194,-0.903615,0.90092045,87.31819,0.0001906883
2021-12-04 06:00:00,29.256683,23.246338,1011.15686,1.0780337,-1.1914425,0.5958909,70.11239,0.12015481
2021-12-04 12:00:00,28.514221,24.263031,1008.5475,-0.83267593,0.083354,0.5446497,77.81198,0.0
2021-12-04 18:00:00,25.856415,24.067078,1010.8425,0.25721228,1.5229048,0.08558865,89.87815,0.0
2021-12-05 00:00:00,25.655975,24.060638,1009.815,0.9719334,0.99894035,0.26862514,90.91739,9.685755e-05
2021-12-05 06:00:00,31.15921,24.508575,1010.22815,0.7735198,0.6156714,0.32632238,67.81884,0.035472862
2021-12-05 12:00:00,29.698212,25.68155,1006.95874,-1.3125534,0.79555035,0.28827158,79.07607,0.06569857
2021-12-05 18:00:00,27.27835,25.657776,1010.2425,-0.40532112,1.1198887,0.85577047,90.88519,0.0
2021-12-06 00:00:00,25.861298,24.464142,1008.96625,1.0655222,0.78476065,0.44342571,92.01664,0.03435501
2021-12-06 06:00:00,29.469025,24.269012,1010.58685,-0.15695459,-0.34753036,0.59605384,73.65448,0.03973559
2021-12-06 12:00:00,28.422302,24.646667,1008.1694,-0.6586685,0.10671461,0.7150611,80.04615,0.33037162
2021-12-06 18:00:00,26.305573,24.902771,1010.2706,-0.17095852,-0.12590247,0.822842,92.01095,0.0
2021-12-07 00:00:00,26.234283,24.438904,1009.5569,0.28464508,-1.059207,0.7574142,89.8726,0.0
2021-12-07 06:00:00,30.213593,24.060333,1010.945,-2.3390493,-2.2122765,0.37192786,69.688354,0.049873024
2021-12-07 12:00:00,28.749847,23.62091,1008.3013,-2.2449532,-1.7484703,0.6624452,73.84966,0.0
2021-12-07 18:00:00,26.335236,23.530426,1010.2525,-2.077797,-1.9094868,0.1393023,84.59313,0.0
2021-12-08 00:00:00,26.05429,24.213562,1009.3169,-0.09516144,-2.3415842,0.43043935,89.61571,0.032156706
2021-12-08 06:00:00,29.302582,24.953705,1010.83,-2.4832497,-3.3378668,0.4322064,77.47328,0.08800039
2021-12-08 12:00:00,29.28183,24.301514,1008.76874,-1.9391718,-2.1793451,0.051820956,74.59986,0.0
2021-12-08 18:00:00,26.400665,24.360992,1010.7125,-1.5803261,-1.7770395,0.11308597,88.57976,0.0
2021-12-09 00:00:00,26.133667,23.941833,1010.4856,-2.1951447,-1.5459976,0.9150299,87.752716,0.68777615
2021-12-09 06:00:00,28.736664,26.232758,1012.32935,-2.212164,-1.9454699,0.87104917,86.36726,0.0
2021-12-09 12:00:00,28.604553,23.988281,1010.2319,-2.3770237,-1.6195421,0.4714564,76.13905,0.0
2021-12-09 18:00:00,25.74411,24.008942,1012.72687,-2.3853378,-1.9750414,0.9183895,90.163,0.17519668
2021-12-10 00:00:00,25.259308,23.567291,1011.27814,-0.3034668,-2.4384813,0.88792765,90.36385,0.0
2021-12-10 06:00:00,30.098724,25.345306,1012.89874,-1.9380274,-3.9371471,0.7785844,75.74782,0.041767083
2021-12-10 12:00:00,28.983429,23.538239,1010.3894,-2.8211575,-3.4249372,0.30974734,72.49488,0.0
2021-12-10 18:00:00,26.22696,24.17685,1012.465,-2.1707878,-2.5976286,0.3305623,88.51044,0.170324
2021-12-11 00:00:00,25.664948,24.033142,1010.775,-0.4112692,-3.0091982,0.38126838,90.71912,0.0
2021-12-11 06:00:00,29.332672,25.49472,1012.33,-1.0737038,-3.9591026,0.90658015,79.86983,0.057796918
2021-12-11 12:00:00,28.012299,24.614655,1009.79626,-2.9055672,-3.592905,0.2032767,81.82299,0.0
2021-12-11 18:00:00,25.742645,24.094238,1012.6163,-2.2263165,-3.048747,0.49264014,90.63387,0.010010377
2021-12-12 00:00:00,24.627716,23.804962,1010.97687,-0.3478403,-3.6034079,0.66086876,95.185486,0.0
2021-12-12 06:00:00,28.638336,25.244232,1012.53125,-1.7709951,-3.9778318,0.96317446,81.91631,0.07008117
2021-12-12 12:00:00,27.670502,24.418121,1009.7413,-2.5292435,-3.2667494,0.36470658,82.49613,0.0
2021-12-12 18:00:00,25.37497,24.187683,1011.76685,-1.6617088,-2.9188824,0.9972095,93.15511,0.14829993
2021-12-13 00:00:00,24.841278,23.782074,1010.0119,-1.3350945,-3.123726,0.6541323,93.8495,0.0
2021-12-13 06:00:00,28.245697,25.231964,1012.02,-2.1593122,-3.6591635,0.82522494,83.746,0.004760109
2021-12-13 12:00:00,27.496185,24.131073,1008.7944,-2.4926195,-3.449994,0.25375223,81.91971,0.0
2021-12-13 18:00:00,24.74533,23.566803,1010.8806,-1.8474302,-3.1344671,0.9774186,93.17309,0.040440425
2021-12-14 00:00:00,24.317871,23.387878,1009.6094,-0.6578598,-3.6436148,0.6074312,94.56092,0.0
2021-12-14 06:00:00,28.139618,25.071259,1011.4869,-1.7627544,-3.889698,0.9946779,83.46221,0.023552354
2021-12-14 12:00:00,26.305328,23.673157,1008.54376,-2.1421585,-4.204626,0.9776859,85.47451,0.0
2021-12-14 18:00:00,25.185272,23.475922,1011.56,-1.8415728,-3.1060696,0.93244225,90.26439,0.014115073
2021-12-15 00:00:00,24.58197,23.159637,1010.10187,-1.0471382,-3.4946518,0.9926054,91.80324,0.031480193
2021-12-15 06:00:00,28.061615,24.84964,1012.0475,-2.4680786,-3.8759127,0.9936457,82.74155,0.047016963
2021-12-15 12:00:00,27.030243,23.565948,1009.3694,-2.3310223,-3.8554516,0.90981793,81.37529,0.0
2021-12-15 18:00:00,25.656097,23.125946,1012.1362,-1.7621851,-3.6213655,0.9946679,85.93797,0.0
2021-12-16 00:00:00,25.761932,22.577118,1010.6956,-0.30797958,-4.0987883,0.9102581,82.60712,0.0
2021-12-16 06:00:00,28.46811,22.407013,1012.8231,-2.0536356,-5.607235,0.9154626,69.75058,0.06991625
2021-12-16 12:00:00,27.63034,21.940826,1010.34,-2.6591043,-3.6726093,0.25839907,71.19106,0.0
2021-12-16 18:00:00,25.631866,21.474457,1012.78937,-0.846529,-3.9508972,0.232031,77.834404,0.0005736947
2021-12-17 00:00:00,24.67691,21.026184,1011.46124,0.47811985,-4.063339,0.8318139,80.15514,0.0
2021-12-17 06:00:00,28.893951,22.027008,1013.3731,-1.1191301,-4.750226,0.8325647,66.4922,0.0
2021-12-17 12:00:00,27.964874,22.21399,1010.6969,-2.672658,-3.3736286,0.993017,70.98576,0.0
2021-12-17 18:00:00,25.829681,21.875519,1013.0,-1.0003586,-3.3997345,0.39764997,78.83602,0.0018179417
2021-12-18 00:00:00,24.565338,21.011139,1010.975,0.27046013,-4.1932526,0.20344204,80.61707,0.0038146973
2021-12-18 06:00:00,28.198334,22.214935,1012.5744,-1.4912128,-5.1769657,0.22581762,70.0306,0.0
2021-12-18 12:00:00,27.419617,21.406677,1009.7975,-2.872633,-3.9277248,0.00995677,69.75892,0.0
2021-12-18 18:00:00,25.371552,20.671204,1013.02,-1.840909,-3.843357,0.17767751,75.24275,0.00028614886
2021-12-19 00:00:00,23.729156,19.757477,1012.1269,0.48638248,-3.7598286,0.4503535,78.45268,0.023384346
2021-12-19 06:00:00,28.28183,21.460724,1013.7413,-2.0670776,-4.718402,0.77773106,66.55471,0.006848946
2021-12-19 12:00:00,27.346771,20.249115,1011.3475,-2.451686,-3.4970293,0.11689778,65.241516,0.0
2021-12-19 18:00:00,23.93509,19.69983,1014.01373,-0.6336632,-3.22723,0.14216614,77.21034,9.543146e-05
2021-12-20 00:00:00,22.726715,19.860138,1012.47626,0.63465977,-3.0457048,0.30505365,83.88333,0.0
2021-12-20 06:00:00,28.394135,21.082245,1013.94,-2.3355465,-4.6327934,0.4439274,64.60457,0.0069614034
2021-12-20 12:00:00,28.051392,20.835785,1010.84186,-1.7332354,-2.919941,0.1696867,64.91571,0.0
2021-12-20 18:00:00,24.371613,20.595856,1013.3875,-1.2389469,-2.387764,0.24651992,79.499664,0.0
2021-12-21 00:00:00,23.298492,20.244354,1012.1987,1.1311626,-3.1053934,0.009072867,82.98024,0.0
2021-12-21 06:00:00,28.543549,21.487152,1014.2775,-1.004426,-3.8524342,0.07909169,65.65593,0.000381493
2021-12-21 12:00:00,27.722809,20.878204,1011.5025,-2.109685,-2.1621017,0.07362366,66.34541,0.0
2021-12-21 18:00:00,24.047272,20.806976,1013.2356,-1.2148609,-2.0385113,0.0,82.12205,0.0
2021-12-22 00:00:00,23.26712,20.710175,1011.59186,0.030844688,-2.06839,0.074668884,85.56119,0.0
2021-12-22 06:00:00,28.231781,21.15213,1013.15375,-1.8323011,-3.093914,0.3259899,65.49805,0.0
2021-12-22 12:00:00,26.979218,19.93332,1010.2006,-2.06211,-1.181035,0.06421482,65.3739,0.0
2021-12-22 18:00:00,21.674957,18.771393,1012.10315,-1.8418789,-1.3222294,0.0,83.57201,0.0
2021-12-23 00:00:00,21.28897,18.34848,1010.98376,-0.4414959,-1.8961287,0.0,83.33482,0.0
2021-12-23 06:00:00,28.064972,19.530548,1012.6362,-1.630189,-2.0696507,0.04027939,59.835712,0.0
2021-12-23 12:00:00,26.799835,19.49887,1010.1144,-2.0541935,-1.5999193,0.0,64.30993,0.0
2021-12-23 18:00:00,21.694122,19.053131,1011.8762,-1.903944,-1.5269966,0.008110046,84.95526,0.0
2021-12-24 00:00:00,22.053375,19.25058,1010.3775,0.31364918,-1.4685879,0.18349457,84.14154,0.0
2021-12-24 06:00:00,28.575409,20.943146,1012.8225,-2.002017,-2.3867645,0.58909315,63.383736,0.0014304242
2021-12-24 12:00:00,27.415741,20.10315,1010.39,-2.47888,-1.1143999,0.0,64.39471,0.0
2021-12-24 18:00:00,22.967072,20.146912,1012.2562,-1.7471294,-1.4380121,0.0,84.15137,0.0
2021-12-25 00:00:00,21.848785,19.575714,1011.2825,0.15999413,-1.7090721,0.17958832,86.93841,0.0
2021-12-25 06:00:00,28.160004,20.895844,1012.8719,-2.1925888,-2.0424109,0.5334686,64.74494,0.0
2021-12-25 12:00:00,27.407074,19.847382,1010.8125,-2.367054,-0.9889412,0.042518616,63.41504,0.0
2021-12-25 18:00:00,22.224396,19.401855,1013.10876,-1.2128906,-1.8050861,0.02435875,84.05708,0.0
2021-12-26 00:00:00,22.23819,19.643219,1011.60065,0.12512684,-1.6407633,0.26171875,85.2556,0.0
2021-12-26 06:00:00,28.838348,20.737091,1014.03125,-2.383831,-2.4371586,0.5781152,61.638035,0.0
2021-12-26 12:00:00,27.462128,20.938751,1011.9431,-2.481926,-1.6910324,0.04231644,67.61592,0.0
2021-12-26 18:00:00,23.63797,20.738129,1014.5481,-0.24806976,-1.877264,0.0595932,83.8127,0.0
2021-12-27 00:00:00,23.284943,20.480438,1013.46436,-0.20178318,-1.8315744,0.43473703,84.26752,0.0
2021-12-27 06:00:00,29.355988,21.254913,1014.435,-3.0102215,-1.8609829,0.5230711,61.753826,0.0019073486
2021-12-27 12:00:00,28.018951,21.19107,1011.58124,-2.1420107,-1.5744877,0.1456131,66.47382,0.0
2021-12-27 18:00:00,24.988434,21.23523,1013.1275,-1.2013807,-2.0537653,0.34595585,79.69435,0.0
2021-12-28 00:00:00,24.488312,20.793427,1011.8169,-0.80733395,-1.9259596,0.47856838,79.91253,9.534415e-05
2021-12-28 06:00:00,29.078339,21.973907,1013.56,-3.150384,-1.9429646,0.40725344,65.57359,0.004863459
2021-12-28 12:00:00,27.462006,22.364685,1010.9437,-2.6999054,-1.6624422,0.16448708,73.77597,0.0
2021-12-28 18:00:00,24.384796,21.926025,1011.7644,-1.166441,-1.5938978,0.10230373,86.18803,0.0
2021-12-29 00:00:00,24.292389,21.685028,1010.8544,-0.35149765,-1.4499674,0.55587554,85.40037,0.005912967
2021-12-29 06:00:00,29.49887,21.668365,1012.66876,-2.056323,-2.2807522,0.7816376,62.817043,0.0
2021-12-29 12:00:00,27.829071,21.649902,1010.21564,-2.6561174,-2.0944777,0.6387478,69.130005,0.0
2021-12-29 18:00:00,25.210724,22.00241,1012.2,-1.4734793,-3.088541,0.48573232,82.42363,0.043973327
2021-12-30 00:00:00,23.951141,22.681183,1011.0744,-1.0170279,-2.6313114,0.44322485,92.61879,0.0041112006
2021-12-30 06:00:00,26.840485,23.63321,1013.6969,-2.9340096,-2.4293566,0.81270695,82.62202,0.26892844
2021-12-30 12:00:00,25.444427,22.910828,1010.9988,-2.7590656,-2.4871006,0.59138244,85.899414,0.36857855
2021-12-30 18:00:00,23.981903,23.071228,1013.60065,-1.1110554,-3.255537,0.9362753,94.658134,0.0
2021-12-31 00:00:00,23.992401,22.727264,1012.20374,-0.88721085,-3.4837904,0.9985633,92.64804,0.1056242
2021-12-31 06:00:00,27.029938,23.860931,1014.3038,-2.7145472,-2.0787811,0.93637526,82.8347,1.3603919
2021-12-31 12:00:00,25.124084,23.205475,1011.8756,-3.2388124,-2.4687052,0.85004497,89.126854,0.0
2021-12-31 18:00:00,23.774689,23.06192,1014.2575,-2.4550085,-3.419855,0.999997,95.79086,0.0
2022-01-01 00:00:00,24.202423,23.159058,1012.72064,-1.7728443,-2.5505972,0.9767455,93.91082,0.0
2022-01-01 06:00:00,26.176208,24.227997,1014.90686,-3.3273754,-3.8167658,0.7005782,89.048996,0.27810144
2022-01-01 12:00:00,25.100616,23.447662,1012.21625,-2.701702,-3.1828928,0.5464454,90.56615,0.0
2022-01-01 18:00:00,23.955475,22.987396,1014.4387,-2.2612314,-3.1337223,0.8659247,94.32885,0.04162596
2022-01-02 00:00:00,23.380646,22.588959,1012.39185,-1.5560102,-2.852028,0.9478015,95.321014,0.0
2022-01-02 06:00:00,27.96988,24.309052,1013.82623,-2.946906,-3.3198729,0.85172224,80.5387,0.020535246
2022-01-02 12:00:00,27.537903,22.949371,1010.78815,-3.3144274,-3.9987364,0.28652686,76.10153,0.0
2022-01-02 18:00:00,25.41513,22.494293,1012.76685,-2.6490145,-3.5808268,0.826095,83.902214,0.014121751
2022-01-03 00:00:00,24.560455,22.02185,1011.065,-1.6936474,-3.7783546,0.87789905,85.786476,0.0
2022-01-03 06:00:00,28.297516,22.231842,1013.095,-3.2366009,-4.46692,0.29012477,69.69919,0.0
2022-01-03 12:00:00,27.183014,21.95932,1011.4256,-3.2096891,-3.4962988,0.069904,73.163284,0.0
2022-01-03 18:00:00,25.058746,21.650574,1013.02435,-1.9692106,-2.8290024,0.14713861,81.40539,0.0
2022-01-04 00:00:00,23.706512,21.518646,1011.8038,0.07463646,-3.065545,0.73653334,87.56379,0.0013355166
2022-01-04 06:00:00,27.795746,21.567352,1013.9125,-2.9439716,-5.1333475,0.48069483,68.91582,0.048445538
2022-01-04 12:00:00,26.67929,21.498444,1011.295,-2.5093641,-3.7802153,0.2047586,73.26894,0.0
2022-01-04 18:00:00,23.84256,20.29715,1013.5206,-1.6517458,-2.6042662,0.13474402,80.56602,0.0
2022-01-05 00:00:00,22.78238,20.058289,1011.9531,0.4501934,-3.0883083,0.16255188,84.63291,0.0
2022-01-05 06:00:00,28.354645,22.091156,1013.795,-1.0083084,-3.6312475,0.30209225,68.87527,0.0
2022-01-05 12:00:00,27.434113,22.322662,1010.8131,-2.2986078,-2.2988043,0.30082422,73.70789,0.0
2022-01-05 18:00:00,25.122955,22.24582,1012.73065,-1.9999905,-2.8750973,0.067773245,84.09336,0.0
2022-01-06 00:00:00,24.579865,22.356049,1011.46124,-0.50921535,-2.910017,0.2841642,87.44853,0.024523586
2022-01-06 06:00:00,27.58017,23.27182,1012.58435,-3.2430267,-4.2947884,0.7078407,77.408394,0.022107735
2022-01-06 12:00:00,27.458466,23.5419,1009.46436,-2.510003,-2.4210596,0.31765336,79.24252,0.0
2022-01-06 18:00:00,25.030426,23.129791,1012.0012,-1.3324528,-2.119607,0.14234722,89.21658,0.01574494
2022-01-07 00:00:00,25.007843,23.17923,1011.4475,-0.65290356,-1.9265003,0.3011034,89.60416,0.037197024
2022-01-07 06:00:00,27.876373,23.833466,1012.7294,-3.277793,-2.9679527,0.7282372,78.69977,0.17793405
2022-01-07 12:00:00,27.574371,23.818909,1010.3594,-3.0225391,-2.1740046,0.32094514,80.03068,0.0
2022-01-07 18:00:00,25.085114,23.02002,1013.105,-1.6068668,-1.7669382,0.54154545,88.3378,0.0
2022-01-08 00:00:00,24.339935,22.476807,1011.6625,-0.74098396,-2.1608286,0.19887471,89.36725,0.0
2022-01-08 06:00:00,28.737823,23.154541,1013.4325,-3.5998964,-3.5036182,0.47905332,71.85033,0.16105175
2022-01-08 12:00:00,28.013092,22.940216,1010.77374,-3.0162725,-2.4011726,0.29834503,73.97746,0.0
2022-01-08 18:00:00,25.051239,22.318054,1012.39124,-2.2074652,-1.7235117,0.06679258,84.825516,0.0
2022-01-09 00:00:00,24.649567,21.80014,1010.4269,-1.1852665,-1.9609232,0.12985802,84.18389,0.0
2022-01-09 06:00:00,28.785309,22.773987,1011.9969,-2.67478,-2.7903004,0.26271647,70.020905,0.040907413
2022-01-09 12:00:00,27.857025,22.836792,1009.3156,-2.4471626,-1.6674995,0.109552,74.18784,0.0
2022-01-09 18:00:00,24.726898,22.417694,1011.67126,-1.6736164,-0.8258257,0.9808285,87.00881,0.0
2022-01-10 00:00:00,23.653961,21.845123,1010.2569,-0.68677807,-1.5341349,0.7035182,89.6119,0.0
2022-01-10 06:00:00,29.487335,22.828918,1012.3019,-2.0600023,-2.2451105,0.33111233,67.45963,0.016786158
2022-01-10 12:00:00,28.081146,23.095062,1009.4938,-3.4045353,-0.6629591,0.1675386,74.37827,0.0
2022-01-10 18:00:00,25.713226,22.900726,1011.09686,-1.8829231,-0.8914461,0.24782318,84.48785,0.005441252
2022-01-11 00:00:00,25.683502,23.010956,1010.09,-0.03351593,-2.5928001,0.3441308,85.20364,0.02194941
2022-01-11 06:00:00,29.02066,24.299774,1012.0037,-1.7098045,-2.2955418,0.18133831,75.726944,0.0
2022-01-11 12:00:00,27.884796,23.481995,1009.23126,-3.1733065,-0.8578253,0.38819706,77.01357,0.0
2022-01-11 18:00:00,25.66507,23.42157,1010.83563,-1.6579199,-0.95243263,0.06103912,87.439644,0.0
2022-01-12 00:00:00,24.820892,23.0177,1009.64,-0.14856148,-1.415554,0.8437824,89.72834,0.0013373792
2022-01-12 06:00:00,29.067657,24.249908,1011.615,-1.878232,-1.2735338,0.5181528,75.29589,0.1288326
2022-01-12 12:00:00,28.02066,24.12082,1008.84125,-2.5189772,-0.5853348,0.41048926,79.39915,0.08221628
2022-01-12 18:00:00,25.78952,24.155182,1011.02814,-2.2386255,0.13393646,0.07851216,90.713524,0.0
2022-01-13 00:00:00,25.077423,23.369415,1009.185,-0.5530977,-0.19674766,0.23433965,90.26424,0.0041034073
2022-01-13 06:00:00,30.075592,23.32547,1010.7919,-1.4938412,-0.53065395,0.34256727,67.20243,0.15514964
2022-01-13 12:00:00,29.128815,24.360931,1007.54565,-2.3397217,0.055491567,0.3999041,75.530914,0.0
2022-01-13 18:00:00,26.151031,23.857391,1009.97565,-2.5450096,-0.20028353,0.14593068,87.218834,0.0
2022-01-14 00:00:00,25.70871,23.480011,1008.7275,-1.0099974,0.08951181,0.7765319,87.52155,0.03661505
2022-01-14 06:00:00,30.211334,24.888458,1011.31,-0.76324844,-0.035986006,0.82403094,73.23927,0.0014467239
2022-01-14 12:00:00,29.496857,24.607513,1007.41626,-2.253026,-0.10411167,0.2800894,75.0419,0.0
2022-01-14 18:00:00,25.324615,23.445465,1009.87,-1.7517376,0.13504428,0.079232246,89.3547,0.0
2022-01-15 00:00:00,25.181732,23.516632,1008.86,-0.27162075,-1.0468397,0.5579449,90.50532,0.0011445954
2022-01-15 06:00:00,30.049713,23.077362,1011.2438,-2.767661,-0.81031036,0.5610471,66.30084,0.071420334
2022-01-15 12:00:00,28.962921,23.756927,1008.83624,-3.4383736,-1.0432339,0.25456542,73.54332,0.0
2022-01-15 18:00:00,25.80484,23.586517,1011.0106,-1.8186474,-1.874651,0.18782526,87.58467,0.0
2022-01-16 00:00:00,25.221283,23.319275,1010.20624,-0.9271946,-1.9825687,0.29629976,89.22373,0.035096154
2022-01-16 06:00:00,29.540192,23.973358,1012.71063,-2.724637,-3.510995,0.87188375,72.06274,0.12072757
2022-01-16 12:00:00,28.97647,23.080658,1010.29315,-3.340994,-2.6806736,0.32206917,70.54774,0.0
2022-01-16 18:00:00,25.556305,22.816376,1012.7075,-2.8106794,-2.4348392,0.25813,84.84354,0.03434345
2022-01-17 00:00:00,24.731476,22.7388,1011.8219,-0.9837532,-3.043522,0.97744644,88.697495,0.025456268
2022-01-17 06:00:00,27.929474,23.922638,1014.7125,-1.7261238,-3.629115,0.89646685,78.87806,0.0
2022-01-17 12:00:00,26.946198,22.248505,1011.72626,-3.0102444,-3.6900396,0.20481133,75.50649,0.0
2022-01-17 18:00:00,24.77127,22.054047,1014.55,-1.7186298,-3.204527,0.18752563,84.8787,0.011826498
2022-01-18 00:00:00,23.999298,21.177643,1012.5687,-0.49361324,-2.8643084,0.29615593,84.25632,0.002771616
2022-01-18 06:00:00,28.398834,21.521301,1013.65936,-3.187375,-3.8460026,0.4931085,66.34891,0.00094249845
2022-01-18 12:00:00,27.58847,21.698181,1010.3325,-3.3263893,-2.2559566,0.23013711,70.31601,0.0
2022-01-18 18:00:00,24.378082,21.350372,1012.97125,-1.8311186,-1.948163,0.20632887,83.24051,0.02299971
2022-01-19 00:00:00,23.875885,21.29779,1010.9437,0.07729912,-2.3835926,0.34732175,85.51139,0.0
2022-01-19 06:00:00,28.263336,22.353973,1012.98065,-1.3040133,-3.7638607,0.28844404,70.35886,0.06330951
2022-01-19 12:00:00,27.39444,21.937836,1008.4981,-2.7565098,-2.3835306,0.22610489,72.1675,0.0
2022-01-19 18:00:00,24.333282,20.343353,1011.5006,-2.3667097,-1.181037,0.0,78.45085,0.0
2022-01-20 00:00:00,22.636505,19.922394,1009.4888,-0.6122122,-1.5782003,0.0,84.66964,0.0
2022-01-20 06:00:00,28.334076,20.817047,1011.2925,-1.2459412,-2.5959244,0.048482895,63.782394,0.0
2022-01-20 12:00:00,27.345612,21.431427,1007.58563,-2.8466291,-0.9860954,0.0035514832,70.16828,0.0
2022-01-20 18:00:00,24.136993,21.056976,1009.81,-2.407343,1.0012517,0.0,82.945946,0.0
2022-01-21 00:00:00,22.658234,20.543121,1009.10376,0.8319864,-0.8168392,0.0111198425,87.86486,0.0
2022-01-21 06:00:00,29.303253,21.563202,1012.1138,-0.3556738,0.47757232,0.03928852,63.122932,0.0
2022-01-21 12:00:00,28.60904,22.29477,1007.6362,-1.8880291,1.9451554,0.030220032,68.711334,0.0
2022-01-21 18:00:00,23.723236,21.678314,1009.73376,-0.81809425,2.072103,0.8622775,88.33415,0.0
2022-01-22 00:00:00,23.113007,21.921234,1008.20123,2.0093718,1.2307625,0.89591634,93.01669,0.0
2022-01-22 06:00:00,30.29007,22.921722,1009.08624,1.3450949,1.7437854,0.8982479,64.77952,0.0
2022-01-22 12:00:00,28.549225,22.977325,1005.41315,-2.308713,2.8888483,0.07669122,71.86649,0.0
2022-01-22 18:00:00,25.528107,23.752167,1007.8106,-1.7833109,2.3759494,0.0,89.92703,0.0
2022-01-23 00:00:00,24.36728,23.352936,1007.705,1.1479143,0.8981866,0.30900574,94.08278,0.0
2022-01-23 06:00:00,29.194244,22.496552,1009.23126,0.35699058,2.3850498,0.22645569,67.24111,0.010679942
2022-01-23 12:00:00,28.637604,23.640167,1005.96436,-1.6094475,3.125538,0.18221384,74.41836,0.0
2022-01-23 18:00:00,26.108856,23.30722,1007.7419,-1.1615791,2.928732,0.096845716,84.585396,0.0
2022-01-24 00:00:00,24.802155,23.16507,1006.90625,0.5687361,1.2411059,0.500478,90.63299,0.0009536743
2022-01-24 06:00:00,29.27652,23.115387,1009.0131,-1.4792061,2.1534758,0.25821453,69.47998,0.03051199
2022-01-24 12:00:00,28.196686,22.635223,1005.9856,-1.5151424,2.4962788,0.5431214,71.8496,0.0
2022-01-24 18:00:00,25.465546,22.672943,1008.115,-1.8513708,1.4847252,0.83122987,84.56346,0.0
2022-01-25 00:00:00,25.092438,22.060455,1007.1194,-0.4556141,1.3376855,0.9181983,83.30057,0.0
2022-01-25 06:00:00,30.304962,22.043976,1009.1875,-1.9638882,1.85287,0.91934115,61.36291,0.014876947
2022-01-25 12:00:00,28.593903,21.555481,1006.23627,-3.0204487,1.9595299,0.9841304,65.73859,0.0
2022-01-25 18:00:00,25.375458,21.87384,1008.91565,-2.139576,0.6639437,0.23468578,80.98209,0.0
2022-01-26 00:00:00,24.167267,21.998291,1007.485,-1.1341228,1.3210915,0.8421128,87.70502,0.0112671405
2022-01-26 06:00:00,29.105377,22.598663,1009.8787,-3.1182718,1.2601491,0.8014512,68.00791,0.27396834
2022-01-26 12:00:00,27.619781,22.80716,1007.1919,-2.437523,1.2544372,0.94643515,75.0883,0.046583593
2022-01-26 18:00:00,25.183685,22.238434,1010.1188,-1.5593634,-0.062610805,0.99999964,83.752106,0.0
2022-01-27 00:00:00,24.190216,21.927856,1008.3,-1.5862675,-0.3258772,0.8871763,87.20888,0.0
2022-01-27 06:00:00,29.037262,21.76587,1010.3144,-3.4063005,-1.7143259,0.98803055,64.90022,0.043677166
2022-01-27 12:00:00,27.743439,21.828064,1007.1163,-3.660656,-2.19952,0.9900863,70.237,0.0
2022-01-27 18:00:00,24.73642,21.766388,1010.41,-2.515975,-2.1062565,0.972716,83.57561,0.008398667
2022-01-28 00:00:00,24.504547,21.740204,1008.9931,-0.81258297,-2.6222105,0.9273437,84.60692,0.26834112
2022-01-28 06:00:00,28.386993,22.621979,1011.7394,-3.3357162,-3.9923077,0.34302235,71.00131,0.0
2022-01-28 12:00:00,27.942535,22.87558,1008.5606,-3.3477736,-3.6333532,0.16165972,73.99225,0.0
2022-01-28 18:00:00,25.962982,22.022522,1011.39124,-2.3479786,-3.8997927,0.92376137,78.92067,0.0012402888
2022-01-29 00:00:00,25.790802,22.313019,1009.71375,-1.3772469,-3.8224459,1.0000026,81.152794,0.13774727
2022-01-29 06:00:00,28.356842,22.237457,1012.35315,-4.3692503,-4.537443,0.9837271,69.48282,0.0
2022-01-29 12:00:00,27.139557,23.454254,1009.6131,-3.4650927,-3.513173,0.9999988,80.312096,0.044634614
2022-01-29 18:00:00,25.033844,23.211456,1012.4575,-2.471445,-3.53823,0.8093549,89.63981,0.19365397
2022-01-30 00:00:00,25.340576,23.076202,1010.3325,-1.1521282,-3.1473093,0.99562514,87.30082,0.021556884
2022-01-30 06:00:00,27.119232,23.622223,1012.20685,-1.9160395,-3.3513384,0.9188862,81.22617,0.1464687
2022-01-30 12:00:00,27.280975,24.210175,1008.6881,-1.8627548,-2.3534594,0.58571625,83.353516,0.0
2022-01-30 18:00:00,25.13028,22.573395,1010.9556,-1.9184027,-1.4368076,0.5945578,85.74735,0.0
2022-01-31 00:00:00,24.599884,22.422577,1008.95,-0.3498211,-1.6596241,0.1841554,87.69791,0.0
2022-01-31 06:00:00,29.428497,22.781403,1011.315,-2.004921,-1.9971628,0.91360646,67.49433,0.01926301
2022-01-31 12:00:00,28.371246,22.957611,1008.0575,-3.7512445,-0.9779997,0.19143957,72.52702,0.0
2022-01-31 18:00:00,25.507904,22.54068,1010.5594,-2.6623507,-0.5440693,0.39589378,83.67644,0.0
2022-02-01 00:00:00,24.053986,21.612335,1008.7475,-0.16220856,-1.5124092,0.24128723,86.246376,0.0
2022-02-01 06:00:00,29.080475,21.901428,1010.9244,-2.2277365,-2.0583954,0.78147644,65.2762,0.0
2022-02-01 12:00:00,27.74234,22.26419,1007.9363,-3.3612366,-1.2660723,0.0,72.13397,0.0
2022-02-01 18:00:00,24.305878,21.145355,1009.79626,-2.1966019,-0.25953102,0.0,82.55686,0.0
2022-02-02 00:00:00,22.861053,20.018463,1009.8088,-0.7011633,-1.5121746,0.0,84.02297,0.0
2022-02-02 06:00:00,28.637115,20.613495,1011.73065,-2.3929596,-1.111208,0.10781479,61.888634,0.0
2022-02-02 12:00:00,27.437408,20.664093,1008.6725,-3.1106625,-0.5629139,0.3703003,66.579025,0.0
2022-02-02 18:00:00,22.680023,19.427246,1011.33185,-2.1446953,-0.279521,0.0,81.89072,0.0
2022-02-03 00:00:00,22.651886,19.549042,1010.08936,-1.3615732,-0.44944477,0.06417847,82.65395,0.0
2022-02-03 06:00:00,28.31253,20.451324,1011.99,-1.2946596,-0.097758174,0.11528015,62.43946,0.0
2022-02-03 12:00:00,27.804108,21.053009,1007.765,-2.3934574,0.52594215,0.014877319,66.744316,0.0
2022-02-03 18:00:00,23.54367,20.60257,1009.67065,-1.7695808,1.0247416,0.0617733,83.58939,0.0
2022-02-04 00:00:00,23.282806,20.759125,1007.9244,0.9030838,0.32362223,0.0,85.738174,0.0
2022-02-04 06:00:00,30.018707,22.063324,1009.565,0.009750903,0.67618895,0.0,62.45293,0.0
2022-02-04 12:00:00,29.1857,22.598969,1005.73376,-3.3861065,1.6855011,0.007892609,67.69405,0.0
2022-02-04 18:00:00,25.977386,22.470459,1008.47314,-3.1128273,1.6358922,0.0,81.03285,0.0
2022-02-05 00:00:00,24.25772,22.203674,1008.08813,0.85170364,-0.336236,0.31874958,88.32904,0.0
2022-02-05 06:00:00,30.11319,22.402588,1010.78375,-1.3637438,0.91271913,0.75623757,63.411106,0.0008577481
2022-02-05 12:00:00,28.789215,23.323822,1006.7644,-3.354991,-0.64131355,0.0095825195,72.37291,0.0
2022-02-05 18:00:00,25.739594,22.910126,1010.5737,-3.6071138,-0.32979298,0.67726475,84.403885,0.0
2022-02-06 00:00:00,24.361542,22.273132,1010.0206,-1.8588161,-0.41551304,0.29083306,88.15308,0.00057183206
2022-02-06 06:00:00,29.926788,22.367126,1012.6931,-3.6020432,-0.7579889,0.3889941,63.95576,0.0035297126
2022-02-06 12:00:00,28.691559,22.186066,1010.15,-4.053049,-0.77500534,0.4526066,67.93211,0.0
2022-02-06 18:00:00,25.37967,22.022156,1013.1044,-2.8333578,-1.4100914,0.7529877,81.69767,0.0
2022-02-07 00:00:00,23.969208,21.247528,1011.2994,-0.2512951,-2.049758,0.91054755,84.771416,0.0
2022-02-07 06:00:00,29.568878,20.966187,1013.0,-2.556778,-4.039238,0.6107495,59.928383,0.0
2022-02-07 12:00:00,27.678497,21.86966,1010.2631,-4.0123625,-2.5773945,0.4655552,70.68332,0.0
2022-02-07 18:00:00,25.026154,20.597473,1012.02,-2.4484434,-1.8021278,0.9827505,76.457855,0.0
2022-02-08 00:00:00,23.98111,20.542206,1010.0681,-0.20401192,-1.9385328,0.013626099,81.11536,0.0
2022-02-08 06:00:00,29.764923,20.88498,1012.21375,-1.7140894,-3.4584455,0.44045582,58.960384,0.0
2022-02-08 12:00:00,28.095245,20.76352,1008.7556,-3.938077,-2.3787746,0.9630859,64.46273,0.0
2022-02-08 18:00:00,24.455658,19.55658,1011.335,-2.1965857,-1.7485352,1.0,74.1741,0.0
2022-02-09 00:00:00,23.608551,19.990967,1009.71686,-1.2098665,-2.6652288,0.93652064,80.176285,0.0
2022-02-09 06:00:00,29.250275,20.253632,1012.2875,-3.300436,-3.4035969,0.56994396,58.41806,0.0
2022-02-09 12:00:00,27.632477,20.566498,1008.96124,-3.3625278,-2.826151,0.6760964,65.42877,0.0
2022-02-09 18:00:00,23.574005,19.561737,1011.1756,-0.94919395,-2.1901054,0.047960628,78.232864,0.0
2022-02-10 00:00:00,22.91446,19.385284,1009.23,0.61145496,-2.798664,0.38269222,80.52484,0.0
2022-02-10 06:00:00,28.646393,20.85904,1010.9894,-0.6853647,-4.4616814,0.7558657,62.797493,0.0
2022-02-10 12:00:00,27.482086,23.183136,1007.8269,-3.9768991,-2.7124329,0.99467576,77.4379,0.010788441
2022-02-10 18:00:00,26.50418,23.081818,1010.4988,-2.4783564,-2.502864,1.0,81.51587,0.06514788
2022-02-11 00:00:00,24.425049,23.631989,1008.3256,-1.244174,-2.4881706,1.0000001,95.348755,2.9937985
2022-02-11 06:00:00,25.138977,23.966217,1011.59686,0.9052019,-2.516283,1.0,93.224754,0.13691616
2022-02-11 12:00:00,25.301605,24.335114,1008.1244,-0.67858887,-3.347331,0.9933105,94.39304,0.0
2022-02-11 18:00:00,24.803986,24.410004,1010.4988,-2.2271404,-2.467143,0.9996032,97.67163,0.0
2022-02-12 00:00:00,24.692413,23.581268,1008.1994,-1.5691004,-2.8868618,0.964638,93.54965,0.0
2022-02-12 06:00:00,25.7164,23.710175,1010.85626,-1.3869276,-3.705946,0.9563306,88.70327,1.3031932
2022-02-12 12:00:00,26.931183,23.758942,1007.5831,-1.9447651,-2.919056,1.0000008,82.8071,0.0
2022-02-12 18:00:00,25.593292,22.003357,1009.6844,-2.5381489,-3.2254028,0.99376285,80.57503,0.0
2022-02-13 00:00:00,25.814117,20.935974,1007.59625,-1.1541023,-2.9088469,0.98384845,74.49571,0.041769817
2022-02-13 06:00:00,28.37149,21.616364,1010.46625,-3.1801596,-3.7895145,0.87405705,66.84207,0.0
2022-02-13 12:00:00,27.92453,22.261932,1006.65814,-2.938777,-2.2168016,0.60887516,71.36098,0.0
2022-02-13 18:00:00,24.854645,21.099213,1009.3375,-2.2159462,-1.7573586,0.75247675,79.66524,0.0
2022-02-14 00:00:00,24.212677,21.032562,1007.2625,-0.19756317,-1.9599237,0.60068214,82.44647,0.003435649
2022-02-14 06:00:00,28.227448,22.807526,1010.1456,-3.1988668,-3.349019,0.97022986,72.474464,0.20685446
2022-02-14 12:00:00,27.578583,22.552765,1006.98065,-3.6511698,-3.033083,0.3820728,74.116684,0.0
2022-02-14 18:00:00,24.828644,20.76181,1009.8038,-2.8480034,-1.695075,0.8573884,78.15108,0.0
2022-02-15 00:00:00,23.758148,20.22229,1008.085,-0.53238297,-2.1985788,0.78759825,80.60249,0.0
2022-02-15 06:00:00,28.649323,21.003998,1010.85815,-2.003972,-3.7078457,0.67529136,63.34883,0.0
2022-02-15 12:00:00,27.076935,20.593536,1006.78564,-3.6377802,-2.7829266,0.31557268,67.70615,0.0
2022-02-15 18:00:00,24.220062,20.071594,1009.5712,-2.0204706,-1.7116842,0.1509144,77.6694,0.0
2022-02-16 00:00:00,23.047394,20.368439,1007.1319,0.31366825,-1.7090025,0.9973393,84.89744,0.0
2022-02-16 06:00:00,28.719513,20.797089,1008.84564,-1.7020168,-3.606059,0.82803446,62.293785,0.0
2022-02-16 12:00:00,27.602325,20.89206,1004.2475,-2.9271412,-2.3585997,0.20352793,66.87128,0.0
2022-02-16 18:00:00,23.902802,20.11621,1006.9275,-2.6144886,-1.5082045,0.9946787,79.38192,0.0
2022-02-17 00:00:00,23.071075,20.657898,1005.3237,0.6529999,-1.4577026,0.93312186,86.30281,0.0
2022-02-17 06:00:00,28.232574,20.94107,1007.85,-2.096717,-2.8604317,0.96275604,64.65147,0.0
2022-02-17 12:00:00,27.853302,21.368317,1003.8225,-2.6069841,-2.781536,0.17289245,67.85271,0.0
2022-02-17 18:00:00,24.565094,20.643646,1006.89813,-2.1611128,-2.5742617,0.1325384,78.81601,0.0
2022-02-18 00:00:00,24.453644,21.568085,1006.03625,-0.28012657,-1.8257837,0.85940164,83.97671,0.030528754
2022-02-18 06:00:00,28.481659,22.948212,1008.7394,-2.3838625,-2.81048,0.8789729,72.02205,0.12616536
2022-02-18 12:00:00,28.185333,23.454437,1006.13873,-3.4961843,-2.3494148,0.7362214,75.55039,0.0
2022-02-18 18:00:00,25.690704,22.68161,1009.3931,-1.899889,-2.1305494,0.9969426,83.48451,0.0
2022-02-19 00:00:00,24.243195,21.763885,1008.71124,-0.7908659,-2.1071196,0.9838824,86.066315,0.03624335
2022-02-19 06:00:00,28.629242,24.060272,1011.51685,-2.799779,-2.9362535,1.0000001,76.35946,0.04949057
2022-02-19 12:00:00,27.943268,22.939514,1008.3825,-3.2332516,-2.765483,0.9308261,74.27617,0.0
2022-02-19 18:00:00,25.834137,22.443542,1010.545,-2.3818226,-2.1250076,0.67175543,81.589645,0.0
2022-02-20 00:00:00,24.384552,21.803925,1008.28375,0.12180328,-1.8953438,0.29813904,85.54928,0.0
2022-02-20 06:00:00,29.734283,22.304718,1011.22125,-0.9622011,-1.76719,0.53919435,64.422966,0.0005722686
2022-02-20 12:00:00,28.90152,23.36087,1006.7606,-3.35079,-0.36106586,0.29566336,72.06446,0.0
2022-02-20 18:00:00,25.96457,23.156555,1008.6937,-2.2171526,0.2927351,0.23262024,84.53753,0.0
2022-02-21 00:00:00,24.103302,22.44986,1007.09064,1.1299744,-0.44113815,0.45076114,90.496155,0.0
2022-02-21 06:00:00,29.958405,23.410065,1009.52435,0.0682084,0.64292413,0.11173248,68.00272,0.0
2022-02-21 12:00:00,29.024323,24.298553,1005.6106,-2.8069897,1.7026426,0.10222204,75.70536,0.0
2022-02-21 18:00:00,25.589386,23.576843,1008.57874,-1.8092613,1.3006089,0.012670336,88.65943,0.0
2022-02-22 00:00:00,23.271027,22.310394,1008.0112,1.3754997,0.053703487,0.4054799,94.343185,0.0002863817
2022-02-22 06:00:00,30.73233,23.129547,1011.22565,-1.6441603,0.4020635,0.25444788,63.95939,0.00047660433
2022-02-22 12:00:00,29.421661,23.092255,1008.10376,-3.0216599,0.12762737,0.055548307,68.80391,0.0
2022-02-22 18:00:00,25.531647,22.680115,1011.8019,-2.1524992,-0.98586273,0.1960144,84.268745,0.0
2022-02-23 00:00:00,25.35379,22.418213,1010.76874,-1.1498537,-1.2844782,0.19946791,83.82032,0.0011445954
2022-02-23 06:00:00,29.90335,22.100311,1013.39935,-3.1914005,-2.1699362,0.30611354,63.01024,0.010775868
2022-02-23 12:00:00,28.958649,22.486115,1010.6925,-3.7469501,-2.1376505,0.014855344,68.12061,0.0
2022-02-23 18:00:00,25.941193,22.449432,1013.39935,-2.2165155,-1.9731512,0.14249966,81.10295,0.0
2022-02-24 00:00:00,24.7258,21.891235,1012.54877,-1.2161989,-2.0422726,0.4940148,84.26859,0.00038184226
2022-02-24 06:00:00,29.129486,22.128815,1014.6144,-3.5684996,-2.7219725,0.47183573,66.00016,0.06017123
2022-02-24 12:00:00,28.39853,22.172333,1011.2344,-3.5571575,-2.2523146,0.16377813,69.040306,0.0
2022-02-24 18:00:00,25.49643,21.93457,1012.83185,-2.7182512,-1.1953259,0.0,80.70051,0.0
2022-02-25 00:00:00,24.2753,21.143982,1011.85065,-0.82745934,-1.8867788,0.31336236,82.70137,0.0
2022-02-25 06:00:00,29.129547,21.297028,1013.685,-2.2868729,-2.5813704,0.3547679,62.72885,0.0
2022-02-25 12:00:00,28.184967,21.384674,1010.33374,-3.9430065,-1.4280939,0.0,66.619995,0.0
2022-02-25 18:00:00,23.877472,20.80069,1012.0875,-1.9368591,-1.2736759,0.5718692,82.932106,0.0
2022-02-26 00:00:00,24.588776,20.863861,1011.1456,-0.02859211,-1.852356,0.40517807,79.77861,9.551877e-05
2022-02-26 06:00:00,29.386078,22.466644,1013.5712,-3.1001854,-2.1578474,0.68781453,66.379456,0.04319608
2022-02-26 12:00:00,28.064728,23.422577,1010.21814,-3.3572006,-2.9015608,0.27161193,75.937004,0.0
2022-02-26 18:00:00,26.482819,23.351501,1012.9369,-2.7075157,-2.2679005,0.26446223,82.95952,0.0
2022-02-27 00:00:00,25.245514,22.502106,1011.29126,-1.528202,-2.5200958,0.569872,84.79315,0.009343959
2022-02-27 06:00:00,29.881622,22.910309,1013.35,-3.6897736,-3.1045208,0.24731988,66.271,0.0
2022-02-27 12:00:00,29.299103,22.987335,1009.6969,-4.015169,-2.346611,0.051156227,68.85394,0.0
2022-02-27 18:00:00,25.33554,22.025757,1012.6188,-2.1376963,-1.6673641,0.014610341,81.93032,0.0
2022-02-28 00:00:00,24.968536,22.130646,1011.115,0.2553749,-2.3720083,0.49314857,84.27776,0.0
2022-02-28 06:00:00,29.724518,22.765045,1012.9881,-2.21457,-2.771841,0.2019043,66.28674,0.0
2022-02-28 12:00:00,29.316193,21.812347,1008.96,-3.1060839,-2.2092342,0.00800705,64.0437,0.0
2022-02-28 18:00:00,25.776764,23.13089,1012.35815,-2.186225,-1.8218546,0.0,85.350716,0.0
2022-03-01 00:00:00,24.962921,22.7742,1010.35626,-0.44781303,-2.397871,0.4848029,87.668526,0.0
2022-03-01 06:00:00,30.400543,22.587555,1012.4462,-1.9190454,-3.6878996,0.8656054,63.079514,0.0
2022-03-01 12:00:00,29.415924,21.595245,1010.0687,-3.1694279,-2.9207916,0.8449586,62.836742,0.0
2022-03-01 18:00:00,24.991974,21.513336,1011.96185,-1.6122093,-2.874627,1.0,81.04678,0.0
2022-03-02 00:00:00,24.345123,22.378693,1010.245,-0.0015554428,-3.204543,1.0,88.80824,0.0
2022-03-02 06:00:00,29.26004,21.6232,1012.32874,-3.2627974,-3.6146688,0.952773,63.513363,0.0
2022-03-02 12:00:00,29.569122,21.493195,1008.29,-2.2230368,-2.9115095,1.0,61.8963,0.0
2022-03-02 18:00:00,25.7659,22.584503,1011.0556,-2.4427834,-2.4821692,1.0,82.624725,0.0
2022-03-03 00:00:00,25.298126,22.839996,1008.77936,-0.44832134,-3.2715445,1.0,86.27887,0.00038163853
2022-03-03 06:00:00,30.087067,22.799469,1011.015,-3.6984015,-4.5889244,0.7852047,65.05487,0.0
2022-03-03 12:00:00,28.978058,21.89566,1007.9025,-3.1723566,-4.3155622,0.9766841,65.64111,0.0
2022-03-03 18:00:00,26.620758,21.71402,1010.33,-1.0923395,-4.5234137,1.0,74.49776,0.007059425
2022-03-04 00:00:00,25.741669,22.678253,1008.46436,-0.5152092,-4.27851,0.9968868,83.215645,0.025197864
2022-03-04 06:00:00,28.049103,23.151886,1010.1425,-1.8874378,-6.82973,1.0,74.77378,0.2703553
2022-03-04 12:00:00,27.482208,23.522003,1007.90936,-2.246357,-4.484,1.0,79.03759,0.0
2022-03-04 18:00:00,25.705505,22.44992,1010.29626,-1.2714491,-4.4339104,1.0,82.24602,0.05803621
2022-03-05 00:00:00,25.208344,21.528961,1008.145,0.043554306,-3.3171158,1.0000001,80.08529,0.0
2022-03-05 06:00:00,29.930695,21.541351,1010.2031,-0.46582127,-4.092265,0.9980225,60.800247,0.0022896565
2022-03-05 12:00:00,28.956818,22.733185,1007.0419,-3.417718,-4.5697184,0.96575266,69.15726,0.0
2022-03-05 18:00:00,26.386627,21.316437,1009.3206,-1.6832123,-4.5220604,0.92040616,73.717476,0.0
2022-03-06 00:00:00,25.598969,21.618683,1007.41815,-0.2513399,-4.1774807,0.88820624,78.67779,0.07252395
2022-03-06 06:00:00,28.667023,22.244781,1009.34937,-2.2959623,-5.8613634,0.92884827,68.2725,0.08025761
2022-03-06 12:00:00,27.301788,22.704865,1006.9475,-2.734953,-5.3121567,0.46712476,76.02623,0.0
2022-03-06 18:00:00,24.500153,22.199493,1010.3781,-2.0488577,-4.3705807,0.75808096,87.03347,0.09592865
2022-03-07 00:00:00,23.859955,22.341461,1007.6238,-2.5604382,-3.0899658,0.5683369,91.22571,0.0
2022-03-07 06:00:00,27.452545,24.6893,1009.8638,-4.0740585,-0.4308529,0.93370336,84.92121,0.0
2022-03-07 12:00:00,25.97763,24.065521,1007.83685,-3.2867975,-1.1204815,0.967448,89.226944,0.28817737
2022-03-07 18:00:00,25.66977,23.460297,1010.7681,-1.6775541,-1.6868925,0.6803807,87.61969,0.0
2022-03-08 00:00:00,25.40091,22.756561,1009.1044,-1.2147951,-1.3685684,0.63682127,85.32054,0.0
2022-03-08 06:00:00,29.731476,22.418182,1010.58685,-2.6461878,-1.8552313,0.17476124,64.87953,0.0
2022-03-08 12:00:00,29.167145,21.88211,1007.27875,-3.0288754,-1.5912981,0.0,64.87333,0.0
2022-03-08 18:00:00,25.937225,23.43338,1010.33563,-2.6739464,-1.090661,0.09254211,86.10188,0.0
2022-03-09 00:00:00,23.995758,22.301361,1008.45874,0.16913223,-1.5852165,0.18886954,90.26371,0.0
2022-03-09 06:00:00,30.720001,22.568268,1010.2031,-2.1431293,-1.5733194,0.14181346,61.864384,0.0
2022-03-09 12:00:00,29.271149,22.704376,1006.5019,-3.2968578,-1.0248384,0.0,67.79288,0.0
2022-03-09 18:00:00,25.04129,22.804657,1009.64935,-2.3609304,-1.2980719,0.021476746,87.421104,0.0
2022-03-10 00:00:00,23.892609,21.703949,1007.9794,-0.18650055,-1.4467373,0.41581604,87.57582,0.0
2022-03-10 06:00:00,29.75943,22.499908,1009.8756,-1.8870125,-0.90412045,0.28331608,65.0977,0.0
2022-03-10 12:00:00,29.177277,21.646881,1006.49,-2.9753323,-1.3484745,0.5794266,63.91034,0.0
2022-03-10 18:00:00,25.19638,22.905548,1009.2919,-1.9169254,-1.4835854,0.0044460297,87.148285,0.0
2022-03-11 00:00:00,25.189117,23.106598,1007.915,-0.5880184,-1.6662817,0.7379583,88.25327,0.0
2022-03-11 06:00:00,30.192413,23.33377,1009.40436,-1.8934889,-2.2368298,0.40317705,66.78676,0.0
2022-03-11 12:00:00,29.184235,22.56192,1005.835,-3.398922,-1.8826103,0.0,67.547676,0.0
2022-03-11 18:00:00,24.912628,22.932892,1008.8625,-1.8601065,-1.2388191,0.036117554,88.78148,0.0
2022-03-12 00:00:00,24.67215,22.879608,1007.4931,0.24882126,-1.8059797,0.68035907,89.77538,0.00085891224
2022-03-12 06:00:00,30.07962,22.576813,1008.8631,-1.0813656,-2.1814117,0.058143616,64.20952,0.0
2022-03-12 12:00:00,29.58255,21.853546,1005.2488,-3.4505272,-2.119995,0.010681152,63.22593,0.0
2022-03-12 18:00:00,24.847198,22.169647,1008.735,-1.8118124,-1.6026497,0.003955841,85.092,0.0
2022-03-13 00:00:00,24.364655,22.41092,1006.83685,-0.5218811,-2.0928383,0.7855093,88.87837,0.0
2022-03-13 06:00:00,30.089142,22.461334,1009.2025,-2.6494951,-2.5878363,0.9059015,63.725853,0.0
2022-03-13 12:00:00,29.429352,21.609894,1006.5675,-2.9697237,-2.0853014,0.97668946,62.84436,0.0
2022-03-13 18:00:00,26.017975,22.89273,1009.09064,-1.1736288,-2.1714563,0.97374594,82.93611,0.0
2022-03-14 00:00:00,25.252289,23.187775,1007.555,-0.11548424,-2.1826878,0.3970422,88.35458,9.458745e-08
2022-03-14 06:00:00,30.943146,22.112457,1009.8713,-2.5979567,-2.7134714,0.9439424,59.41086,0.0
2022-03-14 12:00:00,29.240875,21.93631,1006.10565,-3.2535105,-1.2149134,0.32615656,64.81147,0.0
2022-03-14 18:00:00,25.221588,22.673737,1008.9988,-1.5490503,-1.4818573,0.0,85.803375,0.0
2022-03-15 00:00:00,23.758636,22.270233,1006.83185,0.0029821396,-1.533267,1.0000055,91.386536,0.0
2022-03-15 06:00:00,30.727936,22.003204,1008.1756,-0.612977,-0.8974066,1.0000002,59.74634,0.0
2022-03-15 12:00:00,29.750519,21.38211,1004.8719,-3.1507502,-0.23694515,0.66842,60.837643,0.0
2022-03-15 18:00:00,25.30954,23.006378,1007.3638,-1.9304762,0.49111795,0.9453907,87.09342,0.0
2022-03-16 00:00:00,23.860077,22.221893,1006.1044,1.7985553,-0.42976093,0.94044495,90.56371,0.0
2022-03-16 06:00:00,30.641632,19.33194,1007.6306,-0.12952834,0.32155514,1.0000001,50.932182,0.0
2022-03-16 12:00:00,29.701813,22.542755,1003.735,-3.208458,1.6316493,1.0,65.4842,0.0
2022-03-16 18:00:00,25.156647,22.841827,1006.5563,-0.84865093,1.7272377,0.998023,87.01814,0.0
2022-03-17 00:00:00,24.211823,22.584259,1004.47064,1.9254341,-0.27789593,0.95484495,90.645836,0.0
2022-03-17 06:00:00,32.323395,20.49356,1006.34,-0.6359415,0.60321236,0.82955796,49.74292,0.0
2022-03-17 12:00:00,31.055695,22.576324,1003.25,-2.95825,1.3881907,0.89662415,60.71982,0.0
2022-03-17 18:00:00,25.485504,23.073883,1006.3544,-1.5707874,1.2892909,0.91784555,86.53988,0.0
2022-03-18 00:00:00,25.537628,24.01004,1005.20874,1.173919,1.4228266,0.9953309,91.28054,0.00028684735
2022-03-18 06:00:00,31.3555,24.267853,1006.90436,-0.29447174,1.3035276,0.088022515,66.10514,0.0
2022-03-18 12:00:00,31.484283,24.498688,1002.34314,-1.8620253,1.68664,0.0026607513,66.53642,0.0
2022-03-18 18:00:00,27.255463,24.918,1005.73315,-1.269618,2.5688877,0.42755708,87.08862,0.0
2022-03-19 00:00:00,27.410065,25.700287,1004.83374,0.16011429,1.2969522,0.5700139,90.41421,0.00286242
2022-03-19 06:00:00,32.43338,24.27829,1006.54626,0.3816033,1.2594132,0.30693695,62.227016,0.0
2022-03-19 12:00:00,31.66983,24.979279,1001.97314,-2.8942194,1.5447401,0.11970717,67.756485,0.0
2022-03-19 18:00:00,28.592285,25.3862,1005.3594,-1.5442953,3.871499,0.14813048,82.83209,0.0
2022-03-20 00:00:00,27.606598,25.54477,1004.01373,0.44605345,0.50060654,0.06658232,88.559135,0.0
2022-03-20 06:00:00,33.068756,22.949982,1006.2556,1.392769,-0.21245861,0.15082976,55.422382,0.0
2022-03-20 12:00:00,31.912262,24.389679,1002.0087,-1.2229223,1.7755854,0.4634372,64.51742,0.07169694
2022-03-20 18:00:00,28.07074,25.127228,1005.8425,0.27420866,2.8109539,0.18578327,84.07773,0.0
2022-03-21 00:00:00,27.371307,25.708527,1004.34875,1.2660817,1.934623,0.2063821,90.66399,0.0
2022-03-21 06:00:00,33.919952,23.449982,1005.72,1.5605968,1.3572845,0.15620582,54.462837,0.0
2022-03-21 12:00:00,33.356598,24.523834,1001.91565,-1.1098652,3.3592257,0.6465737,59.95265,0.0
2022-03-21 18:00:00,28.99414,25.305939,1005.855,0.865352,3.4207163,0.51864225,80.53946,0.008391216
2022-03-22 00:00:00,26.75241,24.582794,1004.645,1.7737575,0.7897911,0.96093875,87.922264,0.0
2022-03-22 06:00:00,33.2648,22.826202,1006.47437,0.06349754,-1.1236248,0.563843,54.40622,0.0
2022-03-22 12:00:00,30.620514,25.074005,1002.9444,-2.572281,1.201627,0.9518816,72.33851,0.0
2022-03-22 18:00:00,29.384033,25.914642,1006.0081,-1.2397776,2.3293638,0.9951545,81.64156,0.0
2022-03-23 00:00:00,27.863464,25.675018,1004.9363,0.122862816,1.5969964,0.97173315,87.91702,0.14227629
2022-03-23 06:00:00,32.63687,25.331451,1006.8063,-0.91406536,2.6603537,0.99999887,65.50946,0.0
2022-03-23 12:00:00,30.960358,25.499664,1002.855,-1.7834721,3.225977,0.42212787,72.7673,0.0
2022-03-23 18:00:00,28.444824,25.896759,1006.2825,-0.43904877,2.7293806,0.2813791,86.11441,0.0011455268
2022-03-24 00:00:00,27.41159,25.217926,1004.955,0.3250417,1.7959268,0.20869386,87.85175,0.06801449
2022-03-24 06:00:00,31.63382,25.862823,1007.755,-1.0517159,3.1025066,0.35504514,71.55586,0.029917806
2022-03-24 12:00:00,30.948029,24.772614,1003.8631,-1.5346527,3.6429377,0.08419678,69.73247,0.0
2022-03-24 18:00:00,28.07431,25.379211,1006.92377,-0.65000916,2.428403,0.006216606,85.330284,9.557698e-05
2022-03-25 00:00:00,27.861206,24.894287,1005.8719,0.09504223,1.9750538,0.22021407,83.937744,0.035768345
2022-03-25 06:00:00,31.81778,25.720062,1008.58875,-0.5826375,3.2855005,0.5076224,70.2162,0.06721598
2022-03-25 12:00:00,31.571075,25.249115,1005.6887,-1.6801729,3.1072636,0.09008149,69.24163,0.0
2022-03-25 18:00:00,27.957062,24.992096,1009.0575,-0.77465916,2.4886656,0.054793313,83.95797,0.0
2022-03-26 00:00:00,27.36084,25.020782,1007.785,-0.2592945,1.6560183,0.23474273,87.08458,0.1654639
2022-03-26 06:00:00,32.143097,26.00766,1010.7488,-1.4190702,2.0364208,0.33079204,70.11888,0.0
2022-03-26 12:00:00,31.625153,24.543793,1007.16437,-2.6835794,2.4504337,0.11930084,66.18446,0.0
2022-03-26 18:00:00,27.700195,25.278595,1010.15625,-1.2410316,2.0429668,0.15920854,86.693375,0.0
2022-03-27 00:00:00,27.930847,25.249237,1008.45874,0.28830433,1.5647209,0.4436618,85.384346,0.020317733
2022-03-27 06:00:00,32.141632,25.267792,1010.7537,-0.6049309,2.0248165,0.14297697,67.11259,0.025360271
2022-03-27 12:00:00,31.05191,25.160858,1006.495,-2.8670187,2.233372,0.092048645,70.944244,0.0
2022-03-27 18:00:00,27.843506,25.540741,1009.6675,-1.4255266,1.5862595,0.0,87.32083,0.0
2022-03-28 00:00:00,27.87793,25.17749,1008.29315,-0.13709259,1.845478,0.32401246,85.28342,0.0027641654
2022-03-28 06:00:00,32.72171,25.200165,1009.91,-1.3631964,2.47966,0.18498896,64.689705,0.017834827
2022-03-28 12:00:00,32.061554,24.959503,1006.3644,-2.269455,2.4366236,0.023994446,66.190544,0.0
2022-03-28 18:00:00,27.895172,25.229279,1008.9775,-0.8381939,1.8084431,0.002696991,85.460724,0.0
2022-03-29 00:00:00,28.081726,25.23526,1007.0725,0.2673092,1.8098526,0.18211825,84.566124,0.0007636845
2022-03-29 06:00:00,32.62503,24.921661,1008.82874,0.15336913,2.8437023,0.20405585,63.97245,0.02193451
2022-03-29 12:00:00,32.011505,25.907501,1004.9581,-1.3654289,4.1527815,0.10021973,70.22544,0.0
2022-03-29 18:00:00,29.024536,26.268372,1007.78815,-0.16852283,3.3034449,0.09124982,85.11771,0.0
2022-03-30 00:00:00,28.44809,25.89914,1006.73,0.9299018,2.6937237,0.254748,86.110214,0.00095553696
2022-03-30 06:00:00,34.143463,24.330841,1008.4225,0.41970402,3.3420029,0.09778309,56.713017,0.0
2022-03-30 12:00:00,32.487823,25.70816,1004.60126,-0.93457603,4.5361586,0.039787292,67.55713,0.0
2022-03-30 18:00:00,28.705841,25.67929,1007.76935,0.90630966,4.097993,0.062144965,83.73286,0.0
2022-03-31 00:00:00,27.753448,25.017456,1006.7056,1.9128354,3.163334,0.10199265,85.09037,0.0
2022-03-31 06:00:00,33.63394,24.258698,1008.6394,0.22332853,2.9034233,0.026731491,58.098488,0.0
2022-03-31 12:00:00,32.201202,25.43399,1004.3625,-1.2136755,4.0534916,0.0,67.55119,0.0
2022-03-31 18:00:00,28.779236,25.992035,1008.13873,-0.79736996,3.5340157,0.0038042672,84.93665,0.0
2022-04-01 00:00:00,28.022552,25.925018,1006.97125,0.6598959,2.1091223,0.5766966,88.40518,0.04453957
2022-04-01 06:00:00,31.593048,26.084747,1009.445,-0.7130251,3.606906,0.23948276,72.67007,0.07342175
2022-04-01 12:00:00,31.6846,25.513214,1005.29315,-1.310154,3.6196356,0.048891976,69.885475,0.0
2022-04-01 18:00:00,28.396332,25.498718,1009.2294,-0.91632843,3.8879166,0.04564844,84.3426,0.0
2022-04-02 00:00:00,27.638824,25.153046,1008.215,-0.18685424,2.9254189,0.18626204,86.357124,0.12610853
2022-04-02 06:00:00,32.60257,25.246246,1010.5681,-0.20067245,3.0548372,0.17495179,65.30437,0.0
2022-04-02 12:00:00,31.320953,25.578278,1006.08685,-1.584136,3.3843317,0.11545563,71.620964,0.0
2022-04-02 18:00:00,28.416107,25.68039,1009.2381,-0.667428,3.325017,0.035697937,85.1591,0.0
2022-04-03 00:00:00,28.182922,24.852173,1007.9531,0.23739022,1.8529141,0.20440596,82.17128,0.018790364
2022-04-03 06:00:00,32.794098,24.611542,1009.4481,-1.5162525,1.9524307,0.15592815,62.203156,0.0069572516
2022-04-03 12:00:00,31.668732,25.231964,1005.59125,-2.6160145,2.2220192,0.2800598,68.788506,0.0
2022-04-03 18:00:00,28.14087,25.218994,1008.29315,-1.7591696,1.9015732,0.0287323,84.193695,0.0
2022-04-04 00:00:00,27.685516,25.043945,1007.92065,-0.355834,1.5317054,0.1863636,85.5638,0.045588538
2022-04-04 06:00:00,32.654083,24.47641,1009.4963,-2.1392536,1.3921275,0.20464122,62.19088,0.012589321
2022-04-04 12:00:00,31.718903,25.261505,1007.03064,-3.803296,1.802201,0.009983063,68.71361,0.0
2022-04-04 18:00:00,28.204193,25.474915,1011.115,-2.427555,1.1028761,0.005958557,85.1702,9.49949e-05
2022-04-05 00:00:00,27.567719,24.500092,1009.85565,-0.16201115,1.0921755,0.19037408,83.401695,0.0056268144
2022-04-05 06:00:00,32.513947,25.431366,1011.8075,-1.7116299,1.8020239,0.3992989,66.35815,0.061125703
2022-04-05 12:00:00,31.477203,24.129852,1008.14435,-3.2236347,1.8239036,0.0073225377,65.108055,0.0
2022-04-05 18:00:00,27.539001,25.227356,1011.5156,-1.60427,1.2563534,0.037521362,87.24793,0.0
2022-04-06 00:00:00,26.75711,24.42984,1010.27435,0.25333977,-0.09701985,0.48123223,87.09706,0.0010486692
2022-04-06 06:00:00,32.575226,24.24002,1012.02435,-1.5022497,0.6861878,0.29723984,61.589535,0.05912967
2022-04-06 12:00:00,32.373444,24.43692,1007.71124,-2.7441587,2.1260192,0.32465732,63.03414,0.0
2022-04-06 18:00:00,27.92099,23.977203,1011.15875,-0.6462822,1.676053,0.44128847,79.17629,0.0
2022-04-07 00:00:00,27.459259,23.865723,1008.8475,1.025584,0.2577159,0.2346344,80.79877,0.0002863817
2022-04-07 06:00:00,32.939728,24.1503,1010.2463,-1.1861248,0.5092403,0.15666954,60.014324,0.03642915
2022-04-07 12:00:00,32.12491,25.213531,1006.4844,-3.248663,1.5759614,0.13702592,66.959526,0.0
2022-04-07 18:00:00,28.145172,25.04007,1009.3725,-1.5888634,1.0556741,0.5310716,83.28029,0.0
2022-04-08 00:00:00,27.244598,24.373322,1008.0094,-0.046869278,0.22534508,0.3381815,84.35234,0.07690854
2022-04-08 06:00:00,31.834991,25.473358,1009.46625,-1.1408472,0.93609893,0.38558817,69.12797,0.06787622
2022-04-08 12:00:00,30.602692,24.87967,1006.2175,-3.291935,1.3758613,0.39298952,71.57799,0.0
2022-04-08 18:00:00,28.086914,25.102386,1009.3137,0.4962473,1.8922248,0.9671579,83.8743,0.027844418
2022-04-09 00:00:00,27.642365,24.024109,1007.09436,0.25779814,-0.74307346,0.9672668,80.70233,0.0
2022-04-09 06:00:00,32.412262,23.6221,1008.1075,-0.7139597,-0.25507736,0.9069856,59.8924,0.0019064173
2022-04-09 12:00:00,29.055084,24.855682,1005.28815,-2.7260418,1.6102967,0.99999976,78.13133,0.2514003
2022-04-09 18:00:00,27.00772,24.822723,1007.77563,0.798131,0.033527374,0.99411887,87.863014,0.0
2022-04-10 00:00:00,25.749908,24.07309,1006.53125,0.22280788,-1.86026,0.99802226,90.47989,1.6438562
2022-04-10 06:00:00,29.292633,25.979523,1008.27686,-1.0343933,-2.5360498,1.0,82.38941,0.0
2022-04-10 12:00:00,27.587555,26.207916,1005.1069,-0.9871988,-2.0790987,1.0,92.209694,0.016317606
2022-04-10 18:00:00,26.116669,24.983368,1007.1825,-1.3723049,-0.9807997,1.0,93.49204,0.578724
2022-04-11 00:00:00,25.980103,24.516632,1005.3794,0.18348408,-1.4328518,0.997777,91.65906,0.0
2022-04-11 06:00:00,30.103668,25.803589,1007.34814,-0.68995476,-2.114543,0.99227864,77.814896,0.36220527
2022-04-11 12:00:00,29.17627,25.725128,1003.6944,-1.8260717,-0.9420376,0.99856395,81.70448,0.0
2022-04-11 18:00:00,28.103058,25.167969,1006.8856,-1.4554968,0.31881434,1.0,84.12343,0.0
2022-04-12 00:00:00,27.029633,24.935516,1004.76685,0.3278637,-1.0018921,0.9978489,88.34264,0.049125694
2022-04-12 06:00:00,31.864166,26.593475,1006.9394,-1.125536,0.2772295,0.9430983,73.74236,0.052807547
2022-04-12 12:00:00,30.53012,25.571533,1003.1425,-3.0333977,-0.15785903,0.851449,74.89756,0.0
2022-04-12 18:00:00,27.178986,24.973877,1006.15814,-0.22797585,1.5310142,0.9914416,87.772194,0.035572097
2022-04-13 00:00:00,27.004913,24.880768,1003.98,0.7450552,0.2585659,0.99386555,88.182495,0.09292364
2022-04-13 06:00:00,31.118439,25.751556,1006.39,-0.8437185,0.2987221,1.0000001,73.20043,0.0
2022-04-13 12:00:00,29.515228,25.275635,1003.5619,-0.20444489,1.485251,1.0,78.01021,0.0
2022-04-13 18:00:00,27.130035,24.866333,1006.505,0.8404372,3.105937,1.0,87.4617,0.001328066
2022-04-14 00:00:00,26.889374,24.221588,1005.1919,1.9657898,1.2881453,0.99064195,85.35035,0.0
2022-04-14 06:00:00,31.657867,25.28305,1007.025,1.6115147,2.1839342,0.9999999,69.04048,0.41694748
2022-04-14 12:00:00,31.539642,25.07251,1003.7444,0.03320849,3.3196888,0.85571593,68.63972,0.0
2022-04-14 18:00:00,28.576141,25.339172,1007.04877,1.9076838,2.9556847,0.42544866,82.6783,0.0005699694
2022-04-15 00:00:00,27.352875,24.420837,1004.9256,1.6574981,1.8438755,0.80754495,84.05758,0.0
2022-04-15 06:00:00,32.90555,24.68576,1006.7825,1.6533285,2.5606918,0.43321157,62.089092,0.0007636845
2022-04-15 12:00:00,32.904938,25.279755,1002.5012,-0.3923416,4.631791,0.012725681,64.329895,0.0
2022-04-15 18:00:00,29.445953,25.556915,1005.7656,1.312377,3.881115,0.023695886,79.64296,0.0
2022-04-16 00:00:00,28.304108,25.08258,1003.90436,1.7388722,2.6524048,0.2657611,82.72264,9.49949e-05
2022-04-16 06:00:00,33.464264,26.189484,1005.29126,1.6810107,2.4269915,0.36524007,65.79654,0.050449044
2022-04-16 12:00:00,33.075714,26.43045,1001.21436,-0.3337183,4.301997,0.2508993,68.21026,0.0
2022-04-16 18:00:00,29.345001,26.298584,1005.16376,1.6048138,3.8381958,0.53067267,83.704735,9.685755e-05
2022-04-17 00:00:00,27.716278,24.792206,1003.5019,1.3153796,3.1503835,0.18475342,84.13695,0.00029057264
2022-04-17 06:00:00,32.61734,25.936188,1005.94,1.8137476,2.7903275,0.22684401,67.97779,0.11691451
2022-04-17 12:00:00,31.443817,25.367157,1003.3256,0.22034264,5.138831,0.5845917,70.23566,0.0
2022-04-17 18:00:00,27.235138,24.507538,1007.2581,1.4788249,1.9075954,0.952675,85.08006,0.002771616
2022-04-18 00:00:00,26.31192,23.414215,1005.7681,1.4575305,1.3271717,0.5499734,84.11804,0.0
2022-04-18 06:00:00,32.767365,25.012299,1007.7081,1.0018923,-0.48856068,0.33637738,63.805466,0.08067489
2022-04-18 12:00:00,32.937286,25.669983,1004.65436,-1.8580894,2.4715157,0.41916275,65.71907,0.043302774
2022-04-18 18:00:00,28.94159,25.620392,1008.22687,1.1175034,0.747612,0.9625119,82.30842,0.0
2022-04-19 00:00:00,28.106598,25.347717,1007.2375,0.6632371,1.1930306,0.760865,85.01055,0.0
2022-04-19 06:00:00,34.031036,25.327667,1008.5125,0.35551435,-0.2386589,0.83285815,60.56902,0.0863038
2022-04-19 12:00:00,33.428375,25.070526,1005.5,-1.9256306,2.0217712,0.94404924,61.693336,0.0
2022-04-19 18:00:00,29.650726,26.713898,1007.715,-1.1005945,2.1073718,0.14788818,84.28045,0.0
2022-04-20 00:00:00,28.2872,26.011688,1006.28436,-0.14602172,1.5878463,0.31625605,87.5007,0.047683716
2022-04-20 06:00:00,33.12137,26.43097,1007.27625,-1.1009045,1.211555,0.23759744,68.037636,0.0
2022-04-20 12:00:00,32.492706,25.90866,1003.8769,-2.2889948,2.2641459,0.17868042,68.34581,0.0
2022-04-20 18:00:00,29.113678,25.960236,1006.095,-1.7953167,1.4006317,0.002658844,83.150986,0.0
2022-04-21 00:00:00,27.772156,25.21759,1005.595,-1.4589548,1.1285298,0.119808316,86.016815,0.010876341
2022-04-21 06:00:00,33.156647,25.336914,1006.5012,-2.290863,1.4863019,0.2786919,63.64225,0.065319575
2022-04-21 12:00:00,32.356964,25.516632,1003.65625,-2.6759863,2.085143,0.083869934,67.28878,0.0
2022-04-21 18:00:00,28.873383,26.031189,1007.2469,-1.2218971,1.537147,0.19844705,84.67046,0.0072503462
2022-04-22 00:00:00,27.500305,25.271332,1006.4931,0.32281876,1.3932366,0.14229012,87.674866,0.03655728
2022-04-22 06:00:00,33.1669,24.74936,1007.96185,-1.841959,0.479856,0.1451658,61.416687,0.12547144
2022-04-22 12:00:00,31.688751,25.389801,1004.9956,-2.9459858,1.4231336,0.08047485,69.35852,0.0
2022-04-22 18:00:00,28.385834,25.189087,1008.3706,-0.6915617,2.3869474,0.9971311,82.8543,0.0
2022-04-23 00:00:00,27.120972,24.895538,1007.2644,0.38640523,2.1796277,0.95713305,87.66085,0.28725913
2022-04-23 06:00:00,32.768585,24.692902,1008.9469,0.78539467,2.516388,0.95802945,62.596275,0.0
2022-04-23 12:00:00,30.690216,25.144135,1005.3569,-1.5865765,2.537634,0.980363,72.35242,0.0
2022-04-23 18:00:00,27.988983,25.290771,1008.8025,0.14520103,1.8471146,0.9706975,85.3059,0.0
2022-04-24 00:00:00,26.68161,24.580902,1005.91876,1.0443226,0.6202911,0.9656808,88.27946,0.0
2022-04-24 06:00:00,32.86258,24.55899,1007.15186,-0.43229598,0.073387325,0.7724098,61.769413,0.017929822
2022-04-24 12:00:00,32.096954,25.07016,1003.4794,-2.34622,1.7919528,0.26618826,66.495285,0.0
2022-04-24 18:00:00,28.3591,26.052063,1006.41376,-1.024993,1.2638578,0.5126555,87.34393,0.0
2022-04-25 00:00:00,28.69748,25.98346,1005.445,-0.050211906,1.5524323,0.5561265,85.297066,0.00038184226
2022-04-25 06:00:00,32.884552,25.877228,1006.7469,-0.6856489,1.9329023,0.10650799,66.72909,0.057986006
2022-04-25 12:00:00,32.710968,25.890533,1003.1912,-1.611104,3.17486,0.06517029,67.43751,0.0
2022-04-25 18:00:00,29.125336,26.242767,1006.3162,-1.1813745,1.8887339,0.002658844,84.494934,0.0
2022-04-26 00:00:00,27.744781,25.611908,1005.73065,-0.29122925,1.7067187,0.33929145,88.19757,9.49949e-05
2022-04-26 06:00:00,33.236603,25.794281,1007.13873,-1.0366621,2.077689,0.24987537,65.10126,0.04596822
2022-04-26 12:00:00,32.200226,26.316559,1003.5506,-2.2732105,2.1759334,0.024069786,71.18057,0.0
2022-04-26 18:00:00,28.923553,26.322174,1006.7275,-1.5215445,1.7966404,0.41670227,85.88922,0.0
2022-04-27 00:00:00,28.225677,25.649261,1005.6156,-0.35074615,1.1747668,0.53965145,85.94883,0.0
2022-04-27 06:00:00,33.419098,25.223297,1006.6,-1.5101814,1.6270983,0.90139276,62.289597,0.023271888
2022-04-27 12:00:00,32.12039,25.42099,1003.41187,-3.061925,2.2492237,0.14099121,67.80824,0.0
2022-04-27 18:00:00,28.171295,25.321838,1006.51874,-1.0221062,1.8464241,0.0,84.56052,0.0
2022-04-28 00:00:00,27.766388,24.85559,1006.195,0.5794468,1.4538974,0.31242138,84.20907,0.0
2022-04-28 06:00:00,33.549713,24.990814,1007.5556,0.47216552,2.4544964,0.31553525,60.984947,0.016403385
2022-04-28 12:00:00,32.44571,25.566803,1004.155,-1.175703,2.9579296,0.08389425,67.1522,0.0
2022-04-28 18:00:00,29.724976,26.183044,1007.89185,0.6356401,3.5113792,0.26038617,81.33388,0.0
2022-04-29 00:00:00,28.579193,25.893097,1006.3925,1.1222899,1.5021569,0.7609682,85.42635,9.685755e-05
2022-04-29 06:00:00,34.311676,25.453583,1007.0744,-0.52922916,2.28295,0.2935936,60.076897,0.0010477379
2022-04-29 12:00:00,32.212555,26.620148,1003.45374,-0.8607197,4.820283,0.8192986,72.41596,0.0
2022-04-29 18:00:00,29.80307,26.964966,1006.22375,0.45767203,4.1330853,0.17414586,84.78723,0.0
2022-04-30 00:00:00,29.525787,26.130798,1004.6906,1.7398055,2.2900784,0.83575463,82.019005,0.0
2022-04-30 06:00:00,34.575836,25.37259,1006.09314,1.663663,0.1168375,0.92931557,58.916145,0.0
2022-04-30 12:00:00,33.496246,26.129425,1001.10187,-1.8760805,2.944393,0.0,65.44601,0.0
2022-04-30 18:00:00,30.17395,27.252289,1003.8625,-0.129632,3.9081964,0.0026607513,84.41094,0.0
2022-05-01 00:00:00,29.298615,26.787506,1002.77,0.06745601,1.7358658,0.8985351,86.38308,0.00019092113
2022-05-01 06:00:00,35.39749,25.033844,1004.04065,0.74650764,1.0631552,0.94140655,55.169838,0.0
2022-05-01 12:00:00,33.068634,26.07315,1000.35815,-1.6921072,3.7930393,0.13670349,66.81231,0.0
2022-05-01 18:00:00,29.656097,26.5867,1004.6912,1.3328476,3.1272144,0.029662512,83.625565,0.0
2022-05-02 00:00:00,28.188507,23.84732,1002.6256,2.9536562,0.3933239,0.34240755,77.34511,0.0
2022-05-02 06:00:00,34.801544,24.77066,1003.33124,-0.18868828,-1.5610542,0.8907774,56.132294,0.0
2022-05-02 12:00:00,32.657867,26.327667,1000.745,-3.0167923,2.7331545,0.7532038,69.41077,0.0
2022-05-02 18:00:00,30.27771,27.056946,1004.1875,0.40011883,2.8819437,0.24563904,82.953766,0.0
2022-05-03 00:00:00,29.024872,26.355194,1003.2575,-0.5533428,1.1783915,0.7447816,85.5535,0.0
2022-05-03 06:00:00,34.436676,25.234283,1004.83374,-1.2101765,1.0329082,0.80031544,58.887333,0.0038145809
2022-05-03 12:00:00,33.460846,26.8721,1002.0419,-2.8715897,3.3226166,0.016670227,68.51117,0.0
2022-05-03 18:00:00,30.140411,27.527802,1005.3825,-1.4864521,2.5073109,0.19011189,85.9495,0.0
2022-05-04 00:00:00,28.989075,26.05661,1004.6094,0.13871574,2.0193996,0.31310844,84.23163,0.097468495
2022-05-04 06:00:00,33.824493,25.884735,1006.3762,-0.39425176,1.6432996,0.35652798,63.331367,0.0
2022-05-04 12:00:00,32.42862,26.371979,1003.02435,-3.131178,1.7542299,0.05983734,70.49822,0.0
2022-05-04 18:00:00,28.519867,25.707245,1006.8044,-0.18732166,1.6106513,0.16378403,84.78212,0.019833446
2022-05-05 00:00:00,27.792023,24.437775,1004.60187,1.0940225,0.2965517,0.40462506,82.00895,0.0
2022-05-05 06:00:00,34.33853,23.380646,1005.8625,-0.96274376,-0.9000912,0.09720811,52.984314,0.0
2022-05-05 12:00:00,33.728058,24.98404,1001.95874,-3.1109161,1.3045363,0.13774109,60.35499,0.0
2022-05-05 18:00:00,30.582306,26.03305,1005.915,-0.6801262,2.2175922,0.1629276,76.744934,0.011825003
2022-05-06 00:00:00,29.268433,25.83432,1004.1125,0.6186783,1.7609465,0.48712337,81.798225,0.0
2022-05-06 06:00:00,33.495514,26.201385,1005.0694,0.8742056,0.7005215,0.9716692,65.72767,0.03270991
2022-05-06 12:00:00,33.66031,25.69754,1000.83435,-1.5227394,2.4718847,0.0019757082,63.210213,0.0
2022-05-06 18:00:00,30.559174,26.844696,1004.95,-0.083127975,2.7404146,0.47179097,80.61526,0.0
2022-05-07 00:00:00,27.812286,25.17929,1003.8425,0.9527343,0.3893919,0.30647248,85.620026,0.015467405
2022-05-07 06:00:00,34.80179,24.37259,1004.3056,1.1791987,0.7988023,0.07741718,54.81084,0.0
2022-05-07 12:00:00,32.604645,26.037506,1000.1756,-1.8648653,2.4399056,0.55690575,68.435616,0.11862069
2022-05-07 18:00:00,30.36148,26.719147,1003.2425,0.7508608,2.6868854,1.0,80.93301,0.0
2022-05-08 00:00:00,28.275848,25.576447,1001.7587,0.6595374,1.346365,0.9999996,85.328674,0.0
2022-05-08 06:00:00,34.595123,23.746002,1001.9125,1.1776114,-0.54842377,1.0,53.396328,0.0
2022-05-08 12:00:00,32.841705,26.046417,998.51935,-1.8795881,2.1510358,1.0,67.563446,0.0
2022-05-08 18:00:00,30.796051,26.802887,1001.105,2.1215086,2.604997,1.0,79.33547,0.0
2022-05-09 00:00:00,29.063812,22.260773,999.835,2.6069279,0.45437527,1.0,66.78582,0.0
2022-05-09 06:00:00,33.647614,23.68692,1000.26935,3.2711325,-0.31422424,1.0,56.093567,0.0
2022-05-09 12:00:00,33.450226,24.597809,997.37,1.6327343,2.2881527,1.0,59.903324,0.0
2022-05-09 18:00:00,31.831146,23.929474,999.83124,2.5762339,2.883121,1.0,63.049603,0.014491379
2022-05-10 00:00:00,28.647186,22.954254,999.22375,3.3630416,1.5203424,1.0,71.359215,0.0
2022-05-10 06:00:00,31.391632,23.56424,1001.32935,3.34161,-1.3186007,1.0,63.23758,0.0
2022-05-10 12:00:00,32.513336,23.29776,997.7356,3.07684,1.7612886,1.0,58.3981,0.0
2022-05-10 18:00:00,29.819061,24.140411,1000.9869,3.7406864,2.5872161,1.0,71.629456,0.0
2022-05-11 00:00:00,28.64737,22.174103,999.7556,2.8058782,1.4793285,1.0,68.056915,0.0
2022-05-11 06:00:00,31.881195,23.059235,1001.515,4.609702,1.6930475,1.0,59.65697,0.0
2022-05-11 12:00:00,31.561188,22.86319,999.6231,2.8324828,0.5990448,0.9980223,60.03333,0.0
2022-05-11 18:00:00,29.050934,22.996857,1003.03876,3.2415104,1.1902053,1.0000012,69.88911,0.0
2022-05-12 00:00:00,27.968964,22.588959,1002.19,2.2620778,1.3681662,0.8982322,72.605255,0.0
2022-05-12 06:00:00,34.409576,22.892487,1003.29315,3.854741,1.6335318,0.21590088,51.24034,0.0
2022-05-12 12:00:00,31.872162,21.960968,1000.47626,1.9207366,1.2006607,0.861857,55.835403,0.045388937
2022-05-12 18:00:00,27.98587,24.609528,1003.66187,4.007122,-0.20018673,0.85362357,81.92404,0.0
2022-05-13 00:00:00,27.396149,20.146027,1002.8594,3.8046308,0.32409263,0.97482985,64.63982,0.00731647
2022-05-13 06:00:00,32.343536,20.87973,1003.3044,3.7867165,2.1823516,0.6509475,50.882236,0.0
2022-05-13 12:00:00,32.89981,24.20462,1000.54877,0.92008996,1.06881,0.94485795,60.345554,0.0
2022-05-13 18:00:00,30.365936,25.532257,1002.89935,0.57465136,3.426477,0.4093595,75.42901,0.008404255
2022-05-14 00:00:00,29.22586,22.739777,1001.66315,2.8990526,1.143513,0.7234073,68.11658,0.0
2022-05-14 06:00:00,33.457428,24.237274,1003.3,3.6319714,1.812697,0.8707313,58.600235,0.2117008
2022-05-14 12:00:00,32.04019,25.851837,1001.2356,1.059081,4.9588385,0.74834377,69.880684,0.0
2022-05-14 18:00:00,28.234467,26.094147,1004.2675,1.8572855,3.5834985,0.551623,88.19884,0.0
2022-05-15 00:00:00,28.934845,22.953278,1003.3275,2.8097248,2.1188548,0.85251313,70.17496,0.0
2022-05-15 06:00:00,34.41336,23.671661,1003.59875,3.290616,1.9554846,0.92270815,53.697933,0.0032410026
2022-05-15 12:00:00,32.991608,24.397125,1001.17,0.43669415,3.8667145,0.6807742,60.731495,0.016786158
2022-05-15 18:00:00,30.058075,24.27127,1004.8019,2.0957317,2.6032991,0.8555678,71.20874,0.0
2022-05-16 00:00:00,28.158722,22.74411,1002.975,2.846284,1.1582977,0.96537197,72.485855,0.0
2022-05-16 06:00:00,34.013214,24.024292,1004.14435,3.0148582,0.79064214,0.9545543,56.08561,0.0
2022-05-16 12:00:00,31.388702,24.590424,1000.895,-0.09017849,3.2242568,0.9868089,67.267166,0.420016
2022-05-16 18:00:00,28.738678,25.762268,1003.6869,0.73657745,4.0826073,0.95341545,83.985825,0.01462701
2022-05-17 00:00:00,28.935272,24.390656,1001.365,1.8392794,1.9779146,0.9423381,76.51773,0.0
2022-05-17 06:00:00,33.521027,24.416504,1002.78564,1.3451362,3.7994165,0.97956145,59.022354,0.16859855
2022-05-17 12:00:00,31.506989,25.494232,999.45935,-0.40890408,5.4804096,0.6041002,70.51445,0.0
2022-05-17 18:00:00,29.54892,25.766266,1002.8425,1.465546,4.353226,0.8859234,80.16092,0.00019199797
2022-05-18 00:00:00,28.841522,24.672058,1001.71936,2.4328349,3.387374,0.88591266,78.24074,0.00047669164
2022-05-18 06:00:00,34.04361,24.101654,1002.70874,2.031022,4.15139,0.8485697,56.251232,0.027565641
2022-05-18 12:00:00,31.438019,25.725494,1000.60187,1.0647823,5.898942,0.70567703,71.76979,0.11097266
2022-05-18 18:00:00,29.190369,25.27829,1004.0706,2.2441225,4.6660805,0.81215745,79.49959,0.0
2022-05-19 00:00:00,28.582977,23.64859,1003.85565,3.2709475,3.5065203,0.78383535,74.692604,0.0
2022-05-19 06:00:00,34.075836,23.80783,1004.7975,4.3949594,3.3056793,0.9953381,55.167515,0.08594245
2022-05-19 12:00:00,30.7117,26.606842,1002.385,2.1360636,4.556595,0.5793858,78.80403,0.11106558
2022-05-19 18:00:00,29.474945,24.813019,1005.77435,2.8386555,2.8780847,0.20511395,76.065094,0.0
2022-05-20 00:00:00,28.32663,23.84665,1005.2406,2.9094543,2.823721,0.6182379,76.72275,0.0
2022-05-20 06:00:00,34.20572,24.134247,1005.53314,3.00599,3.0750618,0.8569247,55.854195,0.049401075
2022-05-20 12:00:00,30.847565,25.7305,1003.105,2.7209306,4.454655,0.6296645,74.24757,0.77319646
2022-05-20 18:00:00,29.75467,25.11612,1005.89685,2.117651,2.2163587,0.5216301,76.2142,0.0
2022-05-21 00:00:00,28.543854,23.781036,1004.90063,2.4894228,2.428485,0.91527885,75.46174,0.0
2022-05-21 06:00:00,34.79886,23.229156,1005.0131,3.938572,2.6001825,0.1912274,51.175564,0.003815163
2022-05-21 12:00:00,34.029205,23.652618,1001.4419,2.7034383,3.350337,0.19638544,54.79688,0.0011469238
2022-05-21 18:00:00,30.241486,23.145294,1004.27374,3.5958652,1.4157704,0.092091024,65.844986,0.0
2022-05-22 00:00:00,29.134735,22.608246,1003.135,3.8335485,2.0844798,0.81744397,67.93206,0.0
2022-05-22 06:00:00,35.197296,22.617767,1002.9462,4.899062,0.70835304,0.22035623,48.23864,0.0007627532
2022-05-22 12:00:00,34.45865,22.18155,1000.3206,3.5068207,1.7266731,0.8786795,48.941193,0.0
2022-05-22 18:00:00,30.741425,21.819122,1003.07,4.258337,1.1708214,0.8294773,59.03346,0.0
2022-05-23 00:00:00,29.796417,21.590729,1002.15814,3.4700127,1.2743325,0.55786353,61.45702,0.0
2022-05-23 06:00:00,35.428864,22.946686,1002.3706,3.8254213,1.068855,0.9999992,48.584152,0.000953587
2022-05-23 12:00:00,34.141266,23.237213,1000.23126,0.96324635,4.1292276,0.65265787,53.107906,0.04329541
2022-05-23 18:00:00,30.361725,25.760895,1002.71936,1.8410969,2.8433719,0.058703367,76.47774,0.0
2022-05-24 00:00:00,29.63913,23.639862,1003.2056,2.4116516,2.1140263,0.9960443,70.22981,0.0
2022-05-24 06:00:00,36.05655,23.38565,1004.71436,2.0658147,1.882407,0.53732497,48.19406,0.0
2022-05-24 12:00:00,32.231842,26.40628,1003.2025,-0.84584427,5.661509,0.90345967,71.4307,0.16658753
2022-05-24 18:00:00,28.978058,26.0206,1006.39,0.9656334,4.3501167,0.9808628,84.105995,0.0
2022-05-25 00:00:00,29.154602,25.941132,1004.9919,1.5807633,2.434093,0.992292,82.860664,0.0
2022-05-25 06:00:00,35.142487,23.85196,1006.47125,1.1022121,1.4087324,0.8573344,52.13091,0.002097804
2022-05-25 12:00:00,32.475983,25.059357,1003.1675,-0.6261244,4.8079343,0.35180664,65.04432,0.008580741
2022-05-25 18:00:00,28.81485,25.306427,1007.21,1.6579392,3.574068,0.3258139,81.3826,0.029468909
2022-05-26 00:00:00,28.498566,25.67392,1006.0769,1.7078881,3.5275917,0.18991083,84.71948,0.0
2022-05-26 06:00:00,34.684967,25.056976,1006.8225,2.32452,3.4475431,0.3155731,57.470078,0.0107749365
2022-05-26 12:00:00,31.791168,25.32846,1003.84686,0.7985195,5.7696867,0.43711543,68.70563,0.0
2022-05-26 18:00:00,28.364716,25.0867,1007.04626,2.0135531,3.465948,0.47366327,82.45175,0.0
2022-05-27 00:00:00,28.914337,23.619293,1005.6331,2.6026664,2.7735898,0.2847529,73.141884,0.0
2022-05-27 06:00:00,35.0795,23.227448,1006.10626,2.7690494,1.4075588,0.68985224,50.38036,0.0024791807
2022-05-27 12:00:00,32.979523,24.591095,1003.4425,1.1388785,2.8655415,0.56546926,61.482384,1.0015014
2022-05-27 18:00:00,28.366394,24.549774,1005.645,1.4692135,2.782094,0.27951962,79.842766,0.0
2022-05-28 00:00:00,28.958344,23.715424,1004.4794,2.5874348,2.0532517,0.31935215,73.37929,0.0
2022-05-28 06:00:00,35.03006,22.98526,1005.53687,3.2586842,2.479158,0.17310469,49.784016,0.0011445954
2022-05-28 12:00:00,32.86978,25.539703,1002.65375,0.9030304,5.6398096,0.5580431,65.46095,0.18401724
2022-05-28 18:00:00,29.32434,26.111359,1005.3694,1.494458,3.890539,0.09862226,82.8826,0.0
2022-05-29 00:00:00,28.977203,23.318146,1004.41876,2.744606,2.3487887,0.69537896,71.5645,0.0
2022-05-29 06:00:00,34.859894,22.843048,1004.9925,3.3331795,2.0992014,0.03310335,49.82487,0.0085821375
2022-05-29 12:00:00,32.093414,25.54245,1002.6281,0.17786217,5.002574,0.88824683,68.403625,0.0
2022-05-29 18:00:00,28.475067,26.439056,1005.02814,1.0020112,4.4380465,0.90136564,88.76322,0.0
2022-05-30 00:00:00,28.92685,25.07962,1003.67,2.5358624,3.373669,0.6006511,79.77173,0.0
2022-05-30 06:00:00,34.305817,23.710175,1004.54065,2.6357393,2.1533208,0.16537589,54.145752,0.0095362775
2022-05-30 12:00:00,31.655426,26.085297,1001.665,1.1314459,3.933615,0.65404546,72.41549,0.009537209
2022-05-30 18:00:00,28.619843,25.824188,1004.76685,2.300378,2.9479852,0.76533586,84.8778,0.18500164
2022-05-31 00:00:00,28.521637,23.434479,1002.48126,3.4600372,1.002801,0.47858113,73.99795,0.0
2022-05-31 06:00:00,34.145782,22.923615,1003.9363,4.1051292,0.6972523,0.94023407,52.096928,0.00038184226
2022-05-31 12:00:00,31.600128,25.10086,1001.14935,1.4220052,5.426959,0.5118922,68.51991,0.0232663
2022-05-31 18:00:00,29.030334,26.265167,1004.65875,1.7311037,3.733621,1.0000002,85.07303,0.0
2022-06-01 00:00:00,28.7341,23.293793,1002.8113,3.574935,1.6768352,1.0000001,72.473045,0.0
2022-06-01 06:00:00,34.83255,22.93393,1003.35187,4.1437006,0.7524263,0.83238846,50.175953,0.0
2022-06-01 12:00:00,34.342194,24.542755,1000.1925,2.1390839,2.8342047,0.409988,56.804733,0.9996295
2022-06-01 18:00:00,29.708221,26.247345,1004.2644,0.47640496,3.9209924,0.04629135,81.72227,0.0
2022-06-02 00:00:00,29.1232,23.019562,1003.0588,3.2610207,1.7155154,0.4116578,69.69326,0.0
2022-06-02 06:00:00,35.230133,22.980133,1003.055,3.6232882,1.4434481,0.16920617,49.22039,0.0
2022-06-02 12:00:00,33.53824,24.499054,1000.6763,-0.3700571,4.817036,0.44995117,59.25761,0.0
2022-06-02 18:00:00,29.545868,25.6138,1003.1306,1.845331,3.4300132,0.9363998,79.45322,0.0
2022-06-03 00:00:00,29.216156,22.338165,1002.0419,2.739027,1.1908038,0.635456,66.51254,0.0
2022-06-03 06:00:00,35.236603,22.723785,1002.565,2.9740298,1.4577866,0.028912194,48.44447,0.008295756
2022-06-03 12:00:00,33.78604,25.490631,1000.29877,0.3023777,5.01573,0.08000183,62.00112,0.0
2022-06-03 18:00:00,29.377289,25.556305,1003.65936,1.2476368,3.5948274,0.096667185,79.95627,0.0
2022-06-04 00:00:00,29.168121,23.87259,1002.0588,2.4898558,1.3468103,0.32586753,73.18281,0.0
2022-06-04 06:00:00,34.882477,23.798859,1002.755,1.0888319,2.2265048,0.1274198,52.718693,0.0064841006
2022-06-04 12:00:00,33.327057,25.789825,1000.9231,-0.35692024,5.722025,0.7753492,64.75461,0.0
2022-06-04 18:00:00,28.968536,26.108917,1003.59375,0.8188406,4.132312,0.9673433,84.59315,0.0
2022-06-05 00:00:00,28.957153,26.459747,1002.845,1.469563,3.0631235,0.8041148,86.42098,0.0
2022-06-05 06:00:00,34.798737,24.819733,1003.0181,2.4832165,3.3634968,0.6562792,56.305782,0.0351863
2022-06-05 12:00:00,33.64688,25.67984,1000.7475,0.34396935,6.1146216,0.86701876,63.191307,0.0
2022-06-05 18:00:00,27.211945,25.29898,1004.15314,1.6849777,4.0729165,0.96468973,89.31546,0.0
2022-06-06 00:00:00,27.430573,25.12857,1003.60376,2.0398607,1.6212447,0.99802226,87.28848,0.0
2022-06-06 06:00:00,33.517853,24.211823,1003.6794,2.3387516,1.6766502,0.8174715,58.313145,0.017452985
2022-06-06 12:00:00,32.250397,26.026978,1001.8762,1.0613523,3.2624831,0.96343774,69.77446,0.0
2022-06-06 18:00:00,27.450592,25.101196,1005.0731,0.2709697,3.1151445,0.9976072,87.04418,0.03515929
2022-06-07 00:00:00,26.401947,24.918427,1003.3269,2.7220163,2.2056715,0.9964486,91.57449,0.0
2022-06-07 06:00:00,31.954865,24.559113,1005.04877,3.473978,2.9814339,0.99467844,65.01796,0.018213632
2022-06-07 12:00:00,31.314728,24.152496,1002.72876,1.7502888,3.7886372,1.000003,65.80185,0.0
2022-06-07 18:00:00,28.679352,26.077057,1005.0706,1.8858054,4.1902027,0.9987187,85.860954,0.0
2022-06-08 00:00:00,28.464478,24.060211,1003.4988,3.1718311,1.9271276,0.96369547,77.09333,0.0
2022-06-08 06:00:00,34.207306,23.312042,1003.90436,3.685482,1.3183732,0.75259596,53.152447,0.0
2022-06-08 12:00:00,33.34427,25.312775,1001.52814,2.1074345,4.3045897,0.5842684,62.88537,0.06496906
2022-06-08 18:00:00,29.460602,26.779694,1003.8,1.550438,4.2900286,0.00793457,85.53983,0.0
2022-06-09 00:00:00,28.920746,23.920807,1002.71686,2.6432076,1.8147376,0.7016007,74.45338,0.0
2022-06-09 06:00:00,34.872223,22.82724,1003.4506,2.2217054,1.7031595,0.47554952,49.743137,0.0
2022-06-09 12:00:00,33.797516,24.951813,1001.5644,1.0779892,4.7745485,0.3630877,60.005646,0.0
2022-06-09 18:00:00,29.39798,26.641144,1004.34125,1.1225263,3.6054602,0.98840886,85.15212,0.0
2022-06-10 00:00:00,29.153778,26.597809,1003.8019,1.8847134,3.3018942,0.94428074,86.14161,0.0
2022-06-10 06:00:00,34.528595,23.641266,1004.64935,3.197092,1.7246253,0.9418942,53.257263,0.015260652
2022-06-10 12:00:00,32.70987,25.733063,1002.09,1.0871291,5.6620917,0.99999964,66.81522,0.0
2022-06-10 18:00:00,28.330566,26.388336,1005.6319,1.108985,4.3480444,0.90869594,89.24458,0.00020267908
2022-06-11 00:00:00,29.276794,24.421967,1005.20624,2.3536649,1.8900499,0.99999994,75.16195,0.0
2022-06-11 06:00:00,33.3367,23.656769,1005.4881,3.0150528,3.0552607,0.3585983,56.975525,0.00076321885
2022-06-11 12:00:00,32.103912,25.709137,1003.1244,1.0881894,4.901245,0.8842867,69.0426,0.0
2022-06-11 18:00:00,29.277496,26.424347,1005.715,1.5530616,3.5429633,0.7726464,84.65773,0.0
2022-06-12 00:00:00,28.741241,24.033234,1005.21814,2.0753584,2.1465297,0.9946086,75.74184,0.0
2022-06-12 06:00:00,34.413483,23.234894,1005.5637,2.9218502,1.6942058,0.81231695,52.301414,0.0019072322
2022-06-12 12:00:00,32.41739,25.260162,1002.9469,0.63925403,4.6816745,0.32481027,66.044846,0.0034571858
2022-06-12 18:00:00,29.00299,24.959381,1006.4475,0.4945255,2.787385,0.96410364,78.853584,0.0
2022-06-13 00:00:00,28.164581,22.322113,1006.0506,2.7925158,0.586092,0.9819643,70.62753,0.0
2022-06-13 06:00:00,34.018707,23.292389,1006.2587,1.9803059,-0.10787296,1.0000002,53.65072,0.0
2022-06-13 12:00:00,33.057037,24.650787,1002.8731,-0.81736565,3.0353322,0.99321693,61.43394,0.012300909
2022-06-13 18:00:00,29.021973,25.951202,1006.2031,0.7999786,4.065666,0.2361356,83.5486,0.0
2022-06-14 00:00:00,28.49408,24.659454,1005.075,2.1590195,1.7279167,0.7392683,79.773895,0.0
2022-06-14 06:00:00,34.531036,23.356354,1004.725,0.5891678,-0.45554924,0.8786577,52.343063,0.0054351985
2022-06-14 12:00:00,33.15982,25.641754,1002.6138,-1.2287064,3.9644294,0.97373056,64.793686,0.0
2022-06-14 18:00:00,28.550934,25.797089,1006.5006,0.7913387,3.0549078,0.99888813,85.08129,0.012785196
2022-06-15 00:00:00,26.23059,24.15097,1003.9462,1.552299,1.5456555,0.99354446,88.35415,0.0
2022-06-15 06:00:00,33.887604,23.678925,1005.0513,1.9106282,-0.47170353,0.65206796,55.319363,0.00047730282
2022-06-15 12:00:00,32.731598,25.779022,1001.9313,-0.36492634,2.5345187,0.9071054,66.915596,0.51293385
2022-06-15 18:00:00,26.977509,25.117645,1006.39874,0.22055471,1.4776633,0.9940818,89.58085,0.0
2022-06-16 00:00:00,26.505524,24.9888,1004.10126,1.1213458,1.1226122,0.9859397,91.39963,0.0
2022-06-16 06:00:00,32.812775,24.77658,1004.96436,1.031143,0.25335598,0.49856788,62.753647,0.046346337
2022-06-16 12:00:00,32.188507,25.947906,1002.21936,-1.1988535,3.763563,0.8751923,69.692116,0.0
2022-06-16 18:00:00,26.180084,24.37442,1006.175,2.250763,1.2215068,0.95108473,89.81336,0.0
2022-06-17 00:00:00,26.661255,24.961456,1004.3056,1.5273371,0.32231617,0.9987185,90.41717,0.07041668
2022-06-17 06:00:00,31.571808,25.162872,1005.7019,0.01679784,2.5110621,1.0,68.88419,0.0
2022-06-17 12:00:00,30.974518,24.847626,1002.70935,-0.08183098,3.5553503,0.9982246,69.93968,0.06303047
2022-06-17 18:00:00,27.883942,24.557922,1005.28876,1.1524833,3.2536917,0.9298059,82.15871,0.0
2022-06-18 00:00:00,26.86966,24.0932,1004.59125,0.23705429,1.4624898,0.5611742,84.79365,0.0003799796
2022-06-18 06:00:00,33.684967,23.825073,1005.71,0.5151549,2.0798597,0.9398331,56.443794,0.0
2022-06-18 12:00:00,31.47879,24.403473,1002.7431,-0.010844231,3.9436665,0.9843313,66.178894,0.0009536743
2022-06-18 18:00:00,28.23233,24.955078,1005.65625,1.2949164,2.8088274,0.2087782,82.43989,0.14334306
2022-06-19 00:00:00,26.833069,24.574799,1004.8819,0.92893827,2.5753307,0.6549811,87.464165,0.0
2022-06-19 06:00:00,33.084747,24.429169,1005.8762,2.3846712,0.6353902,0.9467958,60.530464,0.0
2022-06-19 12:00:00,31.233185,25.609375,1003.0019,-0.5793247,3.999029,0.6921909,72.1127,0.07722677
2022-06-19 18:00:00,27.321075,24.696747,1005.3787,0.89551127,2.3771172,0.6201649,85.61578,0.0
2022-06-20 00:00:00,27.541534,25.348053,1004.4981,1.3569351,1.4520259,0.7303791,87.863686,0.0
2022-06-20 06:00:00,33.05423,23.915741,1004.94,2.1497078,0.27054924,0.8881977,58.795185,0.018215738
2022-06-20 12:00:00,32.54654,24.454193,1001.7006,0.40614778,3.5334854,0.95075136,62.48594,0.0
2022-06-20 18:00:00,28.848663,25.071503,1004.59436,1.368634,2.6364152,0.7986916,80.09509,0.0
2022-06-21 00:00:00,28.016693,23.120636,1003.09314,3.0470505,0.6537018,0.8687243,74.77378,0.0049471855
2022-06-21 06:00:00,32.94449,23.521515,1003.3231,3.577136,0.44631124,0.96476495,57.77166,0.00659097
2022-06-21 12:00:00,31.91446,24.123932,1000.85565,2.2759352,2.2745256,0.798958,63.48971,0.11530053
2022-06-21 18:00:00,27.647919,24.727081,1003.8063,1.8896192,2.0736644,0.93202937,84.14584,0.0
2022-06-22 00:00:00,27.592255,23.418304,1003.1325,2.4859834,0.8823576,0.9973395,78.04074,0.0034347177
2022-06-22 06:00:00,33.09024,22.497406,1004.5075,3.8523397,0.15139878,0.98802495,53.856796,0.0
2022-06-22 12:00:00,31.063873,24.11618,1003.3131,1.0759029,3.8526137,1.0,66.60353,0.024897046
2022-06-22 18:00:00,27.967987,25.469635,1006.3825,0.9317565,3.3912678,0.9960011,86.32352,0.012874603
2022-06-23 00:00:00,27.434296,25.627716,1004.9931,1.2113693,0.73866844,0.9979976,89.89811,0.0
2022-06-23 06:00:00,32.9274,23.787323,1005.8256,2.8121223,1.6430322,1.0000001,58.760376,0.0007636845
2022-06-23 12:00:00,32.47818,24.364777,1002.8794,0.06995392,3.716659,0.9946534,62.392414,0.0
2022-06-23 18:00:00,28.760803,26.106781,1005.71936,0.63902134,2.9214466,0.99048984,85.606636,9.685755e-05
2022-06-24 00:00:00,27.940277,25.496002,1004.8881,1.6657965,0.84000015,0.9022266,86.598694,0.0
2022-06-24 06:00:00,34.104645,23.204498,1005.09875,4.3719625,1.9375064,0.49504995,53.11138,0.0
2022-06-24 12:00:00,34.293243,23.737823,1000.9244,0.6974287,3.0704257,0.9832289,54.27394,0.0022886088
2022-06-24 18:00:00,28.94931,25.23819,1004.1944,1.7419434,2.4961922,0.9910832,80.42391,0.0
2022-06-25 00:00:00,28.595062,21.774872,1002.61127,4.0926924,0.9308635,0.9785275,66.62172,0.0
2022-06-25 06:00:00,32.644318,22.651215,1003.6094,4.905739,1.5620515,1.0,55.743443,0.0
2022-06-25 12:00:00,32.92038,21.407013,1000.425,3.970542,0.42017654,0.99999994,50.87449,0.0
2022-06-25 18:00:00,29.68283,20.180695,1003.195,2.6976461,2.136815,1.0,56.722187,0.0
2022-06-26 00:00:00,28.959564,22.104767,1002.1625,2.5289454,0.9721349,0.9973393,66.5547,0.0
2022-06-26 06:00:00,33.209503,22.050934,1003.45935,4.2844257,0.71081406,1.0000002,52.06339,0.0
2022-06-26 12:00:00,33.731476,23.41043,1001.5081,0.7069988,2.1998692,0.783038,54.90833,0.0
2022-06-26 18:00:00,29.357208,25.173004,1005.0419,1.5386238,3.1089935,0.9268885,78.24522,0.0
2022-06-27 00:00:00,28.508759,21.469574,1003.985,4.054369,0.61112815,0.7736086,65.71799,0.0
2022-06-27 06:00:00,34.230865,21.323761,1004.3812,4.2558413,0.007797003,0.8765984,47.035152,0.0
2022-06-27 12:00:00,32.975494,23.207062,1002.82,0.29270744,0.26082706,1.0,56.586777,0.003432855
2022-06-27 18:00:00,29.478516,25.153717,1005.7488,1.4772792,2.75953,0.9999999,77.610214,0.0
2022-06-28 00:00:00,28.34494,21.533722,1004.5525,2.9956465,0.32387257,0.9697803,66.60777,0.0
2022-06-28 06:00:00,33.67874,22.159698,1004.9969,2.5121155,0.4018492,0.6209943,51.049465,0.0
2022-06-28 12:00:00,33.83792,22.84378,1001.4725,0.2517519,1.7560643,0.55795306,52.744164,0.0003874302
2022-06-28 18:00:00,29.493896,23.634552,1004.0687,1.168204,2.4665565,0.09117007,70.79756,0.0
2022-06-29 00:00:00,28.488068,22.060272,1002.8925,3.7120075,0.056199074,0.10073693,68.21463,0.0
2022-06-29 06:00:00,35.22293,21.669525,1003.2056,3.0700219,0.26915234,0.19884874,45.466747,0.005244743
2022-06-29 12:00:00,35.72354,21.399078,999.39935,3.2340918,2.0283825,0.45335335,43.501102,0.0
2022-06-29 18:00:00,29.360321,22.969086,1003.09064,2.9768202,1.9999256,0.27134925,68.53524,0.0
2022-06-30 00:00:00,28.16159,22.499603,1001.5525,3.8296814,-0.5216112,0.9884109,71.406166,0.0
2022-06-30 06:00:00,34.369415,22.705536,1002.9306,4.318531,0.23382795,0.95921683,50.776356,0.0022887252
2022-06-30 12:00:00,33.551666,22.862457,1000.51,5.0082726,1.9971447,0.9999996,53.65615,0.0
2022-06-30 18:00:00,28.146149,21.391876,1003.71436,4.4303493,0.26163292,0.97967386,66.800255,0.024978071
2022-07-01 00:00:00,28.212616,22.991669,1002.055,4.087558,0.26418495,0.60127115,73.35061,0.0
2022-07-01 06:00:00,34.27054,22.580353,1002.3844,4.581458,0.13538837,0.5590264,50.670288,0.0
2022-07-01 12:00:00,34.25235,23.822052,999.97125,2.2640817,0.9884558,0.682134,54.674103,0.3758073
2022-07-01 18:00:00,28.47519,24.092194,1003.3306,3.5802364,1.0008106,0.7704218,77.193436,0.0
2022-07-02 00:00:00,28.701508,22.248322,1001.9225,3.1537848,-0.13475895,0.9908493,68.15073,0.0
2022-07-02 06:00:00,33.562164,22.801483,1001.2975,4.1780806,-1.3347273,0.42328715,53.42685,0.0
2022-07-02 12:00:00,34.494415,22.805206,998.72064,1.2611618,1.1247492,0.48467213,50.73011,0.112921
2022-07-02 18:00:00,28.43637,25.268158,1003.6,2.170322,1.6350354,0.9969183,83.00094,0.9452512
2022-07-03 00:00:00,28.574219,23.695343,1001.33374,2.0937643,1.2935933,0.9864011,74.94127,0.0
2022-07-03 06:00:00,32.72293,23.097137,1003.08936,4.521041,-0.38858593,0.9894175,57.01669,0.001907465
2022-07-03 12:00:00,32.32242,25.326569,1000.32,3.0076132,1.5229424,0.92734355,66.66288,0.6199583
2022-07-03 18:00:00,27.863953,22.861786,1003.4225,5.212779,0.3527069,0.89171475,74.27022,0.0
2022-07-04 00:00:00,29.53305,20.923615,1002.3544,6.871419,-0.43519402,0.9318374,59.895336,0.0
2022-07-04 06:00:00,33.17166,19.401276,1002.3713,5.6664114,-0.96720314,0.99999994,44.320316,0.0
2022-07-04 12:00:00,32.249786,23.042389,1000.0637,3.4434528,-0.28757232,0.9002878,58.365788,0.60909986
2022-07-04 18:00:00,28.86087,22.687286,1003.65125,2.9471173,2.4937258,0.98310006,69.34932,0.0
2022-07-05 00:00:00,28.725128,21.577179,1002.2544,5.2871666,0.26573086,0.9999998,65.32656,0.0
2022-07-05 06:00:00,32.490143,21.208282,1002.5031,5.5798073,1.0473084,0.9999998,51.49154,0.0
2022-07-05 12:00:00,32.24344,22.399323,1000.45624,4.7978,0.6426382,1.0,56.153393,0.005632639
2022-07-05 18:00:00,26.967682,23.065094,1003.7631,4.780797,0.8950033,0.99802214,79.24193,0.04166551
2022-07-06 00:00:00,27.99649,22.29132,1002.8181,3.9971547,1.2226219,0.992651,71.18929,0.26434177
2022-07-06 06:00:00,31.11441,22.52536,1004.5669,3.9967508,1.9758432,1.0,60.329933,0.0
2022-07-06 12:00:00,31.959503,21.996979,1003.09314,2.1551805,1.1091826,1.0,55.681908,0.016871594
2022-07-06 18:00:00,28.279816,22.414093,1005.9406,4.106722,1.0677376,0.99910957,70.548836,0.0
2022-07-07 00:00:00,28.509186,21.267914,1005.10565,4.3053284,0.95840645,0.99832374,64.909355,0.006957337
2022-07-07 06:00:00,31.647003,22.649445,1006.5737,3.6542368,2.266928,0.9999999,58.972233,0.0
2022-07-07 12:00:00,31.438934,22.175629,1004.57935,4.784684,0.9610595,0.97455627,57.979214,0.15942349
2022-07-07 18:00:00,27.635345,22.046417,1005.975,4.1467676,-0.5566168,0.99267554,71.630005,0.0
2022-07-08 00:00:00,27.440765,22.159393,1003.9219,3.886613,0.025735855,0.99604446,72.95059,0.0
2022-07-08 06:00:00,33.363922,22.052399,1005.28687,5.1747923,-0.55778885,0.98929375,51.61894,0.0
2022-07-08 12:00:00,33.677155,21.088776,1001.81,1.8024921,0.60544777,0.9280621,47.817585,9.685755e-05
2022-07-08 18:00:00,29.635284,22.160309,1004.7344,3.5436115,0.43309784,0.99465334,64.224266,0.0
2022-07-09 00:00:00,27.94217,22.282257,1003.0087,5.1556444,0.6410726,0.9991092,71.37579,0.93274987
2022-07-09 06:00:00,31.020172,22.751923,1003.3031,5.1765957,0.6749283,0.9303983,61.49466,0.0
2022-07-09 12:00:00,30.899261,22.074738,1001.3594,4.3092194,1.0396981,0.9887955,59.4231,0.0
2022-07-09 18:00:00,27.658844,22.031403,1004.0012,4.369112,0.8701929,0.99999994,71.46622,0.15896301
2022-07-10 00:00:00,28.18631,21.749176,1003.04126,4.115779,1.2365624,0.99243635,68.116974,0.0
2022-07-10 06:00:00,32.069855,21.700958,1004.1863,4.611556,1.8064978,0.9973393,54.344063,0.0
2022-07-10 12:00:00,32.964264,22.747833,1001.54315,2.570561,1.9754529,1.0,55.070198,0.033661723
2022-07-10 18:00:00,29.103912,21.803741,1005.1813,4.717327,0.52499866,1.0000002,64.80016,0.0
2022-07-11 00:00:00,28.169891,21.234894,1004.97125,4.1885853,1.5120182,0.9999999,66.06913,0.0
2022-07-11 06:00:00,32.750397,21.582184,1006.6,3.9312391,2.3119245,0.99999994,51.91726,0.0
2022-07-11 12:00:00,30.783844,22.415314,1004.46124,3.0640392,0.90859574,1.0000001,61.068977,0.090390444
2022-07-11 18:00:00,28.825226,21.551178,1006.49,4.45702,1.1563762,0.9973393,64.84531,0.0
2022-07-12 00:00:00,28.330292,21.683136,1005.3619,4.245782,1.8065205,1.0,67.276535,0.0
2022-07-12 06:00:00,33.536163,21.2117,1005.0875,6.037962,0.9346233,0.8163555,48.561405,0.0
2022-07-12 12:00:00,34.002228,21.072296,1001.8212,4.0039806,3.2096431,0.56946033,46.90941,0.00686571
2022-07-12 18:00:00,29.672882,20.632599,1005.34064,5.1189327,0.4995647,0.9999995,58.359943,0.0
2022-07-13 00:00:00,28.731537,21.453827,1003.41626,3.9723368,2.8479996,0.99802226,64.81115,0.0
2022-07-13 06:00:00,34.09207,20.551544,1003.5444,7.3379107,1.9532136,0.9915771,45.203003,0.0
2022-07-13 12:00:00,33.92032,21.371735,1000.0563,5.7616577,2.1327255,1.0000005,47.997925,0.0
2022-07-13 18:00:00,29.647247,20.528229,1003.58,5.73503,0.92764705,0.88575226,58.0714,0.0
2022-07-14 00:00:00,28.677338,21.224945,1001.78687,3.4868708,2.7043476,0.9760868,64.10963,0.0
2022-07-14 06:00:00,34.227325,20.992584,1001.8775,6.9278154,1.9096055,0.9980225,46.09797,0.0
2022-07-14 12:00:00,33.70291,19.690704,999.295,5.5587883,1.2848939,1.0,43.800842,0.0
2022-07-14 18:00:00,29.842194,19.697906,1002.89935,5.713129,1.1401415,1.0000001,54.548454,0.0
2022-07-15 00:00:00,28.243683,21.03952,1002.22375,3.3294048,2.7867718,0.9961491,65.00171,0.0
2022-07-15 06:00:00,33.334015,21.068634,1003.6238,6.2848454,0.77746147,0.9973015,48.685265,0.0
2022-07-15 12:00:00,34.110382,21.13675,1000.775,4.141218,0.55518436,0.8046269,46.81208,0.00047776848
2022-07-15 18:00:00,30.018707,20.954376,1004.1962,4.393465,0.4974566,0.99999994,58.354614,0.0
2022-07-16 00:00:00,28.898834,21.189728,1003.23376,2.8482018,1.8749483,0.9681298,63.15509,0.0
2022-07-16 06:00:00,34.436188,21.757965,1003.7606,3.6882486,1.5103405,0.9328022,47.752583,0.0
2022-07-16 12:00:00,31.591217,24.883514,1002.40936,2.704993,2.0782042,0.9132668,67.67191,2.011776
2022-07-16 18:00:00,28.17752,24.246979,1005.7825,1.9815013,0.8494797,0.9249785,79.27445,0.0
2022-07-17 00:00:00,28.608185,22.594513,1003.8806,2.0057504,1.6350816,1.0,69.978,0.0
2022-07-17 06:00:00,33.93924,22.818573,1004.35065,2.8929243,1.8172202,1.0,52.36646,0.0064841006
2022-07-17 12:00:00,31.408356,25.522003,1002.7025,0.8971079,3.7466245,1.0,71.02801,0.04635542
2022-07-17 18:00:00,28.471344,24.53714,1005.2544,2.0620155,2.9205823,0.9973392,79.29721,0.0
2022-07-18 00:00:00,28.209808,24.448273,1004.46063,1.3360131,1.5663414,0.9656502,80.0856,0.0010496005
2022-07-18 06:00:00,31.793365,23.583038,1005.6069,2.2780852,0.5048352,0.9999999,61.88115,0.024505647
2022-07-18 12:00:00,31.315216,24.885895,1003.2494,0.5328579,-0.16857052,1.0,68.75191,0.017448572
2022-07-18 18:00:00,29.688507,22.859283,1005.995,2.1992967,1.2830677,0.9553658,66.80481,0.0
2022-07-19 00:00:00,28.017242,22.268158,1004.9331,2.994378,0.5308542,0.7903317,71.00305,0.0
2022-07-19 06:00:00,34.45352,21.986542,1005.3125,1.1375086,-0.31786728,0.24584559,48.37682,0.0015255064
2022-07-19 12:00:00,32.86856,23.819427,1001.8256,-3.381032,0.80912876,0.46358886,59.069164,0.079328194
2022-07-19 18:00:00,28.736664,25.238678,1006.21313,0.046634793,2.8991957,0.9849324,81.423454,0.121800646
2022-07-20 00:00:00,27.470917,24.887207,1004.59314,1.4977598,1.3178797,0.7674195,85.83845,0.0
2022-07-20 06:00:00,33.677643,24.256592,1005.4794,0.35228878,1.4872133,0.57354486,57.94929,0.012394972
2022-07-20 12:00:00,32.183502,25.07431,1002.40375,-0.9467993,2.5784655,0.35538352,66.18689,0.06312411
2022-07-20 18:00:00,28.437958,24.727692,1005.2488,1.689035,1.7249892,0.3063047,80.36152,0.0
2022-07-21 00:00:00,28.29831,24.400208,1003.97375,1.3602188,0.9445896,0.25460684,79.4452,0.0
2022-07-21 06:00:00,34.37552,24.135284,1004.1344,1.7005119,-0.20112991,0.090519905,55.331932,0.029275194
2022-07-21 12:00:00,31.11734,25.225555,1002.165,-0.780035,1.597553,0.30583742,70.95289,0.023713335
2022-07-21 18:00:00,25.593597,24.356659,1007.22876,2.530961,1.6249802,0.99999934,92.889175,0.84821016
2022-07-22 00:00:00,26.233307,24.69339,1004.705,1.0811771,1.3288503,1.0,91.25639,0.0
2022-07-22 06:00:00,32.0524,24.98996,1005.40063,2.1623955,-0.67668724,0.982226,66.345245,0.014020691
2022-07-22 12:00:00,32.643463,24.723541,1002.75,-1.2595453,-0.42055225,0.9153875,63.15458,0.1298903
2022-07-22 18:00:00,26.562195,25.196411,1006.52313,-0.208709,2.5438347,1.0,92.2286,0.0
2022-07-23 00:00:00,26.372498,25.02481,1004.21124,1.8880005,1.563868,1.0,92.3176,0.0
2022-07-23 06:00:00,33.170685,23.728119,1004.84186,2.5547714,0.806659,1.0000017,57.75635,0.0017164275
2022-07-23 12:00:00,31.124664,26.337433,1001.7381,1.4449244,2.1405027,0.32161242,75.75519,0.42450422
2022-07-23 18:00:00,26.43814,25.327423,1006.0125,0.8635092,2.787691,0.99999994,93.6328,0.0
2022-07-24 00:00:00,26.6586,23.989655,1004.03,3.306696,1.082732,1.0,85.32114,0.044062734
2022-07-24 06:00:00,30.85257,23.871368,1005.6125,2.71344,-0.41770077,0.99960345,66.42727,0.0
2022-07-24 12:00:00,31.092804,25.589203,1003.22815,-0.79463005,2.6749299,0.99307954,72.60476,0.37393567
2022-07-24 18:00:00,27.644745,25.24823,1005.84814,0.5507334,2.3007348,0.9887463,86.81784,0.0
2022-07-25 00:00:00,27.92099,24.910309,1004.71936,1.8410764,1.7380979,0.98898935,83.7254,0.05387515
2022-07-25 06:00:00,32.669342,23.454315,1005.6381,1.9491863,-2.0811176,0.6994971,58.43619,0.0
2022-07-25 12:00:00,31.702179,23.724152,1003.3088,-2.2510834,-0.06350136,0.97560424,62.73297,0.03509177
2022-07-25 18:00:00,27.717499,24.760406,1007.5225,0.28675556,0.8544483,0.9569413,83.97133,0.0
2022-07-26 00:00:00,25.176819,23.730042,1006.78937,1.5072446,1.0965567,0.99999964,91.703156,0.11596888
2022-07-26 06:00:00,30.55008,24.147247,1006.8713,1.898943,-0.79623413,0.99999833,68.71517,0.0
2022-07-26 12:00:00,29.493378,23.714508,1003.685,-0.070539474,-0.84765244,0.98578364,71.14139,0.3900919
2022-07-26 18:00:00,26.725128,23.748596,1007.3069,0.69885635,-0.20324707,0.86828184,83.76464,0.17892122
2022-07-27 00:00:00,25.083832,23.991516,1006.10315,1.1456451,-0.4219942,0.9647749,93.6738,0.0
2022-07-27 06:00:00,30.470856,25.086517,1006.5481,-0.7740882,-2.9015064,0.9209459,73.01517,0.06570702
2022-07-27 12:00:00,30.589996,24.12384,1004.14935,-2.9001236,-0.77168083,0.95151734,68.4622,0.0
2022-07-27 18:00:00,28.458832,24.606201,1006.8869,-0.09558964,1.2451305,0.9796791,79.68337,0.0
2022-07-28 00:00:00,26.507965,24.13742,1005.8794,1.6426103,0.047757864,0.88574743,86.84893,0.0031553209
2022-07-28 06:00:00,32.25296,24.367859,1007.03625,-0.6825056,-0.7386942,0.86578393,63.20274,0.014586428
2022-07-28 12:00:00,31.228546,24.934906,1003.9775,-2.1507454,0.41531658,0.17219543,69.29427,0.18661277
2022-07-28 18:00:00,27.96759,25.02472,1007.5631,-0.78765965,1.1622714,0.98783064,84.06977,0.0
2022-07-29 00:00:00,27.785797,24.282562,1005.97375,0.30955213,0.46158934,0.9828185,81.279495,0.0027678907
2022-07-29 06:00:00,31.921173,24.513214,1007.115,-1.2991524,0.48406088,0.9991088,64.96355,0.047583953
2022-07-29 12:00:00,31.273468,24.510406,1003.525,-1.4187965,1.7512716,0.6243132,67.38635,0.0
2022-07-29 18:00:00,28.593353,25.490234,1006.4319,0.20135838,2.430131,0.5577341,83.34066,0.0
2022-07-30 00:00:00,28.233887,24.764893,1004.95374,1.471545,1.2951856,0.8782717,81.502,9.685755e-05
2022-07-30 06:00:00,32.958527,24.326294,1005.3725,0.9234096,0.37632465,0.6456798,60.58693,0.031086063
2022-07-30 12:00:00,31.620148,24.858612,1002.33374,-1.7514734,2.7078893,0.499547,67.46048,0.058447562
2022-07-30 18:00:00,28.12564,24.507507,1004.7606,2.2795753,2.8156385,0.8145296,80.764984,0.0
2022-07-31 00:00:00,26.76535,24.021149,1002.76,1.0341034,0.20818138,0.9848079,84.94719,0.0
2022-07-31 06:00:00,33.40213,24.508026,1003.625,0.9875967,1.3388759,0.38180053,59.743275,0.0
2022-07-31 12:00:00,32.660187,25.01419,1000.0631,-0.71188545,3.6641967,0.9787695,64.1991,0.07286831
2022-07-31 18:00:00,28.490387,24.486816,1004.3219,1.9075975,2.658964,0.99733955,78.97135,0.28146732
2022-08-01 00:00:00,26.462494,24.02835,1002.8663,1.801755,0.76208085,0.9474759,86.5138,0.0
2022-08-01 06:00:00,33.33792,24.82843,1003.475,2.504387,1.2541525,0.9590239,61.118053,0.03432855
2022-08-01 12:00:00,30.847076,25.668396,1000.03314,1.062777,3.9703407,0.8960555,73.97664,0.84770095
2022-08-01 18:00:00,27.673065,22.213043,1003.1119,1.5903344,1.7238711,0.99082506,72.20142,0.0
2022-08-02 00:00:00,26.695038,23.576141,1000.79126,2.3106947,0.9815693,0.9931652,83.04617,0.0
2022-08-02 06:00:00,31.22049,23.727905,1002.13873,3.5201464,0.6847759,0.9999998,64.48913,0.01659058
2022-08-02 12:00:00,31.631195,24.070465,999.4169,-0.024342537,2.5854232,1.0,64.3113,0.10363199
2022-08-02 18:00:00,28.551788,24.604767,1002.17377,1.1515102,1.8182781,1.0000001,79.24742,0.0
2022-08-03 00:00:00,27.114288,22.71054,1000.3156,3.4284716,0.4595484,0.9980222,76.89339,0.0
2022-08-03 06:00:00,30.823212,23.282745,1002.8725,2.806625,-0.4845314,1.0,64.21995,0.0
2022-08-03 12:00:00,30.649994,24.653992,999.9363,-0.7392892,-0.47706413,1.0,70.42889,0.77019876
2022-08-03 18:00:00,27.31717,24.944275,1002.945,0.8230481,0.96458095,0.9813371,86.91031,0.0
2022-08-04 00:00:00,26.83194,23.902618,1001.44,1.9962502,1.9723078,0.9987186,84.01458,0.05075728
2022-08-04 06:00:00,29.171417,24.348328,1003.095,4.3237667,2.4820528,0.9996035,75.28824,0.4901838
2022-08-04 12:00:00,28.259155,25.14212,1001.15,2.2438316,2.5919008,1.0,83.23397,0.0
2022-08-04 18:00:00,26.648163,23.550262,1003.70374,3.6151686,1.5240462,1.0,83.14593,0.0
2022-08-05 00:00:00,26.563019,22.3497,1002.2656,4.396902,1.7584203,0.98962617,77.70545,0.021094412
2022-08-05 06:00:00,30.63565,22.275482,1004.235,3.0793333,2.3325634,1.0,61.066902,0.0
2022-08-05 12:00:00,30.377228,22.831848,1001.97626,3.8261786,2.1519556,1.0,64.106766,0.0
2022-08-05 18:00:00,27.648651,22.24002,1004.6863,4.4140787,1.8306884,1.0,72.423386,0.36892813
2022-08-06 00:00:00,27.072235,22.181427,1002.84564,3.5283344,2.4048748,1.0,74.64413,0.0
2022-08-06 06:00:00,32.87625,21.809479,1003.65936,5.1880226,2.369463,0.9952699,52.271904,0.0
2022-08-06 12:00:00,32.01407,22.470367,1001.2413,3.2245407,2.1514597,0.99378777,57.132965,0.101558864
2022-08-06 18:00:00,29.233002,21.99826,1003.54877,3.805357,1.3908813,0.9999998,65.08644,0.0
2022-08-07 00:00:00,28.114471,21.868622,1001.9963,3.555376,1.8844833,1.0,68.90338,0.0041951425
2022-08-07 06:00:00,33.061188,21.96402,1002.5,5.2420473,2.9646206,1.0,52.221386,0.0
2022-08-07 12:00:00,32.554108,22.28891,999.8906,3.588853,3.0870228,1.0,54.807697,0.16279799
2022-08-07 18:00:00,29.459747,21.99527,1003.26,3.8852959,0.9911624,1.0000001,64.228226,0.0
2022-08-08 00:00:00,28.067596,22.599396,1001.8187,3.2281733,2.5665388,0.98729795,72.23469,0.0
2022-08-08 06:00:00,32.913727,22.216278,1002.5675,6.173873,2.9489346,0.99960333,53.47181,0.0007627532
2022-08-08 12:00:00,33.55545,22.0513,999.35815,4.186097,2.8473935,0.97119635,51.064552,0.0
2022-08-08 18:00:00,29.918488,20.12796,1002.97125,4.7539816,1.2859936,0.96024,55.776024,0.0
2022-08-09 00:00:00,28.066498,21.901337,1002.79376,2.6098661,2.6789722,0.9999997,69.23436,0.0
2022-08-09 06:00:00,33.275543,21.483917,1002.71686,6.0270224,2.3072703,0.9999999,50.104904,0.00038160942
2022-08-09 12:00:00,33.812775,20.575104,1000.2675,4.5748444,1.8705733,0.99393255,45.980118,0.0
2022-08-09 18:00:00,29.14151,20.563019,1003.1763,3.48343,1.0632604,1.0,59.91976,0.0
2022-08-10 00:00:00,26.910675,21.381256,1002.4313,2.390417,2.2968369,0.9915831,71.76148,0.0
2022-08-10 06:00:00,34.245026,21.155182,1002.925,5.035424,2.8691502,0.95034236,46.51465,0.0
2022-08-10 12:00:00,34.243683,21.600616,999.8231,3.2997878,3.0029037,0.99117553,47.80512,0.0
2022-08-10 18:00:00,29.630219,20.473541,1003.5775,3.7631254,1.3299239,0.91478044,57.93267,0.0
2022-08-11 00:00:00,27.951996,20.203583,1003.15625,3.9350681,0.6688336,0.9226651,62.796528,0.0
2022-08-11 06:00:00,34.76651,21.134857,1003.9344,4.529146,1.0911202,0.901893,45.12883,0.0
2022-08-11 12:00:00,35.019684,21.02127,1001.3681,3.2072096,1.240139,0.69019526,44.190384,0.0
2022-08-11 18:00:00,30.06015,23.121368,1005.6813,2.3217654,2.5673304,0.99999994,66.4377,0.0003813766
2022-08-12 00:00:00,28.699738,21.730682,1004.6025,3.338191,0.020959854,0.9999984,66.03973,0.0
2022-08-12 06:00:00,35.08023,21.449066,1004.7481,3.442276,0.5950629,0.62472224,45.213303,0.0
2022-08-12 12:00:00,34.29129,21.994171,1002.85376,2.1599178,-0.30870056,0.9760116,48.83837,0.0010500662
2022-08-12 18:00:00,30.45871,23.758453,1005.97125,1.5381887,3.2214565,0.8403191,67.48043,0.0
2022-08-13 00:00:00,29.079437,22.052887,1004.6275,3.3534842,0.44081402,0.9003441,65.885925,0.0
2022-08-13 06:00:00,35.220367,21.147186,1004.45874,2.8811524,-0.36166477,0.9999979,44.041313,0.0019072031
2022-08-13 12:00:00,34.136017,22.273712,1002.64374,1.783495,0.56680965,1.0,50.108875,2.6193447e-07
2022-08-13 18:00:00,29.881683,23.233673,1005.2919,2.8071642,2.4372568,1.0,67.579796,0.0
2022-08-14 00:00:00,28.63919,21.031769,1004.51373,2.7840328,-0.24346352,1.0,63.49432,0.0
2022-08-14 06:00:00,34.539337,20.641998,1005.8694,3.0174694,-1.3875532,0.99999994,44.337578,0.0
2022-08-14 12:00:00,33.2117,22.280426,1003.84064,-0.7697754,1.5828276,1.0,52.789677,0.0072470866
2022-08-14 18:00:00,29.3143,24.840607,1006.32874,0.70829815,2.8895054,0.99343866,76.90017,0.0
2022-08-15 00:00:00,28.457733,22.623505,1005.64624,2.3500242,1.9757044,1.0,70.71651,0.0
2022-08-15 06:00:00,35.011383,21.51181,1006.85565,2.0803142,0.82819027,1.0,45.560734,0.0076291617
2022-08-15 12:00:00,33.895416,22.368927,1004.7456,-0.8074322,4.0417356,0.9933207,51.08121,0.0
2022-08-15 18:00:00,29.782074,24.53305,1007.08685,-0.44874096,2.6669378,0.9992788,73.49087,0.0
2022-08-16 00:00:00,28.635468,24.914032,1006.16064,0.5624428,1.7057078,0.36205488,80.333694,0.07404387
2022-08-16 06:00:00,33.267242,24.365753,1006.79315,0.47842026,2.958703,0.36596468,59.686314,0.0070124194
2022-08-16 12:00:00,30.952911,25.124481,1004.11127,-0.29864025,4.286811,0.18391731,71.191574,0.12824541
2022-08-16 18:00:00,28.933044,24.272125,1007.60815,0.7674036,3.8330145,0.62767273,75.98598,0.0
2022-08-17 00:00:00,28.085968,24.311829,1007.10065,1.6819522,3.0052147,0.91894114,80.0088,0.0
2022-08-17 06:00:00,34.154694,23.119019,1006.8669,1.7553673,2.3796806,0.8691377,52.690403,0.0
2022-08-17 12:00:00,32.548126,25.233368,1003.6319,0.5728999,2.7662504,0.8460507,65.45498,0.23900345
2022-08-17 18:00:00,27.464386,24.737762,1007.135,0.49841213,3.1121523,0.80001926,85.10845,3.8656363
2022-08-18 00:00:00,25.763275,24.185028,1005.61,1.5981516,1.1924741,0.9780373,91.01759,0.0
2022-08-18 06:00:00,32.697052,25.080597,1005.8837,1.7680559,-0.07760811,0.3651169,64.319954,0.0
2022-08-18 12:00:00,30.246002,25.84195,1003.4975,-0.78392124,1.4594295,0.9800769,77.35754,0.22786483
2022-08-18 18:00:00,27.220154,25.562775,1006.515,2.0674736,2.6951227,0.9634879,90.68307,0.00085765123
2022-08-19 00:00:00,26.11148,24.87622,1005.3306,1.7216834,2.7443333,0.9807163,92.924904,0.026578307
2022-08-19 06:00:00,32.22061,24.414337,1005.6044,2.5471697,-1.233983,1.0,63.494915,0.0
2022-08-19 12:00:00,32.922638,24.801178,1003.3762,0.71951485,-0.3329754,1.0,62.45859,0.0
2022-08-19 18:00:00,29.097076,25.994293,1006.2519,1.4848737,3.913778,1.0,83.3988,0.0
2022-08-20 00:00:00,28.151184,25.597626,1006.2006,2.195013,2.5717342,1.0,86.05832,0.0
2022-08-20 06:00:00,31.06363,23.312592,1006.3219,3.0128918,0.35174924,0.9973013,63.459183,0.000762986
2022-08-20 12:00:00,32.929962,24.092804,1002.59064,1.1413574,1.8598056,1.0,59.840477,0.0007569324
2022-08-20 18:00:00,29.258575,24.989044,1004.995,1.5409832,3.4251127,0.9180102,77.83433,0.0
2022-08-21 00:00:00,27.669922,25.046173,1005.42126,2.2025871,2.9409451,0.8886892,85.65316,9.5926225e-05
2022-08-21 06:00:00,33.912262,23.298126,1005.4281,2.507163,1.5928278,0.9389151,53.989174,0.0
2022-08-21 12:00:00,31.25528,25.780243,1002.1725,0.65172225,3.8694563,0.6941718,72.75566,0.023841858
2022-08-21 18:00:00,27.298615,24.513275,1005.46625,0.48019522,3.316438,0.7011863,84.79315,0.0
2022-08-22 00:00:00,27.529144,23.857452,1003.365,2.541401,0.42018318,0.22737491,80.42892,0.0
2022-08-22 06:00:00,33.579865,23.59671,1004.5175,4.050271,0.369691,0.38248086,56.001556,0.0028603245
2022-08-22 12:00:00,30.693756,24.50467,1002.7825,1.8509109,3.1070232,0.69055414,69.62821,0.10819455
2022-08-22 18:00:00,27.045807,23.383514,1007.01935,3.3550177,2.0354602,1.0,80.41138,0.0
2022-08-23 00:00:00,26.215729,24.120392,1004.64374,3.2670374,2.5038207,0.98999023,88.269646,0.0
2022-08-23 06:00:00,32.99832,23.904755,1004.46436,4.196498,1.1047316,1.0000001,58.94129,0.072865285
2022-08-23 12:00:00,30.977203,25.865143,1003.3631,0.05242443,0.8702072,0.99219483,74.29071,0.70487845
2022-08-23 18:00:00,26.632172,22.597198,1007.47064,1.1139975,2.1041365,0.94355756,78.56211,0.0
2022-08-24 00:00:00,25.636932,23.632477,1006.0569,2.9499273,0.024830818,0.9499951,88.70641,0.0
2022-08-24 06:00:00,30.480988,23.950073,1007.07623,3.2943764,-1.7386551,0.9304199,68.17552,0.05348237
2022-08-24 12:00:00,29.455841,24.885895,1004.0525,1.2037796,0.11212784,0.7157282,76.480934,1.515749
2022-08-24 18:00:00,28.208221,21.285614,1006.3663,3.5928564,0.40979612,0.6555299,66.127174,0.0
2022-08-25 00:00:00,26.353577,22.241669,1004.75,1.8564377,0.3902979,0.7745007,78.15583,0.0
2022-08-25 06:00:00,32.23404,23.279144,1006.13873,1.5707254,-0.87234974,0.9009834,59.25984,0.008964911
2022-08-25 12:00:00,29.212006,25.118927,1003.0625,0.748827,1.6211917,0.6496459,78.650536,1.717044
2022-08-25 18:00:00,26.55655,24.117401,1005.53125,2.898798,0.2967863,0.899237,86.49658,0.0
2022-08-26 00:00:00,25.888275,23.74582,1003.65063,2.0945253,-0.5220318,0.9804918,87.99287,0.0073462725
2022-08-26 06:00:00,32.39737,24.255035,1004.98627,-0.3659439,-1.6556988,0.9384935,62.266766,0.07323921
2022-08-26 12:00:00,29.768768,24.512848,1002.7481,-0.83167076,2.4450312,0.9987186,73.45831,0.0
2022-08-26 18:00:00,25.09732,23.905762,1006.5806,3.0612028,1.7896941,1.0,93.117455,2.0034971
2022-08-27 00:00:00,25.086945,23.60141,1004.165,2.3867407,1.1318837,0.98115575,91.48396,0.0
2022-08-27 06:00:00,30.852936,23.97522,1005.22876,2.4999504,0.38459492,0.93990177,66.8418,0.13265014
2022-08-27 12:00:00,29.376373,25.516266,1002.2944,-0.5234766,2.6149793,0.99999994,79.77059,2.9216409
2022-08-27 18:00:00,26.478424,24.69815,1005.8269,2.1082113,1.5470219,1.0,89.97121,0.0
2022-08-28 00:00:00,26.075714,23.056793,1003.9456,1.4764442,-0.029099464,0.6541949,83.47823,0.0010486692
2022-08-28 06:00:00,31.668121,23.961212,1005.3031,0.8714899,0.54991245,0.71023315,63.75688,0.122061715
2022-08-28 12:00:00,28.830963,24.915924,1001.7625,-1.7064056,1.4333752,0.6744789,79.43698,3.5848947
2022-08-28 18:00:00,26.155487,24.678986,1005.84436,1.4817163,0.77814573,0.98089653,91.598114,0.0
2022-08-29 00:00:00,25.65097,24.218933,1004.4406,1.1742672,0.6891585,0.5458593,91.81239,0.0
2022-08-29 06:00:00,31.654816,25.190521,1006.39435,1.1095738,-1.2144527,0.2898913,68.67322,0.025366124
2022-08-29 12:00:00,29.472382,24.917511,1003.1325,-2.1909714,1.1273882,0.30615976,76.55226,0.0
2022-08-29 18:00:00,27.577667,24.81076,1005.9869,0.16375542,1.3209367,0.45012987,84.915535,0.079801425
2022-08-30 00:00:00,27.125702,24.812073,1004.8875,0.054972827,0.5965328,0.36279213,87.20103,0.0
2022-08-30 06:00:00,31.878448,25.77298,1006.6769,-0.8946152,-0.07987118,0.3739168,70.19502,0.02964463
2022-08-30 12:00:00,30.8956,24.978851,1003.225,-2.7538033,-0.43016338,0.37571943,70.80758,0.0
2022-08-30 18:00:00,27.561005,24.728638,1006.59875,-1.2432222,0.80384827,0.5340227,84.58249,0.3721635
2022-08-31 00:00:00,25.835999,24.362885,1004.8625,1.0615635,0.49219948,0.9446789,91.59752,0.0
2022-08-31 06:00:00,29.871368,25.070953,1006.4294,-1.5958548,-0.2533883,0.9953372,75.50074,0.04606083
2022-08-31 12:00:00,27.768036,24.582428,1003.92065,-0.13066483,-0.4748993,0.9955072,82.8379,0.5234079
2022-08-31 18:00:00,25.95102,24.515106,1006.1325,0.3213892,1.1752244,0.9870185,91.8086,0.0
2022-09-01 00:00:00,25.285706,24.070496,1004.5775,0.59449154,-0.6250801,0.9576359,92.99465,0.09365973
2022-09-01 06:00:00,26.908325,24.993774,1006.71313,0.9944416,-0.6236925,1.0,89.284225,0.6657305
2022-09-01 12:00:00,27.493195,24.989716,1004.01373,-0.9408417,0.4751289,1.0000004,86.252335,0.0
2022-09-01 18:00:00,25.54892,24.50296,1006.71625,0.87351483,0.94254947,0.91560286,93.95535,0.0
2022-09-02 00:00:00,25.962921,24.289795,1005.9913,0.49564278,-0.04924333,0.64353067,90.51431,0.0
2022-09-02 06:00:00,30.173248,25.353577,1007.22314,0.114783764,1.6762428,0.6200136,75.46157,0.03727243
2022-09-02 12:00:00,30.482758,24.851013,1004.9963,-0.29102707,1.8704677,0.4891671,71.94783,0.07054769
2022-09-02 18:00:00,27.529175,24.41446,1006.5594,1.5039545,3.4900289,0.34423524,83.16254,0.0
2022-09-03 00:00:00,26.897125,24.004517,1005.9869,1.8086483,1.6704302,0.18230516,84.207214,0.0
2022-09-03 06:00:00,31.99759,24.523132,1006.6575,0.9725072,1.2177107,0.8259036,64.72137,0.1218686
2022-09-03 12:00:00,31.514679,24.54367,1003.3744,-0.12118912,3.6299353,0.9921176,66.60059,0.0
2022-09-03 18:00:00,28.07193,25.389435,1006.47565,1.0158174,3.135933,0.97230905,85.394,0.030219555
2022-09-04 00:00:00,26.876373,25.249542,1005.16626,0.9815406,1.4643089,0.7139762,90.825386,0.0
2022-09-04 06:00:00,33.152496,25.22049,1005.33185,1.4636116,0.60291916,0.3131817,63.21766,0.04673014
2022-09-04 12:00:00,31.456451,25.634094,1002.47186,-0.7229643,2.7711492,0.4566536,71.30698,0.0
2022-09-04 18:00:00,26.487854,24.989532,1007.3806,1.9756899,2.3516195,0.7240711,91.49886,1.548553
2022-09-05 00:00:00,26.082306,24.314728,1005.53125,1.7144918,-0.053453445,0.16499639,90.011566,0.0
2022-09-05 06:00:00,32.02957,24.763306,1006.0225,0.11877352,0.37242568,0.7147463,65.538536,0.14885737
2022-09-05 12:00:00,29.781586,25.436584,1002.45123,-0.18554592,3.6579504,0.6430278,77.561104,0.77662396
2022-09-05 18:00:00,26.920593,24.891632,1006.0112,1.304796,1.2530651,1.0000002,88.67793,0.013665736
2022-09-06 00:00:00,27.399323,24.861572,1003.65375,1.6243129,0.54334944,0.96805555,86.06726,0.0
2022-09-06 06:00:00,32.075714,25.05783,1005.355,1.8675117,1.4258603,0.9501377,66.526344,0.06655655
2022-09-06 12:00:00,30.014862,24.614288,1002.6756,0.77127624,4.2638135,0.74144465,72.8669,0.14024177
2022-09-06 18:00:00,26.760773,24.496674,1005.6925,1.6180389,1.9499903,0.99469227,87.42737,0.0
2022-09-07 00:00:00,26.552155,23.085663,1004.5506,2.3607388,0.76237917,1.0,81.30458,0.0
2022-09-07 06:00:00,30.424591,23.540924,1006.3025,2.7776175,1.6831007,1.0,66.73241,0.002289191
2022-09-07 12:00:00,29.673187,24.336517,1003.64435,0.66332644,2.5578449,1.0,73.08788,0.0
2022-09-07 18:00:00,27.386688,22.99881,1006.45935,3.3013382,0.018084407,1.0,77.00835,0.0055188276
2022-09-08 00:00:00,26.834442,22.661621,1005.10315,3.2168927,0.99362016,1.0,77.9365,0.083071426
2022-09-08 06:00:00,31.331573,23.41513,1005.47565,4.2761793,1.5031147,0.9980223,62.88604,0.0
2022-09-08 12:00:00,30.512177,23.815826,1002.91626,0.9702722,1.5706786,1.0,67.506805,0.0
2022-09-08 18:00:00,27.819305,26.092804,1004.86127,0.98328495,3.25916,0.9852343,90.3524,0.0
2022-09-09 00:00:00,27.403412,23.153473,1003.8606,3.029333,1.1311951,0.92866623,77.65605,0.014588237
2022-09-09 06:00:00,32.80313,23.700592,1005.72626,3.0121756,1.9946071,0.7864089,58.864635,0.0
2022-09-09 12:00:00,31.29776,24.761993,1001.8819,1.8712733,3.709188,0.5454826,68.31305,0.046736795
2022-09-09 18:00:00,28.478119,26.36966,1005.23627,1.7569723,1.7362711,0.47197336,88.384834,0.0
2022-09-10 00:00:00,27.592133,22.64444,1004.2975,2.6492023,1.7267063,0.8872997,74.47125,0.0
2022-09-10 06:00:00,32.863556,23.419434,1005.64185,3.2886162,2.3513942,1.0,57.679104,0.0
2022-09-10 12:00:00,31.445953,23.993256,1002.0706,1.9315295,3.366903,1.0,64.691086,0.025379706
2022-09-10 18:00:00,28.662506,24.46463,1005.5625,2.553194,1.2469547,0.9453749,78.08231,0.0
2022-09-11 00:00:00,27.27121,22.417084,1004.21936,2.7711382,1.669065,0.9973014,74.843254,0.0
2022-09-11 06:00:00,32.80655,23.412964,1005.4844,4.132305,2.925394,1.0000001,57.841873,0.0
2022-09-11 12:00:00,32.29532,23.761993,1002.15436,1.4120165,3.9332871,0.75433177,60.79924,0.0
2022-09-11 18:00:00,28.169647,25.575958,1005.4444,1.5236754,2.1736135,0.9899583,85.855354,0.011648983
2022-09-12 00:00:00,27.135773,22.525726,1003.9363,2.2628412,1.979604,0.92433316,75.93985,0.0
2022-09-12 06:00:00,33.51834,23.207428,1004.84686,2.9732733,2.6535747,0.888322,54.89022,0.0
2022-09-12 12:00:00,32.534454,23.842682,1002.6175,0.39816093,4.932059,0.95982385,60.27581,0.0026728958
2022-09-12 18:00:00,27.929657,25.90628,1006.40314,1.2001125,3.439248,0.98599684,88.78686,0.0
2022-09-13 00:00:00,27.484222,23.898346,1005.9575,2.1236658,1.4403042,0.70886415,80.83917,0.0
2022-09-13 06:00:00,33.393707,23.251556,1007.235,2.842453,1.8228078,0.10758953,55.422455,0.012971461
2022-09-13 12:00:00,31.360992,24.44577,1004.70874,0.13784409,4.432391,0.37881368,66.79265,0.0
2022-09-13 18:00:00,27.685425,25.490753,1007.78564,0.82947063,4.1095686,0.087024786,87.869576,0.0
2022-09-14 00:00:00,27.388824,25.549042,1007.9456,1.3876123,2.1748295,0.97286534,89.71784,0.0010505319
2022-09-14 06:00:00,32.960358,24.630646,1009.0644,1.1168616,2.3842278,0.9167609,61.69439,0.02670254
2022-09-14 12:00:00,31.635529,24.852997,1006.3931,0.32684898,4.111843,0.27081096,67.37902,0.0
2022-09-14 18:00:00,27.821564,24.97284,1009.85126,1.8416978,3.5757132,0.54529756,84.52738,0.0
2022-09-15 00:00:00,27.26175,24.809723,1008.6125,1.7030716,1.8600745,0.4464051,86.495766,0.0
2022-09-15 06:00:00,33.081085,23.18222,1009.75,1.6029922,2.0140302,0.2759248,56.16756,0.0
2022-09-15 12:00:00,31.443146,24.381622,1006.28937,-0.75035477,2.977542,0.22178726,66.2264,0.00019185245
2022-09-15 18:00:00,27.69986,25.464142,1008.89,1.3004982,2.3704357,0.9221518,87.656815,0.0
2022-09-16 00:00:00,27.72879,23.779327,1007.6,1.9033618,1.8052002,0.9135477,79.12283,0.0
2022-09-16 06:00:00,33.457672,22.535065,1007.5975,1.4785347,1.0205212,0.89931875,52.87875,0.011634082
2022-09-16 12:00:00,31.836823,24.36905,1004.02313,-0.39721203,3.3980742,0.36915582,64.71384,0.0
2022-09-16 18:00:00,28.18103,25.397186,1006.66376,1.237556,3.6308336,0.9260651,84.89207,0.0
2022-09-17 00:00:00,28.202118,24.894623,1006.62,1.8228712,2.7222147,0.9539437,82.28769,0.00019185245
2022-09-17 06:00:00,33.16861,23.825653,1007.46686,2.2879152,1.9560497,0.77658945,58.103054,0.05912967
2022-09-17 12:00:00,31.1492,25.215546,1004.7569,0.21205634,3.4911432,0.97132,70.78201,0.0
2022-09-17 18:00:00,28.171112,26.118927,1006.8275,1.3305519,3.0768123,0.99069726,88.65462,0.0
2022-09-18 00:00:00,27.87857,24.56076,1007.0087,1.6649871,2.444563,0.26490104,82.1984,0.0
2022-09-18 06:00:00,34.292877,23.182648,1007.3569,2.246892,0.24780643,0.38850534,52.487762,0.012205914
2022-09-18 12:00:00,30.291168,25.249847,1005.0806,-0.79354095,3.0753384,0.9980223,74.49179,0.27997607
2022-09-18 18:00:00,27.309052,24.742706,1007.525,0.9990595,3.3243752,1.0,85.91171,0.0
2022-09-19 00:00:00,27.287994,24.90445,1006.3663,1.8423016,1.8761559,1.0,86.85245,0.005241949
2022-09-19 06:00:00,33.204865,22.570465,1007.3137,2.549407,0.90205526,0.99999994,53.74923,0.0
2022-09-19 12:00:00,31.982208,23.040558,1004.3625,0.5385113,3.0163088,0.98801255,59.24955,0.0
2022-09-19 18:00:00,28.590973,26.076447,1007.0606,1.6331451,2.9410267,0.99268913,86.29939,0.0
2022-09-20 00:00:00,28.31903,24.15567,1006.09,2.3631325,1.4084415,1.0,78.19476,0.001527369
2022-09-20 06:00:00,33.077545,21.65506,1007.0475,2.0085938,0.3929698,0.95314133,51.198273,0.00018905848
2022-09-20 12:00:00,32.427155,23.133087,1003.3669,1.2241833,2.3143904,0.53939795,58.10179,0.0
2022-09-20 18:00:00,28.624115,25.309723,1007.10126,1.4558353,3.2814806,0.6979685,82.30404,0.0
2022-09-21 00:00:00,28.040436,23.382355,1006.1125,2.3469496,1.5065441,0.05948706,75.86027,0.0
2022-09-21 06:00:00,34.23233,21.40384,1006.72314,2.8103924,0.36521047,0.0690705,47.262653,0.0007628987
2022-09-21 12:00:00,32.239044,23.594269,1003.1244,-0.09749317,4.0718346,0.32675558,60.380013,0.0
2022-09-21 18:00:00,28.697174,25.216705,1007.1362,1.4641368,4.027093,0.22754163,81.5035,0.0
2022-09-22 00:00:00,28.009277,23.491608,1006.41,2.7505107,1.279602,0.19339973,76.50071,0.00047683716
2022-09-22 06:00:00,34.599762,20.53836,1006.8119,2.8488722,0.32909703,0.43844295,43.907555,0.0
2022-09-22 12:00:00,33.32254,22.232697,1004.02374,-0.43840408,2.1743474,0.5125458,52.310226,0.0
2022-09-22 18:00:00,28.870697,25.879425,1008.1238,1.2121263,3.75996,0.25764626,83.926216,0.0
2022-09-23 00:00:00,27.826996,24.089508,1006.71686,2.6366646,1.6280336,0.9222808,80.15059,0.0
2022-09-23 06:00:00,34.7034,20.657867,1007.2575,2.472415,0.076402485,0.36287194,43.978226,0.0
2022-09-23 12:00:00,32.54117,24.28775,1004.3663,-1.6317205,1.8179674,0.60353553,61.884773,0.0
2022-09-23 18:00:00,28.825256,25.276642,1007.26685,1.3887708,3.03483,0.6186616,81.18952,0.0
2022-09-24 00:00:00,28.292877,21.901398,1006.71185,2.5104933,0.31282997,0.8494071,68.32792,0.0
2022-09-24 06:00:00,34.776276,20.722015,1006.78937,2.434245,-1.7639351,0.5999065,43.974037,0.0
2022-09-24 12:00:00,33.138824,23.260284,1003.5019,-1.6116238,1.191967,0.87458676,56.2504,0.0
2022-09-24 18:00:00,28.621918,24.584137,1006.79626,0.6962414,1.8880059,0.81893975,78.82812,0.0005736947
2022-09-25 00:00:00,28.07663,22.370514,1005.0712,2.238554,1.1749353,0.80479074,71.19962,0.0
2022-09-25 06:00:00,33.790436,22.219635,1005.65,0.26329356,-1.6276712,0.22251461,50.917095,0.014782418
2022-09-25 12:00:00,31.386627,24.257782,1002.9919,-1.88624,0.6487236,0.31392473,65.94835,0.08238061
2022-09-25 18:00:00,29.332825,24.493073,1006.6069,-0.1075657,2.2282152,0.456316,75.23871,0.0
2022-09-26 00:00:00,26.110687,23.878357,1006.2981,2.4548,0.6431913,0.60227275,87.53742,0.1980058
2022-09-26 06:00:00,29.27707,22.87674,1007.7444,4.2411747,-0.4392557,0.7950946,68.48147,0.0
2022-09-26 12:00:00,29.511627,23.54422,1003.8781,2.1644363,0.10324383,0.75301445,70.3413,0.52635044
2022-09-26 18:00:00,26.425629,24.09488,1007.4475,1.2684534,2.8790755,0.61425376,87.04914,2.2954047
2022-09-27 00:00:00,25.895538,24.457062,1005.7919,2.1522884,1.272995,0.89552844,91.791275,0.0
2022-09-27 06:00:00,32.59793,22.599152,1005.66437,1.8650808,-2.0572872,0.39251426,55.713074,0.0023869798
2022-09-27 12:00:00,31.799469,24.449677,1002.535,-0.5693283,-0.042787552,0.9940409,65.16494,0.0
2022-09-27 18:00:00,29.564453,25.071442,1005.5975,-0.62406445,2.8376007,0.60749435,76.84901,0.07163617
2022-09-28 00:00:00,28.000763,24.711761,1004.1169,2.606441,3.0499434,0.6935869,82.35467,0.0
2022-09-28 06:00:00,33.15262,23.61911,1005.1219,3.3233528,0.70500517,0.5261283,57.4367,0.0
2022-09-28 12:00:00,32.73697,23.655792,1002.3713,1.1447029,1.9726642,0.41786033,58.925182,0.024229288
2022-09-28 18:00:00,26.710663,24.730927,1006.04376,1.3181373,1.3083571,0.97274643,88.92246,0.7224019
2022-09-29 00:00:00,25.892853,24.218292,1003.3306,2.336504,1.0119829,0.9592429,90.50181,0.0
2022-09-29 06:00:00,29.86087,23.554718,1004.78564,3.557619,-1.1390085,1.0,68.98428,0.0
2022-09-29 12:00:00,31.757599,24.634247,1002.3137,0.36535454,0.83560896,1.0,66.04515,0.0
2022-09-29 18:00:00,28.594086,25.444,1005.59875,1.6288464,3.7222733,0.9892051,83.108505,0.0
2022-09-30 00:00:00,27.551178,23.986908,1004.5106,3.130906,0.41236305,0.9359125,80.95276,8.940697e-05
2022-09-30 06:00:00,32.117462,22.619354,1005.96686,3.8402529,0.3897434,0.99605983,57.31586,0.0
2022-09-30 12:00:00,31.653473,22.714508,1002.6287,0.7546418,3.7513018,0.95457375,59.183716,0.0
2022-09-30 18:00:00,28.831207,24.134918,1005.71936,3.0442705,1.7812281,0.98859215,75.80919,0.0
2022-10-01 00:00:00,27.404877,21.15915,1005.1331,4.7678204,0.09846306,0.9642751,68.76756,0.0
2022-10-01 06:00:00,32.40262,21.410736,1006.21375,6.5105324,-0.2094574,0.9973389,52.392727,0.0
2022-10-01 12:00:00,32.020416,21.754059,1003.3094,3.815629,0.2951889,0.9978277,54.67348,0.19530207
2022-10-01 18:00:00,27.814423,23.64505,1005.73126,2.9001875,0.991498,1.0,78.094246,0.0
2022-10-02 00:00:00,27.69748,20.919647,1003.3187,4.4111433,0.24415684,0.89395,66.61322,0.0
2022-10-02 06:00:00,33.472443,22.030182,1005.28125,4.353195,-1.5338345,0.9919547,51.23649,0.0
2022-10-02 12:00:00,31.168,22.894928,1003.2512,-0.058357418,-1.282259,1.0000002,61.509426,0.31508505
2022-10-02 18:00:00,28.587555,22.581818,1005.1719,4.6999464,1.0618529,0.9992781,70.00787,0.0
2022-10-03 00:00:00,27.70169,22.086884,1003.6213,4.062846,0.43043643,0.99999964,71.52895,0.0
2022-10-03 06:00:00,32.97635,22.664703,1004.67126,3.6387777,-2.044901,0.9966651,54.75601,0.004576519
2022-10-03 12:00:00,32.78055,23.87796,1002.28436,0.9460006,-1.4059534,1.0,59.57187,0.116994604
2022-10-03 18:00:00,28.974823,24.667755,1005.42,1.8184128,2.163509,0.98999006,77.618996,0.0
2022-10-04 00:00:00,27.959808,22.517181,1003.42126,3.7781754,-0.36991882,1.0,72.32808,0.0
2022-10-04 06:00:00,32.492584,23.081024,1004.53186,3.2693062,-2.1154518,1.0,57.70567,0.0009536743
2022-10-04 12:00:00,32.164703,24.332306,1001.88873,-0.01818782,-0.44814682,1.0,63.383747,0.0
2022-10-04 18:00:00,29.031921,24.115265,1004.855,1.9264963,2.3871114,0.9940425,74.84476,0.0040044542
2022-10-05 00:00:00,27.478485,23.302765,1004.0037,2.4745417,1.8554473,1.0,78.016,0.08230537
2022-10-05 06:00:00,30.257538,23.431915,1004.8056,3.0310307,-1.0468292,1.0,66.93298,0.0
2022-10-05 12:00:00,31.021881,24.68045,1002.13,-0.6672821,1.0009335,1.0,69.058,0.0
2022-10-05 18:00:00,28.178528,24.125946,1005.1238,1.1717874,2.5046778,0.9980223,78.69636,0.008583069
2022-10-06 00:00:00,27.11734,24.053986,1003.85187,2.4251795,-0.039841652,0.9980222,83.37229,0.0
2022-10-06 06:00:00,31.398224,22.583588,1005.47186,1.596095,-0.5313406,0.99486107,59.573193,0.0022918684
2022-10-06 12:00:00,30.89737,23.458466,1002.59564,0.10568237,1.7405273,0.9960574,64.63037,0.0060080783
2022-10-06 18:00:00,28.276947,25.140045,1006.4487,0.6423714,2.3705814,0.6219944,83.137566,0.003144145
2022-10-07 00:00:00,27.373444,24.535065,1004.8056,1.717968,1.3734864,0.9786406,84.53232,0.0
2022-10-07 06:00:00,30.71817,23.033478,1006.3131,1.3768166,-0.5480566,0.925559,63.6403,0.0
2022-10-07 12:00:00,30.43338,23.098053,1004.02686,-1.1859694,0.71431655,1.0000001,64.93898,0.0054314733
2022-10-07 18:00:00,27.589142,24.29007,1007.03314,-0.9800377,1.8446847,0.9912772,82.25606,0.0
2022-10-08 00:00:00,26.294403,24.695038,1005.5681,0.72571087,0.42760098,0.99532306,90.936615,1.3953998
2022-10-08 06:00:00,31.802887,23.56845,1007.11,0.25464046,-0.5294237,0.89211035,61.793392,0.0
2022-10-08 12:00:00,30.038605,24.240143,1004.2919,-1.602766,-0.9170408,0.93465143,71.155495,0.0
2022-10-08 18:00:00,26.328094,24.084747,1007.17377,0.41504478,-2.735942,0.9518576,87.498405,0.14048815
2022-10-09 00:00:00,24.961426,23.73996,1006.16064,-0.05635357,-1.7545214,1.0,92.94323,0.9574157
2022-10-09 06:00:00,27.496979,23.704712,1008.185,0.8496752,-1.802556,0.99960184,79.84333,0.0
2022-10-09 12:00:00,27.29599,24.55304,1005.15314,-0.9041052,0.4243536,0.84296376,85.008224,3.456219
2022-10-09 18:00:00,25.044891,24.483337,1008.53436,1.257615,0.55507505,0.3872872,96.70164,0.0
2022-10-10 00:00:00,24.952728,23.929962,1007.85565,1.0183971,0.07738912,0.92753553,94.06024,0.0
2022-10-10 06:00:00,30.573395,25.21402,1009.1156,0.38447326,0.26642507,0.9269189,73.14117,0.058825262
2022-10-10 12:00:00,29.085663,24.66626,1006.08,-0.8529434,0.23636144,0.97123814,77.11583,0.0
2022-10-10 18:00:00,27.28189,24.717987,1009.15686,0.61470795,1.1999128,0.9352418,85.92163,0.0
2022-10-11 00:00:00,25.726227,24.115082,1007.5694,0.486755,0.47558606,0.45474702,90.835724,0.0
2022-10-11 06:00:00,30.347198,25.007599,1009.09875,-1.2997341,0.82450503,0.695654,73.18916,0.20970987
2022-10-11 12:00:00,29.832672,24.727753,1005.5031,-1.3335991,2.1663423,0.08988072,74.135185,0.0
2022-10-11 18:00:00,27.162872,25.206635,1008.3525,0.1945219,2.362779,0.20805562,89.082054,0.018140074
2022-10-12 00:00:00,26.060944,24.272064,1007.8762,-0.3226719,1.1280792,0.773531,89.89521,0.0
2022-10-12 06:00:00,31.573029,24.672058,1009.4244,0.032381177,1.9927232,0.4082563,66.891785,0.023378294
2022-10-12 12:00:00,29.570282,25.155426,1005.6975,-1.6536636,2.036,0.26306927,77.208534,0.10138181
2022-10-12 18:00:00,27.746857,25.117798,1008.7675,-0.66016865,2.274229,0.16390955,85.633644,0.26472524
2022-10-13 00:00:00,25.805939,24.443237,1007.3281,0.7745543,0.18540096,0.3501054,92.2035,0.0
2022-10-13 06:00:00,31.313507,24.64096,1008.5719,-0.8730526,1.0389272,0.5085986,67.76001,0.031850927
2022-10-13 12:00:00,29.2706,24.32129,1005.4556,-1.8915052,1.1599658,0.3936715,74.736786,0.0
2022-10-13 18:00:00,26.852997,24.536926,1008.35815,-0.37516403,2.1182256,0.6956754,87.164055,0.0
2022-10-14 00:00:00,26.245422,24.244965,1006.52686,1.2477964,0.026928902,0.7423811,88.77584,0.005148351
2022-10-14 06:00:00,31.21585,24.680756,1007.035,0.1573872,-1.185318,0.44872385,68.30004,0.047776975
2022-10-14 12:00:00,28.857635,24.757996,1004.3056,-1.7479038,-0.75464535,0.63347983,78.57011,0.4312134
2022-10-14 18:00:00,25.457062,24.53128,1007.4944,0.6151619,0.59537506,0.9967405,94.62963,2.5674536
2022-10-15 00:00:00,25.512848,23.865387,1005.7413,1.227262,-1.2457418,0.8944304,90.62372,0.0
2022-10-15 06:00:00,32.05008,24.83377,1006.42377,-0.19963914,-0.8762369,0.5588922,65.73851,0.0
2022-10-15 12:00:00,30.257782,24.652374,1004.005,-1.6811676,0.55386543,0.17450929,72.02173,0.0
2022-10-15 18:00:00,26.217072,25.069458,1007.33813,0.38507175,1.8865246,0.3343346,93.417046,0.11509152
2022-10-16 00:00:00,26.171082,24.63321,1006.35565,0.7978664,-0.17240524,0.7229292,91.26363,0.0
2022-10-16 06:00:00,30.57425,25.58548,1008.59814,0.53797203,1.3269978,0.6570161,74.77053,0.14047539
2022-10-16 12:00:00,29.602203,25.848907,1006.71436,-0.75525,1.294605,0.8194824,80.30747,0.9545956
2022-10-16 18:00:00,26.910583,25.173676,1010.28937,-0.36809355,1.8464193,0.72096145,90.23446,0.0
2022-10-17 00:00:00,26.10849,24.53769,1009.085,0.802688,0.081790924,0.98044443,91.080185,0.0
2022-10-17 06:00:00,29.928864,26.152802,1010.4475,-1.7432871,0.7675679,0.9980225,80.241844,0.033728324
2022-10-17 12:00:00,29.319214,24.69281,1007.6625,-0.5986433,1.6795914,0.99793136,76.202705,0.0
2022-10-17 18:00:00,27.089203,24.684326,1010.20123,0.95369714,0.98588157,0.98825043,86.72374,0.0
2022-10-18 00:00:00,26.328552,24.270294,1008.9519,1.5921483,0.78257406,1.000001,88.47537,0.0
2022-10-18 06:00:00,32.231964,25.001099,1009.2656,2.2352915,-1.2519617,0.9183778,65.71837,0.014592687
2022-10-18 12:00:00,27.924103,25.364502,1007.22687,0.12061882,2.3960004,0.99634814,86.00568,0.4536167
2022-10-18 18:00:00,25.74582,24.432526,1009.23065,1.6104488,-1.0581713,0.9910465,92.47334,0.0
2022-10-19 00:00:00,25.480652,24.196411,1008.08,2.14776,-0.27687073,0.984291,92.62028,0.0
2022-10-19 06:00:00,31.674591,24.971527,1008.90625,1.4421834,-1.8182182,0.97838724,67.70689,0.0
2022-10-19 12:00:00,27.727875,25.151703,1006.4575,-1.2227945,0.98982906,0.8431668,85.90196,2.184087
2022-10-19 18:00:00,25.277924,23.852264,1009.77,2.462041,-0.6323652,0.9568551,91.8257,0.0
2022-10-20 00:00:00,25.48117,23.654572,1007.96063,0.7652012,-1.6960039,0.9172532,89.64983,0.0
2022-10-20 06:00:00,30.960724,24.512054,1009.2,-0.3171606,-2.579033,0.9957647,68.604965,0.09844018
2022-10-20 12:00:00,28.859344,25.067993,1007.1375,-1.0175104,-0.49545002,0.9564951,80.028824,0.0
2022-10-20 18:00:00,26.152557,24.578033,1010.1806,-0.0062818527,-1.2696629,0.9652578,91.062706,0.19176884
2022-10-21 00:00:00,24.863007,23.735199,1009.0594,1.268918,-1.5260181,0.9866704,93.46384,0.4580165
2022-10-21 06:00:00,27.092255,24.33319,1011.1425,-0.5563469,-2.5680132,1.0,84.90527,0.27164996
2022-10-21 12:00:00,27.258636,25.152771,1008.5594,-1.2828035,-0.9241104,0.85962605,88.29949,2.5192688
2022-10-21 18:00:00,25.76767,24.634125,1011.1344,1.1340418,-0.72165394,0.9806036,93.474304,0.0
2022-10-22 00:00:00,26.125763,24.162537,1009.0775,0.9252558,-2.8373766,0.96187645,88.96499,0.0
2022-10-22 06:00:00,31.241974,24.97287,1010.78186,-0.7432947,-4.6713505,0.869292,69.39827,0.010008294
2022-10-22 12:00:00,28.159454,25.009796,1007.9331,-0.9158783,-2.7453594,0.9999978,83.06101,0.47319373
2022-10-22 18:00:00,26.784393,24.938568,1010.84436,-0.49930096,-2.4852467,0.999995,89.64173,0.0
2022-10-23 00:00:00,25.999786,24.084412,1008.6725,1.8015171,-1.3916092,0.8262368,89.21115,0.0
2022-10-23 06:00:00,30.907745,23.139374,1010.0606,0.58788455,-3.6625366,0.5563788,63.35942,0.0
2022-10-23 12:00:00,30.206024,24.07901,1007.3894,-0.5428076,0.72217464,0.74272615,69.79685,0.0
2022-10-23 18:00:00,27.529388,24.927094,1009.105,1.1074414,2.8216543,0.5025627,85.749,0.0056335703
2022-10-24 00:00:00,26.409271,25.268463,1007.2381,2.2517838,0.6955928,0.9274899,93.463974,0.0
2022-10-24 06:00:00,31.505646,23.258331,1009.0012,1.0347259,-1.8105335,0.2434805,61.68,0.008776784
2022-10-24 12:00:00,30.30185,21.897858,1005.97314,-1.6563377,0.46727687,0.40067053,60.829323,0.0
2022-10-24 18:00:00,27.135101,25.120026,1008.4963,0.3928213,2.51321,0.8870199,88.76832,0.0
2022-10-25 00:00:00,25.96756,24.75772,1007.8162,1.426614,0.5825815,0.050316423,93.05877,9.685755e-05
2022-10-25 06:00:00,31.525421,23.366608,1009.2944,0.22934735,-1.1558638,0.42321175,62.01483,0.026894733
2022-10-25 12:00:00,30.702911,22.334259,1007.1956,-1.918993,0.14478874,0.5788213,61.050446,0.0
2022-10-25 18:00:00,26.820526,23.661774,1010.2681,-1.6414394,1.111621,0.10948181,82.8615,0.0
2022-10-26 00:00:00,26.198212,23.21286,1009.65686,-0.102083206,-0.27897167,0.033273064,83.66158,9.685755e-05
2022-10-26 06:00:00,31.089508,22.49649,1011.07935,-1.5879583,-1.1408949,0.35834938,60.30976,0.0
2022-10-26 12:00:00,30.059296,21.882233,1007.9925,-2.978219,-1.3497486,0.47292048,61.623077,0.0
2022-10-26 18:00:00,26.526886,21.215485,1010.58,-2.3368149,-1.5129128,0.3611396,72.65897,0.0
2022-10-27 00:00:00,24.863678,20.452911,1009.39935,0.31416988,-2.0141506,0.13639058,76.51728,0.0
2022-10-27 06:00:00,30.782745,20.231964,1010.445,-1.0222082,-2.9979525,0.046606235,53.423058,0.0
2022-10-27 12:00:00,29.723053,22.109955,1007.4925,-1.8706036,-1.6729355,0.002960205,63.704723,0.0
2022-10-27 18:00:00,26.655731,23.835968,1009.76685,-0.4888897,-2.4737062,0.099298075,84.55087,0.024721026
2022-10-28 00:00:00,26.006989,24.168976,1008.52124,0.07951069,-2.2300186,0.27306312,89.626816,0.01592189
2022-10-28 06:00:00,31.034088,23.211945,1008.96185,-3.3143291,-2.92315,0.32478318,63.18088,0.011328608
2022-10-28 12:00:00,29.459991,22.163422,1006.2488,-2.59976,-1.1560574,0.0018997192,64.888885,0.0
2022-10-28 18:00:00,26.07254,23.79248,1009.1675,-1.3741245,-2.718113,0.47109294,87.283134,0.11818111
2022-10-29 00:00:00,25.780304,23.881256,1008.21814,0.15944672,-2.8795977,1.0000006,89.28202,0.076553196
2022-10-29 06:00:00,28.165985,25.306854,1009.4331,0.5156174,-3.7506704,0.99731064,84.51131,0.0
2022-10-29 12:00:00,26.921844,24.95868,1007.2625,-1.3281326,-2.4642897,0.93468356,89.02682,0.30725658
2022-10-29 18:00:00,24.937195,23.983582,1009.59125,-0.9591503,-2.288371,0.7519016,94.451256,0.3027409
2022-10-30 00:00:00,24.613434,23.581757,1008.3906,0.4055214,-2.4303799,0.8745271,93.99511,0.0
2022-10-30 06:00:00,29.661285,25.066132,1009.2606,-1.4277287,-4.0135756,0.5292993,76.39725,0.0
2022-10-30 12:00:00,28.584015,23.204437,1006.60187,-2.397213,-3.6658096,0.9900158,72.7134,0.0
2022-10-30 18:00:00,25.963593,23.829376,1009.2488,-0.3082161,-2.9210863,0.9939706,88.042816,0.42856988
2022-10-31 00:00:00,25.34665,23.081024,1007.9,-0.2375536,-3.2319412,1.0,87.294754,0.0
2022-10-31 06:00:00,28.072784,24.131989,1008.1856,0.22756577,-5.5360126,0.9991095,79.21136,0.34570694
2022-10-31 12:00:00,26.372345,24.527618,1007.1719,-1.1389704,-4.2519197,0.9992787,89.6175,0.0020599961
2022-10-31 18:00:00,25.156494,23.895294,1008.9469,0.4556923,-3.8908415,1.0000002,92.731415,0.19490868
2022-11-01 00:00:00,24.465637,23.07431,1007.8856,1.85777,-3.761733,1.0,91.968765,7.5530906
2022-11-01 06:00:00,24.816376,23.774658,1009.46375,1.3748484,-3.190462,1.0,93.947205,0.0
2022-11-01 12:00:00,24.993317,23.824371,1007.9506,0.8770323,-3.1049318,1.0,93.23902,0.0
2022-11-01 18:00:00,24.066437,23.452515,1010.08124,0.39482403,-2.7776995,1.0,96.37296,0.0
2022-11-02 00:00:00,23.9169,22.64029,1008.3475,0.23303121,-3.4197798,0.98872304,92.57956,0.0
2022-11-02 06:00:00,28.100006,23.299286,1009.4338,0.33479428,-3.386385,0.98416036,75.21921,0.13634625
2022-11-02 12:00:00,26.69925,23.105713,1006.8031,-0.77321815,-2.7279606,0.9835858,80.70095,0.0
2022-11-02 18:00:00,24.529083,22.804718,1008.91376,0.23604584,-1.9826345,0.98832476,90.136795,0.19395056
2022-11-03 00:00:00,23.809235,22.875854,1007.1125,0.41985512,-1.5536699,0.994282,94.52132,0.0
2022-11-03 06:00:00,28.617828,25.127533,1009.16626,-0.97254276,-1.6911793,0.9987187,81.44601,0.1535936
2022-11-03 12:00:00,25.704468,24.42157,1007.3806,-2.204997,-1.2061672,0.9999999,92.63958,1.397954
2022-11-03 18:00:00,24.765839,24.225494,1009.9375,-1.6974201,-1.0505543,1.0,96.817924,0.40940547
2022-11-04 00:00:00,24.881561,23.685547,1008.8656,-0.4467144,-2.48026,0.9964128,93.08176,0.0
2022-11-04 06:00:00,27.02475,24.459412,1010.3144,-1.4227619,-2.516101,0.99999803,85.88931,1.189123
2022-11-04 12:00:00,25.638336,24.08551,1009.0925,-2.0694008,-1.6124763,1.0,91.14861,0.0
2022-11-04 18:00:00,24.94522,24.045258,1011.6188,-0.4672308,-1.6401911,0.9912148,94.75642,0.0
2022-11-05 00:00:00,24.781342,23.571747,1010.22186,-0.8746176,-2.5736551,0.7494881,93.0006,0.0
2022-11-05 06:00:00,29.68814,25.577728,1012.1744,-1.9824743,-2.6392784,0.9052634,78.63597,0.07605243
2022-11-05 12:00:00,27.921478,24.704254,1009.7469,-2.3226404,-2.6874323,0.918621,82.69927,0.0
2022-11-05 18:00:00,25.284271,24.019379,1012.5694,-1.4572201,-2.461506,1.0000031,92.71755,0.079027236
2022-11-06 00:00:00,25.113098,23.858765,1010.9219,-0.94832325,-2.31427,0.9966553,92.76749,0.16678038
2022-11-06 06:00:00,29.070282,25.95462,1012.1075,-1.1841888,-3.1189976,0.98857164,83.33227,0.0
2022-11-06 12:00:00,25.914673,24.279144,1010.4556,-2.1431189,-2.9002094,1.0000001,90.71529,0.9988384
2022-11-06 18:00:00,24.863312,24.21048,1012.27563,-1.190217,-2.6526775,0.9735896,96.16949,0.0
2022-11-07 00:00:00,25.058685,23.755798,1010.2375,0.41300964,-2.9495583,0.9216319,92.49404,0.0
2022-11-07 06:00:00,29.254303,24.604523,1012.25,-1.830698,-3.8331223,0.9612117,76.08631,0.06550115
2022-11-07 12:00:00,28.335663,24.091766,1009.1369,-1.7512007,-2.7822304,0.68802404,77.82016,0.0
2022-11-07 18:00:00,25.593018,24.502228,1011.6956,-2.0832815,-2.2989426,0.98814845,93.70557,0.0
2022-11-08 00:00:00,25.086426,23.48645,1009.5144,0.2956419,-2.7045145,1.0,90.85505,0.18373701
2022-11-08 06:00:00,27.756989,25.586884,1011.78436,-1.4239931,-3.6247387,1.0000005,88.003876,0.11672512
2022-11-08 12:00:00,27.2258,24.23935,1008.85315,-1.2165794,-3.715973,0.9969103,83.77006,0.0
2022-11-08 18:00:00,25.653595,23.827667,1010.8569,-1.2444239,-3.275074,0.9999998,89.66603,0.0
2022-11-09 00:00:00,24.846588,23.70047,1009.03375,0.6162901,-3.3650436,0.99999994,93.3601,0.024054497
2022-11-09 06:00:00,28.860992,24.241425,1010.6975,-1.648654,-4.4403315,0.9999999,76.163475,0.19451438
2022-11-09 12:00:00,27.529144,24.058777,1008.6287,-1.6113615,-3.4756432,0.9829465,81.40783,0.0
2022-11-09 18:00:00,25.311554,24.10965,1010.21375,-0.7573147,-3.2496557,0.9400146,93.07026,0.04714355
2022-11-10 00:00:00,25.402374,23.785065,1009.1894,0.11953926,-3.8437605,0.97322077,90.780876,0.0
2022-11-10 06:00:00,29.950592,23.99411,1009.89185,-1.2670631,-4.5184774,0.86849207,70.467995,0.0053183287
2022-11-10 12:00:00,28.372955,23.884277,1007.4,-0.85088825,-3.7671404,0.9932175,76.68967,0.0
2022-11-10 18:00:00,25.196136,23.209808,1009.4375,0.34622955,-4.727003,1.0000001,88.76851,0.14246692
2022-11-11 00:00:00,23.434723,22.769684,1007.65375,1.5678663,-5.257386,1.0,96.05793,1.2346567
2022-11-11 06:00:00,24.016937,23.578339,1008.8781,2.8493223,-5.479167,1.0,97.39587,1.1613531
2022-11-11 12:00:00,24.345123,23.58841,1006.3306,2.9043264,-4.7330303,1.0,95.55513,0.7946398
2022-11-11 18:00:00,24.205658,23.305756,1007.66437,-0.2212162,-2.5526066,0.99659896,94.728455,0.0
2022-11-12 00:00:00,24.663727,24.233429,1006.20685,1.9699488,-0.019158363,0.9999998,97.456795,0.0
2022-11-12 06:00:00,27.865326,25.072052,1009.515,2.2904701,0.17476177,0.9980223,84.81184,0.0
2022-11-12 12:00:00,27.954498,24.999176,1006.8306,-1.0594358,0.58046246,0.85092264,84.00599,0.0
2022-11-12 18:00:00,25.475983,24.24881,1010.0225,-1.2768097,-0.011417389,0.4444912,92.937584,0.0
2022-11-13 00:00:00,24.639618,23.364868,1008.56,-1.1818008,-1.2876444,0.9049286,92.62856,0.21508022
2022-11-13 06:00:00,26.991913,25.441376,1010.665,-1.5053892,-1.7614822,0.99713165,91.24578,0.0
2022-11-13 12:00:00,26.842194,24.671783,1008.5731,-1.3211489,-1.9214506,0.9912715,87.92563,0.0
2022-11-13 18:00:00,24.909271,23.75,1011.2544,-0.53825283,-1.781311,1.0,93.289246,0.0
2022-11-14 00:00:00,24.52591,23.634491,1009.3594,-0.42595768,-3.276371,1.0000001,94.78916,0.0
2022-11-14 06:00:00,28.397797,25.943024,1010.9925,-2.213853,-2.0906897,0.9455545,86.58704,0.08306887
2022-11-14 12:00:00,27.228943,24.711945,1009.20123,-2.1210012,-2.1907291,0.984009,86.157646,0.09275756
2022-11-14 18:00:00,24.801788,23.819946,1012.045,-1.1260672,-2.0788174,0.99960345,94.2856,0.2744152
2022-11-15 00:00:00,24.401398,23.553009,1011.0613,-0.022137642,-2.042716,0.9331272,95.03062,0.0
2022-11-15 06:00:00,29.092804,25.629303,1012.1725,-0.8018074,-2.4030619,0.9089554,81.6344,0.0
2022-11-15 12:00:00,27.654907,24.145844,1009.0012,-1.0019588,-1.7016516,0.4729063,81.23466,0.0
2022-11-15 18:00:00,25.710297,23.418732,1010.7275,-0.46516132,-2.6224527,0.40316796,87.19044,0.0
2022-11-16 00:00:00,24.900665,23.082703,1009.33435,0.27699757,-2.5827208,0.1797922,89.65403,0.009443378
2022-11-16 06:00:00,29.319672,24.1846,1010.7081,-1.1490622,-3.3928995,0.9620183,73.91698,0.108227134
2022-11-16 12:00:00,27.864716,22.543488,1007.7275,-2.4089212,-2.5843706,0.1688009,72.84681,0.0
2022-11-16 18:00:00,25.545013,22.473846,1010.0206,-1.5245504,-2.3993874,0.4144876,83.15393,0.0
2022-11-17 00:00:00,23.934235,21.976898,1008.8113,1.1297207,-2.4616585,0.88618624,88.82491,0.0
2022-11-17 06:00:00,29.020782,20.443634,1009.8731,-1.0762024,-4.4043713,0.92455935,59.89705,0.0
2022-11-17 12:00:00,27.487793,21.070251,1008.125,-1.6071987,-2.2570448,0.9999997,68.0621,0.0
2022-11-17 18:00:00,24.887238,21.212982,1009.8063,-1.2092047,-2.7037077,1.0,80.06751,0.0
2022-11-18 00:00:00,23.334381,20.632782,1008.48,0.49280876,-3.6587667,0.9950497,84.80913,0.0
2022-11-18 06:00:00,29.401093,20.85672,1010.225,-0.89676,-4.597789,1.0000012,60.10523,0.0
2022-11-18 12:00:00,28.192535,21.798431,1008.23,-1.4542522,-3.1141653,1.0,68.29749,0.0
2022-11-18 18:00:00,25.589264,21.455719,1010.3425,-0.84590626,-4.628503,0.9720448,77.941986,0.0
2022-11-19 00:00:00,24.53897,21.318634,1009.21,1.0145335,-4.533757,1.0000002,82.282425,9.49949e-05
2022-11-19 06:00:00,28.371796,21.484772,1009.8775,-0.4229641,-5.098669,1.0,66.30487,0.0
2022-11-19 12:00:00,27.970886,21.40445,1007.47626,-1.9153652,-3.3693066,1.0,67.53809,0.0
2022-11-19 18:00:00,25.341095,20.544952,1008.98126,0.048000336,-3.7199993,1.0,74.794945,0.0
2022-11-20 00:00:00,23.278107,20.13089,1007.8144,0.9264569,-4.0794334,1.0,82.50169,0.0
2022-11-20 06:00:00,28.152618,19.040558,1008.70685,0.98124844,-4.5054493,1.0,57.742603,0.0
2022-11-20 12:00:00,27.298218,20.003876,1005.65375,-0.17943478,-2.1082296,0.7619564,64.44246,0.0
2022-11-20 18:00:00,23.957428,19.308807,1007.8094,0.08446121,-2.529047,0.98844075,75.25567,0.0
2022-11-21 00:00:00,22.203522,18.938782,1007.01935,0.8547666,-2.4321337,0.9385905,81.770485,0.0
2022-11-21 06:00:00,29.87027,19.265411,1007.9225,2.9514132,-0.6868973,0.1463346,53.015953,0.0
2022-11-21 12:00:00,29.05014,21.741241,1005.89685,-1.0611105,-1.5751705,0.3752175,64.754364,0.0
2022-11-21 18:00:00,24.190704,21.081207,1008.0712,0.55065536,-2.0703201,0.016686544,82.80221,0.0
2022-11-22 00:00:00,23.499786,20.955719,1007.10065,1.5993633,0.48846722,0.3268333,85.65237,0.0023841858
2022-11-22 06:00:00,29.60611,22.049408,1008.3113,2.2644033,-0.4104309,0.4377768,63.899063,0.0
2022-11-22 12:00:00,29.062347,23.740265,1005.72815,-0.6718197,0.82595825,0.3864714,73.048065,0.0
2022-11-22 18:00:00,26.056793,24.232635,1008.6919,0.9581156,1.7539277,0.074339025,89.704956,0.019662082
2022-11-23 00:00:00,24.920563,23.578217,1007.64624,2.240408,1.2491686,0.5117861,92.26693,0.0
2022-11-23 06:00:00,31.044098,22.982239,1008.6675,2.635439,0.619307,0.6450798,62.2737,0.009155338
2022-11-23 12:00:00,29.66568,24.273346,1005.9725,-0.804966,1.296668,0.78576225,72.8432,0.0
2022-11-23 18:00:00,25.67508,24.277344,1009.11,-0.7459078,1.5530322,0.590045,92.002785,0.0
2022-11-24 00:00:00,25.417877,23.825867,1007.90875,0.86737156,0.9870672,0.9256529,90.92019,0.002861023
2022-11-24 06:00:00,29.923859,23.981262,1010.0087,-1.2608557,0.8538255,0.5973823,70.52194,0.0837259
2022-11-24 12:00:00,29.059418,24.313202,1007.445,-2.0341587,0.2913038,0.9258365,75.61815,0.0
2022-11-24 18:00:00,24.82663,23.25296,1010.53625,-1.7920723,-0.82219696,0.96700877,90.98257,0.0
2022-11-25 00:00:00,24.831818,23.235107,1009.14124,-0.5388422,-1.3610134,0.9479695,90.85636,0.0018104911
2022-11-25 06:00:00,30.050812,23.290558,1011.005,-1.6573467,-0.82476807,0.6858429,67.15643,0.107662804
2022-11-25 12:00:00,28.710724,24.009369,1008.35187,-2.0609045,-0.8604021,0.39856106,75.76733,0.0
2022-11-25 18:00:00,25.199005,23.694275,1010.5119,-0.9056139,-1.3540268,0.16158247,91.38514,0.016979873
2022-11-26 00:00:00,25.923126,23.626068,1008.8806,-0.38929176,-1.5316563,0.7172332,87.18058,0.0066682696
2022-11-26 06:00:00,29.753326,24.18924,1010.145,-1.4109316,-1.5856209,0.95753163,72.11189,0.035674065
2022-11-26 12:00:00,28.36618,24.391052,1007.04126,-1.7855043,-0.9088316,0.75588304,79.0888,0.08091253
2022-11-26 18:00:00,25.64508,24.284088,1008.8119,-1.7018824,-0.8217745,0.56708294,92.20392,0.0
2022-11-27 00:00:00,25.475952,23.901306,1007.11127,-0.029960632,-1.2660074,0.6999252,91.01889,0.0027678907
2022-11-27 06:00:00,29.732819,24.984772,1008.54626,-1.4557171,-0.9005337,0.92443407,75.71508,0.096336894
2022-11-27 12:00:00,28.250336,24.160492,1005.8019,-1.8999405,0.19496822,0.4497791,78.530685,0.0
2022-11-27 18:00:00,26.090881,24.327454,1008.075,-1.343893,-0.73103714,0.5302708,90.03455,0.06484985
2022-11-28 00:00:00,25.185211,23.334656,1006.96,0.017023087,-1.115777,0.16735303,89.49861,0.0
2022-11-28 06:00:00,29.629913,25.128448,1009.185,-1.1780453,-1.0079813,0.81590015,76.82013,0.0
2022-11-28 12:00:00,28.012177,24.02121,1006.7375,-2.3801289,-0.5502415,0.3061468,78.96479,0.0
2022-11-28 18:00:00,25.967072,23.778717,1009.53314,-1.6170015,-1.151042,0.7848339,87.756836,0.0
2022-11-29 00:00:00,25.166412,22.762177,1008.53125,-0.6238127,-1.7362099,0.4692586,86.548706,0.0
2022-11-29 06:00:00,29.617645,22.804718,1009.805,-1.8825111,-3.1203527,0.92287123,66.85664,0.08811802
2022-11-29 12:00:00,27.558746,22.09549,1007.295,-3.0587301,-2.3113022,0.76780957,72.16713,0.0
2022-11-29 18:00:00,24.869476,20.86734,1010.3775,-1.73244,-2.3579102,0.21780396,78.46869,0.0
2022-11-30 00:00:00,23.23172,20.585327,1009.39124,0.19384289,-2.5250587,0.9396117,85.08741,0.0
2022-11-30 06:00:00,28.840424,22.174835,1010.2394,-1.6941605,-2.9969635,0.8662496,67.302246,9.522773e-05
2022-11-30 12:00:00,28.32306,23.847015,1007.9469,-1.8502092,-2.317603,0.2514211,76.74038,0.0025795307
2022-11-30 18:00:00,26.15805,23.979156,1010.22314,-1.3868513,-2.3140306,0.4346112,87.82307,0.08908509
2022-12-01 00:00:00,24.946716,23.99936,1009.3044,-0.84010696,-1.5647564,0.7407515,94.48712,0.02021645
2022-12-01 06:00:00,28.780426,25.483246,1010.305,-1.6122894,-1.5970716,0.6362822,82.40682,0.0
2022-12-01 12:00:00,28.354523,24.554474,1007.0106,-2.0257597,-1.6836786,0.26359814,79.92039,0.0
2022-12-01 18:00:00,25.897675,24.298523,1009.27185,-0.50732327,-1.653017,0.14005917,90.91222,0.09290433
2022-12-02 00:00:00,25.414764,23.93637,1008.26373,-0.38845253,-1.8708248,0.39776117,91.54318,0.042644173
2022-12-02 06:00:00,29.625397,25.132294,1009.82,-1.6521158,-1.8988457,0.34502578,76.85772,0.0
2022-12-02 12:00:00,28.674469,24.750397,1006.83185,-2.3420868,-1.3731155,0.70405465,79.372925,0.0
2022-12-02 18:00:00,25.90094,24.296143,1009.33124,-1.8918533,-1.9543219,0.9608773,90.881645,0.13355035
2022-12-03 00:00:00,25.375092,24.159363,1008.01373,-0.5257969,-2.002057,0.8190055,92.996284,0.019991398
2022-12-03 06:00:00,27.39627,24.235504,1009.66064,-2.1976652,-2.5646172,0.96271735,82.91815,0.91883624
2022-12-03 12:00:00,27.333435,24.806519,1007.6219,-1.2757587,-1.6135454,0.72196335,86.116615,0.0
2022-12-03 18:00:00,25.925964,24.53482,1010.33685,-1.6005669,-2.2963514,0.74911416,92.0534,0.10651013
2022-12-04 00:00:00,25.244202,24.049072,1008.51935,-0.7106676,-3.2185307,0.6603066,93.104774,0.0
2022-12-04 06:00:00,25.782867,23.561523,1010.88873,-2.1830816,-3.396865,0.903484,87.566826,2.831286
2022-12-04 12:00:00,25.283173,24.011993,1008.0075,-2.7609568,-2.473363,0.95843303,92.68251,0.0
2022-12-04 18:00:00,24.684967,23.753906,1011.27814,-1.6521482,-2.6078444,0.9288982,94.56937,0.0
2022-12-05 00:00:00,24.752106,23.504059,1009.8775,-0.3632431,-2.0700846,0.905568,92.783806,0.0
2022-12-05 06:00:00,28.890472,24.60147,1011.28375,-2.4284115,-2.7057781,0.36952692,77.690575,0.09783135
2022-12-05 12:00:00,27.743195,23.834045,1008.4775,-2.1014004,-2.6999369,0.51782477,79.31695,0.0
2022-12-05 18:00:00,25.887238,23.422699,1010.5012,-1.4157372,-2.5761852,1.0,86.301506,0.003054738
2022-12-06 00:00:00,25.012482,23.320618,1008.92,-0.3263483,-3.3646708,0.9435829,90.34778,0.002575107
2022-12-06 06:00:00,28.605072,24.209991,1010.22,-1.484189,-4.7433424,1.0,77.156784,0.016972423
2022-12-06 12:00:00,27.037292,23.1557,1007.8625,-1.4902544,-3.0749207,1.0,79.352165,0.0
2022-12-06 18:00:00,26.252228,23.194092,1009.5625,-0.84481716,-3.4247255,1.0,83.30049,0.0
2022-12-07 00:00:00,25.198578,22.535095,1007.82623,0.6946625,-4.325611,1.0,85.200935,0.0
2022-12-07 06:00:00,26.35141,22.477814,1008.785,0.57318604,-4.7225723,1.0,79.29648,0.0020996667
2022-12-07 12:00:00,26.49472,22.115662,1007.20624,1.4137311,-2.6262407,1.0,76.91531,0.0
2022-12-07 18:00:00,25.022247,20.291718,1008.1869,0.8682769,-3.9287348,1.0,75.0464,0.0
2022-12-08 00:00:00,23.886017,19.006805,1006.16626,2.792902,-3.6815395,1.0,74.170456,0.0
2022-12-08 06:00:00,24.992584,19.584625,1007.4344,3.2071874,-4.5983353,1.0,71.95769,0.062078238
2022-12-08 12:00:00,20.525421,18.462738,1004.8644,4.583973,-2.9181376,1.0,87.96809,1.835421
2022-12-08 18:00:00,21.356781,18.537872,1004.6294,5.204153,-2.7630606,1.0,83.97975,0.0
2022-12-09 00:00:00,21.027008,18.436676,1001.3713,6.364176,-4.7298956,1.0,85.15477,0.0
2022-12-09 06:00:00,24.323883,18.655182,1003.01685,7.3083677,-2.7400198,1.0,70.677,0.0
2022-12-09 12:00:00,22.840546,19.598053,1001.7975,5.4821377,-0.23420238,0.97419065,81.96293,0.12136705
2022-12-09 18:00:00,23.242706,18.890106,1003.7325,5.6312733,2.1540382,0.5081393,76.54299,0.0
2022-12-10 00:00:00,24.329987,19.857208,1002.21875,4.463829,2.5024812,0.78082293,76.14166,0.0
2022-12-10 06:00:00,26.834991,21.549469,1004.77435,3.087309,1.8098476,0.9285116,72.82776,0.25582314
2022-12-10 12:00:00,26.482635,22.457855,1003.3075,-0.21119785,1.4347591,0.99604785,78.589584,0.0
2022-12-10 18:00:00,25.325348,23.086517,1006.0681,0.10355377,1.7673836,0.9965872,87.43448,0.0029542823
2022-12-11 00:00:00,24.500092,23.03601,1005.39,-1.4228201,1.1345043,0.99921316,91.566925,0.0
2022-12-11 06:00:00,29.86441,26.141815,1007.58185,0.081142604,1.336792,0.70881224,80.487495,0.2216174
2022-12-11 12:00:00,27.993317,24.88028,1005.10065,-0.6547508,0.4008627,0.8781561,83.22369,0.15226755
2022-12-11 18:00:00,25.039612,24.228271,1007.6844,-0.7015791,-0.21900368,0.87597793,95.26513,0.0
2022-12-12 00:00:00,24.695343,23.80957,1006.35315,-0.0036201477,0.115091324,1.0000007,94.827805,0.28498575
2022-12-12 06:00:00,27.512054,24.869415,1008.83435,-0.54705906,0.9840603,0.97517246,85.54114,0.0
2022-12-12 12:00:00,26.878754,23.88617,1005.8619,-1.2998238,2.3667393,0.708603,83.70082,0.0
2022-12-12 18:00:00,24.413055,23.252228,1009.23315,-1.8821821,1.4814959,0.6149036,93.25634,0.83264935
2022-12-13 00:00:00,25.108429,23.86679,1007.8762,-1.479743,1.459506,0.52028054,92.83807,0.0
2022-12-13 06:00:00,29.061493,25.038605,1009.9775,-1.3050241,1.9977969,0.8550545,78.95918,0.0
2022-12-13 12:00:00,26.859161,23.21231,1008.1731,-2.072276,0.97461706,0.25405163,80.462,0.0076144934
2022-12-13 18:00:00,24.44162,23.275879,1011.1075,-1.4962168,-0.8347883,0.26988178,93.23009,0.0
2022-12-14 00:00:00,24.245575,22.863403,1009.385,-0.10662365,-1.4827871,0.5300424,92.00709,0.0008586794
2022-12-14 06:00:00,29.17453,23.862213,1010.5469,-2.9083977,-1.9817753,0.9705914,73.11007,0.014970511
2022-12-14 12:00:00,28.110718,23.649689,1008.84186,-2.390729,-1.0679445,0.15277758,76.77768,0.0
2022-12-14 18:00:00,25.270721,23.49765,1011.1931,-1.0304651,-1.2713604,0.9466613,89.924225,0.0031478703
2022-12-15 00:00:00,24.18753,23.019958,1009.2556,0.059101105,-2.221733,0.362324,93.20729,0.03815683
2022-12-15 06:00:00,28.644318,23.5737,1010.4825,-3.293459,-3.5714579,0.52683544,74.09209,0.04975816
2022-12-15 12:00:00,27.18039,21.38211,1007.5831,-1.9065084,-2.319891,0.09447652,70.63756,0.0
2022-12-15 18:00:00,24.864777,21.513367,1010.0469,-1.0929337,-2.8642597,0.29614732,81.66425,0.0
2022-12-16 00:00:00,24.646149,22.533295,1008.23315,0.37875366,-3.0578547,0.40009975,88.045975,0.0011441298
2022-12-16 06:00:00,29.180573,22.981964,1009.8656,-3.1132927,-3.2673979,0.59528834,69.30457,0.024127198
2022-12-16 12:00:00,28.115753,22.444794,1007.185,-2.2729654,-2.084753,0.06961836,71.35902,0.0
2022-12-16 18:00:00,25.145782,22.222351,1009.4319,-0.2847271,-2.6638994,0.062079325,83.859245,9.551877e-05
2022-12-17 00:00:00,24.5961,22.443634,1008.605,-0.021558762,-3.052781,0.7841514,87.83011,0.0013349927
2022-12-17 06:00:00,28.601227,23.001923,1010.4988,-2.8043375,-4.7667847,0.95265454,71.75657,0.030040741
2022-12-17 12:00:00,27.871704,22.822235,1007.98627,-2.361436,-2.4915123,1.0000031,74.05894,0.0
2022-12-17 18:00:00,26.131927,22.977844,1009.72,-1.6416016,-3.1512108,0.97958696,82.804665,0.0030482188
2022-12-18 00:00:00,25.102325,23.201996,1008.09064,-0.7825661,-3.4523888,0.81682044,89.22371,0.04217401
2022-12-18 06:00:00,28.976105,22.94342,1009.52814,-3.4730873,-4.6996126,0.83318496,69.965744,0.0
2022-12-18 12:00:00,27.187286,22.07434,1007.2344,-3.6791582,-3.3349228,0.99999905,73.65972,0.0
2022-12-18 18:00:00,25.111053,21.379303,1008.9319,-2.0443478,-3.0335789,0.9999998,79.81583,0.0
2022-12-19 00:00:00,24.282623,21.025879,1007.60565,0.31028366,-3.3322735,0.99910927,82.06773,0.0
2022-12-19 06:00:00,27.524445,22.278107,1008.6838,-1.3998775,-5.857828,1.0000001,73.12071,0.023186207
2022-12-19 12:00:00,26.594086,23.151459,1006.3219,-1.9826841,-3.1428967,1.0,81.427246,0.13761967
2022-12-19 18:00:00,24.973022,23.26004,1008.10815,-1.9669504,-3.979105,0.79192764,90.22988,0.0055431575
2022-12-20 00:00:00,24.615875,22.721344,1006.8775,-0.5836983,-3.7063046,0.99533767,89.21795,0.0
2022-12-20 06:00:00,27.87796,23.692719,1008.3194,-2.3253946,-5.3883934,0.9245622,78.02879,0.06616488
2022-12-20 12:00:00,27.129822,23.504974,1005.9169,-2.4072027,-4.2751646,0.55842155,80.60413,0.0
2022-12-20 18:00:00,25.337433,23.025543,1007.9344,-1.5396557,-4.2135963,0.9884415,87.049934,0.021088868
2022-12-21 00:00:00,24.660614,22.100067,1006.2875,-0.3271532,-4.208706,0.99999845,85.681725,0.05218014
2022-12-21 06:00:00,27.340424,23.528961,1009.1731,-1.5995874,-5.117817,0.99999964,79.73005,0.23955852
2022-12-21 12:00:00,26.3945,23.87967,1006.6269,-1.657876,-3.8781881,1.0,86.08889,0.0
2022-12-21 18:00:00,25.554596,22.590607,1008.255,-0.62432194,-3.8672419,1.0000001,83.6981,0.0
2022-12-22 00:00:00,23.991608,21.3862,1006.71936,0.10025501,-4.90718,0.9160883,85.38005,0.10974705
2022-12-22 06:00:00,28.579254,21.375275,1008.5087,-2.433772,-6.4754515,0.9919678,65.07256,0.0
2022-12-22 12:00:00,27.511627,21.71341,1006.645,-1.996665,-3.6233568,0.9999998,70.6986,0.0
2022-12-22 18:00:00,25.182281,21.18338,1008.84125,-0.67717075,-4.113715,0.99047244,78.52896,0.003149733
2022-12-23 00:00:00,24.310455,20.253021,1006.8669,0.79519224,-4.524993,0.94145805,78.12114,0.0
2022-12-23 06:00:00,28.576447,21.71634,1008.1725,-0.5117015,-5.4900417,0.68325937,66.45569,0.0
2022-12-23 12:00:00,28.3909,23.46347,1005.7725,-1.9541607,-3.8746262,0.99671626,74.6928,0.0
2022-12-23 18:00:00,25.82016,20.710358,1008.66565,-0.14690018,-4.1861925,0.90788674,73.44246,0.0009536743
2022-12-24 00:00:00,24.812164,19.715485,1007.6369,1.6696795,-4.0416746,0.52897406,73.32975,0.0
2022-12-24 06:00:00,29.15091,23.061005,1008.95374,0.44089055,-5.8172684,0.94369704,69.75637,0.0001899898
2022-12-24 12:00:00,28.10904,22.96762,1005.9494,-0.5301857,-5.2744265,0.858208,73.68709,0.009067357
2022-12-24 18:00:00,26.213104,22.532928,1007.95,0.13251305,-5.541271,0.99395525,80.214935,0.047035515
2022-12-25 00:00:00,25.221954,22.966522,1006.52686,0.18558311,-4.6260576,1.0,87.337555,0.01642108
2022-12-25 06:00:00,26.289673,24.513885,1008.72815,-2.5440931,-4.218916,1.0,89.981964,0.3761305
2022-12-25 12:00:00,26.98581,24.834717,1008.1219,-2.9168625,-3.6125631,0.9991092,88.039215,0.0
2022-12-25 18:00:00,25.938263,24.590118,1009.7481,-2.4372616,-1.2517004,1.0,92.291176,0.05608915
2022-12-26 00:00:00,25.179626,23.42514,1009.2125,-1.7105398,-1.2166796,0.97425383,90.01857,0.20502952
2022-12-26 06:00:00,28.360016,24.911469,1011.54126,-4.5491905,-0.7340336,0.7761322,81.61711,0.23735541
2022-12-26 12:00:00,27.862976,25.210114,1009.6294,-3.6225157,-0.8384056,0.29073346,85.5238,0.0
2022-12-26 18:00:00,25.753876,24.372864,1012.65125,-2.7083187,-1.2364807,0.36972463,92.09953,0.33851087
2022-12-27 00:00:00,24.986694,23.552582,1011.5012,-2.2812653,-0.73042774,0.806443,91.76185,0.0
2022-12-27 06:00:00,28.120758,24.864075,1013.4338,-2.6977396,0.3717491,0.69960314,82.52797,0.0
2022-12-27 12:00:00,27.223907,24.568329,1010.8019,-2.4095173,-1.1039667,0.50786394,85.44632,0.0
2022-12-27 18:00:00,25.789581,23.91513,1013.27,-1.3566704,-1.4271727,0.3533159,89.414856,0.09336569
2022-12-28 00:00:00,24.6185,23.15982,1012.2569,-0.48395252,-1.2459488,0.40492433,91.603966,0.0
2022-12-28 06:00:00,29.328644,23.569794,1014.715,-3.505023,-2.3520136,0.29047734,71.19762,0.0
2022-12-28 12:00:00,28.104889,22.76651,1011.8031,-2.3499212,-1.3904886,0.05168152,72.81234,0.0
2022-12-28 18:00:00,25.49643,23.207184,1014.8794,-1.717679,-1.3008356,0.8277517,87.18352,0.0
2022-12-29 00:00:00,24.979645,23.245453,1013.5631,-0.6295376,-1.7362232,0.68474483,90.11484,0.0
2022-12-29 06:00:00,29.340729,23.19632,1015.6906,-2.4959106,-1.3558483,0.4357329,69.562325,0.06389059
2022-12-29 12:00:00,27.87912,22.921997,1013.08563,-2.5745173,-1.0122356,0.0,74.475655,0.0
2022-12-29 18:00:00,24.283173,22.49527,1015.5544,-1.8834848,-0.9243164,0.02173233,89.7724,0.0
2022-12-30 00:00:00,24.352875,22.711578,1015.02124,0.09607315,-1.3735313,0.2268646,90.57978,0.013258308
2022-12-30 06:00:00,29.672882,22.704498,1016.385,-1.8615017,-2.162074,0.1740877,66.240486,0.0
2022-12-30 12:00:00,28.23526,23.170502,1013.59125,-2.5167484,-1.1277571,0.47132796,74.05065,0.0006670598
2022-12-30 18:00:00,24.622345,22.9758,1015.7994,-1.7031631,-1.0376339,0.003982544,90.569084,0.0
2022-12-31 00:00:00,23.65445,22.601654,1014.71375,0.24509811,-1.0054512,0.9999996,93.832756,0.0017173588
2022-12-31 06:00:00,29.033722,22.691559,1015.955,-0.56390667,-1.3587885,0.9949753,68.67647,0.01592515
2022-12-31 12:00:00,27.913422,23.026886,1012.64374,-2.316144,-0.9121485,0.29764202,74.80014,0.0
2022-12-31 18:00:00,23.838593,22.156708,1014.66376,-1.672513,-1.1969805,0.035050936,90.321594,0.0
2023-01-01 00:00:00,23.092316,21.745941,1013.48126,0.20414639,-1.2477722,0.7234471,92.14169,0.0
2023-01-01 06:00:00,29.068878,22.668732,1015.2506,-0.9836893,-2.394637,0.60160315,68.44206,0.0032423995
2023-01-01 12:00:00,27.957977,22.5513,1011.8731,-2.4922867,-2.1237154,0.85384977,72.48586,0.0
2023-01-01 18:00:00,24.319489,22.123688,1014.6575,-2.3263187,-1.2220545,0.31391928,87.574936,0.0
2023-01-02 00:00:00,24.135284,21.68341,1012.9675,-1.228365,-1.6467676,0.94972044,86.2003,0.0053427797
2023-01-02 06:00:00,28.970184,20.955414,1015.0525,-3.4685364,-2.2488499,0.72362036,61.996185,0.0
2023-01-02 12:00:00,27.539948,22.14029,1012.21564,-2.3597126,-0.8322754,0.3231523,72.444,0.0
2023-01-02 18:00:00,24.23233,21.338928,1014.83,-0.75331116,-2.0692673,0.13054986,83.911964,0.00066810753
2023-01-03 00:00:00,23.827545,21.126831,1013.2006,0.09497452,-2.1335726,0.15955561,84.86564,0.0009542564
2023-01-03 06:00:00,28.576324,21.581635,1014.8081,-3.5085964,-3.3197994,0.39617777,65.91108,0.037855767
2023-01-03 12:00:00,27.415497,21.614166,1011.705,-2.422288,-2.572421,0.12034428,70.66752,0.0
2023-01-03 18:00:00,24.608917,21.35138,1014.3694,-1.5247221,-2.1746893,0.35457522,82.10351,0.0076330034
2023-01-04 00:00:00,23.715729,21.176361,1012.9406,-0.057667732,-2.4363632,0.33642185,85.69866,0.015351921
2023-01-04 06:00:00,28.312592,21.922882,1013.83875,-3.9639874,-2.932314,0.9771036,68.33912,0.10135397
2023-01-04 12:00:00,27.610931,21.05429,1010.5625,-2.5613022,-2.3305693,0.9996033,67.507324,0.0
2023-01-04 18:00:00,24.716095,20.722534,1013.13,-1.3748932,-2.2001839,0.49212867,78.48817,0.0
2023-01-05 00:00:00,23.811432,20.70752,1011.53687,-0.5772934,-2.039157,0.29684585,82.78599,0.0
2023-01-05 06:00:00,28.21634,23.367462,1014.21686,-3.482317,-3.4752207,0.69219804,75.01943,0.2927683
2023-01-05 12:00:00,27.751862,22.219269,1011.41376,-3.0664234,-3.3432865,0.34491372,71.897,0.0
2023-01-05 18:00:00,25.832428,21.355652,1013.8675,-2.1681194,-3.4922323,0.13480061,76.35657,9.534415e-05
2023-01-06 00:00:00,25.526947,21.534088,1012.4,-1.0214176,-3.726286,0.9330241,78.607086,0.005627633
2023-01-06 06:00:00,28.331024,22.141815,1015.2225,-3.963028,-4.606842,0.9561957,69.18314,0.022030778
2023-01-06 12:00:00,27.359283,22.177338,1012.1625,-2.8275433,-4.5204144,0.7580997,73.37972,0.0
2023-01-06 18:00:00,26.016632,21.655334,1014.295,-2.2620888,-3.9775372,0.60475296,76.92644,0.0
2023-01-07 00:00:00,25.063812,21.326782,1012.3175,-1.5233669,-3.939704,0.40735322,79.78364,0.016797334
2023-01-07 06:00:00,28.477936,22.058472,1014.4894,-3.991949,-5.050852,0.3853438,68.24733,0.0
2023-01-07 12:00:00,27.200653,21.610626,1011.4481,-2.9980316,-3.5109634,0.21938328,71.54747,0.0
2023-01-07 18:00:00,25.446259,21.852417,1014.09,-1.935195,-2.9605541,0.23832422,80.53664,0.009633601
2023-01-08 00:00:00,24.11258,22.055328,1012.0156,-1.0118055,-3.3285828,0.43383843,88.29982,0.048018992
2023-01-08 06:00:00,26.492584,22.854645,1013.96375,-2.5705557,-4.2225237,0.34337628,80.45751,0.1365065
2023-01-08 12:00:00,26.412018,22.084564,1011.02936,-3.1504602,-3.3984385,0.21934146,77.14508,0.0
2023-01-08 18:00:00,24.7742,21.182465,1013.52686,-2.615799,-2.7096004,0.12644972,80.45885,0.0
2023-01-09 00:00:00,23.599274,20.212616,1012.95374,-1.1429863,-3.3146935,0.37436342,81.32864,0.0001906883
2023-01-09 06:00:00,27.911896,20.38858,1015.1525,-2.7023582,-4.6409025,0.26704174,63.66703,0.0
2023-01-09 12:00:00,26.409027,20.159027,1012.735,-2.4773865,-3.2805052,0.19762993,68.55678,0.0
2023-01-09 18:00:00,23.428497,18.802399,1014.7981,-1.7615995,-2.3960943,0.5558873,75.275795,0.0
2023-01-10 00:00:00,23.265533,18.714813,1013.23126,-0.6060972,-3.1557198,0.686525,75.60496,0.0
2023-01-10 06:00:00,28.012238,19.796722,1014.8056,-3.0151405,-4.193365,0.9482413,61.019768,0.013444573
2023-01-10 12:00:00,27.03067,19.687592,1011.4956,-2.0475178,-3.0303774,0.28374988,64.1912,0.0
2023-01-10 18:00:00,24.109772,18.963776,1013.7369,-0.85779953,-2.950202,0.37581873,72.984,0.0
2023-01-11 00:00:00,22.981598,18.858063,1011.475,0.4813633,-2.8880138,0.5361707,77.605736,0.003625406
2023-01-11 06:00:00,27.949188,20.296906,1013.17065,-2.5966473,-3.8669834,0.63741714,63.17005,0.0
2023-01-11 12:00:00,26.835052,20.404999,1009.6825,-2.5485249,-2.6894264,0.1712115,67.8814,0.0
2023-01-11 18:00:00,22.930695,19.426147,1012.1844,-1.2915058,-1.9786844,0.08253479,80.65045,0.0
2023-01-12 00:00:00,22.057648,19.112244,1010.4994,-0.37365723,-2.515688,0.22994995,83.397804,0.0
2023-01-12 06:00:00,28.169098,20.263336,1012.3594,-2.1556997,-3.3108778,0.43676257,62.23635,9.533687e-05
2023-01-12 12:00:00,26.930573,20.453033,1008.91376,-2.774314,-1.4982376,0.26683944,67.70163,0.0
2023-01-12 18:00:00,22.1044,19.43631,1011.53815,-1.7533102,-1.1372013,0.4221217,84.855255,0.0
2023-01-13 00:00:00,20.986115,18.73639,1010.16626,0.05211258,-1.9109659,0.74453247,86.98532,0.0
2023-01-13 06:00:00,27.698639,19.974762,1013.0613,-2.7689648,-2.0912514,0.9960015,62.836456,0.0
2023-01-13 12:00:00,26.851227,19.998932,1009.9994,-2.9845724,-1.1399479,0.12972301,66.135765,0.0
2023-01-13 18:00:00,21.67215,19.054932,1012.4963,-1.8418789,-1.1470013,0.42149746,85.07901,0.0
2023-01-14 00:00:00,21.945343,19.135468,1011.21313,-0.52008057,-1.9525566,0.8445386,84.0925,0.0
2023-01-14 06:00:00,27.295502,19.838043,1012.6375,-2.1156454,-2.6568909,0.7886383,63.794,0.0
2023-01-14 12:00:00,26.612701,19.742096,1009.3281,-2.580163,-1.0519533,0.62090707,66.01174,0.0
2023-01-14 18:00:00,21.762848,19.36737,1011.7344,-1.7896729,-1.0021801,0.039547764,86.271355,0.0
2023-01-15 00:00:00,21.320953,19.33377,1009.91376,-0.38718987,-1.7741594,0.40520316,88.450836,0.0
2023-01-15 06:00:00,27.669952,20.658295,1011.90625,-2.4213772,-2.3219814,0.34135836,65.65594,0.0
2023-01-15 12:00:00,26.358429,19.640778,1008.97437,-2.807211,-1.4597483,0.083650954,66.58896,0.0
2023-01-15 18:00:00,21.13504,18.800018,1011.6194,-1.8568382,-0.9789877,0.028121948,86.53677,0.0
2023-01-16 00:00:00,20.392365,17.997467,1009.9,0.019755363,-1.8738298,0.08407611,86.141075,0.0
2023-01-16 06:00:00,27.676788,20.201752,1012.7463,-2.327856,-2.3956022,0.9485499,63.806553,0.0
2023-01-16 12:00:00,26.39029,20.75943,1009.4412,-3.1364794,-2.2187853,0.000787735,71.222565,0.0
2023-01-16 18:00:00,22.04776,19.659088,1012.4494,-1.5297384,-1.470644,0.102165595,86.335304,0.0
2023-01-17 00:00:00,21.24759,18.925629,1010.1044,-0.33789825,-1.7444534,0.45742184,86.61808,0.0
2023-01-17 06:00:00,27.553986,19.7789,1013.85876,-2.347476,-2.471655,0.9133763,62.60568,0.0
2023-01-17 12:00:00,26.863617,19.917023,1010.8081,-3.098878,-0.90240765,0.9730664,65.753204,0.0
2023-01-17 18:00:00,21.59488,19.03012,1013.17126,-1.729722,-1.6132631,0.98801297,85.34978,0.0
2023-01-18 00:00:00,21.25467,18.578644,1011.5275,-0.4019432,-2.0416822,0.47562993,84.723015,0.0
2023-01-18 06:00:00,28.270111,19.529266,1014.9338,-3.9454222,-2.9939852,0.69287544,59.1204,0.0
2023-01-18 12:00:00,26.953094,19.556519,1011.53625,-3.3737192,-2.053156,0.47093797,63.96176,0.0
2023-01-18 18:00:00,23.127106,18.740417,1014.84686,-2.265912,-1.3212929,0.8892205,76.36224,0.0
2023-01-19 00:00:00,22.744293,18.908478,1012.5094,-0.4248562,-1.7439013,0.9224889,78.97776,9.551877e-05
2023-01-19 06:00:00,28.011261,18.745209,1014.4444,-3.0099525,-3.048479,0.74797624,57.156475,0.0
2023-01-19 12:00:00,27.128876,18.910675,1011.23627,-3.0593824,-2.7677307,0.07199406,60.809372,0.0
2023-01-19 18:00:00,23.59378,17.937653,1013.4431,-1.3552065,-2.435955,0.5928545,70.59695,0.0
2023-01-20 00:00:00,22.754913,18.56668,1011.72437,-0.30315304,-2.0172672,0.5909052,77.2585,0.005153008
2023-01-20 06:00:00,28.150543,20.696625,1013.6994,-3.5063114,-2.7153797,0.7542569,63.99131,0.07752084
2023-01-20 12:00:00,27.74643,20.557709,1010.4331,-3.2035666,-2.3364172,0.46199042,64.95927,0.0
2023-01-20 18:00:00,23.433136,19.661163,1013.0075,-1.4315491,-1.9811115,0.19658649,79.38882,0.0
2023-01-21 00:00:00,23.343658,20.825104,1011.01624,0.22653484,-2.643962,0.6720573,85.77127,0.010024756
2023-01-21 06:00:00,28.915924,21.623016,1012.6919,-2.7635984,-4.3892927,0.9638473,64.789536,0.0
2023-01-21 12:00:00,27.413727,21.175323,1009.71814,-3.0718145,-3.515792,1.0,68.80019,0.0
2023-01-21 18:00:00,24.968292,20.412811,1011.66565,-2.0771093,-2.684495,0.9859786,75.85326,9.49949e-05
2023-01-22 00:00:00,24.741608,21.507904,1010.5106,-1.6054478,-2.3383179,0.96978325,82.239555,0.0012405217
2023-01-22 06:00:00,28.125397,21.212921,1012.1756,-3.7468882,-3.7468176,0.88106793,66.15137,0.0
2023-01-22 12:00:00,26.435516,21.509491,1009.8175,-3.0564995,-2.3586054,1.0,74.37947,0.009063631
2023-01-22 18:00:00,25.3331,21.120148,1010.88873,-1.7372599,-2.7383556,0.992064,77.525894,0.0
2023-01-23 00:00:00,24.789581,21.542633,1008.84436,-0.6793308,-2.5220785,0.90884644,82.17872,0.009644777
2023-01-23 06:00:00,27.026642,22.565094,1010.9194,-2.5967855,-3.3506327,0.8867328,76.61088,0.153159
2023-01-23 12:00:00,26.373932,22.80246,1008.4481,-3.2470627,-2.9608154,0.92479,80.7668,0.0
2023-01-23 18:00:00,25.135284,22.888947,1010.6325,-2.5003805,-2.6064777,0.9752706,87.378006,0.014876917
2023-01-24 00:00:00,24.42862,22.12915,1009.34564,-1.4766779,-1.8821077,0.9173939,87.0333,0.031855777
2023-01-24 06:00:00,28.974396,21.966461,1012.0538,-3.5000982,-2.2990894,0.5685942,65.93925,0.0
2023-01-24 12:00:00,27.69278,21.152893,1008.4225,-3.9680405,-2.5238733,0.5169759,67.59304,0.0
2023-01-24 18:00:00,24.582245,20.381134,1011.0731,-2.7136116,-2.1013498,0.7398014,77.47081,0.0015278347
2023-01-25 00:00:00,23.178741,20.319489,1010.08936,-0.74641037,-2.2074757,0.8129869,83.97161,0.0
2023-01-25 06:00:00,28.929596,20.469269,1011.5375,-3.4761686,-3.2508612,0.9952194,60.3094,0.0
2023-01-25 12:00:00,27.37149,21.147919,1009.0444,-3.8218832,-2.4161015,0.028094238,68.85472,0.0003814057
2023-01-25 18:00:00,23.055145,20.037598,1011.4,-1.3494387,-1.5640678,0.2759844,83.139854,0.0
2023-01-26 00:00:00,23.10965,20.027405,1009.66376,-0.28985786,-2.489954,0.81157804,82.81395,0.0002863817
2023-01-26 06:00:00,28.011078,20.352753,1011.7706,-3.2436857,-2.801692,0.6371915,63.159924,0.0
2023-01-26 12:00:00,26.972443,20.92685,1008.91815,-3.570652,-1.8532143,0.04276218,69.535034,0.0
2023-01-26 18:00:00,23.713165,19.682892,1011.53314,-2.232626,-1.1691294,0.9496916,78.16569,0.0
2023-01-27 00:00:00,22.873444,20.19104,1009.7456,-0.2519951,-1.7726364,0.23803115,84.861084,0.0002863817
2023-01-27 06:00:00,27.831818,21.138641,1011.35376,-2.0523329,-3.3900309,0.7730611,66.98768,0.023363158
2023-01-27 12:00:00,27.642609,21.342316,1008.5662,-2.7804966,-2.8708353,0.056166306,68.58367,0.0
2023-01-27 18:00:00,23.500763,19.997833,1010.59314,-2.0487804,-1.6678658,0.21237315,80.73313,0.0
2023-01-28 00:00:00,22.304596,19.079376,1009.4556,-0.2549343,-2.0458202,0.32024473,81.98488,0.0
2023-01-28 06:00:00,27.962372,20.070343,1010.71686,-2.8473272,-4.196348,0.576345,62.243515,0.0
2023-01-28 12:00:00,27.693268,20.945465,1007.9531,-2.461338,-3.1391163,0.024215698,66.73545,0.0
2023-01-28 18:00:00,24.474396,20.299896,1009.5181,-0.55995274,-3.214242,0.8134777,77.58217,0.0
2023-01-29 00:00:00,23.679962,20.38565,1007.54315,0.35729694,-3.5899343,0.90280473,81.80402,0.009349547
2023-01-29 06:00:00,27.761383,22.224335,1009.2375,-3.219675,-5.1351404,0.9999994,71.87917,0.13618478
2023-01-29 12:00:00,27.093231,23.099762,1006.9387,-3.550149,-3.0066557,0.82296765,78.82493,0.0
2023-01-29 18:00:00,24.802032,23.08133,1009.995,-0.75444317,-1.7128458,0.9966649,90.175896,0.0
2023-01-30 00:00:00,24.438934,22.558807,1008.40564,-0.32101917,-2.351799,0.9164551,89.282486,0.026643276
2023-01-30 06:00:00,27.242401,23.98648,1010.3688,-2.5533419,-3.294301,0.9763596,82.42799,0.0
2023-01-30 12:00:00,26.94278,23.221558,1007.95874,-2.8567686,-3.8772478,1.0,80.11222,0.0
2023-01-30 18:00:00,25.370026,23.044708,1010.26935,-1.0787458,-3.8294964,1.0,86.9822,0.0
2023-01-31 00:00:00,24.80954,22.488037,1008.0019,-0.21572018,-4.127864,1.0,86.95133,0.0013348181
2023-01-31 06:00:00,27.711578,22.615936,1010.09,-2.2452993,-5.771735,1.0,73.825226,0.2311226
2023-01-31 12:00:00,26.60965,22.897736,1007.2875,-2.842947,-4.5340633,1.0,80.11315,0.0
2023-01-31 18:00:00,25.10379,22.655243,1008.845,-0.9402237,-4.338788,1.0,86.310486,0.041484833
2023-02-01 00:00:00,25.284454,22.459442,1007.21936,0.21034718,-3.9671726,1.0,84.37789,0.0
2023-02-01 06:00:00,25.48526,23.162872,1009.3725,-1.1162462,-4.8053894,1.0,87.00807,0.8510584
2023-02-01 12:00:00,25.68045,23.707977,1007.17065,-1.2799091,-4.68034,1.0,88.88083,0.0
2023-02-01 18:00:00,24.388824,22.879425,1008.8594,-1.0685205,-5.514985,0.9909134,91.309204,0.69327325
2023-02-02 00:00:00,24.456635,23.423737,1007.0606,-2.0044098,-4.4224052,1.0,93.98135,0.0
2023-02-02 06:00:00,25.385193,24.410248,1010.29626,-2.570527,-4.2530355,0.9980222,94.34868,0.18657434
2023-02-02 12:00:00,24.389801,22.898834,1007.65814,-2.3933287,-4.2106504,1.0,91.41127,0.49988246
2023-02-02 18:00:00,24.191315,22.74759,1010.5581,-1.9011936,-4.464981,0.99289155,91.6613,0.0
2023-02-03 00:00:00,24.57254,23.485565,1008.59,-1.8262606,-3.041028,0.9938936,93.6805,0.0
2023-02-03 06:00:00,27.591095,24.816376,1010.78436,-3.051734,-2.2839632,0.9393966,84.87733,0.36579594
2023-02-03 12:00:00,25.588531,23.988129,1008.15,-2.6991043,-2.7693539,0.9889037,90.88536,0.84432286
2023-02-03 18:00:00,24.918,23.29831,1010.7175,-2.2127762,-3.175374,0.93175286,90.73598,0.0
2023-02-04 00:00:00,24.658234,22.616669,1008.3781,-0.9695463,-2.900917,0.99803185,88.428894,0.0
2023-02-04 06:00:00,27.66745,24.593903,1010.6856,-2.8180676,-3.4444447,0.775537,83.38339,1.7983372
2023-02-04 12:00:00,27.810455,22.424835,1007.6362,-2.6184397,-3.225358,0.12964179,72.55299,0.0
2023-02-04 18:00:00,24.531158,22.061005,1010.4944,-1.630291,-2.3474588,0.038846925,86.1423,0.0
2023-02-05 00:00:00,24.049713,21.891144,1008.1931,-0.034879684,-2.3996305,0.8971651,87.75056,0.0
2023-02-05 06:00:00,28.428131,22.265778,1010.46185,-2.4940119,-2.8717709,0.9822276,69.3148,0.0
2023-02-05 12:00:00,27.097443,20.948883,1008.3775,-2.6944075,-2.5156937,0.9160861,69.119995,0.0
2023-02-05 18:00:00,23.970367,21.203583,1010.4338,-1.3926773,-2.8941078,1.0,84.537346,0.0
2023-02-06 00:00:00,23.454132,21.127106,1009.5556,-0.6260252,-2.5308962,0.26451772,86.797455,0.0
2023-02-06 06:00:00,28.193878,21.771027,1011.7375,-2.78224,-2.1017866,0.888288,68.17793,0.0
2023-02-06 12:00:00,27.176178,21.609528,1007.84125,-2.0719376,-2.0518055,1.0,71.64545,0.0
2023-02-06 18:00:00,22.845734,21.268646,1010.22375,-1.6313591,-1.1778536,0.2375944,90.83464,0.0
2023-02-07 00:00:00,22.876007,21.271454,1009.47815,0.07550335,-1.5885859,0.4864384,90.683784,0.0003814057
2023-02-07 06:00:00,28.97879,22.042267,1011.6144,-1.1487875,-2.6490726,0.46173483,66.22791,0.0
2023-02-07 12:00:00,28.311676,22.044952,1007.65,-3.1099243,-0.69894505,0.16327667,68.85345,0.0
2023-02-07 18:00:00,23.123383,21.6539,1009.9431,-1.9098091,-0.73738194,0.00078582764,91.45285,0.0
2023-02-08 00:00:00,23.878815,22.017609,1009.1856,-0.7086086,-1.9759254,0.97127104,89.34285,0.0001907465
2023-02-08 06:00:00,29.10971,22.297028,1011.54065,-1.8735571,-2.3766088,0.38774967,66.75584,0.0
2023-02-08 12:00:00,28.36856,22.422943,1008.0206,-2.6395426,-1.0353775,0.9551253,70.22336,0.0
2023-02-08 18:00:00,23.125763,21.599884,1010.82623,-2.1317883,-1.0651722,0.8919741,91.13813,0.0
2023-02-09 00:00:00,24.018341,22.315826,1009.0769,-0.020849228,-1.7383776,0.9077612,90.220695,0.0023855828
2023-02-09 06:00:00,28.838898,22.12857,1012.035,-1.6749039,-1.0278559,0.9359674,67.118774,0.0
2023-02-09 12:00:00,28.09903,21.6846,1009.22314,-2.7038155,-1.0468979,0.900108,68.19454,0.0
2023-02-09 18:00:00,23.09671,21.16983,1011.955,-1.5675249,-1.5114126,0.9686513,88.92439,0.0
2023-02-10 00:00:00,22.908356,21.296478,1010.85315,-0.24723244,-1.7654552,0.9120446,90.64527,0.0
2023-02-10 06:00:00,28.99405,22.43509,1013.23376,-1.6493692,-2.1312551,0.35024297,67.77069,0.0
2023-02-10 12:00:00,28.174225,20.602692,1009.60187,-2.6891947,-1.1348553,0.3700327,63.534386,0.0
2023-02-10 18:00:00,23.014069,20.737152,1012.2925,-2.1765528,-0.99956036,0.35616267,87.024704,0.0
2023-02-11 00:00:00,22.07779,20.157745,1010.84436,-0.61304283,-1.6266375,0.99921286,88.88132,0.0
2023-02-11 06:00:00,27.232208,21.277863,1012.9825,-1.615035,-2.165516,0.99641657,69.974686,0.0
2023-02-11 12:00:00,27.237091,20.887482,1010.03564,-2.0929232,-1.2419367,0.59808534,68.2977,0.0
2023-02-11 18:00:00,22.42154,19.935638,1012.7525,-2.399187,0.09702873,0.68808657,85.85277,0.0
2023-02-12 00:00:00,20.865631,19.10971,1011.145,0.0039958954,-1.2154799,0.38619757,89.69807,0.0
2023-02-12 06:00:00,28.72647,20.859528,1013.23627,-1.4663029,-1.1821232,0.59674406,62.50831,0.0
2023-02-12 12:00:00,28.464386,20.315094,1009.7706,-2.658802,-0.9719944,0.0051498413,61.3723,0.0
2023-02-12 18:00:00,21.68155,19.211456,1011.98065,-2.1194649,-1.2567854,0.23667908,85.86365,0.0
2023-02-13 00:00:00,20.930695,19.59671,1011.2506,-0.36799717,-1.4845972,0.71658957,92.08827,0.0
2023-02-13 06:00:00,28.872223,20.883575,1013.0556,-1.9217644,-1.2410536,0.37817383,62.074154,0.0
2023-02-13 12:00:00,28.120758,20.451569,1010.09564,-2.7909002,-1.5047569,0.6005863,63.14141,0.0
2023-02-13 18:00:00,22.754425,20.516754,1012.785,-1.8177147,-1.4327555,0.0,87.2118,0.0
2023-02-14 00:00:00,21.334259,19.767914,1011.51874,-0.10078907,-1.2561684,0.50939065,90.79475,0.0
2023-02-14 06:00:00,28.62857,21.393463,1013.555,-1.7306652,-1.0432043,0.3286661,64.958885,0.0
2023-02-14 12:00:00,28.202179,19.959625,1009.33185,-2.7948055,0.1711998,0.0,60.96049,0.0
2023-02-14 18:00:00,22.261261,19.933197,1011.39935,-2.2758589,-0.45815086,0.0,86.68068,0.0
2023-02-15 00:00:00,21.122955,19.407745,1009.4125,0.6381779,-1.5531845,0.2922821,89.9446,0.0
2023-02-15 06:00:00,29.046295,21.520538,1011.705,-2.1547747,-1.4927111,0.14366531,63.900536,0.0
2023-02-15 12:00:00,28.3732,20.219025,1008.16187,-2.6924343,-1.6851692,0.0,61.333347,0.0
2023-02-15 18:00:00,22.616486,20.008575,1010.4938,-2.281128,-0.8049469,0.0,85.226204,0.0
2023-02-16 00:00:00,21.653107,19.695862,1009.33875,-0.1375866,-1.6147299,0.056617737,88.64273,0.0
2023-02-16 06:00:00,28.78421,21.3721,1012.1362,-3.003646,-1.6236067,0.3033462,64.29086,0.0
2023-02-16 12:00:00,27.971466,20.558685,1009.055,-3.5451736,-1.6479378,0.0043320656,64.11543,0.0
2023-02-16 18:00:00,22.789581,20.51947,1011.6194,-1.4744339,-1.6932716,0.026779175,87.04071,0.0
2023-02-17 00:00:00,23.068512,20.83487,1010.775,-0.5240307,-1.3182106,0.7895558,87.2617,0.005725771
2023-02-17 06:00:00,29.106842,20.408722,1012.7369,-2.8013582,-0.87008476,0.39288405,59.471302,0.0
2023-02-17 12:00:00,28.537506,20.156036,1009.33374,-2.8826885,-1.12603,0.0,60.514378,0.0
2023-02-17 18:00:00,22.290558,19.813751,1012.0175,-2.1245384,-1.1608286,0.0,85.88818,0.0
2023-02-18 00:00:00,22.533844,20.436798,1010.5831,0.17313766,-1.5477428,0.12300873,87.95218,0.0
2023-02-18 06:00:00,29.719147,22.12613,1012.6144,-1.9490757,-1.1750174,0.2790479,63.781868,0.005340902
2023-02-18 12:00:00,29.046295,22.902863,1008.94,-3.3392792,-0.8142729,0.0,69.511154,0.0
2023-02-18 18:00:00,25.243988,23.15744,1012.39,-2.60248,-0.5947981,0.040016174,88.236305,0.0
2023-02-19 00:00:00,23.741974,22.089172,1010.7488,-1.1929102,-1.427496,0.25761092,90.47512,0.0
2023-02-19 06:00:00,29.986603,22.12259,1012.64374,-2.527051,-1.4846077,0.25169975,62.794613,0.0056277495
2023-02-19 12:00:00,28.837677,22.809479,1009.555,-3.9716797,-1.4207878,0.5387388,69.95902,0.0
2023-02-19 18:00:00,24.781647,22.594269,1012.0706,-2.4572134,-0.6773367,0.0,87.65999,0.0
2023-02-20 00:00:00,22.675812,20.948181,1010.05,-0.73435116,-1.7256832,0.55106753,89.98739,0.0
2023-02-20 06:00:00,29.650787,22.497833,1013.04877,-1.8300037,-2.0455256,0.25331235,65.49796,0.0
2023-02-20 12:00:00,28.830719,22.009064,1009.7631,-3.4919167,-0.9201603,0.79146886,66.663284,0.0
2023-02-20 18:00:00,23.80246,21.821442,1012.2706,-2.5983572,0.2975111,0.03112793,88.68614,0.0
2023-02-21 00:00:00,21.956696,19.919403,1010.8281,-0.20240116,-1.7294006,0.079264075,88.22883,0.0
2023-02-21 06:00:00,29.86148,19.900665,1013.04315,-1.7803268,-1.9526358,0.16769493,55.17732,0.0
2023-02-21 12:00:00,29.016388,19.113068,1009.9075,-2.9557,-1.2814617,0.0,55.16708,0.0
2023-02-21 18:00:00,22.980011,20.31192,1011.96875,-2.1246357,-0.76466656,0.0,84.947334,0.0
2023-02-22 00:00:00,22.267609,20.515045,1010.545,-0.31571198,-1.8344688,0.0,89.81984,0.0
2023-02-22 06:00:00,29.849152,20.202179,1012.02435,-3.0872889,-2.031021,0.100011826,56.256454,0.0
2023-02-22 12:00:00,28.5784,18.99759,1009.64874,-3.626564,-1.5565214,0.00491333,56.17965,0.0
2023-02-22 18:00:00,24.157867,18.691803,1012.10876,-2.179265,-0.5662489,0.0,71.54776,0.0
2023-02-23 00:00:00,22.639313,18.734558,1010.6731,-0.508873,-1.0006876,0.42268306,78.62347,0.0
2023-02-23 06:00:00,29.59256,20.2305,1012.09064,-3.0548935,-1.1458454,0.9973127,57.193764,0.02040714
2023-02-23 12:00:00,28.753326,23.20633,1009.2581,-3.6247158,-1.6698561,0.66820633,72.0108,0.0
2023-02-23 18:00:00,24.890594,22.544891,1011.4994,-2.2691593,-0.33712387,0.05241394,86.831,0.0015255064
2023-02-24 00:00:00,23.812103,21.216827,1010.4263,-1.3366728,-0.6200638,0.19269258,85.41489,0.00038160942
2023-02-24 06:00:00,30.388824,21.092438,1013.3137,-2.5990105,-1.29671,0.31747437,57.615124,0.0
2023-02-24 12:00:00,29.369415,20.683624,1009.84375,-3.2767706,-0.30892563,0.0,59.577103,0.0
2023-02-24 18:00:00,23.390656,20.472015,1013.47815,-2.0810146,-0.2148552,0.0,83.68797,0.0
2023-02-25 00:00:00,22.76651,20.553864,1012.4381,-0.5358591,-1.8255854,0.039596558,87.34756,0.0
2023-02-25 06:00:00,29.831451,21.287506,1013.9487,-1.5859776,-1.6827574,0.05287361,60.204876,0.0
2023-02-25 12:00:00,29.044708,19.824615,1011.2725,-3.3740501,-1.5142126,0.0,57.567493,0.0
2023-02-25 18:00:00,23.188385,20.110626,1014.4231,-1.6120605,-1.5755606,0.0,82.84623,0.0
2023-02-26 00:00:00,22.310333,19.768585,1013.72876,-1.1781998,-1.9496841,0.094451904,85.54498,0.0
2023-02-26 06:00:00,29.505524,20.970245,1015.0769,-3.49827,-2.4203625,0.23254536,60.16268,0.0
2023-02-26 12:00:00,28.556671,20.77774,1012.8181,-4.3119564,-2.336855,0.20478058,62.810455,0.0
2023-02-26 18:00:00,24.362823,20.593414,1015.3862,-1.112216,-1.8663378,0.105667114,79.52956,0.0
2023-02-27 00:00:00,23.781769,20.53946,1014.39935,0.61464214,-2.2035751,0.42994392,82.07943,0.0
2023-02-27 06:00:00,30.602692,20.623077,1015.47876,-2.0010538,-3.0495987,0.16792631,55.294395,0.0
2023-02-27 12:00:00,29.356964,21.582794,1012.0,-3.4615726,-2.5973024,0.0,63.002937,0.0
2023-02-27 18:00:00,25.979523,22.866486,1013.935,-2.211646,-2.450365,0.10346985,82.993004,0.0003820751
2023-02-28 00:00:00,25.883087,23.213287,1012.84564,-1.2444344,-2.6713915,0.62169856,85.238144,0.0103020575
2023-02-28 06:00:00,28.350494,23.256805,1015.52563,-4.0905952,-3.341282,0.47260565,73.9404,0.18711549
2023-02-28 12:00:00,29.214386,22.427032,1012.04626,-4.0333557,-2.965374,0.2848615,66.879745,0.0
2023-02-28 18:00:00,26.38382,23.652008,1014.4913,-2.2297697,-2.0100079,0.37546247,84.97111,0.1752004
2023-03-01 00:00:00,25.449036,23.137024,1012.6669,-0.7742529,-2.00733,0.5956827,87.05939,0.0
2023-03-01 06:00:00,30.859528,22.563507,1015.15436,-4.2745304,-3.0645752,0.34074026,61.355503,0.0
2023-03-01 12:00:00,29.239899,21.884796,1011.71875,-4.0610895,-2.934989,0.62930536,64.6117,0.0
2023-03-01 18:00:00,26.08194,22.710175,1015.2125,-2.957015,-1.7828045,0.15837939,81.71366,0.0
2023-03-02 00:00:00,24.658478,22.52298,1013.3306,-0.9497366,-2.6041737,0.8048645,87.92601,0.0029581133
2023-03-02 06:00:00,30.118805,21.800568,1015.6931,-3.0700455,-2.8121758,0.9151919,61.107452,0.0
2023-03-02 12:00:00,29.17398,19.598663,1012.3006,-3.5381813,-2.3004704,0.36147317,56.343227,0.0
2023-03-02 18:00:00,24.74881,19.445953,1015.4306,-1.432229,-1.9795532,0.24981445,72.38577,0.0
2023-03-03 00:00:00,23.684235,20.292877,1014.26935,-0.3376608,-2.4626226,0.30652863,81.31581,0.0
2023-03-03 06:00:00,30.011993,21.409576,1016.41187,-3.3419466,-2.2166433,0.2693392,60.03059,0.0
2023-03-03 12:00:00,29.136017,19.699127,1012.70874,-3.7709646,-2.3795156,0.03560167,56.82029,0.0
2023-03-03 18:00:00,24.913605,21.1055,1015.22,-2.1101112,-2.0807657,0.27505773,79.41607,0.0
2023-03-04 00:00:00,25.086578,21.517334,1014.1813,-1.1718416,-2.54253,0.17199495,80.610794,0.0
2023-03-04 06:00:00,31.136627,21.851105,1015.71,-2.7500935,-2.6401186,0.122875355,57.829815,0.0
2023-03-04 12:00:00,29.97586,21.737335,1012.3606,-3.5214386,-2.3452396,0.04272466,61.373722,0.0
2023-03-04 18:00:00,26.264984,23.605988,1015.145,-1.6845598,-1.7041836,0.6783239,85.33245,0.0
2023-03-05 00:00:00,25.412628,23.44754,1013.52124,-0.62731457,-2.3313875,0.8715212,88.89946,0.0
2023-03-05 06:00:00,30.856842,22.45462,1015.10815,-3.107624,-2.4597626,0.472122,60.960342,0.0
2023-03-05 12:00:00,29.753448,21.30655,1011.6875,-3.656474,-2.2953768,0.822075,60.546364,0.0
2023-03-05 18:00:00,24.939972,22.836456,1014.26935,-1.8625746,-1.9838028,0.8927606,88.12048,0.0
2023-03-06 00:00:00,25.038239,22.589874,1012.5181,-1.2667933,-2.0512123,0.5218148,86.30522,0.00057241414
2023-03-06 06:00:00,30.165314,21.151642,1014.3669,-2.8043432,-1.5711241,0.2789712,58.570786,0.0
2023-03-06 12:00:00,29.395538,20.96231,1010.2225,-3.5658436,-1.8617649,0.0,60.516113,0.0
2023-03-06 18:00:00,25.001923,22.496674,1012.89435,-2.2599726,-1.0902023,0.033050537,86.0041,0.0
2023-03-07 00:00:00,25.412628,22.520172,1011.1869,-0.8994379,-1.6716814,0.3887025,84.04673,1.7462298e-07
2023-03-07 06:00:00,30.604279,22.426361,1013.3819,-2.5941296,-1.6900568,0.24023348,61.740536,0.0
2023-03-07 12:00:00,29.621979,23.05606,1010.4219,-4.2134075,-1.9317932,0.08319928,67.865005,0.0
2023-03-07 18:00:00,26.39096,23.17163,1012.7056,-2.6992826,-1.9098053,0.13667849,82.50893,0.0006684568
2023-03-08 00:00:00,25.61557,22.411469,1011.3137,-1.3633413,-2.451848,0.3117199,82.493034,0.010499964
2023-03-08 06:00:00,30.045685,22.654327,1013.3725,-3.981512,-2.8669863,0.61361367,64.638176,0.24128991
2023-03-08 12:00:00,29.429474,22.41275,1010.22314,-4.0420084,-2.4512138,0.044455815,65.99692,0.0
2023-03-08 18:00:00,26.043915,23.10794,1012.08124,-2.4096146,-1.8469,0.041931152,83.89455,0.0
2023-03-09 00:00:00,25.437164,22.894623,1010.21124,-0.7976141,-2.2800083,0.23392552,85.852196,0.002194196
2023-03-09 06:00:00,30.487335,22.170868,1012.51935,-3.7534943,-3.028656,0.2499239,61.196404,0.0
2023-03-09 12:00:00,29.737701,21.75772,1009.4437,-3.721405,-3.082821,0.044997673,62.297756,0.0
2023-03-09 18:00:00,25.970123,23.418121,1012.2994,-2.5018578,-1.9864893,0.19784492,85.85527,0.0
2023-03-10 00:00:00,25.439545,23.06546,1010.2438,-0.3754387,-2.1950254,0.7160235,86.73231,0.001813285
2023-03-10 06:00:00,30.369904,22.39273,1011.8681,-3.2344303,-1.7251635,0.8896979,62.44682,0.0012405217
2023-03-10 12:00:00,28.76175,22.931183,1008.8106,-3.643921,-2.4642754,0.9227548,70.787605,0.0
2023-03-10 18:00:00,26.447968,23.219849,1011.40375,-2.634081,-1.6590004,0.73369396,82.47186,9.49949e-05
2023-03-11 00:00:00,25.384003,23.0596,1010.10065,-0.38463402,-2.0104332,0.5444676,86.98829,0.056462362
2023-03-11 06:00:00,30.20816,23.113068,1012.1431,-2.884552,-2.503889,0.4783581,65.842575,0.063506454
2023-03-11 12:00:00,29.553375,23.198273,1009.03,-4.009362,-2.4914637,0.28215194,68.722275,0.0
2023-03-11 18:00:00,26.064667,22.904053,1011.77,-2.7343235,-1.4957619,0.07081348,82.76406,0.0
2023-03-12 00:00:00,24.799591,22.149933,1010.17065,-0.17803383,-2.014495,0.4183253,85.2318,0.0035287812
2023-03-12 06:00:00,30.961456,22.20346,1011.76,-3.886815,-2.8210049,0.2673099,59.678684,0.027748756
2023-03-12 12:00:00,29.906647,23.230988,1008.39185,-4.3073654,-2.1674347,0.033511825,67.4719,0.0
2023-03-12 18:00:00,26.720795,23.182373,1011.505,-2.0983238,-1.688611,0.1571155,80.973076,0.0
2023-03-13 00:00:00,25.61087,23.346466,1009.1206,-0.7643938,-2.3102016,0.3694266,87.324615,0.0005727634
2023-03-13 06:00:00,31.461456,22.126251,1010.7056,-3.2998343,-2.1105995,0.11883502,57.73112,0.0036228448
2023-03-13 12:00:00,30.88504,20.95755,1007.4425,-3.6361237,-1.804018,0.0371615,55.5409,0.0
2023-03-13 18:00:00,25.721954,23.532013,1009.60065,-1.8139315,-1.682889,0.031087875,87.72745,0.0
2023-03-14 00:00:00,25.799957,24.035187,1008.4225,-1.0932264,-1.5685749,0.57004184,90.006775,9.5460564e-05
2023-03-14 06:00:00,30.84439,22.483917,1009.2488,-2.921856,-1.2191887,0.16159743,61.11241,0.0
2023-03-14 12:00:00,29.74588,22.500275,1005.71936,-4.1190166,-0.19875228,0.15822339,65.149956,0.0
2023-03-14 18:00:00,25.448761,23.118744,1008.59937,-2.1437998,0.41958296,0.13108279,86.964615,0.0
2023-03-15 00:00:00,24.75943,22.469818,1006.8975,0.06979561,-0.85469913,0.545784,87.115425,0.0
2023-03-15 06:00:00,30.956573,23.236115,1008.9269,-2.0534248,1.5944242,0.49801028,63.553608,0.018119812
2023-03-15 12:00:00,30.674591,24.624298,1005.4525,-3.3612556,1.4819663,0.37094945,70.20514,0.0
2023-03-15 18:00:00,27.137177,24.12564,1009.34814,-2.3920345,0.9261868,0.4281165,83.63428,0.00028312206
2023-03-16 00:00:00,25.963623,23.723877,1007.71124,-1.7004032,1.3381567,0.20661336,87.48554,0.0023841858
2023-03-16 06:00:00,31.96463,24.1044,1009.9675,-2.7431526,1.1458607,0.40140206,63.235367,0.33321086
2023-03-16 12:00:00,31.086212,24.442719,1006.52686,-3.702094,1.3895371,0.29064584,67.83364,0.0
2023-03-16 18:00:00,26.967926,23.938965,1010.1106,-1.7478352,1.1609356,0.19906974,83.52793,0.0
2023-03-17 00:00:00,26.529053,24.06247,1008.7275,-0.66520214,1.269161,0.2349757,86.35165,0.004769677
2023-03-17 06:00:00,31.69522,23.110138,1009.9325,-2.4048815,0.7601434,0.17112519,60.475403,0.0014292062
2023-03-17 12:00:00,30.52237,23.80661,1006.2594,-4.522505,-0.14341831,0.27127874,67.430046,0.0
2023-03-17 18:00:00,27.436829,24.360199,1009.09125,-2.7527618,-0.21761048,0.24425083,83.34199,0.014690682
2023-03-18 00:00:00,26.768707,24.250916,1008.1781,-1.5171528,-0.26385498,0.39142185,86.10956,0.013551576
2023-03-18 06:00:00,31.860626,24.899994,1009.7925,-2.4052792,0.9912699,0.68273634,66.710915,0.100412294
2023-03-18 12:00:00,30.70633,24.62091,1005.1806,-2.7912245,2.1427555,0.56858826,70.06369,0.009427056
2023-03-18 18:00:00,26.952911,24.567932,1008.59186,-0.99163914,2.3149605,0.26008403,86.814476,0.0
2023-03-19 00:00:00,26.256256,23.723663,1006.7944,0.7573883,1.9353169,0.6530148,85.98363,0.007148832
2023-03-19 06:00:00,32.024567,22.895905,1008.3831,0.57453346,2.0118952,0.48794997,58.592285,0.011730444
2023-03-19 12:00:00,31.168488,24.814545,1003.77185,-2.6603374,2.5863523,0.82569236,69.03407,0.18607129
2023-03-19 18:00:00,26.317352,24.31015,1008.3225,-1.3170156,1.0058022,0.7000673,88.74567,0.65361094
2023-03-20 00:00:00,24.76715,23.262482,1006.79315,0.76881313,-0.49699974,0.9919931,91.3588,0.27622294
2023-03-20 06:00:00,31.59439,24.079742,1008.47125,-0.6430111,2.7636418,0.667363,64.48176,0.0
2023-03-20 12:00:00,30.068817,24.512054,1004.57,-1.2707338,3.4209146,0.65044385,72.198555,0.0
2023-03-20 18:00:00,27.572723,24.577393,1007.665,0.8175928,2.9089231,0.89569217,83.7638,0.0021960586
2023-03-21 00:00:00,26.255035,24.894287,1005.66626,-0.1303072,1.3341972,0.87456036,92.23928,0.0
2023-03-21 06:00:00,32.13687,25.589874,1007.38873,-1.2906914,1.5454059,0.9882362,68.42806,0.018689781
2023-03-21 12:00:00,31.991241,25.72165,1004.65186,-2.462881,2.2253137,0.7593341,69.53594,0.0
2023-03-21 18:00:00,28.547913,25.60907,1008.27875,-1.6601582,3.2870798,0.8163915,84.15253,0.0
2023-03-22 00:00:00,26.874725,24.426117,1006.9431,1.1062698,0.6639043,0.88375765,86.477295,0.3242213
2023-03-22 06:00:00,32.187775,25.361908,1008.5106,-0.31628346,0.97392637,0.69579756,67.31346,0.0
2023-03-22 12:00:00,30.993805,25.727203,1004.1769,-2.8434467,1.9892721,0.47340548,73.616066,0.0
2023-03-22 18:00:00,28.262817,25.716156,1007.6381,-1.9397173,2.8712864,0.8386961,86.104225,0.0
2023-03-23 00:00:00,27.653687,25.073761,1006.5225,-0.3679781,1.886866,0.97093034,85.87554,0.078469515
2023-03-23 06:00:00,32.03824,25.226105,1008.96063,-1.5850306,2.5538502,0.918697,67.33915,0.0
2023-03-23 12:00:00,31.691925,24.022736,1004.9288,-2.3423386,2.9948664,0.9781778,63.906563,0.0
2023-03-23 18:00:00,27.174255,24.617218,1009.1125,-0.43424606,2.9137554,0.9632785,85.94644,0.0
2023-03-24 00:00:00,26.898987,24.0607,1006.4319,0.797446,1.8291497,0.8112407,84.48254,0.016979873
2023-03-24 06:00:00,32.87845,24.39975,1008.76373,0.14933771,2.4225245,0.18746221,61.12885,0.0
2023-03-24 12:00:00,31.197296,25.172699,1005.6069,-2.3494177,2.7792814,0.9967158,70.40851,0.015352387
2023-03-24 18:00:00,28.040497,25.294281,1009.74,-1.2520351,2.636675,0.9559748,85.06784,0.0
2023-03-25 00:00:00,27.2771,24.704254,1008.5513,-0.91436386,2.7301562,0.98212266,85.875244,0.0029560179
2023-03-25 06:00:00,32.248688,24.412659,1010.6175,-0.32081515,1.5519562,0.94401693,63.38787,0.05016476
2023-03-25 12:00:00,31.534454,24.63559,1006.34937,-2.3562555,2.1703868,0.35244733,66.89253,0.0
2023-03-25 18:00:00,27.960693,24.983185,1009.2537,-1.2992125,1.2712306,0.9999988,83.89561,0.0
2023-03-26 00:00:00,27.07306,24.886993,1007.8594,-0.56573963,1.7342952,0.95239455,87.86292,0.004578382
2023-03-26 06:00:00,31.936432,24.799896,1009.8194,-1.2489443,2.375019,0.9751243,66.02926,0.16173577
2023-03-26 12:00:00,31.778717,24.27768,1005.4269,-2.2850704,2.5375338,0.99593467,64.5729,0.0
2023-03-26 18:00:00,27.54361,25.155548,1008.48627,-1.1240921,1.8302708,0.9635598,86.85233,0.0
2023-03-27 00:00:00,26.956451,24.791351,1007.4306,1.4257255,0.66611755,0.29936156,87.96314,0.013073906
2023-03-27 06:00:00,33.557648,23.912384,1008.845,0.3895054,0.8097958,0.89614403,57.146633,0.0
2023-03-27 12:00:00,31.640533,25.66092,1005.075,-3.1025848,2.0328832,0.38300526,70.677505,0.0
2023-03-27 18:00:00,28.401184,25.84555,1007.1625,-2.368575,2.0136447,0.09081215,86.071655,0.0
2023-03-28 00:00:00,28.065796,25.268524,1006.92126,0.23975372,1.3083142,0.6733533,84.812386,0.0068694353
2023-03-28 06:00:00,32.528473,26.256561,1008.9319,-1.2597322,2.0649805,0.40751553,69.62603,0.082764775
2023-03-28 12:00:00,31.96524,25.50644,1005.8275,-3.9311123,1.8761289,0.3768527,68.75459,0.0
2023-03-28 18:00:00,27.35614,24.998138,1009.635,-1.8079863,1.4916492,0.8769145,86.99103,0.0
2023-03-29 00:00:00,26.71408,24.052826,1008.5062,-0.8130388,0.8960047,0.8433485,85.36616,0.0
2023-03-29 06:00:00,32.184235,24.423615,1010.1894,-2.1259346,1.615637,0.94532186,63.661026,0.09107217
2023-03-29 12:00:00,31.71109,24.52713,1006.435,-3.3489523,1.018838,0.0,65.796776,0.0
2023-03-29 18:00:00,26.771118,23.690002,1009.3206,-1.629261,1.2144362,0.0,83.244095,0.0
2023-03-30 00:00:00,25.957367,23.33139,1008.6025,-0.8770189,1.3612266,0.19311374,85.47156,0.0
2023-03-30 06:00:00,32.12149,23.326904,1009.4288,-1.1159515,0.49330693,0.4176056,59.81048,0.0
2023-03-30 12:00:00,30.80423,23.928864,1005.4625,-3.7311926,1.7752357,0.25008392,66.84154,0.0
2023-03-30 18:00:00,26.624237,22.944275,1008.8187,-1.4750614,1.5086881,0.07218356,80.27026,0.0
2023-03-31 00:00:00,26.099823,23.514679,1007.2531,1.2993879,1.3992761,0.3149107,85.69659,0.0
2023-03-31 06:00:00,33.053253,23.652191,1008.585,-0.77486706,2.0380478,0.7408961,57.87339,0.0011445954
2023-03-31 12:00:00,31.49405,25.639801,1004.5775,-3.7927809,2.134184,0.106925964,71.17883,0.0
2023-03-31 18:00:00,28.166565,25.299255,1007.34564,-2.4810066,2.049493,0.045280457,84.470245,0.0
2023-04-01 00:00:00,28.203339,24.876434,1007.41187,-0.44452477,2.330944,0.2996672,82.1926,0.053022057
2023-04-01 06:00:00,33.4357,23.968964,1008.7225,-1.0829878,3.6634235,0.13196725,57.7343,0.0
2023-04-01 12:00:00,31.750519,24.7742,1004.71313,-2.8676033,2.7092695,0.1621399,66.62655,0.0
2023-04-01 18:00:00,28.369812,25.443207,1008.375,-1.15594,2.3824072,0.2317642,84.19458,0.0
2023-04-02 00:00:00,27.29306,25.264862,1007.08563,0.4766665,2.56797,0.30038357,88.711426,0.07459149
2023-04-02 06:00:00,32.725372,25.075775,1008.78815,0.29827005,3.6215754,0.2560131,64.19896,0.0
2023-04-02 12:00:00,32.190582,24.319122,1004.2081,-2.0852242,3.0452695,0.3734726,63.24108,0.0
2023-04-02 18:00:00,29.054047,25.027374,1007.9894,-1.1871853,3.32405,0.23315322,78.94035,0.0
2023-04-03 00:00:00,28.24765,24.600311,1006.03625,0.7326596,2.540742,0.31351155,80.63965,0.02155453
2023-04-03 06:00:00,33.482697,25.075531,1008.40564,-0.90530014,3.035656,0.39156634,61.524193,0.0
2023-04-03 12:00:00,31.386627,24.972046,1004.89813,-2.293211,2.6602697,0.37662303,68.82594,0.0
2023-04-03 18:00:00,28.062866,24.7966,1008.4581,-1.0343246,2.356907,0.1377424,82.473915,0.0
2023-04-04 00:00:00,27.106415,24.595703,1007.21313,1.1218653,2.9215298,0.38912904,86.178375,0.022999942
2023-04-04 06:00:00,33.01773,23.615509,1009.90436,0.08912711,2.6925077,0.26906437,57.861076,0.01514703
2023-04-04 12:00:00,31.569366,24.746246,1006.22,-0.7595444,3.3854094,0.4228817,67.2029,0.0
2023-04-04 18:00:00,27.67154,25.06778,1009.5025,0.04858589,2.5357664,0.26560962,85.755424,0.00047683716
2023-04-05 00:00:00,26.877228,24.817383,1006.7925,0.25763184,1.6670647,0.5516419,88.51119,9.580981e-05
2023-04-05 06:00:00,33.490997,23.654816,1009.0125,-1.67803,2.598113,0.15093344,56.478287,0.015450758
2023-04-05 12:00:00,32.289948,24.40689,1005.4319,-2.4260368,2.912037,0.16802987,63.21837,0.0
2023-04-05 18:00:00,28.353271,24.732819,1009.09625,-1.5932531,1.7634706,0.24006854,80.782875,0.0
2023-04-06 00:00:00,27.307953,24.776947,1007.645,0.027648926,2.1414752,0.3849827,86.093155,0.005725771
2023-04-06 06:00:00,33.847565,23.987701,1009.10565,-0.8781748,1.5528755,0.08523412,56.482513,0.0
2023-04-06 12:00:00,32.424103,25.201935,1005.5669,-3.3875427,2.1407156,0.10954285,65.791435,0.06865244
2023-04-06 18:00:00,28.123138,25.247772,1009.405,-2.2748184,1.3985589,0.092437744,84.42518,0.0
2023-04-07 00:00:00,26.87146,24.39804,1008.7025,-1.1008282,1.5163068,0.27512926,86.348564,9.49949e-05
2023-04-07 06:00:00,33.551422,22.736664,1010.675,-3.0848904,1.4710455,0.2995947,53.249317,9.5926225e-05
2023-04-07 12:00:00,32.141876,23.283722,1007.78125,-3.706788,0.68961525,0.0,59.585953,0.0
2023-04-07 18:00:00,27.485626,23.912506,1010.79065,-2.0600853,-0.68004704,0.0,80.90135,0.0
2023-04-08 00:00:00,26.992035,23.664276,1010.39813,-1.5170107,-0.7247753,0.41169852,82.04266,0.0
2023-04-08 06:00:00,32.982452,22.42868,1012.15186,-4.0390787,-0.14329171,0.19781357,53.958237,0.0
2023-04-08 12:00:00,31.493805,23.612946,1010.11,-3.6778479,-0.9923048,0.6982009,63.05607,0.0
2023-04-08 18:00:00,27.640778,23.530731,1012.46564,-1.860877,-0.45756817,0.82884693,78.34904,0.0
2023-04-09 00:00:00,27.231964,23.86618,1010.78,-1.1020288,-1.1709089,0.1294274,81.884254,0.0034361146
2023-04-09 06:00:00,32.00772,23.756378,1012.7531,-3.2218246,-1.9025412,0.35818624,61.775513,0.057032797
2023-04-09 12:00:00,31.375275,24.07431,1009.14685,-4.218773,-0.84679794,0.12655921,65.26856,0.0
2023-04-09 18:00:00,27.75711,23.99826,1011.33435,-2.0697947,-0.4641819,0.34273034,80.0386,0.0
2023-04-10 00:00:00,27.00882,23.88919,1009.1944,-0.45342255,-1.2160845,0.37474322,83.07855,0.005056616
2023-04-10 06:00:00,33.26187,24.44693,1011.3031,-3.4732733,-0.30371052,0.14934817,59.995262,0.0
2023-04-10 12:00:00,31.904938,24.77298,1007.8775,-4.261627,-0.47493744,0.32485843,66.04096,0.0
2023-04-10 18:00:00,27.76474,24.98056,1010.4225,-1.9506674,-0.52262306,0.111465454,84.8474,0.0
2023-04-11 00:00:00,26.947418,24.33606,1009.08,-0.92439175,-0.9087963,0.48351932,85.645355,0.0017182902
2023-04-11 06:00:00,33.12332,23.607697,1011.0325,-2.4949465,-0.33569527,0.09976506,57.49175,0.0
2023-04-11 12:00:00,32.447296,23.64566,1007.9481,-3.6989174,-0.53603554,0.0,59.858955,0.0
2023-04-11 18:00:00,27.54358,25.2034,1010.7388,-2.1179314,0.26126987,0.0,87.10027,0.0
2023-04-12 00:00:00,26.565338,24.258575,1008.7444,-0.19498158,0.016665637,0.3996277,87.18702,0.0
2023-04-12 06:00:00,33.612213,23.67044,1010.70935,-1.7406178,0.32809907,0.07203086,56.149036,0.0
2023-04-12 12:00:00,32.929108,23.261383,1007.0644,-3.9426298,0.3159685,0.03261566,56.92108,0.0
2023-04-12 18:00:00,26.492828,24.133636,1009.7488,-1.8944187,0.9766978,0.0,86.90674,0.0
2023-04-13 00:00:00,25.748993,24.016754,1008.64685,0.8367367,0.14198554,0.4571228,90.17923,0.0
2023-04-13 06:00:00,33.361237,23.367218,1009.8781,-1.1425781,1.0065897,0.056404114,55.912548,0.0
2023-04-13 12:00:00,32.64029,24.028717,1006.3856,-3.2442875,1.7219012,0.0,60.59086,0.0
2023-04-13 18:00:00,26.953033,24.782074,1009.33435,-1.6161156,1.356009,0.067035675,87.93209,0.0
2023-04-14 00:00:00,25.66336,24.303741,1008.97626,0.5193548,0.972918,0.74624074,92.21255,0.0
2023-04-14 06:00:00,34.244537,23.270172,1009.82874,-1.1980629,1.5253475,0.05469268,52.908337,0.0
2023-04-14 12:00:00,33.2222,21.557037,1005.6175,-1.8611412,2.6001422,0.3692266,50.480507,0.0
2023-04-14 18:00:00,27.13321,23.756134,1008.34814,-0.7118254,1.8566861,0.95861703,81.816605,0.0
2023-04-15 00:00:00,26.496185,24.817535,1008.23627,1.07584,1.0996041,0.97079486,90.52021,0.0005722977
2023-04-15 06:00:00,34.90518,23.183258,1009.10187,-0.9471216,1.8380164,0.9288728,50.733723,0.0
2023-04-15 12:00:00,32.725983,24.303131,1005.52124,-2.1151352,2.433329,0.9999998,61.29992,0.0
2023-04-15 18:00:00,27.89505,25.869781,1007.7175,-1.105154,1.9902997,0.040162098,88.77419,0.0
2023-04-16 00:00:00,26.612823,25.43045,1006.8775,1.0862103,1.8280398,0.8222123,93.242966,0.0009536743
2023-04-16 06:00:00,34.658234,22.58963,1008.28937,-1.0784655,2.0783138,0.14461543,49.617203,0.0
2023-04-16 12:00:00,33.386505,23.111725,1004.4906,-2.2175398,2.8719647,0.00800705,54.97821,0.0
2023-04-16 18:00:00,27.780914,24.39737,1007.085,-0.91535187,2.5360718,0.007349681,81.86385,0.0
2023-04-17 00:00:00,26.779694,24.775787,1006.5069,1.7028086,1.0965939,0.7603358,88.79957,0.0041034073
2023-04-17 06:00:00,34.07254,23.16214,1007.9581,-1.249816,1.6886345,0.052713394,53.070545,0.0
2023-04-17 12:00:00,33.05667,24.475983,1005.53625,-2.584282,2.8988643,0.08011762,60.796177,0.0
2023-04-17 18:00:00,27.862091,25.612946,1008.28625,-1.5533066,1.5570973,0.0,87.600845,0.0
2023-04-18 00:00:00,27.665558,25.620087,1007.375,0.42222214,1.1620266,0.55429107,88.64985,0.0018123537
2023-04-18 06:00:00,34.21341,24.332306,1009.4475,-1.5351429,1.9440708,0.05622542,56.497288,0.0
2023-04-18 12:00:00,33.296783,25.107452,1005.70874,-2.7053785,2.3487833,0.30380923,62.287086,0.0
2023-04-18 18:00:00,27.790741,25.563263,1008.08813,-1.6061392,1.0808575,0.02331543,87.707504,0.0
2023-04-19 00:00:00,27.947235,26.027954,1006.58875,-0.29328632,1.0748954,0.5948946,89.337006,0.0
2023-04-19 06:00:00,34.134186,24.525787,1007.33875,-0.67899036,1.9134407,0.092773534,57.408566,0.0
2023-04-19 12:00:00,33.842194,26.448273,1002.84875,-1.7671013,3.2631397,0.023994446,65.41164,0.0
2023-04-19 18:00:00,29.907257,26.557465,1005.4919,-0.1588583,3.380618,0.005958557,82.283615,0.0
2023-04-20 00:00:00,28.891449,26.680756,1004.22064,1.660022,2.2107792,0.17623901,87.88768,0.0007636845
2023-04-20 06:00:00,35.86844,22.925446,1005.4875,0.90192044,3.1390228,0.0066890717,47.359497,0.0
2023-04-20 12:00:00,34.000153,25.83731,1000.9462,-0.99798584,4.7174253,0.18351746,62.537174,0.0
2023-04-20 18:00:00,29.555634,26.316986,1004.0681,0.40181756,4.3163414,0.09212685,82.78365,0.0
2023-04-21 00:00:00,29.550385,26.345245,1003.33,1.2768497,3.4541197,0.14224242,82.946976,0.0043921173
2023-04-21 06:00:00,35.855133,24.216766,1005.135,1.0152392,3.6417098,0.03806305,51.2297,0.0
2023-04-21 12:00:00,33.176178,26.282745,1001.6869,-0.31799603,4.1475887,0.33393887,67.237724,0.0
2023-04-21 18:00:00,29.80487,25.561462,1004.83685,0.11120224,3.9520636,0.07445784,78.03395,0.0
2023-04-22 00:00:00,29.352264,26.40216,1003.6425,0.83595395,2.6113567,0.17905343,84.182724,0.0013364479
2023-04-22 06:00:00,34.634064,25.42398,1005.9531,-0.80711937,2.1609268,0.3387289,58.9055,0.09421352
2023-04-22 12:00:00,32.935577,25.204376,1001.5875,-3.005621,3.5060246,0.25332633,63.931675,0.0
2023-04-22 18:00:00,29.897614,26.332306,1004.8475,0.57463986,3.0191386,0.5359951,81.243095,9.5460564e-05
2023-04-23 00:00:00,28.987793,25.765839,1004.435,0.22982687,2.4122984,0.41851133,82.79979,0.0004763715
2023-04-23 06:00:00,35.475616,24.051727,1005.4294,-0.7443857,2.4577167,0.16532898,51.79763,0.0
2023-04-23 12:00:00,33.240875,24.892487,1002.03314,-2.8343554,3.237879,0.5414959,61.687065,0.0
2023-04-23 18:00:00,28.658966,25.040314,1007.04877,-0.6111765,2.1533804,0.9899153,80.83062,0.52333146
2023-04-24 00:00:00,26.691803,23.732635,1006.4581,0.17615318,0.8598759,1.0000002,83.84853,0.0
2023-04-24 06:00:00,33.062286,24.843597,1007.52,-1.614296,2.8459435,0.81051165,62.127285,0.17355454
2023-04-24 12:00:00,33.072174,24.862152,1004.34564,-3.5430107,1.1033852,0.6842749,62.161564,0.0
2023-04-24 18:00:00,30.101654,25.7518,1007.4338,-2.0024223,1.4628088,0.9425682,77.58534,0.37564564
2023-04-25 00:00:00,28.497925,25.173553,1007.3075,-1.0364494,1.0239596,0.9544622,82.24014,0.0
2023-04-25 06:00:00,32.591217,24.662079,1008.85376,-2.1166267,2.038803,0.9906938,63.108627,0.0
2023-04-25 12:00:00,29.7742,25.334106,1005.1375,-2.2068253,0.9300568,1.0000002,77.12279,0.0
2023-04-25 18:00:00,28.671112,25.686584,1007.71936,-1.111579,0.8033394,0.9950068,83.938065,0.0
2023-04-26 00:00:00,27.74057,25.37201,1006.8256,-0.8714447,0.43636775,0.797346,86.97099,0.01593272
2023-04-26 06:00:00,30.72293,25.692352,1008.40375,-2.594718,-1.4311543,0.8504867,74.60912,1.1988486
2023-04-26 12:00:00,30.894379,25.068268,1004.68,-2.8798428,-0.40703392,0.8444779,71.19096,0.0
2023-04-26 18:00:00,28.452576,25.87616,1007.21436,-1.6360779,0.10749191,0.6822539,85.97067,0.13695285
2023-04-27 00:00:00,28.301056,24.958527,1006.165,-0.108026505,-0.10324365,0.760445,82.12771,0.0
2023-04-27 06:00:00,33.322784,24.413239,1008.3694,-2.5646582,-0.14205277,0.99160004,59.6701,0.037386097
2023-04-27 12:00:00,31.621857,25.488129,1005.6144,-2.8969793,0.28523242,0.9789104,70.03042,0.0
2023-04-27 18:00:00,29.15503,25.960266,1008.4956,-2.0853958,1.2537551,0.06131636,82.95254,0.14154613
2023-04-28 00:00:00,28.62558,25.59259,1007.4869,-0.9824362,1.0064777,0.9058025,83.692055,0.0
2023-04-28 06:00:00,31.864899,25.693573,1008.77185,-1.9593859,1.1177273,0.81497645,69.918945,0.15838963
2023-04-28 12:00:00,32.200714,25.90744,1004.85187,-3.3122587,1.2664185,0.61924356,69.477356,0.0
2023-04-28 18:00:00,28.593292,26.208038,1008.0644,-1.3970203,1.0668383,0.44198716,86.96165,0.02013892
2023-04-29 00:00:00,28.27066,25.191376,1006.8744,-0.41705513,1.2589214,0.8492935,83.42259,0.058635056
2023-04-29 06:00:00,32.47281,25.078705,1008.6944,-2.6497936,-0.0850299,0.9852976,65.131035,0.20446497
2023-04-29 12:00:00,30.920929,25.101166,1005.21063,-3.3192415,1.2379266,0.88867533,71.22264,0.0
2023-04-29 18:00:00,27.392914,25.219666,1007.0631,-0.23640251,0.673237,0.99888813,87.95703,0.33289677
2023-04-30 00:00:00,26.882446,24.691376,1006.0781,-0.8038101,0.9962204,0.99130875,87.820526,0.0
2023-04-30 06:00:00,31.702179,24.861267,1007.1337,-1.413331,1.3278856,0.9609927,67.15773,0.17830305
2023-04-30 12:00:00,31.012299,24.696106,1003.43,-1.393445,1.5033937,0.91588223,69.16043,0.0
2023-04-30 18:00:00,27.913788,24.919403,1006.10126,-1.3825569,2.398416,0.6968463,83.80605,0.15489456
2023-05-01 00:00:00,28.013885,24.953888,1005.0444,0.15255356,1.6161997,0.97742945,83.48978,0.0
2023-05-01 06:00:00,29.934967,25.427826,1006.4,-0.30516744,1.1430607,0.9973395,76.83984,0.12381089
2023-05-01 12:00:00,29.483917,25.295319,1003.9469,-0.94507027,1.3484776,0.99849164,78.242744,0.7823221
2023-05-01 18:00:00,26.139008,24.983337,1007.66,0.6500282,1.225209,1.0,93.3685,0.4354589
2023-05-02 00:00:00,25.05478,23.94162,1005.96875,0.9447632,1.3748283,1.0,93.55521,0.0
2023-05-02 06:00:00,27.553253,24.734741,1008.6125,0.3071413,1.3561838,1.0,84.65172,0.41302454
2023-05-02 12:00:00,30.131744,25.2305,1004.53625,-1.4647503,-0.005488336,1.0,75.0897,0.0
2023-05-02 18:00:00,27.171356,25.387238,1008.20435,0.051115334,2.369421,0.98184395,89.99951,0.02186209
2023-05-03 00:00:00,26.624786,24.888397,1006.5494,1.7087986,0.81865036,0.9980235,90.217514,0.0
2023-05-03 06:00:00,31.448395,23.284882,1008.8119,0.852651,1.2484875,0.9988886,61.98035,0.0
2023-05-03 12:00:00,28.430634,25.511932,1004.96436,-1.3321381,2.2745175,0.98729426,84.24065,2.6381016
2023-05-03 18:00:00,25.497223,24.358368,1008.22876,2.1224742,0.53071874,0.87354845,93.43185,0.0
2023-05-04 00:00:00,25.693634,23.720093,1006.0019,2.240635,-0.29428512,0.9980193,88.87618,0.0
2023-05-04 06:00:00,32.269318,25.077393,1007.70935,-0.020646632,-0.33502674,0.9973391,65.87868,0.019167943
2023-05-04 12:00:00,29.78238,24.439728,1003.76874,-1.7134132,1.4259794,0.8311765,73.08025,0.0
2023-05-04 18:00:00,26.325958,24.949799,1007.4425,1.8809288,0.4863329,0.9941032,92.15843,3.188241
2023-05-05 00:00:00,26.071075,24.296082,1005.28314,0.8048165,0.8885214,1.0,89.9708,0.0
2023-05-05 06:00:00,31.438995,23.769958,1007.17377,2.0660615,2.200933,1.0,63.853653,0.0
2023-05-05 12:00:00,29.014801,23.095978,1003.5062,0.62894523,1.564827,1.0,70.45664,0.0
2023-05-05 18:00:00,27.296295,24.784729,1006.51935,0.511906,0.61836624,1.0,86.19206,0.35016528
2023-05-06 00:00:00,27.13028,24.502563,1004.54065,-0.46876836,-1.0862608,0.99397033,85.579575,0.0
2023-05-06 06:00:00,32.375275,24.005096,1006.59814,-0.8948908,0.2263794,1.0,61.41638,0.0
2023-05-06 12:00:00,27.964386,26.178741,1003.4244,-0.82316685,1.4953052,1.0,90.047005,0.17786026
2023-05-06 18:00:00,26.744476,25.608734,1007.1381,2.1168418,1.1460571,0.9966559,93.507835,0.06689495
2023-05-07 00:00:00,25.416107,23.688507,1004.29315,3.3637419,0.093094766,1.0,90.1812,0.6392151
2023-05-07 06:00:00,29.860504,24.511383,1006.8169,1.7294798,0.8575182,1.0,73.0652,0.0
2023-05-07 12:00:00,29.783112,25.311798,1003.27875,1.1361356,1.1761105,1.0,76.98102,0.11920336
2023-05-07 18:00:00,25.587128,24.244598,1006.45123,2.1094294,-1.4580164,1.0,92.30285,0.22969796
2023-05-08 00:00:00,25.623749,23.84021,1003.7512,1.346658,1.0601082,0.9640296,89.89281,0.0
2023-05-08 06:00:00,31.554718,24.9693,1005.58185,2.2209382,0.1590712,0.82073534,68.160286,0.059120357
2023-05-08 12:00:00,31.991425,24.350098,1001.8281,-0.3427906,1.9316394,0.99464464,64.07665,0.0
2023-05-08 18:00:00,28.680328,25.487732,1005.905,1.8892794,1.9011842,1.0,82.90871,0.0
2023-05-09 00:00:00,27.615753,24.546173,1004.15125,2.067665,0.53787327,0.5142972,83.39736,0.0
2023-05-09 06:00:00,33.641632,25.673279,1005.4294,-0.10278487,-1.2667751,0.99733883,63.1853,0.022982247
2023-05-09 12:00:00,32.82657,26.140411,1002.91815,-2.5736675,1.3356737,1.0,67.99798,0.083054416
2023-05-09 18:00:00,28.234924,25.400787,1005.9963,1.8184263,1.2456512,1.0,84.644226,0.0
2023-05-10 00:00:00,27.851776,25.012238,1003.6912,1.7147312,0.2214998,1.0000052,84.57687,0.0
2023-05-10 06:00:00,33.786896,25.857056,1004.5156,1.0313673,-1.6057987,1.0,63.36062,0.0072475523
2023-05-10 12:00:00,33.190582,26.036896,1001.5756,-1.214344,2.1047962,1.0,66.21411,0.0
2023-05-10 18:00:00,30.102753,26.448914,1006.4406,0.13766956,2.964958,1.0,80.84549,0.089251935
2023-05-11 00:00:00,28.829346,26.367828,1004.3131,1.9956865,1.1320413,0.9999982,86.59229,0.0
2023-05-11 06:00:00,34.27603,26.521942,1005.0925,3.6788397,1.1311007,0.9844465,64.125465,0.0
2023-05-11 12:00:00,33.70279,25.97464,1003.1287,0.7409401,2.744935,1.0,64.10407,0.0
2023-05-11 18:00:00,28.930634,25.917267,1005.70123,2.431057,3.5410244,1.0,83.82299,0.0
2023-05-12 00:00:00,28.8497,24.161041,1004.7019,3.3405437,1.5288142,1.0,75.84677,0.0
2023-05-12 06:00:00,33.464508,25.028473,1006.03186,3.6150446,2.5104299,1.0,61.41444,0.0
2023-05-12 12:00:00,32.604523,26.832916,1003.3131,0.96974003,4.625221,1.0,71.72366,0.16513467
2023-05-12 18:00:00,30.00653,27.267487,1006.835,2.6526108,5.050251,1.0,85.3023,0.0
2023-05-13 00:00:00,29.222412,25.56485,1005.3575,3.643714,3.3967912,0.9973393,80.715576,0.0
2023-05-13 06:00:00,32.9357,25.191559,1006.78125,4.0271235,3.3352337,0.94638324,63.882477,0.0
2023-05-13 12:00:00,34.077667,26.200104,1003.77435,1.7132709,3.086191,0.95249915,63.61844,0.0
2023-05-13 18:00:00,30.055267,27.251678,1006.4981,2.7513502,4.599766,1.0,84.98504,0.0
2023-05-14 00:00:00,29.674988,25.703217,1004.5144,3.6116314,3.6971486,0.99999994,79.28373,0.0
2023-05-14 06:00:00,34.491608,24.898285,1005.3212,3.9944,1.1469364,0.9903172,57.543858,0.0
2023-05-14 12:00:00,33.920563,26.899445,1002.21124,0.68034106,5.160332,0.6997846,66.87933,0.0
2023-05-14 18:00:00,30.38208,27.763824,1004.8881,2.6471057,5.077278,0.7689336,85.94423,0.0
2023-05-15 00:00:00,29.551025,25.77768,1004.72626,2.781352,3.4577239,0.99960417,80.20543,0.0
2023-05-15 06:00:00,34.747833,25.397614,1006.2494,3.5837183,2.3286948,1.0,58.442833,0.0
2023-05-15 12:00:00,34.03531,26.602448,1002.8162,0.38405704,3.442536,0.99001485,65.3009,0.0
2023-05-15 18:00:00,29.767426,27.805328,1006.3856,1.3804374,4.4453506,0.99999994,89.24814,0.0
2023-05-16 00:00:00,29.312653,27.532501,1005.60876,2.1335688,2.459166,0.99734044,90.16957,0.0
2023-05-16 06:00:00,35.70462,24.730865,1006.9944,3.3309822,1.6582407,0.9438008,53.270634,0.0
2023-05-16 12:00:00,35.01187,26.457428,1003.8525,-0.80302334,2.775855,0.9426389,61.323284,0.0
2023-05-16 18:00:00,29.955292,27.667145,1006.90814,0.41429418,4.271141,0.97822845,87.579056,0.0
2023-05-17 00:00:00,29.81781,27.359894,1006.4531,0.9828454,3.0758762,0.45393747,86.7012,0.00019115396
2023-05-17 06:00:00,34.265778,26.744171,1008.1319,0.46732277,3.2800264,0.41296726,65.007515,0.0
2023-05-17 12:00:00,33.207184,26.888336,1005.17065,-0.55057335,4.1751485,0.03895569,69.55911,0.0
2023-05-17 18:00:00,29.904083,26.84311,1009.275,-0.7679262,4.4558144,0.9720179,83.69435,0.0
2023-05-18 00:00:00,29.69043,26.89386,1008.1669,1.0569128,3.4408035,0.37610507,84.982895,0.0
2023-05-18 06:00:00,34.763824,26.296356,1009.20435,1.3911145,3.0718784,0.6654972,61.58446,0.0038142316
2023-05-18 12:00:00,32.215363,26.518524,1006.16125,-0.17504597,4.5043926,0.27810735,71.97214,0.0
2023-05-18 18:00:00,29.73645,26.258453,1009.0519,0.9603093,4.850731,0.13232026,81.6431,0.0
2023-05-19 00:00:00,28.998108,25.743103,1007.35,1.6996678,4.149519,0.34248662,82.638916,0.0
2023-05-19 06:00:00,33.735138,25.540314,1008.495,2.386366,3.7033157,0.1248675,62.36158,0.008392613
2023-05-19 12:00:00,33.20523,26.721588,1004.7775,0.028941154,4.9915314,0.01688385,68.88768,0.0
2023-05-19 18:00:00,29.708405,26.986969,1007.4369,1.0942223,4.8309546,0.0019779205,85.36077,0.0
2023-05-20 00:00:00,29.027802,26.397491,1005.9375,2.1576133,2.614679,0.08965088,85.7528,0.0
2023-05-20 06:00:00,34.3179,25.622223,1007.2444,1.4256334,2.3453257,0.0795596,60.66052,0.000762986
2023-05-20 12:00:00,33.046295,27.143585,1004.1731,-0.6361046,5.116164,0.2355472,71.25076,0.0
2023-05-20 18:00:00,29.622375,26.852264,1007.3844,1.231507,4.61094,0.1693538,85.10825,0.0
2023-05-21 00:00:00,29.295715,26.492584,1006.7294,1.1102995,3.2978039,0.2146005,84.9097,0.0
2023-05-21 06:00:00,34.2106,26.356964,1007.8256,0.85009336,3.0470397,0.1340235,63.73639,0.0049592927
2023-05-21 12:00:00,33.36429,26.694733,1005.3656,-0.15233135,4.6160316,0.12033081,68.16785,0.0
2023-05-21 18:00:00,29.401398,26.137878,1008.8325,1.3625641,4.496462,0.05863193,82.64423,0.0
2023-05-22 00:00:00,29.028534,25.659576,1007.5681,1.3087838,3.436276,0.13033304,82.08587,0.0001899898
2023-05-22 06:00:00,33.83084,25.881622,1009.03625,0.60818964,3.421712,0.19097236,63.29725,0.041007996
2023-05-22 12:00:00,31.69107,25.863312,1006.57623,-0.22166443,4.687957,0.31837463,71.32576,0.0
2023-05-22 18:00:00,28.375061,25.15268,1009.7344,1.5949768,3.5457494,0.050145417,82.726654,0.0
2023-05-23 00:00:00,27.79953,25.251923,1008.8306,1.2020454,2.0962257,0.052666135,86.05508,0.0
2023-05-23 06:00:00,34.283478,25.519806,1009.6169,0.86321765,2.4310832,0.1985351,60.40851,0.001525972
2023-05-23 12:00:00,32.43045,25.73111,1006.1356,-0.14075851,5.0975213,0.24051666,67.868515,0.0
2023-05-23 18:00:00,29.482422,25.737335,1008.8175,1.9409473,4.521847,0.09493896,80.330956,0.0
2023-05-24 00:00:00,28.569092,25.370941,1007.8575,2.1663067,2.9631624,0.07609236,82.86851,0.0
2023-05-24 06:00:00,34.051056,24.864166,1008.8606,2.0792794,3.3241787,0.13427539,58.8535,0.0015259138
2023-05-24 12:00:00,32.334503,25.815948,1005.74,0.20105267,5.0429354,0.12812917,68.58128,0.0
2023-05-24 18:00:00,29.53244,25.484161,1008.6106,1.7899077,4.699522,0.04592906,78.905,0.0
2023-05-25 00:00:00,28.865662,25.74649,1007.7488,2.2107496,3.1108036,0.07672161,83.29192,0.0
2023-05-25 06:00:00,34.795685,24.607391,1008.6375,3.0994034,1.4943941,0.12487793,55.60535,0.0001906883
2023-05-25 12:00:00,33.533234,25.35147,1005.52,0.16062486,4.9624276,0.25604248,62.36633,0.023643719
2023-05-25 18:00:00,29.7659,27.360992,1008.4456,1.8815275,4.184041,0.17522337,86.966194,0.0
2023-05-26 00:00:00,29.79181,24.370026,1007.675,2.579917,2.3531861,0.07235502,72.73633,0.0
2023-05-26 06:00:00,35.54593,23.58609,1008.64374,3.2848215,1.1222229,0.043972015,50.171844,0.0020023435
2023-05-26 12:00:00,32.13382,25.106964,1006.8894,2.459539,2.2826576,0.7557823,66.5024,0.0
2023-05-26 18:00:00,28.331512,24.417145,1008.32623,2.1459732,1.5087225,0.9296239,79.37234,0.0
2023-05-27 00:00:00,27.871002,23.608673,1006.40314,2.5331821,1.1244535,0.32655185,77.66637,0.0
2023-05-27 06:00:00,34.83853,24.362885,1007.14374,2.637903,0.7241285,0.19862755,54.66742,0.0036233105
2023-05-27 12:00:00,35.51956,24.446808,1003.8594,-0.55193233,2.8242655,0.7971935,52.91074,0.0427193
2023-05-27 18:00:00,30.335083,25.359344,1006.1788,1.1400948,4.0421257,0.9698423,74.79004,0.0
2023-05-28 00:00:00,29.33783,27.055817,1005.185,2.2602258,2.8537648,0.8107419,87.557655,0.0
2023-05-28 06:00:00,34.08023,24.937897,1006.0725,2.393876,1.6963758,0.93470734,59.016846,0.012492761
2023-05-28 12:00:00,35.507355,25.221832,1002.9963,0.21693707,2.7169216,0.994651,55.453564,0.0
2023-05-28 18:00:00,30.427704,26.621246,1006.5781,0.928066,3.581091,0.98990387,80.163055,0.0
2023-05-29 00:00:00,29.56314,26.896088,1005.27374,1.277322,3.0283523,0.8354356,85.619644,0.0
2023-05-29 06:00:00,35.157257,25.613312,1006.475,0.65119606,2.3315868,0.33595097,57.868153,0.0
2023-05-29 12:00:00,32.715973,26.526764,1003.9894,-0.39053345,4.581031,0.6107224,70.00126,0.0
2023-05-29 18:00:00,29.56491,26.919647,1007.78876,0.21560419,3.9217072,0.8446142,85.72956,0.0
2023-05-30 00:00:00,29.023102,26.403015,1006.5625,0.32987773,3.4906197,0.9659026,85.804085,0.0
2023-05-30 06:00:00,34.724884,25.399078,1007.1106,0.5214994,2.989708,0.93022585,58.522438,0.0
2023-05-30 12:00:00,32.653717,25.117584,1004.6431,-1.4291515,3.8617282,0.9422544,64.61942,0.0
2023-05-30 18:00:00,27.807098,25.411041,1008.22687,2.0257425,1.9902587,0.90806776,86.83495,0.0
2023-05-31 00:00:00,27.824738,25.585358,1006.41187,0.9770608,1.4293065,0.9280819,87.64845,0.00047683716
2023-05-31 06:00:00,34.237457,25.164337,1006.67377,1.0630418,1.3863913,0.44833618,59.296696,0.0
2023-05-31 12:00:00,34.697906,25.294342,1003.42377,-0.357234,3.104681,0.4364599,58.246254,0.020593405
2023-05-31 18:00:00,30.007477,25.224945,1006.88,0.77344126,4.203803,0.72835326,75.60251,0.0
2023-06-01 00:00:00,29.232697,26.371613,1005.085,1.4762686,2.8218322,0.8708856,84.61344,0.0
2023-06-01 06:00:00,35.04178,24.479889,1006.1337,2.3670144,2.8278093,0.99467885,54.434998,0.0
2023-06-01 12:00:00,33.832184,25.862946,1002.83374,0.21886474,4.300727,0.60745424,63.222496,0.18537045
2023-06-01 18:00:00,30.35904,26.971344,1006.3719,1.6066792,3.6642287,0.65331876,82.153824,0.0
2023-06-02 00:00:00,29.651123,23.586395,1004.7612,3.3186455,1.4606907,0.8367791,69.9556,0.0
2023-06-02 06:00:00,35.30594,23.904572,1006.03876,3.4632196,1.6860175,0.77442867,51.82534,0.004004687
2023-06-02 12:00:00,34.233795,24.307892,1003.15314,0.73068124,3.5235078,0.58125263,56.350643,0.23933128
2023-06-02 18:00:00,30.424713,26.57132,1006.02814,1.6561878,5.3527784,0.34717995,79.941284,0.0
2023-06-03 00:00:00,29.745605,26.054962,1004.9556,2.5031571,2.9475722,0.95983636,80.62443,0.0
2023-06-03 06:00:00,35.787506,24.905243,1005.5125,2.7271328,1.99408,0.983023,53.582787,0.0
2023-06-03 12:00:00,34.303375,26.314484,1002.15564,0.14281464,5.0694504,0.99960405,63.249027,0.066548586
2023-06-03 18:00:00,30.315338,27.063873,1005.66626,1.7365394,5.2541876,0.4445184,82.80867,0.0
2023-06-04 00:00:00,30.004242,26.440826,1004.225,2.3871717,3.471335,0.27232534,81.265434,0.0
2023-06-04 06:00:00,35.59195,24.53714,1005.8762,3.6566944,1.0947428,0.15307651,52.985455,0.006007962
2023-06-04 12:00:00,34.898346,25.177765,1002.3006,0.91331017,2.8434458,0.21247919,57.203716,0.22498983
2023-06-04 18:00:00,30.017792,25.848969,1006.1131,1.1272814,4.008697,0.8186832,78.41019,0.0
2023-06-05 00:00:00,29.452484,26.231598,1004.20685,2.2327359,2.7081394,0.6464406,82.85862,0.0
2023-06-05 06:00:00,35.38797,23.654938,1004.94,3.4377928,2.1473815,0.22865331,50.82178,0.0
2023-06-05 12:00:00,32.843414,24.940094,1002.45685,-0.19987702,4.865636,0.45211196,63.259888,0.049956143
2023-06-05 18:00:00,28.288116,26.13565,1006.3713,0.36936092,2.9710252,0.9284755,88.13992,0.0
2023-06-06 00:00:00,28.417969,25.29007,1004.1625,2.7774506,1.0677942,0.9933701,83.19815,0.0
2023-06-06 06:00:00,35.10086,23.438995,1004.70935,3.7161245,1.4495866,0.5755596,50.967606,0.0
2023-06-06 12:00:00,33.925934,24.789948,1001.40625,-0.16023064,4.773465,0.43475354,59.003937,0.0
2023-06-06 18:00:00,29.494202,26.638702,1005.09625,1.8660136,3.7425141,0.9617486,84.66851,0.0
2023-06-07 00:00:00,29.598572,24.389313,1003.0806,2.984603,1.125623,0.99999994,73.635284,0.0
2023-06-07 06:00:00,34.93985,24.399445,1004.4869,3.7703047,0.7258782,0.9651726,54.4803,0.006865943
2023-06-07 12:00:00,33.18521,25.251007,1002.15375,-0.21240997,3.806333,0.613939,63.216366,0.33531004
2023-06-07 18:00:00,29.53247,25.891022,1005.7581,3.2298546,2.079874,0.40333104,80.8323,0.0
2023-06-08 00:00:00,29.67398,22.477692,1004.45123,4.137454,0.6357975,0.99605805,65.330536,0.0
2023-06-08 06:00:00,35.140045,22.797272,1005.1225,3.6950884,1.7523031,0.9999992,48.92149,0.002669869
2023-06-08 12:00:00,35.12149,24.460846,1001.7494,0.9806325,4.0960503,0.93866867,54.1335,0.15713763
2023-06-08 18:00:00,30.273651,26.781036,1005.08936,2.5075307,1.9363489,0.97978514,81.638336,0.0
2023-06-09 00:00:00,29.538208,22.204987,1003.23376,3.5023813,1.4170892,0.99521905,64.760544,0.0
2023-06-09 06:00:00,34.611847,23.118011,1003.48376,3.9147806,1.9109733,0.78302026,51.363533,0.0
2023-06-09 12:00:00,34.411163,23.804352,1001.3794,2.2614334,3.002833,0.76503223,54.1351,0.0001899898
2023-06-09 18:00:00,30.737091,23.96463,1003.6275,3.9542208,1.0339766,0.9824834,67.24282,0.0
2023-06-10 00:00:00,29.761078,21.887787,1002.7506,4.201679,1.1490307,0.97123575,62.710075,0.0
2023-06-10 06:00:00,35.236603,22.558624,1002.97064,4.6963987,1.5654558,0.914427,47.961346,0.0
2023-06-10 12:00:00,34.244537,22.211823,1001.1475,3.0371866,2.9703827,0.92785794,49.61942,0.0
2023-06-10 18:00:00,30.104095,22.376862,1003.91815,2.8363926,1.4852428,0.61798877,63.34505,0.0
2023-06-11 00:00:00,28.945404,21.14444,1003.2631,3.3268251,0.7330526,0.31269836,62.81019,0.0
2023-06-11 06:00:00,35.325348,22.77124,1003.8825,3.622099,1.2333966,0.4498436,48.346233,0.014496967
2023-06-11 12:00:00,33.412506,24.83609,1001.37,2.832415,4.1607294,0.9276593,60.890842,0.12140162
2023-06-11 18:00:00,30.158722,25.544098,1004.16064,1.4294013,2.9349504,0.3987642,76.38439,0.0
2023-06-12 00:00:00,29.620392,23.483795,1002.55,3.0952396,1.0449383,0.3694842,69.647514,0.0
2023-06-12 06:00:00,36.260162,23.577484,1003.77563,3.6501904,2.0526276,0.610686,48.212353,0.006293878
2023-06-12 12:00:00,31.763702,25.792328,1001.4306,3.1617174,2.300986,0.9880613,70.73427,0.3245715
2023-06-12 18:00:00,29.453278,23.291534,1004.35187,3.6668644,0.37266827,0.49750978,69.51062,0.0
2023-06-13 00:00:00,28.926605,22.332611,1003.57,2.9249735,2.1619987,0.37807786,67.61323,0.0
2023-06-13 06:00:00,35.34781,23.955963,1004.45,4.4402676,1.3207631,0.17415679,51.865463,0.001525972
2023-06-13 12:00:00,34.204132,23.967926,1001.6119,1.1003684,3.1312923,0.6644075,55.30405,0.0
2023-06-13 18:00:00,30.062653,23.989777,1005.3688,2.6106033,1.389226,0.95680785,69.99753,0.0
2023-06-14 00:00:00,29.038422,21.914703,1004.3144,3.3353586,1.0958,0.82466704,65.488235,0.0
2023-06-14 06:00:00,35.245636,23.608063,1005.825,4.57123,0.5460565,0.38056374,51.07883,0.0
2023-06-14 12:00:00,35.310333,22.664825,1002.8681,2.2931228,0.04953003,1.0000008,48.07509,0.0
2023-06-14 18:00:00,31.402008,23.362701,1005.6138,3.055522,2.1597342,0.61767596,62.43671,0.0
2023-06-15 00:00:00,30.049286,22.430573,1004.715,2.2139177,1.6190898,0.9039461,63.75258,0.0
2023-06-15 06:00:00,36.14969,22.625153,1005.6625,2.9007072,-0.35599232,0.8359584,45.791134,0.0
2023-06-15 12:00:00,36.358673,23.667389,1002.87,0.5251589,1.088068,0.8792933,48.212753,0.0
2023-06-15 18:00:00,31.206085,26.528717,1005.33624,2.045091,4.2419834,1.0000002,76.26026,0.0
2023-06-16 00:00:00,30.571198,24.33316,1003.84314,3.2314787,0.9286051,0.94872344,69.40155,0.0
2023-06-16 06:00:00,36.645905,23.00882,1004.4231,2.9666686,-0.48206615,0.3173837,45.60976,0.0
2023-06-16 12:00:00,36.196198,24.27652,1001.385,-0.17885208,2.450358,0.99465287,50.45804,0.0
2023-06-16 18:00:00,30.830597,27.250519,1004.9825,1.9532723,3.3726428,0.9996035,81.28828,0.0
2023-06-17 00:00:00,30.060455,21.888336,1003.76935,3.980279,0.68874073,1.0,61.641937,0.0
2023-06-17 06:00:00,34.55716,22.731537,1005.2075,3.0073748,0.366786,0.99665534,50.32814,0.0
2023-06-17 12:00:00,31.302032,27.215363,1004.055,0.79846096,1.873562,1.0,78.96958,0.24278152
2023-06-17 18:00:00,29.762665,26.862335,1005.9325,0.2806456,2.3515291,0.9996034,84.47348,0.0
2023-06-18 00:00:00,28.756317,23.857574,1004.36127,2.4253845,2.098014,0.99604416,74.88101,0.0
2023-06-18 06:00:00,28.392181,22.770844,1006.78815,1.3818758,1.3789091,1.0,71.62376,0.29580295
2023-06-18 12:00:00,28.625946,24.745148,1003.965,1.573515,1.8807507,1.0,79.57179,0.0
2023-06-18 18:00:00,27.98227,24.84311,1005.89,0.24119347,3.0232105,1.0,83.09279,0.1648278
2023-06-19 00:00:00,27.230316,25.621033,1004.46875,2.584665,2.498284,1.0,90.94302,1.3704165
2023-06-19 06:00:00,28.339996,25.388397,1005.29877,2.3041992,-0.58774567,0.9980207,84.06639,0.0
2023-06-19 12:00:00,31.535065,24.122833,1002.0694,0.6880273,0.20835304,0.8689754,64.86699,0.0
2023-06-19 18:00:00,28.67392,25.05185,1004.1894,0.9228401,0.9231445,0.619158,80.81606,0.15827923
2023-06-20 00:00:00,27.308563,25.576385,1003.62,-0.33453083,1.0774107,0.9996035,90.28719,0.0
2023-06-20 06:00:00,29.916046,25.43686,1004.5631,0.25826663,0.80167305,0.9999998,76.96478,0.25445694
2023-06-20 12:00:00,31.270294,26.019257,1001.58685,-0.41993552,2.6268332,1.0,73.72983,0.0
2023-06-20 18:00:00,27.739899,25.919922,1004.42126,1.2043338,2.573048,0.9510384,89.8485,0.0
2023-06-21 00:00:00,27.8331,24.984589,1003.21814,1.1365229,1.7990915,0.9983221,84.52966,0.3681183
2023-06-21 06:00:00,31.794952,24.49942,1005.51685,1.251066,1.8277671,1.0,65.376,0.0
2023-06-21 12:00:00,30.648834,26.073334,1002.6806,-0.13305086,3.255325,1.0,76.63586,0.27617812
2023-06-21 18:00:00,27.966644,25.700043,1005.3812,1.642473,2.8056426,0.9846929,87.519196,0.0
2023-06-22 00:00:00,28.43924,24.360626,1004.33435,1.7792995,2.5162573,0.9991091,78.61017,0.0
2023-06-22 06:00:00,33.60733,24.26706,1004.6262,2.447794,1.1792161,1.0000001,58.214233,0.00066682696
2023-06-22 12:00:00,32.35367,25.42514,1002.4819,-0.49017334,2.9062717,0.6184517,66.93647,0.25032833
2023-06-22 18:00:00,27.714752,25.795593,1006.0469,1.4689846,3.3679624,0.8446446,89.32028,0.0
2023-06-23 00:00:00,27.560822,25.408752,1004.7394,1.4788735,2.0736928,0.99644846,88.08191,0.0
2023-06-23 06:00:00,32.697174,24.345734,1005.1962,3.5492516,0.6978678,0.9171552,61.556446,0.00038184226
2023-06-23 12:00:00,33.798004,25.394684,1002.9875,-0.19909817,1.103785,0.7894022,61.60739,0.26128256
2023-06-23 18:00:00,29.140137,26.8638,1005.4975,1.325476,3.510285,0.9780271,87.56989,0.0
2023-06-24 00:00:00,28.831818,24.3284,1003.8094,2.6295605,0.92837524,0.992689,76.69114,0.030890107
2023-06-24 06:00:00,33.810333,22.744537,1004.22375,3.6730824,-0.24536061,0.56641,52.508705,0.0
2023-06-24 12:00:00,33.084747,25.0065,1002.045,-0.032123566,3.1175723,0.88279366,62.654865,0.018313527
2023-06-24 18:00:00,29.490387,25.631012,1004.9294,1.1834116,2.6929142,0.8935101,79.789246,0.0
2023-06-25 00:00:00,28.644867,24.852081,1003.5119,1.5380181,1.1236496,0.96589804,79.99361,0.0
2023-06-25 06:00:00,34.542755,23.053131,1004.8038,1.6075792,2.4909227,0.85918504,51.359222,0.0
2023-06-25 12:00:00,32.427032,25.122345,1002.7388,-0.035695076,4.4817076,0.98137224,65.469536,0.0019073486
2023-06-25 18:00:00,29.691437,25.823486,1005.405,1.288713,3.427472,1.0,79.77546,0.00067055225
2023-06-26 00:00:00,28.615204,21.474396,1004.5144,4.463395,0.23262024,0.9864516,65.332306,0.0
2023-06-26 06:00:00,33.55423,22.619171,1005.3206,3.7453861,0.2598498,0.9973011,52.8628,0.016495585
2023-06-26 12:00:00,33.308014,23.956818,1002.70435,1.6198134,0.9092922,0.986139,58.106674,0.0
2023-06-26 18:00:00,29.464264,26.023224,1005.6287,1.6350459,3.0407887,0.99665546,81.788475,0.0
2023-06-27 00:00:00,28.980621,22.3096,1004.39935,2.822299,1.7788193,0.99999994,67.307816,0.0
2023-06-27 06:00:00,34.748566,23.053986,1005.6831,3.6983385,1.588321,0.9402755,50.777985,0.001525972
2023-06-27 12:00:00,33.074127,24.013214,1003.70374,1.8223536,4.0017285,0.9999996,59.074448,0.07515541
2023-06-27 18:00:00,29.186981,21.61673,1007.0475,4.3974905,-0.9062052,0.9489007,63.75684,0.0
2023-06-28 00:00:00,28.57315,20.828644,1005.9888,3.656067,1.8083751,0.9423266,62.947243,0.0
2023-06-28 06:00:00,33.868195,22.164093,1006.7375,3.0534782,2.2495942,0.36585724,50.52517,0.0
2023-06-28 12:00:00,34.364655,23.37918,1004.0156,1.3841879,4.1189876,0.39908606,52.902634,0.0005736947
2023-06-28 18:00:00,30.221039,24.926788,1007.7825,1.7317591,3.2326984,0.19758838,73.366104,0.16166422
2023-06-29 00:00:00,29.22647,22.243073,1005.8594,3.6450338,0.7269683,0.18982434,66.0894,0.0
2023-06-29 06:00:00,35.159332,23.340057,1006.60126,3.9163275,0.9127636,0.6195795,50.50047,0.0
2023-06-29 12:00:00,31.339264,24.844147,1004.9256,2.356377,3.6838012,0.49541432,68.48703,0.4023548
2023-06-29 18:00:00,27.29892,22.938751,1008.0669,4.989009,0.20740658,0.9549301,77.12449,0.89532685
2023-06-30 00:00:00,28.811432,20.596832,1006.47064,3.066886,1.0328779,0.7912099,61.203205,0.0
2023-06-30 06:00:00,34.23233,22.752838,1007.53,4.0038576,1.4939666,0.6593922,51.312458,0.0
2023-06-30 12:00:00,32.492706,25.211334,1003.6969,0.666173,4.321143,0.4481631,65.57387,0.012218952
2023-06-30 18:00:00,29.583282,26.812775,1006.51874,1.7315044,3.8921084,0.880247,85.10234,0.0
2023-07-01 00:00:00,29.30832,23.590973,1005.7025,2.802246,0.48623562,0.98808426,71.37226,0.0
2023-07-01 06:00:00,34.800323,23.693756,1006.6575,2.7465763,-0.42403483,1.0,52.625572,0.0026710331
2023-07-01 12:00:00,32.99063,26.32486,1004.0756,0.054523468,3.487006,1.0,68.11146,0.8228533
2023-07-01 18:00:00,29.60022,25.917816,1006.84375,1.172626,3.5667012,1.0,80.64511,0.0
2023-07-02 00:00:00,29.348846,25.365265,1004.2294,3.0616016,1.5819807,1.0,79.18371,0.07408857
2023-07-02 06:00:00,33.189606,23.775726,1006.33374,2.8294296,-0.9505415,1.0,57.860558,0.0
2023-07-02 12:00:00,33.066803,24.150177,1003.86127,-1.9356174,-0.2029829,1.0,59.586693,0.012204051
2023-07-02 18:00:00,28.225128,25.641876,1006.08,1.6012183,2.657433,0.99927896,85.913925,0.24988946
2023-07-03 00:00:00,28.675018,23.59378,1003.7325,3.2747555,0.20052528,1.0,74.049774,0.0
2023-07-03 06:00:00,32.82315,23.20346,1004.98065,3.4612856,0.45047975,1.0,57.061417,0.0
2023-07-03 12:00:00,29.483795,25.779205,1002.7469,1.4144499,2.9720793,0.9980223,80.52424,1.0578429
2023-07-03 18:00:00,27.904327,22.602814,1004.72,4.78568,0.2996359,0.96472347,72.940865,0.0
2023-07-04 00:00:00,27.819977,21.806488,1002.7644,4.1370573,1.513476,0.9879994,69.83169,0.0
2023-07-04 06:00:00,34.210846,21.460968,1003.525,4.1510363,3.1028223,0.9996034,47.485115,0.01001358
2023-07-04 12:00:00,32.53421,20.911041,1000.8025,5.732703,1.542237,1.0,50.43456,0.024217531
2023-07-04 18:00:00,28.565155,21.629791,1003.84314,4.4736576,1.1843885,1.0,66.14839,0.057207733
2023-07-05 00:00:00,27.956757,21.989655,1001.6725,3.9124613,1.6943203,0.9962588,70.0552,0.30113387
2023-07-05 06:00:00,31.640045,23.97586,1002.515,6.341942,1.5036306,0.9996035,63.9148,0.67187357
2023-07-05 12:00:00,32.370514,23.427582,1000.5012,3.2095222,0.42395234,1.0000001,59.333878,0.0
2023-07-05 18:00:00,28.25418,23.823883,1004.5706,3.9124641,3.0073967,0.9996034,76.94143,0.0
2023-07-06 00:00:00,28.247772,23.577484,1003.4412,2.9456844,2.4565773,1.0,75.83678,0.02177684
2023-07-06 06:00:00,31.856964,23.436249,1005.52625,3.536171,2.0301712,1.0,61.115147,0.0
2023-07-06 12:00:00,32.98575,22.044708,1003.2431,4.4248657,0.60299623,1.0,52.70194,0.0
2023-07-06 18:00:00,29.731293,21.851715,1006.6262,4.2275047,0.7231999,0.9980224,62.679527,0.0
2023-07-07 00:00:00,27.968475,23.06314,1006.2975,2.7802181,1.125628,0.9813266,74.72402,0.0044852495
2023-07-07 06:00:00,33.792023,22.783356,1007.6362,4.64211,1.5749931,1.0,52.686317,0.0023804605
2023-07-07 12:00:00,33.397247,22.718414,1004.64124,2.6945984,1.9284933,1.0,53.651844,0.0
2023-07-07 18:00:00,30.184357,22.164337,1007.8069,2.5033753,1.5477301,1.0,62.243675,0.0
2023-07-08 00:00:00,29.241364,22.20047,1007.33,3.024246,0.99688435,0.9417215,65.86153,0.0
2023-07-08 06:00:00,34.57315,23.106781,1008.1144,3.2569103,0.3699205,0.83300054,51.439167,0.0013345852
2023-07-08 12:00:00,33.937775,22.72293,1005.7125,2.6878867,1.2967265,0.93534577,52.06796,0.03156718
2023-07-08 18:00:00,28.822296,22.614899,1007.90063,3.0094638,1.6427794,0.97621673,69.199875,0.0
2023-07-09 00:00:00,28.64035,22.487396,1006.2569,2.9269123,0.50293255,0.9765629,69.39456,0.0
2023-07-09 06:00:00,35.05191,23.084381,1006.1881,3.7321281,-0.11138439,0.94907093,50.0229,0.0
2023-07-09 12:00:00,34.066925,23.972076,1003.3756,-0.92935085,2.5260198,0.9953366,55.742664,0.26127696
2023-07-09 18:00:00,28.246613,24.794708,1007.1956,1.6397096,1.9376833,0.9946528,81.5868,0.0
2023-07-10 00:00:00,28.429718,24.821869,1005.6325,2.8704925,0.2606964,1.0,80.8535,0.0
2023-07-10 06:00:00,33.25479,23.9888,1005.84314,2.096448,-0.19028568,1.0,58.392517,0.0065795495
2023-07-10 12:00:00,30.386871,25.087433,1004.2575,-0.2599249,1.3072383,1.0,73.371254,0.5117424
2023-07-10 18:00:00,26.1503,23.87387,1007.54,0.8563385,3.109002,1.0,87.30908,0.0
2023-07-11 00:00:00,26.283417,25.109192,1005.07,0.57734776,2.4329243,1.0,93.27225,0.34858018
2023-07-11 06:00:00,29.926117,25.355927,1006.1119,2.344428,2.1816933,1.0,76.55104,0.0
2023-07-11 12:00:00,32.238434,24.427277,1003.8225,1.0166342,1.8820308,1.0,63.480152,0.0
2023-07-11 18:00:00,28.605194,25.51242,1006.6981,1.2348235,3.7474818,1.0,83.3932,0.0
2023-07-12 00:00:00,27.643646,24.061676,1004.66437,2.140055,1.8080502,0.9932492,80.87852,0.0
2023-07-12 06:00:00,32.709015,23.56314,1005.83685,1.9009981,1.2023625,1.0,58.68952,0.0
2023-07-12 12:00:00,31.974884,25.177155,1003.34375,-0.89857674,3.160581,1.0000011,67.38448,0.19538403
2023-07-12 18:00:00,28.75888,26.107758,1006.3694,1.4886215,4.392106,0.9973012,85.621124,0.0
2023-07-13 00:00:00,27.122772,25.448334,1005.08563,1.4696293,1.8723049,0.95386815,90.58479,0.013839919
2023-07-13 06:00:00,34.21707,23.48526,1006.0112,2.3336267,2.0125782,0.3588286,53.6817,0.0
2023-07-13 12:00:00,30.8096,25.31668,1004.2506,2.1683257,2.841154,0.8068564,72.60229,0.79574436
2023-07-13 18:00:00,28.296417,25.378326,1006.91815,1.7409633,2.4322078,0.72647685,84.22933,0.0
2023-07-14 00:00:00,28.523712,22.399323,1006.5538,2.8871613,0.8417282,0.6423661,69.49312,0.0
2023-07-14 06:00:00,34.418854,22.3367,1006.7706,3.637023,0.23399025,0.53072745,49.515026,0.0
2023-07-14 12:00:00,34.81668,23.959991,1003.90875,0.95616436,1.663948,0.83606565,53.42656,0.0022978056
2023-07-14 18:00:00,29.711426,25.740875,1007.6825,1.5413833,3.0469086,0.9086696,79.29442,0.0
2023-07-15 00:00:00,29.21582,23.264069,1006.055,3.1893778,1.344307,0.5964897,70.35341,0.0
2023-07-15 06:00:00,35.510406,22.41867,1006.5737,3.685933,-0.45693684,0.6076372,46.84112,0.0
2023-07-15 12:00:00,35.920563,23.730011,1002.84814,0.7480812,2.41214,0.887704,49.574276,0.004577334
2023-07-15 18:00:00,30.169037,25.609406,1006.6725,2.1453376,3.5886178,0.97864646,76.63575,0.0
2023-07-16 00:00:00,29.284088,25.38736,1005.5494,1.5669799,2.6176338,0.9885295,79.584854,0.0
2023-07-16 06:00:00,34.490143,23.473785,1006.1675,2.9041634,0.503123,0.9769984,52.83525,0.0
2023-07-16 12:00:00,32.48526,25.408844,1003.07623,0.3206396,1.8719039,0.92500037,66.3767,0.18040836
2023-07-16 18:00:00,29.181915,25.754059,1006.21,1.8256092,3.5354774,0.8843767,81.81809,0.0
2023-07-17 00:00:00,28.73056,23.916656,1005.0519,2.4230964,1.5951319,0.77728003,75.25978,0.0
2023-07-17 06:00:00,35.164825,22.758331,1005.075,3.4864073,1.1597725,0.9421097,48.739235,0.0
2023-07-17 12:00:00,33.494293,24.171173,1002.695,1.6640861,2.907649,0.520984,58.247955,0.13102591
2023-07-17 18:00:00,29.810638,25.96524,1005.53625,1.7808073,2.921249,0.9999998,79.89791,0.0
2023-07-18 00:00:00,28.886322,21.141632,1004.5119,3.724413,0.97094256,0.98799354,63.014637,0.0
2023-07-18 06:00:00,34.612457,21.653595,1005.3063,5.2029505,1.8052762,0.98999035,46.986195,0.0
2023-07-18 12:00:00,35.57254,20.38736,1001.03375,3.295488,3.5854626,0.9514171,41.219105,0.0
2023-07-18 18:00:00,30.751984,20.147003,1004.865,5.322505,0.48407578,0.9965528,53.236687,0.0
2023-07-19 00:00:00,28.851166,21.363983,1003.385,4.27643,1.7613993,0.9567693,64.01001,0.0
2023-07-19 06:00:00,34.923004,21.184113,1003.58563,6.3906603,1.1160176,0.8263388,44.8742,0.0
2023-07-19 12:00:00,34.252594,22.3107,1000.54626,4.0951204,3.1004584,0.96295255,49.89651,0.014303252
2023-07-19 18:00:00,30.499786,20.393097,1003.6769,5.7150526,0.4832917,0.9747055,54.83767,0.0
2023-07-20 00:00:00,29.169586,21.380402,1002.6156,3.4692364,1.5355945,0.8329663,62.9044,0.0
2023-07-20 06:00:00,35.263824,20.626373,1003.2969,7.283777,1.1944542,0.64612865,42.550728,0.0
2023-07-20 12:00:00,35.983185,20.224884,999.8688,5.3134327,1.1479409,0.8212996,39.89452,0.0
2023-07-20 18:00:00,31.319916,19.551056,1004.28064,5.843074,0.53470516,0.9120018,49.671135,0.0
2023-07-21 00:00:00,29.137787,21.405426,1003.25,4.6783247,0.5773127,0.4581412,63.116837,0.0
2023-07-21 06:00:00,35.413605,21.176056,1003.89435,6.909588,1.0956404,0.9988888,43.650604,0.0
2023-07-21 12:00:00,35.368683,20.780914,1001.995,3.3186102,2.4047074,1.0000002,42.709293,0.0
2023-07-21 18:00:00,30.877167,20.612091,1005.565,6.080559,0.23125076,1.0000002,54.39698,0.0
2023-07-22 00:00:00,30.289948,21.541473,1004.8831,4.492259,0.72933716,0.97140926,59.559505,0.0
2023-07-22 06:00:00,34.995148,21.241364,1005.85876,5.9112787,1.0613029,0.99999994,44.85236,0.0
2023-07-22 12:00:00,33.521515,22.137604,1003.97,2.6145759,0.6710539,0.9999998,51.43143,0.043973327
2023-07-22 18:00:00,29.869598,21.46048,1007.245,5.2521706,0.13354683,1.0,60.71295,0.0
2023-07-23 00:00:00,29.649994,20.822662,1005.52374,4.3800926,0.4451842,0.9966554,59.12479,0.0
2023-07-23 06:00:00,34.315216,22.102142,1006.0875,4.3932295,1.0712417,0.99910915,49.095406,0.0007627532
2023-07-23 12:00:00,31.144684,24.629791,1004.1725,1.9124851,-0.14587498,1.0,68.36891,1.3170364
2023-07-23 18:00:00,29.566193,22.16568,1006.6362,4.286537,-0.24724388,1.0,64.50159,0.0
2023-07-24 00:00:00,28.617462,22.101776,1004.35187,4.4091434,0.13427168,1.0,67.875435,0.034137685
2023-07-24 06:00:00,31.33908,21.765411,1005.95685,5.348383,1.3093989,0.99999994,56.868607,0.0
2023-07-24 12:00:00,32.674713,20.799591,1003.985,2.0436244,1.0542071,1.0,49.69478,0.0
2023-07-24 18:00:00,29.392975,20.896149,1006.275,4.120569,0.99807256,1.0,60.279377,0.001334476
2023-07-25 00:00:00,27.313202,23.032837,1004.34814,4.0494995,1.3281541,1.0,77.50006,0.077046454
2023-07-25 06:00:00,33.135895,22.261383,1005.7969,4.579254,0.7452297,1.0,52.953434,0.0
2023-07-25 12:00:00,30.653717,23.365753,1004.5712,1.649985,-0.79656315,1.0,65.17081,0.42891055
2023-07-25 18:00:00,29.069977,21.24649,1006.7431,3.5359783,0.258111,1.0,62.750607,0.0
2023-07-26 00:00:00,28.714996,21.071442,1005.6206,3.954194,0.84131336,0.99465334,63.369896,0.0003813766
2023-07-26 06:00:00,33.558014,21.861115,1006.91315,4.3468847,1.6181663,1.0,50.4683,0.07857615
2023-07-26 12:00:00,31.78128,22.834137,1005.39935,2.7622852,1.5756997,0.99960315,59.183754,0.09271552
2023-07-26 18:00:00,29.221954,22.723053,1007.3769,3.5768147,0.6705866,1.0000002,68.06289,0.0
2023-07-27 00:00:00,29.029266,21.105011,1006.65186,3.0810213,0.8849206,0.77173674,62.35491,0.0
2023-07-27 06:00:00,34.591827,21.135773,1007.2394,4.229128,1.347842,0.6969967,45.571335,0.0
2023-07-27 12:00:00,34.971222,22.277618,1004.2969,2.7059062,2.0451968,0.65740085,47.846954,0.0
2023-07-27 18:00:00,30.167023,23.536163,1007.4675,2.7351904,1.2516947,0.8668467,67.705765,0.0
2023-07-28 00:00:00,29.297943,21.823822,1006.6912,3.0548058,-0.1946497,0.6457211,64.15617,0.0001906883
2023-07-28 06:00:00,35.143585,21.580353,1006.1025,4.8618183,0.13278937,0.28817236,45.418472,0.0
2023-07-28 12:00:00,34.785797,23.23233,1003.55,2.9363058,2.0787385,0.99734235,51.222485,0.39146096
2023-07-28 18:00:00,30.907196,23.369781,1006.72565,2.7587848,2.3710117,0.96431327,64.24946,0.0
2023-07-29 00:00:00,29.297821,21.408966,1005.5687,3.5127897,-0.34380054,0.51316345,62.549377,0.0
2023-07-29 06:00:00,35.626495,20.924347,1005.84564,4.7026873,-1.720768,0.8560883,42.47879,0.0
2023-07-29 12:00:00,36.084503,21.122711,1003.28937,3.0201635,-1.0109968,0.7024281,41.928577,0.0
2023-07-29 18:00:00,31.348541,23.066803,1006.815,2.990878,2.1226778,0.32264888,61.517113,0.0009534415
2023-07-30 00:00:00,29.55185,21.477814,1005.1225,3.6263695,-0.4635582,0.054257948,61.899643,0.0
2023-07-30 06:00:00,36.25772,20.768402,1005.35187,4.5102825,-1.5717173,0.98735446,40.636684,0.0
2023-07-30 12:00:00,36.724518,20.935455,1002.4625,2.132711,0.2771654,1.0,40.019093,0.0
2023-07-30 18:00:00,31.287872,23.023102,1005.92377,2.5990765,3.4236207,0.9872441,61.56688,0.0
2023-07-31 00:00:00,29.747345,21.348053,1004.64935,3.102024,0.37452698,1.0000002,60.721916,0.0
2023-07-31 06:00:00,36.311676,21.701874,1005.005,4.075616,-1.2357779,1.0000001,42.903866,0.0
2023-07-31 12:00:00,35.435455,23.094269,1002.6175,1.7648602,1.1354637,1.0,49.002136,0.0
2023-07-31 18:00:00,30.865509,23.935333,1006.2569,2.3372684,3.4566002,1.0,66.63394,0.0
2023-08-01 00:00:00,29.577484,22.151642,1004.79315,4.396493,-0.4719038,1.0000002,64.40455,0.0
2023-08-01 06:00:00,35.523468,22.200287,1005.1238,4.722541,-0.7396717,1.0,46.189583,0.0
2023-08-01 12:00:00,34.789215,22.793121,1003.53314,2.2794492,1.6275253,1.0,49.86951,0.021070242
2023-08-01 18:00:00,31.02475,23.377106,1006.40875,2.4103174,2.3146677,1.0,63.848186,0.0
2023-08-02 00:00:00,29.259735,20.303864,1005.8675,3.9611998,-0.1479702,1.0,58.56761,0.0
2023-08-02 06:00:00,35.69742,20.320099,1006.96063,3.8183508,0.433868,0.9973011,40.766506,0.0
2023-08-02 12:00:00,35.47281,20.383942,1003.73,2.7718384,2.638668,0.991754,41.437912,0.0
2023-08-02 18:00:00,30.397797,24.034088,1006.6763,2.2862024,2.4556322,1.0,68.84771,0.0
2023-08-03 00:00:00,29.31894,19.834625,1005.71814,4.3116884,0.14913273,0.97817916,56.69732,0.0
2023-08-03 06:00:00,35.99112,21.053375,1005.7275,4.2140493,0.967476,0.3237152,41.965424,0.0
2023-08-03 12:00:00,36.04068,22.241974,1003.3006,1.3806105,3.446333,0.52651256,45.005905,0.0
2023-08-03 18:00:00,29.876617,25.701447,1007.45123,1.9397104,3.6190245,0.01735818,78.36081,0.0
2023-08-04 00:00:00,29.378815,22.711945,1006.9994,2.5646572,0.88303185,0.14224213,67.40363,0.0
2023-08-04 06:00:00,36.339264,20.707794,1008.02563,2.7469914,0.71021974,0.44126952,40.304516,0.0
2023-08-04 12:00:00,34.67276,22.657135,1005.5025,-0.13931084,3.98168,0.9976272,49.780724,0.11290237
2023-08-04 18:00:00,30.130096,25.146759,1009.04626,1.737932,3.2972925,0.93803734,74.723305,0.0
2023-08-05 00:00:00,29.82138,23.788727,1008.65375,1.9761461,1.5485134,0.60404086,70.122375,0.0
2023-08-05 06:00:00,35.918365,21.376251,1008.8606,2.7900958,-0.49886417,0.17544645,42.976604,0.0
2023-08-05 12:00:00,34.914948,23.286407,1006.0069,-1.3011589,2.4505863,0.58312136,51.02324,0.0007630006
2023-08-05 18:00:00,30.717926,24.639435,1009.2969,1.4355708,3.5044038,0.8402905,70.09485,0.0
2023-08-06 00:00:00,30.108124,22.949615,1008.6344,2.0761724,1.1693268,0.56080616,65.56996,0.0012393575
2023-08-06 06:00:00,36.207184,22.39566,1007.755,2.5087152,0.18352318,0.9995964,45.014782,0.0
2023-08-06 12:00:00,36.026764,23.31314,1003.8725,-1.325923,3.8690596,0.6372755,48.06224,0.0
2023-08-06 18:00:00,29.495941,25.171906,1007.34937,1.368588,4.00517,0.47089398,77.61629,0.0045746565
2023-08-07 00:00:00,29.77768,23.459503,1006.805,0.948934,1.5605774,0.7510024,68.918495,0.0
2023-08-07 06:00:00,35.574493,22.73526,1005.65125,1.4672904,0.37602735,0.9234225,47.58159,0.0
2023-08-07 12:00:00,34.47232,24.440704,1003.0519,-1.6324701,3.0592906,0.48091114,56.05149,0.0011459924
2023-08-07 18:00:00,29.256195,25.243073,1006.4825,1.1015108,4.232007,0.6643263,79.03198,0.0042966567
2023-08-08 00:00:00,29.011475,24.141754,1005.35815,0.7849721,2.1362991,0.93717325,75.052605,0.0
2023-08-08 06:00:00,34.519073,22.724762,1006.33875,0.8825347,0.40333462,0.99723476,50.414104,0.0
2023-08-08 12:00:00,32.091095,25.193024,1004.59375,-1.2463446,3.3962677,0.98215777,67.005905,0.05253777
2023-08-08 18:00:00,29.06009,25.499298,1007.83124,0.95438826,2.933938,1.0,81.1602,0.0
2023-08-09 00:00:00,28.41455,25.014069,1007.10876,1.9419725,1.3314304,0.9747566,81.85805,0.0
2023-08-09 06:00:00,35.52066,23.080475,1008.03064,1.2264299,-0.96905327,0.68873566,48.731457,0.0023840694
2023-08-09 12:00:00,33.2731,24.86441,1005.85065,-0.8344755,1.9165875,0.9973012,61.47254,0.046730157
2023-08-09 18:00:00,26.474335,24.212189,1009.3756,0.4302488,2.8684006,0.9713359,87.41252,1.0246285
2023-08-10 00:00:00,25.707855,23.730927,1008.77,2.2835555,1.6508355,0.9988885,88.85915,0.0
2023-08-10 06:00:00,32.676056,24.44934,1008.41815,2.0224674,0.0422287,0.99421793,62.01335,0.021358952
2023-08-10 12:00:00,30.318695,24.914337,1006.3212,-0.9413519,1.5410415,0.6005873,72.90222,0.21968223
2023-08-10 18:00:00,27.688507,24.522614,1009.53687,1.3456795,0.62872696,0.9949775,82.92643,2.6818988
2023-08-11 00:00:00,27.339386,24.475159,1007.3306,0.5788003,1.0256616,0.8892036,84.39805,0.0
2023-08-11 06:00:00,32.27774,25.59555,1007.9375,1.2383213,0.027488708,0.9798886,67.908066,0.065892234
2023-08-11 12:00:00,29.446075,25.309174,1005.2562,-1.2505579,1.9367942,0.98001117,78.47839,0.7757514
2023-08-11 18:00:00,25.666351,23.848907,1009.78815,2.787731,1.942974,0.9983936,89.712746,0.5231589
2023-08-12 00:00:00,26.264252,24.149323,1006.1075,2.0803633,0.2774852,0.9218007,88.16993,0.0
2023-08-12 06:00:00,33.574127,25.089264,1007.27625,2.7068663,0.5224781,0.5160396,61.260067,0.020693988
2023-08-12 12:00:00,31.514313,25.46939,1003.91315,0.40680593,1.4724519,0.23680401,70.38116,0.38578734
2023-08-12 18:00:00,26.68106,24.68222,1008.78064,-0.5635338,1.4894925,0.97810125,88.8187,0.31220913
2023-08-13 00:00:00,26.900543,25.24405,1006.3175,1.8207216,2.043311,0.99126613,90.66679,0.0
2023-08-13 06:00:00,33.29886,24.361237,1007.1969,3.4146214,0.41084832,0.9980222,59.56442,0.0034333207
2023-08-13 12:00:00,32.333893,25.319489,1004.0131,0.00586915,2.276622,0.9791419,66.59163,0.07457426
2023-08-13 18:00:00,29.00412,26.187042,1006.96436,1.1633642,3.2365427,0.24814111,84.80987,0.0
2023-08-14 00:00:00,27.939056,24.775177,1006.7275,1.1174946,2.084279,0.8243765,82.96527,0.0001937151
2023-08-14 06:00:00,32.904816,24.380646,1007.6887,1.5104427,1.5195796,0.8493369,60.968452,0.0005690381
2023-08-14 12:00:00,30.218414,25.346954,1005.255,-0.19595909,2.2231555,0.30079687,75.23663,0.09220932
2023-08-14 18:00:00,27.802277,24.513947,1008.35,1.658618,3.2030306,0.48550063,82.33439,0.0
2023-08-15 00:00:00,27.311737,25.035675,1007.08813,1.4134622,2.4229705,0.6484794,87.41308,0.0007674098
2023-08-15 06:00:00,32.889435,23.956451,1007.8731,2.365922,1.4530532,0.5518267,59.487892,0.009153038
2023-08-15 12:00:00,31.336578,25.756622,1005.5575,0.133461,4.7610435,0.3305847,72.31845,0.0
2023-08-15 18:00:00,28.625183,24.036865,1008.60815,1.8451674,3.8776417,0.9825473,76.270164,0.0
2023-08-16 00:00:00,27.776886,24.45279,1007.6175,2.0521173,2.3786478,0.70134914,82.1553,0.00047683716
2023-08-16 06:00:00,33.272247,22.54544,1008.06,2.5315752,2.0511837,0.80990475,53.465046,0.010204967
2023-08-16 12:00:00,31.67862,24.270477,1004.5175,0.07340813,4.9606647,1.0000033,64.912636,0.0
2023-08-16 18:00:00,27.834259,24.52652,1008.2,1.7979407,4.823639,0.9448678,82.24264,0.0
2023-08-17 00:00:00,27.392517,24.933746,1007.0781,2.5315409,2.686389,0.95584637,86.473145,0.0
2023-08-17 06:00:00,33.766754,22.656708,1007.1794,3.1138344,1.0045196,0.8176571,52.35709,0.0
2023-08-17 12:00:00,31.78189,25.418121,1004.5769,0.23393345,6.128471,0.9933594,69.10922,0.0
2023-08-17 18:00:00,28.708893,24.927765,1007.0081,2.3684196,4.168713,1.0,80.05773,0.0
2023-08-18 00:00:00,28.654755,21.75418,1005.8931,3.0786657,1.5323267,1.0,66.30745,0.0
2023-08-18 06:00:00,33.542877,22.284698,1006.335,3.5928793,1.9086825,1.0,51.83206,0.0
2023-08-18 12:00:00,33.042633,23.494904,1003.33936,0.51076293,4.1854396,0.9899904,57.361656,0.0
2023-08-18 18:00:00,29.757538,25.417511,1006.5712,2.277296,2.871452,1.0,77.580536,9.49949e-05
2023-08-19 00:00:00,28.907074,20.838898,1005.275,3.2774153,1.9122605,0.99802226,61.778946,0.0
2023-08-19 06:00:00,33.578033,21.938873,1005.8738,3.6423779,1.6850084,0.98042893,50.65155,0.0
2023-08-19 12:00:00,34.231964,22.60611,1002.3575,1.8265634,2.6011136,0.5382222,50.858765,0.0
2023-08-19 18:00:00,29.414337,24.431915,1006.135,1.8766434,2.9015837,0.822586,74.61189,0.0
2023-08-20 00:00:00,28.6185,21.470612,1005.40686,2.6656227,0.385956,0.2813514,65.304665,0.0
2023-08-20 06:00:00,34.000397,21.87149,1005.9925,2.0102608,0.51033735,0.008624402,49.266754,0.0
2023-08-20 12:00:00,33.300568,23.749664,1002.34937,-0.080254555,1.8252219,0.81609434,57.41128,0.0
2023-08-20 18:00:00,29.797028,24.135284,1005.3769,1.9930079,3.645856,0.45147157,71.69828,0.0
2023-08-21 00:00:00,28.77179,23.408356,1004.8331,1.242973,1.3856516,0.6503177,72.81663,0.0
2023-08-21 06:00:00,34.03885,23.838226,1005.97437,1.4931853,0.64451313,0.5387416,55.38264,0.0
2023-08-21 12:00:00,34.12198,25.161285,1002.08936,-2.5866547,1.2418642,0.43234,59.66875,0.008008443
2023-08-21 18:00:00,29.475739,25.380768,1005.34814,-0.34928513,3.4854155,0.7912627,78.67848,0.17158034
2023-08-22 00:00:00,28.506927,24.567596,1004.5831,0.09456015,2.7820814,0.4811241,79.277756,0.0
2023-08-22 06:00:00,32.68643,24.769928,1005.8081,0.686564,1.9228642,0.7531733,63.176655,0.0
2023-08-22 12:00:00,33.188507,25.82254,1002.96936,-1.4850636,1.3929224,0.08323912,65.38666,0.0054477714
2023-08-22 18:00:00,28.121002,25.250183,1007.5106,2.7151015,2.2514977,0.42717826,84.44782,0.0
2023-08-23 00:00:00,27.371124,23.858795,1005.79376,0.9011435,0.90490675,0.91067815,81.18304,0.0
2023-08-23 06:00:00,34.096344,24.001678,1005.97626,1.4806008,0.32615882,0.78931826,55.75031,0.0019076397
2023-08-23 12:00:00,31.812653,26.199371,1002.72186,-1.3074522,2.792614,0.46432537,72.25806,0.58957344
2023-08-23 18:00:00,29.711456,26.135284,1006.21564,0.8818143,3.7580738,0.42207575,81.16774,0.0
2023-08-24 00:00:00,27.810822,25.551422,1005.5681,0.4133759,2.4280784,0.95303005,87.54313,0.0
2023-08-24 06:00:00,33.831696,22.70816,1005.65125,1.9647641,0.873544,0.5033663,52.330482,0.00038184226
2023-08-24 12:00:00,32.987335,24.91397,1002.90186,-0.7199249,4.4063516,0.6516881,62.65212,0.0
2023-08-24 18:00:00,29.086395,25.0253,1006.1975,1.3844383,4.1850214,0.95074207,78.783005,0.0
2023-08-25 00:00:00,28.230438,25.741852,1005.1294,1.6399654,1.6748962,0.99336046,86.398224,0.0
2023-08-25 06:00:00,34.162506,22.140411,1005.73,2.026823,1.6528904,0.94260913,49.630486,0.0
2023-08-25 12:00:00,33.14444,24.694366,1003.6769,-0.3481655,4.2413588,0.558267,61.29249,0.0
2023-08-25 18:00:00,29.024872,25.105682,1007.28064,1.0198045,4.895198,0.12252065,79.44359,0.0
2023-08-26 00:00:00,28.395447,25.529877,1006.2031,1.3907332,2.691094,0.9784239,84.503136,0.00019092113
2023-08-26 06:00:00,34.090607,23.345123,1006.7775,1.3651271,2.1065722,0.988579,53.60635,0.0005720649
2023-08-26 12:00:00,32.57791,24.80008,1003.995,-0.53289986,4.6886964,0.5250058,63.678856,0.0
2023-08-26 18:00:00,29.042816,24.197296,1007.9994,1.1858836,4.3479967,0.14863661,75.166664,0.0
2023-08-27 00:00:00,27.69165,24.353607,1007.0681,1.2115157,2.2898633,0.27088404,82.07644,0.0
2023-08-27 06:00:00,33.799347,23.819855,1007.46936,1.6535319,0.11007881,0.94759214,56.06634,0.0019073486
2023-08-27 12:00:00,32.81839,24.996735,1004.7388,-0.6524248,1.7037761,0.91703576,63.56341,0.0036247075
2023-08-27 18:00:00,29.700775,25.09262,1007.96436,1.0080267,4.595665,0.8603622,76.34412,0.010471791
2023-08-28 00:00:00,27.931915,24.913727,1006.15314,1.0452032,1.5524092,0.7469324,83.68913,0.0
2023-08-28 06:00:00,34.42227,23.075958,1007.15686,1.7989469,0.404702,0.82216537,51.775967,0.00085809734
2023-08-28 12:00:00,32.232574,25.110748,1004.255,-0.12990189,3.5880122,0.6042206,66.14694,0.037948716
2023-08-28 18:00:00,28.939056,25.006256,1007.045,1.0545328,4.182699,0.97358674,79.36755,0.0
2023-08-29 00:00:00,27.914124,24.431,1004.93,2.1372285,2.4943771,1.0000001,81.39347,0.0
2023-08-29 06:00:00,34.452667,23.905792,1006.14874,0.9891714,-0.13239765,0.9098159,54.34071,0.028227456
2023-08-29 12:00:00,31.017365,26.634674,1003.6425,0.104197085,3.8170424,0.9203488,77.56771,0.023390166
2023-08-29 18:00:00,26.832245,24.730133,1007.8119,2.5064971,1.3686771,0.999279,88.2844,0.57330114
2023-08-30 00:00:00,26.613678,24.139648,1005.275,3.4681902,-0.13734055,1.0,86.321106,0.0
2023-08-30 06:00:00,32.798126,24.984253,1006.1175,3.121541,-0.9897585,0.8608771,63.58864,0.0
2023-08-30 12:00:00,30.949493,24.884308,1004.1344,0.6474186,1.3234447,0.9334982,70.19313,0.06016344
2023-08-30 18:00:00,28.749542,24.23764,1007.33563,2.1157875,1.6831688,0.9934714,76.63971,0.015854836
2023-08-31 00:00:00,27.00827,23.23648,1005.3875,2.049675,0.5056315,0.6244421,79.87653,0.0
2023-08-31 06:00:00,33.7565,24.298004,1006.2025,1.7813511,0.9437074,0.32724395,57.83769,0.01306273
2023-08-31 12:00:00,30.714142,24.774567,1004.345,0.037082672,1.7210826,0.524036,70.6784,0.050252303
2023-08-31 18:00:00,27.08963,25.240265,1007.5625,2.2691922,0.2048111,0.7313896,89.645065,0.0
2023-09-01 00:00:00,26.414764,24.42041,1005.86,1.0578946,0.49676704,0.27292693,88.82167,0.0
2023-09-01 06:00:00,33.618317,24.90918,1007.03436,1.101193,1.8857458,0.16467202,60.45613,0.026036054
2023-09-01 12:00:00,32.271027,25.74936,1004.065,1.2506304,3.980897,0.3941008,68.55656,0.13203546
2023-09-01 18:00:00,28.441467,25.017883,1007.8869,1.8072062,3.3245678,0.9802006,81.748695,0.0
2023-09-02 00:00:00,27.873566,25.091125,1005.6262,1.759034,2.245574,0.9111575,84.867455,0.0
2023-09-02 06:00:00,34.005035,24.449707,1006.84125,2.9943075,2.699653,0.4703455,57.56098,0.006776303
2023-09-02 12:00:00,31.245697,25.716766,1003.16565,1.3621593,4.983075,0.15051968,72.521935,0.020835549
2023-09-02 18:00:00,28.381683,25.101593,1007.0619,2.2372713,3.1849847,0.32762176,82.44355,0.0
2023-09-03 00:00:00,27.691742,24.20639,1005.10126,2.3967519,2.2869773,0.41603357,81.35492,0.0
2023-09-03 06:00:00,32.996002,24.772614,1005.53815,2.5357466,3.4022598,0.9351726,62.095417,0.0054351985
2023-09-03 12:00:00,31.386505,25.119568,1001.90814,1.0727173,4.1744776,0.53587556,69.434265,0.0060088933
2023-09-03 18:00:00,27.90628,24.582611,1004.2481,1.511076,1.6205058,0.98865193,82.17291,0.011630356
2023-09-04 00:00:00,27.745087,22.459259,1002.57935,3.531228,1.5069664,0.99960333,72.983055,0.0
2023-09-04 06:00:00,33.093414,23.481781,1003.705,4.204458,1.5279212,0.9428091,57.152985,0.0
2023-09-04 12:00:00,30.389618,25.735931,1001.6119,2.4606721,2.8108609,1.0,76.24266,1.5177131
2023-09-04 18:00:00,28.873688,23.404327,1003.66626,3.709694,1.6664511,1.0,72.37028,0.0
2023-09-05 00:00:00,28.680023,21.82486,1002.69,4.0313015,1.5326567,0.9992789,66.49673,0.0
2023-09-05 06:00:00,28.792145,22.831146,1004.47,3.628541,2.45454,1.0000001,70.23606,0.014694408
2023-09-05 12:00:00,32.48172,23.726715,1001.40375,2.1555703,2.7250528,0.9983223,60.03506,0.0
2023-09-05 18:00:00,29.240936,23.053741,1004.58936,3.8419294,0.78160095,0.9620777,69.36385,0.0
2023-09-06 00:00:00,27.986053,22.057404,1003.9025,2.8724124,2.6401405,0.98865056,70.2251,0.006473033
2023-09-06 06:00:00,33.325348,23.92044,1005.45374,3.221264,3.496954,0.97158337,57.923447,0.00039314246
2023-09-06 12:00:00,31.526886,26.435394,1003.3956,1.7759123,3.7411242,0.9555084,74.470215,0.81462866
2023-09-06 18:00:00,28.100342,25.93509,1005.90375,1.9413605,3.0258675,0.9960444,88.057755,0.0
2023-09-07 00:00:00,27.599457,23.72873,1004.96063,2.7589197,2.6423855,0.99910915,79.48088,0.0
2023-09-07 06:00:00,32.06729,23.932343,1006.3731,2.9552212,3.1482477,0.9951353,62.222515,0.0002849847
2023-09-07 12:00:00,30.194122,26.46408,1003.54315,1.8656161,3.488227,0.7466507,80.49459,0.99667346
2023-09-07 18:00:00,27.0997,24.805206,1007.04065,3.0204601,3.269995,0.9939706,87.29841,0.0
2023-09-08 00:00:00,27.82071,23.518585,1006.51,1.5165355,2.6907763,0.9999991,77.47297,0.0
2023-09-08 06:00:00,33.562286,23.809357,1007.32874,3.3020554,3.0173502,0.5268735,56.77895,0.010683667
2023-09-08 12:00:00,31.434845,25.14444,1004.42126,0.7586544,3.0990505,0.69996053,69.3463,0.054374803
2023-09-08 18:00:00,29.124115,24.706818,1007.0181,2.6859589,2.0423245,0.9383651,77.13122,0.0
2023-09-09 00:00:00,28.522583,23.814087,1005.8675,2.214371,2.912304,0.5381279,75.70541,0.0
2023-09-09 06:00:00,33.080475,23.724152,1006.1206,2.9715405,2.6246886,0.10400027,58.035843,0.0
2023-09-09 12:00:00,31.831207,25.214752,1003.9419,0.75245374,4.3701515,0.92423576,68.08757,0.026345253
2023-09-09 18:00:00,28.306976,25.147858,1005.9931,1.7985773,3.6508255,0.9370895,83.03107,0.0
2023-09-10 00:00:00,28.47641,23.794525,1004.5775,3.2133656,2.1484895,0.88544816,75.81949,0.009059906
2023-09-10 06:00:00,33.08438,24.063812,1005.39874,3.9035501,1.9213939,0.9352589,59.220093,0.0
2023-09-10 12:00:00,32.764435,25.665314,1002.3738,1.0518508,3.8852794,0.9087711,66.3431,0.20267907
2023-09-10 18:00:00,28.920197,25.233673,1005.5644,1.7427864,3.4562922,0.94326264,80.53797,0.0
2023-09-11 00:00:00,28.701569,22.461395,1004.18,3.9711628,0.987183,0.51278037,69.03935,0.0
2023-09-11 06:00:00,33.427155,23.649994,1005.6881,4.8057795,1.9003892,0.94037384,56.6642,0.0054351985
2023-09-11 12:00:00,32.293976,24.151886,1002.78314,2.8072627,2.4319668,0.99706095,62.24519,0.9331293
2023-09-11 18:00:00,29.595673,22.583466,1006.0637,3.288537,0.60420775,0.99482846,66.0489,0.0
2023-09-12 00:00:00,28.9664,22.018646,1004.5563,3.6618052,1.312657,0.97361106,66.18005,0.0001899898
2023-09-12 06:00:00,34.248077,23.057098,1006.1525,2.016305,1.569191,0.8692872,52.22095,0.0
2023-09-12 12:00:00,30.472076,26.163422,1003.6188,-0.054299355,3.059638,0.9913434,77.82841,1.7588139
2023-09-12 18:00:00,28.05307,25.769226,1007.1244,0.9403713,2.930857,1.0000004,87.43727,0.0
2023-09-13 00:00:00,27.924957,25.162262,1004.89124,1.8276005,1.7849319,1.0000001,84.97261,0.0
2023-09-13 06:00:00,33.245148,23.604095,1006.5037,2.963646,1.6522927,0.9966181,57.08747,0.0003813766
2023-09-13 12:00:00,31.245636,25.496246,1003.3212,0.70907116,3.3784115,0.95644915,71.57915,0.22853026
2023-09-13 18:00:00,28.587921,25.709259,1006.6719,2.0485308,3.254834,1.0,84.457825,0.0
2023-09-14 00:00:00,28.274353,23.303741,1005.4175,2.251935,1.857305,0.9852986,74.47946,0.0
2023-09-14 06:00:00,33.160553,23.279694,1006.22186,2.5086107,2.9759345,1.0,56.24769,0.0
2023-09-14 12:00:00,30.758453,26.09372,1004.155,1.3509694,4.050453,0.8833515,76.249016,0.054366887
2023-09-14 18:00:00,28.534698,25.67154,1006.6844,1.9028635,3.7783847,0.50257266,84.5299,0.0
2023-09-15 00:00:00,27.99469,24.110138,1005.8844,2.0033484,3.4525547,0.4510848,79.468506,0.0
2023-09-15 06:00:00,32.83011,24.532135,1007.35815,2.9581633,4.3028107,0.3248368,61.78304,0.006100163
2023-09-15 12:00:00,31.010529,25.475739,1004.51,1.7823541,5.202218,0.5800506,72.45629,1.2050141
2023-09-15 18:00:00,28.875702,25.313995,1007.6106,1.9863875,4.2719398,0.7024104,81.13263,0.0
2023-09-16 00:00:00,28.531708,24.808075,1006.62,2.0356412,1.7219759,0.3877886,80.30961,0.0
2023-09-16 06:00:00,33.32193,24.100922,1007.28064,3.4269552,3.6419544,0.75276756,58.56599,0.013159588
2023-09-16 12:00:00,32.009552,25.182404,1004.29376,1.7232449,4.2527556,0.2703098,67.27336,0.0
2023-09-16 18:00:00,27.029114,25.038544,1007.51935,2.5597124,3.6680098,0.86856323,88.889725,0.003912353
2023-09-17 00:00:00,28.034302,24.162994,1006.1475,1.4871488,1.8507013,1.0,79.53708,0.0
2023-09-17 06:00:00,31.460358,23.740234,1007.2919,1.6439207,1.3740964,0.99999994,63.662167,0.0
2023-09-17 12:00:00,31.523712,24.791168,1003.0806,0.4053812,4.7029095,0.55088025,67.55849,0.21612644
2023-09-17 18:00:00,26.052094,24.645233,1007.1138,1.6640391,2.1928904,0.9999997,91.97413,0.054844588
2023-09-18 00:00:00,26.470001,24.343628,1005.1962,2.0852866,2.7795138,1.0,88.12652,0.0
2023-09-18 06:00:00,30.34378,25.069641,1007.2394,3.2193642,3.346817,0.9501963,73.47473,0.014398751
2023-09-18 12:00:00,30.477081,24.540314,1004.0569,1.1847978,4.8230963,0.990699,70.64728,0.88067365
2023-09-18 18:00:00,27.255646,24.885773,1008.09686,2.429222,2.8772497,1.0,86.92039,0.0
2023-09-19 00:00:00,25.840973,24.132568,1006.3256,2.1771278,2.8127155,1.0000074,90.31473,0.13076587
2023-09-19 06:00:00,30.168121,25.314087,1007.90814,3.1174488,2.1722522,0.9790047,75.30672,0.0
2023-09-19 12:00:00,30.462677,25.431366,1004.7681,0.49653792,2.711238,0.997341,74.563896,0.26883844
2023-09-19 18:00:00,26.934357,25.040985,1008.63,1.8169854,2.3237348,0.99927884,89.39897,0.0
2023-09-20 00:00:00,26.337921,24.230164,1007.40686,2.1663384,3.0342731,0.95583963,88.21396,0.0
2023-09-20 06:00:00,33.864166,24.588226,1007.77435,2.7995691,1.9036999,0.8319948,58.498375,0.0045774505
2023-09-20 12:00:00,31.901398,25.650787,1004.47375,-0.07320309,2.357077,0.85483533,69.59759,0.014108606
2023-09-20 18:00:00,28.712036,25.679413,1008.4419,1.4920051,4.4889164,0.59894156,83.703384,0.0
2023-09-21 00:00:00,27.132599,25.781036,1007.2081,1.5614299,1.5932424,0.9573178,92.337975,0.0
2023-09-21 06:00:00,33.021515,24.598053,1008.15,0.9452845,1.1732788,0.99156386,61.36294,0.0156397
2023-09-21 12:00:00,31.436676,25.766327,1005.17,-0.3630638,3.182562,0.48245758,71.949265,0.0
2023-09-21 18:00:00,28.527557,25.665375,1007.97186,0.8474833,2.6760724,0.60180223,84.53405,0.0
2023-09-22 00:00:00,27.631134,25.774353,1007.2488,0.8882856,1.9489367,0.5411833,89.644966,0.01897337
2023-09-22 06:00:00,33.29715,25.046692,1008.0094,1.0508541,2.1975503,0.735696,62.060715,0.0
2023-09-22 12:00:00,30.429718,24.74173,1005.04565,0.08632851,4.496317,0.8420079,71.69728,0.0
2023-09-22 18:00:00,28.436127,25.016754,1007.815,0.5471953,3.9759607,0.8972478,81.76856,0.018149614
2023-09-23 00:00:00,28.374939,24.730072,1006.8875,1.4687762,2.485169,0.18639594,80.667915,0.0
2023-09-23 06:00:00,33.689972,24.710297,1007.78815,1.9208193,2.0171165,0.19527271,59.503426,0.012882683
2023-09-23 12:00:00,31.54654,25.433258,1004.6719,0.067499936,4.2061124,0.082092956,70.10172,0.073037416
2023-09-23 18:00:00,28.312103,25.043854,1008.3031,1.8452393,3.1836214,0.88815176,82.493546,0.73817444
2023-09-24 00:00:00,27.749542,23.83487,1007.27814,2.4821568,0.01103878,0.90694726,79.29144,0.0
2023-09-24 06:00:00,33.90103,24.06662,1007.53186,2.5612288,0.08225536,0.7977158,56.581604,0.008200295
2023-09-24 12:00:00,32.69449,25.829376,1004.1475,0.59959626,3.2446508,0.5258793,67.25604,1.0048999
2023-09-24 18:00:00,28.646088,25.4003,1007.1394,0.92033774,3.0412955,0.4495322,82.64308,0.0
2023-09-25 00:00:00,27.279572,23.126495,1006.425,1.4943335,-0.8954191,0.9602593,78.09412,0.0007674098
2023-09-25 06:00:00,32.292267,23.665558,1006.8044,2.0913458,0.060777247,0.90559566,60.45775,0.0009490177
2023-09-25 12:00:00,31.694,25.385284,1002.7431,0.74249554,1.5628804,0.76547027,69.31924,0.6118985
2023-09-25 18:00:00,28.584686,25.417511,1006.66565,2.04453,3.1249084,0.75927794,83.023056,0.0
2023-09-26 00:00:00,27.268951,23.90445,1005.6256,1.0349045,0.7810383,0.9588169,81.89508,0.0
2023-09-26 06:00:00,31.335968,23.45108,1007.04376,1.2888021,0.89562225,0.99661815,63.006805,0.0062957406
2023-09-26 12:00:00,30.108063,25.986908,1004.29315,-1.5282164,2.2088394,0.99533886,78.644485,0.03760308
2023-09-26 18:00:00,28.015137,25.706024,1006.76685,1.2210646,3.292476,0.97534806,87.30301,0.0
2023-09-27 00:00:00,27.404633,25.184967,1005.6188,1.9821565,0.32165527,0.98891574,87.71529,0.0
2023-09-27 06:00:00,34.133698,23.81607,1006.0769,2.148839,0.7034415,0.37294304,55.017044,0.0007628114
2023-09-27 12:00:00,29.795776,25.15091,1003.72437,1.6035159,2.9418268,0.8574746,76.19181,0.4524709
2023-09-27 18:00:00,27.342682,25.01767,1006.8281,1.2341118,2.3046918,0.84103405,87.1611,0.0
2023-09-28 00:00:00,26.949005,24.58841,1005.10126,2.4552743,1.5167222,0.99453604,86.9408,0.028327107
2023-09-28 06:00:00,33.317047,23.845856,1007.1206,3.0839891,2.3241127,0.988239,57.691128,0.0
2023-09-28 12:00:00,30.930756,26.233246,1003.65814,1.396513,2.3087902,0.94360125,76.12772,0.41181773
2023-09-28 18:00:00,27.665741,25.399658,1007.0806,2.4720888,1.8119164,0.86856836,87.49585,0.0
2023-09-29 00:00:00,27.63443,22.434113,1005.59436,2.6799107,2.5857804,0.71657574,73.3444,0.0
2023-09-29 06:00:00,33.716827,23.743011,1007.28625,4.040844,3.3484936,0.12576318,56.065792,0.0
2023-09-29 12:00:00,31.159943,24.222992,1004.71875,3.3014727,3.0724316,0.6685678,66.6657,1.0312201
2023-09-29 18:00:00,29.004272,24.393097,1008.01874,2.6033192,3.1527557,0.92683095,76.2238,0.0
2023-09-30 00:00:00,27.991577,24.332184,1006.56,2.5431237,2.5023155,0.8956127,80.54841,0.0
2023-09-30 06:00:00,33.92874,24.746552,1007.5644,3.63939,2.8733664,0.26153684,58.84198,0.002767762
2023-09-30 12:00:00,28.768341,25.85617,1005.0631,1.8148785,3.5965557,0.9200715,84.30933,0.39283273
2023-09-30 18:00:00,27.95285,24.335052,1008.04877,2.953702,3.0771084,0.97970533,80.74443,0.0
2023-10-01 00:00:00,27.665802,23.914764,1006.33685,2.5620375,2.5174246,0.9460742,80.06408,0.014698366
2023-10-01 06:00:00,32.158722,24.749237,1007.975,3.1226835,3.412489,0.8130814,65.006645,0.00027400535
2023-10-01 12:00:00,31.90335,24.731628,1004.5719,1.8006954,3.8485289,0.2656365,65.88398,0.0
2023-10-01 18:00:00,29.068024,24.496307,1008.1238,2.3819857,3.5655155,0.44565576,76.413864,0.0
2023-10-02 00:00:00,27.774658,23.875732,1007.0106,2.1707351,2.342393,0.9087104,79.37,0.0011436641
2023-10-02 06:00:00,33.345978,24.653961,1007.8862,3.690175,3.4412632,0.41327727,60.45703,0.024318013
2023-10-02 12:00:00,30.864777,25.883942,1005.46063,1.5257761,4.4683924,0.14786345,74.85223,0.102938235
2023-10-02 18:00:00,28.509491,25.295898,1007.9869,2.4626236,4.6750946,0.3558765,82.78559,0.0
2023-10-03 00:00:00,27.720947,24.286163,1007.1125,2.384326,3.1994572,0.58264405,81.60557,9.5460564e-05
2023-10-03 06:00:00,33.273834,24.11911,1008.3931,2.5164719,2.2005162,0.3379331,58.78836,0.092785805
2023-10-03 12:00:00,31.827667,25.245148,1005.58563,0.8400111,5.3513575,0.5841473,68.22456,0.0
2023-10-03 18:00:00,28.38684,25.536835,1008.72626,1.4634616,4.6025925,0.103225775,84.58038,0.0
2023-10-04 00:00:00,27.940063,25.626556,1006.98126,2.251792,3.304439,0.09010315,87.27364,2.3283064e-07
2023-10-04 06:00:00,33.995758,23.446808,1007.89685,2.2902517,2.948566,0.6802915,54.222458,0.016023172
2023-10-04 12:00:00,31.560822,25.432281,1005.6944,0.27217323,4.5868053,0.25845444,70.0408,0.0
2023-10-04 18:00:00,28.256287,25.547089,1008.6919,1.5020548,4.379655,0.9384945,85.27707,0.0
2023-10-05 00:00:00,27.538849,24.055145,1006.89435,2.1092958,2.3003597,0.03663161,81.34386,0.0
2023-10-05 06:00:00,34.010406,24.255524,1007.2481,1.4916267,1.3684311,0.24776495,56.87815,0.0017168932
2023-10-05 12:00:00,31.894196,25.496613,1004.89374,-0.92426586,4.145001,0.28792626,68.99162,0.16381265
2023-10-05 18:00:00,28.629791,25.764313,1007.15314,1.1947203,3.9361877,0.18266019,84.52828,0.0
2023-10-06 00:00:00,27.603668,25.416779,1006.53876,1.1361679,0.5407663,0.8757465,87.90335,0.0053420663
2023-10-06 06:00:00,34.247467,20.946075,1007.21936,1.8362885,1.6602325,0.38208646,45.914837,0.0
2023-10-06 12:00:00,32.480255,23.578033,1004.3006,-0.24463081,2.6509314,0.8920602,59.504795,0.0
2023-10-06 18:00:00,28.965546,26.580597,1006.77814,0.88932425,3.08004,0.4099606,86.99658,0.0057211146
2023-10-07 00:00:00,28.622131,26.391083,1005.5531,1.1978592,1.6757069,0.21730399,87.75959,0.0
2023-10-07 06:00:00,33.957672,24.986359,1006.8675,0.81507015,2.4123259,0.40231523,59.59385,0.002670451
2023-10-07 12:00:00,29.783234,26.699371,1006.0131,0.38601017,1.3561604,0.50644255,83.56838,3.1445143
2023-10-07 18:00:00,28.316742,25.746826,1008.66125,-0.044384062,3.2179193,0.5936506,85.99076,0.0
2023-10-08 00:00:00,28.092346,25.345184,1008.0175,1.5689154,2.7376604,0.7008049,85.06831,0.004582107
2023-10-08 06:00:00,33.51419,25.680511,1008.70685,0.11148548,3.2461834,0.17637932,63.665,0.0038091093
2023-10-08 12:00:00,31.276642,24.696808,1006.65564,-0.10995102,3.3161755,0.23232219,68.129395,0.0
2023-10-08 18:00:00,28.420868,25.58139,1010.34064,0.8652287,3.7120695,0.055508528,84.63684,0.0
2023-10-09 00:00:00,27.944824,25.057495,1009.1625,0.7604719,2.327044,0.4723686,84.34611,0.0
2023-10-09 06:00:00,33.284454,25.338959,1010.3569,0.840619,2.1945078,0.22593613,63.195045,0.004576519
2023-10-09 12:00:00,30.75174,25.447906,1008.10626,-0.22699642,2.6979363,0.44577688,73.41321,0.56933236
2023-10-09 18:00:00,28.54831,25.490509,1010.96686,1.7153311,2.969073,0.6941735,83.56027,0.0
2023-10-10 00:00:00,27.782806,24.578064,1009.14685,0.748874,2.0051425,0.59810454,82.74488,9.49949e-05
2023-10-10 06:00:00,33.527863,24.99179,1009.865,0.9345323,2.3973563,0.18503422,61.063187,0.0
2023-10-10 12:00:00,30.723175,24.85672,1006.3713,0.4323225,2.419068,0.0817719,70.98925,0.03747642
2023-10-10 18:00:00,28.978912,25.41394,1009.6069,1.4027624,3.0547237,0.7393605,81.129875,0.0
2023-10-11 00:00:00,27.2182,24.851715,1008.65063,1.3184634,2.0943432,0.79471207,86.93455,0.0
2023-10-11 06:00:00,33.869537,24.631134,1009.14435,1.9224164,0.9588072,0.5108412,58.63108,0.0020088628
2023-10-11 12:00:00,29.043121,25.748444,1006.70624,-0.0631361,3.3027697,0.559426,82.450035,1.8024919
2023-10-11 18:00:00,26.763153,25.249542,1010.2494,1.0002227,2.446782,0.79997855,91.4323,0.0
2023-10-12 00:00:00,26.267456,24.215546,1008.73126,1.2211936,2.120883,0.94198865,88.504105,0.0
2023-10-12 06:00:00,31.754791,24.94815,1010.1937,0.34487724,0.70836544,0.9977767,67.305534,0.12311297
2023-10-12 12:00:00,30.275421,25.639557,1008.14685,-0.75568295,1.3433483,0.96402663,76.305885,0.124533154
2023-10-12 18:00:00,27.600433,25.21286,1010.9456,0.032762527,1.0336113,0.944328,86.85999,0.0
2023-10-13 00:00:00,27.301147,25.292267,1009.995,-0.3283276,0.98585033,0.43185812,88.81407,0.0
2023-10-13 06:00:00,32.173737,24.138702,1011.6362,-1.2762384,0.9492798,0.86730593,62.620163,0.020029955
2023-10-13 12:00:00,30.45523,24.560577,1008.2631,-0.41832066,0.7891197,0.826716,70.82152,0.10030717
2023-10-13 18:00:00,27.33136,25.119598,1011.4444,-1.4608021,1.3731451,0.72567064,87.75032,0.0
2023-10-14 00:00:00,26.43097,24.694366,1010.6575,-0.002609253,2.1163256,0.9819814,90.20297,0.024319451
2023-10-14 06:00:00,29.627228,25.074554,1011.4175,0.71108454,-0.56863403,0.9999998,76.58573,0.11110175
2023-10-14 12:00:00,29.4971,24.449219,1008.2431,-1.01579,0.92969227,0.99444103,74.33348,0.054084316
2023-10-14 18:00:00,26.701874,24.968323,1011.405,0.5304518,0.40351772,1.0,90.23815,0.43942654
2023-10-15 00:00:00,25.084412,23.625488,1008.8731,1.3365324,-0.4176321,0.99999934,91.63059,0.0
2023-10-15 06:00:00,30.375763,24.184906,1009.95374,1.748064,0.8365698,0.9991074,69.56153,0.0
2023-10-15 12:00:00,28.996124,25.726532,1006.08124,-0.8477392,0.106404305,0.973188,82.56723,1.609303
2023-10-15 18:00:00,27.18634,25.88916,1009.4856,0.8460903,2.1024733,0.9695166,92.63889,0.0
2023-10-16 00:00:00,25.520111,24.212494,1008.3606,1.1978292,-0.5338564,0.92718476,92.49262,0.0
2023-10-16 06:00:00,29.862091,25.245697,1009.52686,-0.22705925,-0.26617146,0.9443086,76.33123,0.036899712
2023-10-16 12:00:00,28.304596,24.520233,1007.7644,-0.8458986,0.46445274,0.91577494,79.98879,0.0
2023-10-16 18:00:00,26.998444,24.660797,1010.3688,0.6440172,-1.4314232,0.9879357,87.06464,0.12378925
2023-10-17 00:00:00,25.565765,24.031952,1009.4425,0.5490575,-2.1208305,0.9857931,91.248146,0.0
2023-10-17 06:00:00,31.341827,24.540527,1010.4462,-1.2527933,-1.8791933,0.9437113,67.2458,0.06913562
2023-10-17 12:00:00,29.159637,23.590546,1007.8575,-1.8921347,-1.1843395,0.82641256,71.98621,0.0
2023-10-17 18:00:00,27.043121,24.50418,1010.4531,-1.4694977,-2.3048325,0.9663209,86.026886,9.5926225e-05
2023-10-18 00:00:00,27.124725,24.141388,1009.54626,-0.5725317,-2.7517157,0.985014,83.774536,0.0
2023-10-18 06:00:00,31.253143,24.027924,1011.1319,-3.1870222,-2.0415277,0.99999887,65.54096,0.0076291617
2023-10-18 12:00:00,30.20694,23.53302,1008.7569,-1.8516006,-1.506959,0.9999988,67.53806,0.0
2023-10-18 18:00:00,27.344147,24.38089,1011.245,-1.3972445,-0.5156727,0.99108756,83.89959,9.533687e-05
2023-10-19 00:00:00,26.339142,24.251068,1009.55,0.5527477,-1.1066866,0.953812,88.31822,9.651558e-05
2023-10-19 06:00:00,30.837677,24.292572,1011.8175,-2.0324154,-1.8979511,0.6949816,68.18634,0.27399367
2023-10-19 12:00:00,29.685455,25.190094,1008.65625,-1.0605593,-0.86419487,0.48390627,76.85637,0.0
2023-10-19 18:00:00,26.67807,25.200714,1011.07874,-1.2010231,0.06385708,0.12924147,91.62468,0.0
2023-10-20 00:00:00,26.08017,23.916718,1010.02,1.0709667,-0.96727467,0.029665332,87.89798,0.0
2023-10-20 06:00:00,32.158966,22.201813,1010.9,-1.6816254,-1.3043814,0.48628706,55.748302,0.00038184226
2023-10-20 12:00:00,30.214874,22.262482,1007.635,-2.2753134,-0.52543736,0.028865814,62.50714,0.0
2023-10-20 18:00:00,27.280853,24.070953,1011.15063,-0.78863144,1.175127,0.80168635,82.66066,0.0
2023-10-21 00:00:00,25.968658,23.79538,1009.8719,0.8022317,-1.6573267,0.9769517,87.836586,0.088931315
2023-10-21 06:00:00,31.52774,24.020172,1011.1256,-0.8463402,-2.4864779,0.35558224,64.49524,0.0
2023-10-21 12:00:00,30.87851,24.399994,1008.84064,-2.118105,-0.89086246,0.27022624,68.46678,0.0
2023-10-21 18:00:00,27.161896,25.04892,1011.52625,0.14614391,0.5231104,0.74280685,88.254166,0.0
2023-10-22 00:00:00,26.293732,24.374512,1010.47815,0.6657893,-1.2598953,0.9489182,89.21289,0.053795427
2023-10-22 06:00:00,31.928253,24.257538,1011.1125,-0.32177162,-2.5367556,0.9477702,63.950592,0.012862913
2023-10-22 12:00:00,31.058502,23.525116,1008.01373,-1.5695667,-1.4732943,0.50299513,64.296875,0.0
2023-10-22 18:00:00,28.264923,25.036407,1010.9444,-0.8928795,0.7486744,0.4713632,82.68362,0.0
2023-10-23 00:00:00,26.691498,24.270386,1010.35,0.49419576,-0.19752312,0.9883462,86.60281,0.12055897
2023-10-23 06:00:00,32.259674,22.675385,1010.85315,-0.07300854,0.34632427,0.76307595,57.050426,0.0
2023-10-23 12:00:00,29.15628,24.419464,1007.88873,-0.9512749,2.9964328,0.1895892,75.675896,0.12854859
2023-10-23 18:00:00,27.571869,24.788605,1010.1856,1.3087144,3.0967226,0.1332776,84.83205,0.0
2023-10-24 00:00:00,26.995972,24.347412,1009.61,0.9988469,1.279066,0.18519586,85.45945,0.0014305115
2023-10-24 06:00:00,32.229523,22.84909,1010.25,0.2470187,1.147394,0.343574,57.75279,0.07476099
2023-10-24 12:00:00,30.468536,24.280243,1007.67126,-1.135293,2.3689582,0.59023744,69.58954,0.0
2023-10-24 18:00:00,28.220306,24.995544,1010.91315,-0.17023468,2.426754,0.70496315,82.696945,0.0
2023-10-25 00:00:00,27.547699,24.520355,1010.23,1.0459154,1.3559573,0.46092057,83.60074,0.105559826
2023-10-25 06:00:00,32.108673,24.995758,1011.73126,0.12182251,0.469603,0.4453364,66.15714,0.0
2023-10-25 12:00:00,30.123383,24.235504,1009.09064,-1.4435911,1.9958823,0.25996724,70.79023,0.0
2023-10-25 18:00:00,27.269928,24.781708,1011.4775,-0.45293617,1.4957435,0.2141316,86.30979,0.0
2023-10-26 00:00:00,26.25113,24.552582,1010.4269,0.90052795,-0.38079894,0.3605907,90.396095,9.5460564e-05
2023-10-26 06:00:00,32.269684,22.769623,1012.0119,-1.1720066,-1.6547632,0.35153645,57.34498,0.0037197024
2023-10-26 12:00:00,29.973663,23.073517,1008.58,-2.9179773,-1.370697,0.16342461,66.575676,0.0
2023-10-26 18:00:00,27.592377,23.804108,1010.9975,-2.2856092,-0.48298073,0.018704116,79.87528,0.0
2023-10-27 00:00:00,26.799103,23.712189,1009.26685,-0.35055447,-1.3033657,0.21448636,83.21822,0.00763312
2023-10-27 06:00:00,30.685455,24.317291,1010.52313,-2.456068,-1.9341335,0.474231,68.88396,0.1191041
2023-10-27 12:00:00,30.016998,23.788147,1007.2544,-2.8575144,-1.53232,0.15965608,69.33573,0.0
2023-10-27 18:00:00,26.679169,23.764343,1010.7125,-1.7559385,-0.74386024,0.46009266,84.071236,0.0
2023-10-28 00:00:00,26.886932,23.963562,1009.03937,-0.8903341,-0.8006544,0.87619627,84.05063,0.029098243
2023-10-28 06:00:00,31.873322,24.78012,1010.8131,-3.0539732,0.38869524,0.27672294,66.18762,0.092867166
2023-10-28 12:00:00,29.702179,24.019318,1007.48627,-2.3899012,-0.31712532,0.7888376,71.590645,0.0
2023-10-28 18:00:00,27.390839,24.224823,1010.45685,-1.40868,-1.146554,0.99802226,82.89144,0.0
2023-10-29 00:00:00,26.971893,24.04422,1009.26935,-0.989604,-2.4008207,0.95130336,84.038155,0.24925327
2023-10-29 06:00:00,29.43106,25.371063,1010.97687,-2.8924637,-0.94445133,0.9966552,78.83602,0.0
2023-10-29 12:00:00,26.668365,24.573761,1008.4475,-2.4297838,-1.1385984,0.9842736,88.310616,0.08581723
2023-10-29 18:00:00,26.719208,24.651215,1010.6125,-1.3223639,-1.1939201,0.9999996,88.455376,0.0
2023-10-30 00:00:00,25.396088,24.065643,1009.08813,-0.30464935,-1.7802458,0.8301013,92.35927,1.0421449
2023-10-30 06:00:00,27.356476,25.165955,1011.1275,-2.1755533,-1.1223927,1.0000001,87.86356,0.75874317
2023-10-30 12:00:00,27.503876,25.324005,1007.8831,-1.250329,-1.5634232,0.9550771,87.93167,0.0
2023-10-30 18:00:00,25.695953,24.694977,1011.03186,-0.4989767,-2.075447,0.9996035,94.21473,0.0
2023-10-31 00:00:00,25.645355,23.934448,1009.1194,0.18284035,-2.5480413,0.9624798,90.287704,0.0024847686
2023-10-31 06:00:00,30.854645,24.565186,1010.5706,-1.9700356,-3.1384907,0.66032284,69.24137,0.0740861
2023-10-31 12:00:00,29.251312,24.103638,1007.7388,-2.4016886,-3.377267,0.65388405,73.84978,0.0
2023-10-31 18:00:00,26.583893,24.657654,1010.675,-2.018012,-2.6515207,0.93701,89.197464,0.037772764
2023-11-01 00:00:00,25.93332,24.332703,1009.4462,0.030529022,-2.2251024,0.8897535,90.906555,0.0
2023-11-01 06:00:00,30.380646,24.735626,1010.51935,-1.8017092,-2.9291897,0.9973398,71.87292,0.5689213
2023-11-01 12:00:00,29.42978,24.913177,1008.5375,-1.6820765,-2.52291,0.990015,76.7208,0.0
2023-11-01 18:00:00,26.032501,24.089233,1010.83374,-0.64161205,-1.9086123,1.0,89.0644,1.090656
2023-11-02 00:00:00,25.603241,24.147858,1009.34125,0.1793642,-2.2303762,0.999279,91.681076,0.0
2023-11-02 06:00:00,29.774078,25.904236,1009.96063,-1.3638973,-2.5345507,1.0000005,79.777534,0.001902692
2023-11-02 12:00:00,29.228058,25.19812,1007.5569,-1.7218838,-1.6496248,0.9919545,78.94906,0.10768353
2023-11-02 18:00:00,26.647736,25.398804,1009.49,-0.9079132,-1.8583479,1.0,92.87657,0.0
2023-11-03 00:00:00,26.04068,24.517029,1007.805,0.04035282,-1.7722111,1.0,91.33325,0.37927076
2023-11-03 06:00:00,30.039825,24.86023,1008.46686,-1.3053036,-2.1840992,1.0,73.83946,0.015157789
2023-11-03 12:00:00,26.886261,25.05539,1006.6,-1.616004,-0.10784054,1.0,89.72908,1.0893526
2023-11-03 18:00:00,25.65628,24.754822,1008.87,-0.60198116,-0.533844,1.0,94.775,0.6920124
2023-11-04 00:00:00,25.492065,24.31253,1007.1894,0.6644837,-0.5677366,1.0,93.20411,0.0
2023-11-04 06:00:00,27.958893,25.573456,1008.72314,-1.6613884,0.13521671,1.0,86.90351,0.07795638
2023-11-04 12:00:00,28.076721,24.958923,1006.6806,-0.3031006,0.16154289,1.0,83.20952,0.08714044
2023-11-04 18:00:00,26.236969,24.858734,1009.5744,0.980469,0.48529327,1.0,92.14204,0.0
2023-11-05 00:00:00,24.921722,23.949524,1008.57935,1.2918844,0.1465134,0.9987187,94.34524,0.0
2023-11-05 06:00:00,30.153595,25.089508,1010.07623,0.2767915,0.67785585,0.94568354,74.368546,0.0
2023-11-05 12:00:00,27.753418,25.217438,1008.47125,-1.1819715,0.6114424,0.9414095,86.11022,0.11184548
2023-11-05 18:00:00,26.603058,24.988434,1010.78436,-1.1346312,1.259139,0.9769763,90.87373,0.0
2023-11-06 00:00:00,26.16336,24.676575,1009.5056,1.0231848,-1.1484146,0.86539924,91.54233,0.15443927
2023-11-06 06:00:00,31.569366,25.184631,1011.0544,-1.1875706,-1.1178732,0.74965054,68.983055,0.0
2023-11-06 12:00:00,29.699097,25.065277,1008.98627,-2.20228,-0.42940617,0.91705793,76.22715,0.0
2023-11-06 18:00:00,26.787872,25.101746,1011.8219,0.06359768,-0.5452118,0.99810153,90.49946,0.26008475
2023-11-07 00:00:00,25.786835,24.435974,1010.28186,1.881609,-1.9951267,0.999603,92.26783,0.0
2023-11-07 06:00:00,28.051575,25.12561,1011.045,-1.9569092,-2.9823456,0.99467903,84.16358,0.04737343
2023-11-07 12:00:00,28.269379,25.226624,1008.62,-2.0208864,-1.0614281,1.0,83.60407,0.0
2023-11-07 18:00:00,26.065704,24.884247,1011.92126,0.18560791,1.1611395,1.0,93.221436,0.0
2023-11-08 00:00:00,25.391357,24.401306,1009.67065,-0.5592518,-1.2380505,1.0,94.26362,1.546315
2023-11-08 06:00:00,30.60611,25.230194,1010.61,-0.6643343,-1.738554,1.0,73.07471,0.0
2023-11-08 12:00:00,28.856049,24.91507,1007.8375,-2.7637997,-1.6665506,0.98268515,79.317566,0.0
2023-11-08 18:00:00,26.120453,24.86148,1011.155,-2.0329752,-0.7886734,0.9827298,92.793945,1.8047585
2023-11-09 00:00:00,25.723755,24.28543,1009.97626,0.50162125,-1.9220276,0.99390125,91.78202,0.0
2023-11-09 06:00:00,29.513336,25.817596,1011.47,-1.3653631,-1.922143,1.0,80.5703,0.0
2023-11-09 12:00:00,28.904572,24.977844,1008.1194,-1.4770012,-1.6110735,0.9933713,79.39162,0.0
2023-11-09 18:00:00,25.811218,24.67752,1012.1331,-1.2268438,-1.3539572,1.0,93.47549,0.25551748
2023-11-10 00:00:00,25.661102,24.615723,1011.1969,-1.062644,-2.571704,1.0,93.96353,0.0
2023-11-10 06:00:00,30.14566,25.6857,1012.1206,-3.2749681,-2.4281702,0.9882314,77.086815,0.18708667
2023-11-10 12:00:00,27.669037,24.690094,1009.6763,-1.773159,-2.532754,0.7272434,83.85649,0.5641079
2023-11-10 18:00:00,26.15387,24.673706,1013.15936,-2.3438778,-2.1356049,0.9992783,91.57798,0.0
2023-11-11 00:00:00,26.12027,24.621185,1010.3544,-0.7046137,-3.1220245,0.43557894,91.47243,0.0
2023-11-11 06:00:00,29.08023,24.919342,1012.1956,-2.5202618,-3.3974352,0.973876,78.3147,0.28803968
2023-11-11 12:00:00,29.14328,23.921112,1009.8306,-2.4529314,-3.637703,0.6508964,73.50206,0.0
2023-11-11 18:00:00,26.736298,23.457489,1012.6075,-1.6106586,-2.7374687,0.9902833,82.25422,0.0
2023-11-12 00:00:00,25.880646,22.756256,1010.4906,-0.20892143,-3.2060423,0.6378121,82.924446,0.0
2023-11-12 06:00:00,30.721588,23.629547,1011.89185,-3.0003042,-4.807539,0.59289926,65.95925,0.058170408
2023-11-12 12:00:00,29.501099,22.71988,1009.96686,-2.343421,-3.862814,0.87972856,66.961975,0.0
2023-11-12 18:00:00,27.243195,22.6716,1011.835,-0.92697906,-3.9351912,0.9703465,76.13402,0.0019064173
2023-11-13 00:00:00,26.160553,23.062225,1009.9919,0.12666607,-4.031252,0.84780693,83.08782,0.0
2023-11-13 06:00:00,29.890656,23.726166,1011.3862,-2.8049078,-4.4630537,0.99856377,69.58107,0.08803003
2023-11-13 12:00:00,26.740631,24.76297,1009.0769,-1.6496897,-3.3373823,1.0,88.935814,2.6404674
2023-11-13 18:00:00,25.867706,24.496277,1011.3212,-1.1548729,-4.117652,1.0,92.158806,0.0
2023-11-14 00:00:00,24.8768,24.103241,1009.255,0.6999731,-4.005018,1.0,95.47581,1.8768343
2023-11-14 06:00:00,26.380219,24.839203,1010.8594,0.758049,-2.8938103,0.99999994,91.25952,1.4421763
2023-11-14 12:00:00,25.66272,23.375824,1008.0669,0.9742241,-4.896612,1.0,87.21074,0.0
2023-11-14 18:00:00,23.662323,21.79892,1010.395,-0.3010168,-5.7104235,1.0,89.31444,0.0
2023-11-15 00:00:00,23.78006,22.014984,1008.8756,2.0270967,-3.8635263,1.0000001,89.8607,1.9064106
2023-11-15 06:00:00,27.235138,23.583527,1010.53314,0.5479212,-3.691187,1.0,80.48789,0.0
2023-11-15 12:00:00,25.94986,23.235138,1008.4925,1.0092287,-3.795848,1.0,85.013954,0.6030449
2023-11-15 18:00:00,25.451385,23.785553,1010.25,-0.23476791,-3.5903196,0.99921286,90.51951,0.0
2023-11-16 00:00:00,25.457428,23.812836,1009.15875,0.16819,-3.0602398,0.950415,90.63566,0.2952454
2023-11-16 06:00:00,29.249298,25.585663,1010.9519,0.0041570663,-3.424224,0.9845157,80.68996,0.0
2023-11-16 12:00:00,28.538116,24.705414,1009.08563,-0.33728695,-2.1762915,0.9988163,79.788956,0.0
2023-11-16 18:00:00,26.478546,25.275543,1011.17065,-1.2290316,-2.3717566,0.99999994,93.12206,0.11868115
2023-11-17 00:00:00,25.975006,24.12201,1010.18,-0.057637215,-2.5745773,0.9984921,89.54393,0.04182449
2023-11-17 06:00:00,30.827545,24.93509,1011.0719,-1.3579941,-3.561823,0.63790154,70.89794,0.026106015
2023-11-17 12:00:00,29.317108,24.90921,1008.39124,-1.2189188,-2.4580402,0.9953237,77.20313,0.0
2023-11-17 18:00:00,26.9003,25.04657,1010.8756,-1.073184,-2.4341488,0.9858372,89.60796,0.033400953
2023-11-18 00:00:00,26.357025,24.933807,1009.5006,-1.1136198,-2.7708292,0.9441769,91.90187,0.022895634
2023-11-18 06:00:00,30.218414,25.710602,1010.46124,-2.4905949,-2.2461786,0.75906056,76.87912,0.025556177
2023-11-18 12:00:00,28.857208,24.731201,1008.40814,-1.2650719,-3.340971,0.56880146,78.44637,0.0
2023-11-18 18:00:00,26.514435,24.653442,1010.90814,-2.2732067,-3.5344458,0.94843864,89.54082,0.13736126
2023-11-19 00:00:00,26.06958,24.378387,1009.3638,-0.41024208,-2.7967777,0.9976256,90.423546,0.0
2023-11-19 06:00:00,28.833466,25.600616,1011.10065,-3.1027184,-2.6912994,0.99449295,82.728455,0.07097083
2023-11-19 12:00:00,28.531464,24.597076,1008.75,-1.3153315,-2.6913824,0.9983219,79.30454,0.0
2023-11-19 18:00:00,26.375763,24.566559,1010.5125,-0.7319193,-1.8903084,0.9152494,89.80839,0.08362532
2023-11-20 00:00:00,25.559723,23.858429,1008.99,0.66343784,-2.8055563,0.9968415,90.33399,1.3525845
2023-11-20 06:00:00,27.343414,24.950256,1010.6919,1.3328056,-3.9491806,1.0,86.80772,1.681764
2023-11-20 12:00:00,26.977936,24.08377,1008.90436,0.29508495,-4.568059,1.0,84.20803,0.0
2023-11-20 18:00:00,25.735107,24.282715,1010.46625,0.7200041,-1.4828653,1.0,91.70532,0.72350013
2023-11-21 00:00:00,25.247925,24.044983,1008.2456,0.8938339,-2.9274693,1.0,93.06128,0.0
2023-11-21 06:00:00,29.681671,25.575592,1009.5531,-0.73963165,-1.7235727,0.9959341,78.6553,0.0
2023-11-21 12:00:00,29.113434,25.542572,1007.2556,-1.4022427,-0.52999496,0.97939414,81.11833,0.0
2023-11-21 18:00:00,25.974792,25.022186,1009.97375,-0.34506893,-0.49165344,0.99404263,94.49851,0.538685
2023-11-22 00:00:00,25.890106,24.904114,1007.9244,0.6993227,-0.7748432,0.99733925,94.30716,0.0
2023-11-22 06:00:00,27.220734,25.452179,1009.7606,-1.3971949,-0.8448515,1.0,90.08626,0.0467335
2023-11-22 12:00:00,26.856659,25.164093,1007.33563,-2.4481516,-0.18793297,1.0,90.46938,0.05461988
2023-11-22 18:00:00,25.649872,24.73529,1009.8219,-1.0299854,0.8723841,1.0,94.700485,0.0
2023-11-23 00:00:00,25.398285,24.514343,1008.2394,0.1863079,-0.100296974,1.0,94.86459,0.29104275
2023-11-23 06:00:00,29.537628,24.862823,1009.6881,-1.5311623,-0.70608395,0.9880367,76.016304,0.0
2023-11-23 12:00:00,28.809418,25.194397,1006.27,-1.3770733,-0.75534916,0.7492473,80.86728,0.0
2023-11-23 18:00:00,26.143951,24.913696,1008.78375,-1.4585314,-1.5753183,0.96978754,92.95431,0.003724359
2023-11-24 00:00:00,25.878326,24.475677,1007.33435,-0.58950615,-1.4829378,0.56854343,91.98734,0.31956282
2023-11-24 06:00:00,29.764801,25.161652,1009.85565,-2.0231915,-1.5436125,0.74397886,76.37662,0.0
2023-11-24 12:00:00,28.124115,24.877655,1007.82,-1.7050142,-1.3534098,0.87076235,82.57871,0.0
2023-11-24 18:00:00,26.252014,25.033539,1010.3862,-0.70359516,-1.9824972,0.99960315,93.02504,0.10797378
2023-11-25 00:00:00,26.07788,24.66452,1008.9469,-1.6206865,-2.4997272,0.999603,91.939865,0.14906806
2023-11-25 06:00:00,29.871368,26.019745,1010.6125,-2.6225443,-2.2523031,0.9794926,79.87653,0.0
2023-11-25 12:00:00,27.49585,25.190094,1008.7381,-2.419423,-2.4664106,1.0,87.274704,0.35113564
2023-11-25 18:00:00,25.427338,24.424622,1011.70874,-3.6218042,-1.945674,1.0,94.193665,0.17909002
2023-11-26 00:00:00,25.281128,23.79773,1010.35065,-1.8895426,-2.4828777,1.0,91.507545,0.0
2023-11-26 06:00:00,29.190948,25.9917,1011.59875,-2.9280367,-3.3046474,0.95197314,82.93466,0.0
2023-11-26 12:00:00,28.00705,25.128174,1009.0069,-2.441471,-2.4983149,0.83552283,84.39525,0.0
2023-11-26 18:00:00,25.823578,24.88321,1011.22687,-0.63604736,-2.8091326,0.9605351,94.56153,0.0
2023-11-27 00:00:00,25.535004,24.3685,1008.6931,-1.504961,-1.0245066,0.9149061,93.27904,0.12652671
2023-11-27 06:00:00,29.085419,25.872406,1010.2406,-3.1436644,-1.4464169,0.50001574,82.854965,0.0
2023-11-27 12:00:00,29.195282,24.699066,1007.5806,-2.8582382,-2.0099087,0.24616286,76.77897,0.06056193
2023-11-27 18:00:00,26.300934,24.356415,1009.9306,-1.3942966,-1.9464912,0.49755943,89.07833,0.0
2023-11-28 00:00:00,25.595001,23.998077,1007.975,-1.3755827,-2.53889,0.80417365,90.90479,0.047111027
2023-11-28 06:00:00,29.941803,25.948761,1009.5181,-2.4378033,-2.6462727,0.9615593,79.22015,0.09251309
2023-11-28 12:00:00,28.108307,24.748444,1006.9025,-2.1587763,-2.2568083,0.95674497,82.0196,0.0
2023-11-28 18:00:00,26.274231,24.595734,1009.5275,-1.52668,-1.924489,0.9892999,90.5061,0.060270116
2023-11-29 00:00:00,25.437653,23.779877,1008.1219,-0.10004425,-1.8976498,0.9988886,90.562485,0.160227
2023-11-29 06:00:00,28.829254,24.483063,1009.66064,-1.6462431,-2.771227,1.0,77.41628,0.7357096
2023-11-29 12:00:00,26.820038,24.796082,1008.0144,-2.073843,-1.5975351,0.9996025,88.69651,0.007911444
2023-11-29 18:00:00,25.229614,24.293121,1010.27814,-1.5088024,-1.3614883,1.0,94.560005,0.0
2023-11-30 00:00:00,25.225433,24.025635,1008.64435,-0.6903801,-2.2307158,1.0,93.07775,0.495304
2023-11-30 06:00:00,27.089508,24.929138,1010.8713,-0.7601347,-2.7187986,1.0,87.999146,0.0
2023-11-30 12:00:00,26.384552,24.468445,1008.8013,-1.1953869,-2.6880264,0.99927974,89.23641,0.0
2023-11-30 18:00:00,25.21225,24.063568,1009.9469,-1.1452942,-3.0879173,0.9958991,93.36324,0.0
2023-12-01 00:00:00,25.417694,24.013397,1008.52124,0.7039509,-3.3425837,0.986742,91.95179,0.0
2023-12-01 06:00:00,28.94992,25.121735,1009.21375,0.03271866,-4.300354,0.9900014,79.86536,0.031547494
2023-12-01 12:00:00,26.945831,24.704071,1006.42065,-1.3320761,-2.3696547,0.98492324,87.56034,1.3658822
2023-12-01 18:00:00,26.054382,24.639923,1008.6794,-0.3688135,-3.6012154,1.0,91.932495,0.0
2023-12-02 00:00:00,25.912354,23.907501,1006.2681,1.5515413,-3.751214,1.0,88.726135,0.0
2023-12-02 06:00:00,28.710114,25.069977,1007.2388,1.6564164,-4.603713,1.0,80.73373,0.11525987
2023-12-02 12:00:00,27.840546,23.955536,1004.6744,0.39011687,-4.719619,1.0,79.4454,0.0
2023-12-02 18:00:00,26.346283,23.544464,1006.5375,1.873624,-4.3166733,1.0,84.60954,0.0
2023-12-03 00:00:00,24.898376,23.7229,1005.10187,3.0912156,-3.5063581,1.0,93.19775,0.998778
2023-12-03 06:00:00,28.60257,24.726776,1006.835,3.7600517,-2.790986,1.0,79.59242,0.0
2023-12-03 12:00:00,27.432709,24.275604,1004.3169,2.9462981,-2.5687685,1.0,82.940575,0.16466886
2023-12-03 18:00:00,26.507233,24.105957,1005.6238,3.1389828,-0.06905174,1.0,86.688866,0.0
2023-12-04 00:00:00,26.277924,23.806976,1003.76935,3.3086557,1.2783682,1.0,86.305244,0.0
2023-12-04 06:00:00,30.802032,24.301666,1005.24,5.3405294,1.96224,1.0,68.36255,0.09576402
2023-12-04 12:00:00,29.319061,24.79184,1004.0144,1.3821117,2.9309034,1.0,76.6555,0.0
2023-12-04 18:00:00,27.31363,26.211151,1005.23315,1.2277181,3.9164762,0.9973011,93.71832,0.0
2023-12-05 00:00:00,27.072357,26.24936,1004.08374,1.8033123,2.3875008,0.99999994,95.26893,0.0
2023-12-05 06:00:00,32.047394,25.858856,1005.84186,2.4740067,1.2837212,0.99999994,69.88125,0.008391216
2023-12-05 12:00:00,30.512787,25.442688,1004.16815,-0.5774212,3.3240936,0.9094926,74.400345,0.0
2023-12-05 18:00:00,27.92752,26.601654,1007.5644,0.5230588,3.130641,0.83784735,92.521194,0.0
2023-12-06 00:00:00,27.434845,25.332672,1006.65686,1.2497156,1.911931,0.68869406,88.33322,0.06493786
2023-12-06 06:00:00,31.067657,27.136017,1008.0675,-0.13640076,2.1917567,0.5210548,79.65929,0.023941115
2023-12-06 12:00:00,30.314667,25.841003,1005.91876,-0.17500305,1.627147,0.48912734,77.049255,0.02269207
2023-12-06 18:00:00,27.672455,26.35559,1009.0644,-0.5508394,2.292591,0.26791334,92.556786,0.0
2023-12-07 00:00:00,26.848022,25.392914,1007.79877,0.031034648,1.7381123,0.5410096,91.75604,0.0
2023-12-07 06:00:00,30.955719,26.37497,1009.14374,-0.4165907,1.6070513,0.70212644,76.658165,0.10022729
2023-12-07 12:00:00,30.218597,25.49997,1007.1731,-0.32884884,0.6165831,0.7988622,75.92318,0.0
2023-12-07 18:00:00,27.01358,25.585938,1009.8713,-1.3684444,0.14499855,0.41119897,91.91554,0.0
2023-12-08 00:00:00,26.118683,24.907501,1008.71313,0.3859682,-0.9937792,0.43998528,93.05886,0.03195093
2023-12-08 06:00:00,30.430573,26.226288,1010.71564,-1.2050867,-0.8977642,0.7608432,78.30395,0.04292444
2023-12-08 12:00:00,29.252045,25.023682,1007.8906,-2.5157328,-1.3659105,0.23340511,78.024666,0.0
2023-12-08 18:00:00,27.317108,25.30478,1010.6381,-1.6057558,-1.4164839,0.21479619,88.79712,0.0
2023-12-09 00:00:00,26.69983,24.973083,1010.1806,-0.7943249,-1.8636856,0.5465126,90.274635,0.11092075
2023-12-09 06:00:00,28.478424,24.679688,1012.275,-1.6926994,-2.5099783,0.6475524,79.94312,0.33386144
2023-12-09 12:00:00,28.866547,24.822449,1008.5519,-2.712016,-2.2486858,0.3314268,78.83237,0.0
2023-12-09 18:00:00,26.72464,24.822723,1010.47064,-1.8951101,-2.2186785,0.75072235,89.33775,0.18677367
2023-12-10 00:00:00,26.217072,24.687195,1008.89935,-0.36681747,-3.07232,0.43013817,91.31015,0.0
2023-12-10 06:00:00,29.743256,25.071686,1010.70935,-2.5261202,-3.6743803,0.6447159,76.06266,0.1706676
2023-12-10 12:00:00,28.775055,24.035828,1007.9231,-2.838501,-3.15582,0.9375814,75.60526,0.0
2023-12-10 18:00:00,27.151764,24.181976,1011.2575,-2.1103125,-2.2199755,1.0000007,83.84565,0.009926941
2023-12-11 00:00:00,26.133392,23.621735,1009.6931,-1.0932102,-2.510541,0.9985646,86.0802,0.014871359
2023-12-11 06:00:00,28.997162,24.449432,1011.3831,-2.4424706,-3.4499598,0.9232935,76.51286,0.026802752
2023-12-11 12:00:00,28.256714,23.463623,1008.58435,-2.9544754,-3.1818895,0.6352842,75.278786,0.0
2023-12-11 18:00:00,26.274384,23.497559,1011.0069,-2.0357847,-2.8221922,0.84539306,84.729576,0.16537014
2023-12-12 00:00:00,26.123077,23.451782,1008.51935,-1.0953217,-3.1483994,0.73117995,85.25485,0.0
2023-12-12 06:00:00,28.554657,23.63565,1011.0125,-2.7645864,-3.251854,0.99299353,74.75725,0.14228432
2023-12-12 12:00:00,27.922577,22.628082,1008.66626,-2.3289251,-2.657486,0.51389754,72.97508,0.0
2023-12-12 18:00:00,25.603912,21.905487,1010.5156,-2.2238197,-1.8410959,0.01950419,80.044914,0.0
2023-12-13 00:00:00,25.05838,21.795227,1009.0056,-0.4161482,-2.6553802,0.75841725,82.12996,0.0
2023-12-13 06:00:00,29.250214,22.646027,1011.4856,-2.9130564,-4.7755623,0.52498615,67.63505,0.006007962
2023-12-13 12:00:00,27.651093,22.294159,1008.97314,-2.8617125,-2.958332,0.54628724,72.65202,0.0
2023-12-13 18:00:00,25.327972,21.613861,1011.72314,-1.777667,-2.9409456,0.34992504,79.93131,0.0
2023-12-14 00:00:00,24.812286,21.736328,1010.47687,-0.27453613,-3.6152887,0.35988304,83.04515,0.0
2023-12-14 06:00:00,28.930756,22.439606,1012.2944,-2.69761,-5.754938,0.82009804,68.03816,0.006770715
2023-12-14 12:00:00,28.095306,22.396454,1009.97,-2.1263208,-3.8722782,0.98261404,71.23446,0.0
2023-12-14 18:00:00,26.07959,22.806122,1012.66064,-1.7909689,-3.8147326,0.99881643,82.20182,0.359416
2023-12-15 00:00:00,25.316376,23.636444,1010.72125,-1.5569229,-3.977501,0.9144524,90.43357,0.0
2023-12-15 06:00:00,27.238922,24.494171,1012.4406,-1.6434145,-4.637247,0.98316205,84.99318,0.24105299
2023-12-15 12:00:00,26.517548,24.373444,1010.1806,-0.8578453,-3.6731958,0.9738051,88.036896,0.0
2023-12-15 18:00:00,25.127106,24.000702,1011.65625,0.11127281,-4.0692797,0.9973393,93.48417,0.041323114
2023-12-16 00:00:00,24.8667,23.690033,1009.65875,-0.09417343,-3.288988,0.9999978,93.1895,0.07295598
2023-12-16 06:00:00,27.50998,25.06549,1011.60315,-1.9922667,-2.8653774,0.9999991,86.557785,0.6172426
2023-12-16 12:00:00,26.053833,24.293732,1009.5775,-2.6363401,-3.334445,1.0,90.04989,0.5669638
2023-12-16 18:00:00,25.75586,24.673096,1011.02435,-2.9236288,-3.385498,1.0000001,93.75796,0.0
2023-12-17 00:00:00,25.874054,24.399017,1008.975,-2.6869526,-3.398097,0.9980223,91.58927,0.25226018
2023-12-17 06:00:00,28.512543,25.191803,1011.26624,-4.3189993,-2.8055525,0.9932176,82.259705,0.055039406
2023-12-17 12:00:00,27.746216,23.739685,1008.5594,-3.6495342,-3.341034,0.9991093,78.85397,0.0
2023-12-17 18:00:00,25.998627,23.706635,1011.055,-4.100649,-3.2619,0.9996036,87.21391,0.6982739
2023-12-18 00:00:00,25.695831,23.702728,1010.1806,-2.7084408,-3.182825,1.0,88.77173,0.0
2023-12-18 06:00:00,27.524384,23.787384,1012.5825,-4.1597586,-4.0172224,1.0,80.11299,0.0
2023-12-18 12:00:00,26.486053,22.63556,1010.3244,-3.1717367,-3.7060118,1.0,79.426285,0.33716092
2023-12-18 18:00:00,25.094025,22.788605,1012.64435,-2.0677414,-3.6306314,0.9878494,87.06208,0.93256193
2023-12-19 00:00:00,25.380402,22.552643,1010.64124,-0.94265556,-4.4684067,1.0000025,84.374115,0.0
2023-12-19 06:00:00,28.044098,22.520416,1012.8194,-2.1718245,-4.366948,0.9999994,71.98762,0.02475679
2023-12-19 12:00:00,27.52478,22.773224,1010.1887,-2.820756,-4.6172237,0.8189756,75.35156,0.0
2023-12-19 18:00:00,26.183075,22.541168,1012.6075,-1.9366922,-3.9864273,0.9268127,80.39761,0.057730824
2023-12-20 00:00:00,25.490997,22.651276,1011.12,-0.9708147,-3.8499079,0.98872477,84.32477,0.09429455
2023-12-20 06:00:00,27.376678,24.538666,1012.32874,-2.4163656,-3.8965187,0.82906127,84.53452,0.27277428
2023-12-20 12:00:00,26.742096,24.205841,1010.03625,-1.7734251,-3.868907,1.0000005,86.0117,0.0
2023-12-20 18:00:00,25.488983,23.308624,1012.5569,-1.6855459,-4.1469383,0.9935891,87.75819,0.0
2023-12-21 00:00:00,25.246979,23.738434,1010.70874,-1.9793806,-3.0316296,0.91710675,91.3671,0.16920269
2023-12-21 06:00:00,25.66098,24.452484,1012.66437,-1.7260323,-3.3096848,0.65712774,93.05095,0.989452
2023-12-21 12:00:00,26.702515,24.415497,1009.8144,-2.603032,-2.911419,0.33691072,87.30236,0.0
2023-12-21 18:00:00,25.18457,23.201813,1012.9469,-1.5268707,-3.236617,0.65932417,88.786736,0.0
2023-12-22 00:00:00,24.396393,22.405853,1011.14935,-0.650753,-3.205099,0.6555954,88.68224,0.0
2023-12-22 06:00:00,28.336517,22.934479,1012.7612,-1.8205404,-4.9453535,0.83589256,72.571945,0.06847456
2023-12-22 12:00:00,27.454132,23.026459,1010.2581,-2.5702066,-2.966096,0.98963225,76.83325,0.0
2023-12-22 18:00:00,24.920807,22.314545,1012.79315,-1.4642324,-3.244565,0.4766373,85.46956,0.0
2023-12-23 00:00:00,23.379425,20.53769,1011.9775,0.36481285,-3.3029861,0.9424429,84.084595,0.0
2023-12-23 06:00:00,28.64206,22.119904,1014.03625,-1.4595194,-4.063596,0.9832903,67.85351,9.543146e-05
2023-12-23 12:00:00,28.002838,22.571075,1010.90625,-2.4558582,-2.900673,0.72254384,72.38333,0.0
2023-12-23 18:00:00,24.825226,21.775238,1013.8081,-1.5886574,-3.7767048,0.4328062,83.1785,0.0
2023-12-24 00:00:00,24.649689,20.813202,1012.9313,0.07970142,-4.4718847,0.61873317,79.241234,0.0
2023-12-24 06:00:00,26.962494,22.865875,1014.89124,-1.3187389,-4.604395,0.9547405,78.315865,0.28827786
2023-12-24 12:00:00,26.100067,24.310883,1012.2537,-2.4014273,-3.8578806,0.8637092,89.896355,0.19815564
2023-12-24 18:00:00,24.872345,23.71585,1013.9481,-2.100604,-2.7450628,0.53391576,93.303024,0.0
2023-12-25 00:00:00,24.143402,23.510162,1012.40314,-0.42786407,-2.8621893,0.34397042,96.26283,0.0
2023-12-25 06:00:00,29.064972,25.582916,1013.6431,-2.6927118,-3.489725,0.6039059,81.541145,0.029642455
2023-12-25 12:00:00,27.891144,24.674408,1011.03436,-3.3877583,-2.8904457,0.21152931,82.69815,0.0
2023-12-25 18:00:00,25.866608,23.721497,1013.23126,-2.7042284,-3.286436,0.18730241,87.977005,0.01772346
2023-12-26 00:00:00,23.918976,22.63559,1012.1994,-0.6122732,-4.0370903,0.8482285,92.54161,0.0
2023-12-26 06:00:00,27.919586,23.110504,1013.6394,-1.9978142,-5.8199625,0.8957311,75.15241,0.118769705
2023-12-26 12:00:00,27.631317,23.494476,1011.3119,-3.0988016,-4.155857,0.4013421,78.22122,0.0
2023-12-26 18:00:00,25.481354,22.51773,1014.43,-1.465333,-3.9766092,0.69691616,83.69178,0.0
2023-12-27 00:00:00,25.102692,21.998444,1012.83374,0.33820724,-4.131777,0.8227334,82.93556,0.029386021
2023-12-27 06:00:00,28.879608,23.065094,1014.1925,-3.0783472,-6.328253,0.87288755,70.87784,0.0728406
2023-12-27 12:00:00,28.211578,23.582642,1010.51624,-2.9786587,-4.806344,0.9235662,76.02034,0.0
2023-12-27 18:00:00,25.62436,23.643036,1013.1781,-2.775443,-3.8816452,0.8732738,88.8291,0.27782318
2023-12-28 00:00:00,25.139557,24.119354,1011.47314,-1.6404772,-3.9917698,0.9472692,94.08275,0.0
2023-12-28 06:00:00,27.980072,24.909088,1012.95935,-3.5562134,-3.8396626,0.6329535,83.43129,0.20508444
2023-12-28 12:00:00,27.569489,24.930267,1010.365,-3.4707012,-3.666874,0.93693715,85.56427,0.0
2023-12-28 18:00:00,25.771942,24.41983,1012.625,-2.703268,-3.2425594,0.7455017,92.26007,0.0
2023-12-29 00:00:00,24.791626,23.773895,1011.0744,-1.9920502,-4.125516,0.99999994,94.081795,0.1067256
2023-12-29 06:00:00,28.04007,25.502045,1013.0619,-4.1392756,-3.010765,0.83182293,86.12713,0.0015097558
2023-12-29 12:00:00,28.404327,25.05185,1010.485,-3.4365234,-3.1386576,0.3635168,82.0914,0.0
2023-12-29 18:00:00,26.044647,24.379364,1013.2469,-2.16673,-3.8315363,0.96807176,90.56234,0.0
2023-12-30 00:00:00,25.118073,23.448883,1011.2394,-0.9706564,-3.3873491,0.9704841,90.47869,0.0026898496
2023-12-30 06:00:00,28.391083,24.469086,1013.1863,-2.6905823,-4.259821,0.93175113,79.344215,0.08256063
2023-12-30 12:00:00,27.473175,23.675354,1010.4725,-3.021515,-3.301649,0.9438575,79.813446,0.0
2023-12-30 18:00:00,25.788849,22.899567,1012.60376,-2.3181896,-2.914361,0.87975615,84.10398,0.0
2023-12-31 00:00:00,25.013947,22.592255,1011.3237,-0.8384142,-3.3683624,0.2521084,86.44276,0.0045797788
2023-12-31 06:00:00,28.996246,23.071869,1012.46063,-3.4971113,-3.7095985,0.7306292,70.42957,0.0649374
2023-12-31 12:00:00,27.928314,23.710236,1009.3837,-3.7139425,-4.002636,0.49948937,77.88196,0.0
2023-12-31 18:00:00,25.28299,22.427765,1012.29065,-2.093234,-2.6950197,0.5923925,84.222946,0.0
2024-01-01 00:00:00,24.38211,22.211823,1011.5106,0.33271885,-3.6972532,0.9528785,87.716545,0.0
2024-01-01 06:00:00,28.536224,22.34024,1013.07,-2.3561583,-4.5556135,0.9875271,69.193596,0.021266751
2024-01-01 12:00:00,27.547455,22.716705,1010.40063,-2.5818205,-2.4642944,0.5509562,74.99422,0.0
2024-01-01 18:00:00,25.529877,21.974518,1012.34814,-2.7495365,-2.263731,1.0000001,80.73684,0.0
2024-01-02 00:00:00,24.650543,22.00412,1010.3869,-0.6317768,-2.3632593,0.9959338,85.23337,0.0
2024-01-02 06:00:00,29.023224,22.94925,1011.95685,-2.5841513,-3.4789696,0.93493646,69.79981,0.123684704
2024-01-02 12:00:00,27.034882,23.350983,1009.955,-2.366723,-2.2239628,0.9855686,80.305145,0.0
2024-01-02 18:00:00,24.829987,22.484589,1011.6337,-2.3531704,-2.1106062,0.46965164,86.82705,0.0
2024-01-03 00:00:00,24.240997,22.243683,1010.22064,-0.2131033,-2.4813452,0.744667,88.633255,0.009161305
2024-01-03 06:00:00,28.767975,23.442108,1011.85815,-2.424385,-3.2579231,0.7677991,72.98119,0.10031089
2024-01-03 12:00:00,27.57434,22.97879,1009.1625,-2.7709436,-2.2552605,0.5026261,76.074875,0.0
2024-01-03 18:00:00,25.545563,22.199707,1010.9975,-2.0038433,-1.2016239,0.5105961,81.77623,0.00038091093
2024-01-04 00:00:00,25.001923,22.525452,1010.055,-0.26069355,-1.6575918,0.33576435,86.15458,0.0077271834
2024-01-04 06:00:00,29.66922,23.157593,1011.585,-2.891057,-2.3868904,0.45435923,68.09743,0.17470308
2024-01-04 12:00:00,27.133575,23.469086,1008.89374,-2.6563559,-1.5908489,0.9703647,80.41218,0.0
2024-01-04 18:00:00,25.815094,23.359985,1011.0575,-1.8276482,-1.4335375,0.96363235,86.34377,0.0067767156
2024-01-05 00:00:00,25.530182,23.080597,1009.79626,0.064982414,-1.6139679,0.99652714,86.34559,0.04309395
2024-01-05 06:00:00,29.082306,24.294464,1011.26874,-1.3254433,-2.635829,0.97462696,75.433334,0.04138241
2024-01-05 12:00:00,28.03659,23.287598,1009.3738,-1.6764584,-2.487114,0.6953556,75.44447,0.0
2024-01-05 18:00:00,26.525848,23.502686,1010.84,-1.8522415,-2.8410082,0.91504174,83.5075,0.0
2024-01-06 00:00:00,25.857391,23.256104,1009.3869,-0.32799435,-2.2379627,0.9706578,85.58911,0.016696751
2024-01-06 06:00:00,28.41275,24.402924,1011.34875,-1.2656593,-2.9378862,0.99881613,78.931015,0.52292013
2024-01-06 12:00:00,27.510742,24.125854,1009.01685,-1.6627731,-2.760436,0.9962269,81.82433,0.0
2024-01-06 18:00:00,25.175812,23.915375,1011.4506,-0.73293114,-2.289874,0.99999654,92.7367,0.24718076
2024-01-07 00:00:00,25.71997,23.891235,1010.1925,-0.21318913,-2.0576658,0.9627068,89.655754,1.8519554
2024-01-07 06:00:00,28.335236,24.59726,1011.9725,0.28557587,-4.6524153,0.9554693,80.21509,0.0
2024-01-07 12:00:00,27.627045,24.624939,1008.5737,-1.8285446,-2.9680414,0.9842852,83.73585,0.0
2024-01-07 18:00:00,24.362701,23.581818,1011.6394,-0.8491955,-1.3479061,0.9713959,95.41666,0.009478778
2024-01-08 00:00:00,24.454987,23.660004,1010.33813,0.4173193,-1.4484701,0.9996035,95.33877,1.7892427
2024-01-08 06:00:00,26.686737,24.578644,1012.6375,-2.1917057,-1.2339926,0.8980553,88.240906,0.0
2024-01-08 12:00:00,26.171265,24.342285,1009.91187,-2.6079006,-2.232479,1.0,89.687355,0.19200486
2024-01-08 18:00:00,25.261719,24.019989,1012.0712,-2.5386505,-1.4536533,1.0,92.845436,0.0
2024-01-09 00:00:00,25.412567,24.019928,1009.22876,-2.3933163,-2.3529558,0.999603,92.01591,0.0
2024-01-09 06:00:00,26.125214,24.834503,1013.28064,-2.947774,-1.8232946,0.9999999,92.61857,0.6158848
2024-01-09 12:00:00,27.138306,23.814178,1010.205,-2.5298538,-3.3954887,1.0,82.078255,0.0
2024-01-09 18:00:00,25.5654,23.26294,1011.72064,-2.549819,-3.448186,1.0,87.12015,0.09974092
2024-01-10 00:00:00,25.957855,22.991913,1009.8694,-0.5214243,-3.1022787,0.9940928,83.73307,0.0
2024-01-10 06:00:00,28.536285,23.717804,1011.98376,-3.8803854,-3.6741705,1.0,75.20819,0.10137379
2024-01-10 12:00:00,27.390808,23.188934,1009.77185,-2.417245,-3.1040363,1.0,77.88012,0.0
2024-01-10 18:00:00,26.16214,22.903687,1012.91437,-2.8737793,-2.7399712,0.9107578,82.286606,0.0
2024-01-11 00:00:00,25.352997,22.703583,1011.3875,-1.156765,-2.7450151,0.48181963,85.28945,0.00028614886
2024-01-11 06:00:00,29.414337,22.947876,1012.8044,-3.3305683,-4.72777,0.47705925,68.23424,0.0
2024-01-11 12:00:00,27.973175,22.022736,1009.9981,-3.3474636,-2.6606722,0.7896616,70.12946,0.0
2024-01-11 18:00:00,25.797882,21.571869,1012.5513,-2.3354445,-2.9501314,0.939674,77.53267,0.00019103754
2024-01-12 00:00:00,25.702301,22.410614,1010.76373,-1.926775,-2.8447742,0.9418681,82.06538,0.0032454329
2024-01-12 06:00:00,29.45633,22.576538,1013.0119,-4.645588,-2.8468695,0.8190693,66.5537,0.014012789
2024-01-12 12:00:00,28.305206,22.479797,1010.01874,-2.5530462,-2.7489052,0.41158026,70.726555,0.0
2024-01-12 18:00:00,25.557648,22.362122,1012.84314,-1.6488934,-2.200736,0.34125662,82.52918,0.0019087456
2024-01-13 00:00:00,24.793121,22.779999,1011.3906,-0.021792412,-2.090026,0.6204709,88.59253,0.0054421835
2024-01-13 06:00:00,29.187408,23.548523,1013.9025,-3.0428038,-3.051856,0.78905576,71.68897,0.06570201
2024-01-13 12:00:00,28.560272,23.121826,1011.08185,-2.5638447,-1.8784409,0.60132647,72.45103,0.0
2024-01-13 18:00:00,25.221771,23.076996,1013.6163,-1.6237478,-1.6569862,0.80114233,87.92432,0.0024810433
2024-01-14 00:00:00,24.989532,22.963837,1011.48315,-0.44963074,-2.161109,0.09085475,88.540886,0.0
2024-01-14 06:00:00,29.21988,22.954102,1012.7444,-2.8095875,-3.4576206,0.32881373,69.03079,0.006674789
2024-01-14 12:00:00,28.06076,22.4758,1009.8056,-3.2263565,-1.7467909,0.263649,71.72307,0.0
2024-01-14 18:00:00,24.604645,22.267517,1012.3694,-1.8689232,-1.5056496,0.058029678,86.85,9.5460564e-05
2024-01-15 00:00:00,23.999786,21.671692,1011.1813,-0.0013608932,-1.9882469,0.6325258,86.84219,0.0032419339
2024-01-15 06:00:00,29.468353,22.000397,1013.0831,-3.0158463,-2.702999,0.61049837,64.21642,0.06694393
2024-01-15 12:00:00,27.957916,21.40274,1009.08936,-2.7491446,-1.0513058,0.24562842,67.582146,0.0
2024-01-15 18:00:00,23.57779,19.91507,1011.53815,-2.2552643,-0.921566,0.028527297,79.94834,0.0
2024-01-16 00:00:00,22.656158,19.057648,1010.3225,-1.240572,-1.5092382,0.4681626,80.14354,0.0
2024-01-16 06:00:00,28.764252,19.540924,1012.09125,-1.7546968,-1.958806,0.34765008,57.489193,0.0
2024-01-16 12:00:00,27.865265,20.033722,1008.21875,-2.4880657,-0.6410055,0.00800705,62.45547,0.0
2024-01-16 18:00:00,21.88504,18.63617,1010.71875,-2.008647,-0.5657997,0.018674465,81.81182,0.0
2024-01-17 00:00:00,22.609894,19.397095,1009.76373,0.8109541,-1.6493502,0.052585654,82.08591,0.0
2024-01-17 06:00:00,29.04306,20.451447,1011.15186,-0.9270077,-0.99832344,0.12876691,59.848724,0.0
2024-01-17 12:00:00,28.815033,22.008087,1008.38,-2.5865211,-0.27191257,0.0,66.71995,0.0
2024-01-17 18:00:00,24.229889,22.39096,1010.48065,-2.0276308,-0.47152138,0.024665833,89.490524,0.0
2024-01-18 00:00:00,24.78836,22.858368,1009.8144,-0.12430477,-1.3730383,0.3455574,89.03962,0.018980354
2024-01-18 06:00:00,29.072113,23.92044,1011.8794,-1.754406,-1.9897146,0.50330985,73.80228,0.06400705
2024-01-18 12:00:00,28.586334,23.57019,1008.8,-2.1547651,-1.5159483,0.429098,74.32617,0.0
2024-01-18 18:00:00,26.603973,23.614746,1011.0806,-2.8146257,-1.4410877,0.57939255,83.6872,0.0
2024-01-19 00:00:00,26.343903,23.385162,1009.76874,-0.85464,-0.9332428,0.94326127,83.8123,0.0
2024-01-19 06:00:00,30.198761,24.067719,1012.24,-1.7901802,-1.5093079,0.90837,69.77863,0.023185227
2024-01-19 12:00:00,26.922638,23.90561,1009.16565,-2.4435062,-1.4990053,0.8611895,83.582756,0.0
2024-01-19 18:00:00,26.335602,23.78949,1011.0519,-2.3697004,-0.90854645,1.0000024,85.92141,0.0006649643
2024-01-20 00:00:00,25.80722,23.262268,1010.6894,-1.6907463,-1.878314,0.9924956,85.87589,0.09069531
2024-01-20 06:00:00,28.393097,23.330719,1013.3256,-2.408965,-2.5315933,0.900714,74.087395,0.0
2024-01-20 12:00:00,28.332184,23.478058,1009.8719,-1.5717325,-2.1692028,1.0000072,75.01425,0.0
2024-01-20 18:00:00,27.259247,23.97348,1012.47125,-2.0442858,-2.2391548,0.82203877,82.28235,0.0018142164
2024-01-21 00:00:00,26.338715,23.67514,1011.205,-1.7979708,-1.2609634,0.91377246,85.31638,0.15516952
2024-01-21 06:00:00,30.485016,25.436432,1013.1188,-2.9660826,-2.2390814,0.29406464,74.49102,0.0
2024-01-21 12:00:00,28.937164,23.617401,1009.7469,-3.2634726,-1.7323723,0.29313985,73.036934,0.0
2024-01-21 18:00:00,25.05545,23.459259,1012.83813,-1.2535105,-1.3216085,0.69301695,90.873764,0.00038184226
2024-01-22 00:00:00,25.379547,23.03189,1012.0144,-0.7840967,-1.6197081,0.31258208,86.865585,0.0033415854
2024-01-22 06:00:00,29.78836,22.92984,1014.5144,-2.0422306,-2.4806547,0.28190887,66.70637,0.0
2024-01-22 12:00:00,28.499298,22.076874,1010.97876,-2.666524,-2.2261276,0.0,68.239136,0.0
2024-01-22 18:00:00,23.953888,21.82071,1013.4475,-1.544136,-1.2261372,0.23968506,87.87843,0.0
2024-01-23 00:00:00,24.747345,21.863983,1012.61127,-1.1144152,-1.3236084,0.45217204,84.0203,0.0
2024-01-23 06:00:00,29.42038,22.399628,1014.115,-3.3625126,-0.8246832,0.42274052,65.97888,0.0003813766
2024-01-23 12:00:00,28.53592,21.716278,1010.7031,-2.8593035,-0.8341141,0.08890277,66.612015,0.0
2024-01-23 18:00:00,23.904083,20.965057,1012.7681,-2.0967064,-0.48241997,0.10204315,83.64071,0.0
2024-01-24 00:00:00,25.022125,21.350159,1011.9906,-0.0664053,-0.1732201,0.6135915,80.09678,0.0
2024-01-24 06:00:00,29.886383,21.06247,1013.9581,-2.1900606,0.3462891,0.24501854,59.19194,0.0
2024-01-24 12:00:00,28.658173,21.201263,1010.0594,-2.635807,0.48921835,0.06739784,64.08778,0.0
2024-01-24 18:00:00,24.033966,20.65976,1012.85626,-2.22015,0.28156948,0.6673319,81.44614,0.0
2024-01-25 00:00:00,23.48587,20.540161,1011.8038,-1.1253166,-0.8361368,0.4423758,83.559105,0.0
2024-01-25 06:00:00,29.966095,21.648956,1014.5544,-2.9426603,0.5182508,0.16261822,61.07734,0.00057183206
2024-01-25 12:00:00,28.948578,21.776031,1011.7606,-2.7238846,-0.5873003,0.054656982,65.274734,0.0
2024-01-25 18:00:00,23.897614,20.975342,1014.4894,-2.0902243,-0.9338484,0.012013278,83.72617,0.0
2024-01-26 00:00:00,24.303375,21.035522,1013.185,-1.1839886,-2.2626677,0.3004935,82.014305,0.0
2024-01-26 06:00:00,29.756134,20.398682,1015.86,-3.2829885,-2.8540516,0.19629057,57.24905,0.0015257392
2024-01-26 12:00:00,28.508148,22.073456,1012.95435,-2.9262562,-3.031375,0.22849107,68.18986,0.0
2024-01-26 18:00:00,25.057404,21.812164,1015.3844,-2.7148876,-2.3601208,0.09649329,82.21971,0.0001906883
2024-01-27 00:00:00,24.495514,20.91977,1014.27,-0.8173189,-1.9356155,0.12901306,80.50125,0.0
2024-01-27 06:00:00,29.684784,20.43338,1015.645,-3.1327639,-2.830824,0.30071747,57.607944,0.0
2024-01-27 12:00:00,28.75595,21.582123,1012.20123,-2.8196201,-2.774294,0.62308675,65.229614,0.0
2024-01-27 18:00:00,25.31717,21.985382,1015.1306,-2.326952,-2.058796,0.348464,81.81819,0.0
2024-01-28 00:00:00,24.921112,21.85794,1013.1381,-1.1992893,-2.2170572,0.9049061,83.122604,0.00028684735
2024-01-28 06:00:00,30.087921,22.304321,1015.3869,-3.6483192,-2.6770859,0.29360592,63.124786,0.00047590584
2024-01-28 12:00:00,28.779388,22.121979,1011.7725,-3.0010853,-2.6145172,0.54426795,67.32366,0.0
2024-01-28 18:00:00,25.548859,21.761993,1014.8156,-2.713273,-2.4175243,0.5417122,79.60646,0.0
2024-01-29 00:00:00,24.59732,21.501526,1012.65,-1.1285353,-3.0572014,0.9014568,82.91948,0.00019086292
2024-01-29 06:00:00,29.058868,21.54898,1014.855,-2.8773298,-4.0766296,0.3613317,63.9653,0.0
2024-01-29 12:00:00,27.681366,21.102325,1011.66437,-2.997572,-2.6557436,0.08747482,67.42851,0.0
2024-01-29 18:00:00,25.04715,20.902832,1014.34814,-2.3378124,-2.6610832,1.0,77.811226,0.0
2024-01-30 00:00:00,24.528107,20.791534,1012.575,-0.17406178,-3.3378372,0.78095466,79.713165,0.0
2024-01-30 06:00:00,29.61148,22.392303,1013.67377,-1.6292973,-3.5171614,0.6178298,65.226776,0.0
2024-01-30 12:00:00,28.819366,22.74002,1010.45,-3.6200113,-2.8131466,0.60300386,69.73903,0.0
2024-01-30 18:00:00,25.769684,22.485962,1013.41565,-2.90969,-1.9632826,0.745667,82.1133,0.0
2024-01-31 00:00:00,25.304169,22.355927,1011.8131,-0.37441826,-2.3536844,0.67942935,83.75029,0.0005727634
2024-01-31 06:00:00,30.083038,23.371613,1013.71936,-1.821207,-2.8246145,0.50968367,67.361084,0.07000286
2024-01-31 12:00:00,28.738068,24.054901,1010.5513,-2.984067,-1.6426105,0.36826378,75.8544,0.0
2024-01-31 18:00:00,26.472748,24.593414,1012.90936,-2.8129473,-0.36941814,0.8683543,89.43958,0.0
2024-02-01 00:00:00,25.6185,24.242767,1012.1269,-0.34968948,-1.9765072,0.99999934,92.121,0.042169508
2024-02-01 06:00:00,30.23648,24.349274,1014.33813,-1.7979517,-1.0081186,0.94642895,70.81355,0.09629892
2024-02-01 12:00:00,29.88919,24.49466,1010.65936,-3.3750706,-0.44929886,0.9471785,72.87179,0.0
2024-02-01 18:00:00,26.604706,24.988495,1012.71814,-2.008068,0.08885229,0.92515963,90.86524,0.0
2024-02-02 00:00:00,25.385712,24.227386,1012.075,-0.8353157,-0.81357765,0.9999998,93.317566,0.13922597
2024-02-02 06:00:00,30.402618,25.71579,1013.8187,-2.4740448,-0.3127632,0.94360167,76.09496,0.0
2024-02-02 12:00:00,29.76773,24.003662,1009.8831,-3.2352924,-0.44014645,0.69658273,71.25398,0.0
2024-02-02 18:00:00,26.082306,24.443054,1012.5563,-2.2645855,-0.30075455,0.8688594,90.70615,0.0
2024-02-03 00:00:00,24.958344,23.227081,1011.9412,-0.9297447,-1.1717491,0.4087044,90.129295,0.00028620707
2024-02-03 06:00:00,30.67398,23.219574,1013.7875,-2.9507332,-1.5362263,0.28507245,64.52323,0.0014297548
2024-02-03 12:00:00,28.949493,23.340118,1011.03064,-3.9136496,-2.0203323,0.11708975,71.77455,0.0
2024-02-03 18:00:00,25.98294,23.322205,1014.3719,-1.8998661,-1.5174427,0.4101841,85.294975,0.0
2024-02-04 00:00:00,25.288788,22.627777,1013.26874,-0.5053072,-1.7968702,0.37166274,85.22295,0.0
2024-02-04 06:00:00,30.160187,22.691254,1015.71686,-2.425355,-3.2713203,0.15132678,64.35865,0.0
2024-02-04 12:00:00,29.08487,22.708649,1012.5831,-3.435605,-2.5135813,0.5809116,68.54456,0.0
2024-02-04 18:00:00,25.420074,22.956512,1014.8906,-1.9599752,-2.2324266,0.43863016,86.262115,0.0
2024-02-05 00:00:00,25.922882,22.493896,1013.14374,-0.80894375,-2.2813835,0.6261208,81.41059,0.0074398704
2024-02-05 06:00:00,30.271637,22.49936,1016.14374,-2.6701765,-3.1037283,0.20702815,63.207848,0.0
2024-02-05 12:00:00,28.827545,21.449371,1012.92126,-3.108159,-2.0196133,0.0,64.433815,0.0
2024-02-05 18:00:00,24.965057,21.987244,1015.6456,-2.0264006,-1.5875759,0.061668396,83.56168,0.0
2024-02-06 00:00:00,24.401764,21.841125,1012.9888,-0.57771397,-1.8475761,0.31079602,85.6555,0.0
2024-02-06 06:00:00,30.009308,21.800201,1015.51,-3.7060776,-2.2487612,0.48652983,61.491554,0.0
2024-02-06 12:00:00,28.838898,22.348724,1011.65125,-3.7771845,-2.4038877,0.31120455,68.02428,0.0
2024-02-06 18:00:00,24.446075,22.107178,1014.3787,-1.9084806,-1.9096861,0.16500854,86.82606,0.0
2024-02-07 00:00:00,23.995636,22.395416,1012.7531,-0.5847378,-1.7088823,0.8157513,90.78218,0.0030528754
2024-02-07 06:00:00,29.458527,22.341095,1015.21124,-1.9385052,-1.8958797,0.28215694,65.59992,0.0
2024-02-07 12:00:00,29.063873,21.946686,1011.8194,-3.0807085,-1.4795742,0.025772095,65.51959,0.0
2024-02-07 18:00:00,24.052765,21.671661,1014.1188,-2.0463896,-0.46627045,0.014842987,86.566154,0.0
2024-02-08 00:00:00,23.647003,21.984528,1011.1775,0.3656559,-1.5319452,0.47473145,90.415276,0.0
2024-02-08 06:00:00,30.016632,22.884918,1014.0094,-2.2412252,-1.761508,0.6042948,65.65765,0.0
2024-02-08 12:00:00,29.39798,23.251556,1010.03186,-2.8530426,-1.1534777,0.4678228,69.5646,0.0
2024-02-08 18:00:00,24.282684,22.41919,1013.60626,-1.9206791,-0.35223866,0.03313446,89.36093,0.0
2024-02-09 00:00:00,25.207794,23.383942,1012.01624,-0.5049982,-1.3174095,0.78292197,89.644615,0.002099434
2024-02-09 06:00:00,30.07486,22.978912,1014.54315,-3.0658894,-2.1811142,0.32079774,65.811935,0.0
2024-02-09 12:00:00,29.046661,22.742401,1011.1188,-3.5924578,-1.780776,0.15045166,68.837,0.0
2024-02-09 18:00:00,26.39566,22.866638,1014.8681,-2.4831839,-1.6974182,0.38776854,80.977646,9.543146e-05
2024-02-10 00:00:00,25.403961,22.755798,1014.03436,-0.73915386,-1.4133329,0.19302452,85.301125,0.016128208
2024-02-10 06:00:00,30.267487,23.125824,1015.66,-4.325262,-2.102666,0.3000459,65.66952,0.014575198
2024-02-10 12:00:00,29.41446,23.170258,1012.0656,-3.749177,-1.9431458,0.16060984,69.15788,0.0
2024-02-10 18:00:00,26.224579,23.51355,1015.1331,-2.6679115,-0.8007946,0.13670745,85.061195,0.0011455268
2024-02-11 00:00:00,25.263153,23.155518,1013.35376,-1.8622284,-1.9227791,0.83786917,88.12551,0.009631738
2024-02-11 06:00:00,29.932404,22.875214,1016.565,-4.3512363,-2.8500948,0.8528264,65.93748,0.0
2024-02-11 12:00:00,28.548798,22.608429,1013.15875,-3.7456713,-3.0398731,0.23540527,70.27905,0.0
2024-02-11 18:00:00,24.985504,22.116547,1015.08936,-2.1913204,-1.9736872,0.41560224,84.120255,0.0
2024-02-12 00:00:00,24.441193,21.193878,1013.5569,-0.63928604,-2.2787008,0.541773,82.134575,0.0
2024-02-12 06:00:00,29.637604,21.363312,1015.7419,-3.918867,-3.2222147,0.8907741,61.16403,0.0017170043
2024-02-12 12:00:00,29.348907,22.160614,1012.2681,-3.630723,-2.475667,0.53346395,65.29504,0.0
2024-02-12 18:00:00,26.098053,21.917664,1014.9994,-1.4871826,-2.1871252,0.6603197,77.793335,0.0
2024-02-13 00:00:00,25.343292,21.867828,1012.2994,-0.4824915,-2.0965967,0.62680966,81.107346,0.00821054
2024-02-13 06:00:00,29.694733,23.658112,1014.385,-2.3878975,-4.104789,0.533206,70.082245,0.18824637
2024-02-13 12:00:00,29.682892,24.459442,1011.26624,-3.5529547,-2.676156,0.69269353,73.58683,0.0
2024-02-13 18:00:00,26.82138,24.287994,1013.58563,-2.489276,-2.3383608,0.37459964,86.03414,0.04881469
2024-02-14 00:00:00,25.429535,23.314392,1012.47186,-2.0052366,-2.943575,0.8585293,88.09943,0.0
2024-02-14 06:00:00,30.579498,23.09195,1013.7575,-4.2430925,-3.4187002,0.23346484,64.374275,0.0
2024-02-14 12:00:00,29.459503,22.725739,1010.4794,-3.5026731,-3.1304836,0.15117472,67.146675,0.0
2024-02-14 18:00:00,25.999115,23.45993,1013.18,-2.0971298,-1.9326792,0.26814553,85.92451,0.0
2024-02-15 00:00:00,25.866608,23.18863,1011.975,-1.0573664,-1.7773476,0.5041736,85.19434,0.0055341776
2024-02-15 06:00:00,30.316193,23.139008,1013.7969,-4.009536,-3.1816235,0.34118068,65.53861,0.0
2024-02-15 12:00:00,29.50357,22.710846,1010.9263,-4.25226,-2.6913805,0.424774,66.915764,0.0
2024-02-15 18:00:00,26.572418,22.20642,1013.2488,-2.547905,-1.6897182,0.29044813,76.98826,0.0
2024-02-16 00:00:00,25.595917,22.200714,1012.0775,-1.5035219,-2.2241383,0.2815683,81.53712,0.0026710331
2024-02-16 06:00:00,30.72818,23.271698,1014.5425,-3.8046484,-2.9953632,0.6038852,64.5265,0.07552521
2024-02-16 12:00:00,30.09256,23.028046,1011.1225,-3.5527592,-2.8742008,0.029546663,65.94087,0.0
2024-02-16 18:00:00,26.492401,23.582672,1013.4356,-1.5407934,-2.2977219,0.01685955,84.07669,0.0
2024-02-17 00:00:00,26.042389,22.818268,1011.3856,-0.121320724,-3.0359583,0.6490589,82.4436,0.0
2024-02-17 06:00:00,31.01419,22.146515,1012.78564,-3.1494799,-3.5141506,0.9158401,59.29344,0.0
2024-02-17 12:00:00,29.830963,22.872284,1009.53125,-3.93464,-2.15551,0.19833487,66.31148,0.0
2024-02-17 18:00:00,25.871307,23.579803,1012.475,-1.565217,-1.5749054,0.07193665,87.20513,0.0
2024-02-18 00:00:00,25.036285,22.585236,1010.15936,-0.33545876,-1.6181307,0.7313237,86.290955,0.0
2024-02-18 06:00:00,30.959747,23.001984,1012.6925,-2.717288,-1.9347038,0.7327249,62.648876,0.0
2024-02-18 12:00:00,29.775055,23.363617,1009.035,-4.2490683,-0.8168125,0.83472925,68.531265,0.0
2024-02-18 18:00:00,25.745148,23.322052,1012.02,-2.48028,-0.47372055,0.21620595,86.504196,0.0
2024-02-19 00:00:00,24.726593,22.705505,1010.65686,-0.617816,-1.0137129,0.620409,88.54442,9.5460564e-05
2024-02-19 06:00:00,30.824371,23.03415,1013.2681,-3.4373627,0.12377441,0.23111731,63.257877,0.0075335847
2024-02-19 12:00:00,29.994293,23.351532,1009.21436,-3.7635555,-0.6700182,0.041539922,67.62332,0.0
2024-02-19 18:00:00,25.925262,23.60971,1012.65814,-2.5633793,-0.48710918,0.1870974,87.083694,0.0
2024-02-20 00:00:00,25.219757,22.992981,1010.6912,-1.0001287,-0.38803577,0.35652286,87.489006,0.0021940796
2024-02-20 06:00:00,30.955597,23.227814,1012.8713,-3.6918898,0.36043167,0.21929795,63.525284,0.0
2024-02-20 12:00:00,29.933624,22.850555,1009.0719,-3.7966242,0.4573937,0.13999969,65.83441,0.0
2024-02-20 18:00:00,25.99527,22.944275,1011.88873,-2.8859177,0.931939,0.052625027,83.30727,0.0
2024-02-21 00:00:00,24.136322,22.26773,1010.01,0.53178406,-0.098029256,0.5758265,89.32216,0.0005727634
2024-02-21 06:00:00,30.856598,22.96402,1011.8812,-1.1532478,0.8119651,0.26364088,62.874146,0.0
2024-02-21 12:00:00,30.355865,23.344147,1007.2925,-2.802948,1.787055,0.0026550293,66.20516,0.0
2024-02-21 18:00:00,26.529877,23.287445,1010.1987,-2.7785358,2.3436255,0.013099421,82.41031,0.0
2024-02-22 00:00:00,24.954865,23.260498,1009.59686,0.58876705,1.2097967,0.7865758,90.33016,0.0
2024-02-22 06:00:00,31.727081,24.073639,1011.7631,-0.29854012,2.7607088,0.2178176,63.974426,0.0056261197
2024-02-22 12:00:00,31.023468,25.3378,1008.16125,-2.3473387,2.97054,0.8372436,71.81161,0.2652025
2024-02-22 18:00:00,27.65329,24.784454,1011.08685,-1.2788153,3.312502,0.10721609,84.40817,0.0
2024-02-23 00:00:00,26.890594,24.83725,1009.8694,0.7378607,2.3876925,0.23956853,88.5466,0.0020982698
2024-02-23 06:00:00,32.200714,24.419159,1010.77936,-0.41912746,2.4697638,0.33410943,63.58475,0.04033892
2024-02-23 12:00:00,30.912872,25.957428,1007.2125,-3.2922134,2.8206863,0.24405372,74.97254,0.0
2024-02-23 18:00:00,27.72461,26.187286,1009.96185,-2.3156757,2.077877,0.1509734,91.3624,0.0
2024-02-24 00:00:00,27.594818,25.166565,1009.03186,-0.0037469864,1.7333006,0.8585138,86.649376,0.051870942
2024-02-24 06:00:00,32.19693,25.19629,1011.4175,-2.2300014,1.777997,0.2299549,66.61893,0.0
2024-02-24 12:00:00,30.561432,23.832977,1007.985,-3.6655817,1.687727,0.044021606,67.38624,0.0
2024-02-24 18:00:00,26.859497,23.382355,1010.79376,-3.3468504,0.7576253,0.02828598,81.29087,0.0
2024-02-25 00:00:00,25.826935,22.706757,1008.52875,-1.4306602,-0.25504303,0.5262097,82.939384,0.0
2024-02-25 06:00:00,31.112335,22.499207,1010.7625,-3.3768616,-0.48639202,0.33701396,60.241287,0.0
2024-02-25 12:00:00,29.810455,23.247955,1007.1763,-4.348893,-1.6021366,0.33880925,67.91582,0.0
2024-02-25 18:00:00,26.879852,23.204468,1010.3837,-2.9435177,-1.3361912,0.3931517,80.32612,0.001527369
2024-02-26 00:00:00,26.035736,23.390747,1009.1306,-2.4806824,-1.1090078,0.33104604,85.381424,0.053891987
2024-02-26 06:00:00,30.613312,23.928986,1011.5119,-5.061123,-1.8855591,0.66210514,67.575485,0.11337666
2024-02-26 12:00:00,30.372711,23.759674,1008.1625,-4.205655,-3.1314583,0.22731149,67.81867,0.0
2024-02-26 18:00:00,27.459686,23.936737,1011.4437,-3.7102509,-2.8743076,0.15968627,81.14239,0.0
2024-02-27 00:00:00,26.735138,23.460632,1009.73627,-1.8893452,-3.0448608,0.63642263,82.27543,0.016793609
2024-02-27 06:00:00,31.504059,23.525787,1012.05,-5.3869896,-3.1256666,0.9124817,62.689198,0.0
2024-02-27 12:00:00,30.143219,23.358124,1008.83624,-3.597705,-3.6489506,0.61419153,67.074104,0.0
2024-02-27 18:00:00,26.814606,23.787262,1011.4175,-2.3611174,-2.128807,0.3844729,83.51886,0.0
2024-02-28 00:00:00,25.892365,24.085785,1009.72626,-0.07709885,-2.8604546,0.37797564,89.7877,0.0040084124
2024-02-28 06:00:00,30.696075,23.432953,1011.4462,-3.5922747,-3.8710089,0.32502258,65.27732,0.0022868626
2024-02-28 12:00:00,30.315094,22.813812,1008.1119,-3.759654,-2.5773287,0.010665894,64.265144,0.0
2024-02-28 18:00:00,26.190887,23.781769,1010.7081,-1.7515125,-1.9353247,0.1486969,86.61872,0.0
2024-02-29 00:00:00,25.637115,23.469696,1008.7575,-0.022559166,-2.305293,0.6484489,87.83939,0.0
2024-02-29 06:00:00,31.395538,23.458282,1012.08124,-3.8075447,-1.9099731,0.56695247,62.820953,0.0003813766
2024-02-29 12:00:00,30.828888,22.711212,1008.66565,-3.4259405,-1.243495,0.2948552,62.01637,0.0
2024-02-29 18:00:00,26.272186,23.974884,1012.4319,-1.8127928,-1.3202267,0.887368,87.21043,0.0
2024-03-01 00:00:00,25.813324,23.931793,1010.2925,-0.19315243,-1.9673052,0.99999994,89.378586,9.5460564e-05
2024-03-01 06:00:00,31.506256,22.39627,1012.8787,-4.439208,-2.042204,0.9991092,58.538425,0.00028594513
2024-03-01 12:00:00,30.732697,22.61856,1009.4963,-3.4894972,-1.6201353,0.9948426,62.008537,0.0
2024-03-01 18:00:00,26.4122,24.545319,1012.5825,-1.9213629,-0.61083984,0.98861057,89.501724,0.0
2024-03-02 00:00:00,26.11087,24.221588,1010.49,-0.05777073,-0.97653484,0.979869,89.35931,0.0
2024-03-02 06:00:00,31.492462,23.071075,1012.7175,-1.1620445,-0.23088932,0.784353,61.031498,0.0
2024-03-02 12:00:00,31.014923,23.146149,1008.34375,-3.5384665,0.051237106,0.9452568,62.998955,0.0
2024-03-02 18:00:00,26.425018,23.886932,1011.5094,-2.9900331,0.40517867,0.007545471,85.97156,0.0
2024-03-03 00:00:00,24.611969,23.055298,1009.6294,-1.5710268,-0.9282274,0.28993583,91.06234,0.0
2024-03-03 06:00:00,31.296173,23.000763,1012.33,-2.8724718,-0.19383043,0.37930483,61.45467,0.0
2024-03-03 12:00:00,30.470856,22.488556,1007.8719,-3.7835493,0.4193418,0.0,62.44941,0.0
2024-03-03 18:00:00,25.283173,22.993011,1010.86,-1.754941,0.6641342,0.0011901855,87.15961,0.0
2024-03-04 00:00:00,24.897247,22.394714,1009.745,-0.17634392,-0.43894386,0.3318882,86.008125,0.0
2024-03-04 06:00:00,30.612213,22.295258,1011.6394,-1.8934069,-0.27729994,0.24147017,61.222446,0.0
2024-03-04 12:00:00,30.174957,22.525726,1008.1769,-3.4800205,0.43650818,0.30422974,63.661255,0.0
2024-03-04 18:00:00,25.666107,22.519958,1011.5825,-2.7716627,0.24550802,0.0032806396,82.79004,0.0
2024-03-05 00:00:00,24.42984,21.780823,1009.7606,0.2736473,-0.3295908,0.53641963,85.19729,0.0
2024-03-05 06:00:00,30.595367,22.508331,1011.52374,-2.1335697,-0.053835988,0.87170005,62.08047,0.0
2024-03-05 12:00:00,30.224396,22.646088,1008.04565,-3.3901052,0.9592755,0.9999985,63.94651,0.0
2024-03-05 18:00:00,25.607086,22.916046,1011.415,-1.8449879,0.34521788,0.9631918,85.10049,0.0
2024-03-06 00:00:00,25.1232,22.61438,1009.47437,-0.48436928,-0.36367416,0.98124474,85.99724,9.5460564e-05
2024-03-06 06:00:00,30.591705,22.033081,1011.89935,-1.4484253,0.22903526,0.99744105,60.323376,0.0
2024-03-06 12:00:00,30.331085,22.566559,1008.10315,-3.2037468,1.067986,0.34888917,63.250412,0.0
2024-03-06 18:00:00,25.907257,23.21524,1010.7531,-2.7855453,0.7369201,0.99645275,85.12626,0.0
2024-03-07 00:00:00,24.485565,22.391815,1009.12,-0.12822056,0.4422381,0.9946084,88.13479,0.0
2024-03-07 06:00:00,31.369171,22.973053,1010.9394,-1.2836046,0.62483394,0.87195385,61.097355,0.0
2024-03-07 12:00:00,30.760773,22.463165,1007.0737,-3.0942125,1.5106765,0.20393372,61.32763,0.0
2024-03-07 18:00:00,24.838593,22.538849,1010.6256,-1.8337908,-0.032967567,0.60416603,87.06896,0.0
2024-03-08 00:00:00,25.028473,22.871368,1008.8281,-0.9158411,0.83839184,0.44693893,87.8423,0.0
2024-03-08 06:00:00,31.916656,23.31778,1011.2225,-1.1608582,2.4135876,0.53276634,60.47481,0.0
2024-03-08 12:00:00,31.829865,22.9487,1007.1844,-2.1570053,2.5255132,0.06400299,59.4319,0.0
2024-03-08 18:00:00,26.579926,24.536469,1010.8088,-2.463398,2.3729067,0.030208588,88.57407,0.0
2024-03-09 00:00:00,25.892548,24.07248,1008.6169,0.34378433,0.62671816,0.76869994,89.71503,0.0
2024-03-09 06:00:00,32.44217,23.85614,1010.855,-0.9942961,1.3753533,0.15877938,60.639584,0.0
2024-03-09 12:00:00,31.624786,22.62967,1007.455,-4.083356,1.4583806,0.09959102,58.975845,0.0
2024-03-09 18:00:00,27.76413,24.818024,1011.22437,-3.405487,0.904419,0.1888743,84.03152,0.0
2024-03-10 00:00:00,26.210388,23.624329,1010.5588,-1.0661936,0.9103731,0.38933715,85.70276,0.0
2024-03-10 06:00:00,32.51053,22.77591,1012.83,-1.9051304,1.4616575,0.16965139,56.591965,0.0
2024-03-10 12:00:00,31.73233,21.424469,1009.41187,-4.068445,0.03190136,0.0,54.46433,0.0
2024-03-10 18:00:00,26.89975,24.42691,1013.41626,-3.42762,-0.38141346,0.0053188666,86.35426,0.0
2024-03-11 00:00:00,25.792084,23.35196,1011.95935,-1.8070974,-0.33580303,0.17236008,86.41972,0.0
2024-03-11 06:00:00,32.501373,23.052643,1014.33185,-3.0800629,0.0081605315,0.26444417,57.57812,0.0
2024-03-11 12:00:00,31.122833,22.547333,1010.46875,-3.5601368,0.57853496,0.022204284,60.3815,0.0
2024-03-11 18:00:00,26.3891,24.121307,1014.09564,-1.9781466,0.3898638,0.6087799,87.37541,0.0
2024-03-12 00:00:00,25.872406,23.1521,1012.135,-0.44016457,-0.36867583,0.93863785,84.97726,0.0
2024-03-12 06:00:00,32.548492,22.614166,1013.46375,-2.0978851,0.682299,0.14059553,55.91955,0.0
2024-03-12 12:00:00,30.920929,22.171051,1009.8425,-3.7376986,0.89655584,0.0,59.69893,0.0
2024-03-12 18:00:00,25.721283,23.79129,1012.3781,-1.7541952,1.0692945,0.042251587,89.111534,0.0
2024-03-13 00:00:00,25.062225,23.637604,1010.415,-0.1872406,1.0634619,0.83864844,91.818794,0.0
2024-03-13 06:00:00,32.182037,22.82071,1012.3906,-1.026268,2.2553272,0.28117305,57.808556,0.0
2024-03-13 12:00:00,31.50235,21.53128,1008.1919,-2.5533419,2.8435068,0.35726428,55.54226,0.0
2024-03-13 18:00:00,26.64859,23.567047,1011.755,-2.4910088,1.7176445,0.47913018,83.22799,0.0
2024-03-14 00:00:00,24.61679,22.392975,1010.45935,0.15261555,1.5274516,0.8240092,87.45178,0.0
2024-03-14 06:00:00,32.573517,21.431854,1011.8212,-0.21965307,1.4098903,0.013354301,51.95709,0.0
2024-03-14 12:00:00,31.826569,22.001862,1007.5563,-3.1466722,1.8284234,0.013320923,56.119675,0.0
2024-03-14 18:00:00,26.786407,21.9003,1010.32,-2.0727453,1.4178079,0.010467529,74.61883,0.0
2024-03-15 00:00:00,25.569489,22.658722,1009.2506,0.8420181,0.6704001,0.4607026,83.97054,0.0
2024-03-15 06:00:00,32.44461,23.286621,1010.8131,-0.65438366,1.2889097,0.259155,58.58561,0.0
2024-03-15 12:00:00,31.727936,23.942657,1007.235,-3.1582546,2.8263664,0.0026607513,63.470016,0.0
2024-03-15 18:00:00,27.623566,25.428192,1010.8706,-2.458871,2.0286252,0.04135074,87.86072,0.0
2024-03-16 00:00:00,27.823517,24.997772,1009.2319,-1.8936968,3.454063,0.46299165,84.64346,0.0
2024-03-16 06:00:00,32.704987,24.21228,1011.28186,-1.666359,2.2497845,0.136613,61.039116,0.024987165
2024-03-16 12:00:00,31.674103,25.039215,1007.5475,-3.6342897,2.046503,0.015991211,67.98255,0.0
2024-03-16 18:00:00,27.457855,24.523438,1010.5506,-2.9444542,0.7260818,0.005564085,84.05699,0.0
2024-03-17 00:00:00,26.29486,23.808472,1009.71124,-2.0592918,1.2243183,0.17055917,86.22673,0.0003817259
2024-03-17 06:00:00,31.847198,23.616486,1011.9725,-2.7147598,1.254852,0.2466914,61.81699,0.0
2024-03-17 12:00:00,31.049225,23.05423,1008.40436,-3.6337137,1.2430186,0.0,62.527287,0.0
2024-03-17 18:00:00,25.14627,23.093445,1011.5563,-2.1540146,-0.20360762,0.0011100769,88.408394,0.0
2024-03-18 00:00:00,25.2341,22.52774,1009.40564,-1.7998123,-0.09849739,0.29459786,84.982994,0.0
2024-03-18 06:00:00,32.108063,22.703278,1011.89435,-2.6205196,0.71879685,0.1853016,57.639122,0.0
2024-03-18 12:00:00,31.41861,22.844513,1007.4231,-3.1312408,1.4823866,0.0,60.45336,0.0
2024-03-18 18:00:00,25.552155,23.299652,1010.6794,-2.067213,0.73641104,0.0,87.3822,0.0
2024-03-19 00:00:00,24.62918,22.854126,1008.8925,-1.8825445,-0.45933247,0.3669418,89.86745,0.0
2024-03-19 06:00:00,32.380035,22.880157,1010.6925,-2.6470642,0.761734,0.100313544,57.371635,0.0
2024-03-19 12:00:00,30.960968,22.8461,1007.805,-4.221859,0.990282,0.0,62.055916,0.0
2024-03-19 18:00:00,25.924957,23.246674,1010.66376,-2.4408674,0.5599936,0.0,85.19874,0.0
2024-03-20 00:00:00,25.040558,22.627777,1008.8706,-0.67049026,-0.92729473,0.07237244,86.49205,0.0
2024-03-20 06:00:00,32.26468,22.505402,1010.6975,-2.3816566,0.6399104,0.13701852,56.448757,0.0
2024-03-20 12:00:00,31.190216,24.037628,1007.5275,-4.6868258,0.64354193,0.0050201416,65.81461,0.0
2024-03-20 18:00:00,27.2742,24.896118,1010.39374,-3.188016,-0.24301726,0.03704071,86.879524,0.0
2024-03-21 00:00:00,26.859772,23.76709,1009.0875,-3.1957264,-1.130683,0.49452293,83.19627,0.042654574
2024-03-21 06:00:00,31.356598,25.097382,1010.6575,-3.8223257,-0.24775219,0.27509743,69.4606,0.12393561
2024-03-21 12:00:00,30.64505,25.371368,1007.20624,-4.1983747,-1.3996296,0.28123087,73.527054,0.0
2024-03-21 18:00:00,27.84665,25.233551,1009.7388,-2.5770588,-1.0086288,0.12731871,85.72487,0.0
2024-03-22 00:00:00,26.62033,24.59134,1007.5012,-2.0677986,-1.1275702,0.36435354,88.65398,0.057432838
2024-03-22 06:00:00,32.123077,24.123383,1009.08563,-3.8295097,-1.8340569,0.21410716,62.742157,0.016954735
2024-03-22 12:00:00,31.56546,24.374298,1005.7981,-4.593336,-0.63037014,0.13121517,65.7388,0.0
2024-03-22 18:00:00,27.714447,24.958313,1008.4625,-2.5080338,0.3516307,0.16737504,84.98424,0.0
2024-03-23 00:00:00,26.322235,24.188171,1006.65436,-0.8406248,-1.0676041,0.6536746,88.07361,0.0020989538
2024-03-23 06:00:00,32.723053,23.335175,1009.3244,-2.5728054,-0.7385683,0.20461561,57.842274,0.0
2024-03-23 12:00:00,31.604767,24.334503,1006.02124,-4.3161287,0.55086875,0.0,65.43602,0.0
2024-03-23 18:00:00,27.371552,24.161774,1009.85,-2.327034,0.48901725,0.2995484,82.67189,0.0
2024-03-24 00:00:00,25.628693,23.568176,1008.5581,-1.4733448,-0.39559937,0.91448617,88.40665,0.00038172584
2024-03-24 06:00:00,32.745636,23.100616,1011.4506,-2.700326,0.36959296,0.5019981,56.955803,0.0
2024-03-24 12:00:00,31.65921,22.877228,1007.7456,-3.6357908,-0.42582226,0.2620435,59.750893,0.0
2024-03-24 18:00:00,26.502777,23.951813,1011.2275,-2.1651754,-0.35992527,0.05992508,85.91258,0.0
2024-03-25 00:00:00,26.26065,23.440216,1009.14874,-0.93740654,-0.62456036,0.44065762,84.505554,0.0
2024-03-25 06:00:00,31.753448,23.029205,1011.04126,-2.4068213,-0.5065565,0.2777843,59.981583,0.0
2024-03-25 12:00:00,31.07608,22.462067,1008.0975,-4.4055843,-0.8733425,0.0011100769,60.229828,0.0
2024-03-25 18:00:00,26.245453,23.347076,1011.0588,-1.8210373,-0.40070784,0.044265747,84.107414,0.0
2024-03-26 00:00:00,25.784027,22.641693,1009.8831,-1.4571934,-0.9253559,0.5193879,82.82298,0.0011452939
2024-03-26 06:00:00,32.17569,21.339752,1011.78815,-2.5489979,-0.12706661,0.12861633,52.838577,0.0
2024-03-26 12:00:00,31.36856,21.819,1008.65314,-4.2093554,0.28678888,0.0,56.95944,0.0
2024-03-26 18:00:00,26.888153,23.519806,1012.4444,-2.3539581,0.73051775,0.0,81.82965,0.0
2024-03-27 00:00:00,26.4039,24.116302,1011.4869,-0.5824537,-1.1838369,0.5285538,87.27294,0.09899606
2024-03-27 06:00:00,31.839142,24.562225,1013.51373,-3.1096563,0.040414393,0.80020535,65.45793,0.13693403
2024-03-27 12:00:00,31.515167,25.247284,1009.8669,-4.145897,1.1705186,0.22246087,69.454346,0.0
2024-03-27 18:00:00,28.019196,25.066437,1012.10376,-1.678195,-0.21435034,0.26241595,84.025856,0.005727634
2024-03-28 00:00:00,27.176117,24.854736,1010.41437,-1.6673326,0.061029434,0.24144274,87.16518,0.0
2024-03-28 06:00:00,33.591705,24.193695,1011.0525,-2.04432,0.10751665,0.10927664,58.00941,0.00028626528
2024-03-28 12:00:00,32.769806,23.784088,1006.9225,-3.764102,0.5940428,0.12880534,59.272312,0.0
2024-03-28 18:00:00,27.73227,25.11148,1010.4225,-2.6045609,1.1296333,0.006919861,85.6744,0.0
2024-03-29 00:00:00,26.854584,24.751251,1008.54315,-1.7846584,1.3460674,0.22381055,88.27979,0.0
2024-03-29 06:00:00,33.510895,23.71164,1010.59875,-1.5704498,1.8781374,0.10286111,56.60872,0.015258789
2024-03-29 12:00:00,32.395782,23.998932,1007.3038,-3.297946,1.9304833,0.0,61.3226,0.0
2024-03-29 18:00:00,27.118988,24.417633,1010.3688,-1.5643196,1.1894755,0.0,85.20201,0.0
2024-03-30 00:00:00,27.063568,24.314209,1009.6025,-1.1096344,1.400514,0.500098,84.95169,0.0
2024-03-30 06:00:00,33.35379,22.80899,1011.1763,-1.8866482,1.3969022,0.9434241,54.078888,0.0
2024-03-30 12:00:00,32.037506,22.90445,1008.29877,-3.6125507,1.6396449,0.9000256,58.57967,0.0
2024-03-30 18:00:00,28.05716,25.434113,1011.66125,-2.586298,1.6681979,0.9435633,85.69481,0.0
2024-03-31 00:00:00,28.0914,25.050385,1011.0569,-1.7078581,1.2876095,0.39723235,83.592964,0.076036006
2024-03-31 06:00:00,32.98172,26.209259,1012.52124,-2.0948648,1.8627567,0.49810472,67.68192,0.0
2024-03-31 12:00:00,32.623566,25.318146,1008.1869,-3.4333286,1.5464588,0.0693512,65.506744,0.0
2024-03-31 18:00:00,28.685425,25.77237,1010.28625,-2.434473,0.95784855,0.023900986,84.296074,0.0
2024-04-01 00:00:00,28.337036,25.277374,1008.86,-0.659215,1.30424,0.26276273,83.527504,0.005155802
2024-04-01 06:00:00,33.900543,24.94403,1009.9419,-1.2369089,1.8929529,0.24988835,59.63355,0.04338287
2024-04-01 12:00:00,32.943512,25.596466,1005.57623,-3.7218132,2.0321198,0.13153076,65.41006,0.0
2024-04-01 18:00:00,28.743378,25.477997,1008.5075,-1.6471472,1.4100404,0.0073242188,82.55828,0.0
2024-04-02 00:00:00,27.476654,24.5448,1006.4431,0.77023315,1.049233,0.3283983,84.07194,0.0
2024-04-02 06:00:00,34.12271,24.56363,1007.90375,-1.1878624,2.119324,0.1326514,57.575504,0.002288958
2024-04-02 12:00:00,33.33365,24.338043,1003.6775,-3.2269897,2.648724,0.12671858,59.365757,0.0
2024-04-02 18:00:00,29.088959,26.356964,1007.60187,-2.8335314,3.201517,0.12491485,85.24577,0.0
2024-04-03 00:00:00,28.47998,25.904999,1007.57623,-0.05423355,2.536063,0.70108706,85.9806,0.072763056
2024-04-03 06:00:00,34.29825,25.147614,1008.9775,-0.35659486,2.7541237,0.7655246,59.037422,0.0
2024-04-03 12:00:00,33.24405,25.454376,1004.64,-2.650507,3.3878307,0.74082947,63.774532,0.0
2024-04-03 18:00:00,29.47757,26.493927,1008.03186,-1.4447479,2.9943237,0.7335663,84.0298,0.00019092113
2024-04-04 00:00:00,28.730652,26.090149,1007.40564,0.26374912,1.7746015,0.24796683,85.67215,0.029194169
2024-04-04 06:00:00,34.0502,25.500397,1009.3187,-1.8013134,2.140417,0.568889,61.12865,0.010481104
2024-04-04 12:00:00,33.625275,25.409454,1005.07874,-2.9172325,1.6740949,0.63928026,62.260075,0.0
2024-04-04 18:00:00,28.745972,26.785187,1008.2569,-1.3670397,2.763402,0.27128655,89.17831,0.0
2024-04-05 00:00:00,29.011536,26.498108,1006.90814,1.9547858,0.4320513,0.88973874,86.34445,0.005248934
2024-04-05 06:00:00,35.453156,23.249908,1008.64685,-1.5638494,1.6751444,0.50765175,49.41695,0.0
2024-04-05 12:00:00,33.62784,25.927643,1004.27936,-2.7915401,2.648511,0.2940578,64.19458,0.0
2024-04-05 18:00:00,28.312836,26.15097,1006.98126,-1.8645496,1.4916458,0.23669434,88.09301,0.0
2024-04-06 00:00:00,29.165741,26.26184,1005.905,-0.06761742,2.1940546,0.8075039,84.39279,0.01602061
2024-04-06 06:00:00,34.707306,24.586578,1007.715,-0.8491068,2.096486,0.2024593,55.809315,0.0
2024-04-06 12:00:00,33.93692,24.07022,1003.6694,-2.3047104,3.0275679,0.17817688,56.480515,0.0
2024-04-06 18:00:00,28.292633,25.435455,1006.6181,-2.0631037,2.1206331,0.0,84.53447,0.0
2024-04-07 00:00:00,27.340546,24.96463,1005.8675,1.2304544,0.88191897,0.0146484375,86.89677,0.0
2024-04-07 06:00:00,35.31485,24.287872,1007.115,-0.37148798,1.9021864,0.0739102,53.00544,0.0
2024-04-07 12:00:00,34.052643,25.351227,1003.1719,-2.5874138,3.4822474,0.53556865,60.58085,0.0
2024-04-07 18:00:00,28.634705,26.68045,1006.5581,-1.3683376,2.834653,0.91773605,89.2042,0.0
2024-04-08 00:00:00,28.81015,26.25119,1006.1119,-0.14341259,1.7769147,0.9073465,86.09375,0.005725771
2024-04-08 06:00:00,34.606354,24.949371,1008.1725,-2.3126621,3.031559,0.39795685,57.35249,0.0
2024-04-08 12:00:00,33.175934,26.675323,1005.6763,-3.3945627,1.8272836,0.28247184,68.81339,0.0
2024-04-08 18:00:00,28.538544,26.387726,1008.8219,-2.962634,0.65711963,0.16913427,88.16911,0.0
2024-04-09 00:00:00,28.009125,24.903381,1007.6669,-2.4041538,-0.26236343,0.8353171,83.26172,0.0020024402
2024-04-09 06:00:00,33.09024,24.071075,1009.34186,-3.835723,-0.38181877,0.81829005,59.22643,0.0
2024-04-09 12:00:00,31.819244,23.963043,1005.83435,-4.484008,-0.737236,0.84574944,63.21956,0.0
2024-04-09 18:00:00,28.57669,24.410736,1009.2675,-2.6040115,-0.61189556,0.192352,78.2194,0.0
2024-04-10 00:00:00,27.458527,24.072937,1008.15875,-1.0422449,-1.4723425,0.6710362,81.81451,0.0
2024-04-10 06:00:00,33.703644,23.200531,1009.53876,-3.162014,-1.7737808,0.34495997,54.30125,0.0
2024-04-10 12:00:00,32.420197,23.825165,1005.8862,-4.481987,-0.19780922,0.0038032532,60.601818,0.0
2024-04-10 18:00:00,28.513031,24.96051,1008.6781,-1.3450079,-0.841382,0.83505845,81.131454,0.0
2024-04-11 00:00:00,28.31186,24.653442,1007.8719,-0.52917194,-1.462347,0.94570893,80.59455,0.026520342
2024-04-11 06:00:00,33.405426,24.39737,1009.58936,-3.5876646,-0.0100317,0.9194411,59.33783,0.0
2024-04-11 12:00:00,32.491974,25.999786,1005.8762,-4.6286793,-0.12891293,0.5652012,68.71835,0.0
2024-04-11 18:00:00,28.808441,25.695435,1009.4931,-3.1155949,0.2826532,0.8286351,83.31595,0.106855206
2024-04-12 00:00:00,28.268738,25.74936,1007.835,-1.3836021,-1.0069265,0.9786669,86.244194,0.0724852
2024-04-12 06:00:00,33.036774,26.022552,1009.8525,-2.7384186,0.13507462,0.97895515,66.73201,0.0
2024-04-12 12:00:00,30.954376,24.451874,1007.14,-3.5475101,0.33953786,0.9596929,68.38306,0.023845457
2024-04-12 18:00:00,28.990326,25.76181,1009.1475,-1.6296005,0.342764,0.98515755,82.76788,0.0
2024-04-13 00:00:00,28.709686,25.599579,1007.85187,-0.009017944,0.49728423,0.98999023,83.31916,0.08582456
2024-04-13 06:00:00,33.83072,25.846954,1009.91815,-3.066617,-0.18445778,0.71513826,63.16781,0.032916322
2024-04-13 12:00:00,32.63626,25.56955,1005.9306,-3.6655903,-0.40386772,0.25881237,66.44518,0.0
2024-04-13 18:00:00,28.726166,26.130096,1009.0519,-2.321025,-0.59822464,0.73659426,85.89711,0.0
2024-04-14 00:00:00,28.051788,25.03656,1007.5594,-1.9553137,-1.2729025,0.450009,83.71716,0.013734214
2024-04-14 06:00:00,33.572784,23.648834,1010.04126,-3.7223883,-1.7309351,0.97594565,56.19994,0.0
2024-04-14 12:00:00,31.930084,23.902863,1006.58374,-4.1128387,-1.52351,0.9815695,62.59683,0.0
2024-04-14 18:00:00,28.993622,25.750763,1009.5112,-2.080371,-0.7381058,0.97187585,82.69794,0.0009536743
2024-04-15 00:00:00,28.791412,25.50473,1008.34064,-1.4261665,-1.6080294,0.96032774,82.45953,0.061817467
2024-04-15 06:00:00,33.051178,25.420685,1010.7325,-3.3100624,-0.90628624,0.96769375,64.34009,0.13482152
2024-04-15 12:00:00,32.549957,26.014618,1006.9575,-4.946558,-0.030715942,0.44475758,68.5541,0.0
2024-04-15 18:00:00,29.126831,26.121307,1009.59875,-1.6406736,-0.20171964,0.5262852,83.88329,0.0
2024-04-16 00:00:00,27.010162,25.388458,1008.2556,-0.0857954,-0.6507597,0.7913296,90.861786,0.014593825
2024-04-16 06:00:00,33.906647,23.03299,1009.53064,-2.4673882,0.41770583,0.9071495,53.147472,0.0
2024-04-16 12:00:00,32.929596,24.383698,1005.9375,-3.2944813,1.786181,0.8924103,60.89465,0.0
2024-04-16 18:00:00,28.31012,26.286774,1008.4519,-2.1579304,1.3826494,0.61248434,88.81671,0.0
2024-04-17 00:00:00,26.77182,25.623077,1007.5325,0.58575153,1.2452427,0.8110537,93.437,0.0
2024-04-17 06:00:00,34.21512,24.346344,1008.2025,-0.7991066,1.8624414,0.713451,56.539448,0.002288958
2024-04-17 12:00:00,33.97354,25.299347,1004.6306,-2.5327225,2.1207051,0.8687269,60.6614,0.0
2024-04-17 18:00:00,29.544434,26.424896,1007.8081,-1.0319948,3.2271242,0.7313206,83.36632,0.0
2024-04-18 00:00:00,28.141571,26.223053,1006.28564,1.0504035,2.249957,0.89783597,89.355484,0.011643395
2024-04-18 06:00:00,35.135284,23.73294,1007.1119,0.0022802353,2.5322685,0.8937153,51.779602,0.0
2024-04-18 12:00:00,33.761383,25.30655,1002.9494,-1.8548307,3.9943266,0.9561109,61.410957,0.0
2024-04-18 18:00:00,30.256805,26.515167,1006.1844,-0.67946815,3.9605322,0.8185303,80.44764,0.0
2024-04-19 00:00:00,29.715424,26.63797,1004.6281,1.1432097,1.2949574,0.9764684,83.592445,0.0013359822
2024-04-19 06:00:00,35.25284,25.206268,1005.25,-0.16457081,2.6694515,0.93934166,56.18691,0.0
2024-04-19 12:00:00,33.90567,26.56009,1001.34,-1.8389416,4.526102,0.49880487,65.611244,0.0
2024-04-19 18:00:00,30.796997,28.205963,1005.1144,-0.9081793,4.1166697,0.67597157,86.12024,9.534415e-05
2024-04-20 00:00:00,30.164398,27.511383,1003.5019,0.5601425,2.2733655,0.3657359,85.748825,0.002959394
2024-04-20 06:00:00,35.842316,25.617584,1005.4819,-0.94514465,2.6079183,0.46398062,55.734383,0.0
2024-04-20 12:00:00,33.484528,26.987946,1001.73376,-1.8007364,3.6779528,0.5542914,68.88777,0.0
2024-04-20 18:00:00,31.11087,27.462555,1005.4025,-2.1088362,3.2718267,0.68596137,80.99879,0.0
2024-04-21 00:00:00,29.558014,26.871674,1004.6825,-0.2640686,2.1705346,0.48589998,85.522095,0.07715076
2024-04-21 06:00:00,35.069855,25.890533,1005.8875,-1.7094755,1.8938836,0.24793573,59.112488,0.0
2024-04-21 12:00:00,34.017242,26.908478,1003.02563,-3.0001316,2.8078606,0.25374568,66.55467,0.0
2024-04-21 18:00:00,30.119598,26.592499,1006.2481,-2.2322598,2.753378,0.0700531,81.453896,0.0
2024-04-22 00:00:00,29.812439,26.285553,1005.3656,0.53780365,1.2382658,0.588711,81.417015,0.01602061
2024-04-22 06:00:00,35.242462,24.648224,1007.22314,-1.4015284,1.3851432,0.27979788,54.37845,0.0
2024-04-22 12:00:00,33.508575,26.563263,1003.8725,-3.5659838,1.9968398,0.4184265,67.09728,0.0
2024-04-22 18:00:00,29.665436,26.253235,1006.8956,-2.0245056,2.3034406,0.11792209,81.95241,0.0
2024-04-23 00:00:00,28.039978,25.9516,1004.9487,-0.2549286,0.5590424,0.88428146,88.4545,0.0026701018
2024-04-23 06:00:00,34.513824,24.07669,1006.5637,-2.0164824,1.4265194,0.3372026,54.71506,0.0
2024-04-23 12:00:00,33.251984,24.94632,1002.5538,-2.94098,2.5601768,0.59767646,61.84693,0.0
2024-04-23 18:00:00,28.686798,25.446625,1005.7413,-2.178175,1.0083423,0.8326564,82.67541,0.0
2024-04-24 00:00:00,28.239105,24.924683,1004.4875,1.2312393,0.4370154,0.66093886,82.25812,0.0
2024-04-24 06:00:00,34.811554,24.487213,1006.1788,-1.7069244,0.6928601,0.14042547,55.158405,0.0
2024-04-24 12:00:00,33.320587,26.752594,1002.57623,-2.7319374,2.606656,0.022911072,68.568245,0.0
2024-04-24 18:00:00,28.70578,26.05423,1006.0156,-1.0291147,1.6391912,0.0,85.61375,0.0
2024-04-25 00:00:00,29.114594,27.424652,1004.4938,-0.57726,0.8860672,0.87473726,90.63362,0.0040056184
2024-04-25 06:00:00,34.83609,25.848297,1006.3819,-2.7343063,2.2475767,0.6136358,59.73378,0.0
2024-04-25 12:00:00,33.332916,26.446686,1003.54126,-3.0110092,2.726715,0.14147985,67.29697,0.0
2024-04-25 18:00:00,28.781311,26.497162,1005.6962,-1.1894913,1.2443864,0.9633841,87.498764,0.0
2024-04-26 00:00:00,27.845642,25.934235,1004.3881,-0.3659582,1.4521353,0.5582536,89.371025,0.0
2024-04-26 06:00:00,34.605255,24.777802,1006.41437,-2.5248022,1.9609137,0.82389337,56.77167,0.0
2024-04-26 12:00:00,33.345367,24.09732,1002.9194,-3.3828583,1.8281713,0.9764631,58.476425,0.0
2024-04-26 18:00:00,28.413483,24.902008,1005.4444,-1.9233227,1.0791575,0.95154876,81.31784,0.0
2024-04-27 00:00:00,28.09018,25.077911,1004.53125,-0.6697931,0.92743415,0.9418347,83.73616,0.00019103754
2024-04-27 06:00:00,34.41104,24.663116,1006.6294,-2.72853,1.8698783,0.5387009,56.996227,0.0
2024-04-27 12:00:00,33.698273,24.644684,1002.7775,-3.7369003,1.3998859,0.75104463,59.243042,0.0
2024-04-27 18:00:00,28.717987,25.685577,1006.54626,-2.0356274,1.4503286,0.092436224,83.7051,0.0
2024-04-28 00:00:00,27.727325,24.965698,1004.7825,0.02435875,0.18045425,0.8456764,84.95773,0.0
2024-04-28 06:00:00,34.96756,25.026642,1006.5513,-1.2655993,2.5375538,0.98687893,56.473904,0.0026705675
2024-04-28 12:00:00,33.597565,25.625763,1003.5006,-3.3913574,1.8008113,0.96732074,63.162983,0.0
2024-04-28 18:00:00,29.897064,27.405975,1007.425,-2.8236942,1.7765634,0.91747165,86.54015,0.0
2024-04-29 00:00:00,29.367523,26.741852,1006.7319,-1.0814676,1.8711619,0.9303176,85.809235,0.0
2024-04-29 06:00:00,35.25125,25.115936,1008.04,-2.3438673,2.3825264,0.69238156,55.89039,0.013924204
2024-04-29 12:00:00,33.99991,25.741486,1003.6381,-3.9825172,1.2959551,0.9054107,62.183834,0.0
2024-04-29 18:00:00,30.202545,27.241089,1007.0656,-1.9231396,2.3466396,0.9421175,84.21728,0.0
2024-04-30 00:00:00,29.59024,26.333405,1005.2725,0.9647198,1.6710931,0.7206978,82.69879,0.030905692
2024-04-30 06:00:00,35.975006,25.171661,1006.7456,-1.234869,2.7571087,0.81365705,53.881317,0.0
2024-04-30 12:00:00,34.6232,26.21878,1002.47314,-3.124216,3.480586,0.89909124,61.783535,0.0
2024-04-30 18:00:00,30.889832,27.13852,1006.065,0.9201851,4.718919,0.9399493,80.483315,0.0036284328
2024-05-01 00:00:00,29.913239,26.203156,1003.5025,2.1402652,2.5303164,0.23963618,80.553345,0.0
2024-05-01 06:00:00,36.933502,24.638885,1003.90625,1.1430525,2.5004215,0.6833689,49.522964,0.0
2024-05-01 12:00:00,35.40738,27.054718,999.8269,-1.3661299,5.2877083,0.87539506,62.14231,0.0
2024-05-01 18:00:00,31.362,27.750275,1003.6306,-0.10639095,5.396039,0.9003979,81.203636,0.0
2024-05-02 00:00:00,30.956635,27.306,1003.1987,0.9825984,3.7946682,0.809173,80.96846,0.0036256388
2024-05-02 06:00:00,36.618317,26.062836,1004.42126,0.5661535,4.6680965,0.886296,54.836594,0.0
2024-05-02 12:00:00,34.199005,27.03006,1002.02686,-1.2406607,4.8341875,0.84041256,66.35579,0.0
2024-05-02 18:00:00,30.875671,28.488922,1004.8644,0.9633018,3.6508436,0.8500843,87.15677,0.0
2024-05-03 00:00:00,30.38095,27.754974,1002.9394,1.6997938,2.7975025,0.9992789,85.90542,0.0
2024-05-03 06:00:00,35.85916,26.244476,1005.53937,0.9674305,4.651965,0.9940558,57.78839,0.0
2024-05-03 12:00:00,34.4252,26.095245,1002.9025,-1.0458813,5.138918,0.99799806,62.01297,0.0
2024-05-03 18:00:00,31.080536,27.534882,1006.33,0.40580338,4.7022123,0.99602,81.48317,0.0
2024-05-04 00:00:00,30.552002,27.422638,1004.48627,1.0324076,2.7274857,0.9078892,83.430534,0.0
2024-05-04 06:00:00,36.65982,25.48648,1005.945,1.0875157,3.8151026,0.92707294,52.874393,0.0
2024-05-04 12:00:00,34.737946,24.595734,1001.84814,-0.9130573,5.129694,0.95818067,55.744953,0.0
2024-05-04 18:00:00,31.360962,27.090973,1004.7381,1.0957491,4.3423967,0.9628043,78.132835,0.0
2024-05-05 00:00:00,30.86502,27.504425,1003.48376,1.0210918,3.2029505,0.7139553,82.344345,0.0
2024-05-05 06:00:00,37.1597,25.382843,1004.40875,0.660347,3.144474,0.36148322,51.133408,0.0038146973
2024-05-05 12:00:00,35.240875,26.382233,1001.0525,-1.5216131,6.094429,0.22067983,60.28273,0.0
2024-05-05 18:00:00,31.470581,27.03775,1005.1356,0.6289425,3.4627028,0.61600435,77.40504,0.0
2024-05-06 00:00:00,30.91922,28.339874,1003.4725,0.95896894,3.1596227,0.7910567,86.190384,0.0
2024-05-06 06:00:00,36.853546,26.580109,1004.77936,0.31163788,3.0365844,0.15600815,55.81396,0.0
2024-05-06 12:00:00,35.68167,26.398224,1001.73627,-0.4123211,5.452614,0.06524658,58.88847,0.0
2024-05-06 18:00:00,31.173492,27.45279,1005.555,-1.0159664,5.189186,0.3808189,80.664185,0.0
2024-05-07 00:00:00,30.292511,26.905853,1005.95685,0.76857376,0.9481745,0.35776013,82.15091,0.0043888576
2024-05-07 06:00:00,36.061066,24.75772,1006.76624,-0.57909393,3.8588638,0.332357,52.3192,0.0
2024-05-07 12:00:00,34.85733,26.82132,1002.6944,-1.0762024,4.590925,0.045074463,63.190876,0.0
2024-05-07 18:00:00,31.555817,27.255035,1007.08,-1.1627512,3.9165325,0.09663157,78.01947,0.0
2024-05-08 00:00:00,28.160004,26.24887,1006.6219,-0.7214937,1.0360439,0.5111416,89.39586,0.026155263
2024-05-08 06:00:00,33.829865,23.998566,1007.3056,-1.6206579,-0.1042223,0.52446645,56.575317,0.014659017
2024-05-08 12:00:00,33.72354,26.04831,1003.415,-3.7674103,0.49683613,0.5075859,64.30946,0.0
2024-05-08 18:00:00,29.797272,26.491272,1005.77625,-1.5008392,2.4393108,0.11431663,82.48336,0.0
2024-05-09 00:00:00,28.568665,25.900452,1005.09564,-0.069150925,0.8024829,0.7828841,85.515816,0.010795891
2024-05-09 06:00:00,34.848663,25.996307,1006.91565,-2.2736073,1.7065198,0.979797,60.217594,0.14103936
2024-05-09 12:00:00,34.09427,25.51773,1003.17,-2.8238125,1.9151809,0.67907774,61.04139,0.0
2024-05-09 18:00:00,30.287994,26.277618,1007.35815,-1.3848419,2.618516,0.9486006,79.18613,0.10339006
2024-05-10 00:00:00,28.33316,26.283722,1006.48376,-0.5444002,1.559967,0.96178097,88.68178,0.0
2024-05-10 06:00:00,34.163727,25.989166,1007.4231,-0.09667206,1.002136,0.9973372,62.52897,0.05654341
2024-05-10 12:00:00,32.19284,26.348663,1004.8738,-3.1189861,2.1765256,0.9691854,71.3454,0.0
2024-05-10 18:00:00,30.08377,26.175201,1007.8162,-0.56022835,2.3007927,0.82873905,79.63621,0.09347399
2024-05-11 00:00:00,28.47403,25.754242,1007.1769,0.7873268,1.0759301,0.99641234,85.245445,0.20353594
2024-05-11 06:00:00,32.789948,25.385345,1008.1744,-1.2779102,1.5182657,0.9980221,65.15545,0.0
2024-05-11 12:00:00,32.550568,26.080902,1004.9344,-1.7925358,2.3240128,0.8973189,68.82107,0.0
2024-05-11 18:00:00,29.849213,26.581482,1008.53625,-1.2174768,1.7567987,0.90238893,82.675705,0.009343028
2024-05-12 00:00:00,29.176208,26.306854,1006.6912,-0.58835983,1.6812212,0.71426994,84.566216,0.03284216
2024-05-12 06:00:00,33.907867,25.067291,1008.4575,0.09273338,1.0133536,0.968398,60.048805,0.37772352
2024-05-12 12:00:00,33.05301,25.37143,1004.455,-3.0415,2.281601,0.95688355,64.14537,0.0
2024-05-12 18:00:00,30.136017,26.234344,1007.6225,0.0007791519,2.2959034,0.9797528,79.67565,0.016011298
2024-05-13 00:00:00,29.48883,25.361816,1005.72064,0.8386486,1.2023551,0.94927585,78.53055,0.0
2024-05-13 06:00:00,34.09793,25.06604,1007.47565,-2.2638893,0.5725422,0.9577264,59.410797,0.028121423
2024-05-13 12:00:00,31.601532,25.656555,1004.72876,-1.1389027,1.1421671,0.9942632,70.81588,0.0
2024-05-13 18:00:00,29.62619,26.259155,1006.485,-1.3543139,0.805987,0.9918703,82.16664,0.3874278
2024-05-14 00:00:00,28.127502,25.810486,1005.65436,-0.29359627,-0.48998588,0.9556142,87.272,0.0
2024-05-14 06:00:00,33.487457,25.391724,1007.1981,-0.7395363,0.517169,0.7537632,62.67628,0.0
2024-05-14 12:00:00,30.643646,25.381989,1004.4369,-2.18149,-0.373051,0.9050554,73.579414,0.0
2024-05-14 18:00:00,29.226593,25.815308,1007.91125,-0.38800716,0.93709266,0.9838026,81.903915,0.2735117
2024-05-15 00:00:00,27.631958,25.642181,1005.7562,0.74732375,-0.11560154,1.0,88.940674,0.0
2024-05-15 06:00:00,33.534454,25.680695,1006.965,-1.097785,-0.72291756,0.526106,63.593494,0.009436654
2024-05-15 12:00:00,28.953003,26.425812,1004.89435,-2.3531637,-0.55074024,0.9845637,86.26889,3.7144673
2024-05-15 18:00:00,27.899017,26.289948,1008.33435,0.36504364,0.16376293,0.99733937,90.98686,0.0
2024-05-16 00:00:00,26.277008,25.641602,1006.78186,1.5182972,0.17429477,1.0,96.308426,0.0
2024-05-16 06:00:00,27.931793,26.65036,1008.6769,1.1321216,-0.24169922,1.0,92.763885,0.12742251
2024-05-16 12:00:00,29.234894,26.420563,1004.7725,-1.3946886,-0.10540295,1.0,84.84741,0.48795635
2024-05-16 18:00:00,27.720245,26.17398,1006.6669,-0.9246988,-0.5183525,0.9932173,91.313866,0.0
2024-05-17 00:00:00,27.411285,25.705353,1005.51624,1.0866289,0.8518769,1.0,90.434906,0.0
2024-05-17 06:00:00,29.73819,26.221344,1006.8656,1.0729704,0.8155298,1.0,81.45616,1.4643711
2024-05-17 12:00:00,27.601593,26.087677,1004.55,-1.6451607,0.5136666,1.0,91.48145,0.0
2024-05-17 18:00:00,27.192352,26.032806,1006.12,1.5937521,0.49331534,1.0,93.39706,0.0
2024-05-18 00:00:00,26.975769,25.510529,1004.64374,-0.5693302,0.592679,1.0,91.708336,0.0
2024-05-18 06:00:00,32.357452,25.757416,1005.1375,-0.2682655,1.453569,1.0,68.25522,0.052923337
2024-05-18 12:00:00,30.759735,26.740967,1001.5744,-0.4246626,1.8600292,1.0,79.21113,0.5431579
2024-05-18 18:00:00,28.128754,26.454865,1004.4288,-0.25070697,1.5432937,1.0,90.65431,0.0
2024-05-19 00:00:00,27.384155,25.929901,1002.4556,1.072386,-0.90387344,1.0,91.79206,0.0
2024-05-19 06:00:00,31.077667,26.723083,1003.9425,1.7040179,-1.5193052,1.0,77.70493,0.1443634
2024-05-19 12:00:00,28.803436,25.740997,1000.025,0.84717655,-0.21986032,1.0,83.565605,0.5060115
2024-05-19 18:00:00,26.31192,25.507751,1003.3725,1.6809502,0.40027452,1.0,95.349396,1.7856143
2024-05-20 00:00:00,26.844086,25.446686,1001.2369,0.9478412,-0.07284659,1.0,92.07111,0.0
2024-05-20 06:00:00,31.365509,26.003357,1003.97314,0.70359313,1.5040948,1.0,73.26246,0.0
2024-05-20 12:00:00,27.642914,25.429443,1001.1025,1.1135252,1.3605553,1.0,87.76792,4.290015
2024-05-20 18:00:00,26.447418,24.963318,1003.3569,2.5648317,1.0334146,0.9973396,91.57409,0.0
2024-05-21 00:00:00,26.643951,22.90207,1001.29877,3.1633482,0.2778527,0.9973394,79.972435,0.0
2024-05-21 06:00:00,32.216095,25.056305,1002.66064,2.0285978,0.1983242,1.0,65.99418,0.0
2024-05-21 12:00:00,28.950226,25.980316,1000.23065,-0.26596737,-0.29958534,1.0,84.041046,0.22714649
2024-05-21 18:00:00,28.129852,26.257172,1002.8825,0.76083857,-0.7463274,1.0,89.596924,0.0
2024-05-22 00:00:00,27.65451,26.066772,1000.7275,-0.06697202,-1.8442097,1.0,91.08619,0.0
2024-05-22 06:00:00,31.81009,26.974457,1001.77814,0.8815623,0.39417934,1.0,75.64558,0.12743127
2024-05-22 12:00:00,30.709259,26.253021,999.44,-0.19911766,0.09950817,1.0,77.187035,0.7073114
2024-05-22 18:00:00,27.999908,26.536224,1001.515,1.7018638,0.9462764,1.0,91.776825,0.0
2024-05-23 00:00:00,27.988068,25.934174,1000.04,2.51434,1.741127,0.9991092,88.63114,0.101090625
2024-05-23 06:00:00,32.562042,25.466644,1001.7581,1.9629267,-0.32422853,1.0,66.317245,0.0
2024-05-23 12:00:00,30.651276,27.24582,998.09625,0.40941715,3.1912365,1.0,82.10295,0.0
2024-05-23 18:00:00,28.681427,26.320587,1000.60376,2.6761475,2.2872744,1.0,87.09503,0.0
2024-05-24 00:00:00,28.259949,25.953156,998.8956,2.5986042,1.4499993,1.0,87.33649,0.28876024
2024-05-24 06:00:00,33.579376,25.972046,1000.2612,3.5863085,3.21064,0.9933591,64.5384,0.0
2024-05-24 12:00:00,30.85141,26.325836,997.0731,0.614088,4.095131,0.93718135,76.89263,0.0020748898
2024-05-24 18:00:00,29.42862,26.13507,1000.01624,2.7683935,3.8233924,1.0,82.5008,0.0
2024-05-25 00:00:00,28.73114,25.140533,998.0525,3.8780403,2.8334048,1.0,80.97495,0.0
2024-05-25 06:00:00,33.584625,26.122955,1000.545,4.294423,1.8865047,1.0,65.098015,0.0
2024-05-25 12:00:00,32.533966,23.748993,998.66,1.181028,4.011448,1.0,59.938675,0.0
2024-05-25 18:00:00,30.074646,22.2482,1001.7925,4.278528,1.3661299,1.0,62.95753,0.0
2024-05-26 00:00:00,30.191895,22.014923,1000.3956,3.165433,1.451561,1.0,61.65283,0.0
2024-05-26 06:00:00,33.790802,25.186188,1002.085,4.202158,1.9910145,1.0,60.872448,0.0
2024-05-26 12:00:00,34.20999,24.985443,999.095,2.0928469,2.318883,1.0,58.757805,0.0001937151
2024-05-26 18:00:00,30.610443,24.892365,1002.15375,2.8478336,2.3597643,1.0,71.60048,0.0
2024-05-27 00:00:00,29.72873,23.632233,1001.10315,3.0761814,2.462121,0.9980222,69.83626,0.0
2024-05-27 06:00:00,34.794464,25.483002,1002.09125,3.5567589,3.740179,0.98243517,58.588314,0.0
2024-05-27 12:00:00,34.540924,26.661163,999.6312,0.9818872,4.07464,0.99999976,63.70762,0.0
2024-05-27 18:00:00,30.959686,27.057648,1002.2419,2.6111956,4.158878,1.0,79.783455,0.0
2024-05-28 00:00:00,29.96109,24.773651,1001.40125,2.7728186,2.0154743,1.0,73.79181,0.0
2024-05-28 06:00:00,35.25003,25.738434,1002.5444,3.8342733,1.8208416,0.9702354,58.00078,0.0
2024-05-28 12:00:00,34.641388,24.67978,999.8544,3.7995515,1.3478997,0.99927884,56.326996,0.0
2024-05-28 18:00:00,30.60083,24.412384,1002.27435,3.2234364,1.8624356,0.99802244,69.61357,0.0
2024-05-29 00:00:00,29.568329,23.007355,1001.1144,3.4712887,1.997781,0.77599764,67.87484,0.0
2024-05-29 06:00:00,34.99002,25.411224,1002.1362,2.7629023,1.6327199,0.6632298,57.709747,0.0
2024-05-29 12:00:00,34.68631,27.40036,998.89,0.28927422,4.0035357,0.03493238,65.99889,0.008011237
2024-05-29 18:00:00,30.974548,25.637726,1001.9581,2.0762672,3.0773382,0.10133362,73.30684,0.0
2024-05-30 00:00:00,30.079437,24.634369,1000.90686,2.0954833,2.569047,0.3581678,72.68435,0.0
2024-05-30 06:00:00,35.719513,26.108246,1002.40063,3.8395452,1.0690887,0.79308254,57.76775,0.0
2024-05-30 12:00:00,36.224518,25.614655,999.3237,0.7257223,2.0032835,0.033457693,54.565495,0.0
2024-05-30 18:00:00,31.742401,25.2836,1002.7438,0.9304589,3.1917057,0.14718957,68.712326,0.0
2024-05-31 00:00:00,30.323029,24.813019,1001.1475,2.6831522,0.74860954,0.3286258,72.444725,0.0
2024-05-31 06:00:00,36.21585,26.703217,1002.71625,2.0188336,0.60397166,0.47157258,58.219646,0.0
2024-05-31 12:00:00,35.641144,27.370026,999.09564,-0.8668747,3.8363338,0.99678797,62.49056,0.0
2024-05-31 18:00:00,30.875702,27.527924,1003.29626,1.833664,3.4043245,0.8764398,82.40736,0.008773059
2024-06-01 00:00:00,29.77649,26.662994,1000.97437,1.305399,2.6937351,0.9577514,83.421936,0.0
2024-06-01 06:00:00,35.228302,27.223175,1004.3787,-0.5074978,2.1191247,0.99921346,63.38408,0.0026705675
2024-06-01 12:00:00,31.352753,26.922272,1001.34625,-1.352109,3.201601,0.72702175,77.398575,0.0
2024-06-01 18:00:00,27.963715,26.599884,1004.58124,-0.52874374,1.9983816,0.84039164,92.31642,0.6442667
2024-06-02 00:00:00,28.44757,26.049286,1003.77625,-1.1073265,3.602723,0.8145851,86.881516,0.0
2024-06-02 06:00:00,34.771027,26.173157,1004.6144,1.8142723,1.590493,0.90148526,61.113434,0.0
2024-06-02 12:00:00,31.869293,26.874146,1002.20874,-1.2924757,2.4274225,0.62323517,74.94893,0.0
2024-06-02 18:00:00,28.004974,26.339783,1005.5656,1.7325909,1.8516967,0.94564724,90.692726,0.0
2024-06-03 00:00:00,27.904205,25.550049,1004.5737,0.9392212,2.2174003,0.9859821,87.06016,0.02399832
2024-06-03 06:00:00,31.586823,26.720184,1006.4525,1.2275817,0.34259892,0.98316586,75.473076,0.0
2024-06-03 12:00:00,31.753815,26.474548,1003.85376,-1.006669,2.175808,0.9806367,73.68691,0.006461174
2024-06-03 18:00:00,28.897614,26.791656,1006.0325,1.1222973,3.631833,0.9773503,88.43164,0.023692846
2024-06-04 00:00:00,28.55957,26.575562,1005.53375,1.3989244,2.5669906,0.992065,89.04231,0.0
2024-06-04 06:00:00,32.34671,27.516449,1006.9406,1.9583063,2.4896414,0.986322,75.75238,0.2669396
2024-06-04 12:00:00,32.185883,26.697815,1003.8719,0.6543503,3.5538168,0.66150767,72.85775,0.0
2024-06-04 18:00:00,28.679352,26.07904,1006.89124,1.5063539,4.2781734,0.40902,85.871056,0.0
2024-06-05 00:00:00,28.785858,26.289886,1005.97626,2.2864077,3.6888895,0.99195355,86.412346,0.0005662441
2024-06-05 06:00:00,33.62845,26.977692,1007.02563,2.870142,4.2599154,0.97148407,68.29375,0.31450412
2024-06-05 12:00:00,30.109894,25.949677,1003.4869,-0.024596214,5.217761,0.8348306,78.46311,0.11482814
2024-06-05 18:00:00,28.042877,25.55774,1007.2406,2.744049,3.954485,0.34699416,86.398346,0.0
2024-06-06 00:00:00,27.25354,24.95993,1006.34814,1.3955258,3.7232056,0.99730074,87.31654,1.1792698
2024-06-06 06:00:00,32.37784,26.615845,1007.70123,2.7231703,3.140914,0.99960417,71.72461,0.0
2024-06-06 12:00:00,30.05246,26.326752,1004.9406,0.4282875,3.7411013,0.89979136,80.49692,0.0
2024-06-06 18:00:00,27.699127,25.311249,1008.29877,1.854567,2.1657467,0.99589735,86.86739,0.0
2024-06-07 00:00:00,26.771332,25.228546,1005.3187,0.6487715,2.6984634,1.0,91.27417,0.016420767
2024-06-07 06:00:00,30.628998,26.70871,1006.64374,2.8955173,3.1942358,0.9999998,79.65399,0.17747258
2024-06-07 12:00:00,30.85086,25.721344,1003.43,1.2195069,3.758729,0.9964183,74.193306,0.0
2024-06-07 18:00:00,27.45523,25.421692,1007.135,1.8332126,2.5122957,0.98019636,88.69607,0.0
2024-06-08 00:00:00,27.705841,25.356323,1005.1894,2.827448,3.3843174,0.9690272,87.066414,0.09710123
2024-06-08 06:00:00,33.012115,26.479095,1005.9313,3.5516758,4.81454,0.9930473,68.65116,0.0
2024-06-08 12:00:00,29.90689,25.396637,1003.185,1.5793097,5.2387133,0.51528376,76.821434,0.95628136
2024-06-08 18:00:00,28.848724,25.98233,1006.05,3.0961065,4.3696117,0.9411543,84.54669,0.0
2024-06-09 00:00:00,28.296356,25.230255,1004.5112,1.1206903,3.3739405,0.971812,83.49097,0.0
2024-06-09 06:00:00,33.302032,25.92865,1005.8756,3.7972622,3.7258587,0.9448095,65.38109,0.025652705
2024-06-09 12:00:00,32.563263,26.174225,1002.71436,1.1638408,3.8586168,0.80868196,69.152306,0.044341773
2024-06-09 18:00:00,29.882996,27.37027,1005.52875,1.7961969,3.3526013,0.93660027,86.429214,0.0
2024-06-10 00:00:00,28.53061,24.3508,1004.96875,2.7700005,2.0348136,0.32058042,78.147934,0.0
2024-06-10 06:00:00,34.221832,25.067413,1005.4325,3.7761087,2.842322,0.21234852,59.00666,0.004578382
2024-06-10 12:00:00,33.16751,26.244598,1003.5525,1.341326,4.1737404,0.49138916,67.11904,0.06427381
2024-06-10 18:00:00,29.70288,27.001617,1006.8231,2.3270855,2.8773384,0.98442775,85.46141,0.0
2024-06-11 00:00:00,28.501617,23.931366,1004.9856,2.7298956,2.3143632,0.9623305,76.33404,0.0
2024-06-11 06:00:00,33.920197,24.935669,1005.72687,3.521347,2.53453,0.9175963,59.538414,0.0
2024-06-11 12:00:00,33.915924,25.297455,1003.3594,0.86253595,3.1821647,0.9973008,60.850014,0.0019073486
2024-06-11 18:00:00,29.641998,26.176178,1006.1394,1.7188969,3.7637138,0.9262134,81.690315,0.23454428
2024-06-12 00:00:00,29.022644,24.267853,1005.9412,3.128642,1.8996745,0.95026195,75.57351,0.0
2024-06-12 06:00:00,33.766144,24.950836,1007.8219,3.7863674,1.79197,0.99397016,60.107456,0.012398697
2024-06-12 12:00:00,33.93753,24.542755,1004.7419,0.95261073,3.1542485,1.0,58.100933,0.0
2024-06-12 18:00:00,29.449188,25.081696,1007.09937,2.1959925,2.860294,0.996655,77.40882,0.0
2024-06-13 00:00:00,28.854218,24.150421,1006.6075,2.5296106,1.3184096,0.9762708,75.77862,0.0
2024-06-13 06:00:00,33.673737,24.400787,1007.40875,3.6727448,2.5369816,0.978918,58.46493,0.0
2024-06-13 12:00:00,32.313263,25.577118,1003.9925,1.7181132,3.1891754,0.99999994,67.6978,0.10222569
2024-06-13 18:00:00,29.443176,27.299591,1005.97815,1.6540339,3.004448,0.9699975,88.28041,0.0
2024-06-14 00:00:00,28.720917,24.646942,1005.21814,2.7243052,1.6442492,1.0000002,78.67149,0.0
2024-06-14 06:00:00,33.745148,24.695435,1005.425,3.578803,1.1027381,0.99190277,59.26746,0.0
2024-06-14 12:00:00,33.89505,24.811127,1002.6381,0.9529929,2.25202,0.9812633,59.180595,0.0
2024-06-14 18:00:00,29.703674,27.493988,1005.29877,1.4299779,4.2271338,0.5141719,87.96064,0.0
2024-06-15 00:00:00,29.076843,26.200104,1004.5525,2.4838524,1.9289148,0.81428313,84.518906,0.0
2024-06-15 06:00:00,33.990265,23.654938,1004.5325,3.6548996,1.0926473,0.37548882,54.923775,0.0070575625
2024-06-15 12:00:00,33.583282,24.585724,1002.26685,0.6764321,3.2338219,0.99730116,59.415627,0.0
2024-06-15 18:00:00,29.762146,27.079742,1005.22125,1.4400432,3.7577052,1.0,85.56199,0.0
2024-06-16 00:00:00,29.339539,24.502594,1004.41315,2.8333817,1.9361565,0.39833605,75.2524,0.0
2024-06-16 06:00:00,34.44937,24.134918,1005.0519,2.900608,2.0027447,0.37155885,55.10379,0.0
2024-06-16 12:00:00,32.90921,26.0654,1002.33435,0.73976517,3.894115,0.74242675,67.38293,0.09199977
2024-06-16 18:00:00,29.132751,26.464386,1005.5012,1.0592113,3.9789333,0.40784693,85.570755,0.0
2024-06-17 00:00:00,28.782837,26.112213,1004.7681,1.3293728,2.157199,0.7711241,85.52482,0.0
2024-06-17 06:00:00,34.42752,25.250275,1005.53687,1.9100413,2.6731205,0.8164154,58.973442,0.0019073486
2024-06-17 12:00:00,33.09915,25.957672,1002.6869,0.18287182,4.5920267,0.32021448,66.24365,0.0
2024-06-17 18:00:00,29.13034,25.893768,1005.71686,1.1155559,4.4494977,0.704763,82.744606,8.335337e-05
2024-06-18 00:00:00,28.626434,25.184967,1004.405,1.9218607,2.4008265,0.9899902,81.68426,0.0
2024-06-18 06:00:00,33.481964,25.295624,1005.3769,3.055461,2.3341444,0.97692853,62.33828,0.008011482
2024-06-18 12:00:00,30.287018,26.406952,1002.5656,1.2703099,4.5746336,0.9579169,79.797455,0.80320776
2024-06-18 18:00:00,27.789825,25.741547,1005.58,2.024619,3.759598,0.8736672,88.64494,0.0
2024-06-19 00:00:00,28.118347,24.563019,1003.9931,2.6119945,1.8962929,0.994653,81.068085,0.1299791
2024-06-19 06:00:00,33.046906,25.432343,1004.8106,3.2316647,3.209097,0.752612,64.40012,0.0
2024-06-19 12:00:00,30.34433,26.165802,1002.3106,1.1028285,4.3370976,0.92833555,78.4111,0.020958483
2024-06-19 18:00:00,28.016205,25.527313,1004.52313,1.8197598,2.8617907,0.47226554,86.37657,0.0
2024-06-20 00:00:00,27.980164,24.589813,1003.4906,2.919963,1.708462,0.9634448,81.854744,0.0
2024-06-20 06:00:00,32.999176,25.052765,1005.285,3.8608837,2.243166,0.9996034,63.13076,0.008011813
2024-06-20 12:00:00,30.382843,26.860382,1002.0469,1.8860598,2.5882561,0.99084884,81.508484,0.326853
2024-06-20 18:00:00,28.733032,25.591461,1004.83685,1.9360914,2.2517672,1.0,83.166306,0.0
2024-06-21 00:00:00,28.124725,23.485687,1003.8056,3.2590914,0.9260937,0.98678005,75.9606,0.0
2024-06-21 06:00:00,33.52188,24.425995,1004.3931,3.935627,2.375824,0.96372616,59.05307,0.0
2024-06-21 12:00:00,32.23221,24.804962,1001.04376,2.6658251,2.956198,0.9704567,64.95289,0.287354
2024-06-21 18:00:00,28.819183,23.72403,1003.7325,2.852541,1.5434601,0.992063,74.01156,0.0
2024-06-22 00:00:00,27.991425,22.666656,1002.2512,3.042901,1.9931037,0.98322475,72.85296,0.0
2024-06-22 06:00:00,33.36148,24.230438,1002.255,3.4980412,1.7298598,0.7183463,58.89209,0.0
2024-06-22 12:00:00,30.65628,25.836945,1000.21,1.0606767,4.1389103,0.9616894,75.538704,0.32880902
2024-06-22 18:00:00,29.53064,25.426422,1003.1725,2.5149584,2.5233788,0.94802314,78.6429,0.0
2024-06-23 00:00:00,27.542816,23.79126,1001.65375,3.6485653,1.6126678,0.98987454,80.0453,0.26375055
2024-06-23 06:00:00,32.386505,24.203278,1002.32623,3.8341608,2.3552804,0.7747502,62.11192,0.33051348
2024-06-23 12:00:00,31.108673,24.710114,999.4931,0.66572726,4.116619,0.7900832,68.83905,0.0
2024-06-23 18:00:00,30.168915,23.736908,1002.8975,3.918128,1.8027682,0.9849108,68.52195,0.0
2024-06-24 00:00:00,28.342926,24.22696,1001.66437,2.9567194,2.2437673,0.8952137,78.420815,0.19681454
2024-06-24 06:00:00,32.944244,23.78659,1001.79877,5.3575583,2.4663029,0.8658535,58.70214,0.0
2024-06-24 12:00:00,32.92801,24.844757,999.78125,2.4217887,3.6872592,0.971984,62.60239,0.02785772
2024-06-24 18:00:00,29.930573,24.098114,1001.92065,3.65588,1.7097139,0.99802136,70.99111,0.0
2024-06-25 00:00:00,29.175842,23.161774,1001.7944,3.0464475,1.0197964,0.9102497,70.08163,0.0
2024-06-25 06:00:00,32.694366,24.745789,1001.555,5.6167965,2.276822,0.9440017,63.057457,0.0030398369
2024-06-25 12:00:00,33.089264,24.680023,999.49,2.554534,3.6968145,0.99999994,61.43005,0.0072717667
2024-06-25 18:00:00,29.856476,23.338959,1002.46814,5.051402,0.72651887,0.9980221,68.10953,0.048050284
2024-06-26 00:00:00,28.733276,23.78598,1001.39874,2.8417838,1.9162903,1.0,74.6589,0.0
2024-06-26 06:00:00,33.537384,23.537018,1001.8856,4.162388,2.384303,1.0,55.93334,0.010110438
2024-06-26 12:00:00,30.802155,25.50467,1000.95624,1.330531,3.639285,1.0,73.44934,0.33322087
2024-06-26 18:00:00,28.804474,24.938965,1003.7981,3.260562,1.7053314,1.0,79.66848,0.0
2024-06-27 00:00:00,27.865082,23.278107,1001.9381,4.6695347,1.484861,0.99960387,76.15935,0.0061020255
2024-06-27 06:00:00,32.134674,24.148834,1003.965,3.2984142,2.496995,0.9999992,62.796837,0.0
2024-06-27 12:00:00,32.66031,23.408356,1002.40186,3.3115826,1.7613502,0.99960333,58.304077,0.0
2024-06-27 18:00:00,29.609283,23.545319,1005.21436,3.0626106,0.8557966,0.9896654,69.95107,0.0
2024-06-28 00:00:00,28.475433,23.293304,1004.9988,3.1300135,0.556771,1.0000002,73.56731,0.0
2024-06-28 06:00:00,33.746735,24.096039,1004.8819,3.7207232,2.1253412,0.8710087,57.172478,0.0
2024-06-28 12:00:00,34.050446,24.221344,1001.675,1.8248581,3.1587744,0.57762486,56.635017,0.0
2024-06-28 18:00:00,29.677643,26.410187,1004.97,1.5799466,3.8351817,0.72433925,82.657104,0.0
2024-06-29 00:00:00,29.312256,24.645111,1004.8575,2.5819044,1.5295774,0.73495543,76.01628,9.49949e-05
2024-06-29 06:00:00,34.151398,24.46225,1005.1431,2.793106,2.340714,0.7951476,57.135834,0.0041015446
2024-06-29 12:00:00,33.860138,25.195099,1002.4775,0.77331734,4.3967643,0.7680736,60.66923,0.0
2024-06-29 18:00:00,29.192383,26.512604,1006.02686,1.1989633,4.2609143,0.33805257,85.51904,0.0
2024-06-30 00:00:00,28.977325,26.58316,1005.01935,1.6306486,2.7262092,0.5982873,86.95042,0.00047683716
2024-06-30 06:00:00,33.959015,25.448334,1006.28375,2.2387753,1.8093336,0.96532106,61.250782,0.0102017075
2024-06-30 12:00:00,31.207733,26.605804,1003.8013,0.50893724,3.144172,0.9172031,76.60029,0.25968814
2024-06-30 18:00:00,29.082,26.731293,1007.3594,1.2762,3.703683,1.0,87.18257,0.0
2024-07-01 00:00:00,28.234894,26.442596,1005.2488,2.0348382,1.9480534,1.0000001,90.03054,0.0982061
2024-07-01 06:00:00,32.38321,25.983368,1006.3219,2.5197477,1.9119546,0.9942626,69.07439,0.0
2024-07-01 12:00:00,31.86612,25.57315,1003.09686,1.7859935,2.1048996,0.98074144,69.41628,1.6544685
2024-07-01 18:00:00,29.562195,26.330109,1006.21814,2.389528,2.8495116,1.0,82.81645,0.0
2024-07-02 00:00:00,28.337616,23.60147,1004.40625,2.4304483,1.3754895,0.99910897,75.55049,0.0
2024-07-02 06:00:00,33.961334,24.209442,1004.6825,2.6128838,1.6291306,0.9980224,56.876766,0.0
2024-07-02 12:00:00,34.35013,24.269806,1001.84814,1.1901789,3.5516653,0.9768239,55.85907,0.0
2024-07-02 18:00:00,29.726044,26.321991,1004.94,1.8661221,3.9162662,0.9973389,81.99913,0.0
2024-07-03 00:00:00,29.098206,26.88388,1004.6325,1.6628346,1.3856907,0.9999998,87.8862,0.0
2024-07-03 06:00:00,34.866364,24.252777,1005.08,2.694131,2.018941,0.8782816,54.2241,0.012591481
2024-07-03 12:00:00,34.55081,24.45987,1001.47815,0.9498224,3.2805629,0.6565672,55.871456,0.0
2024-07-03 18:00:00,28.17392,26.484528,1006.10126,1.9688619,2.4695141,0.6434943,90.57444,0.017561018
2024-07-04 00:00:00,29.042572,24.671051,1004.5,2.4412975,1.885808,0.97374773,77.33045,0.0
2024-07-04 06:00:00,34.077667,23.216583,1005.9575,2.411459,0.5070191,0.91738343,53.23021,0.0
2024-07-04 12:00:00,33.05728,26.008453,1003.40564,0.42268658,3.6156855,0.9346854,66.59955,0.15676022
2024-07-04 18:00:00,29.502777,26.499603,1006.0631,1.3572861,3.7648697,1.0000002,83.935814,0.0
2024-07-05 00:00:00,29.147308,26.379303,1004.395,1.8494303,2.1381311,0.9856021,85.070656,0.0005811453
2024-07-05 06:00:00,35.029694,24.376007,1004.2925,2.5373793,1.9221236,0.41066796,54.133682,0.0
2024-07-05 12:00:00,30.89444,25.916168,1001.3831,2.5510788,2.8928967,0.43195873,74.868324,0.02002716
2024-07-05 18:00:00,28.471832,25.489899,1004.2606,2.46018,1.9609779,0.9943481,83.929276,0.0
2024-07-06 00:00:00,28.753387,22.491302,1003.92126,2.8783917,1.3218997,0.99332106,68.95737,0.0
2024-07-06 06:00:00,32.285797,23.576935,1004.15,3.0303364,1.5482846,1.0,60.15782,0.0
2024-07-06 12:00:00,31.963898,23.79538,1001.6138,1.7822165,1.4909897,1.0,62.074512,0.0
2024-07-06 18:00:00,29.498749,26.210846,1004.39813,1.6859148,3.4418511,0.9720171,82.53654,0.0
2024-07-07 00:00:00,28.62143,25.776154,1003.41437,1.3613274,0.6840992,0.6668605,84.62871,0.0010430813
2024-07-07 06:00:00,34.349762,23.504425,1003.76685,4.0408077,1.2095027,0.4544704,53.348034,0.0
2024-07-07 12:00:00,32.795807,24.73758,1001.83185,1.4750931,2.7814677,0.7251043,62.667465,0.097841024
2024-07-07 18:00:00,29.01059,26.470734,1004.10315,1.7375515,3.8488665,1.0,86.209915,0.0
2024-07-08 00:00:00,28.692108,24.654755,1002.305,3.165965,1.240058,1.0,78.83987,0.0
2024-07-08 06:00:00,33.759796,23.35611,1003.9894,4.4771748,-0.13839287,1.0,54.64204,0.00038184226
2024-07-08 12:00:00,34.292633,22.911163,1000.315,2.6196907,2.2251098,1.0,51.63341,0.07982738
2024-07-08 18:00:00,30.098114,21.953644,1004.1956,4.2293787,0.60136986,0.9780636,61.75437,0.0
2024-07-09 00:00:00,28.47998,22.360077,1003.2919,3.3775406,0.87648505,0.9906865,69.50383,0.0
2024-07-09 06:00:00,34.164825,23.08377,1005.03937,3.4595041,1.4187539,0.97368497,52.548515,0.0
2024-07-09 12:00:00,32.86966,24.73349,1002.4175,0.68546486,4.2108192,0.9751743,62.392265,0.039577484
2024-07-09 18:00:00,29.852081,26.149445,1005.7438,1.4453478,3.709796,0.95510924,80.58093,0.0
2024-07-10 00:00:00,29.143646,23.745087,1005.8525,2.4604616,0.9268847,0.5696941,72.72648,0.0
2024-07-10 06:00:00,35.372345,23.108978,1006.4437,2.9660273,1.9079933,0.3924654,49.21706,0.0
2024-07-10 12:00:00,34.063873,24.476837,1003.5175,0.91377926,4.1004815,0.3336975,57.46556,0.0
2024-07-10 18:00:00,28.358429,25.999054,1007.35626,1.9456577,3.4938228,0.6867361,87.07378,0.32427907
2024-07-11 00:00:00,29.093658,22.379913,1005.8831,2.7235804,-0.10762024,0.964683,67.155556,0.0
2024-07-11 06:00:00,34.10208,24.052643,1006.1719,1.8475883,-0.14957762,0.9826926,55.90332,0.01116097
2024-07-11 12:00:00,33.35855,24.044342,1002.3031,0.36445045,2.9619415,0.9212052,58.24766,0.0
2024-07-11 18:00:00,29.432404,26.378143,1005.1131,1.2718041,3.7598765,0.99494004,83.67559,0.0
2024-07-12 00:00:00,29.195068,26.06601,1004.4394,1.6692069,2.5983334,0.9796175,83.28022,0.0
2024-07-12 06:00:00,35.630035,23.93869,1004.255,2.199328,2.5673797,0.19920954,51.010506,0.004578382
2024-07-12 12:00:00,32.75711,25.19748,1001.42377,1.2219317,4.8490467,0.73247695,64.55052,0.0017993152
2024-07-12 18:00:00,28.965607,23.943329,1004.47186,4.0348043,-0.073423624,0.6706741,74.3608,0.0
2024-07-13 00:00:00,27.063324,23.699463,1003.6337,2.9372053,0.3031845,0.9953371,81.87318,0.3495264
2024-07-13 06:00:00,33.01712,24.59134,1004.14435,4.725771,1.4774787,0.91382563,61.353474,0.0
2024-07-13 12:00:00,34.497223,22.722809,1002.01685,3.129426,3.3457127,1.0,50.46943,0.006295556
2024-07-13 18:00:00,30.200409,22.767242,1004.0087,3.7429028,0.7003871,0.996058,64.50687,0.0
2024-07-14 00:00:00,29.016571,22.627594,1002.98627,3.9547114,0.46687353,1.0,68.478386,0.0
2024-07-14 06:00:00,31.397064,23.265442,1003.01935,4.386407,1.1894296,1.0,62.088604,0.0
2024-07-14 12:00:00,33.40909,23.092499,1000.9231,2.1296525,2.4020195,1.0,54.844845,0.01449883
2024-07-14 18:00:00,29.86026,23.49881,1003.09375,3.167876,0.46980572,1.0,68.75459,0.099537745
2024-07-15 00:00:00,28.722565,22.811249,1002.4494,3.2111182,1.5641165,1.0,70.43502,0.0
2024-07-15 06:00:00,32.995148,23.33963,1003.155,5.1457148,2.2772982,1.0,56.978683,0.0
2024-07-15 12:00:00,31.514252,24.623566,1000.79065,3.1651173,2.552737,1.0,66.92125,0.3171747
2024-07-15 18:00:00,28.279572,24.521088,1003.4375,4.169506,2.5725107,1.0,80.10945,0.0
2024-07-16 00:00:00,27.363007,24.26419,1002.5175,3.6466975,1.6385144,0.9999998,83.2229,0.085712984
2024-07-16 06:00:00,31.933868,23.260773,1003.7175,4.017935,3.4107838,1.0,60.20825,0.0
2024-07-16 12:00:00,29.138794,24.345612,1001.41376,3.7887936,2.6570215,0.9991076,75.418076,0.22361049
2024-07-16 18:00:00,28.050323,24.290314,1003.95685,3.2896776,1.7859743,0.9651553,80.07185,0.0
2024-07-17 00:00:00,28.338104,23.35434,1002.8075,3.4018955,1.790571,0.9960444,74.43078,0.0
2024-07-17 06:00:00,33.60379,22.85379,1003.90186,7.3006105,1.2398033,0.99132866,53.471733,0.0
2024-07-17 12:00:00,33.259613,22.291656,1001.66125,5.6862793,1.8146627,1.0,52.683914,0.0015199184
2024-07-17 18:00:00,28.068756,23.87259,1005.47,5.217101,1.4878769,1.0,78.005,0.19742322
2024-07-18 00:00:00,27.776703,23.645111,1003.01624,4.759901,1.9825089,1.0000001,78.26676,0.13623658
2024-07-18 06:00:00,30.362946,24.87326,1004.615,5.417535,1.4616816,1.0,72.539536,0.0
2024-07-18 12:00:00,30.837738,22.60379,1001.91315,5.4407377,0.98687744,1.0,61.582314,0.0
2024-07-18 18:00:00,28.636688,21.919098,1003.9406,5.3964243,1.5139444,1.0,67.04872,0.0
2024-07-19 00:00:00,28.71695,21.569244,1002.58435,4.3440475,1.5663188,1.0,65.325836,0.0
2024-07-19 06:00:00,34.376984,21.820953,1002.8275,6.7000017,1.2496978,0.9971128,48.094845,0.0
2024-07-19 12:00:00,32.78189,22.0065,1000.8212,6.379917,0.49833184,1.0,53.18588,0.040428713
2024-07-19 18:00:00,29.259613,21.093048,1003.26624,5.2623787,1.1401504,1.0,61.48476,0.0
2024-07-20 00:00:00,29.253998,21.586945,1002.175,3.533187,1.8061341,0.9996033,63.394814,0.0
2024-07-20 06:00:00,35.358063,21.94638,1003.6344,5.338933,1.8847831,0.97802675,45.89774,0.0
2024-07-20 12:00:00,34.88846,22.044586,1000.96185,4.4234905,2.0115223,0.995337,47.3896,0.002192799
2024-07-20 18:00:00,30.746674,21.47464,1004.3225,4.73565,0.45620435,1.0,57.785736,0.0
2024-07-21 00:00:00,29.720001,21.466461,1003.33624,3.6107416,2.0101604,0.97458977,61.26029,0.0
2024-07-21 06:00:00,35.62564,22.24765,1004.1894,4.55672,2.330756,0.9493913,46.062515,0.0
2024-07-21 12:00:00,36.07852,21.345978,1001.4556,4.8983374,1.9806652,0.34649098,42.520668,0.0
2024-07-21 18:00:00,31.359161,20.935455,1005.2531,4.4585,0.6478165,0.9666843,53.98691,0.0
2024-07-22 00:00:00,30.19461,20.366486,1004.6475,3.4488144,1.614816,0.94632304,55.713634,0.0
2024-07-22 06:00:00,35.509796,21.043976,1006.53687,4.446044,1.0665493,0.22060163,43.068676,0.0
2024-07-22 12:00:00,35.17386,20.719147,1003.9894,4.3387113,0.9551935,0.49364132,43.008102,0.0
2024-07-22 18:00:00,30.483612,22.824615,1007.4725,2.9984725,1.9774456,0.9213304,63.68937,0.0
2024-07-23 00:00:00,29.176117,22.056244,1006.5112,3.3079443,0.95686597,0.9933596,65.53201,0.0
2024-07-23 06:00:00,35.509064,22.166473,1006.6825,4.485194,1.7459342,0.78399247,46.13125,0.0
2024-07-23 12:00:00,35.32657,22.255035,1003.0144,1.620141,2.9181638,0.67315066,46.850616,0.004963018
2024-07-23 18:00:00,30.690582,25.075714,1006.70935,1.6763079,3.0437431,0.6930292,72.056595,0.0
2024-07-24 00:00:00,29.574982,21.849884,1005.2544,3.3656263,1.0545504,0.3340065,63.23939,0.0
2024-07-24 06:00:00,36.034332,22.164154,1004.3181,3.8993216,1.3950851,0.65131116,44.808815,0.0
2024-07-24 12:00:00,35.02188,22.780792,1001.7444,3.3399103,0.6828518,0.5504458,49.193497,0.024791807
2024-07-24 18:00:00,30.931793,24.516876,1004.3081,1.8085527,3.1072874,0.45801705,68.738144,0.0
2024-07-25 00:00:00,29.491241,22.203156,1003.33936,4.4086275,0.6901353,1.0,64.92894,0.0
2024-07-25 06:00:00,35.710114,21.857391,1002.9319,6.2695217,1.1984203,0.998173,44.770657,0.0
2024-07-25 12:00:00,32.739777,22.45987,1001.5131,5.6476736,2.0196953,0.990088,54.803936,0.27297106
2024-07-25 18:00:00,30.191559,23.175812,1004.59125,3.4158974,1.2293668,0.99214375,66.15578,0.0
2024-07-26 00:00:00,29.535675,22.528595,1002.5644,3.398635,1.7109089,1.0,66.057236,0.0
2024-07-26 06:00:00,35.352936,22.4169,1003.3725,5.8555946,1.5379493,0.9590378,47.245255,0.0
2024-07-26 12:00:00,35.655792,22.26883,1000.5031,4.5220757,1.1951303,0.63301355,46.045296,0.004671514
2024-07-26 18:00:00,30.968597,22.541779,1004.8231,5.7711,-0.20671272,0.9824692,60.89433,0.0
2024-07-27 00:00:00,29.966705,22.391571,1003.0619,4.6227264,0.9867712,0.97675204,63.90407,0.0
2024-07-27 06:00:00,35.698517,22.085297,1003.6394,5.3426275,0.67134094,0.9737176,45.426376,0.0
2024-07-27 12:00:00,35.147614,22.277252,1000.79065,4.030485,-0.087919235,0.74451137,47.380726,0.0026691705
2024-07-27 18:00:00,31.479828,20.900055,1004.6163,3.7941084,1.061841,0.9665006,53.501152,0.0
2024-07-28 00:00:00,30.26236,18.143585,1002.4375,4.1360846,0.6092105,0.9602981,48.324203,0.0
2024-07-28 06:00:00,35.93863,19.388092,1003.0037,3.851883,1.5249338,0.9996034,37.970455,0.0
2024-07-28 12:00:00,34.934967,21.17862,999.955,0.8008095,0.93142796,0.94541156,44.82933,0.0
2024-07-28 18:00:00,31.675385,20.682404,1002.2825,4.832712,0.8541882,1.0,52.206238,0.0
2024-07-29 00:00:00,30.460236,21.391632,1001.0731,4.211499,1.0097239,1.0,58.442562,0.0
2024-07-29 06:00:00,35.767242,21.752716,1001.3831,5.9712543,1.6885859,0.9999998,44.34552,0.0
2024-07-29 12:00:00,34.940216,21.78421,999.5694,4.198132,1.3540564,0.999279,46.508976,0.0
2024-07-29 18:00:00,30.746124,22.210236,1004.1275,4.3629513,1.105113,0.995363,60.441925,0.012218952
2024-07-30 00:00:00,29.741913,23.115082,1004.0481,3.3751602,1.8131983,0.8270851,67.6389,0.22483617
2024-07-30 06:00:00,31.266876,25.790894,1004.7494,6.486972,-0.6586304,0.8295196,72.753586,3.1749225
2024-07-30 12:00:00,33.9971,24.056915,1002.9369,3.9905796,1.1207724,0.8706229,56.24614,0.0
2024-07-30 18:00:00,29.779388,22.681183,1006.10565,3.5396404,0.76045036,0.98982185,65.74251,0.0
2024-07-31 00:00:00,29.58316,21.594025,1005.77374,2.6907756,0.29692906,0.7153683,62.229008,0.0
2024-07-31 06:00:00,36.358307,22.180267,1006.03564,3.479372,1.7670811,0.48537415,44.061558,0.0
2024-07-31 12:00:00,34.07852,23.223541,1003.15625,3.1814187,1.0738363,0.8927328,53.250046,0.3735423
2024-07-31 18:00:00,28.690002,25.057648,1006.2006,3.824544,0.894516,0.9899766,80.76857,1.3286003
2024-08-01 00:00:00,28.946136,22.34616,1005.0006,3.5407515,1.1542506,1.0,67.59247,0.0
2024-08-01 06:00:00,35.739777,22.144257,1005.66,4.033139,1.4247549,1.0,45.48627,0.00028603245
2024-08-01 12:00:00,33.038116,24.487274,1003.4556,2.7592509,2.6412225,0.998022,60.900753,0.57299143
2024-08-01 18:00:00,30.134125,25.3992,1006.85315,1.9914116,2.7409306,1.0,75.83664,0.0
2024-08-02 00:00:00,28.341522,23.90622,1005.315,2.7176876,0.48695087,1.0,76.93138,0.14637595
2024-08-02 06:00:00,34.294342,24.052338,1006.005,4.5701656,1.5997508,1.0,55.3065,0.0
2024-08-02 12:00:00,33.756622,24.70877,1002.9369,2.1734529,3.1062741,0.99999994,59.276653,0.47926977
2024-08-02 18:00:00,29.221344,26.339264,1006.97565,1.4731479,2.1335382,0.9826717,84.507454,0.0
2024-08-03 00:00:00,29.486298,22.934113,1005.82,2.4626493,0.4937439,0.9999999,67.894936,0.0
2024-08-03 06:00:00,35.522125,21.931671,1006.2025,3.0430756,0.31950158,0.9910833,45.4429,0.0
2024-08-03 12:00:00,33.62271,24.86905,1003.7619,0.94783497,2.4810622,0.9935616,60.296696,0.068068504
2024-08-03 18:00:00,28.81186,24.46933,1008.4219,1.4216838,2.040563,0.79340434,77.430695,0.0
2024-08-04 00:00:00,28.838806,23.993805,1006.53064,1.3236487,0.62074375,0.9794066,75.13647,0.00047625508
2024-08-04 06:00:00,34.908478,23.244965,1006.905,2.454164,-0.7414112,0.85056597,50.913937,0.0
2024-08-04 12:00:00,34.74063,23.274933,1002.5662,-0.73146343,1.4282502,0.5434888,51.483387,0.24148822
2024-08-04 18:00:00,27.036224,25.412506,1008.175,0.4180411,2.7311358,0.7711799,90.85256,0.084370375
2024-08-05 00:00:00,26.595062,24.977203,1007.4931,2.0534337,0.43787318,0.99465334,90.85569,0.0
2024-08-05 06:00:00,32.43216,24.199554,1007.3925,1.1245496,-0.42272186,0.99999994,61.93819,0.0
2024-08-05 12:00:00,31.540192,24.8284,1004.21625,-2.028222,0.30241585,1.0,67.64545,0.17239456
2024-08-05 18:00:00,26.547272,24.663086,1007.5925,1.4972442,2.59251,0.99364513,89.41921,0.0
2024-08-06 00:00:00,27.669556,24.277252,1005.29065,1.755475,-0.10791111,0.98601997,81.80733,0.00476994
2024-08-06 06:00:00,33.96463,24.765411,1005.28876,1.7492411,-0.65360546,0.71215653,58.790398,0.012016218
2024-08-06 12:00:00,29.245392,25.673492,1003.60876,-0.9057312,1.9486663,0.9046801,81.12992,2.6286886
2024-08-06 18:00:00,26.158112,24.356964,1007.3744,1.6668768,2.1436381,0.99497753,89.836075,0.0
2024-08-07 00:00:00,25.795837,24.705353,1005.61127,0.47612137,0.99129784,0.9912534,93.71649,0.11355366
2024-08-07 06:00:00,31.941925,25.039093,1006.155,1.72435,-0.5314312,0.9908826,66.95743,0.0
2024-08-07 12:00:00,29.367828,25.425201,1003.96625,-1.0408125,0.96492195,0.5863145,79.37931,1.9043479
2024-08-07 18:00:00,26.750946,25.886688,1007.335,1.0050054,1.8128042,0.38586283,95.02544,0.0
2024-08-08 00:00:00,26.561676,25.65158,1006.1838,0.56456435,0.7034055,0.96294314,94.76058,0.030606985
2024-08-08 06:00:00,31.714752,24.480316,1006.8119,2.179346,-0.06498456,0.6258956,65.59906,0.0
2024-08-08 12:00:00,29.901642,24.924713,1004.6937,0.69304943,0.29209805,0.653713,74.715096,0.43837425
2024-08-08 18:00:00,27.130463,25.45578,1008.5012,1.8938975,2.3432186,0.9790514,90.58398,0.0
2024-08-09 00:00:00,26.944061,24.18924,1006.52875,1.8885508,0.38965988,0.73589116,84.911545,0.0
2024-08-09 06:00:00,33.412872,23.960846,1006.2925,1.7425699,-0.669055,0.012929974,57.78003,0.007914845
2024-08-09 12:00:00,32.18631,25.0029,1004.825,-1.3128014,3.1306114,0.6238303,65.89531,0.20262367
2024-08-09 18:00:00,28.154724,25.884216,1008.3975,1.7351245,1.7693493,0.842052,87.51519,0.24185267
2024-08-10 00:00:00,27.16861,25.075836,1006.8212,2.043642,0.5366354,0.35535324,88.36102,0.0
2024-08-10 06:00:00,33.106598,24.806793,1006.95,1.2721334,-1.3552122,0.2876513,61.83678,0.0
2024-08-10 12:00:00,32.10367,25.92508,1003.5825,-0.96267986,2.6134043,0.5985494,69.932785,1.0033622
2024-08-10 18:00:00,27.31314,25.236359,1006.71564,0.45105463,1.9534324,0.44659472,88.456924,0.0
2024-08-11 00:00:00,27.659332,25.152802,1005.8544,1.3025284,-0.8959322,0.513655,86.25239,0.01182583
2024-08-11 06:00:00,33.017975,25.597626,1004.8719,0.61175275,-1.4890671,0.56896704,65.14127,0.030228972
2024-08-11 12:00:00,32.203278,25.824066,1001.3181,-1.3065271,1.0477934,0.6670754,69.12503,0.0
2024-08-11 18:00:00,27.411652,25.180817,1005.745,2.2256396,3.342255,0.852802,87.65757,2.2207363
2024-08-12 00:00:00,25.954926,24.103973,1004.5706,0.89985985,-0.41959536,0.7353735,89.553406,0.0
2024-08-12 06:00:00,31.938995,25.31485,1003.83435,0.45934027,-0.866518,0.08108718,68.07721,0.047162175
2024-08-12 12:00:00,32.606476,26.022156,1001.325,-2.5461397,0.6234274,0.5243769,68.36646,0.0
2024-08-12 18:00:00,28.911133,26.13266,1005.04,-0.12555313,1.8822671,0.99379134,84.99401,0.34067035
2024-08-13 00:00:00,27.032684,24.89154,1004.27185,0.6983614,0.7260226,0.3815542,88.095406,0.0
2024-08-13 06:00:00,32.711823,24.807556,1005.03815,-1.5067282,0.6871433,0.14508027,63.228268,0.098118484
2024-08-13 12:00:00,31.912872,25.08496,1002.09686,-3.4100828,0.57713854,0.5629022,67.25131,0.0
2024-08-13 18:00:00,28.791412,25.959991,1005.35187,-0.59086895,1.4095383,0.12655956,84.71592,0.046065323
2024-08-14 00:00:00,27.966217,25.118958,1003.9281,0.6879859,1.872143,0.5760361,84.55002,0.0
2024-08-14 06:00:00,33.023834,25.590668,1004.34937,-0.20011955,1.5795709,0.58903027,65.092926,0.00237979
2024-08-14 12:00:00,31.698639,25.6622,1001.41437,-1.7868977,2.3777661,0.23254435,70.450134,0.02087517
2024-08-14 18:00:00,29.406647,25.924194,1005.01685,0.5465266,2.6730251,0.5039748,81.58124,0.0
2024-08-15 00:00:00,27.800507,25.674347,1003.5181,0.5276721,0.18523759,0.7027472,88.23729,0.022323243
2024-08-15 06:00:00,32.040558,25.885101,1003.89374,0.61777866,2.9754725,0.98341924,70.01707,0.028404683
2024-08-15 12:00:00,30.698273,25.790924,1001.1931,-0.7962713,3.3382483,0.64954746,75.15231,0.15827706
2024-08-15 18:00:00,29.115875,26.012085,1004.1294,0.14780474,3.968607,0.16089612,83.39597,0.0
2024-08-16 00:00:00,28.312347,25.556732,1002.09875,0.4247065,1.895416,0.78693694,85.048065,0.01975149
2024-08-16 06:00:00,32.415802,26.896576,1003.2019,-0.59499073,2.6755943,0.93281764,72.763245,0.0013260003
2024-08-16 12:00:00,31.903473,25.920807,1000.1238,-1.5922613,2.217131,0.53929406,70.71216,0.046532802
2024-08-16 18:00:00,29.51828,26.598175,1004.1431,0.93901825,3.008072,0.3644786,84.34943,0.0
2024-08-17 00:00:00,28.13446,26.02536,1002.6138,0.8121621,0.070946395,0.8775519,88.3537,0.0
2024-08-17 06:00:00,34.029816,25.950623,1003.6912,1.5894623,0.19424295,0.8500096,62.854164,0.063511886
2024-08-17 12:00:00,29.4375,25.953888,1001.90564,-0.63832474,3.7204466,0.9857523,81.57938,0.032815002
2024-08-17 18:00:00,28.56363,26.122437,1005.20874,1.284764,2.3675303,0.5159239,86.671936,0.0
2024-08-18 00:00:00,27.600159,25.714142,1003.61127,1.3988268,0.04190445,0.50936955,89.48742,0.0
2024-08-18 06:00:00,33.88211,25.931915,1004.85626,0.70155036,0.8591328,0.38596272,63.304447,0.016121631
2024-08-18 12:00:00,32.261017,26.275421,1002.0769,-1.6480303,2.0626733,0.65235955,70.76426,0.102037124
2024-08-18 18:00:00,28.079498,25.233673,1005.8819,0.11823237,3.532053,0.5938399,84.56914,0.0
2024-08-19 00:00:00,27.864319,25.380585,1003.8669,0.5088002,2.2202926,0.9516104,86.38879,0.0009536743
2024-08-19 06:00:00,32.654694,26.67685,1005.35065,-0.09952068,1.0339307,1.0000005,70.86724,0.1300741
2024-08-19 12:00:00,30.475922,25.882324,1001.9481,0.8972366,2.9189758,0.9526155,76.52779,0.0
2024-08-19 18:00:00,28.391449,25.563812,1005.96436,0.8999187,2.7754788,0.59903353,84.6933,0.0
2024-08-20 00:00:00,27.43872,25.038239,1002.98126,1.0837743,2.0952463,0.58064806,86.77849,0.0054500997
2024-08-20 06:00:00,30.414093,26.047821,1005.67065,0.10057783,2.863715,0.69926715,77.555305,0.5530923
2024-08-20 12:00:00,30.839752,25.677765,1002.03876,-0.09604454,5.002157,0.24711365,74.04873,0.0
2024-08-20 18:00:00,28.253601,25.277283,1006.78125,1.0684786,4.515519,0.8734736,83.93352,0.06547871
2024-08-21 00:00:00,28.143707,24.852661,1005.2575,1.6956365,4.109847,0.621764,82.36159,0.0
2024-08-21 06:00:00,31.949982,24.921051,1006.7944,2.759079,4.7427387,0.56747305,66.457436,0.026008442
2024-08-21 12:00:00,30.82779,24.740265,1004.4875,2.2122812,5.778,0.981182,70.077225,0.02163057
2024-08-21 18:00:00,28.285645,24.300995,1007.40063,3.1305926,4.4850473,0.9727411,79.03255,0.033169985
2024-08-22 00:00:00,27.812164,22.787018,1006.5588,2.886996,2.6213398,0.6938407,74.158356,0.0
2024-08-22 06:00:00,31.941559,23.61148,1007.7469,2.2565622,1.916302,0.8523999,61.468792,0.00839401
2024-08-22 12:00:00,31.168854,24.444672,1006.0119,0.05277157,4.5282316,0.9999997,67.52281,0.0
2024-08-22 18:00:00,28.661987,25.647095,1008.41315,1.4440849,4.554693,0.91875136,83.785965,0.0
2024-08-23 00:00:00,28.298737,25.07721,1007.53436,1.9248667,2.8897943,1.0,82.722015,9.5926225e-05
2024-08-23 06:00:00,33.720367,25.095062,1007.64,2.286847,3.4684,0.82168365,60.781837,0.0
2024-08-23 12:00:00,31.40799,25.916534,1005.59875,0.35221672,5.4084687,1.0,72.710976,0.0003814057
2024-08-23 18:00:00,29.053986,25.417267,1008.6175,1.6942129,5.446211,0.99321747,80.794106,0.0
2024-08-24 00:00:00,28.272003,25.135315,1007.9725,2.7070377,4.2250175,0.65113837,83.138084,0.002099201
2024-08-24 06:00:00,33.127472,24.111267,1008.96625,3.4745255,3.3355703,0.9622499,59.24548,0.0
2024-08-24 12:00:00,32.848785,23.872345,1005.26373,2.5646706,3.7295046,0.84048754,59.32345,0.0
2024-08-24 18:00:00,30.103912,25.754791,1008.8806,1.5816007,3.6039903,0.8801067,77.58903,0.0
2024-08-25 00:00:00,28.790344,23.913544,1007.7225,2.7185724,1.3568304,0.99473894,74.98529,0.0
2024-08-25 06:00:00,34.402374,23.073456,1008.0538,3.5879536,2.3454714,0.9299626,51.8255,0.0
2024-08-25 12:00:00,33.91739,22.98526,1004.5631,2.4981277,2.727172,0.76049966,52.962387,0.0
2024-08-25 18:00:00,29.252533,25.433258,1007.5044,1.6629429,2.9681315,0.6847339,79.94789,0.0
2024-08-26 00:00:00,27.827728,22.089752,1006.59564,3.459282,1.0224268,0.9548616,71.01671,0.0
2024-08-26 06:00:00,34.174225,22.709625,1006.77435,4.186434,2.1632001,0.88044876,51.34417,0.0
2024-08-26 12:00:00,33.759186,22.951447,1003.77124,2.1082354,3.5259695,0.8199522,53.323383,0.0
2024-08-26 18:00:00,29.62857,26.398956,1007.0831,1.6122704,4.0118623,1.0000001,82.8362,0.0
2024-08-27 00:00:00,28.819733,22.63913,1006.555,3.0298722,1.8370411,0.9822623,69.31203,0.0
2024-08-27 06:00:00,33.296295,23.584656,1007.24,4.499007,2.177641,0.9219731,56.85727,0.0
2024-08-27 12:00:00,33.258087,24.54544,1005.0,1.5765122,2.1263492,0.99999774,60.362827,0.19699335
2024-08-27 18:00:00,29.239197,25.979034,1008.9819,1.6171507,3.5914092,0.99533725,82.64174,0.0
2024-08-28 00:00:00,28.18457,24.043427,1007.0062,3.334422,0.63177615,1.0,78.279915,0.0
2024-08-28 06:00:00,32.562775,23.05075,1007.89374,3.3156214,0.21583426,1.0,57.372486,0.0
2024-08-28 12:00:00,32.292023,24.73758,1005.5737,0.46995354,0.9273532,1.0,64.47369,0.0043902546
2024-08-28 18:00:00,29.641296,25.642242,1007.45374,1.901674,2.5159502,1.0,79.15091,0.26960015
2024-08-29 00:00:00,28.6091,23.046722,1005.77435,2.929717,0.6864214,0.9988888,71.91849,0.0
2024-08-29 06:00:00,33.391632,23.437592,1006.01935,3.6288815,0.878189,1.0,56.05488,0.0
2024-08-29 12:00:00,30.53543,25.876495,1003.7475,0.6663534,1.8831177,1.0,76.24121,0.22294559
2024-08-29 18:00:00,27.526276,25.393036,1006.0031,2.0786042,1.4702796,0.99999976,88.17769,0.0
2024-08-30 00:00:00,27.485382,23.895416,1004.77374,2.744135,2.0026808,0.98591805,80.819435,0.0
2024-08-30 06:00:00,32.198273,24.062439,1006.5044,4.102582,1.9897122,0.99999994,62.247746,0.0
2024-08-30 12:00:00,30.928131,26.115692,1003.5225,2.1997023,3.911702,1.0,75.611946,0.4973646
2024-08-30 18:00:00,27.595154,24.278778,1006.2456,2.883377,1.9658725,0.9992789,82.17147,0.0
2024-08-31 00:00:00,28.263824,23.18814,1005.3569,3.4943705,1.5851684,1.0,74.0065,0.0
2024-08-31 06:00:00,33.760284,23.97287,1005.5625,4.3965893,1.6294324,1.0,56.708138,0.0003799796
2024-08-31 12:00:00,30.674103,24.037567,1003.01685,1.5110795,1.3273249,1.0,67.78168,0.033866614
2024-08-31 18:00:00,29.281616,25.718048,1005.3781,1.8433819,2.7355356,1.0000036,81.17454,0.0
2024-09-01 00:00:00,28.141022,22.875214,1004.3044,3.4924927,2.0942528,0.8738993,73.13948,0.0
2024-09-01 06:00:00,35.16153,23.613007,1005.1319,3.2452068,3.3105292,0.5796807,51.332367,0.0
2024-09-01 12:00:00,30.290924,26.276031,1002.2512,1.1964188,2.0275002,0.7666991,79.16541,0.2835437
2024-09-01 18:00:00,29.006317,25.19162,1005.21625,1.3129027,2.0626383,0.23119497,79.937035,0.0
2024-09-02 00:00:00,28.222565,23.410492,1004.3119,3.546132,0.39380932,0.5888867,75.187225,0.0
2024-09-02 06:00:00,34.177277,23.720612,1004.88,3.4599304,0.12489349,0.33578432,54.56919,9.534415e-05
2024-09-02 12:00:00,32.250153,25.156158,1001.5156,0.65420246,3.2885568,0.9973461,66.26023,0.10004046
2024-09-02 18:00:00,29.94162,26.64151,1005.6931,1.4773371,3.6077764,0.98903275,82.52887,0.0
2024-09-03 00:00:00,28.831818,23.032196,1004.46375,3.5443163,0.3096943,0.6459085,70.93305,0.0
2024-09-03 06:00:00,33.504425,23.887909,1006.8237,3.111064,1.8044958,0.7205369,57.23293,0.0
2024-09-03 12:00:00,31.655914,25.247711,1004.17377,0.62682897,3.9888787,0.8813998,68.9031,0.0001937151
2024-09-03 18:00:00,29.176514,25.308624,1006.7975,1.8634033,2.197526,0.98435754,79.70699,0.0
2024-09-04 00:00:00,28.810822,22.64981,1006.4794,3.4830608,0.5852289,0.9859126,69.39279,0.0
2024-09-04 06:00:00,33.69571,23.85556,1006.9519,3.4466877,0.6500322,0.99871856,56.513405,0.0
2024-09-04 12:00:00,32.46768,23.915802,1003.8256,-0.15489578,1.6823258,0.99644846,60.769886,0.0035306439
2024-09-04 18:00:00,29.401093,25.871368,1005.85376,1.7628927,2.875225,0.9988883,81.35246,0.0
2024-09-05 00:00:00,28.715088,22.862946,1004.4425,3.5696316,1.072113,0.3382249,70.686646,0.0
2024-09-05 06:00:00,35.723785,22.924347,1005.1,3.4040718,0.26395434,0.2283659,47.73527,0.0
2024-09-05 12:00:00,34.83316,23.618805,1001.85876,0.18017101,0.9294462,0.845911,52.293198,9.5460564e-05
2024-09-05 18:00:00,29.892914,26.420563,1005.32623,2.0407078,4.129519,0.9779227,81.689415,0.0022887252
2024-09-06 00:00:00,29.416046,22.436798,1003.65936,3.8451414,0.42423248,0.9932492,66.144684,0.0
2024-09-06 06:00:00,33.97989,23.293854,1005.8375,3.0063124,-0.9941063,1.0,53.771824,0.0031471718
2024-09-06 12:00:00,31.768951,25.624786,1003.64435,-0.11522299,2.227217,0.99999994,70.01404,0.18062885
2024-09-06 18:00:00,29.114471,25.747345,1006.0806,1.5099268,2.6499038,0.9939706,82.10506,0.0
2024-09-07 00:00:00,29.204926,22.373444,1004.6769,3.979002,0.83476734,0.8970817,66.698685,0.0
2024-09-07 06:00:00,34.689606,23.161469,1006.22626,3.7440472,0.5594662,1.0,51.276695,0.0
2024-09-07 12:00:00,32.921783,23.744415,1003.7438,-0.16435337,2.618771,1.0,58.62738,0.012775883
2024-09-07 18:00:00,29.578705,25.963531,1006.9387,1.3271848,2.7570906,1.0,80.96404,0.0
2024-09-08 00:00:00,29.246796,20.924469,1006.1369,3.6127176,0.53926337,1.0,60.89631,0.0
2024-09-08 06:00:00,33.59305,22.67038,1006.8688,4.093443,2.1704733,0.9903718,52.912205,0.0
2024-09-08 12:00:00,32.610992,24.0065,1004.41187,2.494377,2.540803,0.99999994,60.610054,0.14770031
2024-09-08 18:00:00,30.290192,23.52835,1006.59625,2.7901375,1.7590489,0.9979976,67.19743,0.0
2024-09-09 00:00:00,29.012238,22.335846,1005.0744,3.2384272,1.2960746,0.96262103,67.29209,0.0
2024-09-09 06:00:00,34.40384,23.605316,1005.0094,3.5230837,2.9483423,0.99832124,53.512115,0.0
2024-09-09 12:00:00,30.65982,26.463654,1002.14124,2.7073698,3.5302618,0.7034704,78.37381,1.5774239
2024-09-09 18:00:00,28.903076,24.690948,1004.65686,2.916564,1.8135834,0.82106805,78.05025,0.0
2024-09-10 00:00:00,29.202057,23.024384,1004.7031,3.095479,1.662138,0.19365346,69.396484,0.0
2024-09-10 06:00:00,35.33841,23.353607,1004.9969,4.6640778,2.1441374,0.37330216,50.043644,0.009155367
2024-09-10 12:00:00,34.036774,23.417145,1001.4506,2.0828867,4.402052,0.45686918,54.001785,0.0
2024-09-10 18:00:00,30.663177,23.867096,1005.9494,2.4333076,1.548212,0.5493062,67.1328,0.0
2024-09-11 00:00:00,29.16278,22.814117,1005.005,3.790594,1.488581,0.9004552,68.67416,0.0
2024-09-11 06:00:00,34.718292,23.301727,1006.1825,2.9525404,2.6516562,0.8111274,51.63075,0.0
2024-09-11 12:00:00,30.469757,25.809967,1004.28064,1.0148463,5.115535,0.79687256,76.2273,0.061404645
2024-09-11 18:00:00,29.732422,24.430939,1007.23,2.3947096,2.3550682,0.99802077,73.25213,0.0
2024-09-12 00:00:00,28.724213,22.292511,1006.8713,3.892395,1.2206527,0.974826,68.24431,0.0
2024-09-12 06:00:00,34.595367,23.232513,1006.89374,3.3917198,2.219461,0.9430983,51.767624,0.0
2024-09-12 12:00:00,34.075592,23.949371,1004.2919,0.90599537,1.062932,0.7670997,55.639755,0.0031501986
2024-09-12 18:00:00,29.512054,26.77005,1006.835,1.0668402,4.356226,0.99999976,85.237976,0.0
2024-09-13 00:00:00,29.521912,26.371979,1006.3131,2.5794134,2.531138,0.9908225,83.21439,0.0
2024-09-13 06:00:00,35.045563,22.821808,1006.23126,2.7977448,0.58993775,0.34823513,49.251297,0.0
2024-09-13 12:00:00,34.248688,23.316803,1003.28314,-0.19426918,3.4571152,1.0000001,53.045273,0.0037238933
2024-09-13 18:00:00,29.691742,26.683502,1006.2625,1.7969786,3.76758,0.9999998,83.93126,0.0
2024-09-14 00:00:00,29.757568,23.31253,1005.145,3.1898403,1.3023462,1.0,68.38904,0.0
2024-09-14 06:00:00,35.32376,22.457916,1005.78,3.1178722,0.25298578,0.875065,47.439617,0.0
2024-09-14 12:00:00,33.814606,23.826447,1003.27124,0.6926031,1.073246,0.85676545,56.040775,0.03966689
2024-09-14 18:00:00,30.45401,25.838776,1006.4581,1.0296525,2.0566387,0.9406664,76.42642,0.0
2024-09-15 00:00:00,29.229218,22.485382,1004.9306,3.4510508,0.01808834,0.8921004,67.05981,0.0
2024-09-15 06:00:00,35.472076,21.757416,1005.6287,2.9131536,-0.23994541,0.42248458,45.086433,0.0
2024-09-15 12:00:00,35.245026,23.054718,1002.5806,-1.0855217,2.0020657,0.4734559,49.402325,0.0
2024-09-15 18:00:00,30.609528,26.115753,1006.5631,0.8951841,4.1066475,0.22231936,77.00125,0.0
2024-09-16 00:00:00,29.441956,22.806305,1005.1525,2.893735,0.8408346,0.24382573,67.543785,0.0
2024-09-16 06:00:00,35.964386,21.411835,1005.6813,2.7194567,-1.3537312,0.05974194,42.961445,0.0
2024-09-16 12:00:00,34.71634,22.505402,1002.7706,-1.1788483,1.8157034,0.1845169,49.20503,0.0
2024-09-16 18:00:00,30.377594,26.209015,1006.7125,1.855015,3.9529998,0.288624,78.46188,0.0
2024-09-17 00:00:00,30.245026,22.53482,1005.2644,3.8789139,-0.16087818,0.26629025,63.440884,0.0
2024-09-17 06:00:00,36.24832,21.339447,1005.52435,2.9510813,-1.5242167,0.12885371,42.108925,0.0
2024-09-17 12:00:00,34.66214,23.05545,1002.10626,-0.108320236,2.572341,0.41322595,51.02678,0.0013357494
2024-09-17 18:00:00,30.38034,25.162506,1005.15,1.562455,3.7944355,0.15570986,73.72766,0.0
2024-09-18 00:00:00,29.63617,21.95462,1003.90875,3.1551666,0.5097666,0.6176642,63.420856,0.0
2024-09-18 06:00:00,35.673737,20.317413,1004.32935,2.396784,-1.4495583,0.18083881,40.813,0.0
2024-09-18 12:00:00,33.01773,25.780182,1001.20624,-1.9820385,3.7939634,0.30173397,65.85142,0.0
2024-09-18 18:00:00,29.599213,26.185944,1004.9938,1.4856155,4.296863,0.14194956,81.939255,0.0
2024-09-19 00:00:00,29.029938,22.296906,1004.39813,2.3135147,1.266572,0.32522723,67.06413,0.0
2024-09-19 06:00:00,34.20218,21.295563,1005.1256,2.1548004,-1.3121433,0.73538715,47.02904,0.0
2024-09-19 12:00:00,33.525787,22.172028,1001.9525,-1.4500465,1.3997107,0.2161436,51.527054,0.00019103754
2024-09-19 18:00:00,29.631653,26.180328,1005.1981,0.8847077,4.245047,0.8885461,81.75909,0.0
2024-09-20 00:00:00,29.793457,23.074738,1003.9481,3.2445383,0.33816624,0.98371255,67.27416,0.0
2024-09-20 06:00:00,34.927277,21.469635,1004.7556,2.9734077,-0.3365984,0.91310513,45.65557,0.0
2024-09-20 12:00:00,33.97635,23.275543,1002.14374,-0.34467793,2.6189632,0.35312998,53.723015,0.0
2024-09-20 18:00:00,29.525848,25.787018,1005.1144,1.7151582,4.050676,0.9766381,80.366425,0.0
2024-09-21 00:00:00,29.405151,21.199493,1004.0806,4.2104645,-0.25933552,0.9928589,61.36985,0.0
2024-09-21 06:00:00,35.264435,22.25882,1005.52374,1.8659115,-1.1339655,0.9999975,47.022694,0.0
2024-09-21 12:00:00,31.491974,24.33786,1002.455,-1.971509,3.2053308,0.9732716,65.86992,0.014878809
2024-09-21 18:00:00,29.424957,24.982452,1005.7394,0.7159618,3.2025292,0.99332136,77.059906,0.0
2024-09-22 00:00:00,29.532959,20.803009,1003.21625,3.9736948,0.22389317,0.9653808,59.452965,0.0
2024-09-22 06:00:00,34.57901,21.399078,1004.85126,2.3894405,-1.5369978,0.99166775,46.346077,0.0
2024-09-22 12:00:00,32.720978,22.151886,1001.5594,-0.55747986,1.448658,0.9999998,53.843594,0.0
2024-09-22 18:00:00,29.847778,25.59903,1004.6194,1.1609058,3.286683,0.74322355,78.015335,0.0
2024-09-23 00:00:00,29.65683,22.695648,1002.90814,3.2339373,1.0679922,0.97435486,66.26619,0.0
2024-09-23 06:00:00,34.044464,22.709991,1003.9494,3.1837015,0.17624313,0.5454255,51.718212,0.02670288
2024-09-23 12:00:00,32.946075,24.651276,1001.5737,0.7570076,3.0495133,0.9274584,61.82018,0.19919127
2024-09-23 18:00:00,30.039795,25.26065,1003.9944,1.9203627,2.527423,0.9784289,75.62277,0.0
2024-09-24 00:00:00,29.208588,21.870575,1002.65564,4.5130253,0.29548866,0.9420441,64.67256,0.0
2024-09-24 06:00:00,35.148224,22.60257,1003.9344,3.587635,1.3748846,0.9004013,48.325222,0.0
2024-09-24 12:00:00,31.413116,23.95462,1000.8694,0.49752235,4.7488165,0.7895643,64.66172,0.0
2024-09-24 18:00:00,29.721405,25.117706,1003.7569,1.9552208,2.4204702,0.98784375,76.367516,0.0
2024-09-25 00:00:00,29.0224,21.303986,1003.045,3.2365913,0.9695337,0.9886054,63.145782,0.0
2024-09-25 06:00:00,35.18106,22.966095,1003.89624,2.651773,1.953716,0.93848836,49.31228,0.0
2024-09-25 12:00:00,32.146393,24.867584,1001.285,0.20534801,4.8035197,0.8814346,65.5133,0.0009534415
2024-09-25 18:00:00,29.40335,26.294586,1004.15,0.9968474,3.9828682,0.9066647,83.40358,0.0
2024-09-26 00:00:00,29.80307,22.404327,1002.72314,2.8048754,0.18718529,1.0000001,64.55832,0.0
2024-09-26 06:00:00,34.21524,23.047516,1004.7394,0.6434488,0.43460244,0.99910915,52.286266,0.0005720649
2024-09-26 12:00:00,31.6232,25.027008,1001.9775,-1.9439983,1.9087656,0.96609205,68.12969,0.0
2024-09-26 18:00:00,29.719452,25.872223,1005.90564,0.49922693,2.6099067,0.5370202,79.87716,0.0022947788
2024-09-27 00:00:00,28.887817,25.729156,1005.1894,1.1236541,1.4718981,0.89935637,83.099625,0.0
2024-09-27 06:00:00,33.944977,24.754913,1007.0594,0.35234928,-0.3606758,0.9449906,58.818054,0.006866292
2024-09-27 12:00:00,30.6763,24.634125,1004.47565,-2.755577,0.730176,0.63870674,70.239525,0.07609173
2024-09-27 18:00:00,28.30307,25.231659,1007.6144,-0.7820091,2.1789908,0.3032868,83.46534,0.9961724
2024-09-28 00:00:00,28.489014,25.551544,1006.85565,0.21781743,0.3033924,0.9925259,84.15306,0.0
2024-09-28 06:00:00,33.180573,25.240143,1008.08813,-0.86334324,-0.06925392,0.3997147,63.19195,0.0043846667
2024-09-28 12:00:00,31.711212,24.1203,1005.0131,-3.2998962,-0.18860167,0.07349959,64.21168,0.0
2024-09-28 18:00:00,28.474457,25.536926,1008.8725,-1.7909069,0.8361397,0.040282518,84.1512,0.0
2024-09-29 00:00:00,28.928741,25.45639,1007.86,-0.60065174,-0.21142673,0.6492636,81.571396,0.14742607
2024-09-29 06:00:00,32.654694,26.39212,1009.0594,-2.297145,-0.17580861,0.7302188,69.68776,0.0
2024-09-29 12:00:00,31.517548,25.199097,1006.4363,-3.8499956,0.37326872,0.10163032,69.24607,0.0
2024-09-29 18:00:00,28.673462,25.703827,1009.2525,-1.7540102,1.3736949,0.12048304,84.01245,0.018507242
2024-09-30 00:00:00,28.07544,25.152008,1008.4894,-1.2953186,0.7472462,0.38904202,84.178856,0.16784836
2024-09-30 06:00:00,30.542267,25.849335,1010.01935,-1.3936138,1.0303019,0.8424095,76.08885,0.0
2024-09-30 12:00:00,30.48288,24.137604,1006.0181,-3.3394556,1.0000362,0.34437466,68.9401,0.0
2024-09-30 18:00:00,28.38504,24.963623,1007.8875,-1.3837652,0.758729,0.37338096,81.75237,0.0
2024-10-01 00:00:00,28.2229,24.491241,1006.675,-0.65493774,0.8300075,0.58958346,80.23066,0.010875054
2024-10-01 06:00:00,33.558502,23.885529,1007.215,-0.8851099,1.9213638,0.46359777,57.051712,0.0
2024-10-01 12:00:00,30.757843,24.18283,1004.3688,-2.5121555,2.788042,0.7886301,68.04874,0.00057183206
2024-10-01 18:00:00,29.143646,25.473572,1008.65375,-0.12540913,2.6536617,0.9809282,80.64558,0.0026705675
2024-10-02 00:00:00,28.180573,25.156921,1006.83624,2.222628,2.7699165,0.9786953,83.689384,0.0
2024-10-02 06:00:00,33.399445,24.795624,1007.8794,2.492652,4.7056837,0.24626529,60.78838,0.025557354
2024-10-02 12:00:00,32.307648,25.305206,1004.7394,0.8985153,5.6032686,0.5275282,66.63381,0.0
2024-10-02 18:00:00,28.724823,24.66806,1008.3856,2.7733507,4.3115234,1.0000002,78.75302,0.0
2024-10-03 00:00:00,28.302185,23.891205,1007.0925,3.3020782,3.2573872,1.0000002,77.03803,0.0
2024-10-03 06:00:00,34.928497,24.013641,1007.3281,3.3569613,1.8823059,0.94338495,53.26766,0.0003813766
2024-10-03 12:00:00,31.11612,24.44571,1003.9994,0.3918867,4.953231,0.4982251,67.73022,0.0
2024-10-03 18:00:00,29.210907,25.024628,1008.0037,1.7666156,3.834847,0.8501083,78.21476,0.00161527
2024-10-04 00:00:00,28.650848,25.4747,1006.46936,2.4773936,2.458683,0.9966552,82.986374,0.0
2024-10-04 06:00:00,35.247955,25.272858,1007.3113,2.2529774,1.6665854,0.8975041,56.425262,0.012969598
2024-10-04 12:00:00,30.238373,26.082245,1004.40186,0.34018993,3.8353882,0.869686,78.50012,0.38173234
2024-10-04 18:00:00,26.245148,24.977509,1008.27374,2.1837063,0.9027885,0.9021157,92.75244,1.541443
2024-10-05 00:00:00,26.237122,24.625763,1006.85815,2.6864538,0.04203987,0.999279,90.86775,0.46985638
2024-10-05 06:00:00,30.096466,25.659576,1007.77936,3.0862684,-1.0363188,0.9980223,77.18513,0.0
2024-10-05 12:00:00,31.09439,24.630463,1005.40936,0.13045788,1.713546,0.99548256,68.567894,0.2017082
2024-10-05 18:00:00,27.511383,25.94162,1007.9431,1.6610576,3.084203,0.9493452,91.1741,0.0
2024-10-06 00:00:00,26.491821,24.340118,1006.9281,1.3277411,-0.3695011,1.0,87.99466,0.09581364
2024-10-06 06:00:00,29.643768,24.80539,1008.805,0.9845855,-1.5201092,1.0,75.29413,0.0
2024-10-06 12:00:00,28.887543,24.53067,1005.45,-0.45018578,0.9532352,0.9905885,77.37538,0.0
2024-10-06 18:00:00,27.778992,25.09079,1008.51373,0.13392067,1.2527448,0.9756118,85.33561,0.12112409
2024-10-07 00:00:00,27.599792,25.03717,1007.6194,-0.27948666,0.39460033,0.77927035,85.95893,0.0
2024-10-07 06:00:00,31.57962,25.78897,1009.59186,-0.23542023,0.08616924,0.8238061,71.46302,0.10259565
2024-10-07 12:00:00,29.006256,24.923279,1006.8975,-1.5388861,0.61136526,0.97119635,78.66913,0.0
2024-10-07 18:00:00,27.455444,25.213745,1010.28436,-0.0038871765,2.311034,0.98917043,87.60466,0.04264018
2024-10-08 00:00:00,26.61087,25.165497,1008.6175,-0.13502115,-0.23698235,0.99770427,91.795334,0.17780015
2024-10-08 06:00:00,31.381256,26.127289,1009.79565,0.5745155,0.12996203,0.98500305,73.73539,0.0
2024-10-08 12:00:00,29.592926,25.17862,1007.15314,-2.8765507,0.3475418,0.81039244,77.21439,0.0
2024-10-08 18:00:00,27.216644,24.967499,1009.65686,-0.12706566,1.323029,0.99999976,87.54518,0.0
2024-10-09 00:00:00,26.177094,24.627594,1007.6362,0.3984192,-0.41904926,0.9966557,91.200615,0.045778695
2024-10-09 06:00:00,31.919342,25.748993,1008.6969,-1.7448835,1.04849,0.9948889,69.93301,0.06290129
2024-10-09 12:00:00,29.72403,24.589417,1005.2,-1.905736,0.89674413,0.6353767,73.98587,0.0
2024-10-09 18:00:00,27.694305,25.053558,1008.265,0.2714548,1.4394827,0.82572675,85.568855,0.0110939145
2024-10-10 00:00:00,26.3797,25.091736,1006.2375,1.4706144,0.1375885,0.95670736,92.64718,0.0
2024-10-10 06:00:00,30.896149,25.76883,1007.4387,-1.2121048,0.13021183,0.99414647,74.210365,0.19521306
2024-10-10 12:00:00,28.606293,24.471375,1003.7325,-0.7610512,0.07877618,0.729307,78.36912,0.0
2024-10-10 18:00:00,26.571228,25.046234,1007.3375,0.22511673,1.6308901,0.8055514,91.358574,0.5409429
2024-10-11 00:00:00,26.286255,25.114746,1005.33435,0.523551,0.098297,0.84950733,93.28746,0.0
2024-10-11 06:00:00,30.431183,26.404022,1006.63873,-1.1649151,0.30974674,0.9431363,79.127235,0.12883116
2024-10-11 12:00:00,29.385284,25.793732,1004.3044,-2.3643541,0.93996084,0.577119,81.052986,1.4039412
2024-10-11 18:00:00,26.88095,25.663422,1006.8663,-0.076420784,1.1222775,0.6592814,93.06166,0.0
2024-10-12 00:00:00,26.254639,25.076263,1006.265,0.6320677,0.26792312,0.97892165,93.24774,0.8564062
2024-10-12 06:00:00,31.795319,25.738617,1007.4425,-1.0825367,-1.3139267,0.98759913,70.38308,0.0
2024-10-12 12:00:00,29.219269,25.496948,1005.1944,-0.24243164,0.61958885,0.81172115,80.40539,1.7452838
2024-10-12 18:00:00,26.44925,25.268677,1008.21686,1.1155977,0.35891825,0.97950983,93.24501,0.0
2024-10-13 00:00:00,25.982178,24.582947,1006.53687,1.4487896,-0.8875017,1.0000002,92.0121,0.00285363
2024-10-13 06:00:00,30.673248,25.835968,1007.9219,0.24954915,-0.7387438,0.9939593,75.46108,0.30189434
2024-10-13 12:00:00,28.213104,25.09433,1005.6262,-0.28747845,0.18953449,1.0000001,83.22014,0.0
2024-10-13 18:00:00,26.602325,25.171387,1007.7512,0.07128239,0.22487354,0.9889758,91.87381,0.0
2024-10-14 00:00:00,25.655457,24.53772,1006.07623,1.7389853,-2.2842722,1.0,93.55747,0.22180268
2024-10-14 06:00:00,26.530975,25.322601,1008.03186,2.1016843,-0.82481384,0.9920648,93.09494,1.2430875
2024-10-14 12:00:00,26.312592,24.473785,1005.41,1.7816463,-0.46753025,1.0,89.64489,0.0
2024-10-14 18:00:00,24.671295,23.60495,1007.28436,3.5848684,2.1818552,1.0,93.80154,0.0
2024-10-15 00:00:00,25.188446,22.951996,1005.33,2.6795044,1.3345194,0.9950496,87.435036,0.0
2024-10-15 06:00:00,29.088654,23.86679,1007.49,2.6083317,0.5877133,1.0,73.49427,0.03792663
2024-10-15 12:00:00,26.463776,24.968842,1005.22815,1.1323934,0.6876364,1.0,91.51591,2.556554
2024-10-15 18:00:00,25.766388,24.735046,1007.35315,1.8433962,-0.9858351,1.0,94.04696,0.0
2024-10-16 00:00:00,25.285187,23.887695,1005.3694,1.9272852,-0.28917122,1.0,91.98177,0.25190455
2024-10-16 06:00:00,31.06131,24.459595,1006.53436,2.970519,-0.21438873,0.990856,67.99869,0.0
2024-10-16 12:00:00,30.022491,24.426544,1003.6962,1.671999,2.10266,1.0,72.02133,0.050561503
2024-10-16 18:00:00,26.949005,25.045807,1006.7519,0.7291588,3.1600616,0.7882274,89.347725,0.0
2024-10-17 00:00:00,26.792267,25.422089,1005.14435,2.4885492,0.5763417,0.92189676,92.21727,0.059068203
2024-10-17 06:00:00,32.325226,24.284637,1007.1225,1.9666367,1.0228516,0.990901,62.63205,0.0
2024-10-17 12:00:00,30.412262,24.869812,1004.1775,0.5645195,2.155768,0.55039966,72.32,0.03527105
2024-10-17 18:00:00,28.44931,25.617462,1006.905,0.43299228,2.5515137,0.7181685,84.67815,0.13243267
2024-10-18 00:00:00,27.90271,26.035553,1005.2675,1.5224868,1.2803612,0.930702,89.609604,0.0
2024-10-18 06:00:00,31.729523,25.688263,1007.6219,0.49519724,-1.8753328,0.99634457,70.4356,0.0
2024-10-18 12:00:00,29.58554,25.212372,1005.27936,-1.3388176,1.3861222,0.9816094,77.40266,0.23305959
2024-10-18 18:00:00,27.061829,25.703125,1008.04376,0.22695835,1.1218199,0.9572865,92.29502,0.0
2024-10-19 00:00:00,25.74649,24.79007,1007.155,1.9446814,-0.43760586,0.99246705,94.4679,4.297412
2024-10-19 06:00:00,29.221771,25.570465,1009.34186,3.0936975,-2.2699308,0.9667009,80.74552,0.0
2024-10-19 12:00:00,30.308563,25.058624,1005.9075,0.79836375,-0.5367842,0.5284391,73.57489,0.0
2024-10-19 18:00:00,27.123566,24.946564,1008.7631,1.1925006,1.0509,0.36960793,87.9147,0.0
2024-10-20 00:00:00,26.863739,24.849213,1008.5444,0.66921,-0.44286156,0.47702503,88.7499,0.29584765
2024-10-20 06:00:00,30.392609,25.833221,1009.6831,-0.06822693,-0.7436743,0.5452842,76.67047,0.0
2024-10-20 12:00:00,29.752289,25.439362,1006.755,-1.4562197,0.46523303,0.94090205,77.70482,0.0
2024-10-20 18:00:00,28.489105,26.03244,1009.6425,-1.2449875,0.5631567,0.76356184,86.58577,0.18319693
2024-10-21 00:00:00,26.778442,25.05655,1008.63873,0.6923207,0.51497257,0.7219658,90.30613,0.0
2024-10-21 06:00:00,31.67508,27.049408,1009.58624,0.541771,-0.37275505,0.85685885,76.56351,0.0627562
2024-10-21 12:00:00,30.765839,25.852783,1006.45624,-0.58262116,0.45238173,0.43909848,75.13762,1.0090154
2024-10-21 18:00:00,27.331696,25.915833,1009.08,-0.9004936,0.19433343,0.11641693,91.99797,0.0
2024-10-22 00:00:00,26.848938,25.034119,1008.5444,-0.21051979,-0.9137888,0.90789175,89.81229,0.20313555
2024-10-22 06:00:00,32.41446,26.103058,1009.64813,0.40551412,0.044218063,0.82284737,69.44258,0.0
2024-10-22 12:00:00,28.751068,25.168274,1007.3119,-0.8277817,0.30458266,0.16218811,81.01519,0.11152451
2024-10-22 18:00:00,27.246857,25.55664,1009.7981,1.4035199,0.3163026,0.53059334,90.50825,0.0
2024-10-23 00:00:00,26.327179,24.644989,1007.5025,1.4148655,-0.4679432,0.9166589,90.4897,0.0
2024-10-23 06:00:00,32.326202,25.237915,1008.78186,0.64294845,-0.26410633,0.38445264,66.298035,0.17928582
2024-10-23 12:00:00,31.171967,24.976837,1006.235,-0.9513483,0.61802197,0.9433736,69.69202,0.0
2024-10-23 18:00:00,27.842072,25.553894,1008.9775,0.3581013,1.677813,1.0,87.39641,0.367783
2024-10-24 00:00:00,27.228607,24.643005,1007.34686,1.8200035,1.4977546,0.9929032,85.8051,0.0
2024-10-24 06:00:00,31.227509,25.233063,1008.5619,2.821597,2.4084282,0.98794746,70.54051,0.0
2024-10-24 12:00:00,29.634735,25.929321,1005.9456,0.33619398,0.11012131,0.981852,80.53977,1.0108013
2024-10-24 18:00:00,26.120941,24.73993,1008.6244,0.8374399,2.9988427,1.000001,92.120255,0.0
2024-10-25 00:00:00,26.492432,24.684662,1007.2525,1.8844283,0.88916063,0.984974,89.82447,0.006079858
2024-10-25 06:00:00,31.400787,26.08075,1008.7581,2.4159393,1.5321324,0.88926834,73.45111,0.029213393
2024-10-25 12:00:00,28.481476,25.222626,1006.6425,0.52496916,2.7824788,0.60016435,82.55964,1.0156261
2024-10-25 18:00:00,26.799652,25.003906,1009.20685,1.6454554,2.7997403,0.99999595,89.910965,0.0
2024-10-26 00:00:00,27.140717,24.776855,1007.65814,2.5563297,1.1503956,1.0000005,86.94121,0.0012367964
2024-10-26 06:00:00,31.99527,25.590057,1008.3244,2.4079332,1.2702338,0.09861255,68.97943,0.0035315752
2024-10-26 12:00:00,31.588348,25.654694,1005.195,0.53138834,1.5087417,0.16048938,70.86109,0.038705766
2024-10-26 18:00:00,28.07016,25.815887,1007.8894,1.1970615,2.9652221,0.26290393,87.59211,0.0
2024-10-27 00:00:00,27.822296,25.333282,1006.66187,2.3841486,1.774234,0.25306123,86.35774,0.0
2024-10-27 06:00:00,33.42227,24.797394,1007.4437,2.3188562,-0.05825329,0.16638303,60.71707,0.0019073486
2024-10-27 12:00:00,31.162384,23.666534,1004.1069,-0.23384583,1.8095026,0.16653478,64.46428,0.099375844
2024-10-27 18:00:00,28.262238,26.04715,1006.0538,0.35929585,2.9284847,0.29283422,87.811966,0.0
2024-10-28 00:00:00,28.249298,26.04721,1005.76,1.503109,1.2041312,0.5513277,87.87843,0.047422945
2024-10-28 06:00:00,33.34549,24.804108,1006.70685,1.676405,1.2391989,0.2488935,61.003452,0.0
2024-10-28 12:00:00,31.706573,25.13681,1004.4231,-0.28897613,2.051904,0.20204085,68.25312,0.0
2024-10-28 18:00:00,28.803253,26.012268,1007.2725,0.8907481,2.8347025,0.2480756,84.92013,0.0
2024-10-29 00:00:00,28.141937,26.140778,1006.1844,1.3242483,1.3559046,0.46328616,88.92016,0.0
2024-10-29 06:00:00,33.14627,24.47348,1007.7644,1.5896963,0.2407484,0.3035999,60.481888,0.024795532
2024-10-29 12:00:00,30.960846,25.56137,1005.64874,-0.85354805,1.4064021,0.3381961,73.03242,0.0
2024-10-29 18:00:00,28.489624,26.51181,1007.6925,0.32825714,2.243872,0.116898544,89.06948,0.010205433
2024-10-30 00:00:00,28.097382,25.89566,1006.6319,1.1556866,1.6438284,0.19249153,87.86756,0.011192635
2024-10-30 06:00:00,32.31143,25.897308,1008.5062,0.19627231,1.2007487,0.6489404,69.0025,0.0
2024-10-30 12:00:00,30.456268,25.995697,1006.47687,-1.0983725,1.3405461,0.40894932,77.12995,0.013148118
2024-10-30 18:00:00,28.346191,26.125885,1009.3594,-0.89620113,1.3245306,0.058640465,87.79195,0.0
2024-10-31 00:00:00,27.316772,25.042603,1008.04376,0.597692,0.36969185,0.2475785,87.42336,0.14936781
2024-10-31 06:00:00,31.211212,25.488556,1009.72626,-1.3461609,1.3806484,0.7025746,71.686844,0.0
2024-10-31 12:00:00,28.823883,24.965088,1007.2544,-1.6505241,0.652121,0.55793226,79.70299,0.69358104
2024-10-31 18:00:00,27.022766,25.407562,1009.9556,-0.3514948,1.2069693,0.5878258,90.897675,0.0
2024-11-01 00:00:00,26.02243,24.707031,1008.84375,0.86144847,-0.25340748,0.9972336,92.47663,0.0
2024-11-01 06:00:00,31.039581,25.926666,1011.2544,-1.0336971,-0.867877,0.99767125,74.29708,0.1350164
2024-11-01 12:00:00,28.101013,25.53601,1008.23,-1.2352133,-0.48013496,0.7052412,85.99507,0.0
2024-11-01 18:00:00,26.435394,24.773071,1010.76685,-0.7568302,-1.036747,0.6602651,90.604454,2.2225647
2024-11-02 00:00:00,25.678375,24.24173,1009.8931,0.41895962,-0.31194687,0.6476289,91.78862,0.0
2024-11-02 06:00:00,30.647614,26.320953,1011.3019,-1.6109104,-1.6432447,0.7646547,77.77091,0.0
2024-11-02 12:00:00,28.222046,24.751862,1008.6925,-1.6930237,-0.6155939,0.8458862,81.49471,0.10058957
2024-11-02 18:00:00,26.113373,24.563599,1011.1394,-0.29113388,-0.86453724,0.35285717,91.195145,0.0
2024-11-03 00:00:00,26.56485,24.452667,1009.0019,0.5376425,-1.9493122,0.39237788,88.209274,0.0010542572
2024-11-03 06:00:00,29.637848,24.621613,1010.85376,-1.7222843,-1.5578623,0.83495367,74.49729,0.85738146
2024-11-03 12:00:00,28.29953,24.708649,1008.3056,-2.1766138,-0.98167133,0.24352205,80.91891,0.0
2024-11-03 18:00:00,26.384277,25.090698,1011.0656,-0.88406086,-0.7535019,0.36991513,92.616425,0.0
2024-11-04 00:00:00,25.947266,24.376587,1009.21436,0.36262703,-1.7442083,0.33836842,91.0706,0.03154301
2024-11-04 06:00:00,29.96756,24.90918,1009.6875,-2.2794838,-1.7617407,0.53313327,74.36358,0.13028327
2024-11-04 12:00:00,28.788757,24.75418,1007.04126,-2.3597097,-0.42638874,0.33667022,78.86638,0.0
2024-11-04 18:00:00,26.762054,24.185211,1010.35315,-0.18366337,-1.2177639,0.58885145,85.804474,0.0
2024-11-05 00:00:00,26.27829,24.355255,1009.0631,0.40876865,-2.0360823,0.31732768,89.19132,0.0
2024-11-05 06:00:00,30.755463,24.106964,1010.17377,-1.9676504,-2.7294064,0.38455418,67.74887,0.12490898
2024-11-05 12:00:00,29.44629,23.77304,1007.9494,-1.1750488,-1.977746,0.12785912,71.58662,0.0
2024-11-05 18:00:00,26.60086,23.949066,1010.23,-0.686265,-2.339755,0.08887936,85.40328,0.0
2024-11-06 00:00:00,25.737457,23.337982,1009.01,1.2714756,-2.7697487,0.069099426,86.62694,0.0
2024-11-06 06:00:00,31.466095,22.701813,1010.02686,0.24473786,-4.3705378,0.02973175,59.77103,0.0
2024-11-06 12:00:00,29.626617,23.771332,1007.4819,-1.2310152,-3.128848,0.17993271,70.83894,0.016413629
2024-11-06 18:00:00,27.25174,25.109497,1009.29565,-0.7027168,-3.1176825,0.8976691,88.10779,0.1624003
2024-11-07 00:00:00,26.703735,24.258118,1008.2925,1.0403042,-3.2529707,0.9897492,86.47679,0.035583973
2024-11-07 06:00:00,29.335358,25.592987,1009.585,-0.43322182,-4.0891123,1.0000001,80.32477,0.0
2024-11-07 12:00:00,27.167511,25.161133,1008.0712,-1.7702627,-2.3664522,0.99927884,88.81687,1.2496983
2024-11-07 18:00:00,26.32962,25.273346,1009.8619,-1.499816,-3.6268597,0.9900153,93.93166,0.0
2024-11-08 00:00:00,26.590057,25.169647,1007.8825,-0.27945995,-3.620368,0.9885075,91.93068,0.0
2024-11-08 06:00:00,29.555511,26.190704,1009.0425,-1.3983011,-3.7121572,0.9966554,82.16901,0.022505857
2024-11-08 12:00:00,29.395782,24.862152,1007.5375,-2.5634384,-2.5349855,0.9982249,76.63777,0.0
2024-11-08 18:00:00,27.125946,24.78711,1009.465,-0.64784527,-2.6457577,0.97886723,87.0699,0.0046752393
2024-11-09 00:00:00,26.883087,24.184052,1008.8,0.11613655,-3.1463928,0.93539226,85.189865,0.02289936
2024-11-09 06:00:00,29.827667,25.46634,1009.52,-2.428586,-4.689707,0.9030418,77.49261,0.09639993
2024-11-09 12:00:00,29.031921,24.583405,1007.585,-2.1985397,-3.5165768,0.87125015,76.97367,0.0
2024-11-09 18:00:00,26.808685,24.208252,1009.9,-0.85706615,-3.216529,0.8545532,85.68776,0.0
2024-11-10 00:00:00,26.492218,24.498383,1008.6375,0.20976162,-3.3392563,0.78512067,88.83048,0.0048689544
2024-11-10 06:00:00,31.070099,23.873566,1009.60187,-1.7306204,-4.350893,0.22822797,65.61659,0.063701585
2024-11-10 12:00:00,29.572296,23.408966,1007.0069,-1.8417988,-3.0762405,0.100353956,69.5263,0.0
2024-11-10 18:00:00,27.424835,24.117035,1009.5613,-0.7785902,-3.194252,0.5173154,82.19334,0.010305084
2024-11-11 00:00:00,27.221405,24.246552,1007.9256,0.824173,-3.285696,0.66903543,83.827835,0.00086426735
2024-11-11 06:00:00,31.785187,22.972198,1008.3325,-0.42938042,-5.0157204,0.22728613,59.667473,0.0
2024-11-11 12:00:00,29.908844,23.926544,1006.1206,-1.6153936,-3.8384933,0.7350801,70.351135,0.0
2024-11-11 18:00:00,27.982391,24.496155,1008.1475,-0.7230587,-3.4460678,0.54336923,81.38685,0.0
2024-11-12 00:00:00,26.081238,22.80719,1006.9969,0.77793884,-3.9960098,0.81784946,82.19914,0.064110726
2024-11-12 06:00:00,30.492096,24.736725,1007.765,-0.1789217,-4.0249004,0.9940434,71.420265,0.0
2024-11-12 12:00:00,28.319733,25.101532,1005.9988,-2.1072817,-3.094511,1.0000005,82.74083,0.23865396
2024-11-12 18:00:00,27.102386,25.564056,1007.3869,0.11820984,-1.8553772,0.9932491,91.318794,0.0
2024-11-13 00:00:00,25.774445,24.550232,1006.01935,2.1864529,-2.5578337,1.0,92.96919,0.6008632
2024-11-13 06:00:00,28.591888,24.827637,1007.9988,0.65701866,-2.9623508,1.0,80.12299,0.0
2024-11-13 12:00:00,27.284943,24.826782,1006.03815,-1.598073,-2.3494682,1.0,86.466286,0.0
2024-11-13 18:00:00,25.692352,24.956451,1007.89685,-0.7937689,-1.7823324,0.9973009,95.717415,0.23840752
2024-11-14 00:00:00,26.031067,24.74295,1006.7644,-0.025536537,-1.5735731,0.94852257,92.627914,0.20964634
2024-11-14 06:00:00,28.79184,25.669098,1009.3787,-1.4591751,-1.7704048,0.8886921,83.265976,0.0
2024-11-14 12:00:00,27.112854,24.956543,1007.54877,-2.3707266,-1.8871937,0.6163945,88.022385,0.0
2024-11-14 18:00:00,25.792145,24.63739,1010.1906,-1.0619068,-2.4098463,0.98003,93.35704,0.39212725
2024-11-15 00:00:00,25.775787,24.496063,1009.02,-0.41758537,-3.2772455,1.0,92.66094,0.0
2024-11-15 06:00:00,28.465485,26.851288,1009.8119,-1.522996,-2.8303509,0.9923927,90.995346,0.1823973
2024-11-15 12:00:00,26.618958,25.389465,1007.21564,-2.2601385,-2.912942,0.99927896,92.982475,0.0022535324
2024-11-15 18:00:00,26.28836,25.333649,1009.5538,-1.6238518,-2.1017456,0.8613794,94.49916,0.08376554
2024-11-16 00:00:00,26.120056,24.85196,1007.70123,-0.6036711,-2.6768827,1.0000005,92.743385,0.0
2024-11-16 06:00:00,28.993683,26.167023,1009.52313,-2.857771,-0.25916767,0.8222066,84.76076,0.0
2024-11-16 12:00:00,27.308594,25.056702,1006.9175,-1.9698067,-1.2445421,0.2054857,87.5388,0.0
2024-11-16 18:00:00,26.2742,25.120026,1009.2606,-1.1985207,-2.5187902,0.32489437,93.383255,0.0
2024-11-17 00:00:00,25.91507,24.436737,1007.5062,-0.9923458,-2.8395033,0.55948406,91.573654,0.08649379
2024-11-17 06:00:00,28.864899,25.920929,1008.97437,-3.0862064,-2.9236841,0.62843305,84.16102,0.0
2024-11-17 12:00:00,27.68454,25.428497,1007.08374,-2.8157787,-2.0900812,0.9276312,87.5497,0.020846158
2024-11-17 18:00:00,26.564728,24.71225,1009.5025,-1.9244661,-2.6235342,0.76823145,89.590065,0.051451102
2024-11-18 00:00:00,26.1008,24.345276,1008.21185,-0.28305054,-3.1772814,0.9955566,90.07792,0.048071146
2024-11-18 06:00:00,28.551117,25.332489,1009.6144,-3.5354939,-3.2719746,0.9113138,82.7656,0.3883018
2024-11-18 12:00:00,26.476288,25.009369,1007.65436,-2.6606302,-2.9600334,0.8849051,91.66966,0.0
2024-11-18 18:00:00,26.518219,24.621918,1010.6975,-2.0181751,-2.399909,0.9983943,89.35228,0.0
2024-11-19 00:00:00,26.069977,24.29715,1008.9625,-0.6180811,-3.6467667,1.0,89.98238,0.19107759
2024-11-19 06:00:00,28.627655,25.14273,1010.33185,-2.3863802,-5.7037697,0.9999999,81.47328,0.2515018
2024-11-19 12:00:00,27.33252,24.96463,1007.33936,-2.6622095,-4.9923706,0.9804016,86.93762,0.0
2024-11-19 18:00:00,26.792572,23.94748,1010.35315,-2.7571678,-4.0713387,1.0,84.43671,0.083491206
2024-11-20 00:00:00,25.680023,23.539886,1008.7656,0.31943607,-3.9657955,1.0,87.98764,1.330608
2024-11-20 06:00:00,25.630402,24.699554,1010.8694,-0.5652189,-3.793438,1.0,94.60772,0.0
2024-11-20 12:00:00,26.849335,24.514557,1008.6969,-2.0598688,-2.1017132,0.99999994,87.0662,0.0
2024-11-20 18:00:00,26.451141,23.539276,1009.02435,-2.289257,-3.4818697,0.9906282,84.06139,0.0
2024-11-21 00:00:00,26.451508,24.033234,1007.855,-1.3052225,-3.8989582,0.99999994,86.595245,0.25866947
2024-11-21 06:00:00,28.457916,24.677582,1010.985,-1.7310066,-4.6696024,0.9999999,80.02838,0.45513168
2024-11-21 12:00:00,27.346924,22.77707,1008.5613,-2.5701237,-2.9270973,1.0,76.158104,0.0
2024-11-21 18:00:00,26.356842,22.528503,1010.4969,-2.2055979,-3.1442795,0.8884268,79.51555,0.0
2024-11-22 00:00:00,25.638336,22.487335,1008.5669,0.798542,-3.2766495,0.94442254,82.762375,0.0
2024-11-22 06:00:00,28.589203,23.279633,1009.7431,-1.962204,-5.5132046,0.8863022,73.02248,0.0
2024-11-22 12:00:00,28.145416,22.76828,1008.0087,-1.5980873,-3.5233727,0.4361627,72.64843,0.0
2024-11-22 18:00:00,26.727875,24.345612,1010.155,-1.118248,-3.2560425,0.99999964,86.80801,0.049814582
2024-11-23 00:00:00,26.210175,23.615448,1009.5506,-0.72186947,-2.7540264,1.0,85.65801,0.015638769
2024-11-23 06:00:00,29.063019,24.587952,1010.8706,-1.8909111,-4.041608,1.0,76.85624,0.2213051
2024-11-23 12:00:00,26.813354,23.665863,1008.5662,-1.3787699,-3.2666273,0.728861,82.91687,0.0
2024-11-23 18:00:00,26.105255,24.913544,1010.7031,-1.313158,-3.3938055,0.9999991,93.16635,0.0
2024-11-24 00:00:00,25.710846,24.17923,1009.2425,0.5357504,-3.8471022,1.0,91.26923,0.0007636845
2024-11-24 06:00:00,28.32016,24.409088,1010.6169,-1.0936928,-5.047676,1.0000006,79.38646,0.22229052
2024-11-24 12:00:00,27.261017,24.161255,1008.6962,-1.9315825,-3.891265,1.0,83.20657,0.0
2024-11-24 18:00:00,26.401764,23.193115,1009.785,-1.500412,-3.9872656,0.9983223,82.56347,0.0
2024-11-25 00:00:00,25.768036,23.108093,1007.905,0.33331394,-4.116185,1.0,85.27727,0.0013364479
2024-11-25 06:00:00,28.588287,23.263123,1009.7494,-1.8836145,-5.6122026,1.0,72.95358,0.00667572
2024-11-25 12:00:00,25.927155,23.270966,1007.85315,-1.689992,-4.282959,1.0,85.31272,1.0228977
2024-11-25 18:00:00,25.888763,23.08017,1008.52,-0.34707928,-4.5903196,1.0,84.52651,0.0
2024-11-26 00:00:00,24.125702,22.651398,1006.26373,1.6199169,-4.5079117,1.0,91.48746,0.92208725
2024-11-26 06:00:00,24.664581,23.516693,1008.29126,-0.12513924,-4.198781,1.0,93.341385,3.0480711
2024-11-26 12:00:00,24.131744,23.503387,1005.71564,1.3393841,-4.4357214,1.0,96.29086,1.0804086
2024-11-26 18:00:00,23.908417,23.321564,1007.40625,0.1860714,-5.6741934,1.0,96.52638,0.0
2024-11-27 00:00:00,23.613739,23.264618,1004.9169,1.1040697,-4.9414024,1.0,97.91603,0.0
2024-11-27 06:00:00,24.575287,23.973053,1006.83374,0.5579357,-6.762107,1.0,96.45422,0.6839261
2024-11-27 12:00:00,24.89029,23.396576,1004.02814,0.2409305,-6.3603573,1.0,91.426834,0.0
2024-11-27 18:00:00,24.504913,21.841156,1006.3787,1.6748352,-5.950403,1.0,85.12832,0.7589074
2024-11-28 00:00:00,24.503326,19.350128,1004.3825,2.318411,-6.135992,1.0,73.01955,0.0
2024-11-28 06:00:00,24.55838,20.703766,1006.28064,3.424881,-5.292079,1.0,79.14017,0.86150986
2024-11-28 12:00:00,26.203156,19.706024,1004.1625,1.2192459,-4.4688864,1.0,67.47506,0.0
2024-11-28 18:00:00,24.898743,19.476227,1005.3625,2.2254598,-5.58883,1.0,71.875854,0.0
2024-11-29 00:00:00,25.473236,20.185211,1003.89435,2.6038628,-3.9304905,1.0,72.57972,0.0
2024-11-29 06:00:00,25.686981,22.358795,1005.67377,3.1932306,-4.616482,1.0,81.88158,0.16316772
2024-11-29 12:00:00,26.54242,21.888,1003.55,3.0929794,-2.1995373,1.0,75.6419,0.0
2024-11-29 18:00:00,25.480011,20.421967,1005.35126,3.3420372,-2.2796974,1.0,73.61928,0.0007636845
2024-11-30 00:00:00,24.906464,21.098877,1002.85376,3.8476849,-0.9119444,1.0,79.41765,0.0
2024-11-30 06:00:00,25.71817,23.035614,1003.1975,6.1167107,0.79508114,1.0,85.15561,1.5841445
2024-11-30 12:00:00,25.89206,23.240814,999.7344,5.7963076,2.9066026,1.0,85.33466,0.32539535
2024-11-30 18:00:00,25.016266,22.882233,1002.1262,6.641534,3.23419,1.0,87.96412,0.0
2024-12-01 00:00:00,24.53238,22.549408,1000.0,6.3131742,2.9339895,1.0,88.73388,8.410452
2024-12-01 06:00:00,25.924042,23.71054,1002.515,4.912278,3.4171677,1.0000002,87.62042,0.0
2024-12-01 12:00:00,25.296844,23.447906,1000.6987,2.441063,4.4035215,0.9999992,89.51562,0.0
2024-12-01 18:00:00,26.145905,25.387299,1002.60065,1.1128939,4.3330917,0.9611814,95.6024,0.7201908
2024-12-02 00:00:00,26.122894,24.798157,1001.60876,1.3870611,2.9010432,0.9156827,92.43049,0.0
2024-12-02 06:00:00,30.75534,25.761444,1004.405,1.8432287,2.840337,0.9711746,74.77682,0.11826261
2024-12-02 12:00:00,28.341187,25.991821,1003.45624,-0.67282486,2.2538297,0.5461651,87.12385,0.022711225
2024-12-02 18:00:00,26.728607,24.94043,1006.91376,-1.0111732,3.4345272,0.54905915,89.946495,0.0
2024-12-03 00:00:00,26.226227,24.401367,1005.81,0.60727406,2.9308097,0.20480242,89.7135,0.10776222
2024-12-03 06:00:00,30.772125,26.596832,1007.9462,-0.24686241,2.1222582,0.9223145,78.486084,0.08221771
2024-12-03 12:00:00,28.641357,25.84024,1006.21,-2.0773268,0.18355179,0.5044181,84.852516,0.89698225
2024-12-03 18:00:00,27.459412,25.778229,1008.79877,-2.1546335,-0.3483219,0.87618494,90.57092,0.0
2024-12-04 00:00:00,26.668,24.651001,1007.7681,-0.22468758,-0.94137096,0.57611954,88.72136,0.0
2024-12-04 06:00:00,30.598785,24.892426,1009.4025,-1.2935438,-0.8654394,0.65519434,71.64848,0.06999448
2024-12-04 12:00:00,28.450104,25.043762,1007.48,-1.7241011,-0.9551325,0.28082794,81.83382,0.0
2024-12-04 18:00:00,26.113129,24.692413,1010.16064,-1.046361,-1.0210867,0.5053952,91.90152,0.4823609
2024-12-05 00:00:00,25.703613,24.335724,1008.4519,0.3652115,-1.0113907,0.2830711,92.1691,0.0
2024-12-05 06:00:00,30.164825,26.399994,1010.4175,-1.6518021,-0.91522884,0.67582107,80.32578,0.026509777
2024-12-05 12:00:00,28.83432,24.364075,1007.84186,-2.3747807,-0.87075233,0.067252755,76.8441,0.10468777
2024-12-05 18:00:00,26.351776,24.686676,1010.2575,-0.7394829,-1.4669094,0.029057996,90.58383,0.0
2024-12-06 00:00:00,26.359589,24.703735,1009.15314,0.18676758,-1.9802628,0.73468703,90.63444,0.01775031
2024-12-06 06:00:00,30.552643,24.865356,1010.6994,-2.3683758,-2.3515282,0.9011803,71.72197,0.104788296
2024-12-06 12:00:00,29.21408,24.751099,1007.5925,-2.4039469,-1.4552851,0.99910945,76.93439,0.0
2024-12-06 18:00:00,26.660248,24.839844,1009.6044,-0.8140526,-1.7030087,0.96538264,89.76883,0.004772097
2024-12-07 00:00:00,26.773834,25.006775,1008.1156,-0.032378197,-2.1149826,0.8367079,90.06303,0.032726675
2024-12-07 06:00:00,30.40982,26.618378,1010.0112,-2.5578775,-1.7881832,0.94832003,80.23165,0.0
2024-12-07 12:00:00,28.957672,23.597504,1008.0044,-2.7338505,-0.22736263,0.8968293,72.86286,0.0
2024-12-07 18:00:00,25.098297,23.155853,1009.7406,-0.7518797,-1.5679016,0.8061573,88.996574,0.0
2024-12-08 00:00:00,24.996002,22.970306,1008.65125,-0.0031166077,-1.3453426,0.61497444,88.54142,0.00047695357
2024-12-08 06:00:00,30.332123,24.61441,1010.21,-2.4967985,-2.3923006,0.3757885,71.5528,0.12330682
2024-12-08 12:00:00,28.810791,24.110992,1007.97687,-2.4581242,-1.7288923,0.11813255,75.79001,0.0
2024-12-08 18:00:00,25.630035,23.94986,1009.3425,-1.5803185,-1.0851707,0.961076,90.45353,0.0
2024-12-09 00:00:00,26.077484,24.122162,1008.2394,0.45022297,-1.287343,0.9482131,89.003426,0.010116026
2024-12-09 06:00:00,30.1362,24.51416,1009.7406,-1.8931236,-3.227847,0.74593526,71.928856,0.08495708
2024-12-09 12:00:00,28.71933,24.283875,1007.1894,-1.6588526,-2.1823225,0.9677329,76.987236,0.0
2024-12-09 18:00:00,26.312347,24.291504,1009.0563,-1.2177591,-2.168254,0.99733853,88.67275,0.0
2024-12-10 00:00:00,26.368134,24.396576,1007.4437,0.2802019,-2.6765013,0.9865623,88.93936,0.008396804
2024-12-10 06:00:00,29.473602,24.289642,1009.1919,-1.7070827,-4.7989597,0.8561227,73.72616,0.08868196
2024-12-10 12:00:00,28.442749,23.862305,1007.03314,-1.9937983,-3.4082766,0.992651,76.27826,0.0
2024-12-10 18:00:00,26.864777,23.811432,1009.2431,-0.5730715,-4.0814953,0.9946785,83.39394,0.20857155
2024-12-11 00:00:00,26.29248,23.827393,1007.51624,0.12898159,-4.613863,1.0,86.33705,0.49676597
2024-12-11 06:00:00,25.668976,24.240356,1009.52686,-1.8974991,-5.719865,1.0,91.83226,1.1133517
2024-12-11 12:00:00,25.273407,23.62796,1006.54,-0.031716347,-5.8745317,1.0,90.618744,2.5576668
2024-12-11 18:00:00,25.246307,24.035614,1008.1119,0.104803085,-3.5042753,0.99744946,93.0179,0.0
2024-12-12 00:00:00,24.456512,23.613373,1006.0613,-0.7717066,-2.34832,1.0000001,95.06265,0.0
2024-12-12 06:00:00,26.626617,25.74295,1008.4931,-4.862712,-0.31958103,0.99666566,94.911674,0.4151249
2024-12-12 12:00:00,25.962524,24.639038,1006.21814,-3.3080063,-2.307437,0.98581725,92.4287,2.5583153
2024-12-12 18:00:00,25.31784,24.306488,1008.6525,-4.5678644,-2.6670694,0.98858964,94.14031,0.0
2024-12-13 00:00:00,25.039093,23.794067,1007.2581,-3.9916296,-1.5827847,0.9996035,92.81558,0.27055502
2024-12-13 06:00:00,26.442291,25.587006,1009.95874,-3.66391,-1.840476,0.9953369,95.064926,0.0
2024-12-13 12:00:00,25.680756,24.800018,1007.4988,-2.9839363,-2.1697502,0.9959315,94.89326,0.0
2024-12-13 18:00:00,25.269745,24.267029,1010.4525,-2.3129978,-2.659563,0.9163676,94.18705,0.17121482
2024-12-14 00:00:00,24.969574,23.699738,1008.995,-1.1091776,-4.4018993,1.0000008,92.673454,1.5571346
2024-12-14 06:00:00,27.792297,24.986786,1011.08,-3.432413,-5.0351963,0.9716678,84.74238,0.0
2024-12-14 12:00:00,26.7359,23.748749,1009.17377,-2.3893118,-4.3881397,0.33576947,83.71228,0.0
2024-12-14 18:00:00,25.094269,22.642365,1011.79126,-0.38087845,-4.047922,0.24097872,86.29201,0.0
2024-12-15 00:00:00,24.614044,21.227814,1010.5044,0.30784416,-3.4563112,0.9493232,81.45891,0.0
2024-12-15 06:00:00,28.300385,22.527496,1012.35565,-1.8645954,-5.910879,0.97751546,70.95169,0.08230191
2024-12-15 12:00:00,27.51947,21.386627,1009.71375,-1.9649143,-3.773676,0.9937883,69.267204,0.0
2024-12-15 18:00:00,25.61258,21.071014,1011.35815,-0.59597015,-4.7009306,0.97022724,76.01956,0.0
2024-12-16 00:00:00,24.582672,21.216858,1009.5006,0.6038542,-4.47808,0.9475659,81.55706,0.023003668
2024-12-16 06:00:00,28.04007,22.06314,1011.27936,-1.020607,-6.3659096,0.96168476,70.02874,0.0
2024-12-16 12:00:00,27.264069,20.647247,1008.445,-1.7133436,-4.247219,0.99065465,67.18888,0.065738335
2024-12-16 18:00:00,24.61618,21.416626,1010.33,0.08195019,-4.252672,0.9999998,82.396576,0.23175484
2024-12-17 00:00:00,24.43747,20.136505,1007.90564,1.1601593,-4.2982416,0.99403965,76.972595,0.0
2024-12-17 06:00:00,27.66684,21.868103,1008.8075,1.5319034,-5.012478,0.99910927,70.72478,0.0
2024-12-17 12:00:00,26.730682,21.997894,1007.0631,1.3773615,-2.778203,0.9642407,75.31098,0.035949238
2024-12-17 18:00:00,25.400177,21.536041,1009.33124,0.37467706,-3.7540655,1.0000002,79.210884,0.0
2024-12-18 00:00:00,24.823212,21.586182,1007.10876,0.6823448,-3.8147497,0.89450467,82.23269,0.0
2024-12-18 06:00:00,28.4534,23.878815,1008.0975,1.396954,-3.6692896,0.9830329,76.30678,0.044465065
2024-12-18 12:00:00,27.940094,24.317413,1005.5725,0.8775715,-1.9321995,0.9949449,80.719185,0.3040996
2024-12-18 18:00:00,26.251678,23.84903,1007.8144,0.94662833,-4.0458536,0.9370095,86.65806,0.0
2024-12-19 00:00:00,25.34842,23.281067,1006.95935,1.2213827,-2.7213764,0.98997694,88.34731,0.24843961
2024-12-19 06:00:00,30.481232,24.069122,1008.2612,2.3281174,-2.8509483,0.9560462,68.6638,0.0
2024-12-19 12:00:00,29.702118,25.195465,1004.575,-0.79876137,-0.6896715,0.9859498,76.80721,0.0
2024-12-19 18:00:00,26.794678,25.29422,1007.8137,0.51460856,1.0124435,0.892424,91.50575,0.0
2024-12-20 00:00:00,26.33548,25.080383,1006.4244,1.0064523,0.94826525,0.5934852,92.8265,0.0019073486
2024-12-20 06:00:00,31.52298,25.7294,1008.22565,0.53006524,0.19972801,0.19182119,71.44058,0.019354746
2024-12-20 12:00:00,28.42862,25.382233,1005.54315,-0.389184,1.1481314,0.6703272,83.60367,0.29705197
2024-12-20 18:00:00,26.545288,25.121613,1008.5875,0.58579457,0.48250777,0.9861665,91.910225,0.0
2024-12-21 00:00:00,26.097748,24.239655,1006.32935,0.72905374,-0.8988571,0.95078033,89.52561,0.00047590584
2024-12-21 06:00:00,31.108185,25.651215,1008.5619,-0.11048609,-1.3033218,0.29254925,72.8086,0.018022954
2024-12-21 12:00:00,28.938019,25.320587,1006.71814,-1.8477802,0.5532074,0.29844397,80.87201,0.19168177
2024-12-21 18:00:00,26.468903,24.848846,1010.02185,-0.4000473,-1.4067612,0.825765,90.83559,0.0
2024-12-22 00:00:00,25.86911,24.246918,1008.5025,1.1751202,-1.7235203,0.98606485,90.784874,0.0
2024-12-22 06:00:00,29.578827,24.112762,1010.2944,-0.75766945,-3.8251219,0.99888504,72.50685,0.0
2024-12-22 12:00:00,28.73587,23.945404,1007.4475,-1.893754,-1.9639788,0.18926632,75.366714,0.0
2024-12-22 18:00:00,26.256287,23.919159,1009.78937,-1.2060776,-2.2996101,0.23450094,87.00051,0.0
2024-12-23 00:00:00,25.35019,23.204254,1008.6356,0.8265409,-2.2957,0.98677725,87.92902,0.0
2024-12-23 06:00:00,29.03238,21.836151,1010.7031,0.80175894,-2.655075,0.7823777,65.19779,0.0
2024-12-23 12:00:00,28.652924,23.352325,1006.97687,-0.83557415,-1.1887999,0.7830718,73.07292,0.0
2024-12-23 18:00:00,24.3367,23.288849,1009.04,-0.4966898,-1.794692,0.09587686,93.89129,0.0
2024-12-24 00:00:00,24.24887,21.219086,1007.83435,1.2910533,-1.9250975,0.019753806,83.21507,0.0
2024-12-24 06:00:00,28.824738,21.869598,1009.73126,1.6416395,-2.6738024,0.12393689,66.12139,0.0
2024-12-24 12:00:00,29.381866,23.661224,1006.89185,-0.05468434,-1.1273603,0.08172244,71.371216,0.0
2024-12-24 18:00:00,25.947662,23.303131,1009.7537,-0.13190556,-2.0639582,0.0072371354,85.3749,0.0
2024-12-25 00:00:00,24.322723,22.523468,1008.755,0.9678736,-0.99836445,0.1358392,89.71341,0.0
2024-12-25 06:00:00,29.16336,23.199371,1010.86127,1.2629192,-1.2168074,0.43919063,70.29178,0.0015255064
2024-12-25 12:00:00,29.213287,23.88913,1008.2225,-0.4300642,-0.33877468,0.07685472,73.06463,0.0
2024-12-25 18:00:00,25.793915,24.505585,1011.0662,-0.7635565,-0.0029144287,0.98586404,92.614204,0.014304329
2024-12-26 00:00:00,26.21872,24.9487,1010.2438,0.5737255,-0.044477463,0.999212,92.737915,0.09518282
2024-12-26 06:00:00,27.890839,24.015106,1012.71814,1.0663288,-0.47625637,0.94110465,79.49651,0.0
2024-12-26 12:00:00,28.297546,24.455353,1009.6856,-1.3864746,-1.1121159,0.44041592,79.711464,0.0
2024-12-26 18:00:00,25.813751,24.73462,1012.5106,-1.9923992,-0.40989876,0.20089644,93.78091,0.0
2024-12-27 00:00:00,25.679443,23.93097,1011.3056,-1.3654728,-0.6937618,0.8208907,90.08643,0.24443865
2024-12-27 06:00:00,27.87442,24.546112,1013.7319,-1.8126488,-3.0911217,0.9082842,82.146286,1.286264
2024-12-27 12:00:00,27.619781,24.467316,1011.58185,-3.5028734,-2.8524933,0.80504704,82.98518,0.0
2024-12-27 18:00:00,25.742645,23.452057,1013.59436,-1.5069275,-2.4234085,0.49850178,87.19846,0.0
2024-12-28 00:00:00,24.636444,23.05597,1011.96686,-0.27219582,-2.4861813,0.55478,90.93287,0.009820797
2024-12-28 06:00:00,29.503326,23.692932,1013.59686,-3.258686,-2.0080175,0.704633,71.00829,0.0
2024-12-28 12:00:00,28.007599,24.161041,1010.5712,-2.6097374,-2.182088,0.940727,79.65166,0.0011441726
2024-12-28 18:00:00,25.856476,23.823761,1013.0106,-1.0747347,-2.718278,0.6084274,88.57316,0.02003194
2024-12-29 00:00:00,25.382599,23.257294,1011.725,0.47103786,-3.6117802,0.42641538,88.04142,0.0
2024-12-29 06:00:00,28.789276,23.663727,1012.7438,-2.1565704,-5.181425,0.9070963,73.87127,0.1091927
2024-12-29 12:00:00,26.803375,23.947662,1010.0513,-2.2173557,-4.388362,0.99999934,84.38401,0.0
2024-12-29 18:00:00,25.688171,23.966827,1012.34937,-1.7031775,-4.092908,0.73949456,90.23403,0.25908798
2024-12-30 00:00:00,25.044403,24.181,1010.66437,-1.1534128,-3.108261,0.8343663,94.96829,0.0
2024-12-30 06:00:00,26.971527,24.36087,1012.96686,-2.6706867,-4.3496637,0.99665517,85.651306,1.8804648
2024-12-30 12:00:00,27.118347,24.68747,1010.2525,-3.560873,-3.6820946,0.91031617,86.591736,0.0
2024-12-30 18:00:00,25.944336,24.342682,1012.9975,-2.6665974,-4.106098,0.7683548,90.901566,0.0
2024-12-31 00:00:00,24.87323,23.746613,1011.28125,-1.7085266,-4.000355,0.88510704,93.47099,0.20620668
2024-12-31 06:00:00,28.318329,25.663727,1013.27124,-3.096017,-4.708107,0.9866699,85.560074,0.0
2024-12-31 12:00:00,27.715729,23.894073,1010.1975,-2.953679,-4.408225,0.9888745,79.7316,0.0
2024-12-31 18:00:00,26.119598,23.432526,1012.46875,-1.6957283,-4.5094204,0.9911838,85.1734,0.0
2025-01-01 00:00:00,25.367706,23.000763,1010.3156,-0.83481693,-4.545452,0.73076826,86.76317,0.0
2025-01-01 06:00:00,28.576935,22.776794,1012.60626,-3.7337303,-5.3072023,0.5217335,70.88461,0.0
2025-01-01 12:00:00,27.632751,22.308197,1009.66187,-3.2397814,-2.91504,0.9885417,72.79208,1.1641532e-07
2025-01-01 18:00:00,25.17984,21.66565,1011.7325,-1.7543917,-3.0436058,0.94991297,80.89481,0.00019057188
2025-01-02 00:00:00,25.074615,21.940887,1010.1994,-0.65962505,-2.9566078,0.9668168,82.783295,0.0
2025-01-02 06:00:00,29.3013,21.119476,1012.47375,-3.7855234,-3.4221535,0.94048285,61.436485,0.008486211
2025-01-02 12:00:00,27.134613,21.488922,1010.3331,-2.391797,-2.7367773,0.6427116,71.29235,0.0
2025-01-02 18:00:00,24.334625,20.457733,1012.4275,-0.95807076,-2.802661,0.9429343,79.00032,0.0
2025-01-03 00:00:00,24.090607,20.913422,1010.98627,0.14459038,-3.2157145,0.99644333,82.446686,0.00057183206
2025-01-03 06:00:00,27.639923,22.226593,1013.16125,-3.2403488,-5.0590734,0.8837148,72.401146,0.09288266
2025-01-03 12:00:00,26.668793,21.248077,1009.8525,-2.8807287,-3.5923529,0.6441196,72.19823,0.0
2025-01-03 18:00:00,24.998322,19.697205,1011.7725,-0.83206844,-2.319789,0.95201665,72.43758,0.0
2025-01-04 00:00:00,24.45047,20.40805,1010.4263,0.1676569,-2.2469358,0.65509313,78.21393,0.0014300458
2025-01-04 06:00:00,28.388702,22.091827,1012.1775,-2.1730738,-3.1786032,0.92463356,68.74181,0.14008392
2025-01-04 12:00:00,27.118683,21.545868,1009.1381,-2.7482347,-2.572565,0.36747283,71.60815,0.0
2025-01-04 18:00:00,23.505035,19.457733,1011.90375,-1.2449827,-1.9637985,0.18236184,78.052704,9.458745e-08
2025-01-05 00:00:00,23.11258,19.724945,1010.98627,-0.051804543,-2.0182552,0.7843432,81.26182,0.00019036088
2025-01-05 06:00:00,28.631134,20.65335,1012.52875,-2.609498,-3.0112019,0.9453051,62.06234,0.004576985
2025-01-05 12:00:00,27.02353,21.2034,1008.9125,-2.0731277,-2.3452177,0.9973017,70.51413,0.0
2025-01-05 18:00:00,24.160675,19.795197,1012.0775,-1.633275,-1.7225513,0.9050624,76.62344,0.0
2025-01-06 00:00:00,22.957306,19.99356,1009.68,0.61721134,-2.0777311,0.87206715,83.4059,0.0
2025-01-06 06:00:00,28.099823,21.401215,1012.0494,-0.2133522,-2.9151373,0.81416756,67.0191,0.007818919
2025-01-06 12:00:00,27.401031,22.506744,1009.1375,-2.2002735,-1.8840065,1.0000012,74.681885,0.0
2025-01-06 18:00:00,26.175873,22.901337,1011.16315,-2.243391,-1.573946,1.0000012,82.20812,0.007636845
2025-01-07 00:00:00,25.325043,23.1568,1009.4819,-1.5611429,-2.14997,0.78718084,87.80844,0.14265752
2025-01-07 06:00:00,27.199371,23.891388,1011.7569,-1.4366207,-3.675767,0.8558557,82.16536,0.13952899
2025-01-07 12:00:00,26.876312,22.887695,1009.08875,-2.1674843,-2.9704075,0.30248696,78.81771,0.0
2025-01-07 18:00:00,25.059479,22.708649,1010.4225,-2.2610626,-1.782836,0.021988496,86.81952,0.0
2025-01-08 00:00:00,24.392975,22.292267,1009.0375,0.22424603,-2.5948343,0.22691427,88.089745,0.0
2025-01-08 06:00:00,28.031342,21.852814,1011.91,-0.8410959,-3.76398,0.30898243,69.17123,0.0043874606
2025-01-08 12:00:00,26.544403,20.641327,1009.18,-2.165824,-3.1345625,0.024002075,70.06672,0.0
2025-01-08 18:00:00,24.369781,20.36441,1011.2175,-1.7709732,-2.9876146,0.060863495,78.38134,0.0
2025-01-09 00:00:00,23.871368,20.527008,1010.23,-0.24986362,-2.7607775,0.5979167,81.575645,0.0002863817
2025-01-09 06:00:00,27.850128,22.325958,1012.0181,-3.0505323,-3.8061657,0.8572546,71.95124,0.03966922
2025-01-09 12:00:00,26.942413,21.58847,1010.09686,-2.295042,-3.3710804,0.4966355,72.54213,0.0
2025-01-09 18:00:00,25.158173,20.840637,1013.53815,-0.6501093,-2.8687353,0.7507287,77.00316,0.00047654612
2025-01-10 00:00:00,24.413727,21.176605,1011.5531,-0.032935143,-3.430334,0.3354482,82.18263,0.0
2025-01-10 06:00:00,28.247955,23.52658,1013.2475,-3.3013506,-4.5341797,0.99043953,75.603645,0.20866314
2025-01-10 12:00:00,26.921082,23.339447,1011.16626,-2.3134632,-3.6071615,0.999109,80.78757,0.0
2025-01-10 18:00:00,25.575714,22.665619,1013.59186,-0.82372284,-3.1808949,0.7972099,83.97463,0.0
2025-01-11 00:00:00,25.053131,23.170654,1011.23627,-1.042654,-3.4996996,0.6839298,89.31633,0.0068675727
2025-01-11 06:00:00,28.034027,23.398071,1013.6719,-4.2039757,-5.0168266,0.9010455,75.96062,0.12100348
2025-01-11 12:00:00,26.939087,21.881317,1011.15875,-2.986186,-3.6901655,0.97857183,73.86629,0.0
2025-01-11 18:00:00,25.434845,21.041107,1013.39813,-2.4748526,-3.7707481,0.84593683,76.685265,0.059582293
2025-01-12 00:00:00,24.31247,21.821503,1010.78125,0.15721512,-3.7339544,0.91331774,86.0118,0.10980666
2025-01-12 06:00:00,27.23526,21.775604,1013.1756,-0.13348007,-5.1361065,0.96492785,72.126045,0.0
2025-01-12 12:00:00,26.994904,23.961945,1010.2294,-1.8320341,-3.473384,0.98324966,83.510864,0.03835559
2025-01-12 18:00:00,24.962158,23.712189,1012.03314,-1.2237091,-3.0864172,0.9797252,92.783966,0.07058405
2025-01-13 00:00:00,24.519623,23.79718,1009.5875,0.095760345,-2.9873934,0.9438415,95.75807,0.0
2025-01-13 06:00:00,28.537018,24.908722,1010.89813,-3.2202864,-3.700364,0.7990818,80.76859,0.03194416
2025-01-13 12:00:00,27.759613,23.449005,1008.79565,-3.240058,-2.0233622,0.7993921,77.42431,0.0
2025-01-13 18:00:00,25.755829,23.401886,1011.21063,-1.9738874,-2.1400232,0.854398,86.86701,0.022510573
2025-01-14 00:00:00,25.109222,23.526764,1010.1781,-1.1691256,-3.0524511,0.7601163,90.95253,0.009073433
2025-01-14 06:00:00,28.528534,23.441132,1012.67,-4.057749,-4.2098913,0.98556244,73.998,0.01514072
2025-01-14 12:00:00,26.83841,23.547302,1010.45,-3.0311584,-3.5526114,1.0000006,82.2055,0.0
2025-01-14 18:00:00,26.142487,23.20102,1013.01,-1.8349733,-2.523158,0.98812914,83.87755,0.0
2025-01-15 00:00:00,25.25888,22.858612,1010.90686,-1.0829391,-4.195159,0.71816874,86.57816,0.031478703
2025-01-15 06:00:00,27.930573,24.66922,1013.33374,-3.6035948,-4.5418043,0.8321684,82.482544,0.111492395
2025-01-15 12:00:00,26.962616,23.056152,1010.9169,-3.6345968,-3.3504896,0.83653694,79.222664,0.0
2025-01-15 18:00:00,25.223663,22.582489,1012.9412,-2.34167,-3.5065365,0.9946063,85.318985,0.008311123
2025-01-16 00:00:00,25.438446,22.331512,1010.6881,-3.4256105,-3.378065,0.84562904,82.96103,0.0
2025-01-16 06:00:00,28.402985,22.31668,1013.21936,-4.723072,-3.7896347,0.9927854,69.63153,0.0084868735
2025-01-16 12:00:00,27.401825,22.542023,1010.4475,-3.4654179,-3.4770012,0.41813636,74.838615,0.0
2025-01-16 18:00:00,25.049225,21.655975,1013.5875,-1.7548895,-3.000061,0.089193046,81.47849,0.0010486692
2025-01-17 00:00:00,24.839264,21.701263,1010.3669,-0.7127552,-3.5662146,0.54064816,82.73403,0.0060154125
2025-01-17 06:00:00,28.226532,22.24295,1011.8975,-4.041402,-4.720087,0.6047769,70.03505,0.00018288102
2025-01-17 12:00:00,27.107483,21.569824,1009.1944,-3.144414,-3.8776188,0.49925125,71.76037,0.0
2025-01-17 18:00:00,25.315826,21.030548,1011.2431,-2.2303534,-3.9567919,0.9899899,77.17977,0.0
2025-01-18 00:00:00,25.183197,21.546875,1009.04626,-0.3132248,-4.357641,0.97599936,80.293236,0.0
2025-01-18 06:00:00,26.542572,22.353119,1011.1394,-0.23982143,-5.5468493,1.0000008,77.81532,0.00037485734
2025-01-18 12:00:00,24.396759,23.055511,1008.5694,-1.3748331,-3.9365177,1.0,92.24387,3.7339237
2025-01-18 18:00:00,24.394135,23.266144,1010.2825,-1.4410238,-3.345519,0.99960345,93.44058,0.0
2025-01-19 00:00:00,23.61142,23.339386,1009.2531,-0.23598671,-3.4215593,1.0000001,98.37286,0.0
2025-01-19 06:00:00,26.602936,24.60263,1011.605,-2.3678627,-3.2159452,1.0,88.8048,2.46063
2025-01-19 12:00:00,26.243927,24.924622,1009.3906,-1.7438021,-2.8683949,0.99999994,92.466995,0.0
2025-01-19 18:00:00,25.20633,24.240814,1011.27625,-1.1273108,-3.444438,0.99665546,94.3947,0.0
2025-01-20 00:00:00,25.025482,23.320404,1009.2325,-0.20476818,-3.760191,0.9922324,90.2766,0.0
2025-01-20 06:00:00,28.054657,23.467926,1010.95624,-1.4044609,-4.552353,0.9914077,76.18971,0.0
2025-01-20 12:00:00,26.863617,21.695953,1007.8275,-2.7411776,-4.174926,0.82223445,73.35946,0.0
2025-01-20 18:00:00,24.659088,21.649048,1010.28125,-1.5652494,-3.5258007,0.42624605,83.36276,0.0
2025-01-21 00:00:00,23.79654,21.303864,1008.7,-0.28842545,-3.0708618,0.53049767,85.952415,0.0009536743
2025-01-21 06:00:00,28.010712,22.382965,1010.84125,-2.5159607,-3.891531,0.64576614,71.52788,0.02403045
2025-01-21 12:00:00,26.927216,21.883942,1007.4231,-1.9561491,-3.6280594,0.4823982,73.92969,0.0
2025-01-21 18:00:00,24.740875,21.745941,1009.9913,-1.6170759,-2.7107172,0.95924,83.44908,0.0
2025-01-22 00:00:00,25.161407,21.881683,1008.32623,0.33224487,-3.1256838,0.65033656,82.059395,0.003813766
2025-01-22 06:00:00,28.020172,23.677277,1010.35315,-2.577073,-3.6678705,0.937718,77.31226,0.04920829
2025-01-22 12:00:00,27.422089,23.098572,1008.09564,-2.5426817,-3.1138878,0.9275285,77.3141,0.0
2025-01-22 18:00:00,25.374054,22.483063,1010.85126,-2.0529728,-2.7856245,0.9780576,84.04998,0.0007627532
2025-01-23 00:00:00,24.49057,22.342377,1008.4969,-1.2421389,-2.1321535,0.94955766,87.84388,0.00076461583
2025-01-23 06:00:00,28.521698,23.471954,1010.855,-2.4992018,-3.3026342,0.85803276,74.16514,0.17679483
2025-01-23 12:00:00,27.0029,22.702179,1007.9369,-3.543581,-2.810174,0.9562616,77.35872,0.0
2025-01-23 18:00:00,24.7742,21.179321,1009.91565,-1.7370872,-1.5933952,0.119397685,80.443344,0.0
2025-01-24 00:00:00,24.763885,21.876556,1007.435,-0.9745836,-2.304181,0.77954024,84.00181,0.0
2025-01-24 06:00:00,29.212982,21.638092,1010.985,-3.2800312,-2.3531609,0.64284134,63.744324,0.006960705
2025-01-24 12:00:00,27.561798,22.248016,1008.5012,-2.6665268,-2.3591595,0.11510378,72.82759,0.0
2025-01-24 18:00:00,24.773346,21.379883,1010.4169,-1.3640518,-2.3291073,0.7621216,81.44284,0.0
2025-01-25 00:00:00,24.679596,21.453278,1009.0675,-2.1314764,-2.8818073,0.69589645,82.26925,0.0
2025-01-25 06:00:00,28.291473,22.378876,1010.97687,-3.1210585,-4.079732,0.91951907,70.350204,0.038431026
2025-01-25 12:00:00,26.74588,21.587006,1008.2925,-2.8277235,-2.7466612,1.0000014,73.378876,0.0
2025-01-25 18:00:00,24.82132,21.134125,1010.9931,-1.6644125,-2.2043266,0.99999994,79.995125,0.0
2025-01-26 00:00:00,23.713776,20.807617,1009.2825,-0.79399204,-2.718707,0.19943535,83.788605,0.0
2025-01-26 06:00:00,28.887665,21.705292,1011.2125,-3.4357681,-3.737894,0.98154736,65.222916,0.0
2025-01-26 12:00:00,26.75418,21.184875,1008.1625,-2.6930876,-2.769639,0.89573586,71.55826,0.0
2025-01-26 18:00:00,23.894928,20.697418,1010.0144,-1.431982,-2.6266413,0.9370786,82.32012,0.0
2025-01-27 00:00:00,23.493683,20.923096,1008.4288,0.5919914,-2.4195194,0.5575543,85.51223,0.0
2025-01-27 06:00:00,28.668182,22.039276,1011.29,-2.5025673,-3.395275,0.62857205,67.41865,0.028703827
2025-01-27 12:00:00,27.192474,21.842926,1007.40936,-2.7619715,-1.7420864,0.121963345,72.60513,0.0
2025-01-27 18:00:00,23.847443,20.879242,1010.1244,-1.3061266,-1.7710705,0.15352684,83.48444,0.0
2025-01-28 00:00:00,23.365387,20.607758,1007.8013,-0.6463957,-1.9538279,0.33048266,84.52013,0.0
2025-01-28 06:00:00,28.63034,20.63272,1011.6125,-2.1965618,-1.686842,0.87002546,61.98637,0.0
2025-01-28 12:00:00,27.07016,20.688446,1008.57623,-2.1572704,-1.9494543,0.9721666,68.13029,0.0
2025-01-28 18:00:00,23.171295,19.931793,1012.09875,-2.2099123,-1.3573675,0.9036138,82.01885,0.0
2025-01-29 00:00:00,23.79715,20.68753,1009.8719,0.07338238,-2.5644045,0.9759455,82.755196,0.0
2025-01-29 06:00:00,28.298553,22.255585,1011.85065,-3.4159317,-3.8030796,0.99888813,69.79577,9.534415e-05
2025-01-29 12:00:00,27.147186,22.01242,1008.665,-2.9639778,-2.839302,0.7129632,73.555046,0.0
2025-01-29 18:00:00,25.561615,22.084503,1010.71936,-0.8563261,-2.9164886,0.8147636,81.12699,0.00038184226
2025-01-30 00:00:00,24.58023,21.348724,1009.5087,0.55039024,-3.5191832,0.84320426,82.23111,0.0008549541
2025-01-30 06:00:00,26.998566,22.239105,1011.60065,-0.70784664,-3.581171,0.9999992,75.23146,0.02090633
2025-01-30 12:00:00,27.288483,24.086182,1007.54126,-2.3979006,-2.2696867,0.99198395,82.69928,0.05464395
2025-01-30 18:00:00,26.276794,24.364075,1009.7438,-1.5424843,-1.4501047,0.3780002,89.24633,0.0
2025-01-31 00:00:00,26.15857,24.341309,1008.03436,-1.5628338,-2.047124,0.39587486,89.74943,0.0
2025-01-31 06:00:00,29.982819,25.626495,1010.8794,-3.6369753,-2.0190525,0.64984095,77.53827,0.051695533
2025-01-31 12:00:00,28.808868,25.046722,1007.2556,-3.6466331,-1.7105141,0.44762564,80.161575,0.0
2025-01-31 18:00:00,26.026398,24.510742,1009.91187,-1.5255203,-1.1437893,0.2839427,91.376076,0.026146384
2025-02-01 00:00:00,25.444489,23.68988,1008.3081,-0.79367924,-1.3642168,0.86917335,90.036674,0.0
2025-02-01 06:00:00,30.045929,25.248688,1011.21375,-1.7679214,-1.158351,0.943365,75.54236,0.05807792
2025-02-01 12:00:00,29.33133,24.527863,1008.1625,-3.4493933,-1.4146042,0.8978571,75.40203,0.0
2025-02-01 18:00:00,25.824799,24.344604,1011.28314,-1.8850708,-0.33284038,0.78453565,91.55804,0.0
2025-02-02 00:00:00,25.203766,23.849365,1009.7006,-1.3183203,-0.5205364,0.8155829,92.215805,0.0066765873
2025-02-02 06:00:00,30.226227,23.45877,1011.21814,-1.658493,-2.0832376,0.7241623,67.16201,0.0038138842
2025-02-02 12:00:00,28.657013,23.068024,1007.8,-3.6814842,-1.0760918,0.016845804,71.81125,0.0
2025-02-02 18:00:00,24.978058,22.810669,1010.5831,-2.0727577,-1.43015,0.9492127,87.78327,0.0
2025-02-03 00:00:00,23.19571,21.835724,1009.6119,-0.03937149,-1.2350254,0.36117166,92.07102,0.0
2025-02-03 06:00:00,29.663483,22.407013,1012.04065,-1.0848217,-1.0484486,0.23897517,65.08985,0.00095408177
2025-02-03 12:00:00,27.771759,22.15567,1009.28687,-2.8553772,-0.87865925,0.2541809,71.5359,0.0
2025-02-03 18:00:00,22.919708,20.904663,1011.65125,-1.6383905,-1.2072735,0.45634437,88.42993,0.0
2025-02-04 00:00:00,22.445587,20.837128,1010.5613,0.41339588,-1.6793919,0.90819263,90.63316,0.0
2025-02-04 06:00:00,29.216583,22.498932,1012.435,-1.3276472,-1.1586332,0.9073891,67.16408,0.0
2025-02-04 12:00:00,28.628082,22.123505,1008.5156,-2.446022,-0.74187374,0.18815613,67.92347,0.0
2025-02-04 18:00:00,23.660614,21.867157,1010.8175,-2.0628605,-0.4927082,0.2141571,89.69656,0.0
2025-02-05 00:00:00,23.766388,22.468597,1009.6,-0.08012009,-1.472188,0.38475937,92.45243,0.0
2025-02-05 06:00:00,30.069,22.346771,1011.6844,-1.753192,-2.1729136,0.05444336,63.3568,0.0003799796
2025-02-05 12:00:00,28.567535,22.191742,1007.8069,-3.0509462,-1.425705,0.07416153,68.44652,0.0
2025-02-05 18:00:00,24.45224,22.2919,1010.2025,-1.3105135,-1.4663343,0.055156708,87.77572,0.0
2025-02-06 00:00:00,24.099884,22.275421,1008.8756,-0.7682228,-1.711173,0.40685248,89.5596,0.00066822395
2025-02-06 06:00:00,30.053986,22.5961,1011.21124,-3.3381472,-1.3347578,0.48311633,64.37945,0.010964926
2025-02-06 12:00:00,28.46402,23.145721,1008.0613,-2.8842993,-1.3676357,0.8015365,72.96257,0.0
2025-02-06 18:00:00,23.963287,21.78714,1010.52625,-1.2436666,-1.5160246,0.012203217,87.64895,0.0
2025-02-07 00:00:00,23.559845,21.609161,1010.2606,-0.27425003,-2.0338774,0.40639922,88.83136,0.0
2025-02-07 06:00:00,29.500153,22.069672,1013.33185,-2.3287172,-2.0603771,0.3796534,64.370026,0.0
2025-02-07 12:00:00,27.943512,21.940582,1009.47687,-3.0952272,-1.5245819,0.8153844,69.89982,0.0
2025-02-07 18:00:00,23.745026,22.123322,1011.77124,-1.4685345,-1.6254988,0.13957612,90.64692,0.0
2025-02-08 00:00:00,24.234772,22.542267,1010.1925,-0.12254238,-1.5548582,0.70885634,90.29066,0.0
2025-02-08 06:00:00,29.603302,22.65561,1012.8175,-2.9691582,-2.012847,0.9801232,66.309586,0.0003814057
2025-02-08 12:00:00,28.51419,22.347076,1009.0538,-2.929964,-1.7565317,0.011513956,69.31102,0.0
2025-02-08 18:00:00,24.70987,22.10727,1011.7706,-1.5992165,-1.542985,0.00843811,85.46736,0.0
2025-02-09 00:00:00,24.423492,22.213837,1009.77686,0.045643806,-2.2811575,0.2364943,87.51017,0.0
2025-02-09 06:00:00,29.873749,22.832123,1011.98376,-3.4354324,-2.2507448,0.28592956,65.98771,0.0007627532
2025-02-09 12:00:00,28.373566,22.427277,1008.3719,-3.2310476,-2.541174,0.114948615,70.2214,0.0
2025-02-09 18:00:00,25.160797,22.48291,1011.72626,-1.3680811,-2.0505142,0.16364288,85.12256,0.0002863817
2025-02-10 00:00:00,24.28238,22.085358,1010.7675,-0.9309416,-1.6724663,0.47332323,87.565186,0.0
2025-02-10 06:00:00,29.298492,21.808075,1013.23,-3.0325947,-2.3192158,0.5598937,64.09247,0.00028684735
2025-02-10 12:00:00,28.315948,21.250275,1009.1344,-2.581462,-3.026822,0.002658844,65.571655,0.0
2025-02-10 18:00:00,24.287018,20.926788,1012.9581,-2.4488506,-1.4371424,0.008895874,81.54803,0.0
2025-02-11 00:00:00,23.9711,21.081512,1011.3569,-0.23704052,-1.7576056,0.41618115,83.90263,0.0
2025-02-11 06:00:00,30.39737,22.403961,1013.4531,-1.3858595,-0.2346201,0.8924191,62.391197,0.0
2025-02-11 12:00:00,29.087189,23.114655,1009.27,-3.6477022,-0.63944817,0.9275645,70.241455,0.0
2025-02-11 18:00:00,25.375946,22.74054,1012.0275,-2.4690523,-0.7934761,0.92019767,85.3643,0.0
2025-02-12 00:00:00,24.050934,22.255768,1010.65436,0.07384014,-1.566782,0.86694765,89.71581,0.0
2025-02-12 06:00:00,29.889435,22.737823,1013.5087,-1.6079445,-1.8686419,0.60011095,65.55243,0.0
2025-02-12 12:00:00,29.171417,23.283539,1009.41315,-3.5082054,-1.0970573,0.31238675,70.61721,0.0
2025-02-12 18:00:00,23.75119,21.9747,1011.91125,-1.8761272,-0.6226139,0.0,89.7961,0.0
2025-02-13 00:00:00,21.914703,20.26059,1010.5175,-0.066124916,-1.5213785,0.12241608,90.34215,0.0
2025-02-13 06:00:00,29.293,22.136993,1013.0538,-1.3186998,-0.64612293,0.18157482,65.411995,0.0
2025-02-13 12:00:00,28.805817,21.416412,1009.2644,-2.9722652,-0.4832754,0.014223099,64.38492,0.0
2025-02-13 18:00:00,22.15274,20.118195,1011.85,-2.1474771,-0.54514885,0.0,88.26021,0.0
2025-02-14 00:00:00,22.65335,20.493866,1010.34314,-0.16850853,-1.0047827,0.41130045,87.62434,0.0
2025-02-14 06:00:00,29.192047,22.005646,1012.8056,-0.95405674,0.8085547,0.11674925,65.27006,0.0
2025-02-14 12:00:00,29.268707,21.78299,1008.7775,-2.5237312,0.29768944,0.0,64.104546,0.0
2025-02-14 18:00:00,22.977875,20.972137,1011.02313,-2.1466742,0.47463995,0.0,88.48528,0.0
2025-02-15 00:00:00,22.483063,20.338043,1009.47125,-0.25044823,-0.49280316,0.3133611,87.68773,0.0
2025-02-15 06:00:00,29.461456,21.875153,1011.5594,-0.59791565,-0.5674515,0.16983032,63.752968,0.0
2025-02-15 12:00:00,28.658234,20.84616,1007.59436,-3.3444567,-0.46826077,0.0,62.704666,0.0
2025-02-15 18:00:00,23.792267,21.37564,1010.5094,-2.258047,0.30184466,0.0007209778,86.35353,0.0
2025-02-16 00:00:00,22.32608,20.482208,1009.59564,-0.059470177,-1.0174952,0.54583883,89.31979,0.0
2025-02-16 06:00:00,30.006744,21.702301,1011.58124,-1.646061,-1.4101896,0.09892273,61.13387,0.0
2025-02-16 12:00:00,28.833649,21.751007,1008.97,-3.8984728,-0.9299612,0.0,65.61039,0.0
2025-02-16 18:00:00,24.546295,21.925995,1012.20874,-2.7465744,-0.8046694,0.07492828,85.35866,0.0
2025-02-17 00:00:00,24.707794,22.042786,1011.4219,-1.2432165,-0.7338476,0.49428028,85.14272,0.0
2025-02-17 06:00:00,29.460724,22.160675,1013.59125,-1.9531469,-0.9321575,0.31137425,64.87529,0.0
2025-02-17 12:00:00,28.624054,21.401215,1010.1025,-3.4487448,-1.2669487,0.0,65.00676,0.0
2025-02-17 18:00:00,24.037323,21.251953,1012.4394,-2.1093597,-0.68529606,0.049087524,84.448204,0.0
2025-02-18 00:00:00,24.205475,21.437347,1010.8688,-1.1053162,-0.89417076,0.3685974,84.5555,0.0
2025-02-18 06:00:00,29.843658,21.468353,1013.8069,-2.2349586,0.22449172,0.25236833,60.832916,0.0
2025-02-18 12:00:00,28.955963,21.86612,1010.1294,-3.3057432,-0.4496088,0.0,65.606735,0.0
2025-02-18 18:00:00,23.57016,21.034424,1011.95935,-2.1228313,-0.44245625,0.00793457,85.70326,0.0
2025-02-19 00:00:00,22.894073,20.863647,1009.4125,-1.2544155,-1.3880758,0.33296,88.344215,0.0
2025-02-19 06:00:00,30.227325,22.425018,1011.27686,-2.372119,0.22609162,0.31401497,63.083076,0.0
2025-02-19 12:00:00,28.936066,22.344818,1007.935,-3.1145926,0.48583555,0.0,67.626396,0.0
2025-02-19 18:00:00,24.056427,21.652466,1010.5181,-2.1380358,-0.13370514,0.0,86.44562,0.0
2025-02-20 00:00:00,24.07022,21.899475,1009.8681,-0.76426697,-1.2006626,0.09855592,87.687164,0.0
2025-02-20 06:00:00,30.20401,22.323883,1012.04,-2.4391375,-0.5216441,0.2529378,62.780224,0.0
2025-02-20 12:00:00,29.019196,22.217865,1009.33374,-3.607933,-0.5271616,0.014030457,66.7838,0.0
2025-02-20 18:00:00,24.410492,21.91269,1012.2381,-1.9007082,-0.37903297,0.030727386,85.98549,0.0
2025-02-21 00:00:00,24.462921,21.916504,1011.1281,-0.77014256,-1.2668552,0.21139064,85.73595,0.0
2025-02-21 06:00:00,30.345123,22.092804,1013.2612,-2.1395235,-1.764988,0.24720699,61.404274,0.0
2025-02-21 12:00:00,29.18106,22.204865,1010.4244,-3.9121609,-1.0512762,0.00182724,66.10912,0.0
2025-02-21 18:00:00,24.806671,21.76941,1013.0025,-2.2692194,-0.14294052,0.0054855347,83.24106,0.0
2025-02-22 00:00:00,24.177399,21.777588,1011.4406,0.14548111,-1.2481585,0.23276132,86.479,0.0
2025-02-22 06:00:00,30.600006,22.36319,1013.9375,-1.8004627,-1.0029507,0.40532857,61.518894,0.0
2025-02-22 12:00:00,29.485748,22.393707,1010.51373,-3.4839563,-0.6090946,0.0,65.706894,0.0
2025-02-22 18:00:00,24.564606,22.068573,1013.82623,-2.1046906,0.041389465,0.0,86.00978,0.0
2025-02-23 00:00:00,24.02774,21.841522,1011.79376,-0.90512085,-0.89165306,0.2264083,87.60067,0.0
2025-02-23 06:00:00,30.127716,22.740387,1013.3663,-1.4793968,-1.0539141,0.20532136,64.67115,0.0
2025-02-23 12:00:00,29.823517,22.412323,1010.59125,-3.579588,-1.5390539,0.0,64.51377,0.0
2025-02-23 18:00:00,25.427765,23.376434,1013.4525,-2.4416962,0.09090328,0.0036592484,88.43926,0.0
2025-02-24 00:00:00,24.785553,22.99405,1011.20935,-0.24073315,-1.3794031,0.78040457,89.78926,0.0
2025-02-24 06:00:00,30.516998,22.819916,1013.89374,-2.9055061,-2.333416,0.34812024,63.54965,0.0
2025-02-24 12:00:00,29.588043,22.948883,1010.72314,-3.8082361,-2.7874317,0.027463336,67.55821,0.0
2025-02-24 18:00:00,26.200958,23.10617,1013.85126,-2.294695,-2.3092585,0.13369696,83.11026,0.0
2025-02-25 00:00:00,25.77884,22.569183,1011.8181,-0.78724766,-3.1911716,0.49877328,82.4846,0.0009536743
2025-02-25 06:00:00,30.37326,23.554047,1014.13,-3.1141453,-3.948718,0.34566855,66.98189,0.08048846
2025-02-25 12:00:00,28.88852,23.278961,1011.23315,-3.590292,-3.9229422,0.21350265,71.762955,0.0
2025-02-25 18:00:00,27.049469,23.205353,1014.1925,-2.714633,-3.2692614,0.26870328,79.53378,0.0069625676
2025-02-26 00:00:00,26.61026,23.142914,1011.7394,-1.8270636,-3.7605333,0.29637265,81.30768,0.0146999955
2025-02-26 06:00:00,31.20462,23.36789,1013.90814,-4.0188284,-4.5310926,0.37920475,63.16187,0.017248094
2025-02-26 12:00:00,29.626495,23.071075,1010.15186,-3.6843538,-5.0674086,0.032276154,67.90901,0.0
2025-02-26 18:00:00,26.85971,23.765778,1013.2125,-2.3724174,-4.460952,0.1285542,83.189964,0.0022910535
2025-02-27 00:00:00,26.959808,23.587189,1010.6763,-1.283411,-3.9860144,0.89954525,81.817345,0.0075362623
2025-02-27 06:00:00,30.870026,23.539764,1012.3663,-4.5834265,-4.3197412,0.53724957,65.04944,0.018313527
2025-02-27 12:00:00,30.031525,24.249054,1008.65686,-4.483673,-3.9838676,0.840083,71.222496,0.0
2025-02-27 18:00:00,26.942871,24.682404,1011.98627,-2.7487783,-3.821042,0.96783185,87.46224,0.010877848
2025-02-28 00:00:00,25.759918,23.990936,1009.83,-0.7974863,-3.3530922,0.9097736,89.98116,0.18631667
2025-02-28 06:00:00,30.20987,25.02835,1012.02686,-3.9847383,-3.7636175,0.59452015,73.85909,0.0
2025-02-28 12:00:00,28.032623,24.778412,1008.3044,-4.4078617,-3.0888433,0.82943976,82.52976,2.2673202
2025-02-28 18:00:00,26.28598,25.06369,1011.41815,-2.8328314,-2.598239,0.5201069,93.0056,0.0
2025-03-01 00:00:00,26.00879,24.238129,1009.15,-2.1275845,-2.160266,0.977141,89.989716,0.0
2025-03-01 06:00:00,29.131866,25.785461,1011.53064,-2.4213724,-1.9738483,0.99219954,82.20807,0.030729577
2025-03-01 12:00:00,29.139557,24.854065,1007.4875,-3.5309887,-2.127923,0.92141926,77.74303,0.0
2025-03-01 18:00:00,26.678925,25.020721,1010.6781,-3.1262884,-1.3004599,0.7577658,90.64291,0.016422514
2025-03-02 00:00:00,26.383331,24.4693,1007.5581,-1.9195757,-0.90714836,0.48199236,89.2474,0.109075636
2025-03-02 06:00:00,31.118073,26.262909,1010.22314,-2.2772827,-0.96405315,0.8841734,75.45088,0.0
2025-03-02 12:00:00,30.64737,24.530182,1006.3331,-3.222314,-1.2126532,0.10997787,69.919785,0.0
2025-03-02 18:00:00,26.841736,25.025269,1009.8631,-2.032959,0.0030822754,0.13560647,89.802956,0.0
2025-03-03 00:00:00,25.546478,24.23236,1008.27185,-0.69280624,-1.038662,0.7315654,92.45803,0.0
2025-03-03 06:00:00,31.768707,24.352753,1010.40814,-1.7394428,-0.815217,0.75985867,64.90091,0.00038184226
2025-03-03 12:00:00,29.954742,24.41153,1006.9375,-3.1660194,0.3221159,1.0,72.237274,0.0
2025-03-03 18:00:00,26.397888,24.629059,1009.4475,-1.9244003,0.5752128,0.9919683,90.02706,0.0
2025-03-04 00:00:00,25.576996,24.196869,1007.8594,-0.004681587,-0.16676599,0.9765012,92.09439,0.0001906883
2025-03-04 06:00:00,30.480377,24.516388,1010.4319,-1.6117105,-0.2562887,1.0,70.53289,0.0
2025-03-04 12:00:00,30.013214,23.811188,1007.39374,-2.6735477,0.3032961,0.9465322,69.447014,0.0
2025-03-04 18:00:00,25.159698,23.681427,1009.8594,-1.7130756,0.94509155,0.9717745,91.52843,0.0
2025-03-05 00:00:00,24.03592,22.978302,1007.96686,0.20624924,-1.1248894,0.9999999,93.82244,0.0
2025-03-05 06:00:00,30.526276,24.587921,1009.58624,-0.17344236,1.3266793,0.9604925,70.64948,0.0
2025-03-05 12:00:00,31.235016,23.555817,1007.01685,-1.9874926,1.6488645,0.7006378,63.771343,0.0
2025-03-05 18:00:00,25.808807,23.7305,1009.95435,-1.2031021,1.4396421,0.0,88.32666,0.0
2025-03-06 00:00:00,24.574799,22.871796,1009.1869,0.92095757,0.39569324,0.6904144,90.25673,0.0
2025-03-06 06:00:00,31.901398,22.91397,1010.90686,0.4203695,0.47335064,0.30688012,59.067066,0.0
2025-03-06 12:00:00,31.696442,23.334503,1006.96,-2.7868462,0.9956921,0.0,61.296593,0.0
2025-03-06 18:00:00,26.446075,24.712372,1008.95685,-1.8048658,1.3246334,0.70538265,90.219666,0.0
2025-03-07 00:00:00,25.28543,23.909332,1007.91815,1.3102484,-0.6727915,1.0000044,92.10015,9.543146e-05
2025-03-07 06:00:00,31.583282,23.266144,1009.7394,-0.888772,0.36234212,0.32514954,61.43753,0.0
2025-03-07 12:00:00,31.103912,22.62442,1006.21063,-3.526887,0.9689027,0.0,60.7302,0.0
2025-03-07 18:00:00,26.092194,23.07602,1008.71936,-1.9474936,1.1681902,0.06529236,83.493965,0.0
2025-03-08 00:00:00,24.487762,22.236603,1007.1675,1.2203598,-0.5506277,0.52524996,87.29501,0.0
2025-03-08 06:00:00,31.346588,21.94217,1009.13873,-1.3495159,0.5766642,0.06418228,57.46104,0.0
2025-03-08 12:00:00,30.30606,22.974152,1005.0044,-3.3948717,1.4087691,0.0,64.92593,0.0
2025-03-08 18:00:00,25.319183,22.347229,1008.02124,-2.2445164,1.3477001,0.0,83.63127,0.0
2025-03-09 00:00:00,23.282501,20.926666,1006.84,-0.0001783371,-0.61056614,0.015598297,86.627975,0.0
2025-03-09 06:00:00,30.79007,20.603546,1009.9275,-3.1387644,0.002981484,0.09580612,54.639446,0.0
2025-03-09 12:00:00,29.517365,21.354828,1007.105,-3.9885778,-0.2276504,0.002696991,61.55738,0.0
2025-03-09 18:00:00,24.916656,21.439117,1010.91815,-1.9843779,-0.7997484,0.07636261,81.04259,0.0
2025-03-10 00:00:00,25.852692,21.864197,1009.5669,-0.01659298,-2.3256664,0.49654698,78.67425,0.0
2025-03-10 06:00:00,31.461578,22.93695,1011.8194,-3.5322638,-3.6102896,0.51351553,60.64446,0.0037199352
2025-03-10 12:00:00,29.969025,23.79306,1007.5144,-3.927662,-4.256838,0.88744205,69.54769,0.0
2025-03-10 18:00:00,27.5867,23.961395,1010.8006,-3.1147242,-3.6182241,0.99695903,80.66097,0.01975242
2025-03-11 00:00:00,26.359436,24.942963,1008.3125,-2.1878424,-3.5890665,0.99810153,91.93898,0.18435717
2025-03-11 06:00:00,27.221222,26.148956,1011.5037,-3.956936,-1.5615816,1.0,93.8817,0.23679808
2025-03-11 12:00:00,26.029022,24.559937,1009.21313,-2.7630558,-1.1011267,1.0,91.6312,2.0252104
2025-03-11 18:00:00,25.046234,24.169006,1011.3681,-0.9435053,-1.2043552,1.0000001,94.88963,0.0
2025-03-12 00:00:00,24.881622,23.85434,1008.7725,-0.009840965,-2.1061373,1.0000001,94.03163,0.009051025
2025-03-12 06:00:00,27.00998,24.676727,1011.3956,-3.3332062,-0.32027912,0.9553267,87.08855,3.1541736
2025-03-12 12:00:00,27.501068,24.083832,1008.1325,-1.198245,-0.10252285,0.9978494,81.66443,0.0
2025-03-12 18:00:00,25.13321,23.976135,1010.0781,0.52800846,-0.95545864,0.008971702,93.31241,0.0
2025-03-13 00:00:00,25.73233,24.18991,1008.46564,0.60631275,-0.8080492,0.9358521,91.21146,0.0003813766
2025-03-13 06:00:00,31.143707,24.056458,1010.15936,-1.4491177,-0.40809727,0.4156639,66.06388,0.00076321885
2025-03-13 12:00:00,30.63028,24.18454,1006.76,-3.0743446,0.68586254,0.0053221015,68.5538,0.0
2025-03-13 18:00:00,26.069,24.085419,1009.01,-1.6767654,0.9338518,0.0039520264,88.85193,0.0
2025-03-14 00:00:00,25.675568,23.705292,1008.1138,-0.07853031,0.98676383,0.77799666,88.89221,0.0
2025-03-14 06:00:00,31.54898,23.94629,1010.6819,-0.8427782,0.19960696,0.5409221,64.13217,0.00076321885
2025-03-14 12:00:00,31.156525,24.062897,1007.0175,-3.0204735,0.50123686,0.0,66.04118,0.0
2025-03-14 18:00:00,27.220367,24.37033,1009.9919,-2.0521345,1.4765589,0.022075653,84.45714,0.0
2025-03-15 00:00:00,26.323456,23.317719,1008.6238,-0.43388462,1.244489,0.2839802,83.57262,0.0
2025-03-15 06:00:00,31.771759,23.698639,1010.8544,-0.5471754,0.62347275,0.27477312,62.389927,0.0
2025-03-15 12:00:00,30.890533,24.123688,1007.84186,-3.2074604,0.7703428,0.0,67.295746,0.0
2025-03-15 18:00:00,27.190887,24.360443,1010.7825,-1.8842659,0.29151738,0.0,84.55319,0.0
2025-03-16 00:00:00,26.873077,24.576324,1009.36127,-0.0044107437,-0.7081375,0.09777849,87.2666,0.007919036
2025-03-16 06:00:00,31.707062,25.299591,1011.3375,-2.1113844,0.7664664,0.3309727,68.91578,0.20932484
2025-03-16 12:00:00,30.799957,25.434906,1007.27124,-2.738428,1.0763519,0.12409474,73.15471,0.0
2025-03-16 18:00:00,27.243805,25.643677,1009.9288,-1.1706257,1.0041184,0.115737036,90.993324,0.0
2025-03-17 00:00:00,27.689056,25.615997,1008.64,0.8377676,0.2941786,0.059222344,88.50671,0.0010496005
2025-03-17 06:00:00,32.9429,25.487946,1010.78125,-0.66920567,0.9481052,0.8557989,64.99216,0.036905877
2025-03-17 12:00:00,32.20645,26.239532,1006.45935,-2.7927094,0.8386818,0.18958467,70.83256,0.0
2025-03-17 18:00:00,27.45108,25.583557,1010.105,-1.8034964,1.7091,0.49651232,89.57473,0.0
2025-03-18 00:00:00,27.43161,25.22876,1008.3325,-0.7241993,1.0401157,0.4264422,87.80546,9.5460564e-05
2025-03-18 06:00:00,32.581818,25.210419,1009.8856,-1.9727011,1.2948822,0.36283928,65.241554,0.07009274
2025-03-18 12:00:00,31.398468,24.738861,1007.4369,-3.292738,1.4653925,0.03599721,67.82897,0.0
2025-03-18 18:00:00,27.53128,25.128265,1011.0075,-1.7257881,1.2242298,0.9200749,86.77387,0.0
2025-03-19 00:00:00,27.436676,24.916168,1010.02435,-0.066114426,1.2915367,0.20424902,86.159424,0.009350479
2025-03-19 06:00:00,32.240997,26.389435,1012.6788,-2.6000853,2.3187442,0.3342374,71.32281,0.13407025
2025-03-19 12:00:00,31.36441,25.651703,1008.8181,-3.9337854,1.5870105,0.05952593,71.75611,0.0
2025-03-19 18:00:00,27.520752,25.273682,1012.795,-1.9902964,0.4695961,0.5952696,87.582275,0.0001899898
2025-03-20 00:00:00,27.616669,24.406647,1011.73126,-1.920126,-0.1192286,0.43296206,82.69934,0.0
2025-03-20 06:00:00,32.617584,24.306915,1013.8275,-2.8693504,0.99023384,0.11535818,61.689495,0.0011445954
2025-03-20 12:00:00,30.946686,23.857819,1009.71936,-3.460186,0.072582245,0.12913215,66.01754,0.0
2025-03-20 18:00:00,28.24002,24.625824,1013.2544,-2.1968088,0.45005342,0.012062073,80.79863,0.0
2025-03-21 00:00:00,27.768768,25.070557,1012.14124,-1.6919355,0.09574413,0.19806135,85.28375,0.0046733767
2025-03-21 06:00:00,31.84439,25.059784,1013.4288,-3.18299,0.24401075,0.36475384,67.41161,0.17472304
2025-03-21 12:00:00,31.382599,25.480133,1009.78,-3.9706354,-0.059988976,0.18145752,70.95544,0.0
2025-03-21 18:00:00,28.154968,25.36731,1012.03625,-1.9987831,0.10052967,0.05303192,84.87013,0.0
2025-03-22 00:00:00,28.089111,24.86972,1010.79126,-1.8720026,0.310448,0.19656229,82.7081,0.0043893233
2025-03-22 06:00:00,32.581207,25.450348,1012.6225,-3.3710232,0.75981396,0.27762806,66.18149,0.071247995
2025-03-22 12:00:00,31.293915,25.484955,1009.6356,-2.5090523,1.0203699,0.13932703,71.33484,0.0
2025-03-22 18:00:00,27.196991,25.02417,1011.8225,-1.8001003,-0.14700246,0.09203458,87.94284,0.0014319085
2025-03-23 00:00:00,27.36612,24.857544,1010.34186,-1.3686142,1.7099332,0.12356603,86.21409,0.0
2025-03-23 06:00:00,31.862457,24.850433,1012.09564,-2.3836308,0.93606764,0.47880298,66.506996,0.1296971
2025-03-23 12:00:00,30.174103,25.252563,1009.22314,-3.6539383,0.06614399,0.33585477,75.00581,0.0
2025-03-23 18:00:00,26.88205,25.55722,1011.85876,-1.6615553,-0.7023363,0.08597058,92.47096,0.0
2025-03-24 00:00:00,26.579254,24.886597,1009.965,-1.2037067,-0.74252415,0.2966832,90.450195,0.0
2025-03-24 06:00:00,32.637726,25.222473,1011.7706,-2.8710356,-1.0745764,0.45929402,65.082924,0.016021695
2025-03-24 12:00:00,30.7305,25.66983,1008.0831,-4.2458963,-0.5697489,0.039765753,74.477295,0.0
2025-03-24 18:00:00,27.248016,24.982208,1010.5044,-2.1072264,-0.9082899,0.04111762,87.46095,0.0
2025-03-25 00:00:00,25.565704,23.894043,1007.8013,-0.7186594,-1.2512226,0.33995822,90.4955,9.5460564e-05
2025-03-25 06:00:00,31.902374,24.251007,1009.5006,-1.6685591,-0.72619057,0.24807823,64.01937,0.0
2025-03-25 12:00:00,30.516754,24.175568,1005.51935,-3.7417965,-0.9906969,0.00800705,68.96346,0.0
2025-03-25 18:00:00,26.100677,23.416443,1008.025,-2.051817,0.602107,0.023733139,85.18607,0.0
2025-03-26 00:00:00,24.771454,22.91034,1006.71313,0.4129572,-0.4671831,0.1586179,89.410614,0.0
2025-03-26 06:00:00,31.644196,23.102692,1008.60315,-0.6393833,0.7687953,0.6936686,60.623516,0.0
2025-03-26 12:00:00,31.121246,23.681915,1004.4981,-2.8256207,0.919224,0.9117775,64.67543,0.0
2025-03-26 18:00:00,25.941193,22.26529,1007.865,-1.2423658,1.5260911,0.4485109,80.19977,0.0
2025-03-27 00:00:00,25.373016,22.942596,1006.77374,1.1404934,-0.3784539,0.7603774,86.430916,0.0
2025-03-27 06:00:00,32.913116,23.870392,1008.10876,0.47209048,0.8460476,0.95802855,59.102165,0.0
2025-03-27 12:00:00,32.135162,25.198395,1003.5556,-2.6689777,2.472845,0.981744,66.86043,0.0
2025-03-27 18:00:00,28.475525,25.202911,1006.5737,-0.092204094,2.8970757,0.8675978,82.49132,0.0
2025-03-28 00:00:00,26.905975,24.668549,1005.8894,1.4921231,0.75339705,0.9546824,87.5796,0.0
2025-03-28 06:00:00,33.253815,23.486237,1007.3881,-0.17149615,2.1766899,0.99665534,56.6558,0.0
2025-03-28 12:00:00,32.051178,24.006866,1003.4169,-1.8113537,3.1135912,0.94477755,62.55879,0.0
2025-03-28 18:00:00,26.823212,24.888641,1006.57935,-0.31636333,2.0847769,0.9996034,89.17126,0.0
2025-03-29 00:00:00,25.367767,24.1456,1004.97186,0.92506903,1.6486462,0.6220946,92.95997,0.0
2025-03-29 06:00:00,33.79129,23.031158,1007.1869,-0.6483774,0.4306758,0.014625549,53.48519,9.458745e-08
2025-03-29 12:00:00,32.47403,20.999176,1003.475,-3.2117853,1.5119016,0.0,50.88095,0.0
2025-03-29 18:00:00,26.742096,23.848297,1007.2463,-1.664218,1.6443477,0.0,84.18443,0.0
2025-03-30 00:00:00,25.190216,23.201324,1006.9344,-0.10118961,1.0770538,0.16801453,88.75426,0.0
2025-03-30 06:00:00,32.578888,21.18753,1008.6456,-1.5240002,1.4970317,0.0,51.169247,0.0
2025-03-30 12:00:00,31.406158,21.338287,1005.0756,-2.2835817,1.608166,0.0,55.190647,0.0
2025-03-30 18:00:00,26.228058,22.309113,1008.5325,-2.2392225,0.67141986,0.0,79.06111,0.0
2025-03-31 00:00:00,25.92923,23.589752,1007.21936,-1.8524113,0.89057064,0.42289254,86.958595,0.0
2025-03-31 06:00:00,31.913116,23.820953,1008.8787,-2.416068,1.591227,0.4891094,62.34919,0.002288958
2025-03-31 12:00:00,30.59439,22.591888,1005.0525,-3.6610212,0.91996783,0.04738617,62.399776,0.0
2025-03-31 18:00:00,27.317657,23.73462,1008.0375,-2.4588356,0.83469677,0.002374649,80.83166,0.0
2025-04-01 00:00:00,26.579193,23.851898,1006.3331,-1.1018801,1.0402727,0.35431337,85.01435,0.0003814348
2025-04-01 06:00:00,31.429718,23.843964,1008.8187,-2.3805485,1.9577112,0.34492463,64.172386,0.07037673
2025-04-01 12:00:00,30.833649,23.677155,1004.6987,-4.2071447,1.2945585,0.50139475,65.72649,0.0
2025-04-01 18:00:00,28.236053,23.883636,1008.02374,-2.3004942,1.8999996,0.7827631,77.29993,0.0
2025-04-02 00:00:00,27.660492,23.813873,1006.47565,-0.98258114,1.3620673,0.57341766,79.604546,0.0
2025-04-02 06:00:00,33.161407,23.998077,1008.54376,-2.1543932,2.128456,0.40851164,58.73215,0.057324767
2025-04-02 12:00:00,30.480133,25.843597,1005.8831,-3.403163,1.187599,0.96769035,76.33401,0.13449484
2025-04-02 18:00:00,28.278046,25.73056,1009.67126,-2.7151299,1.5483654,0.99196774,86.10149,0.0
2025-04-03 00:00:00,26.541443,24.939484,1009.05,-1.2022238,0.6162441,0.9999996,90.938416,1.3000267
2025-04-03 06:00:00,27.903534,25.334381,1011.415,-0.24520493,-0.88565063,1.0000001,85.95484,0.0
2025-04-03 12:00:00,27.367004,24.491547,1007.9387,-1.9815683,-0.42064095,0.9937682,84.34425,0.0
2025-04-03 18:00:00,27.45816,24.969574,1010.8656,-0.16026688,-0.13633251,0.9671228,86.32568,0.0
2025-04-04 00:00:00,26.587982,24.69104,1009.28064,0.94782186,-0.9990063,0.93332535,89.354065,0.01927535
2025-04-04 06:00:00,33.095734,24.315948,1010.84064,-1.3628426,-0.961503,0.2159639,60.084236,0.04415632
2025-04-04 12:00:00,31.496002,24.231476,1006.74,-3.5480223,0.09023857,0.22354507,65.436226,0.0
2025-04-04 18:00:00,27.754852,24.792023,1010.0469,-0.8842535,0.39643043,0.63174415,83.94663,0.0010430813
2025-04-05 00:00:00,26.373138,24.127106,1008.3781,1.2415453,-0.22026044,0.7066827,87.48821,0.0
2025-04-05 06:00:00,33.145294,22.80896,1009.77185,-0.42794585,0.31009334,0.07822526,54.71522,0.0
2025-04-05 12:00:00,31.392975,22.496857,1005.915,-2.779419,2.1683993,0.14425734,59.27791,0.0
2025-04-05 18:00:00,28.173187,24.553986,1008.6669,0.3501215,1.5798635,0.075267784,80.7659,0.0
2025-04-06 00:00:00,27.472076,24.670471,1006.6838,0.42120326,1.0502045,0.31148338,84.72878,0.0038146973
2025-04-06 06:00:00,33.836334,24.59665,1007.79626,0.7374919,0.3578444,0.27011108,58.618927,0.02231542
2025-04-06 12:00:00,31.76297,26.049347,1004.25,-2.5695992,1.9010947,0.45298523,71.82202,0.0741845
2025-04-06 18:00:00,28.752594,25.40036,1008.525,-0.55833054,1.6446106,0.19423759,82.13434,0.0757128
2025-04-07 00:00:00,27.259003,24.23761,1006.90063,0.05205345,0.34503937,0.8509817,83.598404,0.0
2025-04-07 06:00:00,33.094513,25.034454,1007.59125,-1.0854816,-1.3831844,0.8322509,62.724937,0.020591542
2025-04-07 12:00:00,31.927155,25.326569,1004.8056,-3.7264423,0.7476311,0.123543024,68.17039,0.0
2025-04-07 18:00:00,28.30185,25.477478,1008.5531,-1.4479055,1.0123982,0.4230764,84.700386,0.0
2025-04-08 00:00:00,28.026428,24.995087,1007.79,0.85354424,-1.1209955,0.57326317,83.63395,0.06944314
2025-04-08 06:00:00,33.763947,24.782867,1008.8725,-1.2473841,-2.0226135,0.1463607,59.515232,0.0
2025-04-08 12:00:00,31.956696,25.537872,1005.7369,-3.3628025,-0.80151176,0.15946448,68.91644,0.0
2025-04-08 18:00:00,27.891266,25.910675,1009.3831,-1.7779655,-0.17522144,0.20453218,89.00912,0.0
2025-04-09 00:00:00,27.584137,25.229675,1007.4425,0.82534605,-1.5751238,0.73130035,87.02992,0.016804785
2025-04-09 06:00:00,33.019318,23.688873,1008.77374,-1.473629,-0.695652,0.40947747,58.112103,0.008184463
2025-04-09 12:00:00,31.262115,25.19046,1005.39874,-2.565956,0.38809776,0.32573235,70.22332,0.07494539
2025-04-09 18:00:00,28.694519,25.009644,1007.65436,-0.13057357,1.989275,0.15907443,80.51672,0.0
2025-04-10 00:00:00,27.907654,24.852112,1005.98376,1.6438626,0.29589632,0.9523721,83.5001,0.0012405217
2025-04-10 06:00:00,34.579865,24.210114,1007.0087,2.0678663,1.0745027,0.9313712,54.952747,0.0010484364
2025-04-10 12:00:00,32.111725,26.33023,1001.71375,-0.44221687,4.0081244,0.54228526,71.59553,0.0
2025-04-10 18:00:00,30.416443,26.562286,1005.02124,1.4572506,4.388486,0.69223374,79.9366,0.0
2025-04-11 00:00:00,29.121368,22.698822,1004.2463,3.198166,1.6256275,0.30652994,68.35928,0.0
2025-04-11 06:00:00,35.345123,22.77353,1005.78064,1.8016324,1.1838934,0.12690054,48.300102,0.0
2025-04-11 12:00:00,32.447174,25.269318,1002.96185,0.43216842,3.1379423,0.30056542,65.96983,0.0
2025-04-11 18:00:00,28.247223,24.77884,1006.8731,1.2431571,3.8482711,0.8176915,81.50663,9.685755e-05
2025-04-12 00:00:00,26.607025,25.07547,1005.71564,2.0504627,1.8573467,0.635404,91.32509,0.00097602606
2025-04-12 06:00:00,33.648712,23.878754,1006.5669,3.1565008,1.0771139,0.0,56.74126,0.0
2025-04-12 12:00:00,33.740143,25.02127,1003.08813,-0.30350685,4.574385,0.34672174,60.448242,0.0
2025-04-12 18:00:00,29.75122,26.181183,1007.15625,1.9217713,2.7005649,0.2520147,81.20213,0.0
2025-04-13 00:00:00,28.831696,25.233673,1006.15125,1.1988945,2.0194595,0.43996555,80.95198,0.0
2025-04-13 06:00:00,34.523712,23.647858,1007.16,0.8722633,0.95229524,0.10805817,53.29288,0.0
2025-04-13 12:00:00,32.719757,26.134674,1004.0744,-2.6109982,1.4541225,0.2872852,68.38497,0.0
2025-04-13 18:00:00,29.460022,25.962738,1007.5087,-0.22692013,2.1043532,0.15337223,81.51614,0.0
2025-04-14 00:00:00,28.6893,25.949524,1006.935,-0.30510318,0.3154831,0.43973488,85.166275,0.0035315752
2025-04-14 06:00:00,33.507965,25.19394,1007.47626,-1.6447363,1.3176718,0.08076191,61.871994,0.0
2025-04-14 12:00:00,32.474274,24.559967,1003.4269,-3.3841324,1.7672943,0.022277832,63.13961,0.0
2025-04-14 18:00:00,28.774292,25.015167,1007.9956,-2.0212212,1.6055802,0.19387609,80.17145,0.0
2025-04-15 00:00:00,27.318329,24.75534,1007.20624,1.0885,0.4078989,0.83163565,85.929855,0.015262514
2025-04-15 06:00:00,32.983917,24.315094,1008.03436,-1.1265507,0.33264667,0.53589725,60.4599,0.0
2025-04-15 12:00:00,31.813019,25.740265,1004.4919,-3.4908104,1.5422935,0.034514092,70.319336,0.0
2025-04-15 18:00:00,28.751099,26.005524,1008.35126,-2.2099085,1.59254,0.0979923,85.14329,0.0
2025-04-16 00:00:00,27.781769,25.184692,1007.3669,-0.8909712,1.6005535,0.18073057,85.80035,0.0069625676
2025-04-16 06:00:00,32.70511,24.641266,1008.52185,-0.74922657,2.2293584,0.27576923,62.62688,0.0036228448
2025-04-16 12:00:00,31.183868,25.067902,1004.9919,-3.5659142,1.7785306,0.12985992,70.023895,0.0
2025-04-16 18:00:00,28.43396,25.12915,1008.1044,-1.9207096,1.9855871,0.07350175,82.32842,0.0
2025-04-17 00:00:00,27.751678,25.24759,1007.02563,0.38960648,1.758327,0.60411686,86.27369,0.21001697
2025-04-17 06:00:00,33.09854,25.47055,1007.9325,0.23418188,2.2414675,0.29418015,64.3595,0.0
2025-04-17 12:00:00,32.246002,25.866364,1003.5625,-2.2473583,3.2282724,0.05900115,69.131294,0.003427267
2025-04-17 18:00:00,29.828583,26.009064,1006.9244,-0.89734745,3.1877527,0.0876904,80.02275,0.0
2025-04-18 00:00:00,29.210083,26.184448,1006.21124,0.16127735,3.007371,0.36450893,83.792755,0.0031478703
2025-04-18 06:00:00,34.450226,25.39035,1007.065,0.1289978,3.430643,0.35712016,59.39176,0.0027650967
2025-04-18 12:00:00,32.590973,26.06314,1002.91187,-0.7591467,4.526825,0.15487362,68.59234,0.0
2025-04-18 18:00:00,29.815826,26.34488,1006.5119,0.45377052,4.187168,0.13932337,81.686775,0.0
2025-04-19 00:00:00,28.825775,26.600677,1005.1575,1.307282,2.4432075,0.28338265,87.807625,0.0
2025-04-19 06:00:00,34.91446,24.168488,1006.22876,0.949647,1.3462704,0.705071,53.80696,0.001144479
2025-04-19 12:00:00,33.600006,26.054352,1002.6256,-1.0669775,3.9047709,0.15033084,64.77862,0.0
2025-04-19 18:00:00,30.230621,27.027863,1006.10187,-0.03027916,4.5917845,0.2625586,83.03616,0.0
2025-04-20 00:00:00,29.644592,26.90091,1005.1919,1.1017597,2.6572676,0.2024824,85.242836,0.0013364479
2025-04-20 06:00:00,34.393463,26.002655,1006.76373,0.3860883,1.7358208,0.25194752,61.78321,0.0070557
2025-04-20 12:00:00,33.8273,26.866241,1002.9906,-1.169879,3.4077027,0.05355468,67.09754,0.0
2025-04-20 18:00:00,30.49826,26.997467,1007.2175,-0.33103085,3.6934881,0.4544099,81.62648,0.0
2025-04-21 00:00:00,29.352295,26.433716,1006.35065,0.33762825,2.1734571,0.20114988,84.339424,0.0068666413
2025-04-21 06:00:00,34.44217,24.963287,1008.005,-1.2001934,1.8281072,0.10290566,57.926514,0.020506792
2025-04-21 12:00:00,33.233673,25.158234,1005.1325,-2.6404934,2.035972,0.0,62.697403,0.0
2025-04-21 18:00:00,29.660278,26.348785,1008.96564,-1.1372557,2.366524,0.0,82.44056,0.0
2025-04-22 00:00:00,28.744629,26.20169,1008.405,-0.62887764,2.1505315,0.29092926,86.16904,0.03299862
2025-04-22 06:00:00,33.1597,26.08963,1009.7419,-1.1578941,2.0798607,0.19959503,66.53626,0.012682751
2025-04-22 12:00:00,32.431793,24.63382,1005.9313,-3.2787294,1.8458261,0.002658844,63.571327,0.0
2025-04-22 18:00:00,29.584564,26.322235,1009.26935,-0.7640915,2.8380156,0.22529602,82.67133,0.0
2025-04-23 00:00:00,28.45279,25.715668,1007.1869,1.1200247,1.635963,0.36537075,85.15572,0.0041034073
2025-04-23 06:00:00,33.974884,25.280975,1007.9494,-0.05731839,1.768544,0.22274497,60.590588,0.0046696514
2025-04-23 12:00:00,32.645782,25.201324,1003.9975,-2.4868002,3.0002136,0.23995972,64.97153,0.0
2025-04-23 18:00:00,30.313568,26.443573,1006.5513,-0.103001714,4.3305206,0.023515766,79.84841,0.0
2025-04-24 00:00:00,29.296143,26.284393,1005.3525,1.1222627,1.7685847,0.066207886,83.87089,0.001241453
2025-04-24 06:00:00,34.706818,25.099182,1007.04877,-0.3651085,1.4070809,0.14927974,57.54496,0.0063879415
2025-04-24 12:00:00,33.750275,25.976593,1002.6887,-1.8951397,3.4132657,0.053329468,63.941486,0.0
2025-04-24 18:00:00,30.490326,26.794464,1006.6138,-0.70256805,4.2239437,0.03924223,80.694786,0.0
2025-04-25 00:00:00,29.417877,26.39212,1005.3194,0.29895407,2.2747395,0.07918073,83.814835,0.010307878
2025-04-25 06:00:00,34.345367,26.511627,1006.9475,-1.0382328,2.6116333,0.24640924,63.83954,0.1594387
2025-04-25 12:00:00,32.521515,26.908112,1003.6725,-1.4568558,3.554677,0.20049028,72.37951,0.0
2025-04-25 18:00:00,30.059906,26.754333,1006.7544,-0.78689384,4.289999,0.251082,82.51619,0.0
2025-04-26 00:00:00,28.997253,26.461395,1005.4819,-0.14696026,2.336684,0.51958466,86.22894,0.029761069
2025-04-26 06:00:00,33.932037,26.675262,1007.1769,-1.3985023,3.2628622,0.28716838,65.96071,0.054342892
2025-04-26 12:00:00,32.611603,25.533722,1004.02936,-0.67485905,3.579177,0.17608652,66.39621,0.0
2025-04-26 18:00:00,29.731476,26.297943,1007.3281,0.36297315,2.8868885,0.062319472,81.85718,0.004867092
2025-04-27 00:00:00,28.373566,26.11966,1006.3194,-0.299757,2.6860967,0.26697665,87.62005,0.007538125
2025-04-27 06:00:00,33.209747,26.344635,1008.1319,-1.2439623,2.4602375,0.79389507,67.35681,0.0140070915
2025-04-27 12:00:00,31.467133,25.643524,1005.1475,-2.6766586,3.012064,0.70543236,71.30356,0.0
2025-04-27 18:00:00,29.31192,25.972565,1008.06,-0.78339005,2.5465574,0.9223816,82.263794,0.011638738
2025-04-28 00:00:00,27.68045,24.944794,1006.15625,0.08547115,2.5439243,0.9812761,85.08461,0.1740948
2025-04-28 06:00:00,32.54129,26.69748,1007.12,-0.8463621,2.8909988,0.7458579,71.40849,0.0
2025-04-28 12:00:00,32.764313,24.644165,1003.325,-1.8031645,2.3415723,0.42400628,62.429226,0.0
2025-04-28 18:00:00,29.26474,25.326447,1006.6144,-0.7391386,2.6976671,0.86103565,79.385796,0.0
2025-04-29 00:00:00,28.386414,25.286713,1005.48126,0.8102125,1.7028215,0.9898105,83.33428,0.031977892
2025-04-29 06:00:00,33.656647,25.287384,1006.4938,-0.7220421,1.7554579,0.38393748,61.70134,0.008359551
2025-04-29 12:00:00,32.23648,26.463898,1003.1138,-1.33428,3.3047838,0.49634826,71.655106,0.012677163
2025-04-29 18:00:00,29.799255,26.260345,1006.5444,0.30777162,3.36094,0.89974517,81.35759,0.0
2025-04-30 00:00:00,28.700867,26.023193,1005.5825,1.012648,2.4224453,0.964245,85.48103,0.004200265
2025-04-30 06:00:00,34.230377,25.241852,1006.835,1.2031412,2.433539,0.6606133,59.594448,0.057501994
2025-04-30 12:00:00,33.01541,26.321564,1003.26,-0.72028065,5.134906,0.56838644,68.003426,0.0
2025-04-30 18:00:00,29.921906,26.390472,1007.2344,0.43211395,4.822871,0.99477595,81.40869,0.0
2025-05-01 00:00:00,29.095612,25.740082,1006.85126,2.0710897,2.2542925,1.0000001,82.15927,9.49949e-05
2025-05-01 06:00:00,34.543854,24.82257,1007.2994,1.0894529,3.0468483,0.9583662,57.118244,0.0
2025-05-01 12:00:00,32.461456,26.30777,1004.27435,-0.46575928,4.8274126,0.978172,70.10148,0.0
2025-05-01 18:00:00,30.011505,26.511383,1007.095,1.0623156,3.3843079,0.9916684,81.57021,0.0
2025-05-02 00:00:00,28.992798,26.493683,1006.5662,1.1539135,2.1871967,0.97226703,86.415596,0.0
2025-05-02 06:00:00,34.558624,24.971588,1008.07623,-0.4982233,2.6093178,0.16950226,57.581085,0.0
2025-05-02 12:00:00,31.35379,25.0253,1004.33875,-1.1259384,4.7896643,0.36531305,69.17393,0.0
2025-05-02 18:00:00,29.329926,26.009918,1007.57,1.8576494,3.4829626,0.9378978,82.3602,0.00038184226
2025-05-03 00:00:00,28.0737,25.598053,1006.3738,1.38386,1.8640255,0.97860676,86.449905,0.0
2025-05-03 06:00:00,35.34012,23.530304,1006.77686,1.1252415,1.7976512,0.7468812,50.57513,0.0
2025-05-03 12:00:00,33.18155,25.353058,1003.07623,-1.600419,4.1477423,0.11092377,63.614376,0.0
2025-05-03 18:00:00,30.309906,26.650726,1005.9281,0.8970522,4.320304,0.03799596,80.84627,0.0
2025-05-04 00:00:00,29.276123,26.273468,1005.03375,0.6571062,2.1054552,0.047457807,83.91376,0.0
2025-05-04 06:00:00,36.17093,24.525055,1005.445,1.0185483,1.0286794,0.1117897,51.285862,0.0
2025-05-04 12:00:00,32.90909,26.401764,1002.3713,-2.4244003,4.2611227,0.3879482,68.7358,0.6342828
2025-05-04 18:00:00,27.486725,24.68753,1007.3038,1.3478374,0.69223976,0.7968064,84.742516,0.0
2025-05-05 00:00:00,26.255402,24.290253,1005.3194,0.3174181,2.728305,0.99604535,88.96476,0.0
2025-05-05 06:00:00,32.382294,24.4581,1005.3869,1.3479334,1.7104349,0.814418,63.08259,0.0038144062
2025-05-05 12:00:00,31.798004,25.464691,1003.3275,-2.176341,2.985726,0.16200864,69.23745,0.0
2025-05-05 18:00:00,29.290985,26.745758,1006.165,-0.28763485,4.1368484,0.5085526,86.2091,0.0
2025-05-06 00:00:00,28.805725,26.051086,1006.055,0.91730785,2.1138546,0.37118447,85.10319,0.003721565
2025-05-06 06:00:00,34.79007,25.83664,1006.2413,0.55450207,1.1170142,0.47418487,59.84517,0.0
2025-05-06 12:00:00,32.420685,26.033356,1003.0144,-1.0296926,3.137667,0.76713073,69.1326,0.001527369
2025-05-06 18:00:00,27.866974,24.681427,1006.1138,1.0754015,3.4528017,0.7260398,82.84964,0.0
2025-05-07 00:00:00,27.252777,25.450775,1004.90436,1.5389402,0.53650093,0.16801317,89.90965,0.0
2025-05-07 06:00:00,34.249664,25.582306,1005.2006,-0.12627888,0.2093277,0.8095724,60.747414,0.01392141
2025-05-07 12:00:00,32.58365,25.28366,1002.73315,-1.5836592,3.8198862,0.67030615,65.51978,0.0
2025-05-07 18:00:00,28.873993,25.00473,1006.0656,0.74947,3.1890974,0.9974365,79.659966,0.0
2025-05-08 00:00:00,27.0997,23.950104,1004.7019,1.3938459,0.54961205,0.30498925,82.93951,0.0
2025-05-08 06:00:00,35.065826,22.957306,1005.9194,1.5699843,0.7633997,0.027831819,49.601486,0.0
2025-05-08 12:00:00,31.757599,23.701202,1003.53125,-1.3661318,3.655963,0.548458,62.4497,0.024214387
2025-05-08 18:00:00,29.596039,25.560333,1006.53125,0.26899934,2.440199,0.81093085,78.97273,0.0
2025-05-09 00:00:00,28.740051,26.088226,1005.70624,1.4304962,0.9394455,0.6388097,85.61571,0.0
2025-05-09 06:00:00,34.933502,24.219269,1006.2519,0.3124628,-0.07744026,0.42661965,53.914154,0.00047672074
2025-05-09 12:00:00,32.33084,25.821259,1003.9025,-2.7054367,2.302855,0.82377094,68.61706,0.037664663
2025-05-09 18:00:00,30.037231,26.303833,1007.28625,-1.0471497,3.3857055,0.6608846,80.45843,0.0
2025-05-10 00:00:00,28.356323,25.812714,1005.97687,0.38458264,1.2154317,0.25766408,86.1287,0.0
2025-05-10 06:00:00,33.907135,25.141937,1007.1206,1.0882723,2.1070313,0.27739736,60.3189,0.017929822
2025-05-10 12:00:00,32.73575,26.197418,1004.0094,-0.36707878,3.6401246,0.358984,68.577255,0.04499778
2025-05-10 18:00:00,30.537262,26.540466,1006.1406,0.7686618,3.208619,0.09091295,79.28349,0.0
2025-05-11 00:00:00,28.992706,26.202179,1005.3906,1.3212478,0.9018879,0.09479721,84.94185,0.0
2025-05-11 06:00:00,35.32437,23.775421,1005.9331,1.5273345,1.0903661,0.09479207,51.371967,0.0
2025-05-11 12:00:00,33.290802,25.348785,1002.4925,-0.7106075,4.3228498,0.15756586,63.20947,0.0
2025-05-11 18:00:00,29.976196,26.060944,1004.97314,2.05556,4.1325607,0.07605943,79.590324,0.0
2025-05-12 00:00:00,28.837067,25.506378,1003.59375,1.7553498,1.0233049,0.009529114,82.24967,0.0
2025-05-12 06:00:00,36.300446,22.583649,1003.985,2.5809393,0.23322523,0.1870842,45.299274,9.534415e-05
2025-05-12 12:00:00,34.9899,24.81607,1000.3819,-0.5104189,3.0825315,0.28201085,55.699898,0.0
2025-05-12 18:00:00,30.439209,26.293121,1004.46185,2.3466196,3.081826,0.99267846,78.57479,0.0
2025-05-13 00:00:00,29.683899,25.47293,1002.71436,1.6878881,1.2025824,0.97531664,78.16717,0.0
2025-05-13 06:00:00,35.909332,24.543427,1003.9819,2.1160657,0.8111387,0.53968996,52.08629,0.0007627532
2025-05-13 12:00:00,34.73282,24.533966,1000.4825,-0.9325819,2.3835583,0.26835445,55.555183,0.0
2025-05-13 18:00:00,30.521088,26.809723,1004.1238,0.65584433,3.2566092,0.31049967,80.62515,0.0
2025-05-14 00:00:00,30.590973,26.522125,1003.44,2.134925,0.9871292,0.740365,78.95479,0.0
2025-05-14 06:00:00,35.61258,24.781708,1004.26874,0.29849052,-0.9757881,0.978966,53.70456,0.0045776833
2025-05-14 12:00:00,32.804962,24.758942,1001.1362,-3.089858,1.8392181,0.69543356,62.71516,0.3188669
2025-05-14 18:00:00,29.478912,25.852325,1005.90686,1.9858927,0.5235265,0.64383024,80.8967,0.0
2025-05-15 00:00:00,28.256805,24.553558,1003.9456,2.4927197,-0.9741821,0.99910873,80.37163,0.0
2025-05-15 06:00:00,34.387115,25.048645,1005.0106,0.2655592,0.08797127,0.9385321,58.400673,0.031184405
2025-05-15 12:00:00,32.080963,25.676605,1002.1337,-1.5091772,2.7060633,0.1370697,68.99906,0.1844056
2025-05-15 18:00:00,28.765778,25.767792,1006.29,1.8561803,3.4540863,0.48430723,83.88138,0.0
2025-05-16 00:00:00,28.901215,25.152802,1003.2425,2.9025068,1.4310439,0.09839915,80.23928,0.0
2025-05-16 06:00:00,35.11136,24.646088,1004.4856,1.5659392,-0.5436039,0.48138082,54.767426,0.0
2025-05-16 12:00:00,30.828522,24.952484,1001.98627,-0.2788267,3.1711984,0.99999976,70.9676,0.020682812
2025-05-16 18:00:00,29.062042,26.760895,1005.53436,1.6586483,-0.23098564,0.9999999,87.43547,0.0
2025-05-17 00:00:00,26.961334,24.092133,1003.41315,0.9047823,-0.8554115,0.99265695,84.33254,0.0
2025-05-17 06:00:00,30.28952,24.709198,1005.1331,2.003357,2.0909,0.9499848,72.135315,0.088490546
2025-05-17 12:00:00,29.68692,26.567657,1002.635,0.52451074,2.336073,1.0,83.38361,1.3032413
2025-05-17 18:00:00,26.34793,25.163177,1006.2456,3.1810772,-0.15501022,1.0000002,93.21689,0.0
2025-05-18 00:00:00,25.60904,22.893555,1002.97437,2.9820127,0.52769375,1.0,84.974815,0.0
2025-05-18 06:00:00,30.781403,26.724762,1004.1925,1.0883408,-0.27431393,0.9992789,79.0377,0.5615581
2025-05-18 12:00:00,31.005096,25.840057,1000.8069,-0.05133152,3.406868,0.98464924,74.06244,0.0
2025-05-18 18:00:00,27.451813,25.699432,1003.4194,1.9653726,1.3948336,0.99999994,90.18887,0.19812584
2025-05-19 00:00:00,26.231293,24.512878,1001.3731,3.066165,0.67084026,0.9804449,90.287384,4.6414547
2025-05-19 06:00:00,30.264008,26.891937,1003.1231,3.25605,-0.14062881,0.9593199,82.218,0.0
2025-05-19 12:00:00,31.251984,26.281097,1000.2825,-0.5714588,2.7109866,1.0,74.95802,0.0
2025-05-19 18:00:00,28.840912,26.091736,1002.2969,2.2478237,2.2787356,0.9816515,85.13428,0.0
2025-05-20 00:00:00,28.18396,25.487762,1001.27435,2.159707,1.773886,1.0,85.33566,0.0
2025-05-20 06:00:00,31.389313,25.560577,1002.7325,3.2883425,-0.082369804,0.99533737,71.26803,0.11139207
2025-05-20 12:00:00,31.766144,24.738617,1000.39,0.64406085,3.0581117,0.9999998,66.426186,0.0
2025-05-20 18:00:00,28.796661,26.175446,1003.0112,1.3434236,2.096387,1.0000001,85.776344,0.0
2025-05-21 00:00:00,28.416656,22.727081,1002.7294,3.3281393,-0.40624624,0.98308355,71.33238,0.0
2025-05-21 06:00:00,33.17032,24.135834,1004.5712,3.1902437,1.4511964,1.0,59.19028,0.0
2025-05-21 12:00:00,33.194,25.350983,1000.98376,1.0774872,1.4937449,0.9996034,63.562077,0.0023841858
2025-05-21 18:00:00,29.724945,26.897125,1004.47437,1.2933998,2.0822172,0.968019,84.83043,0.0
2025-05-22 00:00:00,28.834747,22.165558,1003.71375,3.2148952,0.045466423,0.98995817,67.28637,0.0
2025-05-22 06:00:00,34.32596,24.229187,1004.8925,2.1541958,0.7844243,0.36778164,55.798233,0.0003813766
2025-05-22 12:00:00,32.820343,24.705963,1002.045,0.36275768,2.6307662,0.25778556,62.46288,0.155902
2025-05-22 18:00:00,30.020538,27.428009,1004.52124,0.91323704,3.735855,0.876126,86.03912,0.0
2025-05-23 00:00:00,29.563263,26.971466,1002.27313,1.5091422,0.2650013,0.80164105,85.999176,0.0011473894
2025-05-23 06:00:00,34.53128,25.21933,1002.96,2.310832,2.5493174,0.5242725,58.526184,0.0448199
2025-05-23 12:00:00,32.268707,25.784943,999.3762,0.38717365,4.612092,0.2873997,68.710335,0.0
2025-05-23 18:00:00,28.73172,26.577423,1002.8856,1.9719772,1.9395989,0.35077178,88.16687,0.005912967
2025-05-24 00:00:00,28.649078,24.4664,1002.2425,2.6072798,1.1094428,0.99921274,78.15145,0.0
2025-05-24 06:00:00,31.599152,25.056915,1002.53687,2.3650846,2.9761658,0.975439,68.34451,0.0
2025-05-24 12:00:00,32.772003,24.317047,1000.01373,1.5663452,2.1992512,1.000001,61.192287,0.0044852495
2025-05-24 18:00:00,29.692902,24.15921,1003.8088,3.4661846,2.7500439,0.9926753,72.23296,0.0
2025-05-25 00:00:00,27.961517,24.503326,1002.7506,3.027895,2.905242,1.0000002,81.520935,0.0022947788
2025-05-25 06:00:00,32.28714,24.796814,1003.0,3.7351503,2.7618935,0.98775846,64.72006,0.0
2025-05-25 12:00:00,32.196625,24.416412,1001.72687,3.123128,1.8910916,1.0,63.588993,0.0011473894
2025-05-25 18:00:00,29.172699,24.206757,1004.64874,2.6985397,1.060847,1.0,74.64647,0.0
2025-05-26 00:00:00,28.431244,23.416656,1002.91815,3.9497864,2.772008,1.0,74.307686,0.0001899898
2025-05-26 06:00:00,30.048065,24.57779,1003.90814,3.1908445,2.8458004,1.0,72.569466,0.0
2025-05-26 12:00:00,31.868134,23.428497,1001.09686,3.5744581,1.8635006,1.0,61.047905,0.007815659
2025-05-26 18:00:00,29.242157,23.14621,1003.34625,3.8721762,2.3464737,0.99999994,69.74792,0.0
2025-05-27 00:00:00,28.03946,23.259735,1001.4325,3.5095582,3.0632715,0.9521588,75.30499,0.0
2025-05-27 06:00:00,33.891876,23.771637,1002.0513,6.2534046,2.8757052,1.0,55.615677,0.0
2025-05-27 12:00:00,33.75003,23.490875,999.3044,3.9919481,2.2127974,0.99166846,55.1182,0.0
2025-05-27 18:00:00,30.264313,22.524261,1002.4931,4.8011646,1.4843016,0.9907113,63.330143,0.0
2025-05-28 00:00:00,28.998138,22.818024,1000.935,4.460411,1.3584857,1.0,69.34778,0.0
2025-05-28 06:00:00,34.83145,23.15628,1001.6231,7.394191,2.0012898,1.0,50.858616,0.009536743
2025-05-28 12:00:00,34.18924,23.06778,999.3144,5.3104553,1.6251149,1.0,52.42632,0.0
2025-05-28 18:00:00,30.510162,22.137848,1001.89185,5.1830845,1.7941113,0.9987187,60.993694,0.0
2025-05-29 00:00:00,28.97049,23.513885,1001.1312,4.151559,2.1748037,1.0,72.442795,0.508757
2025-05-29 06:00:00,33.468292,24.064728,1001.6312,6.331566,2.536807,1.0,57.96139,0.0
2025-05-29 12:00:00,32.507538,24.0784,999.3837,3.4321136,2.5360436,1.0,61.228497,0.021764081
2025-05-29 18:00:00,29.706512,23.145966,1002.03314,4.3024855,1.7445787,1.0,67.90357,0.0
2025-05-30 00:00:00,27.622528,23.98706,1000.51935,3.5672855,1.9272949,1.0,80.616394,0.17222798
2025-05-30 06:00:00,32.490997,24.746185,1002.65,5.398673,2.187049,0.96491873,63.78616,0.0
2025-05-30 12:00:00,29.525848,25.876678,1001.52435,2.2868927,1.10921,0.9980223,80.79452,13.007142
2025-05-30 18:00:00,27.061493,22.99002,1004.4381,3.9723406,1.1514972,0.7169071,78.44934,0.0
2025-05-31 00:00:00,27.344269,22.862701,1003.755,3.487894,1.8773837,0.69205356,76.5663,0.0
2025-05-31 06:00:00,33.264435,24.829712,1005.2575,4.9588394,0.60878277,0.33834368,61.375206,0.0011455268
2025-05-31 12:00:00,32.744904,25.034943,1002.91187,2.7092435,1.8001542,0.7254441,63.972507,0.0
2025-05-31 18:00:00,29.66092,23.504303,1005.7994,3.223906,1.8384466,0.3032893,69.571075,0.0
2025-06-01 00:00:00,28.560211,23.457916,1005.45935,4.108882,0.30911636,0.87095517,73.936806,0.0
2025-06-01 06:00:00,34.434723,25.262482,1006.2575,3.4052668,0.20999336,0.12419392,58.99266,0.0
2025-06-01 12:00:00,34.304474,25.722198,1003.66876,0.59399414,2.6510463,0.5156125,61.067017,0.0
2025-06-01 18:00:00,29.648499,26.299591,1006.6912,1.7619884,3.3266025,0.7612805,82.257256,0.0
2025-06-02 00:00:00,29.15857,23.67691,1005.5419,2.88198,0.8633194,0.8081851,72.36613,0.0
2025-06-02 06:00:00,34.630768,24.13919,1005.9913,3.6807957,1.2830108,0.9530753,54.56487,0.0
2025-06-02 12:00:00,32.91519,25.487946,1003.96875,0.85034794,4.1492605,0.9440241,65.09351,0.0022947788
2025-06-02 18:00:00,29.35205,26.196442,1006.34625,1.0397325,2.6772904,1.0,83.16732,0.0
2025-06-03 00:00:00,29.287079,22.469635,1005.3825,4.363125,0.045167923,0.971438,66.77212,0.0
2025-06-03 06:00:00,34.210846,24.355774,1006.46,4.0728207,0.89899033,0.42594284,56.58487,0.0
2025-06-03 12:00:00,33.380035,25.324432,1003.6775,1.2348883,3.2863688,0.49417013,62.80293,0.035107136
2025-06-03 18:00:00,29.437592,26.736359,1006.7981,1.2881778,3.0453382,0.2580331,85.435326,0.0
2025-06-04 00:00:00,28.85434,23.609283,1006.3525,3.182084,0.8190263,0.2066415,73.352295,0.0
2025-06-04 06:00:00,34.265656,24.450256,1006.54565,3.8095646,1.5909688,0.36479837,56.732452,0.0
2025-06-04 12:00:00,33.47696,25.55008,1003.515,0.64774036,3.0056462,0.1931827,63.30595,0.005722046
2025-06-04 18:00:00,29.699615,26.746857,1006.7025,1.0330786,3.4039621,0.3549953,84.20666,0.0
2025-06-05 00:00:00,29.066437,23.810944,1005.9075,2.9255133,0.7516031,0.30091518,73.34202,0.0
2025-06-05 06:00:00,34.668,23.121368,1006.5725,2.0244865,-1.068614,0.7632463,51.213955,0.0
2025-06-05 12:00:00,34.235138,25.374176,1004.2594,-1.1647301,1.9386994,0.039772354,60.049473,0.0
2025-06-05 18:00:00,30.029633,26.78421,1007.755,0.64410216,3.3563728,0.074612185,82.805214,0.0
2025-06-06 00:00:00,28.940643,26.287994,1006.7506,1.3880908,1.3519659,0.4625638,85.63126,0.0
2025-06-06 06:00:00,33.707306,24.921051,1007.08,1.4067925,1.716805,0.36497033,60.198498,0.0049592927
2025-06-06 12:00:00,33.089508,27.45877,1004.265,-0.52127457,2.9408607,0.5515027,72.40323,0.0
2025-06-06 18:00:00,29.574371,26.685028,1007.5506,1.1257182,3.9292564,0.97720206,84.508316,0.0
2025-06-07 00:00:00,29.04065,26.131989,1006.9825,1.8763632,1.6990328,0.5100427,84.355774,0.0
2025-06-07 06:00:00,34.381012,23.611603,1006.8781,3.0632563,-0.6278286,0.82580173,53.600426,0.0005720649
2025-06-07 12:00:00,33.715607,25.928375,1003.9169,-0.5095682,2.3342352,0.16219753,63.882935,0.0
2025-06-07 18:00:00,29.634277,27.134186,1006.8862,1.8493938,3.8701723,0.30682814,86.470215,0.0
2025-06-08 00:00:00,29.166656,23.634796,1005.5544,3.090519,1.148674,0.9678068,72.14909,0.0
2025-06-08 06:00:00,34.22757,23.58609,1005.71185,2.633686,-0.11682129,0.8574422,53.977375,0.0
2025-06-08 12:00:00,33.432648,25.41336,1002.84625,0.35598534,2.8636441,0.95306194,62.94995,0.09154901
2025-06-08 18:00:00,29.590607,25.78543,1005.8575,1.9579384,3.955432,0.9940932,80.05944,0.0
2025-06-09 00:00:00,29.281433,23.303558,1004.1987,3.4975023,0.102778435,0.9527524,70.25457,0.0
2025-06-09 06:00:00,33.914703,24.342438,1004.325,3.891346,-0.9582119,0.6292946,57.4815,0.006105751
2025-06-09 12:00:00,33.779205,25.158234,1001.0737,1.737589,2.242834,0.33851522,60.8106,0.0
2025-06-09 18:00:00,30.646942,24.348053,1004.4169,1.2755321,2.045855,0.8659876,69.163185,0.008225441
2025-06-10 00:00:00,28.74173,22.130646,1001.9675,3.253726,0.2490139,0.9911018,67.50647,0.0
2025-06-10 06:00:00,34.272003,23.770782,1002.0006,4.758971,1.1692731,0.9627119,54.446083,0.0001906883
2025-06-10 12:00:00,33.255646,24.534698,998.6525,1.0402503,3.6007237,0.73330677,60.332317,0.0
2025-06-10 18:00:00,29.354156,23.283112,1002.4481,1.432267,-0.00022315979,0.9695158,69.87383,0.00628829
2025-06-11 00:00:00,28.049652,23.792755,1000.425,3.316866,1.7686146,0.9728023,77.71783,0.30136853
2025-06-11 06:00:00,33.350372,24.338043,1001.96185,4.4547253,-0.13259411,0.24026889,59.310097,0.0
2025-06-11 12:00:00,31.364532,25.716583,998.93,2.3640492,3.739444,0.5969776,72.0323,1.0187402
2025-06-11 18:00:00,28.687897,24.19046,1001.81,2.9408484,1.6838253,0.86224675,76.696915,0.0
2025-06-12 00:00:00,28.523102,21.69046,1000.48627,4.479455,0.4613741,0.75775117,66.55653,0.0
2025-06-12 06:00:00,33.639923,23.43222,1000.85187,4.596946,1.4639058,0.99494076,55.262863,0.0
2025-06-12 12:00:00,32.881622,23.850494,998.53687,0.47401333,5.0448117,0.95835245,59.13618,0.0041043386
2025-06-12 18:00:00,29.491547,25.4086,1001.77435,1.9364357,2.4391994,0.9464291,78.73695,0.0
2025-06-13 00:00:00,28.989532,22.832062,1001.1331,2.4257183,2.4704456,0.38970697,69.441376,0.0
2025-06-13 06:00:00,34.39334,23.767303,1002.1675,2.4586906,2.270732,0.049995504,54.068172,0.0
2025-06-13 12:00:00,30.821686,25.84085,1000.5475,1.6423784,2.9638977,0.7817668,74.84535,1.3538115
2025-06-13 18:00:00,29.466217,23.733002,1003.59625,3.3908634,1.9562597,0.85468787,71.332275,0.0
2025-06-14 00:00:00,28.74228,23.2659,1002.1369,2.8789473,2.2399676,0.93983084,72.31675,0.0
2025-06-14 06:00:00,34.75125,24.525848,1003.4525,4.6917686,1.6013876,0.82791424,55.47143,0.02231517
2025-06-14 12:00:00,31.65335,25.252594,1001.4675,2.35009,3.8518088,0.98156357,68.93314,0.262835
2025-06-14 18:00:00,29.18045,22.39273,1004.52686,4.383253,0.8492868,0.99036324,66.87147,0.0
2025-06-15 00:00:00,28.466766,23.304047,1002.5544,2.8109055,3.2638597,0.9808188,73.652145,0.0
2025-06-15 06:00:00,33.214996,25.588287,1003.4281,3.6283607,3.616415,0.9495648,64.388664,0.41954747
2025-06-15 12:00:00,33.12381,23.422638,1001.2994,2.2745028,2.5033026,0.9358928,56.85233,0.0
2025-06-15 18:00:00,30.057281,22.25821,1005.14374,3.78724,2.6021013,0.85231,63.058765,0.0003799796
2025-06-16 00:00:00,28.294037,22.821686,1003.01935,2.9156318,2.5963411,0.45667452,72.25613,0.0
2025-06-16 06:00:00,33.17215,23.496796,1004.1188,4.0457916,2.821847,1.0000015,56.95235,0.0
2025-06-16 12:00:00,33.63089,21.702545,1002.2594,4.1679993,1.8631091,0.9472493,49.778393,0.0
2025-06-16 18:00:00,28.592865,22.028778,1005.85,2.9256392,1.1940895,1.0000001,67.67067,0.04158169
2025-06-17 00:00:00,28.77649,22.483551,1005.3725,2.4368033,1.9711733,0.9891711,68.832634,0.0
2025-06-17 06:00:00,34.15909,22.40335,1005.6381,4.844535,1.9631155,0.9717565,50.44062,0.001527369
2025-06-17 12:00:00,34.12271,22.86148,1003.115,3.1153076,2.5111215,0.94428927,51.96802,0.018499792
2025-06-17 18:00:00,30.197968,22.482819,1006.09625,3.762455,1.0410595,0.9545752,63.411747,0.0
2025-06-18 00:00:00,28.87265,21.895538,1005.58,3.4852514,1.0542996,0.9190272,66.04256,0.0
2025-06-18 06:00:00,34.260284,23.341888,1005.8006,4.4326153,1.7978303,0.99881566,53.09136,0.0
2025-06-18 12:00:00,33.83609,23.556976,1003.53687,1.6467173,3.6347566,1.0,55.072723,0.011064112
2025-06-18 18:00:00,29.60025,25.962189,1006.2725,1.3937272,3.2775059,1.0,80.85714,0.0
2025-06-19 00:00:00,29.107391,23.203949,1004.7606,3.357686,1.3070592,1.0,70.539154,0.0
2025-06-19 06:00:00,34.240875,23.674774,1005.54315,3.7534132,1.6021302,1.0,54.226273,0.001525972
2025-06-19 12:00:00,32.86209,25.303253,1003.03186,2.067085,2.9136515,0.94651806,64.57538,0.0039092265
2025-06-19 18:00:00,29.687317,26.680695,1006.86,1.5045503,3.472807,0.22355324,83.93876,0.0
2025-06-20 00:00:00,29.404205,23.5997,1005.2125,3.739524,0.6775902,0.82823867,71.015594,0.0
2025-06-20 06:00:00,35.118073,23.276398,1005.6831,3.6275578,1.7030127,0.26422077,50.42175,0.0
2025-06-20 12:00:00,33.323273,23.785309,1003.28876,0.53639126,4.301066,0.6730812,57.461327,0.0007748604
2025-06-20 18:00:00,29.208984,26.323517,1006.77686,1.6000144,3.177186,0.35468477,84.48924,0.0
2025-06-21 00:00:00,28.936066,23.308075,1005.1781,3.6024227,0.047657013,0.66587406,71.691536,0.0
2025-06-21 06:00:00,34.058014,23.542938,1006.0687,3.1005316,1.1147159,0.9676966,54.34854,0.00066740904
2025-06-21 12:00:00,33.36148,23.463165,1003.3306,0.46666336,2.5742972,0.99242973,56.236397,0.0
2025-06-21 18:00:00,30.17511,25.219513,1006.6794,2.0659177,3.0521374,0.9933109,74.854065,0.0
2025-06-22 00:00:00,29.772858,22.66983,1004.53937,4.24813,0.81432736,0.9176615,65.72191,0.0
2025-06-22 06:00:00,34.877594,22.472992,1005.205,4.25688,1.6807883,0.919832,48.670753,9.534415e-05
2025-06-22 12:00:00,31.873077,23.286163,1003.21686,2.6500227,3.1674492,1.0,60.50872,0.030958675
2025-06-22 18:00:00,28.455658,22.7753,1006.6975,2.100999,3.240575,1.0,71.37926,0.0
2025-06-23 00:00:00,28.143463,22.771393,1005.3212,5.2750216,0.43550116,1.0,72.67041,0.0
2025-06-23 06:00:00,32.83609,22.515778,1004.47064,4.62494,0.37507343,1.0,54.69301,0.0
2025-06-23 12:00:00,32.87796,22.79654,1002.5656,2.0478466,1.7649428,1.0000001,55.501823,0.0
2025-06-23 18:00:00,30.035126,22.377838,1004.7975,2.8209362,1.5379915,0.99910957,63.60022,0.0
2025-06-24 00:00:00,29.00882,22.038239,1003.34686,3.504445,1.3361322,0.7623092,66.09666,0.0
2025-06-24 06:00:00,35.092438,22.244781,1003.60376,5.28436,1.4891214,0.7582533,47.431847,0.0
2025-06-24 12:00:00,34.708527,21.132233,1001.04376,3.5028534,0.9491625,0.97924435,45.267033,0.0
2025-06-24 18:00:00,30.77707,21.53714,1004.33875,4.123662,0.8291124,1.0000002,57.906555,0.0
2025-06-25 00:00:00,29.45102,21.989838,1003.4875,3.5120268,1.5537746,0.99600136,64.23928,0.0
2025-06-25 06:00:00,33.839874,22.610077,1004.115,3.7306976,2.1051292,1.0,51.996185,0.0
2025-06-25 12:00:00,32.139923,24.169342,1001.9975,1.9575013,3.0582085,1.0,62.8555,0.0053420663
2025-06-25 18:00:00,30.123505,22.059235,1003.7875,3.5868292,0.9139194,1.0,62.06273,0.0
2025-06-26 00:00:00,29.492157,22.584991,1003.8975,2.9007192,1.5798438,0.99665534,66.45041,0.0
2025-06-26 06:00:00,33.056183,23.450409,1005.28436,3.1342278,2.4370623,0.9931727,57.16439,0.0
2025-06-26 12:00:00,31.493195,25.908356,1002.53314,1.5098269,4.8316154,0.95163846,72.32456,0.46646595
2025-06-26 18:00:00,29.355316,24.868317,1005.3744,2.5825155,2.8067696,0.39906663,76.84524,0.0
2025-06-27 00:00:00,29.233795,22.872162,1004.53687,3.6794415,0.6240282,0.9742424,68.63384,0.0
2025-06-27 06:00:00,34.58792,23.345978,1005.4319,3.453887,1.446382,0.66874295,52.14515,0.04196167
2025-06-27 12:00:00,33.67227,23.083405,1003.185,0.8323746,2.6252866,0.37700462,54.012794,0.0
2025-06-27 18:00:00,29.803864,25.171783,1006.275,2.1010232,2.5118666,0.6029729,76.25109,0.0
2025-06-28 00:00:00,29.215485,22.622833,1005.28937,3.2025156,0.45589638,0.99704075,67.67559,0.0
2025-06-28 06:00:00,35.402374,23.26236,1005.16125,4.1918983,1.210731,0.63517654,49.593063,0.0011443626
2025-06-28 12:00:00,32.294098,25.094147,1003.3744,1.9854721,3.3032475,0.7440173,65.85218,0.38664347
2025-06-28 18:00:00,29.373322,25.808014,1006.265,2.5921268,2.5028858,0.95156455,81.17767,0.0
2025-06-29 00:00:00,28.701813,22.277008,1004.3237,4.582629,0.5502398,0.6169058,68.2686,0.0
2025-06-29 06:00:00,33.949738,22.077057,1004.41187,4.3993626,0.40537584,0.97398746,50.02961,0.0
2025-06-29 12:00:00,34.279083,22.468048,1002.2,1.1862761,2.689344,0.91418356,50.30189,0.028224662
2025-06-29 18:00:00,29.965607,24.939728,1004.9381,2.9834433,2.3754408,0.9880814,74.50756,0.0
2025-06-30 00:00:00,28.84201,21.551544,1003.765,3.3796577,0.13662624,0.99063563,64.78372,0.0
2025-06-30 06:00:00,35.29373,21.148163,1004.27374,3.603404,-0.29308873,0.9005888,43.865604,0.0
2025-06-30 12:00:00,34.19754,21.934723,1001.8756,1.349782,1.1087122,1.0,48.91643,0.011444092
2025-06-30 18:00:00,30.533478,23.25821,1004.8331,2.1044252,2.992147,0.8575995,65.19592,0.0
2025-07-01 00:00:00,29.357635,21.821442,1004.5594,4.0344067,0.4731722,0.9741131,63.926113,0.0
2025-07-01 06:00:00,35.17386,21.929596,1004.91376,4.3001013,1.3936982,0.9906729,46.320255,0.0
2025-07-01 12:00:00,34.26346,22.67923,1002.5538,1.6702061,1.1806345,0.88798374,50.99539,0.008963048
2025-07-01 18:00:00,30.88034,24.167633,1005.27875,1.8724353,2.9909554,1.0000002,67.51272,0.0
2025-07-02 00:00:00,29.373566,22.200409,1004.3162,4.166133,0.15443134,1.0,65.360344,0.0
2025-07-02 06:00:00,34.414948,23.169647,1005.0062,4.11012,1.5159544,0.9235913,52.091347,0.0
2025-07-02 12:00:00,33.6951,22.928497,1002.5581,3.5131788,1.5773611,0.98125523,53.44052,0.0966005
2025-07-02 18:00:00,29.962433,22.835602,1005.14813,4.0888433,0.09076786,0.9808957,65.665955,0.0
2025-07-03 00:00:00,29.228973,22.269073,1004.8306,3.8225727,0.9829662,0.97774786,66.1845,0.0
2025-07-03 06:00:00,32.768585,23.26529,1005.4475,4.2696333,2.1084328,0.9792897,57.451187,0.42752177
2025-07-03 12:00:00,33.244537,22.767487,1003.5781,2.6810865,1.5532742,0.74999994,54.274593,0.0
2025-07-03 18:00:00,30.417755,23.301422,1007.0631,2.7266397,1.7324171,0.97532237,65.80085,0.0
2025-07-04 00:00:00,29.319,20.762115,1006.2544,3.942752,0.68683654,0.978034,60.040222,0.0
2025-07-04 06:00:00,34.655792,22.267609,1006.28,4.2882204,1.3743451,0.811942,48.66207,0.0
2025-07-04 12:00:00,34.785553,21.681183,1003.3606,3.6472569,1.642623,0.76435703,46.61528,0.0
2025-07-04 18:00:00,30.631134,22.512482,1006.76624,4.157154,0.6016636,1.0,61.969227,0.0
2025-07-05 00:00:00,29.53183,21.240631,1006.15686,4.194689,0.11858368,1.0000001,61.07698,0.0
2025-07-05 06:00:00,35.286285,22.562653,1005.65625,4.7902603,0.62637585,0.63896936,47.84143,0.0
2025-07-05 12:00:00,35.226837,23.148712,1002.57623,3.0634928,1.3607845,0.9999996,49.73397,0.0001899898
2025-07-05 18:00:00,31.361176,22.613678,1005.9225,3.3346882,1.4767694,1.0,59.80801,0.0
2025-07-06 00:00:00,29.470001,21.342194,1004.84686,5.1149626,0.067227185,0.9682296,61.67798,0.0
2025-07-06 06:00:00,35.803375,21.461334,1004.89685,4.900668,1.2964313,0.94954413,43.475594,0.0
2025-07-06 12:00:00,35.133453,22.075592,1001.9519,3.4586926,1.4122928,0.62163717,46.839104,0.0047683716
2025-07-06 18:00:00,31.094025,21.911774,1005.3275,3.9072714,1.3285375,0.8965375,58.185463,0.0
2025-07-07 00:00:00,29.769684,21.58017,1004.7419,4.7017307,0.13756424,0.9987186,61.511898,0.0
2025-07-07 06:00:00,34.890778,21.597076,1005.325,5.6045685,0.9563052,0.97522455,46.106243,0.0
2025-07-07 12:00:00,35.06949,21.383453,1002.265,2.925191,1.6148043,0.9992794,45.05877,0.0
2025-07-07 18:00:00,31.162628,22.631134,1005.8244,2.3139675,2.63383,0.7859425,60.552006,0.0
2025-07-08 00:00:00,29.743073,21.784088,1004.7344,4.3532,0.26338863,0.47655118,62.37889,0.0
2025-07-08 06:00:00,35.278595,22.336456,1005.07,4.563184,0.32282847,0.38392144,47.20835,0.0
2025-07-08 12:00:00,34.27591,23.206451,1003.125,2.1588752,2.6278992,0.6160909,52.613014,0.32037497
2025-07-08 18:00:00,30.91092,24.352936,1006.65625,2.2703862,2.8919048,0.38090664,68.147865,0.0
2025-07-09 00:00:00,29.76297,22.151398,1004.97565,4.0018263,-0.16182613,0.1267966,63.719185,0.0
2025-07-09 06:00:00,35.750885,21.928253,1005.52435,4.4504375,0.05767888,0.43882686,44.86375,0.0
2025-07-09 12:00:00,35.94107,22.783966,1002.3094,2.4713774,1.0706882,0.9150562,46.767887,0.120157376
2025-07-09 18:00:00,30.796478,23.447052,1005.40375,2.6635528,2.874809,0.41207123,64.95909,0.0
2025-07-10 00:00:00,29.871246,22.439606,1004.3619,3.3922043,0.5633087,0.50878197,64.443665,0.0
2025-07-10 06:00:00,35.391876,22.590118,1005.025,3.3252184,-0.6746969,0.46069008,47.6424,0.0003813766
2025-07-10 12:00:00,34.66446,22.734283,1001.4725,-0.94126797,2.6221695,0.4582039,50.03731,0.075137705
2025-07-10 18:00:00,30.313934,24.090118,1004.7569,2.2575893,2.4836397,0.31676793,69.41252,0.0
2025-07-11 00:00:00,29.981659,23.146698,1003.5087,2.8013573,1.3592749,0.19130456,66.840225,0.0
2025-07-11 06:00:00,35.326202,23.17038,1004.1856,2.9835823,0.25482494,0.81645036,49.52625,0.008391449
2025-07-11 12:00:00,34.99002,23.187286,1001.1869,1.1237376,1.351655,0.7962709,50.508003,0.0
2025-07-11 18:00:00,30.733124,23.278595,1005.3925,2.2130728,2.048996,0.8715739,64.53514,0.000381493
2025-07-12 00:00:00,28.645782,23.437653,1004.07623,3.892232,0.5757704,0.8668583,73.48057,0.017922722
2025-07-12 06:00:00,34.900177,23.528229,1004.6325,4.463269,-1.4175625,0.89415497,51.815594,0.0
2025-07-12 12:00:00,34.59732,24.410309,1002.0637,1.228735,1.3785381,0.5859702,55.562096,0.027466565
2025-07-12 18:00:00,29.564789,25.726837,1005.6456,1.3595643,3.4572825,0.9833041,79.9006,0.0
2025-07-13 00:00:00,29.374481,21.814728,1004.1262,4.0923624,0.10093212,0.9771947,63.837822,0.0
2025-07-13 06:00:00,35.60135,22.34433,1004.7519,3.9456644,-0.09562349,0.99354166,46.396416,0.0003813766
2025-07-13 12:00:00,34.62796,23.237091,1002.33185,1.8357677,2.6091986,0.99622786,51.688248,0.011420343
2025-07-13 18:00:00,29.274872,23.754547,1006.0637,1.684794,1.2637758,0.97635585,72.21813,0.0
2025-07-14 00:00:00,29.435638,21.98117,1004.28815,4.2018404,0.3097992,0.9983941,64.26235,0.0
2025-07-14 06:00:00,35.392975,22.464752,1004.77435,5.513914,0.0056022406,0.9961504,47.278126,0.0
2025-07-14 12:00:00,35.359283,21.30423,1002.0094,2.895558,1.172832,0.9768875,44.127342,0.0
2025-07-14 18:00:00,30.103851,20.604279,1005.93,4.727272,0.63311577,0.96125543,56.832123,0.0
2025-07-15 00:00:00,29.079926,22.018646,1003.84686,4.6425285,-0.34044647,0.9731696,65.74667,0.0
2025-07-15 06:00:00,34.052643,22.285797,1004.2438,4.499194,-0.33971024,0.9751213,50.379444,0.0
2025-07-15 12:00:00,36.262115,22.287018,1000.96436,2.1178083,0.9159384,1.0000001,44.5836,0.0003874302
2025-07-15 18:00:00,31.497406,22.348053,1004.4525,3.1468792,1.8299532,0.99999976,58.396404,0.0
2025-07-16 00:00:00,29.36325,21.685883,1003.08685,4.0235815,0.15478706,0.70071375,63.378345,0.0
2025-07-16 06:00:00,35.585358,22.595917,1003.3975,3.5941162,0.18425286,0.984767,47.152718,0.0015259138
2025-07-16 12:00:00,33.811554,23.490631,1000.77,1.6001434,4.2197695,0.99565583,54.928154,0.0
2025-07-16 18:00:00,30.687958,22.594025,1003.72186,5.4275885,-0.19717884,0.9653766,62.074806,0.0
2025-07-17 00:00:00,28.632233,22.024628,1002.97565,6.20026,-0.5936241,0.98732966,67.49912,0.0
2025-07-17 06:00:00,35.18045,22.238617,1003.41315,3.8578606,-0.5101795,0.7255664,47.183624,0.0011443044
2025-07-17 12:00:00,35.427765,21.057281,1000.8931,2.3395882,1.093606,0.9719922,43.2996,0.0
2025-07-17 18:00:00,30.487335,20.985016,1004.4394,3.011478,1.5287371,0.74184036,56.91418,0.011444092
2025-07-18 00:00:00,29.177216,21.518646,1003.1956,3.118371,-0.14747238,0.97247934,63.411194,0.0
2025-07-18 06:00:00,35.09964,21.773407,1003.8225,3.4307556,-0.59237766,0.9933347,46.069572,0.00028603245
2025-07-18 12:00:00,32.314972,23.199982,1001.0,1.0353174,0.3262543,0.99001586,58.70797,0.21086343
2025-07-18 18:00:00,29.70877,22.392609,1003.23376,3.6108675,0.6905842,0.89065444,64.86347,0.0
2025-07-19 00:00:00,28.878876,22.335846,1001.9025,4.143424,0.45841485,0.987526,67.81377,0.0
2025-07-19 06:00:00,31.011261,22.930206,1002.09,5.388899,0.9414856,0.99999994,62.194176,0.29833305
2025-07-19 12:00:00,31.310822,22.883698,999.53314,5.860671,0.018245697,1.0,60.969757,0.0
2025-07-19 18:00:00,29.17276,21.613495,1002.6912,5.8779488,1.0400788,1.0,63.796627,0.057383135
2025-07-20 00:00:00,28.084076,22.225555,1000.7381,4.551984,0.83730906,1.0,70.543816,0.0
2025-07-20 06:00:00,31.904572,21.327423,1002.58124,5.1574316,0.7663121,0.9988885,53.615265,0.0
2025-07-20 12:00:00,33.025665,20.295807,1000.0581,3.2153997,0.083772,1.0,47.23284,0.014107674
2025-07-20 18:00:00,29.542755,21.583649,1002.85626,5.3406,0.74148047,0.99960256,62.334526,0.13284688
2025-07-21 00:00:00,28.554352,21.493927,1002.0925,4.4712553,1.3607831,0.9969176,65.641975,0.0
2025-07-21 06:00:00,31.169952,23.200623,1002.98376,5.4447594,0.56604385,0.929957,62.650635,0.00468269
2025-07-21 12:00:00,32.994904,20.873444,1001.6138,3.9700975,0.99153805,1.0,49.02948,0.0
2025-07-21 18:00:00,27.500214,22.96695,1004.39124,4.3272057,0.7504912,0.99404246,76.3508,0.9277219
2025-07-22 00:00:00,28.148224,22.636688,1003.6763,3.4378834,2.5370972,0.99314475,72.059074,0.0
2025-07-22 06:00:00,34.914703,20.966583,1004.6188,4.6388254,1.9804442,0.9996052,44.299145,0.0
2025-07-22 12:00:00,35.026764,20.589996,1001.02313,3.88758,2.26932,0.9983207,43.01621,0.014875084
2025-07-22 18:00:00,29.42038,22.08316,1004.90063,4.8486958,1.0531279,0.92837864,64.720116,0.1382865
2025-07-23 00:00:00,28.121857,22.984283,1003.6344,3.9895248,1.7276835,0.999109,73.70637,0.38916028
2025-07-23 06:00:00,33.427277,21.61789,1003.0531,5.987788,0.8186666,0.92445064,50.08933,0.0
2025-07-23 12:00:00,33.0773,22.214935,1000.6775,3.71276,2.214572,0.99533707,52.97802,0.0
2025-07-23 18:00:00,29.048615,21.128082,1004.0019,4.9162292,0.752873,0.9991094,62.373405,0.096876174
2025-07-24 00:00:00,28.503143,20.872223,1002.3644,3.68361,1.3100144,0.9534118,63.373356,0.0
2025-07-24 06:00:00,33.604645,21.230255,1003.22314,5.666155,1.9597936,0.92492986,48.43067,0.0
2025-07-24 12:00:00,32.69742,21.752228,1000.9344,3.894371,1.4483185,1.0,52.61656,0.0
2025-07-24 18:00:00,29.97586,21.661163,1003.8725,4.7257357,1.9665785,0.9937879,61.088665,0.001527369
2025-07-25 00:00:00,29.076263,21.400421,1002.15436,3.885991,2.3299212,1.0,63.322407,0.0
2025-07-25 06:00:00,31.822296,21.998566,1003.9919,3.341299,3.3795414,1.0,56.121994,0.0019073486
2025-07-25 12:00:00,32.975983,20.044586,1001.8137,2.069088,2.2957938,1.0,46.634895,0.0
2025-07-25 18:00:00,30.134064,22.132233,1004.78625,3.8314314,1.8505557,1.0,62.301636,8.940697e-05
2025-07-26 00:00:00,29.24234,22.198944,1003.63873,3.203332,2.9634743,1.0,65.851685,0.0029616058
2025-07-26 06:00:00,33.44571,21.255524,1005.315,5.7644615,1.6816037,1.0,48.93944,0.005341555
2025-07-26 12:00:00,32.044647,21.835114,1003.9944,5.4183836,1.5017996,1.0,54.869484,0.032809142
2025-07-26 18:00:00,28.152863,23.326813,1007.34375,3.4852839,1.5979117,0.9999999,75.112686,0.29401463
2025-07-27 00:00:00,27.641632,23.293732,1005.9344,3.338821,0.6932563,0.9722004,77.23281,0.0
2025-07-27 06:00:00,34.81778,21.578247,1005.83,3.859044,1.2100139,0.2298131,46.240013,0.0
2025-07-27 12:00:00,33.182526,20.951202,1003.1281,3.8163245,-0.03233242,0.46744573,48.74789,0.058365986
2025-07-27 18:00:00,30.236664,21.411896,1007.13,3.9243536,-0.049908638,0.34232014,59.269745,0.0
2025-07-28 00:00:00,29.2128,21.00998,1004.9988,3.7223759,-0.56463814,0.9881613,61.337555,0.0
2025-07-28 06:00:00,35.103912,20.621307,1005.16376,4.37953,-1.0639582,0.92123526,42.915535,0.0
2025-07-28 12:00:00,34.25589,21.230255,1003.14624,1.607626,0.06769085,0.50606453,46.70112,0.0
2025-07-28 18:00:00,31.009857,22.99881,1007.04315,2.4653761,2.2755642,0.9023295,62.458027,0.0
2025-07-29 00:00:00,29.460175,20.36026,1005.45374,2.7437677,0.5945387,0.15750425,58.095802,0.0
2025-07-29 06:00:00,36.37198,19.387115,1004.84125,5.0632763,-0.83443356,0.02451213,37.074657,0.0
2025-07-29 12:00:00,35.518585,19.556671,1002.85565,1.8924694,-0.1466608,0.39683342,39.2692,0.0
2025-07-29 18:00:00,31.40866,20.957794,1006.8812,3.375965,0.67052555,0.89011085,53.909103,0.0
2025-07-30 00:00:00,29.773285,21.24527,1005.41815,2.8306322,-0.70818806,0.86621195,60.250473,0.0
2025-07-30 06:00:00,36.08731,20.809784,1004.9125,4.491174,-0.6389885,0.8212484,41.12356,0.0
2025-07-30 12:00:00,35.98404,21.956451,1002.83936,1.8938808,1.4094553,0.5906868,44.36769,0.0027671922
2025-07-30 18:00:00,31.1221,23.032867,1006.33813,2.0502963,2.5483696,0.7555691,62.18764,0.0
2025-07-31 00:00:00,29.642548,21.973907,1004.9169,3.1860027,0.53909874,0.9588144,63.4722,0.0
2025-07-31 06:00:00,35.7211,22.66159,1004.7975,3.20813,0.16445076,0.93603843,46.98795,0.0
2025-07-31 12:00:00,33.909576,24.413116,1002.85626,-2.039544,2.667078,0.98486656,57.741898,0.3387332
2025-07-31 18:00:00,28.772919,24.544525,1005.915,0.94912666,0.8786936,0.9460698,77.955696,0.0
2025-08-01 00:00:00,29.261444,23.485443,1004.21686,2.7784977,0.47143078,0.9881888,71.11197,0.0
2025-08-01 06:00:00,35.762604,22.191742,1004.7031,1.7752697,-1.2874622,0.95851755,45.56065,0.0007627532
2025-08-01 12:00:00,32.08731,23.75711,1002.42377,-1.0630598,2.1197205,0.99085623,61.500515,0.108045526
2025-08-01 18:00:00,28.986053,24.599518,1005.9344,0.54793507,2.601493,0.99691075,77.25273,0.0
2025-08-02 00:00:00,27.302338,25.535797,1004.7438,0.5631633,0.71695995,0.98133516,90.10274,0.0004749745
2025-08-02 06:00:00,33.72879,24.502777,1004.98376,1.449164,-0.4136629,0.5764328,58.642162,0.0820177
2025-08-02 12:00:00,32.379913,25.149323,1002.3844,-1.4613714,1.4407806,0.98735297,65.74948,1.2825953
2025-08-02 18:00:00,26.963531,25.085602,1006.13,1.6918676,3.0787668,1.0000001,89.48346,0.0
2025-08-03 00:00:00,26.445618,24.664276,1004.46814,2.259183,0.7183695,0.9973392,89.963135,0.52242815
2025-08-03 06:00:00,29.848175,24.328339,1006.71185,1.1085653,2.2481766,0.99733925,72.31998,0.0
2025-08-03 12:00:00,27.765778,25.606232,1004.77875,-0.3023033,3.8099623,1.0,88.05979,0.24388629
2025-08-03 18:00:00,27.755981,25.005188,1006.8031,1.8380857,1.8561916,1.0,85.01556,0.0
2025-08-04 00:00:00,27.177948,23.744904,1005.0569,2.537099,0.27337265,0.9657037,81.54699,0.0
2025-08-04 06:00:00,33.364655,23.623993,1005.78625,0.5218851,-1.0349531,0.9317655,56.774086,0.0
2025-08-04 12:00:00,29.424713,25.70694,1003.72125,-0.7678156,3.35947,0.99927855,80.45368,0.2450943
2025-08-04 18:00:00,26.98471,24.969208,1006.8862,1.7279278,0.51880836,0.9974371,88.75423,0.26911247
2025-08-05 00:00:00,26.643677,24.486633,1005.4581,0.9717373,-0.22547555,0.9620704,87.97928,0.11877704
2025-08-05 06:00:00,32.06729,24.61325,1006.115,1.0689105,1.2542036,0.5142,64.814896,0.0
2025-08-05 12:00:00,28.60788,25.892426,1003.53,0.72625256,3.0893173,0.82186264,85.280815,3.4115098
2025-08-05 18:00:00,26.742462,25.287567,1006.14185,3.3326025,1.1671181,0.639542,91.751045,0.0
2025-08-06 00:00:00,26.762665,22.262848,1005.0056,3.744997,-0.46362877,0.5169495,76.392494,0.0
2025-08-06 06:00:00,33.910675,23.649506,1005.22626,2.4919157,-0.7273874,0.7877898,55.15033,0.0
2025-08-06 12:00:00,33.28018,24.294952,1002.3081,0.3686676,1.5068645,0.9999975,59.39049,0.013449229
2025-08-06 18:00:00,28.911377,25.405426,1004.92126,1.4902954,3.5943282,0.99526465,81.4065,0.0
2025-08-07 00:00:00,28.14383,23.496979,1004.115,1.8730373,0.6479387,0.96861434,75.92777,0.0
2025-08-07 06:00:00,33.782867,23.784882,1004.9556,1.8123045,0.16855526,1.0000007,56.000072,0.0057222787
2025-08-07 12:00:00,33.518463,24.109589,1001.97626,0.29398537,2.7130008,0.8493256,57.954575,0.0011471566
2025-08-07 18:00:00,29.042908,25.654266,1005.21625,1.599423,3.2438154,0.9057916,81.991745,0.0
2025-08-08 00:00:00,28.097626,23.711823,1004.1819,1.9536128,1.4517097,0.9951529,77.12429,0.0
2025-08-08 06:00:00,33.008575,24.164276,1005.97815,0.42464846,-0.50178623,0.92939633,59.832626,0.0054364027
2025-08-08 12:00:00,31.398102,25.471039,1004.39874,-1.2834625,2.4447255,0.9996034,70.85461,0.0028486429
2025-08-08 18:00:00,26.972961,25.361694,1008.53125,0.98415285,3.2393866,0.71793044,90.91577,0.30708313
2025-08-09 00:00:00,25.649994,24.154694,1007.0075,0.798447,-0.59650326,0.95831513,91.464554,0.0
2025-08-09 06:00:00,31.213043,24.327606,1008.8669,1.3101771,1.2537656,1.0,66.88246,0.0
2025-08-09 12:00:00,30.688385,25.516083,1006.235,-0.28465843,3.111497,1.0,73.978546,0.0
2025-08-09 18:00:00,27.490845,24.8779,1008.5,1.3325617,2.6081264,0.9828737,85.69072,0.2348125
2025-08-10 00:00:00,27.457764,25.164703,1007.28064,1.5275135,0.78706074,0.99999994,87.33735,0.0
2025-08-10 06:00:00,31.580719,24.811432,1007.8669,2.1017995,2.2295675,0.9814937,67.42156,0.06617687
2025-08-10 12:00:00,28.994995,24.229614,1005.04065,0.91067624,4.055647,0.98527086,75.521194,0.0
2025-08-10 18:00:00,27.156097,25.178986,1008.2225,1.5542188,2.6500275,0.88610125,88.970894,0.0011324883
2025-08-11 00:00:00,26.194489,24.603546,1006.70435,1.2755697,1.4869598,0.947899,90.97599,0.0
2025-08-11 06:00:00,29.972687,23.652618,1008.59686,2.5538578,2.0674038,1.0,68.947716,0.019840896
2025-08-11 12:00:00,29.033234,24.78006,1004.97125,0.74790204,3.5866137,0.9999999,77.87779,0.0
2025-08-11 18:00:00,27.745453,25.68515,1007.3656,1.9942734,2.9376554,0.9988884,88.57821,0.0
2025-08-12 00:00:00,27.7471,22.516205,1004.95435,3.9623413,0.58455336,0.99088126,73.227394,0.0
2025-08-12 06:00:00,31.420929,22.647247,1006.53815,3.6109562,0.45727408,1.0,59.72665,0.0
2025-08-12 12:00:00,31.948517,23.103546,1003.7475,0.81237626,1.9609766,1.0,59.589333,0.008821487
2025-08-12 18:00:00,28.167236,24.185333,1005.65814,1.8273435,2.472858,1.0,79.02921,0.0
2025-08-13 00:00:00,27.918365,21.389679,1003.185,4.7023764,0.29217625,1.0,67.68408,0.0
2025-08-13 06:00:00,31.715607,22.142914,1004.9194,4.339628,0.0027637482,1.0,56.96158,0.0
2025-08-13 12:00:00,31.236115,22.251495,1002.59314,1.598293,2.4862323,1.0,58.923733,0.04320791
2025-08-13 18:00:00,28.507172,23.612396,1005.5112,2.171112,1.7060468,0.98585856,74.85878,0.0
2025-08-14 00:00:00,27.409088,21.991241,1004.635,3.1869268,1.0153606,0.9413279,72.34089,0.0
2025-08-14 06:00:00,33.377716,22.526825,1005.70435,4.342945,2.2547286,0.9707255,53.089672,0.0015255064
2025-08-14 12:00:00,31.918854,22.973175,1002.85815,2.4739509,2.6088915,0.9904281,59.22057,0.052267686
2025-08-14 18:00:00,28.844574,24.298004,1005.3081,1.9806966,1.9535465,0.8595582,76.494995,0.0
2025-08-15 00:00:00,27.65976,21.851349,1004.10126,3.7007456,0.80429536,0.53439605,70.68171,0.0
2025-08-15 06:00:00,32.644196,22.804596,1005.08185,4.201852,2.0915527,0.8146357,56.26477,0.0
2025-08-15 12:00:00,31.13382,24.246735,1002.1625,1.884239,3.2613335,0.98143023,66.86011,1.3968706
2025-08-15 18:00:00,28.564545,23.11026,1003.8606,3.7143116,0.97908115,1.0000007,72.3824,0.0
2025-08-16 00:00:00,28.123322,21.602814,1002.4875,4.2917185,1.3141315,0.9704158,67.758385,0.004576519
2025-08-16 06:00:00,32.51602,21.774017,1002.9487,3.682846,1.8074367,0.99404293,53.228218,0.0
2025-08-16 12:00:00,31.595612,23.617828,1000.21436,2.2801294,2.8516002,0.9831842,62.71085,0.04711747
2025-08-16 18:00:00,29.156708,22.968414,1002.9263,3.5627623,1.9165323,0.997607,69.34337,0.0
2025-08-17 00:00:00,27.71637,22.872467,1001.73065,3.982709,1.9199994,1.0,74.9616,0.0047683716
2025-08-17 06:00:00,29.622284,23.939484,1004.07623,2.9579353,2.24859,1.0,71.576744,0.030609872
2025-08-17 12:00:00,31.059479,23.111725,1001.5144,1.8161819,2.0810204,1.0,62.70843,0.0
2025-08-17 18:00:00,28.717865,21.867218,1004.4462,3.9839687,1.0852916,1.0,66.52272,0.0
2025-08-18 00:00:00,28.499237,20.959808,1004.6206,4.5002193,0.72884053,1.0,63.730003,0.0
2025-08-18 06:00:00,33.551178,21.70224,1005.58875,4.1921053,2.2992766,1.0000002,50.000046,0.0
2025-08-18 12:00:00,32.202545,21.424591,1003.41187,3.5377207,1.6273679,1.0000002,53.033333,0.0
2025-08-18 18:00:00,29.566132,20.522614,1006.2775,3.5943298,1.1146576,1.0000012,58.323277,0.0
2025-08-19 00:00:00,28.493744,19.755035,1005.6906,3.3272238,1.5618591,0.94918466,59.18028,0.0
2025-08-19 06:00:00,33.96805,20.06424,1006.14374,3.8057022,2.0942369,0.2728346,44.167336,0.0
2025-08-19 12:00:00,34.842804,20.389313,1002.76624,2.648758,0.41406727,0.86002135,42.922535,0.0
2025-08-19 18:00:00,29.63028,23.454498,1006.03375,1.791047,2.938398,0.3819118,69.48495,0.0
2025-08-20 00:00:00,27.85373,21.892365,1006.03186,3.1334782,0.041095734,0.06710824,70.060555,0.0
2025-08-20 06:00:00,34.558136,20.305328,1006.6856,2.0639482,0.789926,0.3405279,43.38089,0.0
2025-08-20 12:00:00,34.792633,20.410065,1003.49,0.78477097,1.8467503,0.91069156,43.09735,0.0
2025-08-20 18:00:00,29.50827,23.87442,1007.65625,2.379405,3.1075745,0.28395545,71.76745,0.0
2025-08-21 00:00:00,28.271149,21.735504,1007.8837,1.1188416,1.5125246,0.06685197,67.72482,0.0
2025-08-21 06:00:00,34.688873,21.008575,1007.875,1.1121187,1.4508615,0.5777851,44.973637,0.0
2025-08-21 12:00:00,33.13492,22.890045,1004.4169,-2.6325274,2.4497986,0.73922634,55.01674,0.0
2025-08-21 18:00:00,29.18631,25.201813,1008.1763,-0.5830631,2.0742855,0.9888092,79.15716,0.015255995
2025-08-22 00:00:00,27.645447,24.476654,1007.41,1.8437326,2.4461856,0.93831867,82.90707,0.022231601
2025-08-22 06:00:00,31.626007,23.390411,1008.0513,2.9251242,0.96133363,0.9577477,61.750175,0.0
2025-08-22 12:00:00,30.981842,24.853607,1004.3194,0.6701994,0.58462715,0.55658454,69.935425,0.27963588
2025-08-22 18:00:00,28.544373,25.439545,1007.71814,0.25273174,2.560204,0.32963407,83.32665,0.0
2025-08-23 00:00:00,27.76593,24.342133,1006.40686,1.9217433,1.5646443,0.99604636,81.664856,0.00028684735
2025-08-23 06:00:00,31.761383,23.384491,1007.5506,2.229515,1.7037379,0.9713093,61.25567,0.010775402
2025-08-23 12:00:00,31.770416,23.746857,1004.95,0.16690254,0.43754864,1.0000031,62.57604,0.0126753
2025-08-23 18:00:00,27.919586,25.249664,1008.0481,1.3988903,2.935987,0.98427784,85.442665,0.0
2025-08-24 00:00:00,27.634552,23.167633,1006.9556,2.492961,1.0462513,0.37938815,76.678375,0.0
2025-08-24 06:00:00,34.21402,22.226349,1007.72437,2.234229,-0.18124485,0.2741633,49.747856,0.0
2025-08-24 12:00:00,32.99539,23.229279,1004.79,-1.233221,2.1310616,0.48277014,56.59945,0.0
2025-08-24 18:00:00,28.611542,25.145294,1008.0425,1.4766637,3.2796226,0.7163764,81.56197,0.0
2025-08-25 00:00:00,28.453644,22.8013,1006.60565,2.4745607,1.3584223,0.9666222,71.50021,0.0
2025-08-25 06:00:00,33.821198,21.846588,1006.3162,1.9869475,-1.2020006,0.9980219,49.68669,0.0
2025-08-25 12:00:00,33.424347,21.776276,1002.77435,-1.8820963,-0.5252514,0.75633377,50.58487,0.0
2025-08-25 18:00:00,29.74347,26.686676,1006.7725,0.40972137,3.75354,0.99999994,83.69727,0.0
2025-08-26 00:00:00,28.37088,25.2836,1006.0706,1.299293,2.1314316,0.99604475,83.39415,0.0
2025-08-26 06:00:00,34.07486,22.161896,1005.9194,2.5359888,1.4899251,0.90227026,49.93897,0.000762986
2025-08-26 12:00:00,33.291656,22.102692,1003.27875,-0.42601871,2.3681154,0.61113334,51.987667,0.0
2025-08-26 18:00:00,29.607513,25.444855,1006.41315,2.2820399,3.2104099,0.99921304,78.38104,0.0
2025-08-27 00:00:00,28.997498,21.21164,1004.4994,4.536146,-0.07077789,0.98254186,62.879776,0.0
2025-08-27 06:00:00,34.49637,21.383331,1005.1262,4.6802387,0.98226887,0.9980251,46.51462,0.0
2025-08-27 12:00:00,32.87564,22.235016,1003.0619,1.581192,3.3505166,0.97958004,53.64766,0.0449121
2025-08-27 18:00:00,29.630707,22.760284,1005.7438,2.6185408,1.2426281,0.9955438,66.626625,0.0
2025-08-28 00:00:00,28.746857,22.067963,1005.0781,3.8563251,1.0288718,0.93425864,67.22912,0.0
2025-08-28 06:00:00,34.99698,21.748993,1004.76874,5.469054,1.543028,0.94662476,46.26324,0.0
2025-08-28 12:00:00,33.427032,23.198273,1002.27435,2.6701841,3.1418848,0.98122865,55.141228,0.042155385
2025-08-28 18:00:00,29.78415,22.554169,1005.4025,4.0870094,0.20358706,0.9999993,65.219734,0.0
2025-08-29 00:00:00,29.500885,21.56662,1005.21436,3.249214,1.3894756,0.9809622,62.420128,0.0
2025-08-29 06:00:00,35.52652,21.709015,1005.60815,3.5720682,2.1340683,0.894884,44.81837,0.0
2025-08-29 12:00:00,33.302032,22.368927,1003.255,1.656352,4.3744097,0.38327843,52.806305,0.05083531
2025-08-29 18:00:00,30.311127,24.839752,1007.1987,1.7365094,2.1639528,0.49584305,72.60995,0.0
2025-08-30 00:00:00,29.06845,22.373505,1006.15436,3.383893,0.9938477,0.98174626,67.22736,0.0
2025-08-30 06:00:00,35.910553,22.274628,1006.3644,3.3578186,1.4893931,0.4201733,45.41947,0.0
2025-08-30 12:00:00,32.556427,22.840118,1003.78314,1.8370105,3.5630593,0.77639663,56.66574,0.2975464
2025-08-30 18:00:00,30.085052,22.624786,1006.9475,3.7217789,1.4584341,0.7110775,64.376686,0.0
2025-08-31 00:00:00,28.694916,22.397186,1006.365,3.7305193,0.14299774,0.9338905,68.79696,0.0
2025-08-31 06:00:00,34.094635,22.215057,1006.5025,3.4382038,-0.07122064,0.99656165,50.04563,0.0
2025-08-31 12:00:00,32.981964,22.402985,1003.335,1.2123432,1.9791849,0.99189204,53.8755,0.058935955
2025-08-31 18:00:00,30.168,24.491974,1005.7388,2.2123137,2.731025,0.9794667,71.7024,0.0
2025-09-01 00:00:00,28.67221,22.929108,1003.83124,2.902711,0.08315468,0.93683493,71.147255,0.0
2025-09-01 06:00:00,34.346466,22.41684,1004.85187,3.7499237,-1.1891413,0.99324936,49.957775,0.0001906883
2025-09-01 12:00:00,32.384186,23.67752,1001.6831,2.0926056,-0.16350079,0.9980222,60.187973,0.56223875
2025-09-01 18:00:00,28.79654,25.149078,1004.9331,2.99255,1.0740366,1.0,80.70957,0.0
2025-09-02 00:00:00,28.818573,21.568634,1003.3256,3.9706306,0.25629234,1.0000007,64.93964,0.0
2025-09-02 06:00:00,34.894318,21.155365,1004.09814,4.6278315,-0.04395461,1.0,44.866413,0.0
2025-09-02 12:00:00,35.239044,21.189484,1001.2925,2.0867646,0.7523384,1.0,44.110184,0.011442229
2025-09-02 18:00:00,30.297821,22.94815,1004.765,3.1526425,2.3980203,0.99604553,64.85444,0.0
2025-09-03 00:00:00,28.959259,21.388885,1002.605,3.9800873,0.037989616,0.99960333,63.707607,0.0
2025-09-03 06:00:00,34.324127,22.138275,1004.3212,3.3662815,-0.32694244,1.0,49.179184,0.0
2025-09-03 12:00:00,32.909332,23.521881,1002.1275,1.0997295,3.9508255,0.99960345,57.887287,0.04157424
2025-09-03 18:00:00,29.026154,24.796661,1005.91315,1.3195276,2.6737516,0.9654476,77.98699,0.0
2025-09-04 00:00:00,29.037262,21.286346,1004.72314,4.242262,0.43952948,0.96000034,63.023335,0.0
2025-09-04 06:00:00,34.02005,22.099884,1005.75,4.232607,-0.3667183,0.92707014,49.903015,0.0
2025-09-04 12:00:00,34.40152,22.172882,1002.0631,1.7352955,1.2105799,0.61009586,49.071102,0.010974705
2025-09-04 18:00:00,29.785553,25.207306,1006.52435,1.9812381,3.4521835,0.49050003,76.49309,0.0
2025-09-05 00:00:00,29.245697,21.773224,1005.40314,3.206973,0.30993366,0.945645,64.15156,0.0
2025-09-05 06:00:00,34.71353,22.138763,1006.7325,2.317704,0.029371023,0.3654555,48.127243,0.0
2025-09-05 12:00:00,32.180573,23.84732,1003.3812,-0.21361446,3.788845,0.64371735,61.50982,0.00667572
2025-09-05 18:00:00,29.215637,24.88211,1006.9394,1.7261466,2.8657749,0.8755401,77.531525,0.0
2025-09-06 00:00:00,29.03955,23.473907,1006.4919,0.88120145,1.6905851,0.6546419,71.98006,0.0
2025-09-06 06:00:00,34.246246,23.395172,1007.36127,1.607872,-0.6052294,0.44527245,53.304035,0.00038184226
2025-09-06 12:00:00,31.08731,25.620392,1004.5756,-1.8491964,2.9851494,0.4852144,72.76207,0.02365373
2025-09-06 18:00:00,27.67746,25.668854,1007.1838,1.859395,2.7653275,0.9785356,88.84493,0.0
2025-09-07 00:00:00,28.37082,23.350922,1006.1925,2.605173,0.7977848,0.98432237,74.27397,0.01830142
2025-09-07 06:00:00,31.227203,24.81308,1006.85876,2.0690212,-2.0525723,0.8610996,68.79756,0.05131215
2025-09-07 12:00:00,30.937164,24.554596,1003.4469,-1.7351198,0.6702156,0.70628196,68.87233,2.0366237
2025-09-07 18:00:00,26.87973,25.509857,1006.8113,0.8971763,1.1628237,0.30148393,92.22379,0.0
2025-09-08 00:00:00,27.252594,25.562286,1006.8212,1.8179507,2.1569068,0.6084109,90.508125,0.0
2025-09-08 06:00:00,32.84964,23.799591,1006.485,2.1915722,-0.61466545,0.5101169,59.0616,0.0
2025-09-08 12:00:00,32.086212,25.510406,1002.9956,-2.1889715,1.1270523,0.3758512,68.30143,0.028038397
2025-09-08 18:00:00,28.231781,25.825348,1006.98376,-0.94649,3.2820551,0.4800409,86.82008,0.9700775
2025-09-09 00:00:00,27.965363,25.845123,1006.4775,2.577653,1.693913,0.45385414,88.28172,0.0
2025-09-09 06:00:00,33.20572,24.450226,1006.7825,1.7074658,1.250922,0.550759,60.196487,0.014878809
2025-09-09 12:00:00,32.399567,25.195526,1003.82,-1.6594229,1.6321479,0.9772066,65.85749,0.0
2025-09-09 18:00:00,28.984467,25.588196,1007.56,0.6820257,2.999632,0.85934806,81.94762,0.14850497
2025-09-10 00:00:00,27.76239,25.38971,1007.2519,0.98005766,1.880173,0.97613275,86.95165,0.0
2025-09-10 06:00:00,33.668488,25.412994,1007.1937,1.656785,1.3691578,0.28088728,62.122787,0.018786639
2025-09-10 12:00:00,29.750336,24.965057,1003.9487,-0.59910107,2.9621387,0.2202217,75.5499,0.0
2025-09-10 18:00:00,26.885345,24.383942,1007.53815,3.04424,0.74599725,0.78791696,86.20531,0.09279777
2025-09-11 00:00:00,26.505463,21.410126,1005.3781,3.3207512,0.38026428,0.690268,73.624,0.0
2025-09-11 06:00:00,33.826447,22.730377,1006.375,1.6768131,-0.84380245,0.9906974,52.416428,0.0031467061
2025-09-11 12:00:00,28.678986,25.098846,1004.705,-0.49677563,1.9003901,0.99910927,81.01888,0.23457108
2025-09-11 18:00:00,25.266876,24.32425,1007.54877,1.5362048,2.0443387,0.9966555,94.526726,0.0
2025-09-12 00:00:00,26.87091,24.863068,1005.5069,1.913435,1.5817581,0.71916723,88.78584,0.0
2025-09-12 06:00:00,33.384308,24.123749,1006.4556,2.0874186,-0.34792233,0.7372346,58.441525,0.028225593
2025-09-12 12:00:00,33.104156,24.543488,1003.85876,-0.5770235,0.538701,0.93119645,60.87963,0.0
2025-09-12 18:00:00,29.610504,26.374786,1006.1356,0.02007699,3.1268978,0.9544731,82.80429,0.0
2025-09-13 00:00:00,27.909515,25.00473,1005.9225,1.9545994,1.2563667,0.98395264,84.254616,0.00047683716
2025-09-13 06:00:00,32.180817,23.449066,1006.66876,2.1426218,0.4571476,0.43640012,60.051144,0.001525972
2025-09-13 12:00:00,31.63089,24.782196,1004.6962,-0.6993141,1.4623251,0.75991666,67.11247,0.0002863817
2025-09-13 18:00:00,28.832153,25.762299,1007.0425,0.6350557,2.869115,0.28971553,83.53204,0.0030500814
2025-09-14 00:00:00,27.90158,23.870453,1006.36,1.7983701,0.86224747,0.19766062,78.75907,0.0
2025-09-14 06:00:00,33.51407,22.206879,1006.8812,2.1925457,-0.14953238,0.49089915,51.670414,0.0
2025-09-14 12:00:00,32.071198,23.154327,1004.9988,-0.6226187,2.9581726,0.8793102,59.3588,0.0
2025-09-14 18:00:00,29.211945,25.548859,1008.1625,1.2376539,3.3183987,0.99960333,80.68779,0.0
2025-09-15 00:00:00,27.957703,24.746796,1006.10315,1.4943213,0.49488735,0.90751725,82.7347,0.0
2025-09-15 06:00:00,34.29361,22.289764,1006.08875,2.7767267,0.062950075,0.9769688,49.719288,0.0
2025-09-15 12:00:00,32.507233,25.322418,1003.2375,-1.0641918,1.9324322,0.9152596,65.95466,0.0
2025-09-15 18:00:00,28.59259,25.510162,1007.09186,1.3469791,2.8109415,0.96822715,83.44304,0.0
2025-09-16 00:00:00,27.837006,23.490143,1005.855,2.4089136,1.2818475,0.9658583,77.266655,0.0
2025-09-16 06:00:00,32.949005,23.529175,1006.91125,1.6323156,-0.27495778,0.7009551,57.78368,0.0011441298
2025-09-16 12:00:00,31.428192,25.003632,1003.905,0.4038725,1.219688,0.77666277,68.79288,0.3357413
2025-09-16 18:00:00,27.53421,25.086395,1006.6756,-0.03047359,2.8357828,0.5790329,86.542854,0.0
2025-09-17 00:00:00,26.928864,25.812103,1005.6287,0.3330258,1.2537632,0.6942434,93.62167,0.0
2025-09-17 06:00:00,31.51297,25.012451,1007.5756,0.8562065,-0.2543831,0.8633779,68.49818,0.17393617
2025-09-17 12:00:00,27.950012,24.19812,1004.22314,-0.43714058,2.3977413,0.23786175,80.09759,0.0
2025-09-17 18:00:00,26.933807,24.246674,1007.34314,1.5588195,1.4786294,0.46681058,85.255875,0.12999783
2025-09-18 00:00:00,26.645782,23.570892,1005.8075,3.2147226,0.8685271,0.21126765,83.26104,0.0
2025-09-18 06:00:00,33.76346,24.786102,1006.83685,2.7075768,1.0724113,0.36343265,59.528343,0.07981807
2025-09-18 12:00:00,30.172699,24.54831,1004.03687,0.4881487,2.6776876,1.0000005,71.92511,2.004318
2025-09-18 18:00:00,27.130707,24.925201,1008.3231,2.0683672,0.73726773,0.9786447,87.765976,0.0
2025-09-19 00:00:00,26.2872,24.033844,1006.6306,2.3806102,0.1599226,1.0,87.44225,0.0
2025-09-19 06:00:00,28.765778,24.558868,1008.6806,1.6492796,0.31492525,1.0,78.05491,0.0
2025-09-19 12:00:00,29.059113,24.720795,1005.5106,-0.054590225,2.3695302,0.9782095,77.48647,0.0
2025-09-19 18:00:00,26.570648,24.65979,1008.13873,1.4419101,1.0309722,1.0000002,89.2785,0.0
2025-09-20 00:00:00,26.806122,24.644196,1006.1625,2.9946718,1.1016338,1.0,87.96721,0.18121302
2025-09-20 06:00:00,31.607208,23.063385,1007.41626,3.2258997,0.11415571,0.9886097,60.606712,0.0
2025-09-20 12:00:00,31.30252,24.410858,1004.77,1.0359126,0.41768456,1.0000005,66.875305,0.022529418
2025-09-20 18:00:00,27.553131,25.185516,1007.0606,1.3224895,2.9946995,0.5093002,86.958984,0.0
2025-09-21 00:00:00,27.866669,22.951935,1005.175,3.3597078,0.95987415,0.98589414,74.66502,0.0
2025-09-21 06:00:00,31.618073,22.61496,1006.3706,3.3615065,0.24397081,0.9991094,58.94568,0.010680407
2025-09-21 12:00:00,31.87259,23.510468,1003.83,0.23987007,2.756884,0.98866695,61.334946,0.0
2025-09-21 18:00:00,28.782867,26.369171,1006.4244,1.1280394,3.482952,0.958748,86.8328,0.033522297
2025-09-22 00:00:00,28.063385,24.015717,1005.565,3.1617794,0.7496205,0.91455626,78.70345,0.0
2025-09-22 06:00:00,32.602814,23.351837,1006.855,3.2691355,1.0829065,0.9189848,58.294167,0.0
2025-09-22 12:00:00,30.552155,24.874298,1004.66064,1.0277958,3.7858799,0.7888969,71.76224,1.1688471
2025-09-22 18:00:00,28.710785,26.74112,1007.9331,1.6140867,3.849057,0.99888843,89.12908,0.0
2025-09-23 00:00:00,28.272003,22.231049,1007.16565,4.3249226,0.57932633,0.99071133,69.79937,0.0
2025-09-23 06:00:00,33.1481,22.875885,1007.7587,4.855094,1.0759068,0.99960357,54.928867,0.003718771
2025-09-23 12:00:00,30.762848,24.740387,1005.08374,1.3415575,2.8835728,0.9991073,70.33818,0.7238155
2025-09-23 18:00:00,28.533905,24.742462,1007.3744,2.0624588,1.9486034,1.000001,79.98535,0.0
2025-09-24 00:00:00,28.33017,21.63095,1005.85126,4.1934414,1.1698189,0.9860162,67.06271,0.0
2025-09-24 06:00:00,32.291046,23.072357,1007.09375,3.970621,1.2505014,0.9973006,58.335518,0.0
2025-09-24 12:00:00,31.265533,24.041046,1003.02124,1.2651303,2.7839255,0.92344594,65.54638,0.12439489
2025-09-24 18:00:00,29.002167,26.3107,1005.83374,1.5150032,1.8254576,0.9999992,85.44128,0.0
2025-09-25 00:00:00,28.052216,21.763641,1004.4425,3.6881409,1.9282484,0.9694696,68.711914,0.0
2025-09-25 06:00:00,32.872467,23.476501,1005.66815,3.5564165,2.475269,0.8198166,57.848984,0.0
2025-09-25 12:00:00,28.066101,25.110931,1002.8831,2.1398644,4.0353365,0.9813554,84.01886,2.7140853
2025-09-25 18:00:00,26.732758,25.240997,1005.8837,2.9250832,1.4524907,0.91808444,91.54943,0.0
2025-09-26 00:00:00,26.606781,24.522583,1004.1238,3.1967726,1.9695718,1.0,88.360596,0.0003837049
2025-09-26 06:00:00,32.615753,23.45285,1005.215,4.0065517,2.4848857,0.955236,58.60778,0.0
2025-09-26 12:00:00,31.513824,24.113068,1002.5419,0.9973893,3.3407216,1.0,64.90727,0.048547983
2025-09-26 18:00:00,28.523224,23.19925,1005.9869,3.2019377,2.1398582,0.7545891,72.947685,0.0
2025-09-27 00:00:00,27.673248,22.30069,1005.16565,3.5177507,0.854298,0.96155155,72.58682,0.0
2025-09-27 06:00:00,33.822906,23.021393,1006.34564,4.3535385,2.4471917,0.8405999,53.35923,0.0
2025-09-27 12:00:00,31.47525,24.106598,1003.58685,1.6793945,3.009411,0.43847948,65.024475,0.043490674
2025-09-27 18:00:00,29.426971,23.41397,1007.10187,3.0868883,0.9520407,0.75547636,70.1326,0.0
2025-09-28 00:00:00,28.118988,22.099335,1006.2725,3.4053075,1.1323712,0.9880124,69.86134,0.0
2025-09-28 06:00:00,33.72586,23.140594,1006.6394,3.548894,2.4579172,0.82134145,54.0377,0.003051944
2025-09-28 12:00:00,32.171906,23.251007,1003.47314,1.1056967,3.5777316,0.9999997,59.367405,0.0
2025-09-28 18:00:00,29.503937,25.854279,1006.8762,1.5595315,2.57421,0.9346823,80.78938,0.0
2025-09-29 00:00:00,28.446869,22.355133,1005.3738,3.290042,0.9963187,0.935902,69.616776,0.0
2025-09-29 06:00:00,33.535553,22.7435,1006.3025,4.4817505,1.063659,0.39171457,53.318756,0.0
2025-09-29 12:00:00,32.48648,24.085358,1003.365,0.79892445,0.3284006,0.99734294,61.326916,0.00763312
2025-09-29 18:00:00,29.362213,25.179352,1005.4963,2.495376,1.565485,0.9761955,78.25218,0.0
2025-09-30 00:00:00,27.850983,21.02884,1004.2413,3.8895817,0.19539356,0.64141107,66.46316,0.0
2025-09-30 06:00:00,33.032257,21.368805,1005.52,3.0388193,-0.52569884,1.0000001,50.437267,0.0
2025-09-30 12:00:00,31.31546,22.899933,1002.4275,-0.87498474,0.82786465,0.9999998,61.013634,0.0
2025-09-30 18:00:00,28.673248,25.90384,1004.7706,1.1942524,2.9205513,0.8414097,85.015335,0.0
2025-10-01 00:00:00,28.454742,21.489777,1003.65875,4.1503935,0.33445644,1.0,66.00615,0.0
2025-10-01 06:00:00,33.923737,21.439545,1003.7425,3.873581,0.13601005,1.0,48.188515,0.0
2025-10-01 12:00:00,32.241974,24.27884,1002.4381,-0.099347115,0.78206444,1.0,62.905544,0.0
2025-10-01 18:00:00,29.023987,25.945831,1005.5687,1.3076628,2.9164085,1.0,83.51231,0.0012395903
2025-10-02 00:00:00,28.443878,22.157867,1005.33,3.010704,0.041452408,0.98337555,68.797905,0.0
2025-10-02 06:00:00,33.90738,22.018097,1006.34064,1.6203341,1.0811579,0.9999998,49.968185,0.0
2025-10-02 12:00:00,32.12259,24.036407,1004.6,-1.0745926,3.6964564,0.509886,62.417126,0.0
2025-10-02 18:00:00,28.671875,25.203705,1007.6244,1.4292517,3.3319497,0.7022849,81.56005,0.0
2025-10-03 00:00:00,28.012146,25.621979,1007.79065,1.3514456,2.3019416,0.5807897,86.88391,0.0003799796
2025-10-03 06:00:00,32.194122,24.836761,1009.265,0.048992634,-1.1378689,0.49291867,65.21661,0.06293878
2025-10-03 12:00:00,30.93692,24.70047,1006.34064,-2.5557804,1.7639782,0.0983098,69.4766,0.0
2025-10-03 18:00:00,27.937042,25.054565,1009.54126,1.4339577,2.420891,0.89029783,84.3697,0.0
2025-10-04 00:00:00,25.49588,24.315216,1010.0125,1.9399126,-0.039829433,0.9605573,93.19801,0.08517504
2025-10-04 06:00:00,29.399567,24.33496,1011.0694,2.3852148,-2.10748,0.9499359,74.243126,0.096865
2025-10-04 12:00:00,30.169098,23.41397,1006.64,0.36874545,0.8401512,0.42856425,67.20066,0.0
2025-10-04 18:00:00,27.089691,24.39975,1010.445,0.23197103,2.1165195,0.14870518,85.2573,0.0
2025-10-05 00:00:00,26.490875,24.126434,1009.14874,2.0163813,2.1338236,0.22800505,86.87917,0.0
2025-10-05 06:00:00,32.904938,23.795135,1009.7025,2.3913145,1.0805268,0.11997372,58.862328,0.0019073486
2025-10-05 12:00:00,28.36441,23.656525,1006.6344,-0.5107393,3.4070125,0.30905342,75.68342,0.0
2025-10-05 18:00:00,26.391388,24.297485,1009.66815,2.5237331,0.8328196,0.29909867,88.291664,0.020444144
2025-10-06 00:00:00,26.093231,23.128998,1008.325,2.3537483,0.56470644,0.35920107,83.75675,0.0
2025-10-06 06:00:00,32.38614,24.394043,1009.96936,1.7048388,-0.6733589,0.26082036,62.827457,0.026129186
2025-10-06 12:00:00,30.200592,25.062897,1007.1931,-0.5241213,-0.38526058,0.7970214,74.05073,0.07656962
2025-10-06 18:00:00,27.766327,25.232483,1009.6025,0.22478454,1.3674155,0.9772753,86.12244,0.0
2025-10-07 00:00:00,25.266205,23.996338,1009.2631,0.3280468,1.8638518,0.912894,92.68893,0.008006362
2025-10-07 06:00:00,31.570465,25.298004,1009.83374,1.3067007,0.35043514,0.38317448,69.44576,0.028801369
2025-10-07 12:00:00,29.949738,25.118439,1007.0131,-0.991477,1.2391372,0.5841171,75.37424,0.3042575
2025-10-07 18:00:00,28.39862,25.922241,1009.5019,-0.79763126,1.396635,0.59388435,86.476425,0.0
2025-10-08 00:00:00,27.853699,25.746124,1008.46185,0.39329147,1.5739514,0.9306959,88.33892,0.0
2025-10-08 06:00:00,30.871124,24.71344,1009.92065,1.0523612,1.0474708,0.6650984,69.79209,0.056748264
2025-10-08 12:00:00,30.06485,24.889862,1006.52875,-1.0897827,1.5583414,0.95583427,73.86387,0.0
2025-10-08 18:00:00,28.371887,25.458344,1010.03125,0.21370536,2.2727165,0.57978535,84.26018,0.01746416
2025-10-09 00:00:00,27.607666,25.243378,1009.4431,0.8601598,1.7499412,0.77851963,86.9811,0.051882118
2025-10-09 06:00:00,32.32901,24.648651,1009.52435,0.6539272,1.3191829,0.6952474,63.998077,0.0
2025-10-09 12:00:00,30.119843,24.561066,1006.3719,-0.52691746,2.109149,0.95413554,72.19872,0.0
2025-10-09 18:00:00,28.659088,25.221344,1009.6725,1.3624568,1.7430739,0.5430365,81.706345,0.29931962
2025-10-10 00:00:00,27.222015,23.834503,1007.95,1.670764,-0.47720337,0.35312462,81.776115,0.57306886
2025-10-10 06:00:00,32.548737,24.825165,1008.29626,-0.18106079,0.8112314,0.21890801,63.8793,0.0
2025-10-10 12:00:00,30.965424,24.728119,1005.52625,-0.77988243,2.1351948,0.78805155,69.47838,0.004192919
2025-10-10 18:00:00,28.823334,25.245758,1008.3169,1.397712,2.740158,0.5197364,81.04948,0.057920724
2025-10-11 00:00:00,27.687347,24.97464,1006.8525,1.4259984,0.12998676,0.97112924,85.201836,0.0
2025-10-11 06:00:00,32.804718,25.57425,1007.8331,1.1098175,-0.35772705,0.5958479,65.83601,0.024981797
2025-10-11 12:00:00,28.436737,24.138458,1005.78314,-2.22295,0.9134262,0.68291414,77.58125,0.0
2025-10-11 18:00:00,25.597198,24.28244,1008.96,0.8652455,-1.0380039,0.9330125,92.45719,3.4848692
2025-10-12 00:00:00,25.872467,23.712982,1006.8187,1.1136076,-1.3118849,0.3191797,87.90138,0.0
2025-10-12 06:00:00,31.743805,24.327362,1007.09064,-1.5890198,-1.3068848,0.32117337,64.893845,0.003598079
2025-10-12 12:00:00,30.116425,24.252533,1005.3675,-1.4723234,0.9564709,0.3356606,70.89087,0.0
2025-10-12 18:00:00,27.59378,25.236786,1008.0712,-0.4782858,1.2871776,0.18744308,87.01765,0.0
2025-10-13 00:00:00,26.492035,24.166687,1007.4394,0.8105973,1.3788157,0.8133691,87.08334,0.06800273
2025-10-13 06:00:00,32.211334,24.802338,1007.15564,-0.21923506,-0.19693756,0.3666243,65.019394,0.0
2025-10-13 12:00:00,29.985565,25.088379,1004.45624,-2.149787,-0.4701643,0.6991893,75.08461,0.0
2025-10-13 18:00:00,26.362091,24.680511,1007.8187,-0.6954565,-3.174675,0.93637663,90.49537,0.268851
2025-10-14 00:00:00,26.854095,24.30185,1005.1781,-0.10164547,-1.5657339,0.40957707,85.940094,0.0
2025-10-14 06:00:00,30.336945,25.4747,1006.5006,-2.2467852,-1.3421421,0.7845118,75.296585,0.8640033
2025-10-14 12:00:00,28.441437,25.043976,1004.0519,-2.7309618,-0.16087645,0.97474277,81.876076,0.0
2025-10-14 18:00:00,26.548737,25.010162,1005.8925,-0.7239332,-0.5491495,1.0,91.283264,0.0
2025-10-15 00:00:00,25.411438,24.34378,1004.6106,-0.6777382,-1.3641901,0.9999999,93.82728,1.987284
2025-10-15 06:00:00,27.90384,24.79129,1006.3169,-0.8708668,-2.733366,1.0,83.21596,0.035111427
2025-10-15 12:00:00,27.93161,25.22934,1003.7319,-1.9522257,-2.5781088,0.8883315,85.27952,0.0
2025-10-15 18:00:00,26.374023,25.045197,1006.15375,-1.6246595,-2.881443,0.9417927,92.421524,0.0
2025-10-16 00:00:00,26.560669,24.840973,1004.7431,-1.774127,-2.0720997,1.0,90.303055,0.2285505
2025-10-16 06:00:00,29.050507,25.358978,1005.8575,-2.9533253,0.2556519,1.0,80.53081,0.0
2025-10-16 12:00:00,28.026031,25.46524,1004.1881,-1.5642128,-0.3307438,0.9999993,86.00939,0.0
2025-10-16 18:00:00,26.060913,25.217926,1007.0712,-0.3959589,-1.3771753,0.9899047,95.12085,0.7193136
2025-10-17 00:00:00,25.980713,24.871857,1006.1281,-1.5079098,-2.0377493,0.9999998,93.62216,0.13255817
2025-10-17 06:00:00,28.71994,25.427643,1007.635,-2.342328,-1.6138783,0.99484223,82.42359,0.29201746
2025-10-17 12:00:00,27.46994,24.743378,1005.65125,-2.4351406,-2.193736,0.98959935,85.10933,0.46743143
2025-10-17 18:00:00,25.782562,24.88675,1008.02625,-1.6047153,-1.0136633,0.99554366,94.8117,0.0
2025-10-18 00:00:00,25.526459,24.383026,1007.03687,-0.05447507,-1.6228657,1.0000001,93.4076,0.0
2025-10-18 06:00:00,28.67508,24.784485,1007.8088,-1.7538786,-0.26481533,0.9926894,79.53188,2.834173
2025-10-18 12:00:00,28.717255,24.741882,1004.9437,-0.9953413,-1.6127005,0.9676277,79.135925,0.0
2025-10-18 18:00:00,26.105316,25.037415,1007.40436,-1.4894409,-1.0075207,1.0,93.85679,3.6125655
2025-10-19 00:00:00,26.272278,24.667511,1005.745,-0.06892681,-1.3165255,1.0,90.90583,0.0
2025-10-19 06:00:00,28.712921,25.091034,1007.3281,-1.6740503,-1.1441174,0.99999994,80.82191,1.8165059
2025-10-19 12:00:00,28.093903,24.785645,1004.51935,-1.9459686,-1.1087875,0.9060466,82.27107,0.0
2025-10-19 18:00:00,26.762878,24.93814,1006.3713,-1.409647,-0.6354017,0.86907774,89.752975,0.0
2025-10-20 00:00:00,25.328522,24.28769,1004.9419,1.029624,-1.855092,1.0,93.974594,0.0074957013
2025-10-20 06:00:00,27.69217,25.319183,1006.28687,-1.5991831,-3.6343374,1.0,86.94373,0.36915258
2025-10-20 12:00:00,27.069946,24.90207,1004.1731,-0.56721115,-2.0018272,1.0,87.95806,0.0
2025-10-20 18:00:00,25.695068,24.69104,1006.3331,-0.40413857,-2.4640293,1.0,94.1975,0.458968
2025-10-21 00:00:00,25.320862,24.219116,1004.3756,0.81104183,-2.6488876,1.0,93.63167,0.037906468
2025-10-21 06:00:00,25.741302,25.355316,1006.3056,0.46091652,-2.8218536,1.0,97.734116,1.1365635
2025-10-21 12:00:00,26.34262,25.080292,1003.1369,-1.0184965,-3.2719316,1.0,92.78684,0.0
2025-10-21 18:00:00,25.035797,24.284729,1005.22125,0.499856,-2.1541061,0.99515134,95.609886,1.1772741
2025-10-22 00:00:00,24.877777,24.10083,1003.9963,2.5198705,-0.56612873,0.6575731,95.456436,0.0
2025-10-22 06:00:00,28.817291,25.08548,1006.385,3.8072271,1.6891927,0.81045717,80.30771,0.0
2025-10-22 12:00:00,29.33963,24.750397,1003.7375,0.56569004,2.6512787,0.60521287,76.37526,0.0
2025-10-22 18:00:00,27.01706,24.871613,1006.71063,1.7699618,2.9467006,0.2076109,88.07148,0.13341568
2025-10-23 00:00:00,26.508453,24.05957,1005.82874,1.5464933,1.572795,0.94628006,86.44157,0.0
2025-10-23 06:00:00,31.355988,24.82956,1007.43,3.2207336,2.6604872,0.97543156,68.362335,0.000762951
2025-10-23 12:00:00,29.716919,24.171234,1005.04126,1.3530531,3.2467422,0.8650785,72.18517,0.0
2025-10-23 18:00:00,27.179413,24.377075,1007.84625,2.7123737,3.0542336,0.9701251,84.694466,0.0
2025-10-24 00:00:00,26.269379,23.365417,1006.8713,2.6584072,2.505061,0.999279,84.08168,0.0
2025-10-24 06:00:00,28.983734,24.439209,1008.60815,0.99773276,-0.7607622,1.0,76.52552,0.00038184226
2025-10-24 12:00:00,28.768799,24.526154,1006.1294,-0.24565494,0.4323718,1.0,77.88864,9.49949e-05
2025-10-24 18:00:00,27.564423,23.786713,1008.2525,0.031308174,1.1508318,1.0,79.92232,0.0
2025-10-25 00:00:00,26.720001,24.407684,1006.64624,1.3805028,0.16003704,0.95596373,87.171776,0.0123959035
2025-10-25 06:00:00,30.26773,24.686462,1008.27563,1.5680661,-0.5952749,0.9847518,72.12744,0.000947278
2025-10-25 12:00:00,29.815216,24.701752,1005.7356,-1.3806248,-0.5147896,1.0,74.09449,0.0
2025-10-25 18:00:00,26.007904,24.178925,1008.2556,-0.063076794,-0.75115204,1.000001,89.67545,0.0
2025-10-26 00:00:00,26.356415,24.174103,1006.33563,0.9194475,-1.1808224,0.97668594,87.82193,0.007722527
2025-10-26 06:00:00,30.958038,24.642242,1008.3619,1.5748756,-1.8370447,1.0,69.15184,0.008221716
2025-10-26 12:00:00,29.25772,25.858887,1005.9225,-0.14186954,-1.8388081,1.0,81.968124,0.0
2025-10-26 18:00:00,27.748383,25.342468,1007.1763,1.0108957,-0.5856619,1.0,86.778755,0.001527369
2025-10-27 00:00:00,26.45346,24.21051,1005.9275,1.366446,-0.59373,1.0,87.511406,0.0
2025-10-27 06:00:00,28.033539,23.960754,1007.78314,3.0148726,-0.7249031,1.0,78.58061,0.011540949
2025-10-27 12:00:00,28.290192,23.259277,1004.52814,5.1047506,0.07734203,1.0,74.21133,0.0
2025-10-27 18:00:00,26.820343,22.579681,1005.9294,3.6256027,0.4171896,1.0,77.614174,0.1029931
2025-10-28 00:00:00,26.128998,22.625153,1004.02435,3.4914923,1.8563175,1.0,81.06732,0.12170896
2025-10-28 06:00:00,28.661407,23.42453,1006.09436,3.2869167,1.4090155,1.0,73.35588,0.0
2025-10-28 12:00:00,29.358795,23.445404,1004.20874,1.6359711,1.6502677,1.0,70.54275,0.0
2025-10-28 18:00:00,26.686432,23.983917,1006.02124,1.7829008,1.7022069,0.95906925,85.15208,0.0
2025-10-29 00:00:00,26.161102,23.480194,1005.60565,1.998955,2.3765843,0.35417402,85.209305,0.0
2025-10-29 06:00:00,32.96463,23.947968,1006.8663,2.6302052,2.1628315,0.030044518,59.20661,0.004195608
2025-10-29 12:00:00,31.07663,24.088776,1004.7056,0.38189793,3.6962118,0.27256203,66.44573,0.0014295802
2025-10-29 18:00:00,28.390106,25.801788,1007.77124,1.2376719,2.9924483,0.17864396,85.90405,0.0
2025-10-30 00:00:00,27.029633,25.283783,1007.4938,1.454992,0.8780361,0.013000488,90.19469,0.0
2025-10-30 06:00:00,33.225494,23.481537,1008.71814,2.0299606,0.8276909,0.01586914,56.729836,0.0068675727
2025-10-30 12:00:00,31.42276,23.013824,1007.0613,-0.3059168,2.5469656,0.121968806,61.061913,0.0
2025-10-30 18:00:00,28.047516,24.741302,1009.8019,0.4336725,2.3720975,0.06704222,82.2756,0.0
2025-10-31 00:00:00,27.32315,24.709747,1009.7006,1.882679,0.5389366,0.009185791,85.67192,0.0
2025-10-31 06:00:00,33.391144,22.381378,1009.8063,1.7770765,0.44184113,0.013893127,52.58287,0.015641563
2025-10-31 12:00:00,32.214264,23.180267,1007.2225,-0.82151985,1.2706089,0.0017757416,58.97275,0.0
2025-10-31 18:00:00,27.942291,26.251862,1010.10626,-0.3862772,1.6593463,0.3002172,90.553505,0.0
2025-11-01 00:00:00,27.667389,25.361359,1009.3762,1.782427,1.2402729,0.903867,87.28842,0.002100598
2025-11-01 06:00:00,32.75882,23.637543,1009.625,1.296494,1.158139,0.90424204,58.788067,0.00018859282
2025-11-01 12:00:00,31.68106,24.0596,1007.5206,-1.0495281,1.9687531,0.13894933,64.08771,0.0
2025-11-01 18:00:00,27.535492,25.681427,1010.1394,0.27620006,1.8113036,0.22694853,89.65244,0.0
2025-11-02 00:00:00,27.190887,24.890778,1009.65,2.189237,1.3482648,0.92817676,87.27718,0.0
2025-11-02 06:00:00,33.071198,23.08377,1010.28876,2.4986048,1.0624177,0.20277593,55.865253,0.0
2025-11-02 12:00:00,32.023346,23.71878,1007.8769,-0.097304344,1.9192915,0.38787246,61.581356,0.0
2025-11-02 18:00:00,28.263641,25.018707,1010.3075,1.3698368,2.42396,0.3082376,82.60258,0.0
2025-11-03 00:00:00,27.368073,22.81839,1009.0481,2.6483164,0.49790198,0.43142164,76.254585,0.0
2025-11-03 06:00:00,32.88626,23.505707,1009.72375,1.8866086,-0.29579735,0.9606083,57.905968,0.0
2025-11-03 12:00:00,30.72232,24.088043,1007.3044,-0.60704,0.8551674,0.7635531,67.80027,0.0846833
2025-11-03 18:00:00,29.206055,25.977386,1010.0675,1.5292877,2.7181642,0.8842206,82.792076,0.0
2025-11-04 00:00:00,27.757599,23.49582,1008.0712,3.2336264,0.72852707,1.0000001,77.65234,0.0
2025-11-04 06:00:00,32.44034,23.265411,1009.33936,2.7419739,-1.026372,0.9228625,58.524696,0.0
2025-11-04 12:00:00,31.297943,24.31186,1006.5744,-0.458045,0.5565853,1.0000002,66.49718,0.0
2025-11-04 18:00:00,27.906525,25.770294,1008.83374,0.14807892,1.6899166,0.9421195,88.19329,0.0
2025-11-05 00:00:00,27.312988,24.568146,1007.2394,1.3502147,1.4873079,0.41420466,85.000305,0.0
2025-11-05 06:00:00,32.34134,23.6044,1008.27124,1.6613545,0.23690164,0.15502942,60.06865,0.0015255064
2025-11-05 12:00:00,30.178558,24.70993,1005.14935,-0.45257378,1.2988353,0.36839595,72.599075,0.34349597
2025-11-05 18:00:00,27.86972,25.03952,1008.41187,1.2436777,-0.20018578,0.4298715,84.62585,0.0
2025-11-06 00:00:00,26.231018,23.69638,1007.5694,0.32025552,-1.3315039,0.59471714,85.97058,0.15307963
2025-11-06 06:00:00,29.993805,24.074493,1009.275,1.6672883,-1.9293165,0.8209023,70.63336,0.0
2025-11-06 12:00:00,26.757477,24.337189,1006.825,1.6458614,-0.24146843,0.90637,86.6132,0.13683155
2025-11-06 18:00:00,26.602997,24.645813,1009.39813,0.23476762,-1.124301,0.7997752,89.034065,0.0
2025-11-07 00:00:00,26.105072,24.396332,1008.5606,0.93415433,-1.4212399,0.37854135,90.33101,0.0
2025-11-07 06:00:00,30.344757,24.914703,1009.8694,-0.7715721,-1.5105286,0.7407094,72.79498,0.054725975
2025-11-07 12:00:00,28.564636,24.030151,1007.90875,-0.8055086,-0.9803705,0.5692052,76.5079,0.04034716
2025-11-07 18:00:00,27.200165,24.81009,1010.1987,-0.5957794,-1.1684198,0.2570858,86.810616,0.0
2025-11-08 00:00:00,26.652863,24.975555,1009.5006,0.5674,-1.1707497,0.2510407,90.53796,0.018898398
2025-11-08 06:00:00,31.083282,24.404572,1010.8769,-1.0181208,-2.177637,0.2604062,67.69017,0.02067817
2025-11-08 12:00:00,29.711212,23.447357,1008.29626,-1.3908787,-1.6055164,0.3288046,69.13204,0.0
2025-11-08 18:00:00,26.982208,23.754333,1010.1425,-0.8960352,-1.757123,0.21887213,82.53633,0.0
2025-11-09 00:00:00,25.981354,23.723358,1008.90564,0.7050142,-2.2478867,0.1769951,87.39103,0.014128163
2025-11-09 06:00:00,30.287079,22.025726,1010.5075,-1.5776653,-3.1712847,0.30186135,61.35756,0.0058999285
2025-11-09 12:00:00,29.005646,22.47055,1007.8131,-1.608573,-1.9642239,0.18826741,67.87132,0.0
2025-11-09 18:00:00,26.217682,23.318542,1009.9506,-0.77918243,-1.9469233,0.07161915,84.10053,0.00019092113
2025-11-10 00:00:00,25.87967,23.310211,1008.96063,1.162652,-1.6752195,0.45382154,85.75598,0.0011450611
2025-11-10 06:00:00,30.78482,22.05191,1010.1994,-0.49378872,-2.7514544,0.29074526,59.729546,0.0073420815
2025-11-10 12:00:00,29.776825,23.602081,1007.8856,-2.4135275,-1.8103094,0.8479308,69.5168,0.0
2025-11-10 18:00:00,27.542267,25.015228,1010.09814,-1.4937048,-1.5087862,0.8591461,86.13593,0.0
2025-11-11 00:00:00,26.712372,24.434967,1009.59564,0.22958374,-2.2286282,0.52819407,87.353516,0.050748948
2025-11-11 06:00:00,30.88858,23.693085,1010.21875,-0.95242405,-3.2689562,0.7065147,65.583534,0.018584516
2025-11-11 12:00:00,28.555145,24.408966,1008.17065,-1.9142675,-2.5423021,0.46577734,78.30903,0.02413407
2025-11-11 18:00:00,26.987823,25.03897,1010.6981,-2.2845726,-1.8928957,0.7730424,89.10786,0.049464405
2025-11-12 00:00:00,26.942291,23.910095,1009.1431,-0.37594795,-2.661994,0.71189463,83.50882,0.0
2025-11-12 06:00:00,29.894135,25.556854,1010.9456,-1.7870512,-2.7829113,0.98938483,77.613075,0.0
2025-11-12 12:00:00,29.256561,23.466797,1008.98,-2.9541817,-2.925087,0.96800727,71.0521,0.0
2025-11-12 18:00:00,27.550201,23.669617,1011.28375,-2.3220425,-2.6026382,0.95387167,79.42706,0.0014305115
2025-11-13 00:00:00,26.745209,23.441986,1010.0556,-1.1518822,-2.8160696,0.76873726,82.13425,0.09100732
2025-11-13 06:00:00,30.130646,23.638641,1011.7587,-3.1558924,-3.2196484,0.83029693,68.26751,0.11706415
2025-11-13 12:00:00,28.714874,24.063263,1009.53876,-3.0538254,-2.083887,0.9880194,75.99466,0.008325204
2025-11-13 18:00:00,26.174652,23.945892,1011.4725,-1.7989302,-2.4301062,0.84960616,87.56175,0.0
2025-11-14 00:00:00,25.956146,23.738098,1009.8775,-1.1425161,-3.5733404,0.5475956,87.59922,0.0
2025-11-14 06:00:00,29.311493,23.29953,1011.5181,-3.2723494,-4.2791214,0.4089567,70.115654,0.0
2025-11-14 12:00:00,28.125061,21.17096,1009.3525,-2.5590658,-4.307995,0.04600015,65.98255,0.0
2025-11-14 18:00:00,25.768463,20.50177,1011.1281,-1.3064213,-3.5708084,0.10401329,72.72695,0.0
2025-11-15 00:00:00,24.943878,20.137726,1010.2537,0.9347935,-4.03181,0.63491553,74.68369,0.0
2025-11-15 06:00:00,29.120148,22.179596,1012.23065,-1.2921696,-4.8570776,1.0,66.24038,0.0024735928
2025-11-15 12:00:00,27.223358,24.153717,1009.9462,-2.6331148,-3.7400322,1.0,83.35281,0.19195676
2025-11-15 18:00:00,25.29831,23.914581,1011.59,-0.66084194,-3.4761114,0.98667276,92.05867,2.611175
2025-11-16 00:00:00,25.62613,23.161713,1010.90686,-0.6710224,-3.7662783,0.6265112,86.277306,0.0
2025-11-16 06:00:00,26.829132,23.737762,1012.3006,-1.6692,-4.7186117,0.96333647,83.19932,0.4336728
2025-11-16 12:00:00,25.794708,24.694733,1010.8375,-1.4547071,-4.1019106,1.0,93.663315,1.7436653
2025-11-16 18:00:00,25.0943,23.930878,1011.645,-1.2245541,-4.622326,1.0,93.274895,0.0
2025-11-17 00:00:00,24.488007,23.174652,1010.6194,0.1442318,-4.3471565,1.0,92.404655,0.0
2025-11-17 06:00:00,26.223053,23.695343,1011.4125,-0.43962193,-5.5671053,0.9980294,86.0057,0.10651159
2025-11-17 12:00:00,26.404083,23.365326,1009.6725,-0.14963055,-5.1356964,1.0,83.41524,0.0
2025-11-17 18:00:00,24.225677,23.166412,1011.28564,0.070542336,-3.68569,0.9957343,93.82162,0.25831464
2025-11-18 00:00:00,23.377838,22.233734,1008.9525,0.67800236,-3.7300386,0.99999994,93.30046,0.0
2025-11-18 06:00:00,26.414032,24.587982,1010.2369,-2.2402687,-2.3272276,0.9954815,89.72072,0.0
2025-11-18 12:00:00,25.623016,24.561188,1008.0425,-1.2907591,-2.895258,0.8096623,93.86944,0.38373518
2025-11-18 18:00:00,24.169098,23.224915,1011.0662,-1.5644732,-2.313405,0.61364233,94.474,0.0
2025-11-19 00:00:00,24.156189,23.080841,1009.4462,-0.043948174,-2.9694061,0.39389408,93.72728,0.0
2025-11-19 06:00:00,28.558868,24.960663,1010.6344,-1.8629608,-3.9322863,0.6000567,80.91647,0.006662324
2025-11-19 12:00:00,27.450928,23.389923,1008.405,-2.5408812,-4.0733175,0.16145784,78.55415,0.0
2025-11-19 18:00:00,26.151398,22.111237,1011.1362,-1.0788898,-3.5859604,0.029769897,78.46905,0.0
2025-11-20 00:00:00,25.608734,22.316925,1009.485,-0.03254795,-4.3637295,0.7139073,82.05339,0.0
2025-11-20 06:00:00,28.931671,23.795319,1010.77435,-1.7273693,-5.451706,0.7907125,73.84691,0.17988682
2025-11-20 12:00:00,26.694733,25.231964,1009.3031,-2.1344614,-3.681983,0.42926311,91.70528,0.15851855
2025-11-20 18:00:00,25.879059,24.244843,1011.64874,-0.99638176,-3.3906813,0.39051503,90.72009,0.0
2025-11-21 00:00:00,25.798737,23.857208,1010.565,-0.14951706,-3.2499866,0.82275105,89.05569,0.20574778
2025-11-21 06:00:00,29.001007,25.236298,1011.9325,-1.6603165,-3.340866,0.91853637,80.174545,0.0
2025-11-21 12:00:00,26.970367,24.957123,1009.835,-2.0016737,-3.4014807,0.9826922,88.765076,0.48699862
2025-11-21 18:00:00,25.761963,24.642883,1011.52,-1.6846457,-3.048664,0.9980223,93.55492,0.0
2025-11-22 00:00:00,25.548584,24.103668,1010.17126,-1.8326426,-2.793991,0.9988884,91.73541,0.0
2025-11-22 06:00:00,28.532623,25.19867,1011.4994,-3.779664,-3.2154818,1.0,82.197426,0.0
2025-11-22 12:00:00,26.034027,24.54184,1009.4506,-2.1447496,-2.5379457,1.0,91.50494,0.22694267
2025-11-22 18:00:00,25.551178,24.271362,1011.97,-2.1672745,-3.310339,1.0,92.64863,0.0
2025-11-23 00:00:00,25.47342,24.065216,1010.0475,-1.792903,-4.2161627,1.0,91.93344,0.94368887
2025-11-23 06:00:00,28.295197,25.924469,1011.1731,-4.1102686,-3.7027464,0.98854893,87.00964,0.0
2025-11-23 12:00:00,25.297668,24.435852,1009.28687,-3.1824493,-2.350418,0.9999992,94.98657,0.08659881
2025-11-23 18:00:00,25.313599,24.194183,1012.1719,-2.2846155,-2.204834,1.0,93.532135,0.0
2025-11-24 00:00:00,24.889679,23.498749,1011.1225,-2.0833712,-2.3532038,1.0,91.99539,0.0
2025-11-24 06:00:00,25.367767,23.7388,1012.51624,-1.734252,-3.6582642,1.0,90.71496,0.5853047
2025-11-24 12:00:00,26.16336,24.114899,1010.1156,-2.1640787,-2.8897238,0.9940429,88.514046,0.0
2025-11-24 18:00:00,25.60257,24.184479,1011.9844,-1.57691,-2.775648,0.90342003,91.88637,0.0
2025-11-25 00:00:00,25.675446,23.09552,1010.4425,-1.5669136,-3.7237206,0.4391088,85.68162,0.0
2025-11-25 06:00:00,28.72293,23.503693,1011.3119,-3.7472343,-5.443489,0.7445581,73.44435,0.014681138
2025-11-25 12:00:00,27.611298,23.66623,1009.1344,-2.7885962,-4.416978,1.0,79.12754,0.0
2025-11-25 18:00:00,26.231476,22.882904,1010.8069,-1.1097088,-4.610821,0.99999994,81.84702,0.0
2025-11-26 00:00:00,25.646393,22.570587,1009.8881,-0.38616753,-4.215659,1.0,83.14217,0.010877848
2025-11-26 06:00:00,28.851562,23.373383,1011.23065,-2.581685,-5.5458097,0.9988179,72.3279,0.16556662
2025-11-26 12:00:00,27.40332,22.857086,1009.8225,-2.7981348,-5.025611,1.0,76.275925,0.0
2025-11-26 18:00:00,26.207977,22.08963,1011.675,-1.3909903,-5.177041,0.9890856,78.104195,0.0
2025-11-27 00:00:00,25.686249,21.20285,1010.1106,-1.9952831,-4.729806,1.0,76.30295,0.004960224
2025-11-27 06:00:00,28.105652,21.723907,1010.4794,-3.324502,-6.355548,1.0000002,68.33216,0.022319088
2025-11-27 12:00:00,27.0029,21.898468,1008.3475,-1.764184,-6.2510567,1.0,73.66694,0.0
2025-11-27 18:00:00,26.182465,20.58725,1009.72687,-1.2503338,-6.546542,1.0,71.34143,0.012502074
2025-11-28 00:00:00,25.289398,21.419708,1007.8594,-0.45812225,-6.6756287,1.0,79.1686,0.19526482
2025-11-28 06:00:00,24.897064,22.447418,1008.28375,-0.9929762,-7.9251833,1.0,86.285034,1.3483558
2025-11-28 12:00:00,25.553741,22.916656,1006.40314,-0.05822277,-5.751258,1.0,85.373566,0.8210428
2025-11-28 18:00:00,23.67569,21.81668,1007.5563,-0.1518507,-6.1497383,1.0,89.33943,2.7885065
2025-11-29 00:00:00,22.897858,21.905426,1005.6975,2.4421806,-6.10281,1.0,94.1449,2.3788762
2025-11-29 06:00:00,23.121368,21.874298,1005.76935,1.6365633,-7.215148,1.0000027,92.70374,1.686645
2025-11-29 12:00:00,23.897003,23.434479,1003.77875,3.218132,-6.7106056,1.0000019,97.253105,0.0
2025-11-29 18:00:00,23.125763,22.460663,1005.205,3.229619,-5.736512,0.9892882,96.048584,0.0
2025-11-30 00:00:00,23.329376,21.927277,1004.35565,4.7006464,-4.185112,0.98903507,91.84242,0.0
2025-11-30 06:00:00,24.875427,22.003021,1006.3925,4.706562,-3.5063686,0.98874956,84.090515,0.0
2025-11-30 12:00:00,26.299072,22.242035,1005.71564,3.5972862,-1.4787216,0.9953364,78.409485,0.058633253
2025-11-30 18:00:00,25.081818,22.645172,1008.6881,2.5375004,-1.4691982,0.96049154,86.37076,0.0
2025-12-01 00:00:00,24.312286,23.039337,1006.97,2.2121077,0.8998499,0.88687134,92.621216,0.0
2025-12-01 06:00:00,28.493073,23.047943,1008.5325,3.160262,-1.2643089,0.9599924,72.41005,0.017749146
2025-12-01 12:00:00,26.953217,23.72293,1006.4825,0.17583007,-2.0702333,0.99999976,82.520905,0.0011399388
2025-12-01 18:00:00,26.0997,23.959442,1008.6769,0.97634244,0.44404697,0.9996042,88.02222,0.0
2025-12-02 00:00:00,25.649628,24.066742,1007.41187,1.6277428,1.2153997,0.9955521,90.98497,0.2875328
2025-12-02 06:00:00,28.729156,24.148102,1008.7294,2.1609068,0.5698557,0.7454699,76.319374,0.0
2025-12-02 12:00:00,27.358673,24.371887,1006.1131,-0.48717117,-0.114489555,0.8515896,83.783035,0.18613982
2025-12-02 18:00:00,25.50821,24.185211,1008.84937,0.84450984,0.8356657,0.99426025,92.406685,0.0
2025-12-03 00:00:00,25.385712,23.678162,1007.6719,0.16776884,0.9453878,1.0,90.28804,0.0
2025-12-03 06:00:00,27.194214,24.341217,1010.71313,0.10166645,2.7164276,0.70839703,84.43936,0.09295911
2025-12-03 12:00:00,26.772766,24.426483,1008.5681,-0.41074944,0.7525152,0.99655336,86.99936,0.0
2025-12-03 18:00:00,24.865082,23.624207,1010.53436,-1.0709352,-0.6130314,0.34349248,92.829796,0.0
2025-12-04 00:00:00,24.675812,23.129272,1009.9531,-0.59214497,-1.9964857,0.34710038,91.12222,0.05904062
2025-12-04 06:00:00,28.538177,25.113281,1012.03625,-1.5821667,-3.3804598,0.8653095,81.75412,0.0
2025-12-04 12:00:00,27.232513,24.158783,1010.0087,-3.1606398,-2.7901726,0.35970205,83.3334,0.0
2025-12-04 18:00:00,25.180603,24.097076,1012.4519,-1.9291973,-2.6455078,0.7145589,93.72764,0.09911915
2025-12-05 00:00:00,25.354218,23.748627,1011.29877,-1.6686592,-2.6918678,0.85076255,90.84178,0.28473735
2025-12-05 06:00:00,26.656525,24.211761,1012.3825,-2.6789217,-3.808095,0.7179003,86.4768,0.17489228
2025-12-05 12:00:00,26.65747,24.40506,1010.2519,-2.5760584,-3.4578238,0.5093213,87.47954,0.0
2025-12-05 18:00:00,25.080902,23.691376,1012.8019,-3.0102406,-3.6725197,0.9854376,92.01414,0.17272134
2025-12-06 00:00:00,24.81726,23.273407,1011.6719,-1.4819298,-4.3104534,0.56140894,91.14595,0.0
2025-12-06 06:00:00,28.272919,25.36911,1012.7994,-1.2161531,-3.841158,0.88933825,84.298386,0.0
2025-12-06 12:00:00,27.291656,24.124603,1010.91437,-2.7097998,-3.318284,0.4374684,82.87479,0.15658486
2025-12-06 18:00:00,25.209503,23.799438,1013.59686,-2.5600414,-2.7852,0.7898524,91.90789,0.19193125
2025-12-07 00:00:00,24.917267,23.412994,1011.8006,-1.1175203,-3.5449066,0.69274545,91.37026,0.0
2025-12-07 06:00:00,27.467804,24.350311,1013.04315,-2.6142912,-4.2349825,0.78394186,83.141716,0.08102989
2025-12-07 12:00:00,26.917603,23.826324,1011.51624,-2.4166822,-3.7460232,0.9969463,83.20987,0.0
2025-12-07 18:00:00,25.296112,22.400726,1012.8306,-1.2862883,-4.159277,0.2773974,84.019,0.0
2025-12-08 00:00:00,24.666168,21.697113,1011.69,0.40519238,-3.672844,0.39443666,83.572685,0.0
2025-12-08 06:00:00,28.33957,21.803925,1013.0012,-2.256896,-5.181901,0.6765856,67.738304,0.0
2025-12-08 12:00:00,27.336884,21.876465,1010.3775,-2.3675709,-4.200609,0.086913794,72.14059,0.0
2025-12-08 18:00:00,25.12564,21.018463,1011.9281,0.28103638,-4.385189,0.6538782,78.00053,0.0
2025-12-09 00:00:00,25.288483,21.176788,1010.1381,0.6386814,-4.609914,0.97491235,78.002625,0.12233853
2025-12-09 06:00:00,27.215363,23.369781,1011.925,-0.35973644,-3.8940449,1.0000005,79.54926,0.38176775
2025-12-09 12:00:00,26.050507,23.53595,1010.2425,-3.1005917,-3.5439243,0.9999992,86.057205,0.0
2025-12-09 18:00:00,25.347015,22.008942,1011.95374,-1.3843851,-4.6913147,0.9933968,81.79052,0.0
2025-12-10 00:00:00,25.819489,22.107758,1011.21375,-0.8169842,-3.9859505,0.99999845,80.008804,0.005543232
2025-12-10 06:00:00,27.41269,22.21872,1012.8056,-2.1734962,-5.4289703,0.955563,73.33508,0.0
2025-12-10 12:00:00,27.315826,21.368805,1010.16437,-2.5956144,-4.1569376,0.9680031,70.02172,0.0
2025-12-10 18:00:00,24.80655,20.24826,1012.0606,-1.4036446,-4.6312313,0.17820628,75.81457,0.0
2025-12-11 00:00:00,23.822418,20.604797,1011.2488,0.671937,-4.3589964,0.3843456,82.209435,0.0012407545
2025-12-11 06:00:00,28.29123,21.613983,1012.26373,-2.5573978,-5.7494335,0.96542877,67.14509,0.0
2025-12-11 12:00:00,27.233734,22.328522,1009.8056,-2.2284908,-4.1785,0.6035714,74.605034,0.0
2025-12-11 18:00:00,24.674713,21.00644,1011.3631,-1.2262449,-3.9680595,0.47391257,80.06847,0.0001899898
2025-12-12 00:00:00,24.199615,20.848358,1010.02185,0.080841064,-4.175193,0.5896492,81.58206,0.0046752393
2025-12-12 06:00:00,28.046906,21.761078,1011.275,-1.9880629,-5.473878,0.9972337,68.72243,0.03308803
2025-12-12 12:00:00,27.15445,21.613068,1009.6781,-2.403143,-3.8717813,0.96058685,71.75238,0.0
2025-12-12 18:00:00,25.401764,20.11319,1012.16437,-1.5574789,-4.017107,0.99882287,72.56475,0.0
2025-12-13 00:00:00,23.951569,20.036041,1010.64874,-0.32498932,-4.271084,0.49277502,78.75793,0.0001906883
2025-12-13 06:00:00,27.356842,20.907867,1012.0737,-1.8873043,-5.3448544,0.2812729,67.90507,0.0
2025-12-13 12:00:00,26.480438,20.6268,1009.78564,-2.2624903,-3.296955,0.0,70.26853,0.0
2025-12-13 18:00:00,23.260529,18.878967,1012.81,-1.406146,-3.9395847,0.04662323,76.40749,0.0
2025-12-14 00:00:00,22.489532,19.089996,1012.2075,0.15555763,-2.952302,0.28948176,81.12191,0.0
2025-12-14 06:00:00,27.713715,20.02829,1012.6944,-1.1205654,-4.7190857,0.18554743,62.989502,0.0
2025-12-14 12:00:00,26.085724,19.239838,1010.01,-2.2412148,-2.6426477,0.00911822,66.00446,0.0
2025-12-14 18:00:00,23.17862,18.55655,1012.86127,-1.3110867,-3.1018238,0.07972717,75.25427,0.0
2025-12-15 00:00:00,21.76529,18.632843,1011.5056,0.7577238,-3.3987846,0.009780884,82.39508,0.0
2025-12-15 06:00:00,27.66037,20.935638,1013.0875,-1.475997,-5.1495237,0.5931244,66.82352,0.003815163
2025-12-15 12:00:00,27.244171,21.920898,1009.95874,-2.0849237,-3.5675306,0.56357855,72.73065,0.0
2025-12-15 18:00:00,25.936798,21.06485,1011.5687,-1.306961,-4.2608967,1.000002,74.544235,0.013738871
2025-12-16 00:00:00,24.38324,21.912079,1009.9344,0.21687603,-3.9499931,1.0000004,86.12271,0.47281384
2025-12-16 06:00:00,27.092804,24.198456,1011.8169,-2.252305,-2.7553911,0.9969433,84.21948,0.0
2025-12-16 12:00:00,25.842163,24.724884,1009.4369,-2.9988222,-2.3135605,0.9828224,93.56869,0.0
2025-12-16 18:00:00,24.615265,24.007812,1011.59875,-2.2066164,-2.7604628,0.9591062,96.42503,0.08843425
2025-12-17 00:00:00,24.910675,23.645416,1010.3656,-2.3440657,-4.046298,0.95069766,92.69588,0.10297306
2025-12-17 06:00:00,27.697418,25.389008,1013.03815,-2.5883846,-4.174732,0.9509356,87.27871,0.018974751
2025-12-17 12:00:00,27.276459,23.493073,1010.7725,-3.0168905,-5.010721,0.49227506,79.85652,0.0
2025-12-17 18:00:00,24.850006,21.936249,1013.0719,-1.3798637,-4.8325157,0.9919611,83.87592,0.0
2025-12-18 00:00:00,23.131744,20.987152,1011.7275,-0.072631836,-4.126569,0.9827629,87.74637,0.0
2025-12-18 06:00:00,27.78012,21.950897,1013.2544,-1.8682938,-5.3504057,0.97293496,70.61405,0.0
2025-12-18 12:00:00,26.056427,20.911407,1010.85,-2.1203337,-3.8123093,0.581355,73.32373,0.0
2025-12-18 18:00:00,23.695953,20.18869,1012.5575,-1.1127281,-3.356039,0.98799926,80.73695,0.0
2025-12-19 00:00:00,23.571075,20.964264,1011.47815,0.1278143,-3.347454,0.9953376,85.32989,0.0
2025-12-19 06:00:00,27.70932,20.44284,1012.2381,-2.4585571,-4.6826105,0.9991092,64.640686,0.0003814057
2025-12-19 12:00:00,26.07965,20.186554,1008.9888,-2.3220606,-2.8220835,0.97353184,70.02281,0.0
2025-12-19 18:00:00,22.967194,19.425049,1010.8744,-0.58721066,-2.0964136,0.9746301,80.46691,0.0
2025-12-20 00:00:00,22.772736,19.409454,1009.1806,0.08471012,-2.6374874,0.8634686,81.34152,0.0
2025-12-20 06:00:00,27.567047,18.215912,1011.15,-2.3364515,-3.4205933,0.62284285,56.74594,0.0
2025-12-20 12:00:00,26.152618,19.133636,1009.0469,-2.0030766,-2.1335888,0.5037731,65.31041,0.0
2025-12-20 18:00:00,21.761993,18.324097,1011.4344,-0.6687603,-2.333456,0.4340943,80.83334,0.0
2025-12-21 00:00:00,21.843414,18.797699,1010.0544,0.46330833,-2.7105112,0.018096924,82.85246,0.0
2025-12-21 06:00:00,28.10788,20.4628,1012.0106,-2.2672596,-3.6028337,0.45461962,63.2326,0.0007628987
2025-12-21 12:00:00,26.735992,20.718048,1009.15625,-2.2483253,-2.4975882,0.24262257,69.60866,0.0
2025-12-21 18:00:00,23.248322,20.941376,1011.10126,-1.7268591,-2.6606941,0.9308926,86.885544,0.0
2025-12-22 00:00:00,22.495209,19.766022,1010.3081,0.1228075,-3.148056,0.960962,84.57544,0.0
2025-12-22 06:00:00,27.940643,19.749908,1011.7025,-2.5194807,-3.7444048,0.9988886,61.097443,0.0
2025-12-22 12:00:00,26.866547,20.453888,1009.3475,-1.1719799,-2.1401072,0.96455884,67.960526,0.0
2025-12-22 18:00:00,22.878082,19.997803,1011.0712,-0.07222271,-2.5493622,0.22529632,83.82905,0.0
2025-12-23 00:00:00,22.579376,20.103851,1009.3194,0.045930862,-3.6034794,0.50494313,85.92352,0.0
2025-12-23 06:00:00,27.984894,21.549591,1010.65625,-1.7227554,-3.9028606,0.99615324,68.085266,0.093750656
2025-12-23 12:00:00,26.588593,21.86496,1008.39874,-2.2017632,-3.1646538,0.3581146,75.33034,0.0
2025-12-23 18:00:00,24.335724,20.717865,1010.3725,-1.2624292,-3.3011408,0.6624547,80.27186,0.0
2025-12-24 00:00:00,23.935577,20.589203,1009.5769,0.042562485,-3.157772,0.1041466,81.573555,0.0
2025-12-24 06:00:00,28.311066,21.247162,1011.29565,-0.15048695,-3.9640942,0.91364723,65.57777,0.0
2025-12-24 12:00:00,27.02359,20.277557,1008.125,-2.738618,-2.8452635,0.27814955,66.60713,0.0
2025-12-24 18:00:00,23.063995,19.253113,1010.65936,-1.2323265,-2.5313559,0.18475477,79.14566,0.0
2025-12-25 00:00:00,22.563751,19.396454,1010.27625,1.1203289,-2.4724827,0.01197052,82.31289,0.0
2025-12-25 06:00:00,28.345245,21.55246,1011.28064,-0.9841671,-4.2129087,0.15557541,66.683,0.0008586794
2025-12-25 12:00:00,26.81955,23.249237,1009.415,-3.0042477,-2.3398247,0.59691507,80.82981,0.05637668
2025-12-25 18:00:00,24.016876,22.84259,1011.91,-1.5666094,-2.0922604,0.88192976,93.16097,0.0
2025-12-26 00:00:00,23.777557,22.331573,1009.8594,-0.7058792,-3.1124096,0.32838565,91.62387,0.010383904
2025-12-26 06:00:00,27.750763,22.459625,1011.4462,-3.1367435,-4.123147,0.7238538,72.96049,0.10843854
2025-12-26 12:00:00,26.722626,21.927643,1009.11,-2.7104778,-3.3842316,0.7309932,75.024506,0.0
2025-12-26 18:00:00,23.983246,20.577972,1011.42126,-1.644475,-3.166027,0.4179539,81.28395,0.0
2025-12-27 00:00:00,23.21817,20.319427,1010.65564,-0.6147852,-3.3343496,0.11514921,83.77145,0.0009536743
2025-12-27 06:00:00,28.035309,21.015106,1011.9169,-2.5406628,-4.2824516,0.772338,65.69689,0.016782433
2025-12-27 12:00:00,26.551971,20.872955,1009.39874,-2.46035,-3.1591234,0.18396258,71.04119,0.0
2025-12-27 18:00:00,24.427155,20.88617,1011.955,-1.8037281,-2.4448528,0.16444641,80.66456,0.008016825
2025-12-28 00:00:00,23.7742,21.082611,1011.4219,0.29287148,-3.5976057,0.10041904,84.907585,0.0
2025-12-28 06:00:00,28.17398,21.251373,1012.5756,-1.6475973,-4.3395824,0.42404175,66.120186,0.0010494841
2025-12-28 12:00:00,26.783173,21.500763,1009.97437,-3.1005077,-2.7688332,0.07144763,72.83267,0.0
2025-12-28 18:00:00,24.617828,21.261688,1011.6981,-1.9545383,-2.907096,0.030431397,81.60984,0.0
2025-12-29 00:00:00,24.197174,21.020264,1010.71625,-0.23606586,-3.4127436,0.61133415,82.46085,0.004197471
2025-12-29 06:00:00,28.062408,21.900116,1012.2594,-1.4003077,-4.4013367,0.88827527,69.2457,0.0
2025-12-29 12:00:00,26.460358,21.993988,1009.5637,-3.4446526,-2.9754858,0.60759777,76.50182,0.0
2025-12-29 18:00:00,24.658539,21.417206,1012.03314,-1.4581232,-3.2923613,0.0,82.191086,0.0
2025-12-30 00:00:00,23.171173,20.10733,1010.40125,0.92268753,-3.7508392,0.05958904,82.91555,0.0
2025-12-30 06:00:00,28.303009,22.05838,1011.6937,-0.39934027,-3.5025787,0.013809204,68.94459,0.0
2025-12-30 12:00:00,27.613068,22.447052,1007.9275,-2.9227362,-2.4799433,0.050842285,73.49386,0.0
2025-12-30 18:00:00,25.864044,23.597809,1010.4331,-2.011837,-3.0190573,0.6038399,87.33734,0.0
2025-12-31 00:00:00,25.534088,22.85617,1008.84125,0.43355274,-3.1658201,0.84337837,85.160675,0.03568083
2025-12-31 06:00:00,28.038605,23.337738,1010.1294,-1.0080347,-2.9908628,0.82663566,75.664314,0.0
2025-12-31 12:00:00,26.529572,24.166504,1006.60187,-1.4054232,-2.3097467,0.6376068,86.88988,0.41261217
2025-12-31 18:00:00,25.51123,24.115479,1009.0619,-1.0941944,-2.4520483,0.97872466,92.00436,0.0
