time,temperature,dewpoint,pressure,wind_u,wind_v,cloud_cover,humidity,rain_mm
2021-01-01 00:00:00,23.894318,21.283966,1009.98627,-0.9269161,-3.6592827,0.37666684,85.3443,0.0
2021-01-01 06:00:00,28.487091,21.479126,1012.4444,-3.7902994,-4.4361925,0.9749708,65.83926,0.0019072928
2021-01-01 12:00:00,27.083588,22.786652,1009.7512,-2.5764418,-3.394537,1.000001,77.38841,0.017067473
2021-01-01 18:00:00,24.32547,21.151947,1011.6912,-1.303072,-3.810934,0.99097896,82.49335,0.0
2021-01-02 00:00:00,23.896759,20.925568,1009.87,0.32719707,-3.7033157,1.0000013,83.47469,0.0072475523
2021-01-02 06:00:00,26.3732,23.078705,1011.95685,-2.5268679,-4.704728,0.8971721,82.13265,0.6082659
2021-01-02 12:00:00,26.490448,23.569885,1009.135,-2.8940744,-3.4809017,0.38726872,84.02162,0.0
2021-01-02 18:00:00,24.372223,23.531525,1010.29065,-1.3380194,-3.9130926,0.7790496,95.07361,0.047390535
2021-01-03 00:00:00,23.805878,22.891327,1008.36,-1.0079641,-3.747653,0.93557435,94.62904,0.88739455
2021-01-03 06:00:00,25.898804,24.119476,1010.4981,-2.4309397,-2.4908867,0.72866535,89.935135,0.22648787
2021-01-03 12:00:00,25.40561,24.113312,1007.95874,-2.3004503,-1.6164312,0.9858707,92.571526,0.0
2021-01-03 18:00:00,24.776825,23.5224,1009.3631,-1.8111057,-2.0865726,0.9637856,92.74944,0.0
2021-01-04 00:00:00,24.947296,22.791534,1008.83813,-1.4856873,-2.7109919,0.955347,87.84254,0.0
2021-01-04 06:00:00,27.717255,22.511444,1010.2825,-4.4641476,-2.8429995,0.65806854,73.33397,0.0
2021-01-04 12:00:00,27.368683,23.73108,1008.2294,-2.9819489,-2.7412825,0.40191966,80.57317,0.053976975
2021-01-04 18:00:00,24.760895,23.720886,1010.4856,-1.3159418,-3.146864,0.9839977,93.95443,0.106518045
2021-01-05 00:00:00,24.266815,23.185944,1009.0081,-0.045890808,-2.9370775,0.9921873,93.70104,0.20388523
2021-01-05 06:00:00,26.92392,24.21872,1010.7425,-1.9224701,-2.5435324,0.99893785,85.16253,0.0033217967
2021-01-05 12:00:00,26.417969,24.534515,1008.5444,-1.5534115,-1.8840656,0.9993348,89.413445,0.0
2021-01-05 18:00:00,24.53482,23.53659,1010.765,-0.99924755,-1.1138029,1.0000001,94.18141,0.0
2021-01-06 00:00:00,24.99057,23.696228,1008.3931,-1.0922318,-1.0592556,0.9936645,92.53798,0.0
2021-01-06 06:00:00,26.706085,24.408325,1009.7075,-2.6897812,0.006456375,0.95199114,87.246574,1.4219701
2021-01-06 12:00:00,26.775726,24.604187,1007.4775,-2.421959,-0.013181388,0.98627156,87.914116,0.0
2021-01-06 18:00:00,24.952423,24.193573,1009.8862,-1.4034462,0.7053885,0.94749624,95.56256,0.0
2021-01-07 00:00:00,24.612518,23.149963,1008.1044,0.34236145,-0.9195614,0.7809571,91.58217,0.0
2021-01-07 06:00:00,28.533356,24.289673,1009.1575,-2.4227428,-2.4300623,0.9292704,77.849785,0.47969246
2021-01-07 12:00:00,27.38565,24.409912,1005.6944,-3.5469646,-1.87679,0.6691078,83.84147,0.0
2021-01-07 18:00:00,25.981354,23.71698,1007.98126,-1.2199936,-1.5464392,0.9747941,87.35751,0.23366894
2021-01-08 00:00:00,25.433624,23.663696,1006.02124,-0.68310165,-1.7221594,0.90497607,89.952866,0.0
2021-01-08 06:00:00,26.38559,23.986237,1008.66187,-1.5908546,-1.6951551,0.9799587,86.68761,0.91351306
2021-01-08 12:00:00,26.832916,24.062714,1005.77936,-1.8853188,-1.7045336,0.7066581,84.82166,0.0
2021-01-08 18:00:00,25.137543,23.971497,1008.83813,-1.5143108,-1.4599533,0.9440349,93.262314,0.0
2021-01-09 00:00:00,24.500458,23.442902,1007.47437,-0.5591736,-1.7758904,0.92526716,93.84361,0.0
2021-01-09 06:00:00,28.372833,25.00705,1009.1763,-3.0807514,-2.330968,0.9993346,82.022514,0.14925636
2021-01-09 12:00:00,27.380188,24.200134,1007.3181,-2.9049387,-1.0679092,1.0,82.82044,0.0
2021-01-09 18:00:00,24.499695,23.558685,1009.6806,-1.6610966,-1.605607,1.0,94.50533,0.49717605
2021-01-10 00:00:00,24.786224,23.373627,1008.20685,-0.5420418,-2.878788,1.0,91.86925,0.0
2021-01-10 06:00:00,27.484955,24.039398,1009.6819,-1.1882124,-3.9492025,1.0,81.52369,0.0
2021-01-10 12:00:00,27.984558,23.625702,1006.985,-2.3513508,-2.4298773,1.0,77.2327,0.0
2021-01-10 18:00:00,24.558685,23.511322,1009.9462,-1.8842897,-2.8539953,1.0,93.903885,2.6806157
2021-01-11 00:00:00,24.637665,23.298798,1008.4725,-0.9777794,-3.8856764,1.0,92.27059,0.0
2021-01-11 06:00:00,26.243378,24.533478,1010.01685,-1.3734055,-4.332508,1.0,90.3342,0.25868976
2021-01-11 12:00:00,25.731293,24.332642,1008.2175,-1.4422369,-3.5738401,1.0,92.00096,0.77526474
2021-01-11 18:00:00,24.794128,23.83078,1009.6375,-1.5986462,-4.589242,1.0,94.3902,0.59737873
2021-01-12 00:00:00,24.953827,23.285492,1008.0719,-1.8020487,-4.315572,1.0,90.47224,0.0
2021-01-12 06:00:00,24.739655,24.044983,1010.805,-4.6568594,-3.9119682,1.0,95.92475,1.3335065
2021-01-12 12:00:00,25.974274,23.952484,1007.6,-4.2225494,-3.6556206,0.9999999,88.640785,0.899379
2021-01-12 18:00:00,24.424225,23.510376,1010.34314,-3.2279625,-2.3000307,1.0,94.65722,0.0
2021-01-13 00:00:00,24.531525,23.07074,1008.2488,-1.5996904,-3.1165676,0.96900994,91.587074,0.0
2021-01-13 06:00:00,27.494843,24.884003,1010.46436,-3.4884233,-3.0663004,0.9074159,85.70191,0.0
2021-01-13 12:00:00,26.046173,23.608582,1007.8706,-4.14098,-2.6712503,0.6667105,86.456856,0.082019106
2021-01-13 18:00:00,24.627716,23.699768,1011.2606,-1.3699007,-1.9809742,0.741561,94.58481,0.023736402
2021-01-14 00:00:00,24.641998,23.297516,1008.1319,-1.3863316,-3.5634212,0.5814655,92.23955,0.0
2021-01-14 06:00:00,27.68863,23.648499,1010.5062,-3.178753,-2.80787,0.47235113,78.686584,0.1465736
2021-01-14 12:00:00,26.678314,23.60257,1007.6831,-3.4487858,-1.572339,0.56401646,83.26047,0.0
2021-01-14 18:00:00,24.568817,23.617035,1009.99,-1.7700396,-1.7616396,0.8068328,94.44681,0.0495089
2021-01-15 00:00:00,24.704437,23.07547,1008.465,-0.7150793,-1.8451805,0.9988834,90.67097,0.21666381
2021-01-15 06:00:00,26.309235,23.561615,1011.0056,-1.1730413,-2.9838629,1.0,84.8825,0.14743364
2021-01-15 12:00:00,26.433197,23.35846,1008.1312,-2.6756945,-1.8966608,0.99849135,83.2376,0.0
2021-01-15 18:00:00,24.884918,23.244507,1009.735,-1.3772211,-1.7577152,0.998615,90.62033,0.0
2021-01-16 00:00:00,24.707367,22.98227,1007.78625,-0.1588049,-2.2954397,0.74840635,90.14529,0.0
2021-01-16 06:00:00,27.275665,23.027802,1009.9256,-2.442626,-3.0995893,0.87697476,77.64709,0.26693302
2021-01-16 12:00:00,27.495361,23.73764,1007.45435,-2.8336773,-1.472682,0.9484294,80.009285,0.0
2021-01-16 18:00:00,24.651276,22.39981,1009.71936,-1.8753748,-1.4458094,0.9329182,87.307945,0.0
2021-01-17 00:00:00,23.173431,21.186249,1008.76373,-0.022471428,-1.7211323,0.75648063,88.60207,0.0
2021-01-17 06:00:00,28.797638,21.397614,1010.9331,-1.5337124,-2.9968882,0.3114717,64.341324,0.0
2021-01-17 12:00:00,27.397614,20.464783,1008.65936,-2.8327532,-2.5922194,0.46758598,65.91946,0.0
2021-01-17 18:00:00,23.78299,20.555176,1011.3669,-1.2036276,-2.5612297,0.8275403,82.153,0.0
2021-01-18 00:00:00,22.513458,19.91336,1009.9219,0.14927387,-2.8137693,0.4662709,85.256836,0.0
2021-01-18 06:00:00,28.5737,20.41455,1012.54065,-3.186449,-4.3359337,0.8137676,61.359467,0.010109274
2021-01-18 12:00:00,27.299591,20.319855,1008.8144,-3.0570183,-3.037774,0.9966691,65.708664,0.0
2021-01-18 18:00:00,24.069122,19.613434,1010.89,-1.2869673,-2.423583,0.9799516,76.181564,0.0
2021-01-19 00:00:00,23.658478,20.558197,1009.29315,0.602581,-2.3082228,0.97147053,82.78645,9.5460564e-05
2021-01-19 06:00:00,28.561798,21.71817,1011.91815,-1.1396008,-4.1456165,0.78005105,66.51968,0.0031476375
2021-01-19 12:00:00,28.689056,21.625214,1008.565,-1.6271,-3.0769072,0.14057922,65.65599,0.0
2021-01-19 18:00:00,26.38913,22.403595,1010.6887,-1.4632244,-3.0555878,0.58377135,78.764084,0.0
2021-01-20 00:00:00,25.358673,22.022186,1009.53687,1.7078791,-2.8909779,0.9884249,81.79985,0.0005662441
2021-01-20 06:00:00,29.033234,23.392242,1011.5594,-1.0005474,-4.0511923,0.8898586,71.652534,0.08687377
2021-01-20 12:00:00,28.173859,24.086395,1009.28815,-2.2216034,-3.1131983,0.7425682,78.53111,0.0
2021-01-20 18:00:00,26.352386,23.832397,1010.76935,-1.654355,-2.4901257,0.3101986,86.05817,0.0
2021-01-21 00:00:00,24.865936,23.170776,1009.9331,-0.114188194,-1.9354172,0.9064385,90.31974,0.23041365
2021-01-21 06:00:00,29.274445,25.170685,1011.7019,-1.276721,-1.6203871,0.57145673,78.60922,0.0
2021-01-21 12:00:00,29.221954,24.66217,1008.46875,-2.6893072,-0.28251266,0.22631207,76.49187,0.0
2021-01-21 18:00:00,26.60028,24.972046,1010.1625,-1.7539825,-0.6544075,0.10817941,90.79983,0.0
2021-01-22 00:00:00,25.378387,23.498444,1010.0744,-0.47852516,-0.7541313,0.46866906,89.35447,0.123113565
2021-01-22 06:00:00,29.851105,25.06076,1011.835,-1.3317957,-1.227459,0.687203,75.54286,0.0
2021-01-22 12:00:00,28.84256,24.316162,1007.8425,-3.0597801,-0.4287405,0.11151238,76.587234,0.0
2021-01-22 18:00:00,25.751923,24.267487,1010.315,-2.1454468,-0.804657,0.056428213,91.53035,0.0022873282
2021-01-23 00:00:00,24.74533,22.52121,1009.21936,-0.6442089,-1.6482143,0.33307642,87.46146,0.027942661
2021-01-23 06:00:00,29.13565,21.543243,1012.0519,-2.8012924,-2.3290844,0.3992548,63.65949,0.020979546
2021-01-23 12:00:00,27.887482,22.886566,1009.6987,-3.1397848,-1.0279732,0.35002384,74.27974,0.0
2021-01-23 18:00:00,24.905914,22.475433,1011.7444,-2.0545025,-0.78757286,0.2815217,86.38641,0.0
2021-01-24 00:00:00,24.584686,21.76651,1010.3106,0.4442091,-1.3646955,0.94248664,84.337685,0.0
2021-01-24 06:00:00,29.066254,19.998566,1013.01,-2.0495987,-1.9473495,0.9765263,58.118736,0.011921395
2021-01-24 12:00:00,28.071503,21.8721,1009.6987,-2.6202402,-1.3666258,0.99800277,69.09078,0.0
2021-01-24 18:00:00,24.893097,22.480011,1012.35,-1.721693,-1.1619081,0.99533236,86.476555,0.0017164275
2021-01-25 00:00:00,24.203766,21.3284,1011.16125,-0.26899815,-1.4575386,1.0,84.0016,0.012492321
2021-01-25 06:00:00,29.269806,19.787018,1013.3044,-2.5368938,-1.4677286,0.9106201,56.690865,0.0
2021-01-25 12:00:00,29.068512,21.38498,1010.0519,-2.4323063,-1.0285711,0.7198418,63.2909,0.0
2021-01-25 18:00:00,24.91446,20.82962,1012.2875,-2.026064,-1.2698526,0.0014343262,78.07697,0.0
2021-01-26 00:00:00,23.798248,20.04126,1010.6163,-0.5728569,-2.7387505,0.57890266,79.51301,0.0
2021-01-26 06:00:00,28.76004,19.086731,1012.9456,-2.7564325,-3.0439806,0.61446047,55.900574,0.0
2021-01-26 12:00:00,28.03238,20.077118,1009.16626,-2.2988462,-1.9743462,0.46380377,62.015938,0.0
2021-01-26 18:00:00,23.94339,20.262299,1012.1306,-1.7800093,-1.5247908,0.0740695,79.9069,0.0
2021-01-27 00:00:00,23.5513,19.8378,1010.5469,0.278677,-2.1931067,0.8849495,79.693535,0.0
2021-01-27 06:00:00,28.689056,20.274445,1013.0513,-2.480873,-2.8312073,0.97272545,60.424988,0.012875302
2021-01-27 12:00:00,27.9971,20.885773,1009.98,-2.4946337,-2.2641325,0.40761513,65.322044,0.0
2021-01-27 18:00:00,24.372833,19.827606,1012.14813,-1.3710508,-2.3234262,0.37152117,75.80723,0.0
2021-01-28 00:00:00,23.861969,19.786957,1010.7569,0.120036125,-2.608549,0.7797252,77.97074,0.0029560179
2021-01-28 06:00:00,28.393951,21.35675,1012.9025,-3.1573086,-3.509737,0.59060585,65.70233,0.031085685
2021-01-28 12:00:00,28.349396,21.690765,1009.85876,-3.4332066,-2.6387348,0.1075166,67.23316,0.0
2021-01-28 18:00:00,24.95755,20.85672,1012.29315,-2.343111,-2.2763567,0.37830776,78.00646,0.0
2021-01-29 00:00:00,24.788605,20.660736,1010.98627,-0.07407856,-3.1412344,0.7702812,77.85206,0.004099682
2021-01-29 06:00:00,29.16092,21.669739,1012.9075,-3.0659075,-3.8754482,0.968635,64.060265,0.0
2021-01-29 12:00:00,28.063507,22.09787,1010.47064,-2.5190592,-3.2242556,1.0000002,70.0813,0.0
2021-01-29 18:00:00,25.592072,21.808807,1012.3713,-1.4692736,-2.4669409,0.9392082,79.62985,0.07131696
2021-01-30 00:00:00,25.231537,21.819366,1010.58435,-0.45183182,-2.8308506,0.61155355,81.40722,0.0
2021-01-30 06:00:00,29.52945,21.732819,1012.4125,-3.0204535,-3.5949268,0.36703515,62.953873,0.0
2021-01-30 12:00:00,28.389008,22.009735,1009.16125,-2.9841747,-2.6617842,0.11065334,68.39745,0.0
2021-01-30 18:00:00,24.979156,21.548553,1012.2425,-1.706295,-2.0850973,0.28399533,81.28373,0.0
2021-01-31 00:00:00,24.819366,21.135406,1010.66064,-1.1171417,-2.239688,0.48046505,80.01076,0.0003813766
2021-01-31 06:00:00,29.22049,21.21762,1012.5675,-3.2360258,-3.391758,0.5195307,62.09683,0.0
2021-01-31 12:00:00,28.285858,22.105377,1010.1231,-3.1162357,-3.0027237,0.02708735,69.21137,0.0
2021-01-31 18:00:00,25.228424,21.987518,1013.4331,-1.2950315,-3.1219902,0.0909713,82.2621,0.0
2021-02-01 00:00:00,24.437286,21.653168,1012.4575,-0.3152628,-3.5455093,0.07634622,84.49754,9.49949e-05
2021-02-01 06:00:00,29.31668,21.8378,1014.78876,-2.5158653,-4.790556,0.40621793,64.1415,0.0
2021-02-01 12:00:00,28.102753,22.59616,1011.5144,-3.711049,-3.471963,0.05895233,72.0727,0.0
2021-02-01 18:00:00,24.89151,21.238495,1014.65625,-2.0237284,-3.200571,0.22211123,80.17246,0.0
2021-02-02 00:00:00,24.337433,20.40744,1013.0925,-0.6673012,-3.405981,0.1275793,78.74226,0.0
2021-02-02 06:00:00,29.456757,21.372711,1014.47375,-2.7219143,-4.009186,0.35068786,61.840664,0.00028684735
2021-02-02 12:00:00,28.09439,21.955414,1011.7075,-3.609232,-2.8290462,0.26280653,69.35035,0.0
2021-02-02 18:00:00,25.917267,21.546722,1014.05,-2.270195,-2.7410784,0.32192582,76.86788,0.0
2021-02-03 00:00:00,24.947662,21.615387,1012.2481,-1.3521547,-2.4466324,0.47444975,81.77018,0.0
2021-02-03 06:00:00,29.234161,20.96817,1014.415,-3.916356,-3.1195173,0.30707902,61.1047,0.0012396486
2021-02-03 12:00:00,27.79776,21.196777,1011.77185,-3.5021896,-2.9134665,0.6533589,67.360916,0.0
2021-02-03 18:00:00,24.24112,19.849426,1014.1,-1.905426,-2.957099,0.99849266,76.51143,0.0
2021-02-04 00:00:00,23.674469,19.78778,1012.65375,-0.91128254,-2.5050364,0.11351192,78.85948,0.0
2021-02-04 06:00:00,29.035614,19.362,1014.7525,-3.3684502,-3.322465,0.40706155,55.966602,0.0
2021-02-04 12:00:00,27.566437,19.351166,1011.3,-3.7882576,-2.927102,0.79616475,60.919823,0.0
2021-02-04 18:00:00,23.736847,19.430695,1013.295,-1.6496325,-2.4340382,0.12898842,76.84104,0.0
2021-02-05 00:00:00,23.049835,19.469147,1012.2056,-0.1511116,-2.520628,0.49762237,80.28526,0.0
2021-02-05 06:00:00,28.436615,19.710358,1013.66187,-1.6787004,-3.6609926,0.58142984,59.212727,0.0
2021-02-05 12:00:00,27.516998,20.475739,1010.0494,-3.6173449,-2.894662,0.56328785,65.50458,0.0
2021-02-05 18:00:00,24.540497,20.087067,1012.09064,-2.3965197,-1.5413408,0.15613417,76.26584,0.0
2021-02-06 00:00:00,22.999908,19.520233,1010.4956,0.7427292,-2.630004,0.4622007,80.78426,0.0
2021-02-06 06:00:00,28.807648,21.170197,1012.52563,-2.0020514,-3.714181,0.6243863,63.41363,9.534415e-05
2021-02-06 12:00:00,27.930084,19.655182,1009.4338,-3.1487713,-3.3082361,0.32112122,60.776794,0.0
2021-02-06 18:00:00,23.158722,20.026093,1011.9375,-1.0512962,-2.5089397,0.048843384,82.5619,0.0
2021-02-07 00:00:00,22.641144,20.118927,1010.8744,0.3174696,-3.3034306,0.119018555,85.68185,9.5460564e-05
2021-02-07 06:00:00,28.587921,20.247467,1012.39124,-1.7076712,-4.4604483,0.14129639,60.67946,9.5460564e-05
2021-02-07 12:00:00,28.071075,19.795685,1009.7463,-3.0261736,-3.318863,0.012397766,60.806934,0.0
2021-02-07 18:00:00,24.307404,21.127289,1012.73126,-1.8053122,-3.6561785,0.13556671,82.45782,0.0
2021-02-08 00:00:00,23.680695,21.170685,1011.5106,-0.8043947,-3.7916193,0.24505569,85.84968,0.0
2021-02-08 06:00:00,28.851593,19.446075,1013.33,-3.1968603,-4.553652,0.29547545,56.8627,0.0
2021-02-08 12:00:00,27.94223,19.807892,1011.1763,-3.3765507,-3.5339146,0.06641817,61.31185,0.0
2021-02-08 18:00:00,24.218658,20.29013,1013.4369,-2.2247677,-2.280878,0.20340317,78.73253,0.0007628696
2021-02-09 00:00:00,23.521149,19.163116,1011.34937,-0.41091633,-2.4541588,0.53904086,76.560196,0.0
2021-02-09 06:00:00,29.059723,17.82367,1013.0475,-2.9472637,-4.4164248,0.8168332,50.759228,0.0
2021-02-09 12:00:00,27.194,18.830658,1009.52563,-3.1807756,-3.5012293,0.8289826,60.275536,0.0
2021-02-09 18:00:00,23.308502,18.74582,1012.10376,-1.7413578,-2.3009138,0.32844183,75.55532,0.0
2021-02-10 00:00:00,23.15921,18.44168,1010.64124,-0.4322319,-2.5775795,0.9277941,74.802605,0.0019072322
2021-02-10 06:00:00,28.398102,18.290253,1013.1575,-2.1343718,-2.819541,0.65138793,54.314083,0.0
2021-02-10 12:00:00,27.233368,16.605316,1009.36127,-3.0255232,-2.2409048,0.0,52.269936,0.0
2021-02-10 18:00:00,22.342194,18.066376,1011.70374,-2.1154222,-1.2547703,0.46464956,76.77247,0.0
2021-02-11 00:00:00,21.430817,17.726349,1009.7469,0.0020713806,-2.5180283,0.8242189,79.44596,0.0
2021-02-11 06:00:00,28.045563,17.900726,1012.0712,-2.4462395,-2.547864,0.60957175,54.100174,0.0
2021-02-11 12:00:00,27.24527,18.237701,1008.91125,-3.1336594,-2.0143023,0.7088837,57.904583,0.0
2021-02-11 18:00:00,22.682281,17.99411,1011.5481,-0.918807,-1.769001,0.59794784,74.86197,0.0
2021-02-12 00:00:00,23.233673,17.64566,1010.5275,0.6189852,-1.9833956,1.0,70.8333,0.00028614886
2021-02-12 06:00:00,27.965668,18.053436,1012.395,-1.8549061,-2.4637613,0.9973901,54.877155,0.00667572
2021-02-12 12:00:00,27.801117,19.514313,1009.6819,-2.986762,-1.3771601,0.10686859,60.70261,0.0
2021-02-12 18:00:00,23.250275,18.740936,1012.41876,-1.5192041,-1.702672,0.059439003,75.798355,0.0
2021-02-13 00:00:00,22.899078,18.963043,1011.2606,0.8392105,-2.0369616,0.36715698,78.50729,0.0
2021-02-13 06:00:00,29.367706,19.105621,1013.2006,-0.9682579,-1.9361553,0.2778416,54.033047,0.0
2021-02-13 12:00:00,28.435577,20.261688,1010.53,-3.5054893,-1.6627455,0.10144043,61.272644,0.0
2021-02-13 18:00:00,24.506989,21.373627,1012.8594,-2.3462238,-1.0733376,0.0,82.718346,0.0
2021-02-14 00:00:00,23.161163,20.843658,1011.6669,0.119607925,-1.6000395,0.048323546,86.82109,0.0
2021-02-14 06:00:00,28.946686,19.469025,1013.2388,-1.8517609,-1.9868889,0.19520123,56.63108,0.0
2021-02-14 12:00:00,28.251495,19.840363,1010.3088,-3.3248358,-0.48943043,0.0075282184,60.338223,0.0
2021-02-14 18:00:00,24.166656,20.663849,1012.41876,-2.5043125,-0.6206703,0.58302474,80.82039,0.0
2021-02-15 00:00:00,23.567413,20.915497,1011.225,0.5071058,-1.8191729,0.69591415,85.09326,0.0
2021-02-15 06:00:00,29.508942,21.12613,1011.78687,-1.349555,-2.3939857,0.11729431,60.729492,0.0
2021-02-15 12:00:00,28.121735,22.285614,1008.2475,-3.8963823,-0.3210783,0.0,70.64698,0.0
2021-02-15 18:00:00,24.802338,22.058716,1011.3762,-3.0334396,-0.1137619,0.0058059692,84.74549,0.0
2021-02-16 00:00:00,23.875458,21.361877,1010.1344,0.12517929,-1.3144407,0.9647216,85.85013,0.0005720649
2021-02-16 06:00:00,29.0065,20.710114,1011.8244,-1.4946918,-1.23211,0.9423273,60.939384,0.0
2021-02-16 12:00:00,27.947418,21.05893,1008.15063,-3.3863,-0.25302124,0.57838583,66.21247,0.0
2021-02-16 18:00:00,24.340973,20.857483,1010.8931,-2.5368662,-0.35109,0.014221668,80.93909,0.0
2021-02-17 00:00:00,23.402191,20.588379,1009.53815,-0.5307884,-1.4568329,0.29839402,84.23196,0.0
2021-02-17 06:00:00,29.164581,20.023163,1011.09314,-2.2728834,-2.170576,0.31435356,57.877235,0.0
2021-02-17 12:00:00,27.543488,20.80368,1008.47565,-3.7008715,-1.5278063,0.021830399,66.73801,0.0
2021-02-17 18:00:00,24.397491,20.261322,1011.115,-2.8164644,-1.1655216,0.032048985,77.754684,0.0
2021-02-18 00:00:00,24.475983,20.702179,1010.2294,-0.603426,-1.6629934,0.3662228,79.523575,0.0001906883
2021-02-18 06:00:00,28.66922,20.733185,1012.48627,-3.3531322,-1.9699268,0.89198434,62.230537,0.052069545
2021-02-18 12:00:00,27.858978,21.452911,1009.9481,-3.6475735,-2.3778505,0.26237178,68.18262,0.0
2021-02-18 18:00:00,24.131134,20.473602,1011.9881,-1.8574591,-1.4995384,0.015325709,80.04852,0.0
2021-02-19 00:00:00,23.692108,21.081146,1010.53,-0.24187565,-2.4724007,0.1617881,85.32049,0.024221838
2021-02-19 06:00:00,28.293,22.670197,1012.6213,-2.3413372,-2.9456959,0.36163563,71.59975,0.30546921
2021-02-19 12:00:00,28.485992,24.161255,1009.0556,-4.1880627,-2.5921736,0.48350698,77.46541,0.0
2021-02-19 18:00:00,24.73584,22.688599,1012.0556,-2.4203663,-2.386156,0.54112077,88.404785,0.0
2021-02-20 00:00:00,24.64215,22.42984,1010.4169,-0.28148937,-3.151535,0.488698,87.515175,0.0
2021-02-20 06:00:00,28.542877,23.039581,1011.9981,-2.1760979,-3.127285,0.8213061,72.164375,0.0060140006
2021-02-20 12:00:00,27.193573,23.112396,1008.8425,-3.5001774,-3.2415667,0.36264712,78.42205,0.0
2021-02-20 18:00:00,25.232727,22.646118,1011.72125,-1.9860878,-2.216115,0.41035128,85.602936,0.0
2021-02-21 00:00:00,24.330902,22.771484,1010.95935,-1.1307821,-2.2920456,0.936909,91.02921,0.34159413
2021-02-21 06:00:00,28.41043,23.679626,1012.9975,-2.7367134,-2.490079,0.74345255,75.58627,0.0
2021-02-21 12:00:00,27.586578,23.286957,1010.34375,-3.4529257,-3.0756168,0.55958927,77.45016,0.12903553
2021-02-21 18:00:00,24.639435,22.554596,1012.59436,-1.3309183,-2.5272226,0.32562894,88.19533,0.0
2021-02-22 00:00:00,25.104523,22.608368,1011.64874,0.008489609,-2.8937073,0.43230575,86.06153,0.0
2021-02-22 06:00:00,29.272247,22.821503,1013.22815,-2.971592,-3.1680183,0.4214524,68.271675,0.12903714
2021-02-22 12:00:00,29.350494,23.480988,1009.755,-3.3623705,-2.9027214,0.2258648,70.72818,0.0
2021-02-22 18:00:00,25.879272,23.300934,1012.41187,-2.0243244,-2.1747017,0.30545014,85.70995,0.013825484
2021-02-23 00:00:00,24.878693,22.948578,1010.47064,-0.004688263,-2.1200285,0.6164852,89.04596,0.0
2021-02-23 06:00:00,29.727448,21.900604,1012.3719,-1.7374163,-3.0353632,0.48437274,62.88075,0.0
2021-02-23 12:00:00,28.7659,22.60611,1008.425,-3.8676243,-1.8413067,0.15812594,69.38945,0.0
2021-02-23 18:00:00,25.36911,22.642456,1011.5075,-2.4648285,-1.6152325,0.73165756,84.89239,9.534415e-05
2021-02-24 00:00:00,23.912994,21.752869,1009.5206,0.21691418,-1.9951429,0.34735125,87.73042,0.0011442462
2021-02-24 06:00:00,29.771759,21.466644,1011.85,-1.9507065,-1.6259918,0.15917538,61.07871,0.0
2021-02-24 12:00:00,28.887604,21.771149,1008.095,-3.3545437,-0.97032547,0.0,65.48612,0.0
2021-02-24 18:00:00,24.76883,22.398224,1011.14624,-2.3210497,-0.14630699,0.026901245,86.68847,0.0
2021-02-25 00:00:00,23.254791,21.92862,1009.2575,-0.22447872,-1.1506042,0.74656564,92.26457,0.0
2021-02-25 06:00:00,29.647247,21.49173,1012.28064,-1.285387,-0.9427271,0.31171829,61.612736,0.0
2021-02-25 12:00:00,28.752594,21.087921,1007.9819,-3.4516115,-0.41636086,0.29264486,63.295883,0.0
2021-02-25 18:00:00,24.217377,21.654327,1009.9819,-2.0349255,0.2659797,0.0020012856,85.624466,0.0
2021-02-26 00:00:00,22.470001,21.015686,1008.73627,0.995224,-0.16240597,0.06880188,91.49771,0.0
2021-02-26 06:00:00,30.016998,19.865387,1010.4981,-0.15578139,-0.6906452,0.0001449585,54.566826,0.0
2021-02-26 12:00:00,29.543121,20.730133,1005.8881,-3.00426,0.24027371,0.0,59.152233,0.0
2021-02-26 18:00:00,24.394318,22.035797,1008.98627,-2.0681858,1.119655,0.0070495605,86.71749,0.0
2021-02-27 00:00:00,22.601227,20.975311,1007.32623,1.2024031,0.17285097,0.10417175,90.54646,0.0
2021-02-27 06:00:00,30.31485,20.634064,1009.5069,-0.48853207,0.7046154,0.009056091,56.25145,0.0
2021-02-27 12:00:00,29.700592,21.344147,1005.77124,-3.104764,0.9075436,0.0,60.87101,0.0
2021-02-27 18:00:00,24.322235,22.288208,1008.65686,-2.0594425,0.042137146,0.005016327,88.442024,0.0
2021-02-28 00:00:00,21.792389,20.726227,1007.3306,0.30672836,0.09097093,0.8900446,93.67123,0.0
2021-02-28 06:00:00,29.681183,21.310822,1010.28876,-1.546238,0.9573344,0.040239334,60.81475,0.0
2021-02-28 12:00:00,29.536896,20.93338,1006.8956,-2.870761,0.362208,0.0,59.918022,0.0
2021-02-28 18:00:00,23.923798,22.04654,1010.5563,-1.8554573,-0.58815193,0.0014340878,89.258865,0.0
2021-03-01 00:00:00,23.326447,21.885895,1009.8181,-0.22741318,-0.6919756,0.91222143,91.626976,0.0
2021-03-01 06:00:00,29.99002,21.989899,1012.895,-1.3822718,0.35923916,0.040756226,62.276554,0.0
2021-03-01 12:00:00,29.686066,21.219025,1010.1238,-2.879715,1.2938306,0.0,60.45639,0.0
2021-03-01 18:00:00,23.887787,22.341034,1013.02374,-1.3503189,1.1617048,0.0,91.0708,0.0
2021-03-02 00:00:00,24.773834,22.731049,1010.78436,0.07365608,0.082603455,0.6032511,88.431786,0.0
2021-03-02 06:00:00,29.860992,21.433014,1012.9963,-1.5784998,-0.2560448,0.010944366,60.640938,0.0
2021-03-02 12:00:00,29.486969,20.407623,1009.8906,-3.381507,0.19566536,0.0,58.175938,0.0
2021-03-02 18:00:00,24.277924,22.072723,1011.59314,-1.657486,0.99553156,0.0,87.52116,0.0
2021-03-03 00:00:00,22.429596,20.758392,1009.33374,0.5454073,-1.0696955,0.00078713894,90.28281,0.0
2021-03-03 06:00:00,30.151031,19.876373,1012.0087,-2.6197643,-0.66844654,0.005841255,54.18535,0.0
2021-03-03 12:00:00,28.978424,20.125763,1009.4725,-3.6621456,-0.01080513,0.0015716553,58.876503,0.0
2021-03-03 18:00:00,24.20578,21.934723,1011.40936,-2.1995192,-0.38475227,0.02155304,87.16401,0.0
2021-03-04 00:00:00,24.474152,21.799408,1010.2656,-0.18015575,-0.5700817,0.592969,85.06808,0.001048902
2021-03-04 06:00:00,29.654572,19.53952,1012.45685,-2.0829678,-0.37478924,0.18886365,54.601192,0.0
2021-03-04 12:00:00,29.177277,21.200714,1009.3738,-3.803955,-0.32718754,0.007423401,62.187584,0.0
2021-03-04 18:00:00,24.596954,20.932709,1012.0606,-1.8631773,-1.0745468,0.021316528,80.07788,0.0
2021-03-05 00:00:00,24.532867,21.360321,1011.0606,0.07193947,-1.5250549,0.4012138,82.52305,9.534415e-05
2021-03-05 06:00:00,30.344635,20.697449,1013.01874,-2.3997688,-1.3756838,0.3432875,56.375187,0.0
2021-03-05 12:00:00,29.586578,21.984772,1009.9256,-3.528884,-0.37909794,0.0,63.71942,0.0
2021-03-05 18:00:00,25.01059,21.878845,1012.64185,-1.8219957,-0.48180485,0.4017806,82.78581,0.0
2021-03-06 00:00:00,24.03543,21.521881,1011.02,0.4125862,-1.1170511,0.44218618,85.866035,0.0
2021-03-06 06:00:00,31.249908,20.871979,1013.09814,-1.2679272,-0.93978596,0.054374695,54.11203,0.0
2021-03-06 12:00:00,30.42508,22.572906,1008.5538,-3.7647505,-0.31776142,0.0,62.93492,0.0
2021-03-06 18:00:00,25.29544,22.819366,1011.94,-1.8695135,1.2443202,0.0007200241,86.184845,0.0
2021-03-07 00:00:00,24.653595,22.742706,1009.8825,0.7180252,-0.5227995,0.63642985,89.13236,0.0
2021-03-07 06:00:00,31.32132,22.450348,1011.89685,-1.2085648,-1.066268,0.12206268,59.352104,0.0
2021-03-07 12:00:00,30.688751,22.584625,1008.09125,-3.8858948,-0.3480959,0.0,62.03658,0.0
2021-03-07 18:00:00,26.416718,23.978912,1011.3756,-2.3681545,0.0672369,0.00039672852,86.49048,0.0
2021-03-08 00:00:00,25.55838,22.90628,1009.90686,-0.7195072,-1.3617496,0.37052536,85.29643,0.0017154962
2021-03-08 06:00:00,31.945587,21.840546,1012.39435,-2.4289227,-1.8760672,0.111312285,55.19644,0.0013392419
2021-03-08 12:00:00,30.03006,23.42276,1008.6956,-4.372617,-1.3877478,0.035252914,67.77522,0.0
2021-03-08 18:00:00,26.921906,23.728119,1012.08,-1.9225874,-1.3527174,0.095771894,82.69871,0.0008586794
2021-03-09 00:00:00,26.550262,23.323395,1010.2019,-0.71459293,-1.8032026,0.30170977,82.49023,0.01306273
2021-03-09 06:00:00,31.777985,22.694366,1012.695,-3.893034,-1.6097374,0.17330885,58.695305,0.0
2021-03-09 12:00:00,29.925201,23.624115,1009.6337,-4.2729616,-0.5721159,0.028171226,69.01756,0.0
2021-03-09 18:00:00,27.048798,24.172699,1013.08936,-1.9837456,-0.84865665,0.1653442,84.30701,0.0032419339
2021-03-10 00:00:00,26.50534,23.952942,1010.72565,-1.2826738,-1.3811417,0.55748653,85.90547,0.036622398
2021-03-10 06:00:00,32.141632,24.454865,1012.6319,-3.0768156,-1.677702,0.24867481,63.934113,0.0
2021-03-10 12:00:00,30.089874,23.640228,1008.9956,-4.6580257,0.23163831,0.30785656,68.43404,0.025477141
2021-03-10 18:00:00,26.617676,23.74411,1012.5525,-1.893383,0.54729044,0.34112024,84.273544,0.0
2021-03-11 00:00:00,25.95462,23.512604,1010.2625,-0.52813816,-0.27165824,0.42829913,86.42517,0.0
2021-03-11 06:00:00,32.253815,22.478058,1012.56,-2.8308306,-0.3260193,0.1789563,56.389683,0.0
2021-03-11 12:00:00,30.958527,22.123932,1008.9531,-4.1317873,0.18238544,0.025062561,59.40025,0.0
2021-03-11 18:00:00,26.138947,23.316742,1013.1725,-1.9937391,0.26067668,0.20415431,84.4836,0.0
2021-03-12 00:00:00,24.948639,22.131927,1011.29877,0.25421238,-0.39711094,0.5431895,84.38443,0.0
2021-03-12 06:00:00,31.130035,21.424957,1014.2056,-3.0338554,-0.40031147,0.3757382,56.363564,0.0
2021-03-12 12:00:00,29.924103,21.691559,1010.6919,-4.4289713,-0.7697334,0.0,61.384613,0.0
2021-03-12 18:00:00,25.587006,22.068298,1013.07623,-2.6681757,-0.40123653,0.017866135,80.92486,0.0
2021-03-13 00:00:00,24.903107,22.529083,1010.96124,-0.22886276,-0.6833277,0.20120806,86.682945,0.0
2021-03-13 06:00:00,31.330353,21.881317,1013.5775,-2.5216217,-1.5378675,0.36449897,57.30098,0.0
2021-03-13 12:00:00,30.466461,21.70346,1009.6925,-3.9785872,-1.6547022,0.022140503,59.54712,0.0
2021-03-13 18:00:00,26.452118,22.65982,1012.20435,-2.318367,-1.7172489,0.010234833,79.70266,0.0
2021-03-14 00:00:00,25.046783,22.430634,1010.1875,-0.4736557,-1.5780525,0.2840977,85.43087,0.0
2021-03-14 06:00:00,32.63272,21.21933,1011.545,-3.035946,-1.1962748,0.042286735,51.113785,0.0
2021-03-14 12:00:00,30.741608,20.508942,1007.9225,-3.5698462,-0.76876354,0.059913635,54.472317,0.0
2021-03-14 18:00:00,25.627045,22.585236,1010.7625,-1.6892548,-0.8204031,0.0019960403,83.31174,0.0
2021-03-15 00:00:00,25.282745,22.803864,1008.6875,-0.020636559,-1.7647791,0.075463705,86.16896,0.0
2021-03-15 06:00:00,32.55374,20.039215,1011.01,-2.6773624,-1.127799,0.0057296753,47.741173,0.0
2021-03-15 12:00:00,30.59439,19.327057,1007.54126,-3.8480988,-0.32993793,0.0,51.054497,0.0
2021-03-15 18:00:00,25.80246,23.00003,1010.23,-2.16008,-0.9718218,0.0,84.54888,0.0
2021-03-16 00:00:00,25.141693,23.52121,1008.79126,-0.69447327,-0.7123232,0.82196695,90.7464,0.0
2021-03-16 06:00:00,31.347809,22.118744,1011.09314,-2.43285,-1.0584259,0.4950419,58.078903,0.0
2021-03-16 12:00:00,30.529083,21.257233,1007.48627,-3.325386,-0.6619854,0.5504761,57.735092,0.0
2021-03-16 18:00:00,24.77005,22.927887,1010.1231,-1.6743469,-0.60605717,0.045581818,89.51317,0.0
2021-03-17 00:00:00,24.71524,23.543121,1007.51874,0.013952255,-1.2238636,0.9899807,93.20759,0.0
2021-03-17 06:00:00,30.63565,22.631378,1010.1919,-1.9639378,0.3256076,0.9259931,62.402065,0.0
2021-03-17 12:00:00,30.25882,22.475006,1006.61,-3.4430466,-0.41061115,0.15044095,63.16081,0.0
2021-03-17 18:00:00,25.912262,23.51358,1009.6994,-1.9822483,-0.11801815,0.05214691,86.6473,0.0
2021-03-18 00:00:00,26.126251,23.654877,1007.725,0.12253475,-1.6356802,0.99600834,86.28865,0.0018116552
2021-03-18 06:00:00,31.489166,21.876007,1010.3806,-2.4375944,-0.9797096,0.8717218,56.767376,0.0
2021-03-18 12:00:00,30.299591,20.86673,1007.22064,-3.7419443,-0.5957928,0.94880337,57.112865,0.0
2021-03-18 18:00:00,25.530182,21.140076,1009.52686,-2.0990562,-0.48183155,0.69718254,76.71696,0.0
2021-03-19 00:00:00,23.974518,21.529175,1008.5662,-0.06063938,-0.9179411,0.9253762,86.21929,0.0
2021-03-19 06:00:00,31.094757,21.804596,1010.1319,-1.9231825,-0.4575014,0.5760374,57.803608,0.0
2021-03-19 12:00:00,30.958282,21.291779,1006.78815,-3.7100983,0.5644798,0.17214453,56.45569,0.0
2021-03-19 18:00:00,25.760223,22.153412,1008.72375,-1.7444916,0.1866396,0.89081204,80.51398,0.0
2021-03-20 00:00:00,25.515411,23.110443,1007.5581,0.3788519,-0.33367634,0.4318999,86.57751,0.0
2021-03-20 06:00:00,31.799347,22.279877,1009.02124,-1.7194843,0.29147375,0.34634292,57.166336,0.0072475523
2021-03-20 12:00:00,30.967072,22.360626,1005.07,-3.375451,0.11066055,0.42753375,60.232872,0.0
2021-03-20 18:00:00,26.342743,23.352386,1007.65314,-1.8709946,0.4272104,0.959869,83.65242,0.0
2021-03-21 00:00:00,25.77304,23.664154,1006.6119,0.8150177,0.08341414,0.62215626,88.16124,0.0001906883
2021-03-21 06:00:00,32.46707,23.073395,1008.2656,-0.9858942,-0.16864312,0.16462757,57.762154,0.0
2021-03-21 12:00:00,31.49405,23.153229,1004.505,-4.0750513,-0.7858763,0.0771004,61.329906,0.0
2021-03-21 18:00:00,26.812164,23.80661,1008.6262,-2.0473108,0.6083986,0.101234674,83.628136,0.0
2021-03-22 00:00:00,26.289246,23.827972,1007.33124,0.53731346,-0.7317686,0.69710237,86.35656,0.0005720649
2021-03-22 06:00:00,31.84378,22.752228,1010.2413,-1.5810862,-0.7758131,0.3738802,58.682285,0.0
2021-03-22 12:00:00,30.84903,22.028107,1006.6875,-3.9161386,-0.13232231,0.0,59.42461,0.0
2021-03-22 18:00:00,26.646942,23.875458,1009.99,-2.090437,0.15211278,0.0335083,84.79577,0.0
2021-03-23 00:00:00,26.119476,23.769135,1008.55,0.13006496,-1.2339678,0.908353,86.91901,0.0
2021-03-23 06:00:00,31.729279,22.946014,1010.58435,-2.408867,-0.5606127,0.95052016,59.762203,0.0
2021-03-23 12:00:00,30.78775,22.570465,1007.3137,-4.012068,-0.80943966,0.10801997,61.633564,0.0
2021-03-23 18:00:00,26.876862,23.444946,1010.73376,-2.3404589,-0.62694454,0.011169434,81.51518,0.0
2021-03-24 00:00:00,26.576874,23.715332,1009.1375,-0.6408348,-1.3700895,0.54215294,84.330215,0.0
2021-03-24 06:00:00,32.63211,22.36905,1010.8212,-2.5645084,-1.3026199,0.16700155,54.833828,0.0
2021-03-24 12:00:00,31.744415,21.95047,1006.4075,-3.9729538,-0.12923813,0.89084285,56.205326,0.0
2021-03-24 18:00:00,27.65149,24.854828,1009.54376,-1.8687983,-0.24733353,0.38173562,84.772484,0.0
2021-03-25 00:00:00,26.845612,24.763153,1007.4856,0.30716324,-0.81995106,0.95587546,88.38917,0.0
2021-03-25 06:00:00,32.09732,23.15738,1010.0538,-2.197938,-0.7668009,0.9777996,59.28206,0.0
2021-03-25 12:00:00,30.536285,22.886627,1006.0662,-3.1758614,0.57294273,0.8901989,63.73663,0.0
2021-03-25 18:00:00,27.276459,23.69284,1008.8325,-1.5646191,0.07498741,0.9657212,80.82354,0.0
2021-03-26 00:00:00,26.817596,24.573883,1006.92377,-1.5531836,-0.4895506,1.0,87.539024,0.0
2021-03-26 06:00:00,31.851105,23.88736,1009.1937,-2.049058,-0.80283165,0.22796297,62.819065,0.0
2021-03-26 12:00:00,32.060944,22.409698,1005.16815,-3.455511,-0.44637012,0.038272735,56.771843,0.0
2021-03-26 18:00:00,28.018341,24.85147,1008.53,-2.3206453,0.19509858,0.5438542,82.95957,0.0
2021-03-27 00:00:00,27.505524,24.776459,1006.3762,0.11518192,0.4791298,0.9960999,85.10024,0.0
2021-03-27 06:00:00,33.611603,23.267792,1008.7444,-2.4543457,-0.47363424,0.9442049,54.803856,0.0
2021-03-27 12:00:00,31.746368,23.35025,1005.08813,-3.383378,0.5243794,0.40470934,61.181313,0.0
2021-03-27 18:00:00,27.418915,24.810822,1008.8044,-1.016962,0.83765316,0.95960784,85.708496,0.0
2021-03-28 00:00:00,26.770905,24.436737,1006.535,0.58220536,0.98010606,0.86071986,87.06233,9.49949e-05
2021-03-28 06:00:00,33.74527,23.019928,1008.0444,-0.8694887,0.3122772,0.79031855,53.586544,0.0004786998
2021-03-28 12:00:00,32.05252,24.90921,1003.8113,-3.3380919,2.1548781,0.86867183,66.026024,0.0
2021-03-28 18:00:00,27.677856,25.23645,1008.4906,-0.48777485,2.1655273,0.30082572,86.589226,0.0
2021-03-29 00:00:00,28.352478,24.934021,1006.84625,0.85842603,2.440425,0.1779925,81.76281,0.016305596
2021-03-29 06:00:00,33.8815,23.227142,1008.2419,-0.0937075,1.7818556,0.055533372,53.850628,0.0
2021-03-29 12:00:00,32.31961,23.676178,1003.9412,-1.8448372,3.7907717,0.25281805,60.403027,0.0
2021-03-29 18:00:00,28.37674,24.219452,1007.9794,0.9027162,4.2790833,0.65811765,78.23152,0.0
2021-03-30 00:00:00,27.99466,23.971619,1006.08563,1.8230278,2.2640922,0.32782364,78.81038,0.0
2021-03-30 06:00:00,35.257965,22.125763,1006.445,1.4828926,0.27729475,0.6932563,46.659946,0.0
2021-03-30 12:00:00,33.43106,23.60025,1001.59375,-2.974268,2.3560839,0.03400063,56.482292,0.0
2021-03-30 18:00:00,28.802979,24.85611,1004.9462,0.2861452,3.2316751,0.47116393,79.28245,0.0
2021-03-31 00:00:00,27.612396,25.02597,1003.5831,1.9743183,2.8364582,0.055984497,85.8383,9.534415e-05
2021-03-31 06:00:00,35.20511,21.846466,1004.95435,1.1429088,2.884038,0.57052344,46.00622,0.0
2021-03-31 12:00:00,35.344147,23.715729,1000.5719,-0.6929302,4.981163,0.00452137,51.1318,0.0
2021-03-31 18:00:00,28.904724,25.635712,1004.2463,2.1685262,4.3518686,0.05365813,82.55935,0.0
2021-04-01 00:00:00,28.035553,25.53244,1003.3525,1.778944,2.8705554,0.15189648,86.305466,0.0
2021-04-01 06:00:00,35.772125,24.222198,1004.09686,0.8007598,2.1297364,0.23143604,51.481266,0.0
2021-04-01 12:00:00,33.983795,25.626617,1000.9919,-0.21111774,6.053733,0.05332184,61.817127,0.0
2021-04-01 18:00:00,29.624115,26.02951,1005.0425,2.4154873,4.024193,0.15915792,81.06838,0.0
2021-04-02 00:00:00,28.799042,25.16214,1003.60876,2.0781775,2.4429288,0.06460571,80.760666,0.0
2021-04-02 06:00:00,36.438385,21.255035,1004.5719,0.80143636,1.4250538,0.1379776,41.456882,0.0
2021-04-02 12:00:00,35.642242,23.940094,1001.07874,-1.9329205,4.061001,0.07359495,50.980484,0.0
2021-04-02 18:00:00,29.378387,24.924957,1004.4531,1.7490032,4.4836273,0.03353882,77.00278,0.0
2021-04-03 00:00:00,28.591522,26.194489,1003.79315,1.4898376,2.721488,0.059030768,86.900986,0.0
2021-04-03 06:00:00,36.834137,21.584625,1005.35626,1.9669662,2.0298264,0.09649249,41.395317,0.0
2021-04-03 12:00:00,35.139313,24.569244,1002.0719,-1.0655766,4.606498,0.12390137,54.432034,0.0
2021-04-03 18:00:00,29.059479,25.597626,1005.8269,1.9775817,3.9984055,0.035705566,81.63831,0.0
2021-04-04 00:00:00,28.272064,25.450348,1005.1044,0.148143,1.9175758,0.034581445,84.710625,0.0
2021-04-04 06:00:00,35.865143,23.551544,1006.5275,0.038783073,-0.9311657,0.21312714,49.19411,0.0
2021-04-04 12:00:00,33.18521,25.48233,1002.8044,-3.0070982,2.6618853,0.20214081,64.09186,0.0
2021-04-04 18:00:00,30.046112,25.123077,1006.70123,0.15259933,2.5163383,0.16227129,74.97871,0.0
2021-04-05 00:00:00,28.163269,25.376068,1006.83124,-0.58184147,1.1497602,0.043361906,84.87329,9.49949e-05
2021-04-05 06:00:00,34.201935,23.910004,1008.04565,-1.8995962,0.0052423477,0.10065079,55.118633,0.0
2021-04-05 12:00:00,31.758698,25.682526,1004.28375,-4.4367504,0.31723213,0.006122589,70.29518,0.0
2021-04-05 18:00:00,28.54779,26.453156,1008.02,-2.3924932,-0.42193222,0.24776557,88.462555,0.0051492825
2021-04-06 00:00:00,28.294464,25.12564,1007.865,-1.4253082,0.38024527,0.8343345,82.981636,0.008297568
2021-04-06 06:00:00,32.418488,24.243439,1009.9469,-2.4118233,0.0011968613,0.20539446,62.149357,0.0
2021-04-06 12:00:00,31.870148,22.81253,1006.8669,-3.7892704,0.033454895,0.0006656647,58.809235,0.0
2021-04-06 18:00:00,27.003082,24.158722,1009.0119,-1.8198605,-0.6235657,0.0,84.46282,0.0
2021-04-07 00:00:00,26.277985,23.655884,1009.1131,-1.2491465,0.617754,0.11100167,85.52363,0.0
2021-04-07 06:00:00,33.608917,22.162079,1011.1431,-2.1423016,0.5252983,0.039369337,51.25672,0.0
2021-04-07 12:00:00,32.453644,22.23587,1007.0588,-3.8754358,1.8412817,0.76519084,54.941605,0.0
2021-04-07 18:00:00,27.363617,24.36142,1009.3663,-1.6071959,1.7115633,0.29774475,83.706245,0.0
2021-04-08 00:00:00,25.800629,23.90738,1007.89624,1.3222208,0.7228458,0.786408,89.314705,0.0001906883
2021-04-08 06:00:00,33.265656,22.328339,1009.2475,-0.84534454,1.5628377,0.15857601,52.78371,0.0
2021-04-08 12:00:00,31.9888,23.458893,1004.64435,-3.6445284,2.0260828,0.30471802,60.743248,0.0
2021-04-08 18:00:00,28.26184,23.256378,1007.6906,-1.5979471,2.3521023,0.58147985,74.32082,0.0
2021-04-09 00:00:00,27.845276,24.519562,1006.85565,0.10946846,0.8951429,0.6537732,82.15554,0.0010486692
2021-04-09 06:00:00,33.683746,21.560944,1008.5444,-1.8132048,1.3394296,0.21802783,49.2035,0.0
2021-04-09 12:00:00,31.858673,22.90567,1004.6381,-4.024497,1.1329885,0.14098185,59.180515,0.0
2021-04-09 18:00:00,27.8284,24.155914,1008.0744,-1.5505266,1.6349425,0.0059890747,80.46405,0.0
2021-04-10 00:00:00,27.478241,23.883942,1007.46814,-0.6352558,1.2411332,0.28696948,80.797485,0.040622335
2021-04-10 06:00:00,32.89041,24.109528,1009.91315,-2.7115116,1.40209,0.4522069,60.03399,0.051502947
2021-04-10 12:00:00,31.789581,22.574127,1006.90686,-3.3643923,0.9351803,0.058517586,58.23023,0.0
2021-04-10 18:00:00,27.704529,24.637665,1010.18,-1.4532547,0.93286574,0.056606293,83.42086,0.00047683716
2021-04-11 00:00:00,26.939606,24.092682,1009.1863,-0.7432575,0.15991426,0.21445316,84.44306,0.018879771
2021-04-11 06:00:00,33.24295,23.250336,1011.09064,-2.5864391,0.29649007,0.33565754,55.88894,0.0
2021-04-11 12:00:00,30.428864,23.998016,1008.04376,-3.8058395,-0.32642555,0.3312071,68.57655,0.0017174417
2021-04-11 18:00:00,28.299225,25.15149,1011.09875,-1.5795298,0.60778534,0.6547476,83.08651,0.0
2021-04-12 00:00:00,27.828339,24.822083,1009.4456,-0.743804,0.9226042,0.86332273,83.73731,0.27854043
2021-04-12 06:00:00,31.23111,24.148224,1011.9406,-1.4367018,0.37541044,0.47163218,66.09887,0.0
2021-04-12 12:00:00,30.149933,24.519562,1007.7919,-2.7917204,1.2182047,0.8349336,71.89539,0.0
2021-04-12 18:00:00,27.61203,25.154694,1011.40875,-1.1292896,0.5218835,0.95708025,86.50102,0.0018114224
2021-04-13 00:00:00,26.808441,24.084167,1009.7025,0.22634792,0.9629056,0.9373581,85.053345,0.053114258
2021-04-13 06:00:00,31.719147,23.954987,1011.2775,-2.390254,0.68924475,0.9177753,63.548725,0.036816448
2021-04-13 12:00:00,31.731842,23.72165,1007.0069,-3.169344,1.2887344,0.9471655,62.61803,0.0
2021-04-13 18:00:00,27.934174,25.27481,1010.6244,-1.1282101,1.2447481,0.9799317,85.49782,0.0
2021-04-14 00:00:00,27.87442,24.591919,1008.3975,0.038672447,0.6822448,0.28417718,82.37168,0.0050570816
2021-04-14 06:00:00,32.603058,23.340668,1010.33875,-1.0893545,1.6628857,0.9849015,58.25407,0.044441856
2021-04-14 12:00:00,29.536774,23.84262,1006.8,-3.0428543,1.7022018,0.8923714,71.51272,0.0
2021-04-14 18:00:00,27.904083,24.741364,1009.6256,-0.9035835,2.271037,0.9877201,82.96701,0.093352735
2021-04-15 00:00:00,26.090118,23.782898,1008.5831,1.3840268,0.6986418,1.0,87.1422,0.0
2021-04-15 06:00:00,30.414581,23.687805,1010.34186,0.4435417,-0.2657585,0.9460702,67.364136,0.026965074
2021-04-15 12:00:00,28.263214,24.786652,1006.2081,-2.9786224,0.77808094,0.91523314,81.468796,0.53846055
2021-04-15 18:00:00,26.068756,23.285034,1009.59625,-0.15433407,1.5439248,0.9485723,84.67273,2.5056129
2021-04-16 00:00:00,26.259918,23.252136,1007.45685,1.0957669,0.9545834,0.9888015,83.55519,0.0
2021-04-16 06:00:00,32.420074,24.405548,1009.0025,0.44651634,2.0505424,0.99933344,62.750416,0.044251435
2021-04-16 12:00:00,31.9534,24.971344,1005.3713,-2.4553165,2.9962935,0.964161,66.64417,0.0
2021-04-16 18:00:00,28.695892,25.160126,1009.1369,0.5235463,3.0886497,0.93314296,81.23543,0.0
2021-04-17 00:00:00,27.82721,24.824005,1007.6406,1.7679807,1.3511827,0.96606624,83.752426,0.0
2021-04-17 06:00:00,34.71878,22.871552,1009.29065,0.22852814,1.4205673,0.9242426,50.303383,0.0
2021-04-17 12:00:00,33.414948,24.819366,1005.79565,-2.6007175,2.5601492,0.38598078,60.821754,0.009533018
2021-04-17 18:00:00,29.433746,25.735504,1009.83875,-0.01893419,3.691864,0.9537517,80.5481,0.0
2021-04-18 00:00:00,28.435486,25.787567,1009.5544,0.9603029,1.5945774,0.83876806,85.60554,0.0028600916
2021-04-18 06:00:00,34.802765,23.218292,1010.33624,0.025945187,1.8344159,0.05443327,51.1309,0.0
2021-04-18 12:00:00,33.12259,24.993805,1006.7619,-1.8023624,4.0261416,0.03465271,62.474514,0.0
2021-04-18 18:00:00,29.335388,25.75003,1009.6669,1.1731505,3.775961,0.99933654,81.07648,0.0
2021-04-19 00:00:00,28.783203,25.118134,1007.6394,1.6354358,2.8168828,0.9443478,80.62323,0.0
2021-04-19 06:00:00,35.489532,22.76883,1008.32935,1.0699139,1.3852789,0.34452558,47.90266,0.0
2021-04-19 12:00:00,33.902496,24.47879,1004.2612,-1.7701492,4.1254926,0.08672333,57.99231,0.0
2021-04-19 18:00:00,29.687744,25.55783,1007.3956,0.27694377,4.0186863,0.31875205,78.54492,0.0
2021-04-20 00:00:00,28.43637,25.90628,1006.27814,1.0992228,2.2985377,0.7042609,86.20534,0.0016209669
2021-04-20 06:00:00,34.610016,23.412994,1007.4819,0.75076497,1.0540872,0.9343231,52.29222,0.0
2021-04-20 12:00:00,33.485382,24.438263,1003.9369,-2.2389412,3.4314423,0.91752756,59.217407,0.0
2021-04-20 18:00:00,29.914917,25.751251,1007.35187,-0.26001263,3.143961,0.9194721,78.41965,0.0
2021-04-21 00:00:00,28.862793,25.658966,1007.6394,1.0293318,2.3781147,0.43057418,82.87443,0.0020023435
2021-04-21 06:00:00,35.154083,23.190216,1008.9325,-0.3904972,1.213397,0.33477733,50.060017,0.0
2021-04-21 12:00:00,32.96158,24.930084,1005.53625,-3.0938272,3.6222572,0.1015625,62.80327,0.0
2021-04-21 18:00:00,29.724426,25.601837,1008.89435,0.33508515,3.9545336,0.5695372,78.58422,0.0
2021-04-22 00:00:00,28.335114,25.764587,1008.06,0.8312781,1.3591923,0.15828547,85.98942,0.0009536743
2021-04-22 06:00:00,35.039825,22.810394,1008.805,-1.1761093,1.2941592,0.25333828,49.23289,0.0
2021-04-22 12:00:00,32.54544,24.741364,1005.70874,-3.0167751,4.0747128,0.121508226,63.57224,0.0
2021-04-22 18:00:00,29.401672,25.285126,1008.9506,0.33399206,3.3364697,0.88069266,78.56722,0.0
2021-04-23 00:00:00,28.289703,26.066437,1008.3,0.6453409,1.8242626,0.5299766,87.77182,0.0
2021-04-23 06:00:00,35.538483,23.0654,1008.5731,0.31695062,0.9627259,0.962617,48.639153,0.0043865293
2021-04-23 12:00:00,33.135895,24.317413,1004.5444,-2.7454872,2.9129705,0.9417849,59.954124,0.0
2021-04-23 18:00:00,29.977722,25.363678,1008.58563,-0.061989784,2.5949047,0.95838547,76.35949,0.0
2021-04-24 00:00:00,28.993439,25.18039,1007.5,1.0474482,1.5362787,0.9527994,79.94316,0.025743619
2021-04-24 06:00:00,34.416656,22.660065,1007.70435,-0.8660431,1.1785573,0.9538298,50.50351,0.0
2021-04-24 12:00:00,32.760406,23.736603,1004.5825,-3.5671568,2.1414013,0.8005072,59.134476,0.0121071935
2021-04-24 18:00:00,29.071259,25.518097,1008.45685,-1.2040539,1.8456926,0.122909546,81.19839,0.0
2021-04-25 00:00:00,28.338501,25.064575,1007.15686,-0.30266857,1.4989347,0.25195634,82.46876,0.015730038
2021-04-25 06:00:00,33.280792,23.662933,1008.57,-1.3770971,1.9559898,0.22705561,57.175697,0.0
2021-04-25 12:00:00,32.68814,25.18106,1004.7587,-2.6214275,2.691688,0.11929321,64.73848,0.0
2021-04-25 18:00:00,29.311188,25.541473,1007.59686,-1.7525959,2.360096,0.80080783,80.19133,0.0
2021-04-26 00:00:00,28.936768,25.462128,1006.7481,0.020666122,1.6233411,0.7135381,81.561264,0.16366257
2021-04-26 06:00:00,33.78958,24.006134,1008.1194,-1.2955246,2.429855,0.41806722,56.728615,0.0
2021-04-26 12:00:00,32.23526,25.237274,1004.34686,-2.4088259,2.3512716,0.2699609,66.63706,0.2527386
2021-04-26 18:00:00,29.684052,25.595795,1007.70935,-0.7563038,3.1136465,0.5837393,78.73891,0.0
2021-04-27 00:00:00,28.600555,25.639008,1006.90564,1.1976333,1.5006044,0.18390244,84.04491,0.012396369
2021-04-27 06:00:00,34.189728,23.160553,1008.33685,-0.55162144,1.7124312,0.070059195,52.719833,9.685755e-05
2021-04-27 12:00:00,32.563873,24.542633,1005.0375,-2.1386118,2.9975278,0.14886545,62.75615,0.0
2021-04-27 18:00:00,29.649841,25.938263,1008.65,-0.12897205,3.2606583,0.13876447,80.51231,0.0
2021-04-28 00:00:00,28.549042,26.12442,1008.27875,0.5440029,2.1960728,0.19132635,86.75554,0.002477318
2021-04-28 06:00:00,35.468414,22.98111,1008.8625,-0.7071333,1.6385517,0.14390889,48.57927,0.0
2021-04-28 12:00:00,33.83902,24.640533,1004.52185,-2.7223768,2.7671165,0.026786804,58.76414,0.0
2021-04-28 18:00:00,30.045624,25.885895,1008.3625,-0.35318422,3.4890966,0.01080982,78.456345,0.0
2021-04-29 00:00:00,29.30011,26.316711,1007.5087,1.0496314,1.5961162,0.5468796,84.01185,0.0020973384
2021-04-29 06:00:00,35.564606,22.75772,1008.1981,-1.0757113,1.0809932,0.59019494,47.672436,0.0
2021-04-29 12:00:00,33.570953,25.503082,1004.145,-2.8706636,3.1092558,0.20844023,62.798073,0.0
2021-04-29 18:00:00,30.310822,26.327515,1007.27814,-0.3558569,3.2946587,0.90969205,79.31593,0.0
2021-04-30 00:00:00,29.314697,25.438995,1006.35626,-0.47039402,0.29261404,0.2843219,79.68848,0.050351024
2021-04-30 06:00:00,33.736237,24.612335,1007.8819,-3.014862,1.5466499,0.30190194,59.003155,0.038728118
2021-04-30 12:00:00,33.116364,24.63321,1004.2631,-3.1099634,1.2553973,0.15805054,61.16523,0.0
2021-04-30 18:00:00,29.06253,26.055023,1007.21436,-1.3655176,1.5931559,0.5925516,83.86648,0.0001899898
2021-05-01 00:00:00,28.52298,25.431976,1006.56,0.08127689,0.85391104,0.49446744,83.39275,0.060364902
2021-05-01 06:00:00,33.278717,24.598907,1007.9406,-3.0211601,1.4356246,0.7345872,60.486107,0.093564466
2021-05-01 12:00:00,33.1149,24.14856,1004.92377,-2.9765396,1.800663,0.44296408,59.420162,0.0
2021-05-01 18:00:00,29.674133,25.160065,1008.2394,-1.2457275,1.460306,0.9462753,76.769104,0.0
2021-05-02 00:00:00,28.574493,24.608643,1007.1069,0.35393143,1.2924104,0.9324875,79.16136,0.0135451555
2021-05-02 06:00:00,33.436676,23.942352,1008.4269,-2.6377325,0.64908755,0.5366197,57.638912,0.040345173
2021-05-02 12:00:00,32.200104,24.373322,1004.8219,-3.518693,1.2681009,0.7717681,63.412605,0.0
2021-05-02 18:00:00,29.51892,25.583221,1007.40814,-1.6757593,0.7861272,0.9737107,79.43243,0.0
2021-05-03 00:00:00,28.216309,24.778076,1006.71436,-0.8448715,1.48439,0.776762,81.6497,0.27227995
2021-05-03 06:00:00,33.701447,23.822601,1007.98,-2.2897606,1.0085871,0.97815555,56.38341,0.0
2021-05-03 12:00:00,32.73123,23.996918,1004.1225,-3.7140388,1.5398176,0.47790146,60.16615,0.0
2021-05-03 18:00:00,29.20575,25.17569,1007.4581,-0.8129778,1.6871433,0.9846238,78.945366,0.0076293945
2021-05-04 00:00:00,27.776947,24.844238,1006.5769,0.43853295,1.8339243,0.91270465,84.10013,0.12988597
2021-05-04 06:00:00,33.49991,24.227936,1007.785,-1.3211164,1.9953098,0.98599833,58.428215,0.0
2021-05-04 12:00:00,32.5065,24.323761,1003.83374,-3.4906664,3.0456505,0.83166,62.13988,0.0
2021-05-04 18:00:00,29.019867,24.779999,1007.89874,0.14599419,2.1612005,0.96817607,77.93777,0.0
2021-05-05 00:00:00,28.146545,24.333374,1005.79626,0.6799555,0.095701575,0.9666993,79.82993,0.002766028
2021-05-05 06:00:00,33.9794,23.618927,1007.4825,-2.360505,0.44531184,0.4875747,54.838013,0.022603136
2021-05-05 12:00:00,32.23282,24.347504,1004.14,-4.233304,1.521081,0.81094366,63.197624,0.0
2021-05-05 18:00:00,28.861145,25.383728,1008.0075,-1.253685,1.3680186,0.8013354,81.53852,0.0
2021-05-06 00:00:00,28.79892,24.938965,1006.60315,-0.7129278,1.2524841,0.4788251,79.694145,0.037569087
2021-05-06 06:00:00,33.098785,24.916412,1008.87,-2.7880154,1.1124692,0.24964142,62.270004,0.14000452
2021-05-06 12:00:00,32.566925,25.21408,1005.1306,-3.047699,1.0065265,0.14443487,65.3106,0.0
2021-05-06 18:00:00,29.036987,25.569977,1008.42377,-1.8147373,1.3965657,0.28029615,81.61055,0.025641868
2021-05-07 00:00:00,27.913239,25.18332,1007.58185,-0.033823967,1.2142912,0.5965877,85.137405,0.2803982
2021-05-07 06:00:00,33.90982,24.546478,1009.8162,-3.2061758,1.3724388,0.88147414,58.203876,0.0
2021-05-07 12:00:00,31.265045,24.667816,1005.965,-4.079097,1.0664883,0.4486795,68.05634,0.010667436
2021-05-07 18:00:00,28.243713,25.622803,1009.3738,-1.2290306,0.68139285,0.39194286,85.72395,0.0
2021-05-08 00:00:00,28.186554,25.009613,1007.15436,0.021657944,-0.1064347,0.97864854,82.92911,0.0023874715
2021-05-08 06:00:00,32.644928,25.72049,1008.36127,-2.327344,0.1343677,0.44506645,67.01021,0.0
2021-05-08 12:00:00,32.104523,23.60376,1004.53937,-4.252307,0.7272368,0.6023516,60.875946,0.0
2021-05-08 18:00:00,29.129486,25.080963,1007.6962,-1.613759,0.07875013,0.27818894,78.84806,0.002097804
2021-05-09 00:00:00,28.483978,24.744873,1005.59125,-0.41409302,0.3962323,0.12826926,80.229225,0.013350975
2021-05-09 06:00:00,33.464386,24.422272,1007.39,-2.1758614,0.8528821,0.41031754,59.23036,0.08011201
2021-05-09 12:00:00,31.808014,24.695404,1003.46063,-2.4255066,1.4705663,0.7658218,66.09774,0.0
2021-05-09 18:00:00,29.244965,25.444092,1006.8781,-0.6423054,2.218339,0.74273556,80.03436,0.0
2021-05-10 00:00:00,28.722534,24.981018,1005.23065,1.2297376,1.4642959,0.773404,80.24889,0.02823025
2021-05-10 06:00:00,33.251984,24.226837,1007.04376,-1.0568771,1.7633924,0.48748505,59.24211,0.06122531
2021-05-10 12:00:00,33.158722,24.777863,1003.62,-2.2822285,2.9383345,0.50526285,61.549614,0.0
2021-05-10 18:00:00,29.410309,25.495514,1006.4175,0.2377761,3.3000183,0.8069121,79.51644,0.014975667
2021-05-11 00:00:00,28.426697,25.440735,1005.485,1.0604831,3.012333,0.96078503,83.90427,0.0
2021-05-11 06:00:00,34.7742,24.033173,1006.28186,1.008779,2.8181992,0.4463601,53.788586,0.0
2021-05-11 12:00:00,33.911285,25.985748,1002.435,-1.131423,4.9971895,0.18258733,63.40311,0.02241321
2021-05-11 18:00:00,30.407013,25.585968,1006.14935,0.6906895,4.2335005,0.89156324,75.492065,0.0
2021-05-12 00:00:00,29.075958,25.609467,1004.77686,1.0113709,2.702098,0.9999999,81.61787,0.0011324883
2021-05-12 06:00:00,34.458893,24.720978,1004.7925,-0.102739334,1.9560499,0.99207306,57.04159,0.008307397
2021-05-12 12:00:00,34.065582,25.162018,1001.08435,-1.5301819,4.3289375,0.9731091,59.85933,0.010963529
2021-05-12 18:00:00,30.193176,25.948975,1004.2562,0.6242359,4.2697716,0.98752856,78.08572,0.0
2021-05-13 00:00:00,29.407227,25.755707,1003.3144,0.81658566,2.8358624,0.9982182,80.768135,0.0
2021-05-13 06:00:00,35.814117,24.31192,1004.6119,-0.52007484,1.5959544,0.9373802,51.639294,0.0
2021-05-13 12:00:00,31.770172,25.643524,1001.66437,-2.3377209,3.75134,0.9725214,70.08709,0.0
2021-05-13 18:00:00,29.264374,25.656342,1005.0425,1.403194,2.7872317,0.95865077,80.95857,0.3392844
2021-05-14 00:00:00,28.327362,25.369354,1003.29315,0.6862666,1.1249161,0.9988894,84.033005,0.0
2021-05-14 06:00:00,35.294342,23.64035,1003.5619,0.8049831,2.281723,0.97175264,51.040604,0.0013351673
2021-05-14 12:00:00,33.110504,24.455109,1000.72314,0.30576992,5.437975,0.99928695,60.536896,0.0048637157
2021-05-14 18:00:00,30.068237,23.319733,1003.265,2.153308,5.4552097,1.0,67.20753,0.0
2021-05-15 00:00:00,28.511627,22.363068,1002.45935,3.0092797,3.892746,1.0,69.38879,0.0004786998
2021-05-15 06:00:00,33.226288,22.505707,1003.8075,2.821189,4.629715,1.0,53.473907,0.0
2021-05-15 12:00:00,31.274261,25.202484,1001.1075,1.5050725,3.4119081,1.0,70.225044,1.0249902
2021-05-15 18:00:00,28.733246,24.254852,1003.5806,2.1030455,3.3306742,0.7996522,76.79137,0.0
2021-05-16 00:00:00,28.333649,23.808136,1003.04626,1.4485176,2.6000092,0.99933505,76.514,0.0
2021-05-16 06:00:00,34.694366,22.95224,1004.89624,2.3028407,3.0684557,0.46293223,50.618362,0.002766028
2021-05-16 12:00:00,31.955719,24.97757,1002.2969,1.6683369,2.299723,0.23215955,66.66017,1.1101487
2021-05-16 18:00:00,28.78189,25.52475,1004.9225,0.3826186,2.9397335,0.22725375,82.60321,0.0
2021-05-17 00:00:00,28.854767,23.64383,1004.84814,1.681741,2.0860558,0.13713783,73.50329,0.0
2021-05-17 06:00:00,35.52188,23.400238,1005.8844,0.06030798,1.9350146,0.018269472,49.678627,0.010782853
2021-05-17 12:00:00,33.786163,25.65091,1002.8081,-1.4471025,3.6400242,0.32525635,62.59349,0.011915341
2021-05-17 18:00:00,29.185913,25.883575,1006.52625,-0.06781137,4.156665,0.4339537,82.42938,0.0
2021-05-18 00:00:00,29.022766,25.471527,1005.105,0.50344455,2.831648,0.33021003,81.20157,0.0
2021-05-18 06:00:00,34.99759,24.902985,1006.215,0.38015038,1.9638233,0.19115038,55.96573,0.010782853
2021-05-18 12:00:00,34.72574,25.506256,1002.955,-2.0301485,3.7241058,0.5015242,58.89355,0.028520823
2021-05-18 18:00:00,29.737823,26.018463,1005.5925,0.3225658,4.0759773,0.23663574,80.48658,0.0
2021-05-19 00:00:00,29.510376,25.957306,1004.65814,0.91654557,2.2496629,0.19594352,81.25364,0.018782914
2021-05-19 06:00:00,35.556305,24.27066,1005.39685,0.8739496,2.018175,0.345963,52.24924,0.0
2021-05-19 12:00:00,33.04239,25.348175,1002.16815,-0.8004999,4.370722,0.38202262,64.09497,0.0
2021-05-19 18:00:00,29.10617,24.733917,1005.53314,2.1732862,2.3330173,0.37046593,77.33643,0.067695975
2021-05-20 00:00:00,28.347626,24.08908,1004.77875,2.2960436,1.7837399,0.6578093,77.75349,0.0
2021-05-20 06:00:00,34.92984,22.97232,1006.2344,1.2010332,2.3438199,0.84289247,50.022095,0.0
2021-05-20 12:00:00,30.834442,24.348236,1003.32935,1.357496,4.374457,0.99960315,68.4268,0.07038119
2021-05-20 18:00:00,28.51065,24.465607,1006.0544,0.65827316,3.3642092,0.9992123,78.778366,0.0
2021-05-21 00:00:00,26.962555,24.670624,1005.3894,1.702728,1.7499249,1.0,87.29966,0.51403886
2021-05-21 06:00:00,31.928864,24.506683,1006.64813,3.2011633,2.4706478,0.709096,64.90986,0.0
2021-05-21 12:00:00,31.448334,22.922638,1003.92065,1.9981742,3.3516808,1.0,60.63757,0.0
2021-05-21 18:00:00,27.120148,24.528717,1006.33124,1.0479956,2.4228222,0.99265146,85.76458,0.05632639
2021-05-22 00:00:00,28.325348,23.019745,1004.5831,2.327711,1.6131384,1.0,72.9949,0.0
2021-05-22 06:00:00,34.15909,22.874603,1006.51685,3.1226273,1.6389799,0.99927986,51.90398,0.0
2021-05-22 12:00:00,33.135406,24.481842,1002.57623,1.3742421,4.300086,1.0,60.5491,0.0
2021-05-22 18:00:00,28.765137,24.912872,1005.1319,2.2317142,2.3240962,0.9980037,79.72615,0.0
2021-05-23 00:00:00,28.357819,23.22702,1003.7081,3.801817,2.514423,0.9991334,73.77605,0.0
2021-05-23 06:00:00,33.13333,22.523407,1005.90375,3.72188,0.6676922,1.0,53.811527,0.0049620867
2021-05-23 12:00:00,32.9075,22.220734,1002.58435,0.5175826,2.4098072,1.0000004,53.505062,0.0
2021-05-23 18:00:00,29.423492,26.152313,1006.1256,1.9574747,3.8589628,1.0,82.609375,0.00686571
2021-05-24 00:00:00,29.246826,23.89273,1003.83936,3.5882072,2.04178,1.0,72.938934,0.0
2021-05-24 06:00:00,36.196564,21.634918,1004.3744,4.191245,-0.34909725,1.0,42.999573,0.015828758
2021-05-24 12:00:00,37.076324,20.723785,1001.29877,1.319706,2.0811698,1.0,38.74898,0.0
2021-05-24 18:00:00,32.08542,22.566803,1004.28125,3.5707798,3.1310203,1.0,57.236988,0.0
2021-05-25 00:00:00,29.726746,22.095673,1002.9906,3.8040257,3.5260592,1.0,63.63576,0.0
2021-05-25 06:00:00,36.159576,21.50772,1004.3325,4.0590115,1.937121,1.0,42.75306,0.010013813
2021-05-25 12:00:00,35.44229,21.922028,1001.1,2.3828857,5.2446537,1.0,45.616814,0.2724719
2021-05-25 18:00:00,28.823395,24.59256,1005.09625,2.9100428,1.7643461,1.0,77.95158,0.0
2021-05-26 00:00:00,27.703583,23.342224,1002.7531,3.7873545,2.8075075,1.0,77.179306,0.07257983
2021-05-26 06:00:00,34.548126,22.666779,1002.8063,5.850132,1.5748754,0.9912306,50.15603,0.0
2021-05-26 12:00:00,35.029694,20.884064,1000.3156,4.0767174,2.4635725,0.99881643,43.79498,0.0
2021-05-26 18:00:00,30.129364,21.832123,1004.2075,4.158864,3.650591,0.9432749,61.188213,0.0
2021-05-27 00:00:00,28.90158,21.918549,1002.78876,4.501055,2.353119,0.019526597,66.02462,0.0
2021-05-27 06:00:00,36.348785,20.698639,1003.2488,5.074339,-0.38694382,0.68329895,40.260754,0.0
2021-05-27 12:00:00,37.7565,20.734528,1000.495,0.38171482,1.3699598,0.9127825,37.364594,0.002003042
2021-05-27 18:00:00,31.501251,20.886871,1004.28375,3.70111,2.5585403,0.5313679,53.392773,0.0
2021-05-28 00:00:00,30.371857,21.291168,1003.6625,3.5400105,0.6484518,0.9250983,58.378643,0.0
2021-05-28 06:00:00,36.469635,18.40445,1004.6094,2.8035066,-0.4216566,0.68996125,34.682175,0.0
2021-05-28 12:00:00,37.881012,17.11148,1001.79626,-1.1415453,1.92346,0.25290215,29.600725,0.0
2021-05-28 18:00:00,31.082306,22.908356,1005.73627,0.98148054,4.1067843,0.9034089,61.860836,0.0
2021-05-29 00:00:00,29.900452,22.299286,1004.52563,3.1791124,0.97317886,0.98804104,63.78887,0.0
2021-05-29 06:00:00,36.617096,21.105133,1005.13873,1.9890026,0.63508224,0.9817812,40.676956,0.0
2021-05-29 12:00:00,36.661774,20.061432,1002.47125,0.027618408,3.4288216,0.8851724,38.049374,0.0
2021-05-29 18:00:00,31.604584,21.557404,1006.16,2.3369322,3.2327452,0.20719275,55.308975,0.0
2021-05-30 00:00:00,29.598236,21.365753,1004.69,3.2726936,0.39960957,0.82682216,61.312115,0.0
2021-05-30 06:00:00,36.642487,21.33487,1004.83936,2.1419387,-0.18747807,0.04019928,41.196915,0.0
2021-05-30 12:00:00,36.398834,21.858185,1001.8738,-1.7131519,2.2880642,0.63126814,43.108776,8.940697e-05
2021-05-30 18:00:00,31.33664,21.402374,1005.77185,1.9192084,3.096344,0.49212193,55.627354,0.11357665
2021-05-31 00:00:00,29.6503,21.162872,1004.33,2.249301,0.7337761,0.9861386,60.372715,0.0
2021-05-31 06:00:00,36.645905,21.44278,1003.5094,2.4298387,0.41805798,0.74203295,41.4624,0.0
2021-05-31 12:00:00,35.597076,22.56717,1000.35815,0.14628696,3.0483668,0.5264708,47.04007,0.0013347017
2021-05-31 18:00:00,32.06784,22.7305,1004.1987,2.2612257,3.011567,0.5110712,57.865925,0.0
2021-06-01 00:00:00,29.253998,22.01535,1003.8119,3.8795214,0.5832586,0.6295876,65.0753,0.0
2021-06-01 06:00:00,36.499176,21.81009,1004.3269,1.6870658,0.54642457,0.5620616,42.74653,0.0
2021-06-01 12:00:00,36.466217,22.163605,1001.5056,-1.5902357,3.2513177,0.2555974,43.75711,0.0042915344
2021-06-01 18:00:00,30.96054,24.78897,1004.72565,0.6253966,3.3899689,0.27087253,69.7508,0.0
2021-06-02 00:00:00,30.216095,22.412628,1004.4825,2.1764426,1.5130262,0.12871176,63.07621,0.0
2021-06-02 06:00:00,35.944244,22.88211,1004.0681,0.18538475,-0.1228348,0.11091614,47.038643,0.0002863817
2021-06-02 12:00:00,34.41153,23.49942,1002.4125,-2.957858,3.2227554,0.27153015,53.148907,0.00085821375
2021-06-02 18:00:00,29.528595,24.904816,1005.8875,1.0032868,3.234224,0.26422173,76.246735,0.07620733
2021-06-03 00:00:00,28.99405,25.027191,1004.7775,0.6142514,1.9167938,0.8083981,79.21406,0.0
2021-06-03 06:00:00,35.839508,23.704865,1005.55,-0.45745182,0.9249238,0.43166503,49.72069,0.0
2021-06-03 12:00:00,33.068024,25.300201,1003.2525,-3.5564194,3.039956,0.88835615,63.82035,0.008102506
2021-06-03 18:00:00,29.69168,25.58731,1007.39374,0.16317081,2.7621908,0.9192009,78.664696,0.083134234
2021-06-04 00:00:00,28.34085,25.360321,1006.5206,-0.10740566,1.0014124,0.9746641,83.922,0.0
2021-06-04 06:00:00,33.939606,24.602203,1007.3844,-0.5324812,-0.10267353,0.96970314,58.301132,0.07504733
2021-06-04 12:00:00,30.835846,24.986359,1004.09186,-3.0242767,2.419823,0.76566356,71.081375,0.22899596
2021-06-04 18:00:00,26.551025,24.637634,1007.59314,1.385205,-0.21397418,0.91517586,89.26349,1.3477641
2021-06-05 00:00:00,27.665771,24.851288,1006.15814,0.09230459,0.867304,0.98734826,84.68384,0.0
2021-06-05 06:00:00,31.692902,24.580872,1007.7706,1.5272508,2.0359478,0.9885382,66.07681,0.036233865
2021-06-05 12:00:00,31.869293,23.638031,1004.46686,0.76007056,3.9838772,0.9660612,61.819817,0.0
2021-06-05 18:00:00,27.362396,23.938934,1007.895,2.1797504,1.3565791,0.91117287,81.616806,0.0049620867
2021-06-06 00:00:00,26.389862,23.489136,1006.5644,2.1027818,1.6647383,0.99800384,84.1112,0.0
2021-06-06 06:00:00,32.020172,23.23288,1007.5725,2.5249853,0.59994984,0.97788686,59.813793,0.012111384
2021-06-06 12:00:00,33.839874,22.927338,1003.9975,0.4513197,2.752347,0.9977484,53.006004,0.0
2021-06-06 18:00:00,28.94571,24.657623,1006.8475,1.2626252,3.7627487,0.6280326,77.70285,0.0
2021-06-07 00:00:00,28.18332,25.309906,1006.075,1.5040978,1.9360013,0.8858046,84.44137,0.0
2021-06-07 06:00:00,34.50284,23.359406,1006.4431,1.9199417,1.1144925,0.8879505,52.434856,0.00057183206
2021-06-07 12:00:00,34.728424,23.579742,1003.34375,-0.2333107,3.8291054,0.344918,52.474384,0.004481524
2021-06-07 18:00:00,28.895416,25.406036,1006.6456,1.0998644,3.9267864,0.89960206,81.48478,0.0
2021-06-08 00:00:00,28.910187,25.75943,1004.65564,2.3670053,2.4181883,0.7756227,83.14112,0.0
2021-06-08 06:00:00,33.552643,24.882782,1006.11,1.1389377,1.2578295,0.7797404,60.583275,0.008203089
2021-06-08 12:00:00,30.926056,25.076813,1003.7506,1.0713263,1.9511282,0.90304995,71.09855,0.026032329
2021-06-08 18:00:00,28.854004,25.542023,1006.2944,0.937345,3.8727522,0.9748411,82.34308,0.0
2021-06-09 00:00:00,28.318054,23.242584,1004.0806,2.9212685,1.4161117,0.97046995,74.01642,0.0
2021-06-09 06:00:00,34.49185,21.744781,1005.09375,3.2645311,0.85506064,0.51123744,47.566635,0.0
2021-06-09 12:00:00,35.083893,21.471466,1001.645,0.98154265,2.675513,0.888628,45.266167,0.0
2021-06-09 18:00:00,30.62674,24.112457,1005.5419,2.5413337,3.4438655,1.0,68.27179,0.0
2021-06-10 00:00:00,28.884735,21.832184,1002.8862,3.403695,1.021116,0.5617278,65.74161,0.0
2021-06-10 06:00:00,35.668,21.357391,1003.66376,3.3963537,0.6336697,0.99841976,43.52321,0.0
2021-06-10 12:00:00,35.242462,21.895538,1001.0775,1.7855835,0.8117965,0.9094706,46.048973,0.0
2021-06-10 18:00:00,30.16037,25.185455,1004.8231,2.5962162,3.907392,0.96701044,74.76567,0.0
2021-06-11 00:00:00,29.190674,21.902618,1002.86127,3.9228287,1.0350978,0.97028273,64.86629,0.0
2021-06-11 06:00:00,34.18094,21.126373,1004.21936,4.0007963,1.0872338,0.9936095,46.598606,0.0
2021-06-11 12:00:00,35.764313,20.217682,1001.3663,2.2598505,1.437293,0.93838507,40.360256,0.0
2021-06-11 18:00:00,30.496063,23.883087,1004.3931,2.336808,3.7534895,0.99927986,67.84297,0.0
2021-06-12 00:00:00,28.845154,21.999786,1003.3244,4.1518993,1.3676431,0.92940795,66.56986,0.0
2021-06-12 06:00:00,35.466827,21.981537,1003.8081,4.486306,1.3882453,0.15602636,45.72072,0.0
2021-06-12 12:00:00,34.63626,21.440216,1001.29626,3.7137365,1.2494999,0.9057518,46.31543,0.0006556511
2021-06-12 18:00:00,27.328522,24.832428,1005.9375,3.305972,0.994145,1.0,86.274765,1.7798951
2021-06-13 00:00:00,26.97342,22.84134,1003.6163,3.519188,1.9888935,0.9999996,78.149345,0.0
2021-06-13 06:00:00,33.494537,22.833038,1004.23627,5.3798056,0.98951596,0.94585675,53.732227,0.0
2021-06-13 12:00:00,34.897736,20.561676,1001.48065,4.443143,2.0759037,1.0000002,43.249382,0.023171306
2021-06-13 18:00:00,29.585175,22.14505,1004.64874,5.0477324,1.8946067,0.86149216,64.35014,0.0
2021-06-14 00:00:00,28.33023,21.98764,1004.21,5.0750313,2.7806225,0.9746033,68.53925,0.0
2021-06-14 06:00:00,31.433746,22.185394,1004.465,7.6853304,1.4850563,1.0000002,58.030815,0.009730458
2021-06-14 12:00:00,31.999176,20.966217,1002.28064,5.740326,1.3917084,1.0000005,52.1595,0.0
2021-06-14 18:00:00,29.13205,21.068268,1004.45874,5.1095753,1.680163,1.0,61.84557,0.0
2021-06-15 00:00:00,28.321869,21.387543,1003.0275,3.6316538,2.8066978,0.98475754,66.10291,0.0
2021-06-15 06:00:00,34.608673,21.533234,1003.6131,6.541978,1.7294207,0.98234856,46.651356,0.0016205013
2021-06-15 12:00:00,34.972443,21.27884,1000.8275,4.276266,2.1647313,0.9080889,45.012165,0.0
2021-06-15 18:00:00,29.55777,21.825836,1004.39813,5.011032,1.4208686,0.98503965,63.209282,0.0
2021-06-16 00:00:00,28.594086,21.773895,1004.0181,3.9546719,2.1541255,0.62232447,66.62153,0.0
2021-06-16 06:00:00,34.789337,21.634674,1004.93,6.2942896,1.5606682,0.3526247,46.473167,0.0
2021-06-16 12:00:00,34.30777,21.663239,1002.15564,5.320424,1.9038684,0.6140125,47.81753,0.030986965
2021-06-16 18:00:00,29.362823,21.78653,1005.84937,5.285721,1.0988979,0.89427334,63.770866,0.0
2021-06-17 00:00:00,28.971344,21.960114,1005.065,3.8867779,2.1472821,0.9735809,65.92537,0.0
2021-06-17 06:00:00,34.867584,21.53653,1005.5525,5.525774,1.5552769,1.0000002,45.99488,0.0
2021-06-17 12:00:00,35.410065,20.511383,1002.96875,3.839898,2.352835,0.989125,41.91002,0.029362738
2021-06-17 18:00:00,29.784027,21.66507,1006.2475,4.8981247,1.7062521,0.97557944,61.781075,0.0
2021-06-18 00:00:00,28.937286,21.787323,1005.70624,4.473254,1.5800601,0.9852316,65.36249,0.0
2021-06-18 06:00:00,34.287872,21.245636,1007.0144,5.1987495,1.7794259,1.0,46.66199,0.0
2021-06-18 12:00:00,35.595734,19.476715,1004.39624,3.5026631,1.7527605,0.9980288,38.908558,0.0
2021-06-18 18:00:00,30.379974,19.959137,1008.1181,3.511005,1.7196283,1.0,53.75349,0.0
2021-06-19 00:00:00,29.00772,21.39383,1007.2406,3.554922,0.6620551,0.9989383,63.548393,0.0
2021-06-19 06:00:00,35.454865,20.729279,1008.15936,3.8759184,1.1286385,0.993933,42.371548,0.0
2021-06-19 12:00:00,35.341095,20.903961,1005.14935,2.9063883,2.094253,0.8270512,43.099472,0.0022947788
2021-06-19 18:00:00,30.417816,21.302887,1008.575,2.6671164,2.6532116,0.9992799,58.266968,0.0
2021-06-20 00:00:00,28.702911,21.917206,1007.6181,3.033658,0.6035328,0.9809262,66.783875,0.0
2021-06-20 06:00:00,36.23697,21.061127,1008.105,2.453269,0.18581581,0.44300675,41.421837,0.0005722977
2021-06-20 12:00:00,36.787262,20.350616,1004.6381,0.7132349,1.218955,0.30798382,38.47052,0.004292233
2021-06-20 18:00:00,31.217987,21.610626,1007.78064,1.9198295,3.630753,0.23710757,56.722767,0.0
2021-06-21 00:00:00,29.485321,22.360748,1006.98065,2.5643873,2.1345115,0.63322836,65.576965,0.0
2021-06-21 06:00:00,35.934235,21.188873,1006.8806,2.9475784,0.5129941,0.19619048,42.448616,0.0
2021-06-21 12:00:00,37.143463,20.624664,1003.0706,-0.42842102,2.5354605,0.50027865,38.372257,0.0005722977
2021-06-21 18:00:00,30.446106,22.856842,1006.3831,2.4353406,3.464971,0.45911878,63.951057,0.101187736
2021-06-22 00:00:00,28.796143,22.057648,1005.515,1.8368759,1.4067678,0.9553641,66.99514,0.0
2021-06-22 06:00:00,34.180206,22.08487,1006.7506,1.1089493,-1.0610819,1.0000001,49.414032,0.012779143
2021-06-22 12:00:00,33.794586,22.977814,1003.46936,-1.9819527,2.5201063,1.0,53.302986,0.0
2021-06-22 18:00:00,30.137848,24.907501,1006.5706,0.3686304,4.2730427,1.0,73.63239,0.0
2021-06-23 00:00:00,28.69986,24.267365,1005.09186,2.4335794,2.4818602,0.9782779,76.99798,0.0
2021-06-23 06:00:00,34.603912,22.622833,1005.925,1.6217494,1.3095868,0.9996034,49.86757,0.0037194695
2021-06-23 12:00:00,32.749176,23.95987,1003.5831,-0.19059575,4.2799263,0.9970429,59.971733,0.0
2021-06-23 18:00:00,28.924652,25.00705,1007.0606,1.8095083,2.8972692,0.97963274,79.43754,0.0
2021-06-24 00:00:00,27.174469,24.253998,1005.485,2.911149,1.3603468,0.999335,84.09648,0.0010505319
2021-06-24 06:00:00,33.30728,22.99704,1006.885,2.3669968,-0.17589891,0.97961515,54.84118,0.008009374
2021-06-24 12:00:00,30.861603,24.025665,1003.8088,0.57293415,1.9045041,1.0,67.01149,0.0
2021-06-24 18:00:00,28.921173,24.780182,1006.8013,1.9053757,3.9310212,0.9099429,78.38523,0.0
2021-06-25 00:00:00,28.691467,21.18106,1004.77563,2.6763163,1.0988626,0.6797705,63.88485,0.0
2021-06-25 06:00:00,35.158844,20.216461,1005.1756,3.1097043,-0.32200748,0.34325665,41.72951,0.0
2021-06-25 12:00:00,35.926666,20.4357,1001.53064,-0.42426682,2.3111835,0.84606874,40.5432,0.0
2021-06-25 18:00:00,29.602325,24.149689,1004.7075,2.1601439,4.2446184,0.19346844,72.56937,0.0
2021-06-26 00:00:00,28.651276,21.929962,1003.98376,3.0291595,1.1922102,0.99599737,67.036415,0.0
2021-06-26 06:00:00,34.766388,20.277008,1004.4975,3.443512,0.23311633,0.9069402,42.80703,0.0
2021-06-26 12:00:00,35.56314,20.111603,1002.2025,-0.15399742,0.56079483,0.95548505,40.543713,0.0
2021-06-26 18:00:00,30.794281,22.785309,1005.2,2.463169,2.0444012,0.98047,62.418884,0.042043626
2021-06-27 00:00:00,28.950623,21.72696,1004.77563,2.6879997,0.40446377,1.0,65.07161,0.0769794
2021-06-27 06:00:00,31.898102,22.105988,1006.54126,2.8775034,-0.6495056,0.9999998,56.24848,0.3921762
2021-06-27 12:00:00,34.073883,22.196686,1004.09625,0.6073532,0.5247536,0.8254086,50.04759,0.0
2021-06-27 18:00:00,28.941437,24.251373,1007.0494,1.8599439,3.5836916,0.7979055,75.854645,0.0073350966
2021-06-28 00:00:00,28.367401,22.08255,1005.1844,1.3318107,1.5165043,0.79574585,68.78811,0.0
2021-06-28 06:00:00,32.427032,21.298126,1007.1856,1.4748802,-0.09099424,0.46594757,51.960773,0.0
2021-06-28 12:00:00,32.676178,23.718292,1004.02875,-1.6373911,3.1179981,0.7671019,59.350246,0.0076293945
2021-06-28 18:00:00,29.18509,24.465607,1005.8256,-0.6255248,2.985712,0.29639667,75.75898,0.0
2021-06-29 00:00:00,27.81659,25.37259,1005.21,0.6125281,2.9096029,0.8815058,86.58866,0.0
2021-06-29 06:00:00,33.496613,23.993805,1005.845,-0.8264637,2.8052964,0.99893856,57.623535,0.13285503
2021-06-29 12:00:00,32.778473,24.295624,1003.7725,-0.75911903,3.829627,0.9327011,61.0915,0.0
2021-06-29 18:00:00,29.122803,25.09787,1006.21936,0.38578773,3.9080544,0.9252577,78.958,0.021839514
2021-06-30 00:00:00,28.092773,25.177277,1005.29626,1.3954966,2.7826743,0.9872019,84.22049,0.0
2021-06-30 06:00:00,35.142975,23.238556,1005.4331,1.3710012,1.3705333,0.9858189,50.23732,0.0021937303
2021-06-30 12:00:00,34.118317,24.662506,1002.33875,-1.2167368,3.5818965,0.96016836,57.931126,0.0
2021-06-30 18:00:00,28.035889,25.371887,1005.5825,1.0131713,4.102028,0.427969,85.48433,0.31433997
2021-07-01 00:00:00,27.536072,24.979462,1003.84625,0.7709404,2.1429346,0.92015535,85.98359,0.0
2021-07-01 06:00:00,34.43863,24.459015,1004.5056,1.1126885,1.9852061,0.9972486,56.21825,0.08993424
2021-07-01 12:00:00,33.28531,24.591278,1001.8656,-1.1029291,4.8605795,0.13734436,60.43616,0.0
2021-07-01 18:00:00,26.35263,23.993134,1005.8119,2.3361027,1.5775156,0.4919483,86.89239,0.007260591
2021-07-02 00:00:00,26.906158,23.20102,1004.02185,2.0954626,1.6346965,0.18820411,80.185265,0.0
2021-07-02 06:00:00,33.769928,24.111969,1004.7587,2.0348394,1.0964402,0.8063442,57.153,0.025558285
2021-07-02 12:00:00,32.5618,24.092682,1002.8038,-0.33206272,3.481494,0.64464456,61.093758,0.0
2021-07-02 18:00:00,28.588684,24.748627,1006.93,0.52959126,2.073247,0.94510794,79.76065,0.09163469
2021-07-03 00:00:00,27.649872,25.5242,1005.19,-0.2691685,0.159194,0.7684138,88.227516,0.0
2021-07-03 06:00:00,33.29605,23.976776,1005.9481,0.70859766,-0.3211336,0.9734851,58.215446,0.02860697
2021-07-03 12:00:00,33.083282,25.81662,1003.52,-0.03216839,2.4205794,0.88487387,65.751114,0.74009925
2021-07-03 18:00:00,28.302246,24.975311,1005.8862,0.80510056,1.8883647,0.3739156,82.20425,0.0
2021-07-04 00:00:00,26.861298,25.120697,1005.3013,1.0558774,1.6905217,0.8746893,90.211235,0.0
2021-07-04 06:00:00,31.84793,25.249298,1005.9288,1.1868877,0.07250786,0.49965656,68.16308,0.17174634
2021-07-04 12:00:00,31.28714,25.780548,1002.9387,-1.8927317,1.9674599,0.44205174,72.625145,0.0
2021-07-04 18:00:00,25.743439,24.588013,1007.16876,1.7979095,1.3029644,0.912323,93.35095,0.21078539
2021-07-05 00:00:00,25.798492,23.656525,1004.6294,2.5219631,-0.39272022,0.92872703,87.98789,0.0
2021-07-05 06:00:00,33.386505,24.378632,1004.26685,0.7728082,-1.0534544,0.96368986,59.334164,0.013732817
2021-07-05 12:00:00,33.294586,24.927887,1001.725,-2.1014547,0.7352638,0.11072321,61.631466,0.03728876
2021-07-05 18:00:00,28.407318,25.366272,1005.27563,0.31745434,3.6320496,0.825465,83.62788,1.4691013
2021-07-06 00:00:00,27.73462,24.369965,1004.09875,0.96025455,1.2267694,0.9625601,81.95088,0.0
2021-07-06 06:00:00,33.99698,24.728119,1003.4906,1.4290323,0.13226032,0.4408865,58.55374,0.002289191
2021-07-06 12:00:00,32.277496,24.9841,1001.5806,-2.055727,2.887119,0.88397133,65.483055,0.00027380884
2021-07-06 18:00:00,29.602386,25.062073,1004.4225,0.5323821,3.3371048,0.9993359,76.63841,0.0
2021-07-07 00:00:00,28.57077,25.309448,1003.245,1.67572,2.2840583,0.99665534,82.55801,0.0009550713
2021-07-07 06:00:00,34.81375,24.03897,1004.34564,1.3971504,1.2736814,0.8647681,53.68935,0.0062929466
2021-07-07 12:00:00,32.67935,25.061615,1001.41626,-0.6799259,3.415681,0.47825074,64.31132,0.0
2021-07-07 18:00:00,27.64505,24.943817,1005.6906,0.84874165,3.4219887,0.43828607,85.25588,0.07265061
2021-07-08 00:00:00,27.58609,24.746918,1004.1975,1.7200882,2.1471562,0.09977129,84.550735,0.0
2021-07-08 06:00:00,34.668243,23.829315,1004.6275,2.0661173,-0.19441605,0.517536,53.447098,0.0
2021-07-08 12:00:00,34.390533,24.643707,1000.45624,-2.4171352,1.2905753,0.5043559,56.99514,0.07839501
2021-07-08 18:00:00,26.987457,24.757416,1004.7625,-0.08032799,3.2400634,0.90022016,87.625275,0.7428401
2021-07-09 00:00:00,26.509308,24.534088,1002.9313,1.511301,-1.2372894,0.8601499,88.930824,0.0
2021-07-09 06:00:00,32.250275,24.13565,1003.4412,1.6401451,-0.16689014,0.9516542,62.338375,0.0042915344
2021-07-09 12:00:00,30.414948,26.238068,1000.405,-0.46025103,2.050592,0.9645179,78.42865,0.7731197
2021-07-09 18:00:00,28.074432,24.505035,1003.0419,1.6146489,3.4720976,0.74407446,80.99433,0.0
2021-07-10 00:00:00,27.287506,21.414703,1001.5531,4.5956507,1.5812552,0.9899903,70.33554,0.20794895
2021-07-10 06:00:00,28.64389,24.59967,1002.9581,4.623479,2.645154,1.0,78.80083,0.55306685
2021-07-10 12:00:00,29.970764,22.07077,1000.47876,4.5250864,2.0125482,1.0,62.653625,0.0
2021-07-10 18:00:00,28.072052,20.511017,1003.70123,5.294482,1.2452178,0.9935365,63.553482,0.0
2021-07-11 00:00:00,27.506073,20.317902,1001.3819,5.0293255,1.6209908,0.9697392,64.911,0.0
2021-07-11 06:00:00,32.008575,21.264984,1002.34186,4.805908,0.17978477,0.99444216,53.096718,0.0
2021-07-11 12:00:00,32.117523,22.152496,1000.28937,2.1210775,1.0539705,0.9751935,55.711567,0.09581447
2021-07-11 18:00:00,28.721405,20.14859,1003.9331,2.879797,2.5189676,1.0000002,59.844353,0.0
2021-07-12 00:00:00,28.293182,20.039215,1001.6,4.396146,1.5010722,0.9936096,60.937984,0.0
2021-07-12 06:00:00,31.885162,22.759583,1002.9288,5.2571898,0.7604076,0.9978521,58.570923,0.0
2021-07-12 12:00:00,32.872223,23.368317,1000.4975,2.9517403,1.1577446,1.0,57.473427,0.07268041
2021-07-12 18:00:00,29.37088,22.674103,1003.2619,4.094225,1.8711901,0.99960303,67.2799,0.0
2021-07-13 00:00:00,28.25418,22.99234,1002.48065,3.4038553,1.4550078,0.99013674,73.17631,0.0
2021-07-13 06:00:00,33.569244,22.579315,1003.46625,5.00257,1.2051232,0.9911315,52.69073,9.5460564e-05
2021-07-13 12:00:00,31.005157,23.801056,1002.075,2.504218,0.8065891,1.0,65.573456,0.66842747
2021-07-13 18:00:00,29.56369,22.83194,1004.5731,3.148882,1.1437578,0.9999999,67.17558,0.0
2021-07-14 00:00:00,28.119904,21.240509,1003.22815,3.1365232,1.1669364,0.9999998,66.2846,0.0
2021-07-14 06:00:00,32.249786,22.561066,1003.7319,3.9710436,0.8050122,1.0,56.687622,0.0
2021-07-14 12:00:00,31.961395,23.545197,1002.20685,2.2379265,2.6087854,1.0,61.15499,0.0024796464
2021-07-14 18:00:00,28.152252,22.36026,1005.5444,2.9286916,1.7645174,0.99717367,70.842445,0.0
2021-07-15 00:00:00,27.504425,22.129486,1004.1138,1.885726,1.4092761,1.0,72.54698,9.685755e-05
2021-07-15 06:00:00,32.600372,23.145477,1004.14435,3.6915464,1.110055,0.9810725,57.579906,0.0
2021-07-15 12:00:00,31.525055,23.496246,1001.8325,0.90454865,0.09750271,0.95772666,62.50304,0.22774935
2021-07-15 18:00:00,29.175323,22.768707,1005.7587,1.1019273,2.0116994,0.9787164,68.43576,0.0
2021-07-16 00:00:00,27.72818,23.032501,1005.1756,1.8826189,1.8054924,0.88983417,75.639244,0.16437784
2021-07-16 06:00:00,33.494293,22.998688,1006.0531,3.0240822,1.5321217,0.8812639,54.274727,0.0
2021-07-16 12:00:00,32.436676,23.650055,1003.52563,0.9641139,1.7616785,0.5730976,59.910686,0.090974435
2021-07-16 18:00:00,27.57669,25.131866,1006.5644,1.5138494,2.3456979,0.87905014,86.56222,0.083551496
2021-07-17 00:00:00,27.887299,22.244293,1005.2619,2.254096,0.1688776,0.9993341,71.43943,0.0
2021-07-17 06:00:00,32.20047,23.302063,1006.195,0.38228732,-1.0215015,1.0,59.45465,0.020981766
2021-07-17 12:00:00,31.659576,23.574127,1003.24,-0.79262924,2.4330397,1.0,62.319195,0.0
2021-07-17 18:00:00,28.897888,24.682037,1005.6775,0.9463398,2.1581686,0.842737,78.032104,0.0
2021-07-18 00:00:00,27.133759,22.13327,1004.5125,2.7553797,0.7574358,1.0000007,74.15721,0.0
2021-07-18 06:00:00,31.05661,23.379364,1005.16437,2.3898258,0.70789146,1.0,63.740993,0.12278557
2021-07-18 12:00:00,29.413483,23.03299,1002.8194,3.563364,1.2219069,0.99999917,68.59001,0.0
2021-07-18 18:00:00,26.936432,21.88565,1006.1156,2.8490543,1.661233,0.9978305,73.89736,0.15451014
2021-07-19 00:00:00,26.901764,22.34665,1004.9531,2.9645405,1.5876615,0.88472605,76.15734,0.0
2021-07-19 06:00:00,34.06363,22.299347,1004.9225,4.564086,1.0480282,0.48238397,50.390114,0.0
2021-07-19 12:00:00,35.010406,21.261139,1002.5625,2.0611978,2.1812475,0.81561786,44.868835,0.0042915344
2021-07-19 18:00:00,29.43753,22.078033,1006.485,2.8105645,2.2098608,0.9644904,64.635895,0.0
2021-07-20 00:00:00,27.543549,23.204987,1005.97626,3.7197056,0.7996445,0.8734422,77.26181,0.0
2021-07-20 06:00:00,34.07608,21.686432,1005.9431,4.3912544,0.96000284,0.9428147,48.50772,0.0
2021-07-20 12:00:00,34.934967,20.905914,1003.71564,2.4076676,1.3003359,0.9981448,44.08468,0.0066738576
2021-07-20 18:00:00,30.05716,21.363922,1006.64813,4.034274,1.1945248,0.99927986,59.70781,0.0
2021-07-21 00:00:00,28.354034,22.382843,1005.4581,3.7472515,1.1353929,0.9817378,70.11157,0.0
2021-07-21 06:00:00,32.65799,21.50711,1005.75,5.5957727,1.0117029,1.0,51.949078,0.0
2021-07-21 12:00:00,32.337433,22.472565,1003.215,3.8760433,1.0827274,1.0,56.10515,0.16355515
2021-07-21 18:00:00,29.379791,22.35794,1005.3025,4.6307344,1.3587236,1.0,65.966194,0.0
2021-07-22 00:00:00,28.328827,21.507843,1002.6719,4.3343515,2.0773768,1.0,66.56471,0.0
2021-07-22 06:00:00,34.957794,20.929718,1002.79877,6.9534454,1.5793074,0.92718804,44.09342,0.0
2021-07-22 12:00:00,34.2648,20.765045,1000.57623,4.9803867,1.111351,0.9936994,45.362587,0.006392598
2021-07-22 18:00:00,29.81137,21.31546,1003.21936,5.8940353,1.5602243,1.0,60.377853,0.0
2021-07-23 00:00:00,29.266388,21.53592,1001.72876,3.5503607,2.6773434,0.98210394,63.151993,0.0
2021-07-23 06:00:00,34.56949,21.246735,1003.03064,6.0136604,1.5182613,0.9878656,45.939648,0.0
2021-07-23 12:00:00,33.805817,20.30484,1000.2481,4.4390917,2.0739765,0.835498,45.23728,0.12622774
2021-07-23 18:00:00,29.695831,21.89212,1003.96564,5.179139,0.91087055,0.9833183,62.962734,0.0
2021-07-24 00:00:00,29.113373,22.179535,1003.1844,3.3084545,2.1984792,0.84274614,66.2661,0.0
2021-07-24 06:00:00,34.86331,22.034332,1004.2519,4.278225,0.9749651,0.7763957,47.426075,0.0
2021-07-24 12:00:00,35.459747,20.858429,1001.125,2.5165663,1.7639815,0.3556155,42.698128,0.050351024
2021-07-24 18:00:00,30.943512,22.469269,1004.90686,3.2114449,2.4951086,0.8709628,60.71353,0.0
2021-07-25 00:00:00,29.399994,22.51474,1004.4944,3.1196887,2.4202178,0.86293054,66.52027,0.0
2021-07-25 06:00:00,35.057648,22.314972,1005.04565,3.7849264,1.5896506,0.3399225,47.726734,0.0
2021-07-25 12:00:00,32.735016,23.695343,1003.15625,1.8177125,4.105648,0.5957534,59.0722,0.16844273
2021-07-25 18:00:00,27.908905,23.06186,1006.72815,4.975993,1.7814977,0.7936992,74.97835,0.43548107
2021-07-26 00:00:00,27.802826,22.634125,1005.1406,3.5500574,1.2233611,0.96064115,73.513885,0.0
2021-07-26 06:00:00,32.024933,22.880981,1006.0062,3.9981003,1.6294348,0.8789934,58.53813,0.0
2021-07-26 12:00:00,34.483673,21.600739,1003.28625,2.4839025,3.0198722,0.5936153,47.171085,0.0
2021-07-26 18:00:00,28.87326,24.51651,1005.9481,2.2879581,3.7552233,0.8906253,77.37385,0.0
2021-07-27 00:00:00,28.282928,22.478485,1004.89813,3.0842037,1.3237449,0.99274904,70.81263,0.0
2021-07-27 06:00:00,34.76761,22.011444,1004.76373,3.8654108,0.82174677,0.83798236,47.612087,0.0
2021-07-27 12:00:00,35.41446,21.673737,1002.3212,3.83125,1.0860301,0.5896776,44.999435,0.029861927
2021-07-27 18:00:00,30.934967,21.821564,1005.76624,3.7991102,1.9037943,0.21654701,58.393265,0.0
2021-07-28 00:00:00,28.807098,22.2919,1004.8025,3.426921,1.179066,0.49363095,67.9146,0.0
2021-07-28 06:00:00,34.939972,21.486664,1006.1144,3.5025845,1.185673,0.6170414,45.671043,0.0
2021-07-28 12:00:00,36.480377,20.847565,1002.5775,2.532702,1.478067,0.972583,40.339268,0.0005736947
2021-07-28 18:00:00,31.058563,22.209503,1006.2375,3.2736511,2.6890287,0.7473388,59.37091,0.0
2021-07-29 00:00:00,28.747162,22.103546,1005.86127,3.6340923,0.75679296,0.99888945,67.37387,0.0
2021-07-29 06:00:00,35.079254,21.032501,1006.0575,4.5744486,0.6857835,0.98666316,44.0752,0.0
2021-07-29 12:00:00,36.053375,20.062164,1003.15125,2.665001,0.18478298,0.9968937,39.342873,0.0
2021-07-29 18:00:00,31.146149,21.323029,1006.9269,2.8808327,2.5770187,0.9619611,55.961273,0.0
2021-07-30 00:00:00,29.24234,22.028107,1006.53815,2.9825993,0.88245106,1.0000002,65.169815,0.0
2021-07-30 06:00:00,35.338654,20.429962,1007.195,3.982275,-0.14503384,0.98734856,41.864937,0.0
2021-07-30 12:00:00,35.555573,21.128204,1004.26373,2.6086054,0.18173647,0.45890868,43.18275,0.0076266006
2021-07-30 18:00:00,31.450775,22.073761,1007.1106,2.9880166,3.1906555,0.098187506,57.581745,0.0
2021-07-31 00:00:00,28.930817,21.781158,1007.285,2.9394684,1.0521832,0.06285959,65.36238,0.0
2021-07-31 06:00:00,35.317657,20.393158,1007.34,3.6888485,-0.12138152,0.07008761,41.818455,0.0
2021-07-31 12:00:00,36.79776,19.771149,1004.475,1.722929,0.15621853,0.31679815,37.094154,0.0006672926
2021-07-31 18:00:00,30.749786,21.7034,1008.1119,2.3525033,2.834313,0.7403025,58.5896,0.10519801
2021-08-01 00:00:00,29.123505,22.37857,1006.3819,2.7632284,-0.03441143,0.97568965,67.03427,0.0
2021-08-01 06:00:00,33.87613,20.768036,1006.325,4.243415,-0.5822277,0.9903139,46.365376,0.0
2021-08-01 12:00:00,35.049957,20.956818,1003.3594,2.0671704,0.87280464,0.91977197,43.941956,0.0001906883
2021-08-01 18:00:00,30.997162,22.081207,1006.66315,2.6899068,3.0701845,0.9780993,59.11538,0.0
2021-08-02 00:00:00,29.138214,21.337921,1005.3137,3.454749,0.8080826,0.9912475,62.85478,0.0
2021-08-02 06:00:00,34.657745,20.419342,1006.22064,3.4778757,1.0268912,0.9460332,43.446182,0.0
2021-08-02 12:00:00,36.232086,19.504547,1004.1944,1.806941,-0.21393025,0.9947633,37.63423,0.0
2021-08-02 18:00:00,31.463654,21.178986,1007.79126,2.3479767,3.4826632,0.9875495,54.475777,0.0
2021-08-03 00:00:00,28.803925,22.241608,1006.45874,3.643468,0.42733765,0.997632,67.719505,0.0
2021-08-03 06:00:00,35.1951,20.716522,1007.3638,3.212945,-0.11327076,0.5160753,42.95065,0.0
2021-08-03 12:00:00,35.789948,21.378693,1005.28,-0.025391579,1.504451,0.85844487,43.2881,0.0
2021-08-03 18:00:00,30.874115,23.358673,1008.76624,2.1675105,3.6386826,0.3371212,64.32776,0.0
2021-08-04 00:00:00,28.903778,21.689362,1007.8638,3.3062563,1.1422577,0.9311219,65.09865,0.0
2021-08-04 06:00:00,34.601837,21.61612,1008.3125,4.538327,0.096199214,0.8646683,46.906334,0.0
2021-08-04 12:00:00,35.064484,21.821808,1004.65814,3.4363258,0.32579327,0.89537525,46.296017,0.02002623
2021-08-04 18:00:00,31.54831,22.089874,1007.84625,2.2653155,2.1893196,0.9206301,57.319695,0.0
2021-08-05 00:00:00,29.679474,22.236725,1006.02686,3.2039576,0.91470146,0.9854599,64.359764,0.0
2021-08-05 06:00:00,35.381744,21.721893,1006.4406,3.9741032,1.5711677,1.0000002,45.21373,0.0
2021-08-05 12:00:00,35.267487,21.995758,1003.0669,2.4281175,2.0837002,0.9965705,46.26729,0.01335144
2021-08-05 18:00:00,29.4664,23.26712,1006.2325,3.345233,1.9174833,0.9738636,69.35569,0.0
2021-08-06 00:00:00,28.9758,22.98465,1004.4256,3.7428703,0.71049404,0.9760182,70.14183,0.0
2021-08-06 06:00:00,34.729645,22.210907,1005.1131,4.0371094,-0.10511589,0.80137587,48.29593,0.0
2021-08-06 12:00:00,32.44388,24.747345,1002.2594,-0.16771889,1.9190595,0.9921509,63.960434,0.10815263
2021-08-06 18:00:00,28.623077,23.87918,1006.10876,2.4450543,2.1479416,0.8801285,75.56017,0.0
2021-08-07 00:00:00,28.376984,23.577484,1004.2569,2.5520058,1.4584866,0.99462336,75.268845,0.0
2021-08-07 06:00:00,33.928375,23.355377,1006.425,2.9280143,0.029835284,0.33638555,54.127384,0.00066735083
2021-08-07 12:00:00,30.581207,24.835968,1003.21124,-1.6532364,3.3098497,0.9014309,71.479324,1.8816772
2021-08-07 18:00:00,29.533966,24.937897,1007.1319,0.21335828,2.237832,0.5161478,76.3737,0.0
2021-08-08 00:00:00,28.401764,23.095673,1005.38873,1.8146738,1.488071,0.6115089,73.0058,0.0
2021-08-08 06:00:00,34.399567,23.047089,1006.72437,1.6750329,0.21797222,0.8221568,51.750977,0.0016207341
2021-08-08 12:00:00,33.698517,24.599884,1003.725,-1.2504759,3.8883371,0.7995779,59.083755,0.07017306
2021-08-08 18:00:00,29.423431,24.809235,1007.3775,1.3705318,3.4816067,0.5991795,76.27426,0.0
2021-08-09 00:00:00,28.810974,22.253815,1005.9487,3.0900116,1.0577326,0.9763134,67.74214,0.0
2021-08-09 06:00:00,35.535675,22.934174,1007.1756,1.2541695,0.3712647,0.9124442,48.261864,0.0
2021-08-09 12:00:00,34.167145,23.733795,1003.64874,-1.2377262,2.848138,0.68073106,54.643368,0.005438924
2021-08-09 18:00:00,28.64273,24.99356,1007.0569,1.5007346,3.4137726,0.9574099,80.681625,0.0
2021-08-10 00:00:00,28.842682,22.135895,1006.02374,2.7950692,1.2138767,0.9436286,67.134026,0.0104904175
2021-08-10 06:00:00,34.44986,22.65921,1006.9531,2.8968363,-1.0398083,0.9978775,50.407703,0.0
2021-08-10 12:00:00,34.34671,23.175934,1002.9994,-1.1980925,1.5152225,0.99960357,52.30945,0.038534403
2021-08-10 18:00:00,31.00705,23.280426,1006.40186,0.09374142,2.6076744,0.9999997,63.54071,0.0
2021-08-11 00:00:00,29.577728,22.392853,1005.5712,2.2872753,-0.12484741,0.9859683,65.35597,0.0
2021-08-11 06:00:00,34.950348,21.825165,1006.3787,2.0800314,-1.9367514,0.9999999,46.59926,0.0
2021-08-11 12:00:00,33.49417,23.466583,1003.67126,-0.7090092,0.31814957,0.99999994,55.831253,0.031761825
2021-08-11 18:00:00,28.933258,22.85202,1007.5681,2.402821,2.3387873,1.0,69.7523,0.0
2021-08-12 00:00:00,25.916046,24.107391,1006.4313,2.2955873,2.1247425,1.0,89.77822,0.5766119
2021-08-12 06:00:00,32.766388,23.152802,1007.3325,4.1042757,0.29050636,1.0,57.069057,0.0
2021-08-12 12:00:00,31.440338,24.87442,1005.5831,2.2811503,-1.9442244,1.0,68.21758,1.8467093
2021-08-12 18:00:00,28.09549,23.914581,1007.64935,2.2119505,0.8872757,0.99888945,78.08044,0.0
2021-08-13 00:00:00,27.600983,23.02127,1005.8375,2.4200974,0.7908354,0.99640507,76.15198,0.0
2021-08-13 06:00:00,32.550323,22.39627,1006.3875,2.4870834,0.6964912,0.99928063,55.17854,0.0
2021-08-13 12:00:00,33.69156,22.9346,1003.58563,1.0851755,-0.56904316,0.88193357,53.470867,0.00028591603
2021-08-13 18:00:00,29.145905,22.417267,1005.6975,2.318902,2.0860023,0.95742655,67.10517,0.022304244
2021-08-14 00:00:00,27.969086,22.671356,1004.0681,4.122858,1.2938309,0.9882862,72.96872,0.021189451
2021-08-14 06:00:00,32.79605,22.657623,1004.45374,4.0435715,0.10136795,0.99189734,55.290516,0.0
2021-08-14 12:00:00,33.0325,22.581573,1002.2981,2.170085,1.7989131,0.9989383,54.30873,0.03813207
2021-08-14 18:00:00,25.918365,24.453522,1006.04376,2.7728903,1.1481941,1.0,91.64784,0.8783341
2021-08-15 00:00:00,26.632965,22.601532,1004.39685,3.6601667,1.5528917,1.0,78.57911,0.0
2021-08-15 06:00:00,31.543732,21.967865,1005.47314,3.2546988,0.3211202,1.0,56.90971,0.0
2021-08-15 12:00:00,31.966095,23.334137,1003.52625,0.8751911,0.40462303,1.0,60.36526,0.025657937
2021-08-15 18:00:00,29.492615,22.927277,1006.14685,0.7154629,3.4599264,1.0,67.842094,0.0
2021-08-16 00:00:00,27.599579,22.861847,1004.7125,2.491518,1.6662827,0.998566,75.42662,0.0
2021-08-16 06:00:00,32.9263,22.294647,1006.14374,2.9686089,-0.5856495,0.31392813,53.689472,0.0
2021-08-16 12:00:00,31.567291,24.616486,1003.6694,-1.056529,1.8382989,0.5980673,66.69164,1.0754764
2021-08-16 18:00:00,27.783752,25.468353,1007.505,0.8079638,3.917677,0.925445,87.25008,0.0
2021-08-17 00:00:00,27.459045,24.388824,1006.1106,1.6994226,2.2333481,0.9587359,83.376495,0.0
2021-08-17 06:00:00,32.825836,22.578644,1006.74,1.9922754,1.2209349,0.920568,54.93392,0.00038091093
2021-08-17 12:00:00,30.32071,24.657623,1004.5469,-0.40325153,2.3553922,0.96668,71.784836,0.10586437
2021-08-17 18:00:00,27.801544,24.969635,1007.42377,1.2630875,3.5926514,0.9999998,84.61006,0.0
2021-08-18 00:00:00,26.372528,24.291779,1005.71814,2.0527956,2.1229277,0.98066586,88.35974,0.1799642
2021-08-18 06:00:00,30.888458,24.130768,1006.64685,2.7146811,3.1980171,0.9957591,67.33234,0.0
2021-08-18 12:00:00,31.1492,22.610504,1003.0756,1.7389674,3.4200592,0.99960345,60.522526,0.0
2021-08-18 18:00:00,27.35141,24.434082,1005.8812,3.163434,2.0956361,0.9993349,84.13148,0.2567834
2021-08-19 00:00:00,26.047638,22.922089,1004.60187,3.5934706,1.7658732,0.9999998,82.937996,0.0
2021-08-19 06:00:00,32.286774,22.462067,1005.455,3.2167711,0.8916509,0.99569744,56.23008,0.0
2021-08-19 12:00:00,33.694366,22.20816,1002.17065,0.86076736,1.3383446,0.99999994,51.1556,0.0
2021-08-19 18:00:00,28.586731,23.15561,1005.6731,1.9208313,3.8176334,0.9971986,72.487686,0.6349683
2021-08-20 00:00:00,26.738922,23.678131,1004.67377,1.2125533,0.9025297,0.9885676,83.34238,0.0
2021-08-20 06:00:00,31.687775,24.202423,1006.3169,0.16578692,-0.8673868,0.8606249,64.614716,0.0
2021-08-20 12:00:00,30.820953,24.529694,1003.3131,-2.947072,1.3957926,0.96660894,69.22758,0.04167273
2021-08-20 18:00:00,28.552216,25.334198,1006.7325,-0.56713295,2.6543102,0.97626936,82.76872,0.0
2021-08-21 00:00:00,26.124481,25.07846,1007.1819,1.5350676,1.6603432,0.98834753,93.980095,0.80715674
2021-08-21 06:00:00,27.03244,24.750122,1008.57935,1.9837825,0.09236908,0.99920684,87.35601,0.0
2021-08-21 12:00:00,30.730804,23.455841,1005.6975,0.40195656,0.37285423,0.98547477,65.23787,0.0
2021-08-21 18:00:00,27.234955,23.544495,1008.85126,1.4124458,1.2289991,0.9862093,80.29965,0.0
2021-08-22 00:00:00,26.209686,21.750824,1006.6381,1.245236,0.6614987,0.9537585,76.49843,0.01591444
2021-08-22 06:00:00,31.441925,23.114716,1008.3569,0.7749052,1.52175,0.36384445,61.368828,0.008118484
2021-08-22 12:00:00,29.22342,24.428192,1004.6894,-0.92064285,2.983058,0.97707736,75.42221,0.0
2021-08-22 18:00:00,27.456024,24.731537,1008.4225,1.4561901,3.0930614,0.8331478,85.118454,0.25303334
2021-08-23 00:00:00,26.469513,23.422699,1006.98627,0.84761363,1.7737658,0.8638939,83.382095,0.0
2021-08-23 06:00:00,30.792633,24.00116,1008.4369,-0.14154923,1.8295252,0.57025295,67.177025,0.040529806
2021-08-23 12:00:00,29.686676,24.595062,1004.8925,0.19623756,2.316389,0.35022914,74.170204,0.0
2021-08-23 18:00:00,26.949005,24.134003,1007.51,1.5967762,2.5486107,0.4035712,84.606,0.0
2021-08-24 00:00:00,26.742126,23.8945,1006.6694,1.6110368,2.5686102,0.9771969,84.41847,0.012296336
2021-08-24 06:00:00,32.642242,23.066498,1007.60187,2.8454628,1.7727121,0.28892922,57.170456,0.0
2021-08-24 12:00:00,31.675323,23.268585,1003.35876,0.24735832,4.648237,0.76174307,61.126293,0.0
2021-08-24 18:00:00,28.274994,23.916718,1006.7469,1.7031177,4.6574936,0.10671818,77.27846,0.0
2021-08-25 00:00:00,27.060364,23.512726,1005.90625,2.087721,3.1114006,0.9243262,80.97128,9.49949e-05
2021-08-25 06:00:00,33.23465,22.844757,1006.42377,2.7194767,1.2424989,0.9504757,54.55966,0.0002863817
2021-08-25 12:00:00,32.541046,24.148834,1002.10315,-0.11315632,4.148185,0.98855823,61.37177,0.0
2021-08-25 18:00:00,28.81659,24.858673,1005.53314,1.5999067,4.4236307,0.9277718,79.232025,0.0
2021-08-26 00:00:00,27.414886,24.037079,1003.92065,1.8221836,2.2394366,0.0842808,81.847404,0.0
2021-08-26 06:00:00,33.71463,23.574554,1004.4844,2.4136877,1.2448716,0.04201859,55.506706,0.0
2021-08-26 12:00:00,31.843536,24.166107,1001.1256,-0.07811451,3.905095,0.9314165,63.90698,0.17887354
2021-08-26 18:00:00,28.014954,25.548065,1004.5031,0.623062,3.2206264,0.9821161,86.48937,0.16093254
2021-08-27 00:00:00,28.179443,23.592133,1003.1169,2.2669723,0.64671993,0.9056851,76.20626,0.0
2021-08-27 06:00:00,32.75528,23.615631,1004.33936,3.8312445,0.85913247,0.87905306,58.722218,0.007819384
2021-08-27 12:00:00,31.9086,22.604279,1000.8663,2.2062645,2.6710768,0.8948503,57.94465,0.0030528754
2021-08-27 18:00:00,29.24823,22.07962,1003.84125,3.360921,0.90467453,1.0000001,65.3525,0.0
2021-08-28 00:00:00,27.177032,22.552765,1002.52124,2.8503246,0.8227129,1.0000002,75.88072,0.28046253
2021-08-28 06:00:00,28.427399,24.989044,1003.7625,3.3660889,1.3705678,0.99999964,81.675,0.4210544
2021-08-28 12:00:00,31.815216,23.022247,1000.4462,2.5604095,1.9472625,0.99960333,59.74667,0.0
2021-08-28 18:00:00,27.951324,22.616669,1003.21375,4.343089,1.3987232,0.9761666,72.802345,0.15116143
2021-08-29 00:00:00,25.815826,22.860016,1001.71185,2.8854983,1.7613236,0.9991334,83.768654,0.0
2021-08-29 06:00:00,31.878448,22.27768,1003.1975,5.055602,2.2520113,1.0,56.902946,0.0
2021-08-29 12:00:00,30.782928,22.658417,1000.4825,2.9074955,2.6343374,1.0,61.980545,0.6541007
2021-08-29 18:00:00,28.529083,22.0737,1003.86127,4.698846,2.1198754,1.0,68.10801,0.0
2021-08-30 00:00:00,27.29831,22.298431,1002.78564,4.1460524,1.6508298,1.0,74.18721,0.051490963
2021-08-30 06:00:00,30.7565,22.483673,1004.02814,4.103512,1.1086284,1.0,61.419094,0.0
2021-08-30 12:00:00,32.90091,22.782806,1001.4469,2.401586,1.8860948,0.99370164,55.384087,0.00028684735
2021-08-30 18:00:00,28.77008,21.609406,1004.41,2.273808,2.2388024,0.9898439,65.28504,0.0
2021-08-31 00:00:00,27.31784,21.923615,1003.3019,2.718708,1.059042,0.9999999,72.42924,0.0
2021-08-31 06:00:00,33.866974,22.484528,1005.075,1.787934,0.57607883,0.9237804,51.5232,0.0
2021-08-31 12:00:00,31.182648,23.575958,1003.1163,-1.9602013,2.8591151,0.99216557,64.03953,0.12366474
2021-08-31 18:00:00,26.813812,24.539734,1006.20874,0.6304378,2.5744154,0.9865228,87.37985,0.0
2021-09-01 00:00:00,27.350372,25.55362,1005.6881,1.2381032,1.0725327,0.866187,89.94461,0.0
2021-09-01 06:00:00,32.017975,23.874847,1006.6194,2.064395,0.277668,0.8030815,62.181187,0.041577965
2021-09-01 12:00:00,32.05667,23.825409,1003.29877,-0.88335514,0.60991406,0.86748344,61.86093,0.016789883
2021-09-01 18:00:00,26.569855,25.001862,1006.83435,0.8609581,2.6127462,0.89948463,91.12463,0.102862716
2021-09-02 00:00:00,27.306305,24.448822,1005.08374,1.536334,1.1370344,0.97337055,84.428604,0.0
2021-09-02 06:00:00,31.856842,23.816986,1005.8925,2.1671114,-0.8019409,0.7381894,62.533413,0.009728953
2021-09-02 12:00:00,27.40036,24.516144,1004.0175,-2.22192,0.28033453,0.9943237,84.30365,4.2680244
2021-09-02 18:00:00,24.967438,24.208313,1006.9525,0.746833,2.2183,1.0,95.5615,0.0
2021-09-03 00:00:00,24.998932,23.768585,1004.3731,2.6652212,1.4911505,0.9999999,92.89552,1.5351048
2021-09-03 06:00:00,28.135406,25.299591,1005.7544,3.49508,1.3670744,0.98432595,84.62539,0.0
2021-09-03 12:00:00,30.924652,23.243439,1002.7981,2.1420507,1.5214769,0.99999964,63.69767,0.0
2021-09-03 18:00:00,27.970459,23.704834,1006.0119,2.0762143,2.2643163,0.9943238,77.66547,0.0
2021-09-04 00:00:00,26.325165,23.072357,1004.0775,3.3468628,0.8116765,0.9943236,82.334236,0.2835989
2021-09-04 06:00:00,29.95694,24.041595,1006.645,2.54387,1.0715357,0.99999994,70.64348,0.0
2021-09-04 12:00:00,30.005829,24.713593,1003.5637,0.7706215,1.8786609,1.0,73.338745,0.070971906
2021-09-04 18:00:00,26.648102,23.562225,1006.0875,1.7891812,2.21302,0.99960315,83.2062,0.0
2021-09-05 00:00:00,25.991425,23.178986,1004.46313,3.5372934,1.8722727,0.9922066,84.51777,0.045206167
2021-09-05 06:00:00,30.553375,24.154327,1005.3837,3.839861,2.5231314,0.18701334,68.73142,0.07999655
2021-09-05 12:00:00,29.373932,24.748444,1002.9025,1.5968678,3.0105267,1.000001,76.215256,0.5283909
2021-09-05 18:00:00,26.735199,24.107574,1005.9425,3.1406307,1.9867449,1.0,85.54079,0.0
2021-09-06 00:00:00,25.662811,23.105438,1004.6131,4.1914473,1.3363056,1.0,85.797295,1.0655469
2021-09-06 06:00:00,31.807892,23.624115,1005.09814,4.4465494,1.6765404,1.0,61.983402,0.0
2021-09-06 12:00:00,30.950958,23.350311,1002.4487,2.248965,2.19355,1.0,64.01391,0.0
2021-09-06 18:00:00,28.026764,22.397614,1005.8875,2.803158,2.3996134,1.0,71.524635,0.025555491
2021-09-07 00:00:00,27.154205,22.295319,1004.77435,3.4969504,1.9992709,0.9989686,74.80264,0.0
2021-09-07 06:00:00,32.134674,23.026031,1006.10376,4.1455927,2.4482756,0.9653413,58.688824,0.0
2021-09-07 12:00:00,32.134796,23.17929,1002.6375,1.4602652,3.114909,0.42314702,59.234898,0.00038184226
2021-09-07 18:00:00,28.378082,25.498444,1006.935,1.7283362,2.6347437,0.6996754,84.43073,0.00038091093
2021-09-08 00:00:00,27.254059,22.01242,1005.84814,3.0761547,1.6273336,0.7884903,73.09539,0.0
2021-09-08 06:00:00,32.983673,23.286652,1007.53186,3.620943,2.2180097,0.5741387,56.833363,0.0
2021-09-08 12:00:00,32.49417,24.170319,1004.0725,1.6430402,2.599789,0.8269564,61.613647,0.023655593
2021-09-08 18:00:00,28.439423,25.204498,1008.0719,1.5137165,3.115224,0.23101026,82.67239,0.0
2021-09-09 00:00:00,27.147858,21.843536,1006.47437,3.1632042,0.24730873,0.9553416,72.79815,0.0
2021-09-09 06:00:00,32.999664,23.456818,1007.3769,2.1072598,0.6781266,0.74581385,57.368458,0.0
2021-09-09 12:00:00,33.182037,23.7117,1004.6756,-0.04041958,0.8082108,0.8489359,57.662518,0.0
2021-09-09 18:00:00,28.449615,24.58493,1007.71,2.168905,3.8420238,0.99563044,79.6247,0.0
2021-09-10 00:00:00,27.820831,23.36435,1006.70123,2.557722,2.1793795,0.939471,76.75496,0.0
2021-09-10 06:00:00,33.700348,23.498932,1006.275,3.1885777,0.30603385,0.99999636,55.2984,0.0026710331
2021-09-10 12:00:00,33.21048,24.041779,1003.7944,0.30824757,1.6219,1.0,58.72447,0.0
2021-09-10 18:00:00,29.114655,25.811188,1006.53436,1.8899202,3.791645,1.0,82.41549,0.0
2021-09-11 00:00:00,28.458649,23.567047,1005.1075,2.7315168,1.956151,0.94738775,74.86527,0.0
2021-09-11 06:00:00,34.12332,22.778229,1005.79315,3.6851797,1.6788957,0.96497184,51.704727,0.0
2021-09-11 12:00:00,33.618073,22.887726,1002.5656,2.0152316,2.3592057,1.0,53.53896,0.0
2021-09-11 18:00:00,29.44336,24.850983,1005.495,2.030963,3.2150583,1.0,76.3767,0.0
2021-09-12 00:00:00,28.362946,22.523834,1004.1375,3.5860069,2.0708456,0.98203087,70.678246,0.002000481
2021-09-12 06:00:00,33.088776,23.241241,1005.0687,4.634674,1.6386253,0.7937448,56.343876,0.0
2021-09-12 12:00:00,33.13394,23.503937,1002.28314,1.4166312,2.8651433,0.9608195,57.09927,0.017739706
2021-09-12 18:00:00,29.343628,23.134064,1005.175,2.6089396,2.6533356,1.0,69.28942,0.0
2021-09-13 00:00:00,28.06726,22.189789,1003.6912,3.7843885,1.8447924,1.0,70.459366,0.00543613
2021-09-13 06:00:00,33.834625,23.107758,1004.03564,4.9370155,2.3350022,0.9575795,53.603615,0.0
2021-09-13 12:00:00,34.13321,21.736359,1000.9169,3.094473,2.3906908,1.0,48.50117,0.0
2021-09-13 18:00:00,29.664185,23.154205,1004.6431,1.938288,2.5216217,1.0,68.10321,0.0
2021-09-14 00:00:00,28.641693,22.975006,1004.1475,2.924676,1.2828685,1.0000007,71.471695,0.0
2021-09-14 06:00:00,34.48233,23.570099,1004.8794,2.87434,2.073328,0.9992782,53.166,0.008583069
2021-09-14 12:00:00,34.42813,24.312286,1001.635,-0.10256767,3.1979933,0.24990577,55.75889,0.0
2021-09-14 18:00:00,29.442413,26.45877,1005.7019,0.6887306,4.0781407,0.3564059,84.026024,0.0
2021-09-15 00:00:00,29.07602,24.234161,1004.3831,2.0834854,1.8445749,0.98487526,75.18846,0.0
2021-09-15 06:00:00,34.69864,23.178375,1005.65875,1.5628725,1.0487231,0.23117876,51.303387,0.009345589
2021-09-15 12:00:00,31.999176,24.74649,1002.8606,-0.16968155,4.20953,0.83898395,65.58551,0.04480523
2021-09-15 18:00:00,28.341614,25.081207,1006.32623,0.80173874,3.7476869,1.0,82.53556,0.0
2021-09-16 00:00:00,28.100311,23.910675,1004.76624,2.2799387,1.5675907,0.9755007,78.040184,0.0003874302
2021-09-16 06:00:00,33.39261,24.234589,1006.34186,1.8339863,-0.4219702,0.9118783,58.804035,0.0227876
2021-09-16 12:00:00,30.169708,25.267548,1002.72,0.6678896,0.6588874,0.74042827,75.091644,1.8531792
2021-09-16 18:00:00,28.177246,24.904388,1005.03375,0.13606292,3.4102173,0.5795605,82.45497,0.0
2021-09-17 00:00:00,28.323334,25.415924,1004.455,1.9252223,2.4964552,0.881515,84.28571,0.0
2021-09-17 06:00:00,33.419586,24.068878,1005.48,1.8448019,0.19212401,0.57669455,58.13429,0.009916723
2021-09-17 12:00:00,28.406525,25.44693,1002.91376,-0.30660248,2.013338,0.99199235,84.03365,0.17718226
2021-09-17 18:00:00,25.932648,23.785858,1006.6381,0.32550144,2.8336377,0.9972429,87.97363,0.0
2021-09-18 00:00:00,26.132965,24.338898,1005.39874,0.7934386,2.0760543,1.0,89.8724,0.0
2021-09-18 06:00:00,30.42569,25.089386,1007.64,1.7206991,1.3997128,0.9847905,73.21678,0.0
2021-09-18 12:00:00,31.49881,25.091156,1004.4506,-0.42170525,0.4653458,0.9983952,68.87565,0.37600845
2021-09-18 18:00:00,28.327942,25.379395,1008.09937,0.3533945,3.5426855,0.9526117,84.080345,0.0
2021-09-19 00:00:00,27.104034,24.111542,1007.41437,1.7801563,1.2357941,0.82424086,83.72621,0.0
2021-09-19 06:00:00,32.606476,25.123932,1008.22186,0.15127206,0.94765776,0.9556698,64.81623,0.18292293
2021-09-19 12:00:00,32.47867,25.984222,1004.8206,-1.7645168,2.589687,0.9890746,68.70666,0.0
2021-09-19 18:00:00,29.141815,26.303131,1008.405,0.54731023,2.0328517,0.5751391,84.71591,0.0
2021-09-20 00:00:00,25.015472,23.08374,1007.3631,1.0128727,1.0721633,0.96057874,89.04784,0.036221873
2021-09-20 06:00:00,31.261871,24.967712,1007.6125,2.482214,0.069374084,0.88183075,69.2984,0.0
2021-09-20 12:00:00,31.67685,24.975311,1003.8019,-0.12441158,1.7817473,0.2722425,67.71348,0.0
2021-09-20 18:00:00,28.550812,24.688202,1008.03564,1.0896714,2.731707,0.20719436,79.648186,0.0
2021-09-21 00:00:00,27.087036,24.231537,1006.4825,2.0889158,1.9173833,0.16919571,84.4153,0.0
2021-09-21 06:00:00,32.60721,24.43863,1006.8106,2.5341206,0.20335513,0.5224497,62.214542,0.034045428
2021-09-21 12:00:00,33.415802,25.09378,1002.41315,0.0010318756,1.6197438,0.19014102,61.822437,0.0
2021-09-21 18:00:00,28.58496,25.263763,1005.9075,1.3600523,3.8861544,0.14301771,82.266075,0.0
2021-09-22 00:00:00,26.991852,22.928986,1004.16,2.5793247,1.1074686,0.423253,78.48031,0.0
2021-09-22 06:00:00,32.54727,23.86789,1005.24,1.2951696,-1.9365625,0.3858087,60.3236,0.0034323893
2021-09-22 12:00:00,32.438873,24.700958,1001.955,-1.6519146,1.0762691,0.28437996,63.80143,0.0050528906
2021-09-22 18:00:00,28.59787,24.796722,1005.2419,0.25441837,3.4181461,0.22672093,79.947464,0.0
2021-09-23 00:00:00,27.593018,24.711395,1004.0706,1.7940645,2.4197013,0.6189268,84.337296,0.017553568
2021-09-23 06:00:00,32.023468,23.753143,1005.2463,2.2873821,0.39626664,0.73676664,61.70844,0.0
2021-09-23 12:00:00,30.830841,25.773468,1002.9344,-1.9263306,0.04127693,0.6047003,74.508095,0.23651682
2021-09-23 18:00:00,27.012634,25.384888,1006.8075,1.1438643,2.5368261,0.6515488,90.829285,0.0
2021-09-24 00:00:00,27.139313,24.885712,1004.8069,1.3728375,0.3058567,0.8964009,87.51521,0.0
2021-09-24 06:00:00,32.453888,24.365417,1005.84625,-0.2979927,-1.9895124,0.2798447,62.48042,0.00019045547
2021-09-24 12:00:00,31.214203,25.397552,1003.2494,-1.6979647,0.031899452,0.48745,71.28808,0.001240056
2021-09-24 18:00:00,26.99826,24.681427,1007.03625,1.6601298,2.194179,0.6435778,87.173,0.85151196
2021-09-25 00:00:00,25.978546,24.528046,1005.3169,2.1083117,0.8362265,0.5779173,91.730125,0.0
2021-09-25 06:00:00,32.595,24.39328,1005.3094,2.4618158,0.6073647,0.07819737,62.088543,0.002764631
2021-09-25 12:00:00,31.836334,25.35196,1002.115,-0.82194614,0.7757788,0.71621937,68.6257,0.64520866
2021-09-25 18:00:00,27.461884,25.446228,1004.91437,1.1729529,1.1545975,0.9870113,88.79092,0.0
2021-09-26 00:00:00,26.406586,24.138824,1003.08,0.75293857,0.20083904,0.8701778,87.37714,0.0
2021-09-26 06:00:00,30.433868,24.351715,1004.34,2.216587,-0.35739803,1.0,70.02714,0.013547484
2021-09-26 12:00:00,31.41507,24.700409,1001.105,-1.133914,2.1278968,1.0000019,67.60944,0.0
2021-09-26 18:00:00,27.671906,24.789581,1003.21375,1.6170855,4.3600225,1.0,84.3422,0.0
2021-09-27 00:00:00,27.652802,23.38678,1001.2294,3.3527184,2.0841205,1.0,77.61718,9.685755e-05
2021-09-27 06:00:00,31.34134,23.416382,1002.53,4.349122,1.3375422,1.0,62.855877,0.0
2021-09-27 12:00:00,30.509308,21.084381,1000.5588,5.3450403,1.678011,1.0,57.19064,0.0
2021-09-27 18:00:00,27.594147,21.523346,1003.6181,4.0872574,1.8219433,1.0,69.545044,0.0
2021-09-28 00:00:00,26.654144,20.882843,1003.3175,2.9975271,2.089995,1.0,70.65778,0.0
2021-09-28 06:00:00,31.911774,22.83078,1005.7413,4.222313,1.3539906,0.97703695,58.735584,0.0
2021-09-28 12:00:00,33.47708,22.812042,1002.5631,-0.22410583,1.3261447,0.95985067,53.716415,0.0
2021-09-28 18:00:00,28.512909,21.247223,1006.1725,3.5385723,0.55991554,0.93676144,64.813034,0.0
2021-09-29 00:00:00,26.78366,21.732483,1005.33875,2.9203396,-0.34709263,0.9872721,73.870026,0.0
2021-09-29 06:00:00,32.221466,22.789337,1006.7431,0.87219965,-0.9218521,0.7940242,57.570255,0.0
2021-09-29 12:00:00,30.739166,24.218414,1004.295,-2.7137442,1.2833147,1.0000001,68.26694,0.08326769
2021-09-29 18:00:00,28.005768,23.76065,1007.39374,1.0340495,2.2545047,0.5047629,77.76654,0.0
2021-09-30 00:00:00,27.05838,23.96817,1006.34314,0.8193891,1.5664902,0.738105,83.23124,0.0080047175
2021-09-30 06:00:00,31.011627,24.416473,1007.90436,1.6899211,-0.7941847,0.32362485,68.01576,0.05274266
2021-09-30 12:00:00,30.577911,25.765045,1004.4313,-1.596715,-1.0759678,0.31033987,75.555435,0.2136603
2021-09-30 18:00:00,26.39798,25.073364,1008.3956,2.4305763,0.5849552,0.87828106,92.44604,6.1268687
2021-10-01 00:00:00,25.073761,23.734497,1006.2456,0.81240296,-1.2915869,0.73833215,92.29259,0.0
2021-10-01 06:00:00,29.035248,24.193298,1007.0031,-0.50727785,-2.1543264,1.0,75.181564,0.12521914
2021-10-01 12:00:00,29.235565,25.294098,1004.6394,-1.8576336,-0.012827456,1.0000001,79.36684,0.0
2021-10-01 18:00:00,26.895538,24.545471,1007.5131,-0.476717,0.3862459,0.9775029,86.99075,0.75628775
2021-10-02 00:00:00,26.35147,24.372375,1006.14374,0.72300375,-1.1790695,0.8986514,88.89792,0.0
2021-10-02 06:00:00,30.83023,24.923859,1006.66626,-1.9730787,-1.8252621,0.6621439,70.83962,0.08659815
2021-10-02 12:00:00,29.059967,25.061218,1004.29126,-2.6035938,-1.2766256,0.97730756,79.07268,0.1683117
2021-10-02 18:00:00,26.878998,25.320892,1007.15625,-1.4238749,-0.4506054,0.9490151,91.19769,0.32721087
2021-10-03 00:00:00,26.414398,24.964478,1006.1906,0.5064287,-1.4139233,1.0000007,91.75896,0.0
2021-10-03 06:00:00,29.918488,25.92569,1006.91064,0.92111313,-1.3308678,0.75155526,79.21812,0.047801785
2021-10-03 12:00:00,29.140106,25.484467,1003.93,-0.88874054,-0.5220947,0.48516196,80.714294,0.8346723
2021-10-03 18:00:00,26.852142,25.22702,1006.41815,1.0587878,-0.6719742,0.8358956,90.83306,0.0
2021-10-04 00:00:00,27.128967,25.222351,1005.0106,0.6284733,-0.65721035,0.6216539,89.343,0.06258289
2021-10-04 06:00:00,30.740631,25.884125,1006.0044,-0.71586514,-1.1987066,0.999133,75.385735,0.0
2021-10-04 12:00:00,30.378876,25.139313,1003.01874,-1.6145735,0.4882986,0.9993349,73.63209,0.30313534
2021-10-04 18:00:00,27.106781,24.798859,1006.10565,0.6901668,0.031432748,0.99489707,87.22906,0.0
2021-10-05 00:00:00,25.851196,24.376678,1004.0062,1.7381109,0.5030452,0.9882264,91.59075,0.8910298
2021-10-05 06:00:00,27.057281,24.944061,1006.2656,1.5058619,-1.1242943,0.99928,88.2443,0.0
2021-10-05 12:00:00,26.717957,24.642792,1003.6106,1.6971636,-0.50015354,1.0,88.417336,1.4102178
2021-10-05 18:00:00,25.529999,23.609406,1006.52185,2.2020988,1.0350899,1.0,89.14733,0.0
2021-10-06 00:00:00,25.291595,23.430634,1004.41064,1.5566154,1.8954185,0.99136406,89.450325,0.0
2021-10-06 06:00:00,31.09433,23.489502,1005.59564,1.5829833,0.8547471,0.97087455,64.028076,0.027660647
2021-10-06 12:00:00,31.015717,24.126862,1002.3762,-0.3501215,2.2238503,0.18814594,66.82951,0.0
2021-10-06 18:00:00,28.051758,24.937775,1005.46564,0.9132564,3.4751453,0.2272976,83.22562,0.014685094
2021-10-07 00:00:00,27.206055,24.926483,1004.7544,1.6140075,1.7692997,0.29466307,87.385506,0.0
2021-10-07 06:00:00,32.35379,24.786469,1005.5675,1.1833186,1.5177889,0.416389,64.437,0.059800558
2021-10-07 12:00:00,31.580109,25.308685,1002.5206,0.04051608,3.3968925,0.55408806,69.451836,0.027840622
2021-10-07 18:00:00,28.849792,25.771362,1005.76373,1.0655062,3.81386,0.95218533,83.491554,0.0
2021-10-08 00:00:00,27.912079,24.611969,1005.14,2.340901,2.8960588,0.7391449,82.28947,0.0
2021-10-08 06:00:00,31.110748,23.994019,1006.47,2.4686365,1.7685435,0.99624777,65.94036,0.029191375
2021-10-08 12:00:00,31.361969,25.328064,1003.4531,0.9439702,2.4598393,0.7170079,70.39951,0.10891864
2021-10-08 18:00:00,27.270264,24.62674,1006.8056,3.424101,1.6068306,0.9802058,85.51257,0.0
2021-10-09 00:00:00,26.228394,24.373322,1006.0538,2.108899,2.9465718,1.0,89.55143,1.0345628
2021-10-09 06:00:00,27.266968,24.87204,1007.9856,4.3854437,1.9183369,0.9872594,86.791534,5.0242457
2021-10-09 12:00:00,30.96103,23.531036,1005.6206,3.2732086,2.927908,0.7584731,64.67842,0.0
2021-10-09 18:00:00,27.941742,23.73703,1007.4881,2.7109327,2.3562975,0.9570425,77.94658,0.0
2021-10-10 00:00:00,27.175629,23.08725,1006.15875,2.7637186,1.0762914,0.99999994,78.38534,0.0
2021-10-10 06:00:00,31.73941,24.975891,1006.9519,3.0328035,0.6221647,1.0,67.47587,0.0
2021-10-10 12:00:00,31.853912,24.928192,1003.5831,0.4936735,1.2873017,0.9844136,66.84866,0.00029802322
2021-10-10 18:00:00,25.782501,25.0083,1006.34186,0.8764345,-0.5877571,0.99999994,95.50195,0.09754405
2021-10-11 00:00:00,25.319641,24.114197,1005.09875,2.1010609,2.0213833,0.9996034,93.05091,0.48744407
2021-10-11 06:00:00,30.279694,25.245422,1005.8075,3.3483953,0.9127691,0.9184915,74.521194,0.0
2021-10-11 12:00:00,28.770203,25.116364,1003.15875,0.7171065,1.549254,0.9809684,80.67552,2.379308
2021-10-11 18:00:00,25.928314,24.512726,1005.47565,2.4582357,1.0588658,0.99999994,91.919014,0.0
2021-10-12 00:00:00,25.932037,24.007904,1004.1319,2.863968,0.79884624,0.99999994,89.159065,1.1860621
2021-10-12 06:00:00,30.674713,25.889374,1005.5644,3.733303,0.35800976,0.932163,75.693855,0.0
2021-10-12 12:00:00,29.62384,23.83957,1003.34375,1.7917056,2.0644746,0.9840799,71.141685,0.0
2021-10-12 18:00:00,27.315704,21.987335,1005.9906,3.965536,0.7574072,0.96601516,72.72041,0.012502074
2021-10-13 00:00:00,26.272308,20.510773,1004.01373,3.809576,0.61287224,0.8058032,70.62995,0.14649332
2021-10-13 06:00:00,30.606354,24.04242,1004.96436,2.987195,0.13400221,0.50295234,68.06465,0.32016635
2021-10-13 12:00:00,31.021637,25.315338,1001.8575,1.088697,1.1708243,0.86613035,71.723236,0.0
2021-10-13 18:00:00,26.71817,25.131683,1005.3669,-0.57946396,0.2598955,0.72698593,91.033646,0.039078295
2021-10-14 00:00:00,27.235931,24.407135,1003.8094,1.9102306,0.50951445,0.9746755,84.56629,0.0
2021-10-14 06:00:00,32.171783,24.094818,1003.9275,2.6801786,0.04206443,0.7101433,62.462353,0.0010486692
2021-10-14 12:00:00,30.988678,26.366669,1001.4981,-0.38561493,0.82641,0.37493056,76.47668,0.4634117
2021-10-14 18:00:00,28.001404,26.050629,1003.1131,0.8078943,2.8772073,0.93325305,89.17473,0.0
2021-10-15 00:00:00,28.119873,25.248016,1000.90375,2.4716215,1.2746594,0.9101066,84.44244,0.0
2021-10-15 06:00:00,32.657257,24.441986,1001.5419,2.4016142,1.1544411,0.93471766,62.051743,0.04807301
2021-10-15 12:00:00,30.590912,24.31253,999.68,-0.09782219,2.9427247,0.95437336,69.23767,0.0
2021-10-15 18:00:00,28.713043,26.071625,1001.98126,0.64124584,3.9490716,0.902819,85.66578,0.0
2021-10-16 00:00:00,28.444427,25.306,1000.04126,1.590117,3.2817366,0.6378497,83.14908,0.0
2021-10-16 06:00:00,31.336456,26.252594,1001.40936,0.61451566,3.361189,0.80415905,74.473015,0.06713642
2021-10-16 12:00:00,28.601013,25.012207,999.42126,1.0102898,3.0845718,0.28124171,80.96718,0.0
2021-10-16 18:00:00,27.422577,24.934662,1003.0106,0.92952216,2.1570265,0.9858712,86.32577,0.018492341
2021-10-17 00:00:00,26.917755,23.906464,1000.9675,2.2569828,1.8999779,0.93641657,83.611046,0.0
2021-10-17 06:00:00,32.038605,24.943512,1004.02185,4.334914,1.265351,0.9949561,66.21338,0.07200241
2021-10-17 12:00:00,30.715668,24.715485,1001.5575,2.4113152,2.1465807,0.76630723,70.42325,0.0
2021-10-17 18:00:00,28.008942,23.952545,1005.20935,3.081399,2.1846337,0.64021504,78.65457,0.0
2021-10-18 00:00:00,27.696014,23.12326,1004.22687,3.0112658,2.0282748,0.9516828,76.198715,0.0
2021-10-18 06:00:00,31.95047,25.118073,1006.0206,3.8601074,0.6196461,0.89870656,67.24071,0.014496967
2021-10-18 12:00:00,31.49228,25.465302,1004.32874,0.30420876,1.9484409,1.0000006,70.4522,0.5468835
2021-10-18 18:00:00,27.843231,25.66977,1008.02875,1.320991,1.9072139,0.972003,87.993546,0.0
2021-10-19 00:00:00,27.378754,23.934235,1006.5444,2.3473768,1.1089699,0.99893844,81.51561,0.0
2021-10-19 06:00:00,32.673126,24.852478,1008.40375,1.7222748,-0.9139452,0.98474133,63.53644,0.05826913
2021-10-19 12:00:00,31.015167,25.858002,1006.54877,-0.66537756,0.73190176,0.9948191,74.098656,0.0
2021-10-19 18:00:00,27.834137,25.588287,1009.9525,0.8179999,1.7817411,0.929949,87.61559,0.19648671
2021-10-20 00:00:00,26.445496,24.617706,1008.6475,1.8437562,0.9140694,0.8369517,89.71365,0.0
2021-10-20 06:00:00,31.26944,25.94934,1010.29065,0.052313387,0.091451645,0.39329934,73.428925,0.14438766
2021-10-20 12:00:00,30.022491,25.412811,1007.7438,-1.0168886,1.3834269,0.20302229,76.38612,0.0
2021-10-20 18:00:00,27.636536,25.760162,1010.8162,-0.10288572,1.0054237,0.36322504,89.54127,0.59409344
2021-10-21 00:00:00,26.33963,24.706787,1009.98126,1.0763968,0.7067683,0.89974034,90.75783,0.0
2021-10-21 06:00:00,31.31717,24.718628,1010.955,-0.12025893,0.9053557,0.6932652,68.06111,0.0
2021-10-21 12:00:00,29.43338,24.911621,1008.4025,-1.5247145,1.5690415,0.5214719,76.69777,0.0
2021-10-21 18:00:00,27.419342,25.381256,1010.66437,-0.72910404,1.5300645,0.29718024,88.66924,0.0
2021-10-22 00:00:00,26.20337,24.607971,1010.64624,-0.024004936,1.1472882,0.7530428,90.95233,0.22503129
2021-10-22 06:00:00,31.268707,25.214172,1010.9294,-0.79311657,0.953089,0.7443586,70.29615,0.0
2021-10-22 12:00:00,30.648834,24.731567,1007.90314,-1.7685947,0.83584744,0.17911586,70.76082,0.0
2021-10-22 18:00:00,28.214325,25.0719,1011.8694,-1.323534,1.797214,0.13630159,83.10311,0.10249764
2021-10-23 00:00:00,26.339325,24.166534,1009.96124,0.63811874,0.32547462,0.36181575,87.87066,0.0
2021-10-23 06:00:00,31.293854,24.520111,1011.78064,-0.7468691,0.89836425,0.95787936,67.34731,0.16021812
2021-10-23 12:00:00,29.093536,24.716309,1009.1312,-0.018550038,1.6969099,0.95849395,77.311615,0.05847141
2021-10-23 18:00:00,27.004639,24.817047,1011.8212,0.8332056,1.6632266,0.5113294,87.84912,0.0
2021-10-24 00:00:00,26.641724,24.36084,1009.9256,2.5117006,0.866086,0.641336,87.32912,0.0
2021-10-24 06:00:00,32.1763,24.651276,1011.3063,-0.106497884,-0.9347086,0.95978695,64.563,0.0
2021-10-24 12:00:00,29.75418,24.609222,1008.9288,-2.4793043,-0.8692236,0.997217,73.945076,0.0
2021-10-24 18:00:00,25.86316,24.332367,1011.8169,0.11219311,-0.0680753,1.0,91.28319,0.27651718
2021-10-25 00:00:00,26.182465,24.03537,1009.22375,1.0134375,-1.237917,0.99928004,87.993034,0.0
2021-10-25 06:00:00,30.809357,24.442322,1009.5569,-1.1473522,-3.4600086,0.99928105,68.91215,0.0
2021-10-25 12:00:00,29.526184,24.549438,1007.0506,-1.9385653,-1.7059412,0.21242106,74.65533,0.0
2021-10-25 18:00:00,26.756256,24.461884,1009.53186,-1.6762285,-1.1760855,0.9364305,87.26869,0.038797922
2021-10-26 00:00:00,26.516266,24.603485,1007.52185,-0.50706196,-1.1918449,0.98353946,89.26412,0.0
2021-10-26 06:00:00,29.94986,25.428558,1009.13,-0.63280964,-1.3438816,0.62002313,76.77744,0.075724505
2021-10-26 12:00:00,29.291412,23.927124,1006.47,-1.9297581,-1.4815807,0.5008561,72.9019,0.0
2021-10-26 18:00:00,27.463593,24.297668,1009.3544,-0.66833115,-1.7212229,0.5074363,82.90031,0.0
2021-10-27 00:00:00,26.428925,23.848785,1008.0525,0.069190025,-2.1112423,0.44095647,85.75484,0.0651251
2021-10-27 06:00:00,30.42508,25.37265,1009.2394,-0.5501776,-2.785201,0.37791312,74.46427,0.0
2021-10-27 12:00:00,29.604156,23.9776,1006.59375,-2.2696314,-2.491788,0.9255046,71.81584,0.0
2021-10-27 18:00:00,27.287628,24.114288,1008.6813,-0.6650629,-2.2187738,0.99035525,82.843056,0.0
2021-10-28 00:00:00,26.645111,24.078827,1007.89185,0.7336039,-2.1330729,0.99933547,85.847435,0.21895021
2021-10-28 06:00:00,27.796783,24.625824,1009.1131,-0.10023594,-3.9290476,1.0,82.913795,0.04073441
2021-10-28 12:00:00,28.240997,24.126617,1006.54376,0.3748421,-3.6927862,0.99038595,78.41383,0.0
2021-10-28 18:00:00,26.360992,23.74112,1009.04565,-0.04935646,-3.2533808,0.9680669,85.54337,0.27188328
2021-10-29 00:00:00,25.482788,23.600983,1007.90564,0.3902378,-2.0090332,0.99999994,89.352264,0.0
2021-10-29 06:00:00,26.527283,24.828247,1009.91315,-0.2110672,-2.1906633,0.9967348,90.41221,3.151068
2021-10-29 12:00:00,27.390228,25.230957,1008.0425,-1.5790749,-1.3863392,0.99488705,88.03001,0.0
2021-10-29 18:00:00,25.540436,24.353851,1010.9125,-2.1193151,-2.649911,0.9880042,93.16716,0.2778941
2021-10-30 00:00:00,25.674347,24.142914,1009.805,-0.23493099,-2.3481884,0.9996033,91.26796,0.0
2021-10-30 06:00:00,27.997467,24.973572,1010.89874,-2.1642237,-2.9307613,0.92369926,83.667915,1.6285241
2021-10-30 12:00:00,28.409027,25.3013,1008.5475,-1.8404751,-2.5825481,0.9968147,83.29706,0.0
2021-10-30 18:00:00,26.342651,25.101532,1009.8069,-0.36464214,-2.8999586,1.0000001,92.90415,0.17234923
2021-10-31 00:00:00,25.83603,24.63272,1009.2612,0.104745865,-2.4544363,0.9999999,93.08856,0.033453733
2021-10-31 06:00:00,26.645294,25.328033,1010.47626,-1.7447844,-3.2473736,0.9980286,92.49982,0.59275687
2021-10-31 12:00:00,25.972046,25.05832,1008.2381,-1.070715,-2.2286482,1.0,94.71762,1.1044027
2021-10-31 18:00:00,25.384308,24.543945,1009.9931,-1.4497862,-3.2155886,0.99999994,95.111755,0.0
2021-11-01 00:00:00,25.33725,24.107635,1008.15186,0.13128185,-1.4909534,0.9999982,92.91689,0.0
2021-11-01 06:00:00,28.373383,25.016083,1009.47565,-2.3292065,-1.5203495,0.99999994,82.06408,0.43104124
2021-11-01 12:00:00,27.140228,25.185486,1006.71436,-2.485345,-1.3596287,0.9937009,89.08828,0.10282725
2021-11-01 18:00:00,25.501984,24.579926,1010.21625,-2.229126,-0.54811573,0.9985657,94.65244,0.0
2021-11-02 00:00:00,25.66214,24.349426,1008.20624,-0.8334017,-0.7332363,1.0,92.472046,0.0
2021-11-02 06:00:00,27.363068,25.672272,1009.465,-3.1536636,-0.9429817,0.9612196,90.512886,0.037006497
2021-11-02 12:00:00,27.970581,25.088928,1006.8756,-2.5413609,-0.713586,0.91664684,84.37738,0.06923491
2021-11-02 18:00:00,25.371185,24.56012,1010.1381,-0.9154501,-0.39052868,0.99928063,95.27814,0.7184218
2021-11-03 00:00:00,25.03592,23.85495,1008.1281,-0.037353516,-1.7250252,0.998419,93.173706,0.0
2021-11-03 06:00:00,26.012909,24.823486,1010.4394,-1.130393,-1.6417484,1.0,93.17457,0.1836741
2021-11-03 12:00:00,26.741058,24.710327,1007.0719,-1.0150862,-1.8658962,1.0,88.65435,0.0
2021-11-03 18:00:00,25.084686,24.369263,1009.71313,-0.06991005,-1.447567,1.0,95.815865,1.3876319
2021-11-04 00:00:00,24.966583,23.804565,1008.3894,0.63450927,-1.703598,1.0,93.2766,0.0
2021-11-04 06:00:00,29.156403,24.85196,1009.5675,-1.1009617,-2.55167,0.990387,77.657585,0.0
2021-11-04 12:00:00,27.89737,24.95523,1006.8069,-1.1330776,-1.0797539,0.88892484,84.065865,1.4412284
2021-11-04 18:00:00,25.012177,24.237793,1009.7463,-0.24441075,0.41808224,0.96969783,95.47558,0.0
2021-11-05 00:00:00,24.963623,23.84137,1008.0081,1.3948321,0.5223461,0.97373635,93.49981,0.14363685
2021-11-05 06:00:00,28.740326,24.005096,1009.6406,1.6830759,-0.3546133,0.9954784,75.61794,0.0
2021-11-05 12:00:00,29.297821,24.078705,1006.5037,-0.84030247,0.32027686,0.7278452,73.54149,0.4143301
2021-11-05 18:00:00,25.703339,24.313538,1008.7612,0.42579597,0.9290344,0.9944162,92.048195,0.0
2021-11-06 00:00:00,25.72348,24.168304,1007.0544,1.0218344,-1.02631,0.97742844,91.14111,0.0
2021-11-06 06:00:00,29.654816,25.369232,1007.9263,1.9666015,-2.1027298,0.99370015,77.817116,0.0
2021-11-06 12:00:00,28.21811,24.733429,1004.90314,-1.5839939,-1.2587423,0.9418853,81.42372,0.66185063
2021-11-06 18:00:00,25.327576,24.422394,1007.1806,1.3442504,-0.1159029,0.9121732,94.74135,0.0
2021-11-07 00:00:00,24.799896,23.490784,1005.605,1.7053539,-0.020048141,0.9932619,92.44534,0.041509993
2021-11-07 06:00:00,28.442993,23.856964,1007.4437,2.5810575,-3.0856695,0.9919376,76.252686,0.0
2021-11-07 12:00:00,27.49289,23.732574,1005.0737,1.4408947,-4.1490707,0.99162537,79.99649,0.0019040853
2021-11-07 18:00:00,25.063934,23.65152,1007.575,2.0126028,-4.163191,1.0,91.886444,1.1385872
2021-11-08 00:00:00,24.876953,24.184448,1006.2681,-0.31052017,-4.9490585,0.998566,95.9413,0.21837246
2021-11-08 06:00:00,25.745453,24.978119,1008.8625,-0.37534046,-3.5728178,0.9911867,95.53982,0.54639494
2021-11-08 12:00:00,25.687622,23.876617,1006.8931,0.11904335,-4.5727177,0.9992798,89.749016,0.0
2021-11-08 18:00:00,24.053375,23.033325,1009.0069,1.5210905,-4.442211,0.9991883,94.03678,1.4302148
2021-11-09 00:00:00,24.324066,22.782227,1007.2681,1.6238842,-4.127866,1.0,91.125824,1.6624818
2021-11-09 06:00:00,23.835052,22.621735,1008.9313,0.8741255,-4.509346,1.0,92.931564,0.0
2021-11-09 12:00:00,25.175201,23.258942,1006.8731,1.7827902,-3.1668797,1.0,89.14345,0.0
2021-11-09 18:00:00,24.618378,23.520844,1008.8819,0.8488922,-3.425745,0.9996034,93.62299,1.1940045
2021-11-10 00:00:00,23.863007,22.520416,1007.97876,2.8891163,-1.5471411,1.0,92.20648,0.23635602
2021-11-10 06:00:00,25.009796,23.033112,1007.10565,2.1284103,-4.20012,1.0,88.80554,0.0
2021-11-10 12:00:00,24.32663,22.09793,1004.6981,1.7089716,-4.5290956,1.0,87.40021,0.0
2021-11-10 18:00:00,23.992462,22.02066,1006.1781,2.6654935,-3.198594,1.0,88.75121,0.0
2021-11-11 00:00:00,23.59378,22.17688,1003.59064,3.4543085,0.5491333,1.0000005,91.775185,0.12222528
2021-11-11 06:00:00,28.115753,22.053436,1003.3575,5.3008356,0.07360554,1.0,69.67932,0.0
2021-11-11 12:00:00,27.291412,22.040741,1001.32,3.3316164,0.249259,0.9999969,73.06154,0.0
2021-11-11 18:00:00,25.28006,21.27237,1003.625,2.389827,2.418355,1.0000012,78.500595,0.32634726
2021-11-12 00:00:00,25.09488,22.758087,1003.40063,1.5414143,2.2555857,0.99999994,86.89672,0.0
2021-11-12 06:00:00,28.373566,23.112762,1004.90625,3.0989046,0.37721825,0.98052347,73.20122,0.0
2021-11-12 12:00:00,28.116089,23.671173,1003.9519,1.2688835,0.31408346,0.86566925,76.85303,0.0
2021-11-12 18:00:00,25.895905,23.77182,1006.5037,0.8642544,1.846778,0.95531076,88.09085,0.0015240832
2021-11-13 00:00:00,25.772247,23.899567,1005.8162,0.8120982,1.472056,0.98792833,89.42307,0.002771888
2021-11-13 06:00:00,29.661713,23.741058,1007.2406,1.079099,1.3677672,0.99999994,70.56719,0.007244978
2021-11-13 12:00:00,29.209839,25.216095,1004.84814,-0.9629116,2.4642735,0.9999997,79.11679,0.13255818
2021-11-13 18:00:00,26.832977,25.274933,1007.315,0.96720743,1.887613,0.9993348,91.195145,0.9673647
2021-11-14 00:00:00,26.714874,24.574402,1005.71,1.5464523,0.29292876,0.98934966,88.07252,0.0
2021-11-14 06:00:00,28.753265,25.118683,1007.5675,0.631679,0.13197124,1.0,80.765976,0.07314605
2021-11-14 12:00:00,28.189178,25.492767,1004.6763,-1.0361671,0.39832157,1.0,85.335144,0.33664662
2021-11-14 18:00:00,26.441437,25.184875,1007.2275,-0.7529297,1.3098278,0.9112522,92.823845,0.0
2021-11-15 00:00:00,25.836212,24.511444,1005.2544,1.3902788,0.11092812,0.99131423,92.41475,0.0
2021-11-15 06:00:00,29.50003,25.32721,1005.77374,1.050264,-1.8277969,0.8225602,78.31852,0.14878787
2021-11-15 12:00:00,28.381744,24.99405,1003.3025,-1.0263672,0.15077877,0.8939699,81.91652,0.6652049
2021-11-15 18:00:00,25.714325,24.601807,1005.96564,-0.1136412,0.6227106,0.97353905,93.58945,0.0
2021-11-16 00:00:00,25.34909,24.194153,1004.5112,-0.26470184,0.71515644,0.9462026,93.33476,0.0
2021-11-16 06:00:00,30.00882,24.980988,1006.67065,-0.7189112,0.72741807,0.9999996,74.50589,0.025856577
2021-11-16 12:00:00,27.844452,24.975098,1004.1163,-1.6227751,1.1769419,0.99933493,84.42589,1.7424765
2021-11-16 18:00:00,25.725647,24.545532,1007.7425,-0.019434929,-1.0048647,0.9875487,93.21232,0.0
2021-11-17 00:00:00,25.60025,24.240387,1005.98126,0.78470755,-1.8980799,0.9761004,92.20768,0.0
2021-11-17 06:00:00,29.339508,25.449646,1007.9913,0.011650085,-2.8492117,0.99999994,79.62481,0.16488618
2021-11-17 12:00:00,25.651154,24.637268,1006.35815,0.27437496,-2.1617365,1.0,94.140205,0.0
2021-11-17 18:00:00,24.939972,24.225342,1007.8625,1.9697213,-1.6727018,1.0,95.81597,0.3329792
2021-11-18 00:00:00,24.667267,23.55664,1004.5494,3.100223,-2.1370049,1.0,93.55141,0.0
2021-11-18 06:00:00,26.052582,23.844421,1004.6106,4.249114,-1.8372498,1.0,87.659706,0.122392
2021-11-18 12:00:00,25.99173,23.95819,1001.1269,4.2063484,1.4560521,0.9978515,88.57964,0.21508983
2021-11-18 18:00:00,25.770844,22.757294,1002.33936,4.6624765,4.5797706,0.9895435,83.471016,0.0
2021-11-19 00:00:00,25.637115,22.957977,1001.59937,2.8899155,3.535534,0.99800414,85.164925,0.0
2021-11-19 06:00:00,29.285675,23.450348,1003.205,1.9454558,3.4490147,0.422238,70.86235,0.0
2021-11-19 12:00:00,28.162567,25.474243,1000.59375,0.27401406,2.2379954,0.6639705,85.3735,0.52765906
2021-11-19 18:00:00,26.672852,24.872162,1003.7556,-1.18995,2.3153276,0.960049,89.875374,0.0
2021-11-20 00:00:00,25.324371,24.048523,1002.84814,0.4101501,1.2996879,0.9595609,92.65871,0.83165306
2021-11-20 06:00:00,30.630157,25.575043,1005.1981,1.576973,1.0021999,0.6675941,74.4856,0.0
2021-11-20 12:00:00,29.424469,25.578186,1003.4219,-0.574744,1.3422036,0.5167149,79.84252,2.5484574
2021-11-20 18:00:00,25.599823,24.180206,1006.83374,0.42307657,2.2159727,0.822071,91.87782,0.0
2021-11-21 00:00:00,25.278229,24.006744,1005.3631,0.93814933,0.117349625,0.17128944,92.68052,0.0
2021-11-21 06:00:00,30.50882,25.475494,1008.12,-0.8487587,-1.6478624,0.86922485,74.56242,0.10366809
2021-11-21 12:00:00,29.250824,24.671173,1006.4506,-1.8194971,0.35533583,0.6087524,76.40545,0.0
2021-11-21 18:00:00,27.413177,24.951141,1009.2512,0.38620222,0.8797685,0.96545035,86.458244,0.0
2021-11-22 00:00:00,25.746552,24.561249,1008.0706,0.6975279,-1.2281332,0.78864205,93.18444,0.020431388
2021-11-22 06:00:00,29.323761,26.091766,1009.6925,-0.7249918,-3.6740885,0.80958825,82.7894,0.093341336
2021-11-22 12:00:00,27.534393,25.040527,1007.15375,-2.0488558,-2.1374865,0.92728066,86.30572,0.0
2021-11-22 18:00:00,26.358002,24.643707,1009.46185,-0.8299942,-2.1648026,0.99226075,90.31829,0.0
2021-11-23 00:00:00,25.698822,24.357483,1007.4437,0.37661362,-2.6077433,0.9989379,92.3156,0.054921243
2021-11-23 06:00:00,30.099762,25.524445,1008.96686,-1.2972746,-2.9225245,0.8651025,76.55397,0.015065134
2021-11-23 12:00:00,29.17569,25.072235,1006.11,-2.545888,-2.0542803,0.9977782,78.59681,0.0
2021-11-23 18:00:00,27.069061,25.039581,1008.77875,-1.3645401,-2.8678532,1.0,88.686966,0.046818554
2021-11-24 00:00:00,26.297089,24.436157,1007.3644,0.2517023,-3.3709955,0.9968432,89.52511,0.0
2021-11-24 06:00:00,29.421661,23.87497,1008.90875,-2.0750303,-3.9089956,1.0,72.12928,0.04252641
2021-11-24 12:00:00,27.520477,24.526276,1007.3088,-1.2631874,-0.72978306,1.0,83.76367,0.30235624
2021-11-24 18:00:00,25.899017,24.654968,1009.2388,-0.47519588,-2.2290144,1.0,92.8653,0.5344416
2021-11-25 00:00:00,25.622192,24.565063,1007.3425,-0.49241257,-3.7259445,1.0,93.89579,0.0
2021-11-25 06:00:00,27.545013,25.970184,1008.27374,-3.680255,-4.6677656,1.0,91.14886,0.0
2021-11-25 12:00:00,26.190521,24.884125,1007.1213,-3.4779167,-3.3674078,0.9965758,92.53536,0.0
2021-11-25 18:00:00,24.827301,24.115448,1009.8019,-1.8957758,-2.2743826,1.0000001,95.82848,0.26743835
2021-11-26 00:00:00,25.390594,24.131653,1007.3181,-0.55352783,-3.003231,1.0,92.75624,0.0
2021-11-26 06:00:00,25.59842,24.46762,1009.59875,-2.2406864,-3.4150486,0.99927986,93.481705,2.1067247
2021-11-26 12:00:00,25.431152,24.077057,1007.605,-0.9571619,-2.5659456,0.99960333,92.230156,0.0
2021-11-26 18:00:00,25.052765,24.307953,1009.34375,-0.11833382,-3.3401976,1.0,95.64627,0.0
2021-11-27 00:00:00,23.986847,23.346283,1007.7875,-0.22909069,-3.2984896,1.0,96.21598,1.9136484
2021-11-27 06:00:00,24.82309,24.368439,1009.29315,-1.0709019,-3.3069553,1.0,97.31771,0.0
2021-11-27 12:00:00,25.899841,24.42981,1007.5875,-2.4891434,-2.4284706,0.99999994,91.61826,0.0
2021-11-27 18:00:00,25.100952,24.333801,1009.6106,-1.5656719,-1.8916979,0.9992803,95.51987,3.0302815
2021-11-28 00:00:00,24.831665,23.644287,1008.13873,-1.5743961,-2.2183552,1.0,93.1277,0.0
2021-11-28 06:00:00,26.451141,24.259644,1009.9888,-2.2253304,-2.104021,0.99856585,87.78163,1.9970267
2021-11-28 12:00:00,25.457184,23.564087,1007.9275,-2.0520353,-2.0829134,0.9904121,89.289604,0.0
2021-11-28 18:00:00,24.358063,23.421692,1010.5544,-2.1862278,-2.190649,0.99928033,94.52614,0.0
2021-11-29 00:00:00,24.446259,23.217865,1009.1725,-0.60794544,-1.3991528,0.9862672,92.8781,0.0
2021-11-29 06:00:00,26.905487,24.628754,1011.6238,-2.2502413,0.029880524,1.0,87.374,2.854216
2021-11-29 12:00:00,27.05365,24.453491,1008.68,-2.1644487,-1.2407064,0.9761844,85.713264,0.0
2021-11-29 18:00:00,24.992645,23.911163,1010.8075,-1.9690571,-1.3978949,0.78388685,93.730644,0.12989815
2021-11-30 00:00:00,25.179596,23.62033,1009.6856,-1.2279863,-1.3047523,0.5520022,91.08425,0.12378335
2021-11-30 06:00:00,29.311798,24.756012,1011.4906,-1.3692322,-1.6057091,0.8591816,76.52376,0.0
2021-11-30 12:00:00,28.033844,24.918732,1008.0644,-2.7269392,-1.3598804,0.22972858,83.218,0.0
2021-11-30 18:00:00,25.550476,24.452118,1011.70374,-1.3439465,-1.7194681,0.7537418,93.66118,0.02783614
2021-12-01 00:00:00,25.379608,24.027374,1009.6625,-0.5104971,-2.1861572,0.39695638,92.23762,0.0
2021-12-01 06:00:00,28.829865,24.971619,1010.055,-3.0678892,-2.702897,0.37221116,79.706406,0.045488633
2021-12-01 12:00:00,27.703583,24.279663,1007.71063,-3.008381,-1.4805231,0.4681661,81.65663,0.06113302
2021-12-01 18:00:00,25.438477,24.003235,1010.89813,-1.4575396,-1.2420549,0.62115526,91.782234,0.11328521
2021-12-02 00:00:00,25.15918,23.847778,1009.34,0.43948364,-1.8156233,0.91069734,92.45211,0.0
2021-12-02 06:00:00,28.986969,24.051483,1010.37,-1.5978069,-3.7490273,0.6588203,74.75298,0.030713707
2021-12-02 12:00:00,28.01538,23.060272,1007.6094,-2.16504,-2.5496473,0.40176308,74.50697,0.0
2021-12-02 18:00:00,26.018402,22.783234,1010.6175,-2.2300873,-2.2768736,0.24507475,82.38556,0.0
2021-12-03 00:00:00,24.989166,22.540863,1008.7544,1.6350093,-1.4795179,0.8819264,86.30085,0.0
2021-12-03 06:00:00,29.870514,21.79895,1010.735,0.4969412,-2.5374727,0.99065524,61.97938,0.0
2021-12-03 12:00:00,28.90689,22.877777,1008.2494,-1.4725552,-1.3336535,0.8907028,69.96802,0.0
2021-12-03 18:00:00,25.033966,22.52951,1010.46063,-1.3058205,-0.7340288,0.49499792,86.01134,0.0
2021-12-04 00:00:00,25.175507,23.4664,1009.53436,-0.14548874,-0.97124195,0.86725956,90.265045,0.0001906883
2021-12-04 06:00:00,29.311249,23.093658,1011.305,1.3937075,-0.860693,0.61230934,69.249695,0.11854176
2021-12-04 12:00:00,28.577576,23.38504,1008.6456,-0.7259865,0.17777538,0.40609992,73.53825,0.0
2021-12-04 18:00:00,26.104279,23.915161,1010.9219,0.32972205,1.7548383,0.09277554,87.76454,0.0
2021-12-05 00:00:00,25.828949,23.989532,1009.9194,1.0050755,1.2804345,0.24628627,89.60622,9.685755e-05
2021-12-05 06:00:00,31.148712,24.803253,1010.3225,0.8552154,0.5448706,0.18808536,69.06532,0.035573445
2021-12-05 12:00:00,29.744598,25.489532,1007.04065,-1.6300583,0.449481,0.29017892,77.971306,0.05074153
2021-12-05 18:00:00,27.51236,25.644257,1010.34186,-0.54094124,1.3475498,0.87714803,89.57612,0.0
2021-12-06 00:00:00,26.189789,24.647034,1009.05,1.0405588,1.0276195,0.34962994,91.2382,0.036612537
2021-12-06 06:00:00,29.486908,23.91745,1010.685,-0.34729272,-0.26488876,0.5008695,72.042046,0.040445257
2021-12-06 12:00:00,28.419647,24.460083,1008.32935,-0.8249893,0.5367073,0.6666755,79.1699,0.346016
2021-12-06 18:00:00,26.583221,24.919342,1010.4244,-0.28295803,-0.2465995,0.76165426,90.60588,0.0
2021-12-07 00:00:00,26.495148,24.533173,1009.7431,0.22110748,-0.94217205,0.798262,89.00021,0.0
2021-12-07 06:00:00,30.143585,23.862335,1011.1169,-2.2268667,-2.2163353,0.39097083,69.1414,0.035859875
2021-12-07 12:00:00,28.672333,23.704498,1008.4575,-2.373188,-1.5972252,0.6090394,74.55681,0.0
2021-12-07 18:00:00,26.344086,23.644104,1010.46814,-2.105751,-2.0274067,0.00412469,85.13008,0.0
2021-12-08 00:00:00,25.959686,24.284363,1009.5631,0.14373016,-2.4515696,0.47902334,90.50218,0.03280118
2021-12-08 06:00:00,29.26181,24.84793,1011.09,-2.2993507,-3.3836126,0.41282773,77.16741,0.15716785
2021-12-08 12:00:00,29.172272,24.340973,1008.975,-2.0478144,-2.0929804,0.056432925,75.25134,0.0
2021-12-08 18:00:00,26.623138,24.445068,1010.90063,-1.6624794,-1.8643198,0.07519077,87.86688,0.0
2021-12-09 00:00:00,26.326782,23.97467,1010.6775,-2.2622833,-1.6393204,0.9229263,86.92861,0.72735363
2021-12-09 06:00:00,28.427155,26.027924,1012.59686,-2.1396542,-1.6502123,0.73376584,86.87484,0.0
2021-12-09 12:00:00,28.618317,24.084839,1010.4375,-2.3876438,-1.6686144,0.318838,76.5207,0.0
2021-12-09 18:00:00,25.698761,24.017609,1013.0031,-2.3749619,-1.8629808,0.80036277,90.45288,0.095460564
2021-12-10 00:00:00,25.263885,23.69461,1011.5125,-0.19177246,-2.4144945,0.83627665,91.03475,0.18158165
2021-12-10 06:00:00,30.139618,25.28653,1013.1525,-1.5792627,-3.5668468,0.8622331,75.30644,0.0
2021-12-10 12:00:00,28.920319,23.63205,1010.64935,-3.0280666,-3.2756453,0.1860367,73.17275,0.0
2021-12-10 18:00:00,25.913666,24.077667,1012.6825,-1.9928093,-2.3576384,0.26984757,89.63081,0.17928705
2021-12-11 00:00:00,25.384491,23.962036,1011.03064,-0.31312466,-2.9305239,0.33106697,91.849625,0.0
2021-12-11 06:00:00,29.045074,25.326508,1012.6281,-1.1357765,-3.7398643,0.9120733,80.40072,0.03461816
2021-12-11 12:00:00,27.9039,24.643951,1010.0781,-2.9583015,-3.4345798,0.21573168,82.48632,0.0
2021-12-11 18:00:00,25.587189,24.153595,1012.90875,-2.0946026,-2.9643354,0.49100745,91.80005,0.024598613
2021-12-12 00:00:00,24.470123,23.699432,1011.2925,-0.4785776,-3.6844625,0.68533623,95.47881,0.0
2021-12-12 06:00:00,28.59256,24.923676,1012.8269,-1.9064322,-3.7099485,0.8693329,80.58037,0.06199356
2021-12-12 12:00:00,27.600342,24.525116,1009.925,-2.6022415,-3.2068129,0.35389572,83.36743,0.0
2021-12-12 18:00:00,25.214691,24.034119,1012.01685,-1.7546043,-2.9750957,0.9758014,93.18475,0.1510641
2021-12-13 00:00:00,24.758026,23.654327,1010.26,-1.2823601,-2.9787064,0.48828453,93.59468,0.0
2021-12-13 06:00:00,28.19992,25.161469,1012.3656,-2.318553,-3.430953,0.59084994,83.61777,0.0019102618
2021-12-13 12:00:00,27.69754,24.395935,1009.0044,-2.5217333,-3.357831,0.2071824,82.25652,0.0
2021-12-13 18:00:00,24.787811,23.612457,1011.09875,-1.9467955,-3.6391058,0.98976296,93.192986,0.09230764
2021-12-14 00:00:00,24.369781,23.361694,1009.89124,-0.8232651,-3.505187,0.5826738,94.11843,0.0
2021-12-14 06:00:00,27.900055,24.944427,1011.815,-1.8437481,-3.6683846,0.9960054,83.99854,0.030324932
2021-12-14 12:00:00,26.046783,23.75357,1008.83374,-2.1566238,-3.876379,0.97836494,87.211784,0.019067295
2021-12-14 18:00:00,25.027863,23.456696,1011.8038,-1.9664507,-2.9214993,0.9858175,91.00923,0.0
2021-12-15 00:00:00,24.474518,23.072845,1010.41565,-1.1640816,-3.1385727,0.9925749,91.911766,0.07534176
2021-12-15 06:00:00,27.919708,24.706451,1012.2631,-2.6174316,-3.7180147,0.99920756,82.71867,0.0
2021-12-15 12:00:00,27.299164,23.190155,1009.5513,-2.4818401,-3.6655102,0.9060948,78.30523,0.0
2021-12-15 18:00:00,25.660858,22.668488,1012.3606,-1.584939,-3.747098,0.94137657,83.56592,0.0
2021-12-16 00:00:00,25.473602,22.452057,1011.0119,-0.06609726,-4.240756,0.91267663,83.3969,0.0
2021-12-16 06:00:00,28.416351,22.035858,1013.1213,-2.0565348,-5.5234947,0.9126855,68.39766,0.0
2021-12-16 12:00:00,27.583893,21.918182,1010.5,-2.8541117,-3.4086933,0.24018008,71.28615,0.0
2021-12-16 18:00:00,25.31607,21.392792,1013.0569,-0.79245186,-3.9195251,0.10402502,78.912865,0.0005736947
2021-12-17 00:00:00,24.327057,20.845612,1011.7394,0.67935276,-4.071884,0.8590508,80.947464,0.0
2021-12-17 06:00:00,28.78415,21.679718,1013.60565,-1.148839,-4.5881166,0.8547815,65.512886,0.0
2021-12-17 12:00:00,27.90329,22.189453,1010.9288,-2.8510637,-3.066866,0.9858416,71.13491,0.0
2021-12-17 18:00:00,25.521332,21.845123,1013.2981,-0.9897995,-3.3880157,0.34441206,80.14253,0.0018179417
2021-12-18 00:00:00,24.22171,20.783722,1011.26685,0.36439323,-4.112076,0.1968655,81.15067,0.0038072467
2021-12-18 06:00:00,28.193878,21.891083,1012.7981,-1.5144367,-4.9941044,0.19748205,68.679535,0.0
2021-12-18 12:00:00,27.38379,21.3544,1010.02313,-3.0803356,-3.5588284,0.015686445,69.681915,0.0
2021-12-18 18:00:00,25.179596,20.747833,1013.2575,-1.6730623,-3.86594,0.12575185,76.46701,0.00028614886
2021-12-19 00:00:00,23.492218,19.552216,1012.3669,0.61406803,-3.9177876,0.31937206,78.573044,0.02259831
2021-12-19 06:00:00,28.229706,20.965424,1014.0131,-1.9919434,-4.6988096,0.5203458,64.759125,0.0
2021-12-19 12:00:00,27.3367,19.896515,1011.5513,-2.6945448,-3.3601885,0.091469005,63.871193,0.0
2021-12-19 18:00:00,23.887482,19.848358,1014.26,-0.6273155,-3.3460045,0.16583252,78.14813,9.534415e-05
2021-12-20 00:00:00,22.721588,19.79184,1012.7225,0.81605625,-3.1350603,0.30891412,83.554886,0.0
2021-12-20 06:00:00,28.332611,20.957794,1014.21436,-2.1179562,-4.4872246,0.38624156,64.34233,0.0037194695
2021-12-20 12:00:00,27.982391,20.81247,1011.02185,-2.048787,-2.809101,0.1701521,65.083984,0.0
2021-12-20 18:00:00,24.483917,20.65268,1013.60376,-1.1683903,-2.5652542,0.26512802,79.243835,0.0
2021-12-21 00:00:00,23.07193,19.95224,1012.52814,1.4144268,-3.0608988,0.013169852,82.6177,0.0
2021-12-21 06:00:00,28.522003,20.981659,1014.46313,-1.0086069,-3.7119312,0.07224812,63.731297,0.0
2021-12-21 12:00:00,27.699188,20.534088,1011.7025,-2.229375,-1.9413986,0.040317535,65.04403,0.0
2021-12-21 18:00:00,24.377106,20.754425,1013.41125,-1.372942,-2.0307598,0.0,80.25353,0.0
2021-12-22 00:00:00,23.548859,21.026337,1011.82,0.27974606,-2.177948,0.05831909,85.77074,0.0
2021-12-22 06:00:00,28.172638,20.884064,1013.3856,-1.6468763,-2.8900566,0.2404415,64.65047,0.0
2021-12-22 12:00:00,27.068817,19.713165,1010.32623,-2.1954718,-1.043767,0.066702,64.14928,0.0
2021-12-22 18:00:00,22.231964,19.047821,1012.2406,-1.6715298,-0.8804569,0.0,82.18618,0.0
2021-12-23 00:00:00,21.875275,18.930267,1011.1781,0.19510078,-1.493968,0.0,83.37889,0.0
2021-12-23 06:00:00,27.969452,19.469086,1012.82,-1.4861765,-1.9150486,0.045173645,59.940475,0.0
2021-12-23 12:00:00,26.929657,19.407623,1010.27814,-2.1953068,-1.4704027,0.0,63.459892,0.0
2021-12-23 18:00:00,22.29654,19.256256,1012.03,-1.7951794,-1.3747139,0.006126404,82.93401,0.0
2021-12-24 00:00:00,22.152985,19.307648,1010.5775,0.50090504,-1.4206753,0.15399933,83.93002,0.0
2021-12-24 06:00:00,28.491241,20.843414,1013.0181,-1.7944975,-2.300949,0.56580824,63.30491,0.00028606155
2021-12-24 12:00:00,27.529633,20.291595,1010.54,-2.4787579,-0.9376421,0.0,64.716324,0.0
2021-12-24 18:00:00,23.4758,20.467285,1012.41,-1.7069073,-1.1170282,0.0,83.23495,0.0
2021-12-25 00:00:00,22.321564,19.956207,1011.46625,0.352499,-1.6356773,0.11192322,86.48639,0.0
2021-12-25 06:00:00,28.126984,20.71994,1013.03564,-1.9452133,-1.8608923,0.44421995,64.17124,0.0
2021-12-25 12:00:00,27.418182,20.10025,1010.96436,-2.511097,-0.91453934,0.02658081,64.37394,0.0
2021-12-25 18:00:00,22.608673,19.54889,1013.3025,-1.2403564,-1.3747883,0.034763336,82.87024,0.0
2021-12-26 00:00:00,22.552155,19.938324,1011.77435,0.36572742,-1.6781778,0.19328308,85.18832,0.0
2021-12-26 06:00:00,28.773712,20.591644,1014.27936,-2.120098,-2.2756596,0.6806085,61.31756,0.0
2021-12-26 12:00:00,27.459137,21.008759,1012.115,-2.5557175,-1.4835739,0.03317261,67.919334,0.0
2021-12-26 18:00:00,23.933746,20.707062,1014.7344,-0.40480804,-1.826971,0.03479004,82.17706,0.0
2021-12-27 00:00:00,23.467072,20.58139,1013.66815,-0.08520603,-1.9760752,0.42561227,83.86678,0.0
2021-12-27 06:00:00,29.18863,21.210663,1014.66064,-2.800932,-1.7025051,0.66326886,62.184727,0.006769784
2021-12-27 12:00:00,28.126434,21.378754,1011.8113,-2.1925478,-1.6480961,0.12899628,66.823265,0.0
2021-12-27 18:00:00,25.144806,21.434631,1013.36127,-1.3318739,-2.1792536,0.333642,79.92597,0.0
2021-12-28 00:00:00,24.475494,21.240875,1012.02686,-0.6167822,-2.1272535,0.5048364,82.202736,9.534415e-05
2021-12-28 06:00:00,29.109406,22.019806,1013.8137,-2.9447565,-1.7891865,0.41508883,65.63932,0.008963142
2021-12-28 12:00:00,27.381989,22.534332,1011.1319,-2.697647,-1.5784578,0.16775246,74.89062,0.0
2021-12-28 18:00:00,24.65567,22.049988,1011.9725,-1.1199322,-1.6582594,0.11263393,85.44587,0.0
2021-12-29 00:00:00,24.323761,21.841003,1011.0581,-0.22613144,-1.5785074,0.6229379,86.056046,0.0019069994
2021-12-29 06:00:00,29.289398,21.849457,1012.90436,-2.2104979,-1.9739895,0.57594913,64.28838,0.004194677
2021-12-29 12:00:00,27.685455,21.677338,1010.45935,-2.7687883,-2.00323,0.5387112,69.82939,0.0
2021-12-29 18:00:00,24.974762,21.980133,1012.4263,-1.4038992,-3.1360874,0.3411858,83.477104,0.016018748
2021-12-30 00:00:00,23.971832,22.530792,1011.34,-1.0073843,-2.620142,0.5947446,91.66307,0.039575964
2021-12-30 06:00:00,27.0867,23.571686,1013.9825,-3.1359138,-2.391698,0.76645756,81.13402,0.15336995
2021-12-30 12:00:00,25.332794,22.877258,1011.3306,-2.6654377,-2.5002232,0.8351416,86.29573,0.16307665
2021-12-30 18:00:00,24.018555,23.127472,1013.8681,-0.5068073,-3.0682812,0.9123953,94.771736,0.0
2021-12-31 00:00:00,23.911407,22.717102,1012.4456,-0.61340714,-3.1545973,0.9985671,93.04272,0.11604011
2021-12-31 06:00:00,27.106781,24.253265,1014.52563,-2.7919397,-2.0414886,0.9516798,84.42747,0.4436425
2021-12-31 12:00:00,24.808868,23.233551,1012.165,-3.390912,-2.4222574,0.908036,90.97237,0.0
2021-12-31 18:00:00,23.725739,22.891571,1014.5737,-2.2001257,-3.2988834,0.99841774,95.08788,0.0
2022-01-01 00:00:00,24.176483,23.234436,1012.9325,-1.779314,-2.9606314,0.9767531,94.48649,0.0
2022-01-01 06:00:00,25.980652,24.308563,1015.08435,-3.2697582,-4.032159,0.5574126,90.52109,1.0839263
2022-01-01 12:00:00,24.813873,23.268402,1012.4581,-2.2565117,-3.0085764,0.51722485,91.136856,0.0
2022-01-01 18:00:00,23.94284,23.032684,1014.6887,-2.1490488,-3.0260563,0.8548621,94.65959,0.0
2022-01-02 00:00:00,23.568024,22.740845,1012.6375,-1.1412153,-2.7146988,0.939577,95.12253,0.06066847
2022-01-02 06:00:00,27.98648,24.289642,1014.10815,-3.156623,-3.2788572,0.7913585,80.36721,0.0
2022-01-02 12:00:00,27.52121,22.870148,1011.0581,-3.4072008,-3.7211485,0.23266333,75.811325,0.0
2022-01-02 18:00:00,25.241608,22.46344,1013.02313,-2.5242586,-3.451188,0.91145265,84.61385,0.020976286
2022-01-03 00:00:00,24.224762,21.951569,1011.395,-1.4646435,-3.6444435,0.8541564,87.15435,0.0
2022-01-03 06:00:00,28.190216,22.155792,1013.3625,-3.233488,-4.2230844,0.30321681,69.81181,0.0
2022-01-03 12:00:00,27.211212,21.93985,1011.5775,-3.4138517,-3.149497,0.12387434,72.95567,0.0
2022-01-03 18:00:00,24.903107,21.83191,1013.2463,-2.0286589,-2.878685,0.12671472,83.07982,0.0
2022-01-04 00:00:00,23.559784,21.662506,1012.03815,0.26665306,-3.1359797,0.511512,89.121925,0.0013345852
2022-01-04 06:00:00,27.595978,21.372894,1014.1806,-2.9292011,-4.9437723,0.5866671,68.8999,0.017930754
2022-01-04 12:00:00,26.69461,21.536438,1011.4988,-2.6942396,-3.4833403,0.1937265,73.37332,0.0
2022-01-04 18:00:00,23.694244,20.315582,1013.7425,-1.6807985,-2.6045103,0.07964452,81.38087,0.0
2022-01-05 00:00:00,22.76175,20.24472,1012.2531,0.6328716,-3.0463161,0.17285156,85.72141,0.0
2022-01-05 06:00:00,28.254974,21.786896,1014.04126,-0.96686554,-3.3310766,0.3133685,68.00176,0.0
2022-01-05 12:00:00,27.56314,22.125092,1010.995,-2.3780756,-2.0868902,0.26701075,72.278824,0.0
2022-01-05 18:00:00,24.979889,22.334534,1013.01624,-1.9224148,-2.8544674,0.10006847,85.272545,0.0
2022-01-06 00:00:00,24.339142,22.315826,1011.725,-0.196105,-2.8704662,0.3124082,88.50104,0.024696812
2022-01-06 06:00:00,27.542389,23.199982,1012.89435,-2.9810028,-3.898426,0.677552,77.24369,0.0039134175
2022-01-06 12:00:00,27.406647,23.433441,1009.68,-2.5543146,-2.0998926,0.33987015,78.96517,0.0
2022-01-06 18:00:00,25.050201,23.04895,1012.1369,-1.3441715,-2.307229,0.13032329,88.67686,0.015351921
2022-01-07 00:00:00,24.848846,22.969147,1011.6838,-0.44086742,-2.0011463,0.30909902,89.315865,0.0098235905
2022-01-07 06:00:00,27.936066,23.506927,1012.9994,-3.0376196,-2.8974571,0.7268334,76.89904,0.17071444
2022-01-07 12:00:00,27.494415,23.646759,1010.5531,-3.0269947,-1.9839411,0.26604402,79.57712,0.0
2022-01-07 18:00:00,25.091644,23.079071,1013.28687,-1.7931461,-1.7212229,0.60332066,88.61945,0.0
2022-01-08 00:00:00,24.350311,22.48236,1011.8844,-0.5163746,-2.1540537,0.24495625,89.34186,0.008199797
2022-01-08 06:00:00,28.588837,23.030457,1013.7025,-3.4788027,-3.2882252,0.49850827,71.93231,0.19169226
2022-01-08 12:00:00,27.944916,22.969269,1010.96564,-2.9866095,-2.2554817,0.29315704,74.40293,0.0
2022-01-08 18:00:00,25.192474,22.397858,1012.5831,-2.2980413,-1.6155405,0.09303388,84.52407,0.0
2022-01-09 00:00:00,24.729095,21.929474,1010.665,-0.9578495,-2.1286478,0.24296379,84.4488,0.0
2022-01-09 06:00:00,28.703522,22.707428,1012.2025,-2.611578,-2.4940357,0.2058317,70.0704,0.053597614
2022-01-09 12:00:00,27.840424,22.872894,1009.4394,-2.3931465,-1.4577217,0.12044678,74.422386,0.0
2022-01-09 18:00:00,25.028656,22.467377,1011.8069,-1.8404255,-0.72768116,0.99331784,85.714424,0.0
2022-01-10 00:00:00,23.86612,22.013458,1010.46686,-0.45447826,-1.3361979,0.52589065,89.38844,0.0
2022-01-10 06:00:00,29.37436,22.700958,1012.5481,-1.9196215,-2.0490656,0.32737392,67.37606,0.0
2022-01-10 12:00:00,28.025421,23.0643,1009.65186,-3.3168888,-0.6478529,0.085415795,74.481544,0.0
2022-01-10 18:00:00,25.66275,22.900055,1011.3063,-1.9023323,-0.9870882,0.22414154,84.73774,0.0050533563
2022-01-11 00:00:00,25.59439,23.154816,1010.34375,0.09270477,-2.6795921,0.2945779,86.40394,0.023363158
2022-01-11 06:00:00,29.184967,24.028412,1012.15375,-1.7160301,-2.2017918,0.2872038,73.79937,0.0
2022-01-11 12:00:00,27.87204,23.632477,1009.3631,-3.2231112,-0.6491461,0.33282292,77.7731,0.014776394
2022-01-11 18:00:00,25.713348,23.288422,1011.0513,-1.7055273,-1.0457249,0.06405273,86.49166,0.0
2022-01-12 00:00:00,24.9805,23.101746,1009.83185,0.13842583,-1.3903313,0.84353447,89.330956,0.0013336539
2022-01-12 06:00:00,29.061798,23.530853,1011.79315,-1.6575289,-1.1646471,0.4863382,72.13473,0.31843868
2022-01-12 12:00:00,27.998566,24.15335,1008.9331,-2.6567335,-0.23578644,0.3255512,79.65686,0.0
2022-01-12 18:00:00,25.837067,24.128723,1011.14813,-2.3303003,0.35695893,0.07240483,90.31478,0.0
2022-01-13 00:00:00,24.349457,23.065552,1009.325,0.12964153,-0.10739219,0.2453565,92.561844,0.004099682
2022-01-13 06:00:00,30.018097,23.302826,1010.95374,-1.3376522,-0.35621548,0.2592314,67.33262,0.121599674
2022-01-13 12:00:00,29.163849,24.33493,1007.6975,-2.383667,0.16413414,0.3491076,75.26075,0.0
2022-01-13 18:00:00,26.24118,23.699615,1010.1337,-2.5920067,-0.09032869,0.22615376,85.93573,0.0
2022-01-14 00:00:00,24.963593,22.93039,1008.8875,-0.27196026,-0.3792382,0.7403304,88.49857,0.22735736
2022-01-14 06:00:00,30.073395,24.680511,1011.5119,-0.52228165,-0.044103682,0.8445845,72.9104,0.0
2022-01-14 12:00:00,29.184723,24.665436,1007.54065,-2.3636827,-0.23881626,0.26418212,76.67157,0.0
2022-01-14 18:00:00,25.445099,23.520874,1010.02814,-1.5559978,0.032261074,0.08335975,89.121315,0.0
2022-01-15 00:00:00,25.046783,23.547485,1009.02185,0.015122414,-0.9599867,0.6809155,91.40568,0.0011441298
2022-01-15 06:00:00,29.953156,23.173492,1011.44,-2.5224218,-0.8957901,0.55395174,67.05835,0.099658504
2022-01-15 12:00:00,28.799469,23.968689,1009.03186,-3.4212227,-0.98799706,0.28206176,75.194466,0.0
2022-01-15 18:00:00,25.96994,23.652985,1011.2325,-1.7274609,-2.0330982,0.25380427,87.080345,0.00036880374
2022-01-16 00:00:00,25.08377,23.514984,1010.4419,-0.77973366,-2.154169,0.29427034,91.025894,0.0
2022-01-16 06:00:00,29.414093,23.506927,1013.0106,-2.0444613,-3.311349,0.9308132,70.57932,0.10872841
2022-01-16 12:00:00,28.793488,23.373291,1010.4931,-3.440176,-2.5134373,0.28737068,72.57137,0.0
2022-01-16 18:00:00,25.119476,22.944946,1012.96375,-2.7633162,-2.4635258,0.465764,87.75745,0.25213882
2022-01-17 00:00:00,24.47348,22.7818,1012.1094,-0.96873856,-2.797245,0.93184555,90.31169,0.0
2022-01-17 06:00:00,27.704376,23.633759,1014.97815,-1.707447,-3.3725843,0.9089333,78.544426,0.04185445
2022-01-17 12:00:00,26.844696,22.061829,1011.97815,-2.9444485,-3.4952154,0.22811913,75.09963,0.0
2022-01-17 18:00:00,24.578156,21.930511,1014.82623,-1.4917011,-3.1532574,0.1791333,85.21961,0.017451687
2022-01-18 00:00:00,23.820099,21.1456,1012.84436,-0.18379879,-2.8389177,0.29974937,85.00152,0.0
2022-01-18 06:00:00,28.296661,21.405762,1013.9269,-3.1514864,-3.5418644,0.35790038,66.273865,0.0049583614
2022-01-18 12:00:00,27.52298,21.690063,1010.5606,-3.3002663,-2.1274166,0.2628138,70.5509,0.0
2022-01-18 18:00:00,24.328766,21.512115,1013.0975,-1.9913969,-1.9145327,0.15859938,84.3179,0.021263026
2022-01-19 00:00:00,23.557709,21.34079,1011.21375,0.356596,-2.4109974,0.40759397,87.39503,0.012591481
2022-01-19 06:00:00,28.173004,22.120758,1013.1944,-1.2739229,-3.569891,0.3168254,69.73284,0.054648213
2022-01-19 12:00:00,27.464142,21.92154,1008.6262,-2.7415562,-2.0738382,0.2152864,71.802124,0.0
2022-01-19 18:00:00,24.374542,20.373566,1011.6325,-2.410411,-1.2548285,0.0,78.40329,0.0
2022-01-20 00:00:00,22.740143,20.143646,1009.66064,-0.09622097,-1.1617575,0.0,85.29913,0.0
2022-01-20 06:00:00,28.287811,20.721588,1011.5181,-1.1317749,-2.254799,0.048728943,63.579643,0.0
2022-01-20 12:00:00,27.485992,21.319122,1007.6956,-2.7088118,-0.87134933,0.021938324,69.11657,0.0
2022-01-20 18:00:00,24.1622,21.004303,1009.8881,-2.4540958,0.8830572,0.0,82.55304,0.0
2022-01-21 00:00:00,22.852081,20.848663,1009.29565,1.1613321,-0.5562191,0.017234802,88.48764,0.0
2022-01-21 06:00:00,29.202423,21.351349,1012.21375,-0.17980099,0.75918853,0.0388546,62.673454,0.0
2022-01-21 12:00:00,28.960968,22.061737,1007.6381,-1.951231,1.7502701,0.031677246,66.37501,0.0
2022-01-21 18:00:00,24.123016,21.902618,1009.8375,-0.6352329,2.3260093,0.86529493,87.42647,0.0
2022-01-22 00:00:00,23.36557,22.029785,1008.265,2.044528,1.643177,0.90996206,92.21672,0.0
2022-01-22 06:00:00,30.360382,22.75412,1009.16437,1.2079184,1.6629138,0.8812534,63.867027,0.0
2022-01-22 12:00:00,29.106232,22.817047,1005.405,-2.7419405,2.5020075,0.063671656,68.91134,0.0
2022-01-22 18:00:00,25.569366,23.754547,1007.8844,-1.677598,2.3288302,0.0,89.71986,0.0
2022-01-23 00:00:00,24.600739,23.512115,1007.8812,1.4518083,0.982171,0.7265167,93.67248,0.0
2022-01-23 06:00:00,29.165924,22.377167,1009.275,0.58697104,2.4484043,0.13465881,66.86434,0.004006084
2022-01-23 12:00:00,29.01004,23.682404,1005.9525,-2.077526,2.767628,0.14755732,73.01473,0.0
2022-01-23 18:00:00,26.171234,23.370148,1007.7481,-1.0362129,3.2259731,0.056161966,84.59479,0.0
2022-01-24 00:00:00,24.704681,23.18509,1007.1138,0.6330061,0.45301998,0.6214497,91.272606,0.0009536743
2022-01-24 06:00:00,29.150543,23.221832,1009.17126,-1.4062691,2.0397673,0.3268028,70.43942,0.074673444
2022-01-24 12:00:00,28.262054,22.484955,1006.03375,-1.9099789,2.4404316,0.48844916,70.926575,0.0
2022-01-24 18:00:00,25.5029,22.55899,1008.21875,-1.731864,1.6663659,0.8548047,83.79443,0.0
2022-01-25 00:00:00,24.656342,22.232391,1007.3575,0.4544201,0.65348136,0.90492505,86.397064,0.0
2022-01-25 06:00:00,30.338898,21.86789,1009.3212,-1.9233303,1.7203321,0.94377047,60.589344,0.016113743
2022-01-25 12:00:00,28.551178,21.763702,1006.31,-3.1266499,2.0229454,0.96065855,66.74615,0.0
2022-01-25 18:00:00,25.358917,22.022705,1009.0775,-2.0664558,0.88586754,0.3340968,81.80129,0.0
2022-01-26 00:00:00,24.475677,22.35849,1007.6425,-0.6491375,1.0447854,0.9389603,88.00845,0.011252239
2022-01-26 06:00:00,29.091583,22.465271,1010.02625,-2.9960794,1.0085622,0.6649461,67.51302,0.32931125
2022-01-26 12:00:00,27.851898,22.616364,1007.3038,-2.496727,1.3033264,0.9286358,73.2246,0.0
2022-01-26 18:00:00,25.332367,22.198334,1010.2825,-1.4031134,-0.053516567,0.9968153,82.811966,0.0
2022-01-27 00:00:00,24.480255,22.045074,1008.49,-1.418787,-0.2979536,0.8965757,86.32125,0.0
2022-01-27 06:00:00,29.023956,21.66864,1010.5419,-3.3051653,-1.6462107,0.97541726,64.56545,0.021936372
2022-01-27 12:00:00,27.781097,21.795685,1007.29626,-3.6292229,-2.0626183,1.0000007,69.944244,0.0
2022-01-27 18:00:00,24.812408,21.871124,1010.6337,-2.4837484,-2.174799,0.99116385,83.73098,0.008391216
2022-01-28 00:00:00,24.555939,21.892548,1009.32874,-0.8839941,-2.9506407,0.9734558,85.13548,0.29431385
2022-01-28 06:00:00,27.92154,22.209503,1012.0513,-2.8676987,-3.977171,0.3069048,71.145996,0.0
2022-01-28 12:00:00,27.888336,22.876495,1008.7969,-3.4395704,-3.4360876,0.1591878,74.23075,0.0
2022-01-28 18:00:00,25.663239,22.008514,1011.64935,-2.197588,-3.9660769,0.8772373,80.266495,0.0012397068
2022-01-29 00:00:00,25.586823,22.267303,1010.0494,-1.0978279,-3.699277,1.0000026,81.91249,0.15381211
2022-01-29 06:00:00,28.112823,22.141815,1012.615,-4.2303343,-4.625883,0.97855437,70.067535,0.0
2022-01-29 12:00:00,26.992767,23.453522,1009.83875,-3.40656,-3.3835344,0.99933505,81.00368,0.02097902
2022-01-29 18:00:00,25.18692,22.852081,1012.66125,-2.2310886,-3.6106176,0.77520573,86.91541,0.109380454
2022-01-30 00:00:00,25.74878,22.500397,1010.53687,-0.7328167,-3.0370798,0.99562514,82.28723,0.0
2022-01-30 06:00:00,26.753693,23.04721,1012.4425,-1.8601313,-3.4034014,0.96388435,80.15859,0.0773422
2022-01-30 12:00:00,27.291595,23.769318,1008.8237,-2.0356674,-1.7838793,0.67388153,81.124435,0.0
2022-01-30 18:00:00,25.101227,22.545654,1011.1119,-1.9696722,-1.3860264,0.48158175,85.751335,0.0
2022-01-31 00:00:00,24.55008,22.415161,1009.20374,-0.08028984,-1.8525715,0.22655958,87.919914,0.00047666254
2022-01-31 06:00:00,29.258087,22.775269,1011.4888,-1.7372208,-1.8525095,0.91359884,68.13636,0.0145916715
2022-01-31 12:00:00,28.240143,23.017883,1008.1819,-3.7306147,-0.5684538,0.2223844,73.34945,0.0
2022-01-31 18:00:00,25.529266,22.596558,1010.715,-2.690915,-0.39203072,0.4184005,83.85437,0.0
2022-02-01 00:00:00,24.492035,21.75064,1008.91125,-0.06931305,-1.5664558,0.45855713,84.724304,0.0
2022-02-01 06:00:00,29.070953,21.856964,1011.09814,-2.0907125,-1.9997101,0.8897528,65.135155,0.0
2022-02-01 12:00:00,27.763214,22.241364,1008.04626,-3.2556458,-0.81947803,0.0013275146,71.946045,0.0
2022-02-01 18:00:00,24.456879,21.247833,1009.96625,-2.257454,0.01451683,0.0015802383,82.32951,0.0
2022-02-02 00:00:00,22.96463,20.489716,1009.9844,-0.092520714,-1.1930828,0.0,85.964676,0.0
2022-02-02 06:00:00,28.590485,20.557465,1011.84625,-2.2628937,-0.95926094,0.10380554,61.84244,0.0
2022-02-02 12:00:00,27.489899,20.565948,1008.84814,-3.1418514,-0.33140755,0.5901489,65.97455,0.0
2022-02-02 18:00:00,23.22702,19.618713,1011.4456,-2.286663,0.0169878,0.026473999,80.17131,0.0
2022-02-03 00:00:00,22.474396,19.522186,1010.26685,-0.3106699,-0.9095888,0.019813538,83.41028,0.0
2022-02-03 06:00:00,28.262482,20.276886,1012.09564,-1.1572695,0.10396302,0.12743378,61.95076,0.0
2022-02-03 12:00:00,27.935577,20.9404,1007.8225,-2.3525028,0.7344993,0.007965088,65.77742,0.0
2022-02-03 18:00:00,24.049286,20.891876,1009.78876,-1.7545052,1.2967448,0.080019,82.54206,0.0
2022-02-04 00:00:00,23.130096,20.819366,1008.1281,1.0849686,0.3124528,0.0,86.85443,0.0
2022-02-04 06:00:00,29.918976,21.876862,1009.6525,0.03852898,0.743175,0.0,62.10161,0.0
2022-02-04 12:00:00,29.47757,22.64206,1005.81,-3.5221539,1.4420319,0.021892548,66.737076,0.0
2022-02-04 18:00:00,25.949585,22.659973,1008.6131,-2.9025002,1.7803013,0.0,82.105705,0.0
2022-02-05 00:00:00,24.958649,22.599792,1008.1919,0.9394722,-0.20494938,0.6810085,86.767975,0.0
2022-02-05 06:00:00,29.90799,22.442505,1010.97565,-1.3066759,0.99172914,0.7430387,64.31899,0.011250377
2022-02-05 12:00:00,28.82071,23.364594,1006.92377,-3.3452253,-0.3393116,0.00983429,72.41893,0.0
2022-02-05 18:00:00,25.829315,23.010529,1010.6838,-3.69415,-0.17128468,0.69294316,84.46809,0.0
2022-02-06 00:00:00,24.637848,22.427032,1010.23065,-1.6388454,-0.49986362,0.3189779,87.52277,0.0031460077
2022-02-06 06:00:00,29.772491,22.158203,1012.8706,-3.5109787,-0.67244816,0.36090267,63.710682,0.0066738576
2022-02-06 12:00:00,28.62735,22.346771,1010.32,-3.8919163,-0.56754684,0.34358254,68.85582,0.0
2022-02-06 18:00:00,25.432281,22.15509,1013.32623,-2.7923422,-1.2976036,0.8608063,82.105,0.0
2022-02-07 00:00:00,24.25998,21.37381,1011.485,-0.19502068,-2.0615988,0.8190864,83.95222,0.0
2022-02-07 06:00:00,29.6044,20.82135,1013.2275,-2.4123383,-3.8757248,0.5108807,59.27553,0.0
2022-02-07 12:00:00,27.700104,21.8909,1010.395,-4.0387907,-2.163454,0.5084171,70.6857,0.0
2022-02-07 18:00:00,24.832306,20.730774,1012.22375,-2.3476133,-1.6921425,0.98365456,77.98485,0.0
2022-02-08 00:00:00,24.023895,20.727936,1010.3137,0.12508965,-1.9657545,0.050186157,81.838295,0.0
2022-02-08 06:00:00,29.614166,20.867218,1012.41376,-1.6261377,-3.2017317,0.50410026,59.409565,0.0
2022-02-08 12:00:00,28.042389,20.932037,1008.935,-3.8918123,-2.0613308,0.9498069,65.33539,0.0
2022-02-08 18:00:00,24.585968,19.770721,1011.52686,-2.2117224,-1.7832031,1.0,74.58275,0.0
2022-02-09 00:00:00,23.44278,20.149963,1009.98315,-1.0126009,-2.6786566,0.94238764,81.782166,0.0
2022-02-09 06:00:00,29.127228,20.072906,1012.495,-3.2209682,-3.2350788,0.324369,58.181213,0.0
2022-02-09 12:00:00,27.571686,20.649872,1009.1312,-3.3589573,-2.5546665,0.68831867,66.00002,0.0
2022-02-09 18:00:00,23.722076,19.762268,1011.40936,-1.076025,-2.2942314,0.08508526,78.50945,0.0
2022-02-10 00:00:00,22.748444,19.449493,1009.5081,0.7356615,-2.8553658,0.4969958,81.66448,0.0
2022-02-10 06:00:00,28.908844,20.625397,1011.23126,-1.1140146,-4.030773,0.6373049,60.96595,0.0
2022-02-10 12:00:00,27.787384,23.069122,1007.965,-4.015046,-2.2868958,0.9797603,75.5453,0.008106232
2022-02-10 18:00:00,26.701477,22.920868,1010.71063,-2.5791864,-2.5158033,1.0,79.79276,0.010848045
2022-02-11 00:00:00,24.613586,23.17038,1008.46564,-0.5950041,-2.7448845,1.0000001,91.68936,2.141452
2022-02-11 06:00:00,24.87207,23.610687,1011.73315,1.0402117,-2.1970692,1.0,92.71549,1.2171311
2022-02-11 12:00:00,25.7211,24.910187,1008.3681,-1.0718994,-3.263957,0.999024,95.291,0.0
2022-02-11 18:00:00,24.709442,24.49411,1010.78064,-2.2831707,-2.7347822,0.9996032,98.72058,0.0
2022-02-12 00:00:00,24.64154,23.756256,1008.4575,-1.4997644,-2.718954,0.9630816,94.82853,0.0
2022-02-12 06:00:00,25.606262,23.757416,1011.1025,-1.0863905,-3.3096447,0.9418805,89.53901,0.0
2022-02-12 12:00:00,27.392181,22.956268,1007.7006,-2.4877338,-2.8355598,1.0000008,76.78558,0.0
2022-02-12 18:00:00,25.784515,21.829224,1009.8762,-2.7822895,-3.2665405,0.9871253,78.82424,0.0
2022-02-13 00:00:00,25.377594,21.155945,1007.84436,-0.75261307,-2.8913908,0.96232593,77.49113,0.0029569492
2022-02-13 06:00:00,28.495087,21.514496,1010.69,-3.0772543,-3.691248,0.8036072,65.95131,0.010204501
2022-02-13 12:00:00,28.046967,21.975372,1006.8,-3.1893263,-1.9906054,0.26359928,69.62701,0.0
2022-02-13 18:00:00,24.674347,21.246857,1009.5494,-2.2982216,-1.780613,0.6134692,81.26062,0.0
2022-02-14 00:00:00,23.981964,21.14273,1007.5106,0.053901672,-2.0664606,0.7584275,84.16359,0.003718771
2022-02-14 06:00:00,28.048737,22.683441,1010.4331,-3.1301413,-3.0273943,0.9904249,72.68391,0.18767667
2022-02-14 12:00:00,27.443207,22.511871,1007.1788,-3.74199,-2.8094501,0.40757024,74.52086,0.0
2022-02-14 18:00:00,24.654266,20.877869,1009.9994,-2.7706108,-1.64466,0.7966584,79.535324,0.0
2022-02-15 00:00:00,23.792694,20.374634,1008.2494,-0.48477554,-2.2720041,0.8242651,81.195625,0.0
2022-02-15 06:00:00,28.571808,21.056091,1011.08374,-2.0224047,-3.4770107,0.6817458,63.838474,0.0
2022-02-15 12:00:00,27.117706,20.72464,1006.9294,-3.9785395,-2.386076,0.37349504,68.091995,0.0
2022-02-15 18:00:00,24.347565,20.316193,1009.735,-2.1250849,-1.7655783,0.21735117,78.25239,0.0
2022-02-16 00:00:00,23.300568,20.508392,1007.33185,0.538949,-1.7935972,0.998004,84.33333,0.0
2022-02-16 06:00:00,28.628693,20.772247,1009.0012,-1.7146206,-3.2787886,0.86525065,62.527245,0.0
2022-02-16 12:00:00,27.574371,20.70108,1004.4994,-3.007677,-2.1294737,0.5740876,66.19812,0.0
2022-02-16 18:00:00,23.927582,20.241577,1007.105,-2.507555,-1.6405897,0.9946777,79.88052,0.0
2022-02-17 00:00:00,23.199738,20.754486,1005.46936,0.7790985,-1.5917358,0.94194144,86.14492,0.0
2022-02-17 06:00:00,28.264801,20.863922,1008.04,-2.0886297,-2.6557808,0.96963775,64.22493,0.0
2022-02-17 12:00:00,27.921906,21.248505,1004.02625,-2.7104387,-2.5373955,0.095023036,67.08706,0.0
2022-02-17 18:00:00,24.59842,20.822266,1007.1181,-2.3427534,-2.6636171,0.12959345,79.52887,0.0
2022-02-18 00:00:00,24.384674,21.624329,1006.2644,-0.07639122,-2.0933008,0.8719558,84.61487,0.033374876
2022-02-18 06:00:00,28.16269,22.837738,1008.95935,-2.5614138,-2.7814884,0.7516078,72.88158,0.14630055
2022-02-18 12:00:00,28.09488,23.457306,1006.3244,-3.6766653,-2.0555916,0.5996857,75.96267,0.0
2022-02-18 18:00:00,25.454254,22.40512,1009.59937,-1.7894154,-2.2450514,0.9952336,83.25495,9.313226e-07
2022-02-19 00:00:00,24.127106,21.450897,1008.925,-0.5173063,-2.154849,0.96688414,85.0245,0.008486211
2022-02-19 06:00:00,28.457977,23.68338,1011.71063,-2.9347887,-2.647008,0.9993354,75.3947,0.09956592
2022-02-19 12:00:00,27.895721,22.92517,1008.6344,-3.2681332,-2.560771,0.93636507,74.417854,0.0
2022-02-19 18:00:00,25.699615,22.410797,1010.7413,-2.3068714,-2.1313553,0.34218085,82.07937,0.0
2022-02-20 00:00:00,24.497223,21.708649,1008.4956,0.43076324,-2.1481514,0.27354187,84.48096,0.0
2022-02-20 06:00:00,29.644318,22.24002,1011.395,-0.8560915,-1.4146509,0.28566954,64.50317,0.0001906883
2022-02-20 12:00:00,28.900543,23.19815,1006.90814,-3.3425503,-0.11192036,0.46102285,71.36374,0.0
2022-02-20 18:00:00,26.03006,23.068726,1008.8156,-2.2033587,0.43903637,0.03878784,83.76444,0.0
2022-02-21 00:00:00,24.260895,22.461151,1007.2225,1.280426,-0.35880172,0.3870862,89.7062,0.0
2022-02-21 06:00:00,29.952057,23.351105,1009.59814,0.078187644,0.81849176,0.06439972,67.78592,0.0
2022-02-21 12:00:00,29.356232,24.127655,1005.66064,-2.8655224,1.7413999,0.11763342,73.50953,0.0
2022-02-21 18:00:00,25.876373,23.685852,1008.6887,-1.6102257,1.5962021,0.011340914,87.73764,0.0
2022-02-22 00:00:00,23.589813,22.581787,1008.14374,1.124279,0.12694567,0.42949724,94.085304,0.00028603245
2022-02-22 06:00:00,30.60611,23.146759,1011.3856,-1.5544844,0.425089,0.19770807,64.48973,0.0005719485
2022-02-22 12:00:00,29.492584,22.948578,1008.26373,-3.0457993,0.22510052,0.04065573,67.929794,0.0
2022-02-22 18:00:00,25.842377,22.84964,1011.98376,-2.2744474,-0.8297348,0.22976685,83.584435,0.0
2022-02-23 00:00:00,25.371613,22.445953,1011.0131,-0.98029804,-1.3733454,0.32315564,83.872826,0.0011442462
2022-02-23 06:00:00,30.039215,21.968292,1013.59937,-3.0961246,-1.992446,0.37430125,62.019,0.00047672074
2022-02-23 12:00:00,28.993195,22.246613,1010.8881,-3.845644,-1.8600626,0.012864072,67.001526,0.0
2022-02-23 18:00:00,25.649689,22.5354,1013.6431,-2.2650995,-1.8770819,0.07406399,82.94848,0.0
2022-02-24 00:00:00,24.352142,21.725616,1012.85065,-0.8084841,-2.149847,0.6622887,85.306465,0.0005722977
2022-02-24 06:00:00,28.834442,22.169464,1014.8781,-3.3650084,-2.616931,0.42616618,67.30356,0.068187594
2022-02-24 12:00:00,28.382294,22.032562,1011.40063,-3.547392,-1.7869825,0.13951665,68.51947,0.0
2022-02-24 18:00:00,25.367828,21.949097,1013.04376,-2.702138,-1.2061291,0.0,81.39176,0.0
2022-02-25 00:00:00,24.115997,21.112,1012.085,-0.58356285,-1.9810171,0.33083367,83.33161,0.0
2022-02-25 06:00:00,29.136871,20.91397,1013.8725,-2.1859818,-2.36555,0.25859937,61.244923,0.0
2022-02-25 12:00:00,28.234406,21.149628,1010.4819,-3.9741344,-1.126153,0.0,65.47798,0.0
2022-02-25 18:00:00,24.110382,20.799164,1012.34125,-2.11557,-1.1829472,0.27623016,81.77216,0.0
2022-02-26 00:00:00,24.502594,20.952667,1011.39185,0.17001629,-1.9945374,0.42277145,80.63006,9.534415e-05
2022-02-26 06:00:00,29.27414,22.158112,1013.8131,-2.970028,-2.094798,0.70453817,65.56758,0.045014195
2022-02-26 12:00:00,28.113312,23.332794,1010.4281,-3.5459213,-2.3051252,0.29341674,75.31313,0.0
2022-02-26 18:00:00,26.409271,23.459778,1013.165,-2.7412071,-2.180132,0.21688533,83.866295,0.005817041
2022-02-27 00:00:00,25.059845,22.399017,1011.6306,-1.1707802,-2.5475006,0.6799184,85.200485,0.016208738
2022-02-27 06:00:00,29.836945,22.71579,1013.57623,-3.5112457,-2.8934002,0.27219933,65.66282,0.0
2022-02-27 12:00:00,29.230988,22.88272,1009.895,-4.0267353,-2.1097946,0.03662986,68.6889,0.0
2022-02-27 18:00:00,25.448273,21.974213,1012.8063,-2.2547617,-1.7774715,0.0046921284,81.12767,0.0
2022-02-28 00:00:00,24.83316,22.116608,1011.33875,0.44385147,-2.442748,0.6283872,84.88864,0.0
2022-02-28 06:00:00,29.756378,22.376862,1013.16187,-2.0353708,-2.5576077,0.18029022,64.62403,0.0
2022-02-28 12:00:00,29.417267,21.468597,1009.14,-3.2370958,-1.8244686,0.006652832,62.34681,0.0
2022-02-28 18:00:00,25.827362,23.14621,1012.56,-2.2543402,-1.8200235,0.0,85.174,0.0
2022-03-01 00:00:00,24.90335,22.79538,1010.58185,-0.17059135,-2.5583935,0.5615851,88.093636,0.0
2022-03-01 06:00:00,30.480988,22.108795,1012.64435,-1.827157,-3.4155607,0.9030734,60.98761,0.0
2022-03-01 12:00:00,29.50528,21.220123,1010.28064,-3.29043,-2.5196686,0.8434022,61.09366,0.0
2022-03-01 18:00:00,24.862701,21.497711,1012.1919,-1.5328636,-2.881463,1.0,81.59614,0.0
2022-03-02 00:00:00,24.078033,22.289337,1010.51935,0.25344944,-3.1931906,1.0,89.75313,0.0
2022-03-02 06:00:00,29.295807,21.329254,1012.54626,-3.0181074,-3.3329916,0.9717244,62.251854,0.0
2022-03-02 12:00:00,29.68814,21.278229,1008.51373,-2.353835,-2.7448835,1.0,60.669033,0.0
2022-03-02 18:00:00,25.622772,22.484894,1011.2294,-2.3976173,-2.4789953,1.0,82.82657,0.0
2022-03-03 00:00:00,24.954987,22.733307,1009.0613,-0.13569927,-3.2565298,1.0,87.49281,0.0003814057
2022-03-03 06:00:00,29.96817,22.755402,1011.285,-3.8271856,-4.3352623,0.786372,65.325966,0.0
2022-03-03 12:00:00,29.023224,21.76944,1008.16437,-3.2872248,-3.948985,0.99354887,64.967125,0.0
2022-03-03 18:00:00,26.485077,21.753448,1010.66,-1.193902,-4.3578863,1.0,75.27703,0.007819384
2022-03-04 00:00:00,25.66037,22.65506,1008.7344,-0.2985344,-4.0669622,0.9867702,83.50028,0.018116087
2022-03-04 06:00:00,28.30008,23.058014,1010.39624,-2.2741566,-6.6082945,1.0,73.271736,0.2157314
2022-03-04 12:00:00,27.657257,23.461456,1008.1294,-2.6050606,-4.1581945,1.0,77.94731,0.0
2022-03-04 18:00:00,25.472595,22.581879,1010.4981,-1.3421278,-4.4588127,1.0,84.06215,0.39578593
2022-03-05 00:00:00,25.406586,21.594086,1008.3075,0.20371056,-3.3108902,1.0000001,79.462395,0.0
2022-03-05 06:00:00,30.001251,21.327972,1010.34937,-0.7597666,-4.081645,0.99999994,59.768074,0.0
2022-03-05 12:00:00,28.921417,22.675018,1007.27563,-3.608636,-4.3267984,0.9718409,69.05509,0.0
2022-03-05 18:00:00,26.22165,21.214813,1009.5681,-1.6430511,-4.4842186,0.94713193,73.97667,0.0
2022-03-06 00:00:00,25.44461,21.65805,1007.65436,-0.12048054,-3.9479885,0.9086988,79.59375,0.07132441
2022-03-06 06:00:00,28.489655,22.157135,1009.6075,-2.6796293,-5.6808214,0.97631454,68.6121,0.13571228
2022-03-06 12:00:00,27.161285,22.721954,1007.2656,-3.1861248,-5.170677,0.49530774,76.734726,0.0
2022-03-06 18:00:00,24.290222,22.159088,1010.71625,-2.0400686,-4.100073,0.8944335,87.91805,0.20140651
2022-03-07 00:00:00,23.62735,22.12613,1007.9938,-2.879652,-3.0716553,0.5382313,91.30708,0.0
2022-03-07 06:00:00,27.545197,24.66098,1010.1175,-4.0014267,-0.52936363,0.8987455,84.31915,0.0
2022-03-07 12:00:00,26.099518,24.078796,1008.09875,-3.2932062,-0.9246502,0.9521892,88.65647,0.3551283
2022-03-07 18:00:00,25.742218,23.192383,1010.96814,-1.6255522,-1.623599,0.66458786,85.84421,0.0
2022-03-08 00:00:00,25.130463,22.760834,1009.34436,-1.0015383,-1.3017349,0.6668353,86.72714,0.000668566
2022-03-08 06:00:00,29.789948,22.333405,1010.79126,-2.494729,-1.7017889,0.21431202,64.329056,0.0
2022-03-08 12:00:00,29.32486,21.573029,1007.47314,-3.0376034,-1.2620134,0.0006637573,63.082146,0.0
2022-03-08 18:00:00,25.97348,23.424042,1010.4775,-2.6619835,-0.9266596,0.029939115,85.868866,0.0
2022-03-09 00:00:00,24.366974,22.581451,1008.6425,0.45038223,-1.3670311,0.29150015,89.791435,0.0
2022-03-09 06:00:00,30.610626,22.481964,1010.35065,-2.0101948,-1.324235,0.18424052,61.927032,0.0
2022-03-09 12:00:00,29.328156,22.444244,1006.66,-3.2430859,-0.8182955,0.0,66.51119,0.0
2022-03-09 18:00:00,25.090363,22.772736,1009.85565,-2.2875662,-1.3627691,0.010757446,86.997314,0.0
2022-03-10 00:00:00,23.752594,21.771942,1008.1075,0.11928558,-1.3646145,0.39288208,88.684135,0.0
2022-03-10 06:00:00,29.794098,22.365997,1010.0056,-1.8679695,-0.8144293,0.3219208,64.4413,0.0
2022-03-10 12:00:00,29.209991,21.338165,1006.6394,-2.99053,-1.1441898,0.60265046,62.59545,0.0
2022-03-10 18:00:00,25.320465,22.949371,1009.47375,-1.9295597,-1.5015907,0.004442215,86.737,0.0
2022-03-11 00:00:00,24.828888,22.99533,1008.1125,-0.33252525,-1.8207006,0.6674017,89.56417,0.0
2022-03-11 06:00:00,30.112335,22.94754,1009.60626,-1.7712965,-2.0572033,0.44268206,65.545876,0.0
2022-03-11 12:00:00,29.199005,22.270538,1006.01685,-3.323452,-1.6290703,0.0,66.305145,0.0
2022-03-11 18:00:00,24.989838,22.87033,1009.01624,-1.68225,-1.3586006,0.03332901,88.03933,0.0
2022-03-12 00:00:00,24.364166,22.649567,1007.695,0.42344284,-1.8353987,0.7164766,90.178635,0.00085821375
2022-03-12 06:00:00,30.106476,22.145172,1009.03876,-1.0789547,-1.9687042,0.0573349,62.44958,0.0
2022-03-12 12:00:00,29.711945,21.557648,1005.39874,-3.3570213,-1.8388672,0.058807373,61.63172,0.0
2022-03-12 18:00:00,25.105621,22.252045,1008.935,-1.8437338,-1.6537971,0.0,84.212166,0.0
2022-03-13 00:00:00,24.493683,22.674957,1007.03937,-0.20657349,-2.210392,0.72423,89.61996,0.0
2022-03-13 06:00:00,30.186676,22.35086,1009.3569,-2.5964556,-2.3696966,0.8071924,62.945908,0.0
2022-03-13 12:00:00,29.586212,21.290192,1006.7294,-2.9169588,-1.8350573,0.97112,61.071133,0.0
2022-03-13 18:00:00,26.146759,22.976715,1009.28436,-1.1013632,-2.2450037,0.95106375,82.72641,0.0
2022-03-14 00:00:00,25.2529,23.14798,1007.765,0.17333412,-2.2132053,0.29915708,88.13911,0.0
2022-03-14 06:00:00,31.104034,21.712555,1010.0206,-2.5074415,-2.455842,0.9329256,57.44911,0.0
2022-03-14 12:00:00,29.484161,21.651398,1006.2519,-3.244111,-0.83155155,0.36218256,62.805176,0.0
2022-03-14 18:00:00,25.561676,22.850983,1009.1806,-1.5144434,-1.5394745,0.0,84.99455,0.0
2022-03-15 00:00:00,23.957977,22.58664,1006.9819,0.37554073,-1.1314573,0.98563176,92.05104,0.0
2022-03-15 06:00:00,30.800934,21.977814,1008.27313,-0.47619724,-0.76497555,1.0000002,59.405605,0.0
2022-03-15 12:00:00,29.714874,21.18155,1004.9519,-3.1721735,0.028557777,0.63803214,60.217564,0.0
2022-03-15 18:00:00,25.61914,23.024384,1007.5037,-1.8958693,0.65884256,0.93063545,85.59915,0.0
2022-03-16 00:00:00,23.962677,22.228851,1006.16815,1.9844073,-0.28428364,0.899971,90.045044,0.0
2022-03-16 06:00:00,30.980011,19.03006,1007.6744,-0.16071731,0.41322994,1.0000001,49.026497,0.0
2022-03-16 12:00:00,30.040924,21.87259,1003.77686,-3.264122,1.5751307,1.0,61.651855,0.0
2022-03-16 18:00:00,25.382172,22.662994,1006.66437,-0.6432066,1.7719765,1.000001,84.93225,0.0
2022-03-17 00:00:00,24.538605,22.553253,1004.66626,2.0490913,0.10918903,0.9678397,88.72156,0.0
2022-03-17 06:00:00,32.48404,19.883087,1006.4319,-0.73323154,0.6626606,0.8434892,47.468082,0.0
2022-03-17 12:00:00,31.45755,21.705719,1003.2919,-3.0421429,1.1436839,0.9251886,56.28109,0.0
2022-03-17 18:00:00,26.059967,23.313019,1006.4906,-1.561388,1.4346766,0.95978814,84.86002,0.0
2022-03-18 00:00:00,25.024567,23.554962,1005.34875,1.003875,1.2166499,0.99655163,91.56804,0.00028591603
2022-03-18 06:00:00,31.297516,23.724396,1007.0125,-0.07785797,1.2766111,0.07300787,64.19337,0.0
2022-03-18 12:00:00,31.71048,24.245026,1002.3706,-2.2022352,1.3104804,0.001996994,64.69658,0.0
2022-03-18 18:00:00,27.295624,24.899933,1005.815,-1.514369,2.3727818,0.46008882,86.790215,0.0
2022-03-19 00:00:00,27.53189,25.819916,1005.0581,0.53316116,1.1137247,0.51859176,90.41065,0.0049583614
2022-03-19 06:00:00,32.415802,24.264984,1006.6425,0.5081902,1.4203019,0.17571136,62.23913,0.0
2022-03-19 12:00:00,31.970734,24.765045,1002.035,-3.1023493,1.2452406,0.19903761,65.764084,0.0
2022-03-19 18:00:00,28.395447,25.294342,1005.40375,-1.6291342,3.734414,0.19769865,83.32833,0.0
2022-03-20 00:00:00,27.386688,25.228424,1004.09125,0.23835081,1.2683067,0.11666167,88.03497,0.0
2022-03-20 06:00:00,33.027252,23.140045,1006.29376,1.1436845,-0.056818962,0.08901641,56.194286,0.0010486692
2022-03-20 12:00:00,32.63858,24.2565,1002.03064,-1.7802954,0.47675723,0.42121613,61.430603,0.457013
2022-03-20 18:00:00,28.178497,24.927155,1005.90814,0.08097136,2.7909343,0.17432392,82.56104,0.0
2022-03-21 00:00:00,27.572418,25.263458,1004.33435,1.2077321,2.1885293,0.22059566,87.26485,0.0
2022-03-21 06:00:00,34.15323,23.277496,1005.7175,1.382008,1.1353607,0.1672303,53.20179,0.0
2022-03-21 12:00:00,34.22867,23.517975,1001.84375,-1.640871,2.5170627,0.40508813,53.752934,0.0
2022-03-21 18:00:00,29.153137,24.775421,1005.9269,0.8501237,3.2142954,0.4606436,77.31811,0.0062957406
2022-03-22 00:00:00,27.024506,24.022858,1004.66125,1.9906764,1.0012169,0.9890607,83.671394,0.0
2022-03-22 06:00:00,33.4722,22.812164,1006.5806,0.33742332,-1.1645184,0.4476626,53.731503,0.0001906592
2022-03-22 12:00:00,31.286041,24.404327,1002.96625,-2.723587,1.4213536,0.9234392,66.91189,0.0
2022-03-22 18:00:00,29.432556,25.93454,1006.08185,-1.5419016,2.3717833,0.9911376,81.50925,0.0
2022-03-23 00:00:00,27.539948,25.5708,1005.1244,0.1132803,1.441845,0.9636155,89.0426,0.3407523
2022-03-23 06:00:00,32.638824,25.342377,1006.84814,-0.9818754,2.1950216,0.9972103,65.544815,0.0
2022-03-23 12:00:00,31.170319,25.604645,1002.84686,-2.1579227,2.9404545,0.2932674,72.35102,0.0
2022-03-23 18:00:00,28.35147,25.846405,1006.39435,-0.587059,2.7446394,0.28418672,86.32521,0.0011441298
2022-03-24 00:00:00,27.899841,25.26593,1005.0769,0.519103,1.8478067,0.28007448,85.62399,0.013827812
2022-03-24 06:00:00,31.652863,25.202301,1007.7969,-1.1720161,2.7337322,0.39454252,68.729004,0.27161464
2022-03-24 12:00:00,31.157257,24.808075,1003.8706,-2.0174408,3.119256,0.12785219,69.05157,0.0
2022-03-24 18:00:00,28.28714,25.491028,1007.03564,-0.7386627,2.5734224,0.041990835,84.84118,9.534415e-05
2022-03-25 00:00:00,27.66156,25.103333,1006.04376,0.37073803,1.8687305,0.36025923,85.98742,0.014305321
2022-03-25 06:00:00,31.917145,25.669708,1008.655,-0.5095784,3.057229,0.5518729,69.61364,0.08936097
2022-03-25 12:00:00,31.536285,25.730377,1005.8325,-2.0070162,2.5910282,0.26358917,71.390724,0.0
2022-03-25 18:00:00,27.967194,25.12259,1009.1575,-0.81283665,2.6392393,0.055232003,84.56348,0.0
2022-03-26 00:00:00,27.39914,25.091095,1007.8975,-0.1439991,1.6053591,0.26594695,87.2543,0.040435698
2022-03-26 06:00:00,31.99405,25.860992,1010.83435,-1.4135771,1.7976513,0.30930766,70.10148,0.015540943
2022-03-26 12:00:00,31.59964,24.615631,1007.22186,-2.928422,2.5073795,0.14608765,66.56582,0.0
2022-03-26 18:00:00,27.788025,25.32785,1010.26624,-1.1945229,2.237486,0.18834901,86.50277,0.0
2022-03-27 00:00:00,28.058228,25.347351,1008.58435,0.4306383,1.5012443,0.6455966,85.248634,0.005722046
2022-03-27 06:00:00,32.306183,25.061188,1010.83936,-0.7707329,1.8449459,0.13173506,65.678116,0.019172562
2022-03-27 12:00:00,31.212433,25.152252,1006.575,-3.0976095,2.0988505,0.12673187,70.26222,0.0
2022-03-27 18:00:00,28.062988,25.570587,1009.7594,-1.3994036,1.8487717,0.0,86.36295,0.0
2022-03-28 00:00:00,27.723602,25.117004,1008.4313,0.07598114,1.92519,0.30519837,85.74604,0.001527369
2022-03-28 06:00:00,32.876495,24.8768,1009.9938,-1.3193731,2.175705,0.17195795,62.904243,0.010298565
2022-03-28 12:00:00,32.25296,24.886871,1006.41626,-2.6428375,2.2494287,0.017982483,65.19472,0.0
2022-03-28 18:00:00,28.147888,25.138275,1009.0375,-0.91814995,2.0779743,0.0033874512,83.755745,0.0
2022-03-29 00:00:00,28.075073,25.297821,1007.1625,0.34158897,2.1518936,0.26234895,84.91441,0.0003799796
2022-03-29 06:00:00,32.969635,24.67398,1008.8806,0.035082996,2.5283947,0.100746214,61.82216,0.0001937151
2022-03-29 12:00:00,32.442413,25.8544,1004.91,-2.1409416,3.6043196,0.090911865,68.32015,0.0
2022-03-29 18:00:00,29.08667,26.180908,1007.83,-0.36365223,3.393899,0.08714521,84.37512,0.0
2022-03-30 00:00:00,28.44693,25.949554,1006.83813,0.9853217,2.7452374,0.30011237,86.37348,0.0009536743
2022-03-30 06:00:00,34.268097,24.200226,1008.46625,0.26351506,2.9616318,0.11336994,55.881195,0.0
2022-03-30 12:00:00,33.219147,25.587433,1004.46124,-1.5033016,4.0183363,0.041786194,64.37041,0.0
2022-03-30 18:00:00,28.80429,25.449615,1007.7569,0.8150316,3.950776,0.028751105,82.12862,0.0
2022-03-31 00:00:00,27.769806,25.198273,1006.8094,1.7398617,3.0636024,0.13429551,85.92976,0.0
2022-03-31 06:00:00,34.013336,23.912506,1008.66125,0.23315519,2.706707,0.0035762787,55.709778,0.0
2022-03-31 12:00:00,32.898956,25.493805,1004.2525,-1.7930212,3.6388187,0.0,65.17569,0.0
2022-03-31 18:00:00,28.95111,25.803375,1008.1406,-0.79541683,3.697956,0.00515467,83.16064,0.0
2022-04-01 00:00:00,28.322113,26.146149,1007.09875,0.8223715,2.1824865,0.9439909,88.02039,0.04711002
2022-04-01 06:00:00,32.270416,25.993439,1009.4288,-0.8368654,3.3156462,0.22639835,69.55736,0.007826835
2022-04-01 12:00:00,31.943146,25.310333,1005.315,-1.5979958,3.2029486,0.0892057,68.042915,0.0
2022-04-01 18:00:00,28.354492,25.564728,1009.2969,-1.0501785,3.7573013,0.039163455,84.88009,0.0
2022-04-02 00:00:00,27.759644,25.274536,1008.3169,-0.083002925,2.7489052,0.19927779,86.37192,0.037953258
2022-04-02 06:00:00,32.98111,24.700958,1010.5581,-0.33153182,2.747159,0.22365022,61.881973,0.0
2022-04-02 12:00:00,31.782623,25.245392,1006.03876,-2.3657522,3.093377,0.11457825,68.40005,0.0
2022-04-02 18:00:00,28.446564,25.873077,1009.32,-0.7935877,3.2495775,0.04144287,85.98503,0.0
2022-04-03 00:00:00,28.317719,25.037354,1008.08124,0.34194344,1.6688321,0.281707,82.43467,0.013157725
2022-04-03 06:00:00,33.252716,24.347076,1009.53375,-1.5091724,1.6471329,0.088827625,59.66818,0.004677374
2022-04-03 12:00:00,32.00235,25.00821,1005.6069,-2.9460316,2.1151466,0.14981842,66.60593,0.0
2022-04-03 18:00:00,28.292786,25.24408,1008.415,-1.8806295,1.9699936,0.0020370483,83.57706,0.0
2022-04-04 00:00:00,27.843658,25.13971,1008.0725,-0.36700344,1.1454139,0.21091498,85.262146,0.022797212
2022-04-04 06:00:00,33.29605,23.772858,1009.55,-2.0316792,1.2155528,0.13128078,57.50605,0.0
2022-04-04 12:00:00,32.044342,25.240387,1007.08624,-4.062543,1.6742408,0.0059890747,67.37312,0.0
2022-04-04 18:00:00,28.302216,25.517548,1011.2369,-2.3522377,1.3115553,0.0011825562,84.900406,9.49949e-05
2022-04-05 00:00:00,28.010681,24.692657,1010.03564,0.36460018,0.83106714,0.26779717,82.21314,0.013256209
2022-04-05 06:00:00,33.016754,24.444366,1011.8894,-1.842062,1.800559,0.2599938,60.81752,0.027279576
2022-04-05 12:00:00,31.936188,23.988861,1008.19,-3.5950336,1.756887,0.009992826,62.89941,0.0
2022-04-05 18:00:00,27.926025,25.247375,1011.66315,-1.5876074,1.462225,0.010719299,85.39893,0.0
2022-04-06 00:00:00,26.601837,24.62207,1010.4344,0.4902172,-0.20157307,0.28421074,88.91385,0.0010486692
2022-04-06 06:00:00,32.886627,23.701324,1012.1281,-1.4210424,0.5278931,0.22965103,58.59126,0.0057239085
2022-04-06 12:00:00,32.594147,24.457672,1007.65125,-3.0411863,1.9795349,0.37133396,62.33138,0.035189092
2022-04-06 18:00:00,28.325989,24.076416,1011.2606,-0.843853,1.8299837,0.6439252,77.79224,0.0
2022-04-07 00:00:00,27.232635,23.87436,1008.95935,0.8305156,0.28933212,0.1678009,81.92132,0.00028591603
2022-04-07 06:00:00,33.31363,23.630768,1010.3,-1.1024456,0.49898642,0.10915367,56.96002,0.0047683716
2022-04-07 12:00:00,32.56668,24.556305,1006.5225,-3.6923275,1.245456,0.0954915,62.79758,0.0
2022-04-07 18:00:00,28.447845,25.117828,1009.53,-1.6447105,1.0846658,0.23497479,82.20654,0.0
2022-04-08 00:00:00,27.320007,24.559204,1008.1131,0.28864098,-0.03643471,0.29257298,84.91993,0.10012455
2022-04-08 06:00:00,31.974152,25.35196,1009.53815,-1.4591455,0.6235074,0.35409403,68.09188,0.021474004
2022-04-08 12:00:00,30.736664,25.155426,1006.295,-3.4248695,1.3092109,0.3406824,72.20913,0.0
2022-04-08 18:00:00,27.926361,25.465424,1009.33,0.08096409,1.8366828,0.9642568,86.511734,0.016787756
2022-04-09 00:00:00,27.823761,24.128784,1007.1881,0.0903787,-0.49228,0.9425857,80.35495,0.0
2022-04-09 06:00:00,32.28775,23.786957,1008.1769,-0.8275156,-0.34901047,0.9739869,60.916687,0.0
2022-04-09 12:00:00,29.385284,25.00412,1005.2544,-2.9913616,1.3396058,0.99881625,77.33637,0.0
2022-04-09 18:00:00,27.37677,25.075165,1007.92377,0.614171,0.15486526,0.9941227,87.285774,0.032514334
2022-04-10 00:00:00,26.097961,24.230194,1006.63873,-0.25393772,-1.2825012,0.99999994,89.47369,1.974215
2022-04-10 06:00:00,29.433868,25.810211,1008.3713,-1.0610046,-2.7407007,1.0,80.90503,0.0
2022-04-10 12:00:00,27.924164,26.192474,1005.225,-1.2251139,-1.6391573,1.0,90.331825,0.0
2022-04-10 18:00:00,26.686127,25.491241,1007.33875,-1.6396389,-0.78127575,1.0,93.177246,0.9448158
2022-04-11 00:00:00,26.257751,24.730743,1005.53186,0.09553242,-1.1860867,0.9977789,91.328285,0.0
2022-04-11 06:00:00,30.650543,25.889313,1007.4881,-0.76356316,-1.9863081,0.9983955,75.79828,0.3049848
2022-04-11 12:00:00,29.310638,25.54007,1003.84,-2.055747,-0.9803982,0.99856585,80.187195,0.0
2022-04-11 18:00:00,28.084625,25.527435,1006.9938,-1.2444372,0.09859949,1.0,86.03341,0.0
2022-04-12 00:00:00,27.122192,25.012573,1004.9269,0.3296337,-0.6513672,0.9978518,88.26857,0.012889797
2022-04-12 06:00:00,31.966461,26.359406,1007.02936,-1.2634144,0.3555376,0.9653685,72.31116,0.03508633
2022-04-12 12:00:00,30.585419,25.785736,1003.21875,-3.0902824,-0.17870253,0.8617258,75.615685,0.0
2022-04-12 18:00:00,27.54419,25.116058,1006.2319,0.00859642,1.3646324,0.9858767,86.645325,0.12132828
2022-04-13 00:00:00,27.247192,24.989044,1004.09375,0.7790518,0.14101219,0.9978824,87.50083,0.086799264
2022-04-13 06:00:00,30.9711,25.49472,1006.5037,-1.2095633,0.09938127,1.0000001,72.70136,0.0
2022-04-13 12:00:00,29.442719,25.228088,1003.62,-0.5143814,1.271872,1.0,78.1158,0.0
2022-04-13 18:00:00,26.993195,24.810516,1006.5731,0.85551286,3.0387983,1.0,87.87395,0.001989305
2022-04-14 00:00:00,26.912384,24.311401,1005.29376,1.8545837,1.5001814,0.9900869,85.69515,0.0
2022-04-14 06:00:00,32.209137,24.902618,1007.0725,1.5169712,2.178197,0.9999999,65.41788,0.25746036
2022-04-14 12:00:00,31.806671,25.00647,1003.73,-0.18792188,2.7652454,0.8954117,67.341606,0.0
2022-04-14 18:00:00,28.37918,25.233307,1007.10815,1.7787166,2.9428673,0.27514958,83.10483,0.00018812716
2022-04-15 00:00:00,27.284393,24.299622,1004.9338,1.3902862,2.1042514,0.8762095,83.784935,0.0
2022-04-15 06:00:00,33.042145,24.870117,1006.72437,1.1693197,2.4831772,0.29113698,62.29618,0.0
2022-04-15 12:00:00,33.88968,24.717133,1002.3006,-0.78699493,3.9376993,0.017249912,58.86693,0.0
2022-04-15 18:00:00,29.32132,25.418549,1005.77185,1.2179556,3.8449821,0.022623956,79.56128,0.0
2022-04-16 00:00:00,28.272797,24.999329,1003.9469,1.5542408,2.8723755,0.22298309,82.46326,9.49949e-05
2022-04-16 06:00:00,33.673615,25.85675,1005.2431,1.561687,2.025136,0.27592275,63.762123,0.05407375
2022-04-16 12:00:00,33.20108,26.22696,1001.0563,-0.7598047,4.0460157,0.2458334,66.92289,0.0
2022-04-16 18:00:00,29.279022,26.269684,1005.1856,1.4025433,3.8215942,0.29548895,83.880974,9.685755e-05
2022-04-17 00:00:00,27.65207,24.794098,1003.4338,1.2296252,3.269158,0.07293701,84.46283,0.00029057264
2022-04-17 06:00:00,33.32242,25.329926,1005.8094,1.552273,1.9800248,0.2297203,63.026737,0.03823638
2022-04-17 12:00:00,32.23587,25.23233,1003.08936,-0.26122475,4.5228643,0.56075746,66.61515,0.0
2022-04-17 18:00:00,26.52414,24.149567,1007.27435,1.4942667,1.95386,0.9668046,86.829414,0.029563904
2022-04-18 00:00:00,26.488068,23.478119,1005.83813,1.5167956,1.1507801,0.48127836,83.569786,0.0
2022-04-18 06:00:00,32.757477,25.216217,1007.77814,0.3262331,-0.71542835,0.2813084,64.62125,0.07973611
2022-04-18 12:00:00,33.183746,25.728577,1004.6262,-2.5094566,2.0627022,0.3740425,65.04084,0.0
2022-04-18 18:00:00,29.279602,25.647339,1008.1869,1.1861374,1.0813522,0.98017395,80.84421,0.0
2022-04-19 00:00:00,28.080048,25.054718,1007.3275,0.8599839,1.0830452,0.7879951,83.6699,0.0
2022-04-19 06:00:00,34.019318,25.4039,1008.6106,0.023971379,-0.33961105,0.86296374,60.88397,0.049211085
2022-04-19 12:00:00,33.389313,25.229706,1005.6075,-2.4023151,1.44682,0.88280046,62.417477,0.0
2022-04-19 18:00:00,29.821503,26.635406,1007.79126,-1.1434412,2.1870837,0.14077759,83.07107,0.0
2022-04-20 00:00:00,28.173523,25.936707,1006.4288,0.051671147,1.5971236,0.56158686,87.691574,0.06523356
2022-04-20 06:00:00,32.99478,26.463837,1007.3681,-1.0234509,1.138557,0.28148934,68.656296,0.0
2022-04-20 12:00:00,32.394318,26.051666,1003.91437,-2.6194086,2.1804056,0.13394928,69.31063,0.0
2022-04-20 18:00:00,29.270355,26.012665,1006.21063,-1.7430706,1.6420867,0.0081214905,82.65747,0.0
2022-04-21 00:00:00,27.960724,25.259003,1005.77875,-1.1712351,1.2615864,0.13161862,85.28524,0.01086889
2022-04-21 06:00:00,33.22281,25.114166,1006.625,-1.9685974,1.3200421,0.19440997,62.57118,0.029377976
2022-04-21 12:00:00,32.24478,25.751007,1003.72815,-2.8633642,2.1774282,0.039283752,68.66505,0.0
2022-04-21 18:00:00,28.926086,26.166443,1007.38873,-1.1416359,1.7515025,0.18436319,85.09024,0.0022882596
2022-04-22 00:00:00,27.391754,25.121735,1006.6406,0.12201309,1.517138,0.2181263,87.45153,0.07772174
2022-04-22 06:00:00,33.16153,24.463348,1008.1075,-1.8285618,0.53619146,0.13248575,60.393436,0.0
2022-04-22 12:00:00,31.769562,25.322296,1005.0275,-3.0455036,1.3772352,0.073272705,68.76465,0.0
2022-04-22 18:00:00,28.504578,25.30243,1008.47687,-1.0662565,1.9697111,0.98595214,82.84137,0.0
2022-04-23 00:00:00,27.263245,24.885406,1007.33,0.06670308,2.3691418,0.9696491,86.87977,0.24986468
2022-04-23 06:00:00,32.546417,24.9906,1008.98126,0.70434,2.1191711,0.94643277,64.5214,0.0
2022-04-23 12:00:00,30.585358,25.617096,1005.3306,-1.9813519,2.2782955,0.94144547,74.863365,0.0
2022-04-23 18:00:00,28.299835,25.473572,1008.8644,-0.032167137,2.184822,0.9616891,84.69066,0.0
2022-04-24 00:00:00,27.111969,24.429688,1006.0225,0.947765,0.58254087,0.95277756,85.29867,0.004575588
2022-04-24 06:00:00,32.84659,24.616394,1007.2537,-0.40705794,-0.15091687,0.67693555,62.03765,0.0
2022-04-24 12:00:00,32.063263,25.101715,1003.5094,-2.5700054,1.6060398,0.24130118,66.747574,0.0
2022-04-24 18:00:00,28.549652,26.002502,1006.4956,-1.1697073,1.4948149,0.43218064,86.12908,0.0
2022-04-25 00:00:00,28.49942,25.899109,1005.5769,0.3689165,1.5110505,0.74940956,85.85363,0.00028684735
2022-04-25 06:00:00,33.110382,25.4628,1006.79065,-0.632823,1.7787886,0.109307975,64.28711,0.013832003
2022-04-25 12:00:00,32.802887,25.94522,1003.16315,-2.0905962,2.7445621,0.08892822,67.30694,0.0
2022-04-25 18:00:00,29.340576,26.200256,1006.3719,-1.2941065,2.1698008,0.0019950867,83.24121,0.0
2022-04-26 00:00:00,28.085297,25.832184,1005.8544,-0.07510376,1.9009326,0.45559394,87.59943,9.49949e-05
2022-04-26 06:00:00,33.553497,25.383331,1007.1925,-0.8605757,1.7067173,0.14641315,62.413734,0.0033397228
2022-04-26 12:00:00,32.267853,26.456818,1003.59686,-2.6443043,2.0029597,0.008606911,71.498314,0.0
2022-04-26 18:00:00,28.997772,26.38443,1006.8137,-1.5205679,2.0368748,0.39360046,85.83577,0.0
2022-04-27 00:00:00,28.246338,25.900543,1005.7656,0.20827484,1.0291979,0.4265991,87.133804,0.0
2022-04-27 06:00:00,33.52115,25.308868,1006.69,-1.34972,1.3710558,0.90217096,62.250645,0.0011436641
2022-04-27 12:00:00,32.20865,25.592926,1003.4075,-3.2778978,2.2866383,0.42025757,68.16319,0.0
2022-04-27 18:00:00,28.47586,25.457031,1006.5831,-1.0072746,2.179615,0.0,83.74595,0.0
2022-04-28 00:00:00,27.76706,24.790009,1006.375,0.75541115,1.2114657,0.20007092,83.87671,0.0
2022-04-28 06:00:00,33.6044,24.86148,1007.5675,0.31591552,2.2858562,0.21514767,60.33125,0.00028591603
2022-04-28 12:00:00,32.92227,25.433014,1004.07874,-1.7935009,2.6282787,0.0387435,64.85556,0.0
2022-04-28 18:00:00,29.77655,26.221313,1007.9256,0.47188276,3.5776634,0.12844342,81.27634,0.0
2022-04-29 00:00:00,28.735382,25.896576,1006.4506,1.0667479,1.7438561,0.7093096,84.67305,9.685755e-05
2022-04-29 06:00:00,34.494537,25.450043,1007.03436,-0.8489313,1.9708163,0.32662886,59.45614,0.0
2022-04-29 12:00:00,32.687775,26.761993,1003.3256,-1.7597675,4.2885447,0.79889,71.090675,0.0
2022-04-29 18:00:00,29.783173,26.779846,1006.22815,0.35012808,3.9772015,0.21243016,83.965454,0.0
2022-04-30 00:00:00,29.304657,26.233215,1004.7944,1.5795882,2.4661038,0.7562716,83.57666,0.0
2022-04-30 06:00:00,34.61136,25.476837,1006.1213,1.3716708,0.15333652,0.9330387,59.165394,0.0
2022-04-30 12:00:00,34.07254,25.85025,1001.0538,-2.2436342,2.434017,0.0,62.332874,0.0
2022-04-30 18:00:00,29.98648,27.061249,1003.9263,-0.07878971,3.785882,0.0026607513,84.37351,0.0
2022-05-01 00:00:00,29.416107,26.704742,1002.8956,0.16248775,1.6804459,0.8403838,85.382256,0.00019092113
2022-05-01 06:00:00,35.585114,25.030914,1004.0469,0.6532459,1.2462606,0.8232425,54.591705,0.0
2022-05-01 12:00:00,33.596466,25.72403,1000.2225,-2.1130056,3.0836887,0.13793182,63.536175,0.0
2022-05-01 18:00:00,29.601013,26.298737,1004.7031,1.0327072,3.636858,0.02263584,82.47848,0.0
2022-05-02 00:00:00,28.136078,23.626617,1002.6775,2.708478,0.91651726,0.07295258,76.55789,0.0
2022-05-02 06:00:00,34.87503,24.572418,1003.4406,-0.24014091,-1.732441,0.81834394,55.245453,0.0
2022-05-02 12:00:00,32.73941,26.00528,1000.65063,-3.4343948,2.0773928,0.72601265,67.78849,0.0
2022-05-02 18:00:00,30.045746,26.872131,1004.3331,0.42929363,2.6744242,0.11676331,83.15753,0.0
2022-05-03 00:00:00,29.053009,26.273102,1003.4331,-0.22082329,1.278367,0.66201794,85.00133,0.0
2022-05-03 06:00:00,34.63138,25.075714,1004.8575,-1.2282429,1.0104473,0.84003407,57.705826,0.0
2022-05-03 12:00:00,33.49759,26.612946,1002.0175,-3.403328,2.9416351,0.015213013,67.33539,0.0
2022-05-03 18:00:00,29.94751,27.341156,1005.4944,-1.5290546,2.451891,0.18223836,85.962494,0.0
2022-05-04 00:00:00,29.13321,26.087738,1004.8069,0.029584885,1.9489652,0.37526512,83.68608,0.039957464
2022-05-04 06:00:00,33.503082,26.163544,1006.56,-0.4594373,1.3873181,0.41571683,65.55304,0.045966357
2022-05-04 12:00:00,32.346954,26.540314,1003.1425,-3.4846325,0.9981264,0.04877472,71.53075,0.0
2022-05-04 18:00:00,28.356476,25.71762,1006.9481,-0.20245838,1.5452216,0.1990776,85.6438,0.02002716
2022-05-05 00:00:00,28.013458,24.431305,1004.6881,0.7277201,0.33744526,0.31888592,80.92476,0.0
2022-05-05 06:00:00,34.250763,23.644073,1005.96063,-0.95645714,-0.8783016,0.05512437,54.09631,0.0
2022-05-05 12:00:00,33.5773,24.532745,1002.0806,-3.1345978,1.0804152,0.16377258,59.24747,0.0
2022-05-05 18:00:00,30.482086,25.952972,1006.0025,-0.67655563,2.4945087,0.12664601,76.8215,0.0005727634
2022-05-06 00:00:00,29.326294,26.008179,1004.26874,0.6385452,1.6918547,0.5541018,82.368996,0.0077253208
2022-05-06 06:00:00,33.843292,25.66153,1005.09937,0.79290676,0.66463286,0.9684038,62.43329,0.017071143
2022-05-06 12:00:00,34.000397,25.337189,1000.82,-1.8497658,2.146079,0.028228454,60.70703,0.0
2022-05-06 18:00:00,30.609253,26.746613,1005.02435,-0.5369854,2.6047945,0.3167922,79.92208,0.0
2022-05-07 00:00:00,27.990631,25.03775,1003.9506,1.1271727,0.5773802,0.21496552,84.02213,0.015446916
2022-05-07 06:00:00,34.953033,24.176666,1004.4219,0.8847042,0.43240827,0.09375171,53.718357,0.0
2022-05-07 12:00:00,32.78897,25.892853,1000.17126,-2.468625,1.9911752,0.59296227,67.15112,0.08870661
2022-05-07 18:00:00,30.236176,26.758148,1003.2606,-0.0441221,2.493526,1.0,81.70388,0.0
2022-05-08 00:00:00,28.611664,25.320343,1001.89624,0.39208132,1.2236843,0.9999996,82.4156,0.0
2022-05-08 06:00:00,34.72281,23.70755,1001.9888,1.0782461,-0.7703476,1.0,52.896385,0.0
2022-05-08 12:00:00,33.13626,25.377594,998.46564,-2.3632307,1.6086775,1.0,63.869453,0.0
2022-05-08 18:00:00,30.585602,27.040192,1001.1269,1.5612059,2.6667645,1.0,81.42354,0.0032414682
2022-05-09 00:00:00,28.876617,22.880768,999.8706,2.331171,0.26699734,1.0,70.10351,0.0
2022-05-09 06:00:00,33.78299,23.602875,1000.345,2.4655905,-0.50697327,1.0,55.389393,0.0
2022-05-09 12:00:00,33.41751,24.511383,997.2475,0.8201122,1.5117855,1.0,59.703762,0.0
2022-05-09 18:00:00,31.946991,22.53714,999.6669,2.8747568,3.3421054,1.0,57.58353,0.095369294
2022-05-10 00:00:00,28.63498,22.937653,999.1756,3.4200485,1.6685357,1.0,71.33804,0.0
2022-05-10 06:00:00,30.71585,23.727142,1001.475,2.202816,-0.9728365,1.0,66.369774,0.0072456896
2022-05-10 12:00:00,32.105988,23.26944,997.4456,3.9176602,1.9717379,1.0,59.65557,0.0
2022-05-10 18:00:00,30.01828,23.609161,1000.77875,4.0269413,2.8112152,1.0,68.58753,0.0
2022-05-11 00:00:00,28.426666,22.757599,999.5,2.8373723,1.9574779,1.0,71.42296,0.0
2022-05-11 06:00:00,31.487885,23.18686,1001.445,4.9941015,1.7426081,1.0,61.47624,0.0
2022-05-11 12:00:00,31.197113,23.310577,999.59564,3.1964965,-0.048171997,1.0,62.970646,0.0
2022-05-11 18:00:00,28.936798,22.297028,1002.95874,3.379816,2.05959,1.0000012,67.4272,0.0
2022-05-12 00:00:00,27.8544,22.150421,1002.1344,2.687737,2.1059592,0.7493217,71.16878,0.0
2022-05-12 06:00:00,34.26895,22.201752,1003.20435,4.111699,1.4653189,0.1526532,49.521618,0.0
2022-05-12 12:00:00,32.327606,21.941315,1000.6163,1.1899016,-1.0617905,0.6662393,54.349625,0.03376603
2022-05-12 18:00:00,28.505768,22.67752,1003.7356,4.1768,0.21460819,0.9727184,70.75095,0.0
2022-05-13 00:00:00,26.317535,21.093536,1002.8688,3.992375,1.2645223,0.9895641,73.01345,0.054985285
2022-05-13 06:00:00,31.105988,21.403534,1003.2825,3.4324684,2.0711455,0.84783167,56.366856,0.0
2022-05-13 12:00:00,32.50638,23.90152,1000.5225,0.18278527,1.5069203,0.98853624,60.585308,0.0
2022-05-13 18:00:00,30.121918,24.902252,1002.95685,0.5639092,3.659387,0.3894468,73.67668,0.006103888
2022-05-14 00:00:00,29.056366,22.836456,1001.60126,2.8225145,1.6277659,0.67194706,69.19175,0.0
2022-05-14 06:00:00,33.179596,24.53305,1003.25,3.7896862,1.7002703,0.94668955,60.584408,0.07763505
2022-05-14 12:00:00,32.205597,25.329132,1001.02124,1.213622,4.202491,0.7779153,67.11471,0.17433691
2022-05-14 18:00:00,28.503601,25.915314,1004.2994,1.5756693,3.265139,0.57185614,85.91517,0.0
2022-05-15 00:00:00,28.824005,22.769135,1003.2675,2.8839436,2.0190012,0.8651207,69.84346,0.0
2022-05-15 06:00:00,34.68936,24.026276,1003.5806,3.479825,1.3805335,0.9504639,54.02015,0.008199364
2022-05-15 12:00:00,33.429718,23.794342,1001.01373,-0.001294136,3.041275,0.6364932,57.15049,0.20499155
2022-05-15 18:00:00,30.045807,23.957428,1004.7981,1.9582195,1.6941195,0.9083861,69.92922,0.0
2022-05-16 00:00:00,27.810272,23.231537,1002.9294,2.6647654,1.3604461,0.9750546,76.188805,0.0
2022-05-16 06:00:00,33.39444,24.275452,1004.2463,2.8782616,0.11364019,0.97340846,58.94223,0.011056662
2022-05-16 12:00:00,31.86795,24.259308,1000.8144,-0.504241,2.4414198,0.9809724,64.176315,0.0045716185
2022-05-16 18:00:00,28.81015,25.340332,1003.6225,0.58191437,4.11874,0.95271355,81.56911,0.16931595
2022-05-17 00:00:00,28.829071,24.605865,1001.42126,1.6851046,1.6756685,0.8987609,77.98795,0.0
2022-05-17 06:00:00,33.796906,24.161774,1002.78937,0.80607367,3.1551294,0.9830557,57.237686,0.13104017
2022-05-17 12:00:00,32.125275,25.119171,999.3175,-1.2757254,4.5148335,0.35054493,66.58296,0.0
2022-05-17 18:00:00,29.575958,25.650574,1002.8569,0.72116125,3.8346715,0.93453026,79.4888,0.000189204
2022-05-18 00:00:00,28.974396,24.769226,1001.78564,1.9439433,3.2186728,0.9062145,78.09292,0.0
2022-05-18 06:00:00,34.326813,24.312042,1002.66064,1.603898,3.611351,0.86636907,56.07341,0.008963406
2022-05-18 12:00:00,32.152008,25.062897,1000.4519,0.7818233,4.900651,0.75728226,66.2598,0.29053724
2022-05-18 18:00:00,29.14627,25.281403,1003.98627,1.7471743,4.0571938,0.7677391,79.71731,0.0
2022-05-19 00:00:00,28.398956,23.541412,1003.84564,2.8683596,3.5507097,0.78526205,75.0095,0.0
2022-05-19 06:00:00,34.359894,23.27414,1004.77124,4.5265512,2.9974518,0.99800456,52.582146,0.0045718625
2022-05-19 12:00:00,31.161896,25.344513,1002.1731,1.9109659,4.3075714,0.7441655,71.275665,0.17759927
2022-05-19 18:00:00,29.631683,24.185211,1005.7581,2.8718586,2.4122643,0.27521282,72.601265,0.0
2022-05-20 00:00:00,28.386871,23.222443,1005.1944,2.8465881,3.0567532,0.5052008,73.63114,0.0
2022-05-20 06:00:00,34.765656,23.245087,1005.46875,3.294076,2.7044563,0.8739688,51.31932,0.017167069
2022-05-20 12:00:00,32.72354,24.165192,1002.78064,3.0555253,3.7158854,0.6287795,60.80335,0.28260827
2022-05-20 18:00:00,30.207489,23.933136,1005.8187,2.688696,2.2705579,0.43840867,69.18214,0.0
2022-05-21 00:00:00,28.808014,23.122711,1004.76624,2.7700624,2.5697203,0.9081301,71.420944,0.0
2022-05-21 06:00:00,35.30252,22.58957,1004.865,4.499241,2.3263788,0.29004332,47.876682,0.0
2022-05-21 12:00:00,35.149445,21.939606,1001.34937,3.67524,1.5856886,0.24207026,46.41123,0.0038146973
2022-05-21 18:00:00,30.745209,22.098541,1004.16376,3.8529453,1.6860341,0.13834041,60.03527,0.0
2022-05-22 00:00:00,29.250092,22.55075,1003.035,3.9847937,2.381843,0.7861787,67.245476,0.0
2022-05-22 06:00:00,35.275543,22.351593,1002.91815,4.9340353,0.64328957,0.25125527,47.259792,0.0
2022-05-22 12:00:00,34.484894,22.510895,1000.17065,3.9581146,1.3406868,0.87949586,49.85858,0.011630356
2022-05-22 18:00:00,30.577118,22.718536,1002.9437,4.2851315,1.8925011,0.5768223,62.94333,0.0
2022-05-23 00:00:00,29.68869,21.927338,1002.1244,3.5898857,1.5707192,0.44613868,63.124126,0.0
2022-05-23 06:00:00,35.931793,22.612152,1002.27625,3.5612612,0.57117444,0.9999992,46.30664,0.0012398232
2022-05-23 12:00:00,36.257965,20.709625,999.8231,-0.16431713,2.5349894,0.44092694,40.489365,0.000764383
2022-05-23 18:00:00,30.781036,25.080353,1002.58936,2.0140705,3.2842898,0.039683286,71.704865,0.0
2022-05-24 00:00:00,29.763092,23.638214,1003.1213,2.3883362,2.25221,0.99469197,69.72336,0.0
2022-05-24 06:00:00,36.790924,22.886871,1004.6144,1.8525579,1.1472995,0.53757674,44.916313,0.0
2022-05-24 12:00:00,33.58487,25.345367,1002.9481,-1.3131294,4.691294,0.8000814,62.163727,0.10291487
2022-05-24 18:00:00,29.410126,25.781097,1006.33563,0.886776,4.163349,0.9635975,80.87629,0.0
2022-05-25 00:00:00,29.478912,25.410614,1004.9956,1.6215348,2.5111194,0.98621327,78.803764,0.0
2022-05-25 06:00:00,35.955475,23.246124,1006.375,0.9913722,0.64908886,0.9831736,48.05623,0.0018118881
2022-05-25 12:00:00,34.328033,23.21402,1002.9775,-1.4186049,3.3928955,0.3539734,52.484524,0.01096772
2022-05-25 18:00:00,29.089935,25.063751,1007.2681,1.5877488,3.2489948,0.3119284,78.947624,0.015352853
2022-05-26 00:00:00,28.6521,25.355194,1006.0631,1.6077905,3.4735146,0.24327844,82.39298,0.0
2022-05-26 06:00:00,35.57144,24.558441,1006.7225,2.5739098,3.13309,0.1097015,53.113087,0.014782418
2022-05-26 12:00:00,32.5618,24.630768,1003.5588,0.6093105,5.357333,0.5724914,63.095222,0.016957056
2022-05-26 18:00:00,28.710388,24.430328,1006.8706,1.8949008,3.048956,0.51295465,77.70594,0.0
2022-05-27 00:00:00,29.27652,23.141693,1005.4869,2.5079398,2.766998,0.24977976,69.59059,0.0
2022-05-27 06:00:00,35.581696,23.16861,1006.0619,2.5675113,0.6834377,0.6312432,48.82708,0.0038146973
2022-05-27 12:00:00,33.22281,24.309662,1003.2644,0.60775054,2.7283344,0.6159606,59.63456,0.78606606
2022-05-27 18:00:00,28.638367,24.49936,1005.575,1.5345211,2.6889544,0.4694305,78.35444,0.0
2022-05-28 00:00:00,28.851349,23.174896,1004.415,2.6371174,2.3147264,0.3227396,71.46691,0.0
2022-05-28 06:00:00,35.276764,23.007233,1005.47314,3.440569,1.9321609,0.13169234,49.174194,0.0017159618
2022-05-28 12:00:00,32.469025,24.961823,1002.53314,0.7818146,3.2159815,0.6552874,64.69262,0.9756512
2022-05-28 18:00:00,29.28888,25.77774,1005.3094,1.3906982,3.640783,0.13876814,81.42817,0.0
2022-05-29 00:00:00,28.942505,22.828522,1004.345,2.8250504,2.3356051,0.45189446,69.61576,0.0
2022-05-29 06:00:00,34.92679,23.021393,1004.9244,3.309742,1.5058177,0.03059328,50.179375,0.006867107
2022-05-29 12:00:00,32.450836,24.574432,1002.45374,0.42212486,3.6246443,0.92149574,63.27792,0.043200795
2022-05-29 18:00:00,28.407074,26.121185,1004.97375,0.89190376,4.307187,0.8653549,87.457405,0.0
2022-05-30 00:00:00,28.998016,24.900665,1003.60565,2.3605695,3.3708613,0.35451156,78.600525,0.0
2022-05-30 06:00:00,34.553986,23.617767,1004.5025,2.782712,1.7152104,0.11305349,53.106915,0.008392613
2022-05-30 12:00:00,32.4263,25.324432,1001.5631,1.6504889,3.3349822,0.57204473,66.26454,0.058930833
2022-05-30 18:00:00,28.69992,25.556183,1004.735,2.3600705,2.5473504,0.9038704,83.151886,0.0
2022-05-31 00:00:00,28.602875,23.339325,1002.39685,3.4567413,1.1060724,0.8375136,73.22798,0.0
2022-05-31 06:00:00,34.26407,23.431793,1003.90814,3.7091942,0.7144642,0.9263066,53.36894,0.0020023435
2022-05-31 12:00:00,32.478058,24.088287,1000.8094,1.2844319,4.803668,0.5255946,61.36685,0.023460016
2022-05-31 18:00:00,29.343658,25.785187,1004.59064,1.7398927,3.8681424,1.0000002,81.20684,0.0
2022-06-01 00:00:00,28.784912,23.088531,1002.71124,3.6015463,2.1726847,0.99495995,71.368965,0.0
2022-06-01 06:00:00,34.929108,23.408417,1003.3275,4.019433,0.4819185,0.907538,51.36007,0.0016207341
2022-06-01 12:00:00,35.688995,23.794708,999.97626,2.3155975,1.209693,0.41992146,50.406616,0.46773604
2022-06-01 18:00:00,29.936493,24.895294,1004.2463,0.44289666,3.7920861,0.06068039,74.43476,0.0
2022-06-02 00:00:00,29.15921,23.135406,1002.91064,3.2870216,2.1464236,0.27787638,70.03734,0.0
2022-06-02 06:00:00,35.373566,23.361969,1002.96875,3.5845919,1.2201815,0.4530044,49.97172,0.0003813766
2022-06-02 12:00:00,34.899567,22.865875,1000.4225,-0.50763035,3.0921826,0.68367004,49.78417,0.012388919
2022-06-02 18:00:00,29.919037,25.00943,1003.065,1.8752992,3.7547202,0.8649124,75.01846,0.0
2022-06-03 00:00:00,29.31778,22.740753,1001.98,2.5002575,1.4400713,0.8193397,67.75985,0.0
2022-06-03 06:00:00,35.41922,22.826813,1002.4988,2.656769,1.2457504,0.040983804,48.25836,0.012302771
2022-06-03 12:00:00,35.85855,23.908844,1000.0144,0.34192848,4.010603,0.07911682,50.2818,0.0
2022-06-03 18:00:00,29.835968,24.874176,1003.6294,1.4188404,3.826761,0.1256894,74.772026,0.0
2022-06-04 00:00:00,29.386993,23.760162,1001.9431,2.3714476,1.6147547,0.24437034,71.77635,0.0
2022-06-04 06:00:00,35.065094,23.784088,1002.685,0.5711317,1.6885409,0.024117794,52.141476,0.00715279
2022-06-04 12:00:00,34.864655,24.662872,1000.6969,-0.7056751,4.758768,0.5500074,55.57704,0.109925635
2022-06-04 18:00:00,29.33548,25.509308,1003.58124,0.7715994,4.052966,0.9812364,79.926094,0.0
2022-06-05 00:00:00,29.147491,25.959015,1002.77124,1.3124585,3.2314584,0.7248759,82.98255,0.0
2022-06-05 06:00:00,35.538483,24.20694,1002.88,2.475282,2.9151325,0.29519522,52.101208,0.03299862
2022-06-05 12:00:00,34.755768,24.657135,1000.175,0.019384384,5.231809,0.8509665,55.89465,0.032119453
2022-06-05 18:00:00,27.475128,25.240753,1004.1094,1.6201583,3.5829263,0.9254136,87.64454,0.0
2022-06-06 00:00:00,27.536346,24.822235,1003.64,2.1139574,1.5112593,0.99893826,85.17939,0.0
2022-06-06 06:00:00,33.772614,23.967438,1003.6138,2.0385807,1.2725974,0.84144306,56.650585,0.003432855
2022-06-06 12:00:00,32.19107,26.334381,1001.91815,1.2071042,2.1169753,0.96237916,71.2924,0.15523471
2022-06-06 18:00:00,27.38263,24.92575,1005.10315,0.27121383,2.4764726,0.99069923,86.48198,0.0
2022-06-07 00:00:00,26.257233,24.872223,1003.2031,2.5951853,2.5113356,0.99164397,92.10593,0.0
2022-06-07 06:00:00,31.834381,24.42221,1004.9725,3.675272,2.438343,0.99600786,64.929214,0.012013816
2022-06-07 12:00:00,32.684723,23.294708,1002.47064,1.9696492,3.0916157,1.000003,57.825874,0.0
2022-06-07 18:00:00,28.727081,26.000519,1004.97876,2.004824,3.9319022,0.99393314,85.23672,0.0
2022-06-08 00:00:00,28.463379,23.417389,1003.405,3.3582325,2.1972692,0.9504432,74.1723,0.0
2022-06-08 06:00:00,34.28006,23.219635,1003.86,3.5129967,1.1090226,0.69935805,52.642788,0.0
2022-06-08 12:00:00,34.48355,24.048126,1001.23,2.3672001,3.7594237,0.48998433,54.713337,0.4014969
2022-06-08 18:00:00,29.785004,25.998932,1003.64435,1.5739366,4.3647356,0.0,80.175575,0.0
2022-06-09 00:00:00,28.788788,23.0607,1002.64874,2.6670113,2.0633948,0.4415146,71.232925,0.0
2022-06-09 06:00:00,34.931183,22.921478,1003.4225,1.9248304,1.2003518,0.42814046,49.86464,0.0
2022-06-09 12:00:00,34.747223,23.643341,1001.31,1.2344223,3.4642458,0.36758143,52.620888,0.038042665
2022-06-09 18:00:00,29.731049,26.16983,1004.3306,1.0995771,3.6298742,0.9914482,81.241974,0.0
2022-06-10 00:00:00,29.205475,26.21463,1003.7619,1.8380826,3.272109,0.9619256,83.964676,0.0
2022-06-10 06:00:00,35.040924,22.772858,1004.5575,3.455637,1.4422767,0.9459225,49.117992,0.0009536743
2022-06-10 12:00:00,34.74649,24.078278,1001.7,1.4850783,4.207746,0.99799883,54.01746,0.0
2022-06-10 18:00:00,28.77713,26.158234,1005.55,1.1886969,4.213767,0.92780566,85.78621,0.0
2022-06-11 00:00:00,29.43872,23.436981,1005.1181,2.4796414,1.8109484,0.99999994,70.18242,0.0
2022-06-11 06:00:00,33.839508,23.096344,1005.3181,3.064003,2.6083612,0.7728744,53.552013,0.0
2022-06-11 12:00:00,33.24185,25.014679,1002.8606,1.2172177,4.400757,0.85354024,62.134872,0.11649728
2022-06-11 18:00:00,29.676483,26.106354,1005.65314,1.5318214,3.5959418,0.9037347,81.19238,0.0
2022-06-12 00:00:00,28.930054,23.180634,1005.1219,2.309001,2.4410853,0.9964425,71.16646,0.0
2022-06-12 06:00:00,34.71878,23.19168,1005.4919,2.8100338,1.44799,0.74945074,51.28727,0.003242516
2022-06-12 12:00:00,33.413116,24.284332,1002.6806,0.7986168,4.5290866,0.38428903,58.91192,0.012254692
2022-06-12 18:00:00,29.110107,24.70102,1006.4494,0.570087,2.9282541,0.94840235,77.16698,0.0
2022-06-13 00:00:00,28.116943,22.40561,1005.96814,2.6346178,0.62088203,0.9742853,71.18431,0.0
2022-06-13 06:00:00,33.946564,23.572052,1006.28436,1.5918782,0.1332159,0.9989388,54.783695,0.0
2022-06-13 12:00:00,32.960358,24.392242,1002.865,-1.1447582,2.052544,0.99496025,60.820496,0.108234584
2022-06-13 18:00:00,29.339691,25.780548,1006.08875,0.58910215,4.1129074,0.26373875,81.203125,0.0
2022-06-14 00:00:00,28.761353,23.91983,1005.03876,2.2923203,2.2984734,0.52076244,75.13985,0.0
2022-06-14 06:00:00,34.678986,23.304474,1004.7469,0.73302764,-0.7574291,0.87267244,51.752155,0.01087226
2022-06-14 12:00:00,33.584137,24.965363,1002.5181,-1.6861649,3.5121589,0.8418565,60.775227,0.0
2022-06-14 18:00:00,28.051788,25.75064,1006.53064,0.74629474,2.7734137,0.99582684,87.34748,0.090390444
2022-06-15 00:00:00,26.16571,24.195892,1003.90564,1.581779,1.7747204,0.98889244,88.93287,0.0
2022-06-15 06:00:00,33.572906,24.196075,1005.1231,1.816451,-0.63076115,0.54913217,58.078777,0.0
2022-06-15 12:00:00,32.468903,25.532074,1001.90125,-0.9838228,1.755466,0.9323587,66.926216,0.757599
2022-06-15 18:00:00,26.93155,25.119324,1006.5225,0.46542776,1.4700949,0.9725593,89.83212,0.0
2022-06-16 00:00:00,26.544952,24.99002,1004.1431,1.1995928,1.0471117,0.9625489,91.19407,0.0
2022-06-16 06:00:00,32.845734,24.941437,1004.9819,0.8444975,0.11663723,0.2246421,63.256718,0.031091273
2022-06-16 12:00:00,32.11978,25.87564,1002.14124,-1.968751,2.9832895,0.89802325,69.664795,0.07446855
2022-06-16 18:00:00,26.223389,24.261505,1006.34937,2.2876892,1.7283428,0.9633986,88.9797,0.0
2022-06-17 00:00:00,26.85849,24.856812,1004.3013,1.6022272,0.76811695,0.99220586,88.81757,0.054263823
2022-06-17 06:00:00,31.671051,25.669159,1005.64185,-0.045793712,2.493362,1.0,70.58967,0.0
2022-06-17 12:00:00,31.048248,24.881989,1002.5613,-0.3639965,3.2748327,0.98865926,69.78916,0.15670288
2022-06-17 18:00:00,27.824158,24.70871,1005.3769,1.1610283,3.1644583,0.9018365,83.19248,0.0
2022-06-18 00:00:00,26.907501,24.07248,1004.635,0.20336288,1.8350484,0.50044423,84.5,0.00028684735
2022-06-18 06:00:00,33.441803,23.988312,1005.7319,0.5179625,1.8246107,0.91630024,57.781677,0.0021923333
2022-06-18 12:00:00,31.608795,24.202911,1002.6906,-0.2564497,3.6786518,0.98670405,64.90698,0.005910173
2022-06-18 18:00:00,27.970184,25.055908,1005.70435,1.2539008,2.9944963,0.1464842,84.2135,0.034624193
2022-06-19 00:00:00,27.315552,24.844757,1004.8881,0.91728055,2.8336315,0.6856436,86.403915,0.0
2022-06-19 06:00:00,32.930084,24.41159,1005.85065,2.1662874,0.5462789,0.964229,60.994766,0.0
2022-06-19 12:00:00,30.845978,25.605042,1002.9462,-1.0848179,3.547979,0.7702091,73.7037,0.5361229
2022-06-19 18:00:00,27.051422,24.41156,1005.5087,0.9414097,2.371502,0.6938648,85.50955,0.0
2022-06-20 00:00:00,27.486786,25.266388,1004.46185,1.3378311,1.419189,0.77881813,87.71847,0.0
2022-06-20 06:00:00,32.6846,24.119293,1004.9856,1.9565315,0.06974357,0.87309915,60.76929,0.02174545
2022-06-20 12:00:00,33.21341,23.684052,1001.59064,0.08363801,3.051918,0.79921633,57.46532,0.0
2022-06-20 18:00:00,28.703766,24.798767,1004.64813,1.1739318,2.4321916,0.72528917,79.46739,0.0
2022-06-21 00:00:00,27.933441,23.245453,1003.01874,2.8322678,1.166275,0.87738365,75.70667,0.0011324883
2022-06-21 06:00:00,32.598663,23.92395,1003.305,3.007495,0.71181417,0.97673357,60.35211,0.0144126825
2022-06-21 12:00:00,32.371124,23.644012,1000.7438,1.8015699,1.717641,0.8142702,60.11096,0.058483798
2022-06-21 18:00:00,27.240509,25.104767,1003.7562,1.5052198,1.9213207,0.94264567,88.14098,0.0
2022-06-22 00:00:00,27.305878,22.822418,1003.16064,2.4769502,1.3210783,0.9980037,76.55168,0.0
2022-06-22 06:00:00,32.386627,23.691559,1004.5031,3.0693197,0.44766343,0.98577905,60.23056,0.00362657
2022-06-22 12:00:00,31.607819,23.613983,1003.14685,0.81467247,2.9414809,1.0,62.652863,0.100905076
2022-06-22 18:00:00,28.283234,25.08963,1006.4025,1.0564513,3.3298664,0.9860414,82.85795,0.0
2022-06-23 00:00:00,27.695587,25.182281,1005.04126,1.3456466,1.3916225,0.99042445,86.22105,0.0
2022-06-23 06:00:00,32.702423,23.92868,1005.79126,2.9843636,1.6442529,1.0000001,60.017265,0.00085681677
2022-06-23 12:00:00,33.1127,23.992584,1002.73315,0.057258606,2.6963954,0.99985355,58.873577,0.0
2022-06-23 18:00:00,28.517517,25.829895,1005.73315,0.5328812,2.9408557,0.98885715,85.41247,9.685755e-05
2022-06-24 00:00:00,28.028564,24.824005,1004.8781,1.7982428,1.6439552,0.9359333,82.77432,0.0
2022-06-24 06:00:00,33.876495,23.445831,1005.0069,4.693862,1.685004,0.7467437,54.581535,0.0008577481
2022-06-24 12:00:00,34.438873,24.142609,1000.8181,0.77250195,1.6878574,0.9926512,55.16143,0.0
2022-06-24 18:00:00,28.705963,25.134552,1004.1925,1.4859009,2.7601082,0.98432595,81.06443,0.0
2022-06-25 00:00:00,28.181427,22.25644,1002.5094,3.8182783,1.3079387,0.9842228,70.27689,0.0
2022-06-25 06:00:00,32.210968,22.783173,1003.5075,5.15226,1.8292634,0.99960345,57.58289,0.0
2022-06-25 12:00:00,32.45572,22.715485,1000.4313,3.5308447,0.51038647,0.999335,56.55964,0.0
2022-06-25 18:00:00,29.294159,20.523346,1003.1994,3.3018942,2.3498278,1.0,59.248405,0.0
2022-06-26 00:00:00,28.650665,22.74228,1002.1625,3.0304103,1.6213048,0.9969421,70.434326,0.0
2022-06-26 06:00:00,32.70047,22.762604,1003.4431,3.9108295,0.7551256,1.0000002,55.94405,0.0010486692
2022-06-26 12:00:00,33.794952,23.845856,1001.5581,0.6902752,0.29703707,0.6437863,56.167896,0.0
2022-06-26 18:00:00,29.476776,24.10025,1005.04,1.747364,3.5709076,0.8901301,72.88,0.0
2022-06-27 00:00:00,28.187714,22.140594,1003.965,3.8343983,1.1118605,0.86578697,69.757385,0.0
2022-06-27 06:00:00,33.52957,22.330719,1004.4331,3.5499697,-0.22804284,0.884224,52.01614,0.0
2022-06-27 12:00:00,32.57779,23.906769,1003.0,-0.32850838,-0.511878,1.0,60.36082,0.0025755726
2022-06-27 18:00:00,29.50592,23.916412,1005.73065,1.377975,2.9238367,0.9999999,71.95858,0.009345589
2022-06-28 00:00:00,27.924225,22.332916,1004.5581,2.5635786,0.57735157,0.9770874,71.67111,0.0
2022-06-28 06:00:00,33.005646,22.675385,1005.1044,2.1824036,0.5192198,0.5992124,54.70132,0.0
2022-06-28 12:00:00,33.95169,22.889069,1001.60065,-1.0246153,0.65267074,0.27591723,52.554047,0.00067055225
2022-06-28 18:00:00,29.463135,22.881134,1004.1069,0.54857504,2.7048378,0.1667316,67.76791,0.0
2022-06-29 00:00:00,28.393951,22.418427,1002.8681,3.454317,0.5255594,0.05996545,70.100494,0.0
2022-06-29 06:00:00,34.786163,22.278046,1003.1775,2.4983666,0.32432812,0.15511705,48.34179,0.008201925
2022-06-29 12:00:00,35.542145,22.216095,999.3794,2.5761328,1.0137341,0.5675959,46.186424,0.12385216
2022-06-29 18:00:00,29.08371,23.878082,1002.9263,2.7760756,2.1634998,0.18844062,73.5652,0.0
2022-06-30 00:00:00,27.88498,23.332733,1001.6269,3.5436096,0.08837414,0.9715461,76.32228,0.0
2022-06-30 06:00:00,33.82608,23.35672,1002.9906,3.6979866,0.23303449,0.9684026,54.44197,9.534415e-05
2022-06-30 12:00:00,32.914825,23.656769,1000.33624,4.0701623,1.7411633,0.9978767,58.34167,0.00028463546
2022-06-30 18:00:00,27.862396,22.09378,1003.63873,3.797903,0.8818722,0.9074311,70.890526,0.058561563
2022-07-01 00:00:00,27.943512,23.38852,1002.0069,3.4614592,0.8993168,0.54089975,76.31862,0.0
2022-07-01 06:00:00,33.65909,23.105255,1002.39813,4.1952276,-0.19444561,0.45466393,54.12413,0.0
2022-07-01 12:00:00,33.96109,23.983917,999.96124,2.0674264,-0.40851688,0.5575002,56.112778,0.43141842
2022-07-01 18:00:00,28.319672,24.361847,1003.3088,3.4741573,1.2565479,0.8339136,79.1644,0.0
2022-07-02 00:00:00,28.404633,23.250336,1001.89185,2.7819586,0.432868,0.99696714,73.6792,0.0
2022-07-02 06:00:00,33.086212,23.15158,1001.38,4.290019,-1.6214705,0.5395744,56.047493,0.0
2022-07-02 12:00:00,34.129425,23.822784,998.7125,1.2255173,0.24523252,0.3296581,55.052387,0.00028312206
2022-07-02 18:00:00,28.292328,25.368622,1003.6163,2.1076999,1.9963635,0.97946227,84.200775,0.7598659
2022-07-03 00:00:00,28.147278,24.071075,1001.2994,2.2884054,1.6977681,0.98828745,78.58048,0.0
2022-07-03 06:00:00,32.05789,23.8096,1003.17377,4.2993917,-0.20090282,0.98740333,61.797882,0.0
2022-07-03 12:00:00,32.69229,24.65982,1000.2656,2.8364706,0.7862481,0.91229075,62.741673,0.20361994
2022-07-03 18:00:00,27.837372,23.432343,1003.3125,4.972789,1.3190155,0.9254176,76.99612,0.0
2022-07-04 00:00:00,28.978851,22.036774,1002.32,6.475667,0.15971565,0.92505485,66.2055,0.0
2022-07-04 06:00:00,32.117584,20.880402,1002.4412,4.5101614,-0.61429787,0.99893826,51.538475,0.011816621
2022-07-04 12:00:00,31.439362,23.765167,1000.1375,3.139742,0.44191986,0.89619845,63.83391,0.44618547
2022-07-04 18:00:00,27.819855,23.659454,1003.53125,3.50034,2.8252687,0.98178685,78.13724,0.0
2022-07-05 00:00:00,28.073639,22.50528,1002.2606,4.687557,1.2166586,0.9999998,71.79773,0.0
2022-07-05 06:00:00,31.983429,22.258636,1002.6213,5.086521,1.1685243,0.9993351,56.5,0.0
2022-07-05 12:00:00,31.66275,23.340973,1000.4263,4.0926,0.7466421,0.9996034,61.437893,0.023165252
2022-07-05 18:00:00,26.473053,23.935822,1003.6788,4.301427,1.6795492,1.0,85.98063,0.04206784
2022-07-06 00:00:00,27.654816,22.663177,1002.72,4.032189,1.7690086,0.99265146,74.2832,0.30755514
2022-07-06 06:00:00,30.5253,23.419464,1004.53436,3.6764383,1.8789804,1.0,65.864494,0.0
2022-07-06 12:00:00,31.49527,22.730865,1002.995,2.0288987,1.2891142,1.0,59.777225,0.009547673
2022-07-06 18:00:00,27.58133,23.655914,1005.90625,3.9623127,1.6006966,0.9935363,79.21713,0.0
2022-07-07 00:00:00,27.922577,22.273285,1005.0275,4.110138,1.4358234,0.9914115,71.41843,0.007344767
2022-07-07 06:00:00,30.980377,23.482758,1006.5575,3.6590586,2.4713957,0.99933517,64.41926,0.0
2022-07-07 12:00:00,30.872284,23.434113,1004.4275,4.641862,2.0872803,0.97604686,64.62799,0.3170852
2022-07-07 18:00:00,27.05252,23.258453,1005.995,3.4630518,0.55422306,0.9998529,79.77503,0.0
2022-07-08 00:00:00,26.59311,23.15268,1003.92377,2.996232,0.4428501,0.99735814,81.43793,0.09142794
2022-07-08 06:00:00,31.954132,23.05008,1005.4344,4.967639,-0.679615,0.99329156,59.378044,0.0
2022-07-08 12:00:00,32.62906,22.999054,1001.85,2.045412,0.5077915,0.95904505,56.979954,1.6298145e-06
2022-07-08 18:00:00,29.00943,22.987823,1004.69,3.9891682,0.72911835,0.9998535,70.01886,0.0
2022-07-09 00:00:00,27.459442,22.883087,1003.01685,4.85645,1.055074,0.99392694,76.145546,1.3542143
2022-07-09 06:00:00,30.96109,23.349945,1003.3169,4.927267,1.0169693,0.97412616,63.975506,0.0
2022-07-09 12:00:00,30.39859,23.313873,1001.2675,3.372757,2.2716317,0.9942143,65.92268,0.0044793207
2022-07-09 18:00:00,26.417267,23.102936,1003.9412,4.4137897,1.6468042,0.99999994,82.0395,0.39291126
2022-07-10 00:00:00,27.380463,22.664764,1002.97314,3.7524977,1.7789208,0.986432,75.49269,0.0
2022-07-10 06:00:00,31.13211,22.761139,1004.1044,4.3655844,1.7924597,0.9980038,61.13764,0.0
2022-07-10 12:00:00,32.23575,23.84842,1001.51935,2.701054,1.4063611,1.0,61.322273,0.041671097
2022-07-10 18:00:00,28.513702,22.738922,1005.1331,4.6346855,1.294774,1.0000002,70.98221,0.0
2022-07-11 00:00:00,27.395294,21.98172,1004.8894,4.2845325,1.952692,0.9999999,72.35734,0.0
2022-07-11 06:00:00,31.575592,22.31961,1006.46814,4.335902,2.7803082,0.99999994,58.03707,0.0
2022-07-11 12:00:00,29.168488,23.718048,1004.5631,3.0733776,1.1351583,1.0000001,72.50401,0.2513826
2022-07-11 18:00:00,27.871613,22.763275,1006.4125,4.3644905,1.9930462,0.9980038,73.79512,0.0
2022-07-12 00:00:00,27.613556,22.397125,1005.2294,4.3386774,2.3765888,1.0,73.26904,0.0
2022-07-12 06:00:00,32.764923,22.157745,1005.10376,5.9971905,1.2012248,0.71184045,53.72967,0.0
2022-07-12 12:00:00,33.547516,21.999664,1001.5531,4.310255,2.3038814,0.4460625,50.92665,0.0
2022-07-12 18:00:00,28.791656,21.527496,1005.35065,5.5353146,1.3401408,0.9999995,64.877525,0.0
2022-07-13 00:00:00,28.263641,21.926727,1003.3244,4.3207254,2.8633804,1.0000002,68.550125,0.0
2022-07-13 06:00:00,33.155304,21.334137,1003.4944,7.036458,2.3116121,0.9885377,49.983524,0.0
2022-07-13 12:00:00,32.78018,22.491852,1000.0006,5.6950684,1.5441024,1.0000005,54.785736,0.0001899898
2022-07-13 18:00:00,28.627228,21.02652,1003.4794,6.0428915,1.6806989,0.86213547,63.51792,0.0
2022-07-14 00:00:00,28.420746,21.299286,1001.6669,4.063409,2.7323017,0.9991352,65.36942,0.0
2022-07-14 06:00:00,33.233185,21.322418,1001.825,6.6554766,2.2025743,0.99999994,49.72974,0.0
2022-07-14 12:00:00,32.32254,21.020538,999.3025,5.789013,1.302472,1.0,51.385445,0.0
2022-07-14 18:00:00,28.85379,20.861115,1002.79315,5.799921,1.8092089,0.9976021,62.054695,0.0
2022-07-15 00:00:00,28.058197,20.660004,1002.15564,3.5650005,2.861967,0.94715315,64.19159,0.0
2022-07-15 06:00:00,32.518707,21.351227,1003.66376,6.1805973,1.1041217,0.99927944,51.86116,0.0070557
2022-07-15 12:00:00,33.101715,22.314484,1000.97314,4.06114,0.067635536,0.91593975,53.226894,0.0
2022-07-15 18:00:00,29.2753,21.947662,1004.1319,4.3092976,1.2721148,0.9978766,64.7275,0.0
2022-07-16 00:00:00,28.16806,21.835419,1003.1475,2.9620934,2.1564424,0.9076707,68.549545,0.0
2022-07-16 06:00:00,33.75699,22.330475,1003.8181,4.0650797,1.2347057,0.94200325,51.35764,0.0
2022-07-16 12:00:00,32.659943,23.982147,1002.35126,3.371741,2.0325499,0.98922503,60.3547,1.1357069
2022-07-16 18:00:00,27.791168,23.987457,1005.7944,1.9645336,0.7326584,0.9884856,79.82772,0.0
2022-07-17 00:00:00,27.84848,23.378815,1003.84625,2.1078012,1.961986,1.0,76.69809,0.0
2022-07-17 06:00:00,32.942047,23.404022,1004.345,3.263896,1.5440269,1.0,57.371597,0.0034337863
2022-07-17 12:00:00,32.29251,25.336578,1002.46436,0.5040415,3.084393,1.0,66.81539,0.03396813
2022-07-17 18:00:00,28.217072,24.1503,1005.2562,2.3503456,3.0533948,0.9980039,78.634796,0.0
2022-07-18 00:00:00,27.990692,23.892609,1004.4844,1.6080468,1.7387047,0.97918093,78.45517,0.0063851476
2022-07-18 06:00:00,30.748322,24.331268,1005.71313,2.0631804,0.7584973,0.9999999,68.694405,0.05798483
2022-07-18 12:00:00,31.310822,24.814362,1003.3269,0.8501797,0.62745,1.0,68.47611,0.0
2022-07-18 18:00:00,29.231964,23.691437,1005.95874,2.2037523,1.5117054,0.959478,72.12286,0.0
2022-07-19 00:00:00,27.683685,23.021637,1004.92065,2.7368097,0.67257786,0.7213391,75.78632,0.0
2022-07-19 06:00:00,33.74185,22.81662,1005.53186,0.75695443,-0.3809166,0.035259046,52.940933,0.009918585
2022-07-19 12:00:00,33.142853,24.112701,1001.85565,-3.2655535,0.84208775,0.5696832,59.19941,0.051131472
2022-07-19 18:00:00,27.906647,25.305145,1006.245,-0.19836032,3.000392,0.9768586,85.7899,0.20453188
2022-07-20 00:00:00,27.374054,24.825897,1004.715,1.76546,1.4384851,0.74998635,86.01138,0.0
2022-07-20 06:00:00,33.157745,24.60147,1005.575,0.4434753,1.0990297,0.6088537,60.907543,0.05741231
2022-07-20 12:00:00,32.36441,24.994537,1002.47565,-1.1232519,2.3304186,0.37778342,65.20289,0.0
2022-07-20 18:00:00,27.958649,24.592163,1005.39874,1.7865692,0.9655897,0.2872312,81.969086,0.06939471
2022-07-21 00:00:00,28.102264,24.655212,1004.0112,1.2642715,0.8284397,0.19358695,81.59268,0.0
2022-07-21 06:00:00,33.788116,24.580658,1004.3137,1.625988,-0.30220413,0.06605244,58.72093,0.033952296
2022-07-21 12:00:00,30.580719,25.344696,1002.135,-1.168829,2.4713323,0.24577884,73.681175,0.1943335
2022-07-21 18:00:00,25.557587,24.360504,1007.2925,2.3307657,1.2015183,0.99999934,93.10942,0.32345086
2022-07-22 00:00:00,26.129364,24.653961,1004.79315,1.1176761,1.6228566,0.99614334,91.602585,0.0
2022-07-22 06:00:00,31.2836,25.19986,1005.45435,1.6992607,-0.97356224,0.98729193,70.17675,0.0
2022-07-22 12:00:00,31.9263,25.246857,1002.85187,-1.2315912,-0.4352007,0.93839014,67.85114,0.11872
2022-07-22 18:00:00,26.48526,25.127747,1006.505,-0.20010304,2.8802605,1.0,92.2698,0.0
2022-07-23 00:00:00,26.28067,24.897522,1004.1912,1.8599243,1.8146005,1.0,92.11749,0.0
2022-07-23 06:00:00,32.7836,24.348114,1004.8756,2.326744,0.8408387,0.9970872,61.26628,0.0038148137
2022-07-23 12:00:00,32.06949,26.030914,1001.84,0.55808353,0.85888654,0.4908629,70.508484,0.25354588
2022-07-23 18:00:00,26.000946,24.98758,1006.0325,1.061141,2.9848347,0.9985418,94.157906,0.0
2022-07-24 00:00:00,26.667938,23.769257,1003.9963,3.1439762,1.2629077,1.0,84.1517,0.0
2022-07-24 06:00:00,30.506256,24.406647,1005.6825,2.382019,-0.28317928,0.99960333,69.96731,0.0
2022-07-24 12:00:00,31.788116,24.999298,1003.26,-1.4774914,2.374881,0.9921626,67.38366,0.12454984
2022-07-24 18:00:00,27.642365,25.12085,1005.89813,0.54530126,2.2744896,0.9854375,86.17386,0.0
2022-07-25 00:00:00,27.782318,24.526276,1004.7375,1.8947873,1.9185178,0.98273706,82.491234,0.19646063
2022-07-25 06:00:00,32.330963,23.753632,1005.73376,1.9797039,-2.1437397,0.6358069,60.646393,0.0
2022-07-25 12:00:00,31.75528,24.08377,1003.40686,-2.3279266,0.21079063,0.97638625,63.911026,0.0
2022-07-25 18:00:00,27.585358,24.39737,1007.41876,-0.37419415,0.008989334,0.9709527,82.804886,0.055208802
2022-07-26 00:00:00,25.362274,24.037537,1006.8031,1.5908628,1.961791,0.99999964,92.38911,0.026599169
2022-07-26 06:00:00,30.004913,24.379364,1007.035,1.669817,-0.5533142,0.99999833,71.890686,0.0
2022-07-26 12:00:00,29.990326,24.15451,1003.7506,-0.6783886,-1.1165733,0.9561034,70.98758,0.27583724
2022-07-26 18:00:00,26.537964,24.366241,1007.265,0.41748428,0.6605835,0.8790927,87.89307,0.13636354
2022-07-27 00:00:00,25.103973,24.089935,1006.1894,0.8969269,-0.22008991,0.87669355,94.11605,0.0
2022-07-27 06:00:00,30.421173,25.410797,1006.66437,-0.67209846,-2.7251148,0.90194106,74.65003,0.054266654
2022-07-27 12:00:00,30.447601,24.360596,1004.2031,-2.88163,-0.3886242,0.9573767,70.00933,0.0
2022-07-27 18:00:00,28.016571,25.083618,1007.0144,-0.019112587,1.0118542,0.9872632,84.12479,0.0
2022-07-28 00:00:00,26.79306,24.317902,1006.0075,1.6895463,0.0004556179,0.92502356,86.3322,0.0022873282
2022-07-28 06:00:00,32.17801,24.713257,1007.14185,-0.5843611,-0.653245,0.61814904,64.79636,0.010015498
2022-07-28 12:00:00,31.446808,25.041656,1003.97314,-2.476307,0.6405363,0.25489807,68.876045,0.13724522
2022-07-28 18:00:00,27.980469,25.375214,1007.71124,-0.5549326,1.1122226,0.97117186,85.777954,0.0
2022-07-29 00:00:00,27.678741,24.537628,1006.0975,0.6011781,0.34934568,0.9812392,83.04836,0.002766028
2022-07-29 06:00:00,31.879059,24.799133,1007.1694,-1.367054,0.4300753,0.9932618,66.241264,0.029563792
2022-07-29 12:00:00,31.449615,24.494354,1003.51685,-1.818943,1.671285,0.44462568,66.65038,0.0
2022-07-29 18:00:00,28.648468,25.435638,1006.47437,-0.10302395,2.5502481,0.6498361,82.80541,0.0
2022-07-30 00:00:00,28.14209,24.871552,1005.09186,1.5175655,1.502461,0.87818015,82.46224,9.685755e-05
2022-07-30 06:00:00,32.769928,24.44983,1005.45874,0.7199794,0.15275288,0.4252513,61.688107,0.032423444
2022-07-30 12:00:00,31.855621,24.813263,1002.3281,-2.349496,1.927738,0.6730242,66.38531,0.115284316
2022-07-30 18:00:00,28.272491,24.798553,1004.7925,2.1960182,2.8074598,0.90974444,81.48271,0.0
2022-07-31 00:00:00,26.787567,24.120026,1002.8663,1.2029266,0.60655785,0.90360826,85.34133,0.0
2022-07-31 06:00:00,33.170197,25.031128,1003.64874,0.88127345,1.1573573,0.2577008,62.44652,0.0
2022-07-31 12:00:00,33.012604,24.68216,999.8825,-1.5467243,2.7974975,0.97720355,61.703156,0.007049881
2022-07-31 18:00:00,28.616547,24.713348,1004.4,1.8556566,2.3714883,0.9980033,79.464096,0.26304948
2022-08-01 00:00:00,26.39212,24.193573,1002.91815,1.947629,1.0117757,0.9479413,87.73946,0.0
2022-08-01 06:00:00,33.107086,24.888367,1003.39874,2.0366745,0.9837058,0.92530197,62.136913,0.01983717
2022-08-01 12:00:00,30.798798,26.056366,999.89685,0.56924677,3.5682411,0.9341567,75.905594,1.4132969
2022-08-01 18:00:00,27.696503,23.812653,1003.0475,1.2069116,1.3154238,0.97992265,79.43134,0.0
2022-08-02 00:00:00,26.60318,24.293365,1000.755,2.0467787,0.8206806,0.98480815,87.17443,0.0
2022-08-02 06:00:00,31.015533,24.555023,1002.03876,2.4600878,0.69179493,0.9989384,68.56684,0.078773126
2022-08-02 12:00:00,32.234222,24.071503,999.4406,-0.25493336,1.9661605,1.0,62.15516,0.023389235
2022-08-02 18:00:00,28.738861,23.981476,1002.28375,1.4307461,2.1511638,0.99933493,75.51714,0.0
2022-08-03 00:00:00,27.227142,23.010803,1000.3119,3.2498827,0.9923243,0.9999982,77.78827,0.0
2022-08-03 06:00:00,30.17331,23.524933,1003.0563,1.8934168,-0.80594254,1.0,67.63554,0.0001899898
2022-08-03 12:00:00,30.111176,24.737335,999.98627,-0.8521432,-0.28907585,1.0,72.99984,0.4186394
2022-08-03 18:00:00,27.546051,24.697449,1002.995,0.6190686,1.4018369,0.8599763,84.49891,0.0
2022-08-04 00:00:00,26.907684,23.66269,1001.3619,1.7075539,2.1945977,0.9928714,82.44247,0.060457937
2022-08-04 06:00:00,29.56186,24.054565,1002.97687,4.0957394,2.6580782,0.9996033,72.324715,0.06848097
2022-08-04 12:00:00,28.498718,24.618774,1001.09625,2.468319,3.097394,1.0,79.558685,0.0
2022-08-04 18:00:00,26.664154,22.796112,1003.59,4.6632643,2.03076,0.9996034,79.366165,0.12605684
2022-08-05 00:00:00,26.70639,22.022919,1002.0975,5.1184597,2.099485,0.96774507,75.533905,0.0
2022-08-05 06:00:00,30.949188,21.865997,1004.1294,3.8073606,2.6056347,1.0,58.50441,0.0010579824
2022-08-05 12:00:00,29.93747,22.693512,1001.87,4.3939276,2.3034449,1.0,65.19618,0.0022761524
2022-08-05 18:00:00,26.96231,22.147675,1004.5662,5.08632,2.0870361,1.0,74.97332,0.4566252
2022-08-06 00:00:00,27.136322,21.755096,1002.7031,3.8803852,2.684904,1.0,72.45505,0.0
2022-08-06 06:00:00,32.396637,21.945282,1003.53937,5.566929,2.0597706,0.9891969,54.15125,0.0
2022-08-06 12:00:00,31.48941,23.279938,1001.125,3.4319382,2.2253122,0.98658466,61.81756,0.007249415
2022-08-06 18:00:00,28.684662,22.031586,1003.4506,4.24774,2.1773803,0.9989384,67.32263,0.0024735928
2022-08-07 00:00:00,27.998932,21.907623,1001.85187,4.1272755,2.3554916,1.0,69.53426,0.0077313744
2022-08-07 06:00:00,32.829132,21.75998,1002.33563,6.0995913,3.010641,1.0,52.252472,0.0
2022-08-07 12:00:00,32.640045,22.386566,999.71625,4.1701517,2.7635365,1.0,54.867733,0.00543613
2022-08-07 18:00:00,29.053925,21.720367,1003.18,4.5581474,1.6957523,1.0000001,64.65765,0.0
2022-08-08 00:00:00,28.057465,22.493073,1001.6788,3.819604,2.8175154,0.99033827,71.812164,0.0
2022-08-08 06:00:00,32.743317,22.345856,1002.41187,6.927413,2.7439785,0.99960333,54.41454,0.0
2022-08-08 12:00:00,33.68582,21.877838,999.14,5.0896006,2.389874,0.9308216,50.15979,0.0
2022-08-08 18:00:00,29.273651,20.743317,1002.8775,5.242263,1.8887768,0.9043623,60.128056,0.0
2022-08-09 00:00:00,28.1138,21.747711,1002.6956,3.2027617,2.7927418,0.999603,68.39914,0.0
2022-08-09 06:00:00,33.212555,21.132965,1002.605,6.4192953,2.643452,0.9999999,49.212154,0.0
2022-08-09 12:00:00,33.623566,20.444244,1000.21936,5.272476,1.7489913,0.9991339,46.095734,0.0
2022-08-09 18:00:00,29.127533,20.297028,1003.0825,4.287019,1.8393835,1.0,58.991943,0.0
2022-08-10 00:00:00,27.173615,21.72226,1002.28314,3.0317745,2.5690536,0.9829352,72.15177,0.0
2022-08-10 06:00:00,34.2576,21.060822,1002.8206,5.6190424,3.025034,0.9703123,46.213604,0.0
2022-08-10 12:00:00,34.51651,21.32901,999.675,4.0372148,2.0976303,0.9929913,46.308147,0.0
2022-08-10 18:00:00,29.330719,20.315216,1003.45935,4.212161,2.2320235,0.90790254,58.368908,0.0
2022-08-11 00:00:00,27.490265,20.9888,1003.1163,3.7688084,1.1702985,0.9347348,67.7126,0.0
2022-08-11 06:00:00,34.35562,21.47702,1003.90625,4.0761433,1.1986642,0.8950952,47.150066,0.0
2022-08-11 12:00:00,34.828888,21.22232,1001.3819,2.7637281,0.52334213,0.8127386,45.214893,0.0059111044
2022-08-11 18:00:00,30.37912,21.690826,1005.4856,2.9367557,2.7536097,0.999335,59.799583,0.0
2022-08-12 00:00:00,28.406036,22.253387,1004.6025,2.8431349,0.59700966,0.9836028,69.35157,0.0
2022-08-12 06:00:00,34.79593,21.685211,1004.8025,2.6787262,0.8549506,0.5210464,46.599926,0.0
2022-08-12 12:00:00,33.801422,22.872467,1003.04376,1.3794003,0.000869751,0.9931281,52.943783,0.0022882596
2022-08-12 18:00:00,30.612091,22.715363,1005.8131,1.6412771,3.104269,0.7549233,62.80543,0.0
2022-08-13 00:00:00,28.872833,21.904572,1004.66,2.9528494,0.7751646,0.48036116,66.07828,0.0
2022-08-13 06:00:00,35.178986,21.067474,1004.4988,3.1815674,-0.44339085,0.9999979,43.9268,0.00028614886
2022-08-13 12:00:00,34.20096,22.446075,1002.6719,1.7108631,0.37735653,1.0,50.453907,0.0
2022-08-13 18:00:00,30.308807,22.229767,1005.15186,3.1769762,2.232789,1.0,62.04766,0.0
2022-08-14 00:00:00,28.547821,21.885284,1004.4975,2.6659298,-0.08526039,1.0,67.25664,0.0
2022-08-14 06:00:00,34.095856,20.804108,1005.9231,2.9640026,-1.2347212,0.99999994,45.901985,0.0
2022-08-14 12:00:00,33.574738,21.733063,1003.9325,-0.4876709,0.60126024,1.0,50.028294,0.0047688372
2022-08-14 18:00:00,29.576569,24.066437,1006.3244,0.26103252,2.9944859,0.9954166,72.31492,0.0
2022-08-15 00:00:00,28.555817,22.48819,1005.6144,2.3450193,2.0484583,1.0,69.73932,0.0
2022-08-15 06:00:00,34.690582,21.626068,1006.9194,2.159904,0.5563397,1.0,46.70406,0.0005720649
2022-08-15 12:00:00,34.69449,21.35733,1004.59186,-1.4111919,3.3305538,0.99927926,45.93207,0.0
2022-08-15 18:00:00,29.91623,24.127838,1007.1169,-0.5076399,2.7721624,0.9992807,71.176544,0.0
2022-08-16 00:00:00,28.655884,24.65976,1006.2569,0.49103165,1.8418162,0.3242436,79.02939,0.07285178
2022-08-16 06:00:00,33.4003,23.634796,1006.795,0.4389305,2.4508295,0.2990549,56.697636,0.018896095
2022-08-16 12:00:00,30.787384,25.3284,1004.1075,-0.9534254,3.8109808,0.23582771,72.745186,0.1896978
2022-08-16 18:00:00,28.347534,24.493195,1007.65625,0.6723108,3.4145575,0.71400696,79.66024,0.0
2022-08-17 00:00:00,27.958649,24.306793,1007.14,1.5694644,3.141323,0.88881266,80.58057,0.0
2022-08-17 06:00:00,34.035187,23.113129,1006.905,1.7454185,2.0613213,0.8670587,53.023888,0.0
2022-08-17 12:00:00,31.783722,25.990417,1003.90375,0.52944285,1.916641,0.87552685,71.48784,1.7550113
2022-08-17 18:00:00,27.660187,25.258514,1007.105,0.50244045,3.2669375,0.79510593,86.79257,1.2643704
2022-08-18 00:00:00,25.720978,24.104889,1005.73,1.5515207,1.7492368,0.99118274,90.80842,0.0
2022-08-18 06:00:00,32.58487,25.036163,1005.85,1.7950335,-0.40072823,0.3981369,64.55674,0.0
2022-08-18 12:00:00,29.878815,26.055328,1003.54376,-0.74137974,1.8031795,0.9959842,80.010574,0.7104352
2022-08-18 18:00:00,27.265167,25.68628,1006.475,1.9078057,2.8754816,0.9424556,91.10939,0.0
2022-08-19 00:00:00,26.023163,24.89383,1005.41064,1.6291541,2.9774876,0.99856526,93.50981,0.100160226
2022-08-19 06:00:00,31.812286,24.549591,1005.6844,2.4028215,-0.9514513,1.0,65.50814,0.0
2022-08-19 12:00:00,32.462067,25.029633,1003.44,0.9903889,-0.020841599,1.0,64.980194,0.0
2022-08-19 18:00:00,29.159668,25.563019,1006.1219,1.2265729,3.884115,1.0,81.000046,0.0
2022-08-20 00:00:00,28.090271,25.373077,1006.17065,2.2057552,2.8745906,1.0,85.21983,0.0
2022-08-20 06:00:00,30.966827,23.402374,1006.3212,2.910902,0.41351682,0.9992799,64.15725,0.0
2022-08-20 12:00:00,32.758575,24.604279,1002.5925,1.4230957,1.0571933,1.0,62.300648,0.009715557
2022-08-20 18:00:00,29.508698,24.008087,1004.89874,1.4223309,3.4364653,0.91428894,72.34448,0.0
2022-08-21 00:00:00,27.728546,24.32077,1005.3794,2.2619133,3.2286649,0.8055975,81.73871,9.49949e-05
2022-08-21 06:00:00,33.68216,23.657074,1005.3881,2.5865698,1.365777,0.9463442,55.88472,0.0
2022-08-21 12:00:00,31.727448,25.058746,1002.1406,0.6903575,2.9988508,0.6871375,67.856,0.09135902
2022-08-21 18:00:00,27.034454,24.565948,1005.59,1.0013134,2.8420727,0.8501426,86.38936,0.0
2022-08-22 00:00:00,27.061554,23.917023,1003.40875,2.4659615,0.7177906,0.1470145,82.96035,0.0
2022-08-22 06:00:00,33.027863,24.17331,1004.53186,3.9572535,0.3104869,0.24612832,59.80017,0.009250827
2022-08-22 12:00:00,31.078033,24.22757,1002.6981,0.7965896,2.16757,0.7428765,66.99599,0.30207565
2022-08-22 18:00:00,26.966888,23.017609,1006.8931,3.357337,2.2581165,1.0,79.01829,0.0
2022-08-23 00:00:00,26.008636,23.539886,1004.6394,3.2896204,2.549719,0.98866034,86.29111,0.0
2022-08-23 06:00:00,32.897247,23.848175,1004.41626,4.238002,0.9848585,1.0000001,59.075962,0.05740533
2022-08-23 12:00:00,31.537628,25.982819,1003.47876,-0.85724354,0.6011642,0.98516244,72.4609,0.48922887
2022-08-23 18:00:00,26.325043,22.740753,1007.3681,0.83531094,2.7262068,0.9368666,80.697754,0.0
2022-08-24 00:00:00,25.585724,23.91336,1006.0644,2.537818,0.4213152,0.9593144,90.49303,0.03709154
2022-08-24 06:00:00,30.293732,24.054443,1007.1937,2.8010292,-1.7084427,0.96029663,69.344284,0.11319877
2022-08-24 12:00:00,28.569366,25.611359,1004.1962,0.84940946,1.0481629,0.5289301,84.05919,3.5173028
2022-08-24 18:00:00,27.695404,22.383148,1006.2919,3.357871,1.0511535,0.509839,72.85739,0.0
2022-08-25 00:00:00,26.023071,22.719025,1004.7519,1.8288498,0.36258793,0.9216107,82.04274,0.0
2022-08-25 06:00:00,32.038605,23.687103,1006.1406,1.5428324,-1.0990343,0.7695442,61.41097,0.0
2022-08-25 12:00:00,29.09372,25.342438,1003.1425,0.27250862,1.7250736,0.5895721,80.25078,1.1664871
2022-08-25 18:00:00,26.354095,24.149384,1005.58374,3.1381779,0.28628826,0.8816703,87.703766,0.0
2022-08-26 00:00:00,25.88556,23.982147,1003.7425,1.9147158,-0.26400566,0.9934017,89.26657,0.0007599592
2022-08-26 06:00:00,31.943878,24.332489,1004.9963,-0.18827057,-1.8241253,1.0000017,64.18169,0.062949955
2022-08-26 12:00:00,29.888458,24.828156,1002.77563,-0.94690514,2.382043,0.9939331,74.34214,0.0
2022-08-26 18:00:00,25.123444,23.94168,1006.5725,3.10173,1.5719206,1.0,93.1736,1.2370411
2022-08-27 00:00:00,25.044281,23.68695,1004.1906,2.3602514,1.3418447,0.9759935,92.19062,0.0
2022-08-27 06:00:00,30.685944,24.064453,1005.2725,1.9949455,0.2557497,0.9187073,67.84525,0.1779683
2022-08-27 12:00:00,29.592926,25.628448,1002.21875,-1.4309473,2.0134168,0.99999994,79.306915,1.000207
2022-08-27 18:00:00,26.414764,24.675446,1005.8831,1.4953573,0.85305214,1.0,90.187225,0.0
2022-08-28 00:00:00,25.836212,24.245087,1003.97186,1.1176796,-0.040574074,0.54584223,90.951996,0.004389789
2022-08-28 06:00:00,31.913483,24.133514,1005.28687,0.99746644,-0.11451626,0.73364013,63.52976,0.13342059
2022-08-28 12:00:00,29.168488,25.09967,1001.9325,-1.8445282,0.9011487,0.56901014,78.7582,1.9897923
2022-08-28 18:00:00,26.12967,24.74472,1005.9344,1.4289819,0.49530882,0.97957665,92.09907,0.0
2022-08-29 00:00:00,25.62436,24.095123,1004.60626,1.250439,0.7691756,0.5362615,91.27688,0.0
2022-08-29 06:00:00,31.467804,25.242157,1006.5025,1.0262303,-1.3074703,0.30630976,69.620316,0.0
2022-08-29 12:00:00,29.360748,25.135956,1003.20685,-2.499504,0.69422174,0.6465071,78.05681,0.0
2022-08-29 18:00:00,27.143219,24.713196,1006.1206,0.028928757,1.2457414,0.3672136,86.598495,0.43435964
2022-08-30 00:00:00,27.305054,24.808716,1005.02124,-0.19319612,0.5033932,0.2784263,86.27126,0.0
2022-08-30 06:00:00,31.770782,25.722382,1006.8625,-1.1124802,0.017113686,0.18872088,70.41327,0.026805956
2022-08-30 12:00:00,30.754486,25.038239,1003.3144,-2.822834,-0.5168333,0.312487,71.63372,0.0
2022-08-30 18:00:00,27.936432,25.356812,1006.6944,-1.4568453,0.76960754,0.323604,85.90455,0.024608832
2022-08-31 00:00:00,26.080841,24.282867,1004.9525,1.0284214,0.6613279,0.9381882,89.847626,0.0
2022-08-31 06:00:00,29.727081,25.51059,1006.64874,-1.7301321,-0.39932334,0.99800366,78.14766,0.058942884
2022-08-31 12:00:00,27.532135,24.598877,1004.0706,0.07618332,-0.87223816,0.9787721,84.07088,0.02272886
2022-08-31 18:00:00,25.754364,24.406952,1006.26624,0.48593998,0.92937475,0.9638795,92.28508,0.0
2022-09-01 00:00:00,25.184052,23.854187,1004.6669,0.7707916,-0.75777054,0.87359047,92.35088,0.09953079
2022-09-01 06:00:00,27.247803,24.266205,1006.9431,0.7851521,-0.6447191,1.0,83.79683,0.34207723
2022-09-01 12:00:00,27.495972,24.744934,1004.08563,-0.8720856,0.041291,1.0000004,84.987625,0.0
2022-09-01 18:00:00,25.581268,24.441284,1006.84375,0.6767375,1.097945,0.91538733,93.42954,0.0
2022-09-02 00:00:00,25.981628,24.065643,1006.085,0.86344063,-0.13847673,0.74651223,89.20645,0.0
2022-09-02 06:00:00,29.936066,25.089264,1007.3069,-0.15889788,1.3976784,0.6867403,75.3025,0.009817041
2022-09-02 12:00:00,29.77475,25.152283,1005.10376,-0.9779167,1.3390956,0.3931893,76.29034,0.0982564
2022-09-02 18:00:00,27.334198,24.422699,1006.61127,1.126391,3.302651,0.25809938,84.158966,0.0
2022-09-03 00:00:00,26.836578,24.09082,1006.0469,1.6928036,1.6599321,0.1385811,84.94662,0.0
2022-09-03 06:00:00,31.90335,24.645142,1006.6894,0.60495347,0.8627303,0.8082568,65.544334,0.08306598
2022-09-03 12:00:00,32.339264,24.211914,1003.23065,-0.44052505,2.7587194,0.9766452,62.310123,0.0
2022-09-03 18:00:00,28.065704,25.426605,1006.5556,0.8548677,3.184639,0.9533271,85.61393,0.0
2022-09-04 00:00:00,26.783356,25.075775,1005.2519,0.9412574,1.6472923,0.52379066,90.38354,0.0
2022-09-04 06:00:00,33.219757,25.617828,1005.33813,1.2321053,0.30860764,0.29400903,64.48443,0.014782051
2022-09-04 12:00:00,31.742706,25.719238,1002.46375,-1.3571806,1.9488835,0.5071144,70.51237,0.04652133
2022-09-04 18:00:00,26.378876,24.967743,1007.46875,1.9375124,2.3650472,0.57290226,91.969406,1.4502649
2022-09-05 00:00:00,26.038483,24.062378,1005.65125,1.8092184,-0.12071419,0.09990239,88.88946,0.0
2022-09-05 06:00:00,32.21402,24.792297,1006.0806,-0.09594816,0.1658827,0.63566,64.97059,0.10538696
2022-09-05 12:00:00,30.661469,25.1987,1002.40936,-0.9758291,3.2307043,0.28458357,72.707275,0.0
2022-09-05 18:00:00,27.063232,24.78421,1006.1931,1.2987535,1.1370983,0.9986699,87.375885,1.5183254
2022-09-06 00:00:00,27.196136,24.858826,1003.73126,1.5328822,0.5861961,0.9643782,87.08414,0.0
2022-09-06 06:00:00,32.275177,25.253632,1005.3831,1.6358833,1.2611874,0.97593266,66.55164,0.047106814
2022-09-06 12:00:00,30.464996,24.815094,1002.6756,0.7063348,3.5172315,0.5665942,71.86676,0.107686445
2022-09-06 18:00:00,26.799652,24.251312,1005.7006,1.7269256,2.4551172,0.993113,85.954956,0.0
2022-09-07 00:00:00,26.627106,22.741425,1004.5006,2.4067593,1.3555188,1.0,79.276245,0.0
2022-09-07 06:00:00,30.295074,23.472198,1006.1881,2.9839163,1.8743849,1.0,66.95157,0.0
2022-09-07 12:00:00,29.378723,24.29245,1003.67065,0.75585574,2.5397785,1.0,74.143326,0.0
2022-09-07 18:00:00,27.279572,22.251617,1006.4913,3.5392532,0.53224456,1.0,74.05745,0.0040166043
2022-09-08 00:00:00,26.439545,22.85376,1005.025,2.9876447,1.1532881,1.0,80.705246,0.33013266
2022-09-08 06:00:00,30.468536,23.557709,1005.5575,4.63708,1.4262104,1.0,66.63204,0.0
2022-09-08 12:00:00,30.197113,23.847351,1002.90625,1.2553064,1.2493895,1.0,68.86726,0.0
2022-09-08 18:00:00,27.57315,25.543732,1004.8956,1.1316004,3.3548632,0.9962583,88.72707,0.0
2022-09-09 00:00:00,27.262787,22.551361,1003.8269,3.329626,1.474823,0.9612857,75.49363,0.10747835
2022-09-09 06:00:00,32.456573,23.60611,1005.66187,3.7528982,1.8802272,0.9195113,59.685253,0.0
2022-09-09 12:00:00,31.860748,24.342682,1001.64185,2.610409,2.6169028,0.717205,64.524124,0.03909902
2022-09-09 18:00:00,28.467926,25.922516,1005.28625,2.124404,2.284611,0.38737863,86.130165,0.0
2022-09-10 00:00:00,27.49649,22.36856,1004.1256,3.1924152,2.2213352,0.90485686,73.64455,0.0
2022-09-10 06:00:00,32.569366,23.24524,1005.6119,4.029949,2.4948268,1.0,58.029453,0.0
2022-09-10 12:00:00,32.1503,23.187042,1001.8862,2.624889,2.656698,1.0,59.2107,0.0148743875
2022-09-10 18:00:00,28.735687,22.868927,1005.545,3.1037312,1.933234,0.948358,70.62785,0.0
2022-09-11 00:00:00,27.267303,22.378326,1004.0494,3.298482,2.2161841,0.9982179,74.68422,0.0
2022-09-11 06:00:00,32.75235,23.041473,1005.3781,4.8966484,2.8694859,1.0000001,56.730927,0.0
2022-09-11 12:00:00,32.754425,23.101105,1001.9363,2.1953416,2.9132676,0.8598158,56.929283,0.0
2022-09-11 18:00:00,28.250092,24.030182,1005.45435,1.8917174,2.6650686,0.99021053,77.91992,0.011632219
2022-09-12 00:00:00,27.183868,21.961517,1003.8019,2.7595453,2.4612935,0.8555351,73.16942,0.0
2022-09-12 06:00:00,33.614044,22.701569,1004.8325,4.0133123,2.5371196,0.97767746,52.95015,0.0
2022-09-12 12:00:00,33.789825,22.523834,1002.3031,0.74142265,3.5699985,0.9349673,51.86951,0.0022882596
2022-09-12 18:00:00,27.994812,25.612213,1006.4313,1.3308498,3.6951075,0.99635756,86.92138,0.0
2022-09-13 00:00:00,27.451813,23.22702,1005.915,2.2708826,1.9548305,0.6054401,77.781235,0.0
2022-09-13 06:00:00,33.676544,22.806183,1007.1869,3.2682343,1.8317189,0.01550274,53.101074,0.0
2022-09-13 12:00:00,32.50833,23.446747,1004.4431,0.31386948,3.7352476,0.37689108,58.94221,0.0
2022-09-13 18:00:00,27.704926,25.320465,1007.77374,0.9084501,4.026561,0.046466924,86.885574,0.0
2022-09-14 00:00:00,27.33841,25.36435,1007.9956,1.4476099,2.3811283,0.87707067,89.001114,0.0010505319
2022-09-14 06:00:00,33.32376,23.266022,1009.15,1.652262,2.0803947,0.7761512,55.688866,0.020503657
2022-09-14 12:00:00,32.493683,24.499115,1006.21936,0.0985775,3.847805,0.32840526,62.84127,0.030804766
2022-09-14 18:00:00,27.866486,24.836914,1009.84314,1.6933824,3.6444387,0.7741794,83.62506,0.0
2022-09-15 00:00:00,27.269867,24.655365,1008.6325,1.7406693,2.1347327,0.6611268,85.661026,0.0
2022-09-15 06:00:00,33.057404,23.283173,1009.75,1.291957,1.730705,0.31518567,56.586426,0.00038184226
2022-09-15 12:00:00,32.04178,23.93216,1006.2675,-1.1972542,1.7828398,0.33435133,62.311768,0.02316758
2022-09-15 18:00:00,27.889679,25.36728,1008.89374,1.098594,2.6994152,0.9393027,86.19282,0.0
2022-09-16 00:00:00,27.727264,23.117828,1007.5544,1.9921069,2.0714355,0.9091665,76.03472,0.0
2022-09-16 06:00:00,33.54251,22.584747,1007.61127,1.374836,0.6080456,0.7441674,52.78707,0.0021932647
2022-09-16 12:00:00,32.620026,23.7836,1003.91876,-0.4039259,2.6788359,0.40025324,59.77285,0.0060060993
2022-09-16 18:00:00,28.274384,25.29953,1006.6356,1.2425609,3.7474108,0.924152,83.9431,0.0
2022-09-17 00:00:00,28.149445,24.663788,1006.6119,1.9791212,2.9862528,0.8721719,81.41042,0.0001899898
2022-09-17 06:00:00,33.2471,23.416168,1007.4969,2.5155764,1.5731151,0.8436671,56.43813,0.010110438
2022-09-17 12:00:00,32.214386,24.160309,1004.6206,0.14748114,2.515191,0.8734272,62.557453,0.0
2022-09-17 18:00:00,28.208984,26.095978,1006.8738,1.3253639,3.05545,0.9869703,88.339325,0.0
2022-09-18 00:00:00,28.013367,23.930145,1006.97876,1.8163543,2.618147,0.6080102,78.52847,0.0
2022-09-18 06:00:00,34.249542,23.611176,1007.46313,1.6884203,-0.1994592,0.42069376,53.992878,0.01840666
2022-09-18 12:00:00,30.008942,25.239227,1005.01874,-1.6319199,2.7855434,1.0000002,75.660446,0.3953986
2022-09-18 18:00:00,27.043732,24.911865,1007.46124,1.0693719,3.4643898,1.0,88.1451,0.0
2022-09-19 00:00:00,27.091827,24.459442,1006.3744,1.9876873,2.178402,1.0,85.551834,0.02832478
2022-09-19 06:00:00,33.09378,23.279816,1007.3056,2.351653,0.74580526,0.99999994,56.459446,0.0
2022-09-19 12:00:00,32.81436,22.504913,1004.3063,0.6088238,1.9778566,0.9910519,54.723816,0.0
2022-09-19 18:00:00,28.778534,25.465118,1007.035,1.379544,2.899889,0.99071026,82.32716,0.0
2022-09-20 00:00:00,28.288239,23.351837,1006.10376,2.2933083,1.5235538,1.0,74.635735,0.0
2022-09-20 06:00:00,32.75357,21.695587,1007.0619,2.2297242,0.036036193,0.991418,52.269173,0.0062943436
2022-09-20 12:00:00,32.9429,23.200714,1003.3063,1.5363171,0.6980575,0.62670875,56.668846,0.0
2022-09-20 18:00:00,28.741333,24.748444,1007.035,1.2836552,3.5248888,0.886384,79.05643,0.0
2022-09-21 00:00:00,27.933075,22.68631,1006.07874,2.458705,1.780714,0.105034545,73.18852,0.0
2022-09-21 06:00:00,34.09671,21.31485,1006.7413,2.861967,0.28793997,0.11413734,47.362362,0.0
2022-09-21 12:00:00,33.523712,22.569244,1002.98627,-0.68355274,2.0557213,0.2913857,52.792953,0.0
2022-09-21 18:00:00,28.820648,24.862091,1007.1125,1.3833263,4.1079035,0.19906873,79.22958,0.0
2022-09-22 00:00:00,28.045258,22.758942,1006.35565,2.900291,1.7505493,0.38723975,73.0323,0.00028312206
2022-09-22 06:00:00,34.137604,21.333282,1006.8575,2.4103346,0.23046422,0.5429733,47.3079,0.0036269194
2022-09-22 12:00:00,33.98575,21.76065,1004.0112,-0.4708748,1.1792301,0.37138677,48.974457,0.0
2022-09-22 18:00:00,29.025421,25.55606,1008.0419,1.1155076,3.9778554,0.24559182,81.59776,0.0
2022-09-23 00:00:00,27.815277,23.096588,1006.6869,2.751777,1.9363832,0.8411956,75.547745,0.0
2022-09-23 06:00:00,34.388947,20.91629,1007.36127,2.1325712,-0.2888319,0.2676571,45.471207,0.0
2022-09-23 12:00:00,33.314117,22.494293,1004.42377,-1.3593817,0.7198229,0.40594947,53.17415,0.0
2022-09-23 18:00:00,28.946411,24.99295,1007.22876,1.4625013,3.5922031,0.7996308,79.270836,0.0
2022-09-24 00:00:00,28.16092,22.363068,1006.7419,2.3784742,0.52303505,0.87433994,70.818794,0.0
2022-09-24 06:00:00,34.66507,20.613312,1006.8894,2.6686811,-1.8754463,0.37987477,43.951122,0.0
2022-09-24 12:00:00,33.69644,23.014923,1003.46185,-1.5763454,0.12214279,0.70945615,53.716816,0.04175678
2022-09-24 18:00:00,28.796906,24.775055,1006.89624,0.1535778,2.0250907,0.8346639,78.92749,0.0
2022-09-25 00:00:00,28.092285,22.398346,1005.08124,2.2475872,1.3781824,0.7896998,71.25518,0.0
2022-09-25 06:00:00,33.83072,21.981232,1005.71564,0.3735841,-2.088853,0.2864413,50.069954,0.0037192367
2022-09-25 12:00:00,31.774323,24.147736,1003.0037,-2.2151585,0.094646454,0.31851,64.08761,0.06581703
2022-09-25 18:00:00,29.392181,25.35794,1006.67065,0.08310813,1.7749681,0.4481449,78.95149,0.0
2022-09-26 00:00:00,25.782501,24.160797,1006.3137,2.0841944,1.2597075,0.6235435,90.78185,0.15590629
2022-09-26 06:00:00,28.843903,22.986847,1007.8244,4.137659,0.31642056,0.7500659,70.68913,0.0
2022-09-26 12:00:00,30.08603,24.061676,1003.85815,1.9481277,0.7903776,0.72161186,70.20612,0.39803982
2022-09-26 18:00:00,26.781036,24.511017,1007.2675,1.205343,3.0503402,0.5926168,87.398186,1.4516115
2022-09-27 00:00:00,25.94339,24.067902,1005.83936,2.2849789,1.7456512,0.90868914,89.420746,0.0
2022-09-27 06:00:00,32.587555,22.755096,1005.6725,1.7203665,-2.1080685,0.31137565,56.275593,0.0001937151
2022-09-27 12:00:00,31.776276,24.604523,1002.605,-0.9307785,0.11889458,0.9993357,65.85807,0.0050547533
2022-09-27 18:00:00,29.460602,25.103485,1005.5175,-0.77787304,2.449173,0.35335922,77.45835,0.009630341
2022-09-28 00:00:00,28.115967,24.643097,1004.1788,2.4634967,2.9470382,0.7376695,81.46851,0.0378564
2022-09-28 06:00:00,32.978546,23.585907,1005.1356,3.2501717,0.28496122,0.7338691,57.885326,0.0
2022-09-28 12:00:00,33.544464,23.48758,1002.26935,0.5658455,1.5960773,0.4775985,55.74475,0.011339784
2022-09-28 18:00:00,26.622223,24.697723,1006.08185,1.6187965,1.5062331,0.9951387,89.20962,0.6205525
2022-09-29 00:00:00,25.861115,24.11908,1003.3606,2.6532764,1.5218706,0.98368365,90.13402,0.121868074
2022-09-29 06:00:00,29.12149,23.849335,1004.8575,3.415163,-0.35971165,1.0,73.277855,0.0
2022-09-29 12:00:00,31.819977,23.958893,1002.35315,0.7449932,0.3367076,1.0,63.201164,0.0
2022-09-29 18:00:00,28.4292,25.167816,1005.5606,1.8644421,3.7103105,0.96064067,82.541046,0.0
2022-09-30 00:00:00,27.426971,23.214752,1004.4888,3.2034159,0.7962742,0.9129385,77.83672,8.940697e-05
2022-09-30 06:00:00,31.46878,23.179962,1005.96313,3.6677675,0.2585178,0.9912533,61.517376,0.0
2022-09-30 12:00:00,32.485992,21.625763,1002.4925,0.706424,2.0945635,0.98297226,52.83754,0.0
2022-09-30 18:00:00,28.65274,24.070587,1005.70935,3.0039873,2.0209742,0.9900646,76.30264,0.0
2022-10-01 00:00:00,27.140045,21.68216,1005.09937,4.5549297,0.58003044,0.99129844,72.11707,0.0
2022-10-01 06:00:00,31.668854,21.958466,1006.2575,5.8957863,0.22901917,0.9980036,56.47437,0.0
2022-10-01 12:00:00,31.657623,22.582184,1003.3794,3.3997965,0.6656723,0.98826236,58.69655,0.025652349
2022-10-01 18:00:00,27.074554,23.96231,1005.76935,2.8184004,1.0476503,1.0,83.12297,0.0
2022-10-02 00:00:00,27.092316,21.7305,1003.3044,3.8604841,0.54884434,0.86832666,72.53334,0.0
2022-10-02 06:00:00,33.267975,22.458344,1005.3256,3.8939667,-1.6811733,0.99807155,53.195656,0.0
2022-10-02 12:00:00,30.861603,23.187164,1003.21875,-0.077156246,-0.8232746,1.0000002,63.71033,0.07991493
2022-10-02 18:00:00,28.358612,22.807037,1005.08,4.438472,1.6213012,0.99928004,71.92133,0.0
2022-10-03 00:00:00,27.279022,22.732574,1003.6287,3.7712202,0.58079654,0.99933493,76.255806,0.0
2022-10-03 06:00:00,32.53006,23.13974,1004.6931,3.4514608,-2.2298374,0.996668,57.788628,0.01211185
2022-10-03 12:00:00,32.72879,24.122711,1002.2344,1.3782516,-1.5231409,1.0,60.630642,0.09127986
2022-10-03 18:00:00,28.948273,23.485138,1005.35815,1.981926,1.9005694,0.9882634,72.410416,0.0
2022-10-04 00:00:00,27.798431,22.943756,1003.47064,3.678688,-0.06315613,1.0,74.92594,0.0
2022-10-04 06:00:00,32.393097,23.245575,1004.59375,3.201313,-1.6787453,1.0,58.610718,0.0035287812
2022-10-04 12:00:00,32.214264,23.58487,1001.9244,0.29113835,-0.69228745,1.0,60.43042,0.0
2022-10-04 18:00:00,28.829193,23.497711,1004.8269,1.531965,1.7182882,0.9978763,72.96694,0.012779841
2022-10-05 00:00:00,27.601501,22.967133,1003.97125,2.566949,1.9639678,1.0,75.90052,0.08755198
2022-10-05 06:00:00,30.02353,23.609344,1004.8619,2.7048588,-1.233963,1.0,68.56763,0.0
2022-10-05 12:00:00,30.716583,25.0878,1002.23376,-1.200119,0.36348236,1.0,72.00141,0.0
2022-10-05 18:00:00,27.892517,23.672638,1005.16376,0.5735818,2.4150782,1.0000002,77.8683,0.008769333
2022-10-06 00:00:00,26.891449,23.777313,1003.9938,2.3729334,0.40962124,1.0000001,83.09254,0.0013336539
2022-10-06 06:00:00,31.056183,23.129364,1005.66376,0.99795043,-0.3023367,0.9984197,62.787144,0.0
2022-10-06 12:00:00,31.038727,23.756378,1002.4975,0.5295105,1.6205932,0.98327816,65.27232,0.0
2022-10-06 18:00:00,27.843414,24.819366,1006.5106,0.6376107,2.6175296,0.5107578,83.65007,0.040337443
2022-10-07 00:00:00,27.060944,24.434235,1004.83185,1.6854973,1.6681641,0.9803477,85.57784,0.0
2022-10-07 06:00:00,30.786774,23.06009,1006.33936,1.1582497,-0.5399389,0.845252,63.493454,0.00028684735
2022-10-07 12:00:00,30.10379,23.644318,1004.0588,-1.1032667,0.39534682,1.0000001,68.396225,0.012110919
2022-10-07 18:00:00,27.444916,24.358856,1007.125,-0.85113144,1.5782663,0.99683905,83.29585,0.0
2022-10-08 00:00:00,26.199036,24.502594,1005.6919,0.77392864,0.7850839,0.9992808,90.40394,1.3425007
2022-10-08 06:00:00,31.141266,24.11026,1007.2562,0.18564022,-0.7507372,0.98267126,66.286835,0.0
2022-10-08 12:00:00,29.587677,24.710114,1004.5056,-1.2376537,-0.87822247,0.99051386,75.10924,0.08198619
2022-10-08 18:00:00,25.6893,24.169525,1007.3694,1.1187801,-2.4695234,0.98957735,91.33276,0.10062754
2022-10-09 00:00:00,24.922241,23.552887,1006.2381,-0.18709087,-1.707036,0.9986699,92.11695,0.7124853
2022-10-09 06:00:00,27.230194,23.935944,1008.3187,0.50970936,-1.523015,0.99960184,82.236916,0.0
2022-10-09 12:00:00,27.27536,24.73587,1005.3869,-1.3623571,-0.08968449,0.90213734,86.046394,4.597872
2022-10-09 18:00:00,25.061188,24.526337,1008.6725,1.3163308,0.3348602,0.43080527,96.85665,0.0
2022-10-10 00:00:00,24.901825,23.826508,1007.9175,0.7552135,-0.1396519,0.97322035,93.761284,0.0
2022-10-10 06:00:00,30.178009,25.245941,1009.20935,0.018018186,0.2048406,0.9841241,74.95944,0.031280465
2022-10-10 12:00:00,28.82132,24.694153,1006.16,-1.1188126,0.24130529,0.93869114,78.435875,0.0
2022-10-10 18:00:00,27.381073,24.318146,1009.34686,0.58760834,1.2428815,0.8970262,83.40417,0.108614564
2022-10-11 00:00:00,25.627594,24.004547,1007.77875,0.7200314,0.2586671,0.45225984,90.76435,0.0
2022-10-11 06:00:00,30.084259,25.382782,1009.22437,-1.3205471,0.7881281,0.65019804,75.97987,0.19350113
2022-10-11 12:00:00,29.669586,24.824677,1005.64935,-1.6561699,1.8008028,0.26663852,75.268875,0.0
2022-10-11 18:00:00,26.885468,25.114075,1008.4462,-0.31097126,2.0892193,0.19653523,90.04761,0.012775656
2022-10-12 00:00:00,25.94339,24.08731,1007.99,-0.29758644,0.79861134,0.86137587,89.525,0.0
2022-10-12 06:00:00,31.648468,24.783905,1009.53,0.11270344,1.771837,0.16757941,67.052376,0.0026656762
2022-10-12 12:00:00,29.418915,25.393036,1005.77563,-1.9539566,2.0640762,0.3297044,78.99442,0.16006258
2022-10-12 18:00:00,27.695007,25.296783,1008.84937,-0.55927753,1.9833355,0.11832392,86.813545,0.067970306
2022-10-13 00:00:00,25.83603,24.241333,1007.4944,0.88124377,0.06333065,0.27445233,90.932526,0.0
2022-10-13 06:00:00,31.57254,24.523071,1008.65186,-0.8218441,0.9988271,0.5323871,66.30027,0.03204464
2022-10-13 12:00:00,29.305511,24.606873,1005.54565,-2.0876112,1.233391,0.413836,75.87226,0.0
2022-10-13 18:00:00,26.9935,24.744019,1008.41815,-0.4834404,1.4214482,0.6711545,87.52412,0.0
2022-10-14 00:00:00,26.449371,24.150879,1006.7025,1.2567686,0.11201191,0.85600567,87.21995,0.0051409006
2022-10-14 06:00:00,30.895538,24.338654,1007.2025,0.1372456,-1.2184601,0.5925074,68.14938,0.073056795
2022-10-14 12:00:00,28.986603,24.658508,1004.3675,-1.9013462,-0.8757391,0.51247764,77.52322,0.08443358
2022-10-14 18:00:00,25.553131,24.366882,1007.52435,0.43205643,0.64688873,0.9935362,93.16967,3.9894414
2022-10-15 00:00:00,25.52417,23.940887,1005.9169,1.1110511,-1.4544516,0.8898299,90.97472,0.0
2022-10-15 06:00:00,31.982574,24.499542,1006.52563,-0.28627855,-0.9890909,0.5770654,64.68503,0.0
2022-10-15 12:00:00,30.489655,24.684875,1004.10315,-1.9604034,0.36166573,0.22088075,71.20931,0.0
2022-10-15 18:00:00,26.364746,25.09616,1007.3844,0.15820408,1.6368908,0.42262197,92.7534,0.070537046
2022-10-16 00:00:00,26.397278,24.561401,1006.5019,0.94325215,0.092365265,0.6771986,89.6668,0.0
2022-10-16 06:00:00,31.127716,25.357208,1008.66565,0.5772787,0.7079182,0.44302684,71.46854,0.08689083
2022-10-16 12:00:00,29.49649,25.463959,1006.89813,-0.95361423,1.5314214,0.66205746,78.9739,0.26580444
2022-10-16 18:00:00,27.072388,25.196472,1010.5094,-0.69432646,1.3381186,0.58087814,89.50224,0.27836636
2022-10-17 00:00:00,25.958069,24.550995,1009.21936,0.78596437,-0.21606064,0.82199717,91.967545,0.0
2022-10-17 06:00:00,30.014679,26.072174,1010.58124,-1.8319101,0.2785542,1.0000005,79.467316,0.05295083
2022-10-17 12:00:00,29.427582,24.77655,1007.71814,-0.99524975,1.4065201,0.9923581,76.10732,0.0
2022-10-17 18:00:00,27.272797,24.727356,1010.295,0.66548914,0.9607351,0.95425004,86.01559,0.0
2022-10-18 00:00:00,26.596802,24.334381,1008.9881,1.3672948,0.6208004,0.994565,87.42181,0.0
2022-10-18 06:00:00,32.303497,24.564148,1009.3812,2.0212412,-1.3277674,0.85438246,63.76738,0.032332517
2022-10-18 12:00:00,28.115143,25.389618,1007.065,-0.37779427,2.2121625,0.97452044,85.18016,0.8986473
2022-10-18 18:00:00,25.875885,24.61847,1009.3769,1.3494625,-1.3758593,0.9846645,92.78995,0.0
2022-10-19 00:00:00,25.511078,24.207,1008.1981,1.9150939,0.060531616,0.9759092,92.51177,0.0
2022-10-19 06:00:00,32.044586,25.008392,1009.0019,1.1874837,-1.7192802,0.9869188,66.44757,0.011173682
2022-10-19 12:00:00,28.40628,24.520203,1006.3638,-1.7068033,0.56014156,0.8750577,79.51703,0.6712392
2022-10-19 18:00:00,25.653168,24.097168,1010.03375,2.276494,-0.7002058,0.9475625,91.13218,0.0
2022-10-20 00:00:00,25.696686,23.811218,1008.09436,0.7598301,-1.8885698,0.8877503,89.348694,0.0
2022-10-20 06:00:00,30.86148,24.410553,1009.2981,-0.67970943,-2.766777,0.98914236,68.57673,0.13360693
2022-10-20 12:00:00,29.056305,24.989532,1007.1256,-1.3791437,-0.98299885,0.8939188,78.752174,0.0
2022-10-20 18:00:00,26.150116,24.765533,1010.41064,-0.40386486,-1.5090427,0.91595095,92.10222,0.14441295
2022-10-21 00:00:00,24.900055,23.750397,1009.185,1.4201632,-1.4680347,0.99769247,93.34275,0.6350721
2022-10-21 06:00:00,27.08963,24.476135,1011.2606,-0.7360954,-2.3946733,1.0,85.64842,0.3675241
2022-10-21 12:00:00,27.794586,25.025879,1008.6337,-1.7129793,-1.2469254,0.5690682,84.92879,0.33019876
2022-10-21 18:00:00,25.92508,24.625946,1011.2581,1.1706018,-0.6421251,0.98913324,92.56133,0.0
2022-10-22 00:00:00,26.349518,24.056305,1009.2431,0.98305607,-2.9740953,0.9795223,87.2387,0.0
2022-10-22 06:00:00,31.235626,24.629608,1010.9338,-0.88764286,-4.7807255,0.7468555,68.01492,0.0062941797
2022-10-22 12:00:00,28.018158,25.16684,1008.08875,-1.2512054,-2.8024883,0.9999978,84.53502,0.50182635
2022-10-22 18:00:00,26.840698,24.871033,1010.97437,-0.6742277,-2.5619068,0.95861316,88.98603,0.0
2022-10-23 00:00:00,26.114105,24.03247,1008.805,1.7174107,-1.6666336,0.6966744,88.33398,0.0
2022-10-23 06:00:00,31.043121,23.032013,1010.16876,0.75335085,-3.538269,0.5214514,62.46503,0.0
2022-10-23 12:00:00,30.663177,22.64859,1007.3475,-1.1579809,0.65637875,0.77509004,62.36903,0.0
2022-10-23 18:00:00,27.612946,24.373322,1009.135,0.97963387,2.7036734,0.4311821,82.55241,0.0056261197
2022-10-24 00:00:00,26.348663,25.15329,1007.3237,2.2794938,0.91715044,0.95953333,93.157974,0.0
2022-10-24 06:00:00,31.640656,22.417267,1009.1175,0.6953094,-2.2989368,0.20957547,58.167435,0.0013336539
2022-10-24 12:00:00,30.860382,20.41507,1006.0206,-1.8429832,0.12975246,0.45201635,53.791576,0.0
2022-10-24 18:00:00,26.964325,24.631012,1008.54626,0.12542629,2.4659688,0.8947408,87.08414,0.0
2022-10-25 00:00:00,26.047882,24.771393,1007.91815,1.4231961,0.7849741,0.07743129,92.69316,9.685755e-05
2022-10-25 06:00:00,31.894928,22.488556,1009.40814,0.08469403,-1.5163374,0.32538766,57.583447,0.0004749745
2022-10-25 12:00:00,31.046967,21.616608,1007.3156,-2.2049427,-0.44578743,0.6263753,57.29924,0.0
2022-10-25 18:00:00,26.977448,23.274933,1010.38,-1.8234463,1.1148864,0.038772583,80.20739,0.0
2022-10-26 00:00:00,25.752289,23.145477,1009.8663,0.5644207,-0.60984325,0.011163078,85.55005,9.685755e-05
2022-10-26 06:00:00,31.158539,22.24466,1011.2531,-1.3476629,-1.3417006,0.3972364,59.16004,0.0
2022-10-26 12:00:00,30.069672,21.663483,1008.1525,-3.0315638,-1.3696461,0.4699145,60.76892,0.0
2022-10-26 18:00:00,26.570404,21.358551,1010.72186,-2.4079819,-1.612278,0.3771308,73.11136,0.0
2022-10-27 00:00:00,24.845367,20.845856,1009.6138,0.6836767,-2.1021633,0.14798726,78.4779,0.0
2022-10-27 06:00:00,30.71634,19.859894,1010.6269,-0.9501257,-2.9757357,0.029073888,52.405434,0.0
2022-10-27 12:00:00,29.817047,22.14859,1007.66437,-2.0269756,-1.9406357,0.01783371,63.510334,0.0
2022-10-27 18:00:00,26.901764,23.85318,1009.89124,-0.5457134,-2.9270754,0.12371214,83.422005,0.02469495
2022-10-28 00:00:00,26.033966,24.114655,1008.6969,-0.13508892,-2.1155167,0.40837806,89.19265,0.029657036
2022-10-28 06:00:00,30.884552,23.183868,1009.17377,-3.4031963,-2.7813044,0.30712113,63.61424,0.0
2022-10-28 12:00:00,29.516022,22.762665,1006.4125,-2.8005657,-1.26647,0.009750366,67.078186,0.0
2022-10-28 18:00:00,25.631134,23.835052,1009.45935,-1.5484409,-2.8600807,0.47485423,89.82553,0.20779821
2022-10-29 00:00:00,25.531921,23.889069,1008.45435,0.5095444,-2.8468218,1.0000006,90.65006,0.015719205
2022-10-29 06:00:00,27.744293,24.933167,1009.71936,0.88365936,-3.42871,0.99731827,84.70904,0.0
2022-10-29 12:00:00,26.825836,24.799347,1007.46625,-1.4250565,-2.525813,0.92684054,88.683525,0.5202538
2022-10-29 18:00:00,24.878082,23.854218,1009.825,-0.7921581,-2.2227583,0.7724323,94.05082,0.15670949
2022-10-30 00:00:00,24.671112,23.62857,1008.575,0.45892715,-2.310812,0.90574276,93.93614,0.0
2022-10-30 06:00:00,29.90335,24.058746,1009.39624,-1.8272038,-4.2180433,0.5003992,70.93447,0.0
2022-10-30 12:00:00,28.448517,23.364166,1006.78625,-2.572445,-3.6741104,0.99334604,73.99836,0.0
2022-10-30 18:00:00,26.121735,24.241913,1009.3731,-0.21049881,-3.0624437,0.9965088,89.41081,0.49598277
2022-10-31 00:00:00,25.381348,23.070343,1008.1119,0.014582634,-3.2580643,1.0,87.05856,0.0
2022-10-31 06:00:00,27.881989,24.204498,1008.46375,0.3220482,-5.269533,0.99432397,80.446884,0.55241585
2022-10-31 12:00:00,26.264984,24.437836,1007.4319,-1.1213923,-3.9838533,0.99928063,89.704,0.0
2022-10-31 18:00:00,25.047424,23.829315,1009.11127,0.1637001,-4.011691,1.0000002,92.96639,0.21535307
2022-11-01 00:00:00,24.47757,23.118744,1008.1156,1.481183,-3.4685202,1.0,92.1504,6.797423
2022-11-01 06:00:00,24.795929,23.96637,1009.64813,1.1109324,-3.082796,1.0,95.1525,0.0
2022-11-01 12:00:00,24.849518,23.77243,1008.14813,0.5170469,-3.228406,1.0,93.74893,0.0
2022-11-01 18:00:00,24.046417,23.400177,1010.295,0.36748028,-2.8711443,1.0,96.184685,0.19894123
2022-11-02 00:00:00,23.940582,22.52417,1008.59564,0.18286031,-3.4042768,0.9812367,91.79842,0.0
2022-11-02 06:00:00,27.826447,22.979034,1009.64185,0.41706967,-3.506258,0.99254125,74.963425,0.04778865
2022-11-02 12:00:00,26.188263,23.022522,1007.02313,-0.50759315,-3.16778,0.9745297,82.752846,0.0
2022-11-02 18:00:00,24.51767,23.0195,1009.17377,0.33309174,-1.8884573,0.99561083,91.37931,0.6246537
2022-11-03 00:00:00,23.716522,23.037537,1007.25,0.28277016,-1.5708208,0.99561095,95.98511,0.0
2022-11-03 06:00:00,28.005646,24.412811,1009.4219,-0.89246464,-2.095232,0.99393314,80.87202,1.0082349
2022-11-03 12:00:00,25.517761,24.486084,1007.625,-2.6435957,-1.261343,0.9999999,94.03433,1.3510152
2022-11-03 18:00:00,24.564545,23.87555,1010.08936,-1.6097736,-1.1806812,1.0,95.952255,0.64639354
2022-11-04 00:00:00,24.792389,23.528137,1009.1219,-0.27142143,-2.4093065,0.99641806,92.69533,0.0
2022-11-04 06:00:00,26.8956,24.065338,1010.48,-1.55649,-2.5518675,0.9856548,84.52291,1.0115012
2022-11-04 12:00:00,25.686737,23.895264,1009.1825,-2.1225014,-1.0625496,1.0,89.85443,0.0
2022-11-04 18:00:00,24.987762,24.01477,1011.835,-0.429389,-1.6632624,0.99055296,94.343445,0.0
2022-11-05 00:00:00,24.591034,23.4534,1010.4075,-0.5279379,-2.6578836,0.7093651,93.3956,0.0
2022-11-05 06:00:00,29.586945,25.365326,1012.3869,-2.4624548,-2.5875816,0.7908225,78.1039,0.11138308
2022-11-05 12:00:00,27.749268,24.833527,1009.90875,-2.2615442,-2.5558405,0.8470573,84.18234,0.0
2022-11-05 18:00:00,25.12912,24.02243,1012.7594,-1.3324032,-2.3161201,0.9894288,93.59504,0.07170704
2022-11-06 00:00:00,25.12085,23.802094,1011.14,-1.1173906,-2.2855835,0.998792,92.409096,0.18959406
2022-11-06 06:00:00,28.777985,25.579071,1012.39124,-1.6373138,-3.126566,0.9778218,82.88884,0.0
2022-11-06 12:00:00,25.847504,24.354523,1010.64124,-2.2853308,-2.5272846,0.9976021,91.48929,1.2751284
2022-11-06 18:00:00,24.928436,24.295624,1012.47565,-1.1414499,-2.5082684,0.9454257,96.28677,0.0
2022-11-07 00:00:00,25.0336,23.677643,1010.4394,0.4308319,-3.0072975,0.92001444,92.19765,0.0
2022-11-07 06:00:00,29.146881,24.279572,1012.4419,-1.7743931,-3.7574387,0.9853816,75.08508,0.111206755
2022-11-07 12:00:00,28.348785,24.116364,1009.3031,-1.9404097,-2.9375038,0.7161765,77.87567,0.014295846
2022-11-07 18:00:00,25.428162,24.440155,1011.9175,-2.1809988,-2.2209396,0.9946773,94.276665,0.0
2022-11-08 00:00:00,25.210266,23.552795,1009.7344,0.2972288,-2.7461405,1.0,90.54886,0.15810701
2022-11-08 06:00:00,27.701752,25.36325,1012.0519,-1.5897951,-3.290266,1.0000005,87.12307,0.08528367
2022-11-08 12:00:00,27.181244,24.361725,1009.0613,-1.2079735,-3.4825745,0.99888915,84.60753,0.0
2022-11-08 18:00:00,25.784698,23.70694,1011.0469,-1.2510157,-3.4042244,0.9999998,88.32758,0.0
2022-11-09 00:00:00,24.90628,23.72931,1009.27185,0.69014263,-3.1527634,0.99999994,93.18976,0.03575936
2022-11-09 06:00:00,28.994415,24.484406,1010.9575,-1.3927946,-4.0720453,0.9999999,76.6854,0.17482251
2022-11-09 12:00:00,27.551453,24.15213,1008.84314,-1.584384,-3.4365807,0.96488774,81.75844,0.0
2022-11-09 18:00:00,25.329071,24.120544,1010.41376,-0.7000637,-3.2785864,0.9349067,93.034164,0.05177781
2022-11-10 00:00:00,25.427399,23.720184,1009.40186,0.14462471,-3.7640486,0.911148,90.292725,0.0
2022-11-10 06:00:00,29.86612,24.013214,1010.1,-1.3534584,-4.4092245,0.8362426,70.89239,0.0037220418
2022-11-10 12:00:00,28.316803,24.101105,1007.59937,-0.8131075,-3.688405,0.99802405,77.94926,0.0069471896
2022-11-10 18:00:00,25.102264,23.192963,1009.66376,0.47977448,-4.6618176,1.0000001,89.17535,0.10183145
2022-11-11 00:00:00,23.364166,22.769928,1007.9581,1.5783644,-5.0354624,1.0,96.4692,1.1872114
2022-11-11 06:00:00,24.07016,23.696625,1009.1925,2.484088,-5.0890303,1.0,97.77929,0.19241989
2022-11-11 12:00:00,24.75357,24.07901,1006.72876,1.9609671,-5.050169,1.0,96.04104,1.4165548
2022-11-11 18:00:00,24.427704,23.557953,1007.8725,-1.1968021,-4.005121,0.99660087,94.9093,0.0
2022-11-12 00:00:00,25.358429,24.707672,1006.205,-0.07643795,-1.5057306,0.9999998,96.19526,0.0
2022-11-12 06:00:00,28.182343,25.278961,1009.4431,0.22504044,0.097369194,1.0000002,84.29085,0.0
2022-11-12 12:00:00,27.808136,24.62204,1007.0044,-2.28551,0.032122612,0.9073344,82.84011,0.0
2022-11-12 18:00:00,25.801544,24.219666,1010.2544,-1.2733917,-0.92700577,0.37250024,91.00023,0.0062927017
2022-11-13 00:00:00,24.65744,23.515228,1008.76373,-0.85819244,-1.2628641,0.8298783,93.373,0.31365138
2022-11-13 06:00:00,26.84317,25.250946,1010.96686,-1.5403624,-1.5955276,0.9939273,91.0105,0.0
2022-11-13 12:00:00,26.871124,24.789062,1008.70874,-1.3732119,-1.9544706,0.9971194,88.393364,0.0
2022-11-13 18:00:00,24.805145,23.671875,1011.45435,-0.3282919,-1.9234009,1.0,93.43037,0.02602842
2022-11-14 00:00:00,24.514435,23.615723,1009.6075,-0.2938776,-3.2146645,1.0000001,94.7471,0.0
2022-11-14 06:00:00,28.538666,25.843292,1011.1425,-2.2892923,-2.18151,0.841871,85.37538,0.035668276
2022-11-14 12:00:00,27.182953,24.817413,1009.46313,-2.0658255,-2.2847233,0.99569726,86.93631,0.19607475
2022-11-14 18:00:00,24.686066,23.943787,1012.1806,-1.1867971,-2.2456264,0.99960345,95.64917,0.0
2022-11-15 00:00:00,24.364655,23.442535,1011.23126,-0.054242134,-1.7828894,0.9489315,94.60768,0.0
2022-11-15 06:00:00,29.16922,25.496307,1012.34625,-0.7831917,-2.4356546,0.895726,80.63525,0.0
2022-11-15 12:00:00,27.954163,23.97647,1009.1575,-1.2947445,-1.8268957,0.45993632,79.01974,0.0
2022-11-15 18:00:00,25.830841,23.39029,1010.9456,-0.40394306,-2.6934977,0.27212548,86.42115,0.0
2022-11-16 00:00:00,24.899323,23.054657,1009.5181,0.42006397,-2.5855894,0.14268282,89.50922,0.01020357
2022-11-16 06:00:00,29.31369,23.232758,1010.8656,-1.1294394,-3.4467936,0.8812154,69.82458,0.13485923
2022-11-16 12:00:00,27.826904,22.719757,1007.8894,-2.4665995,-2.4128618,0.19393976,73.79297,0.0
2022-11-16 18:00:00,25.803436,22.77243,1010.1625,-1.6667624,-2.6343727,0.2153604,83.38639,0.0
2022-11-17 00:00:00,23.978424,22.061493,1008.9994,1.2485561,-2.580433,0.8175217,89.04748,0.0
2022-11-17 06:00:00,29.016388,20.002045,1010.0706,-1.0363464,-4.247511,0.9480274,58.299232,0.0
2022-11-17 12:00:00,27.541351,21.290588,1008.2569,-1.7512722,-2.1604872,0.999335,68.77263,0.0
2022-11-17 18:00:00,25.037384,21.3096,1009.9881,-1.1204901,-2.8575163,0.9996035,79.825294,0.0
2022-11-18 00:00:00,23.182526,20.504242,1008.72626,0.6310534,-3.664504,0.99238324,84.915146,0.0
2022-11-18 06:00:00,29.442047,20.469513,1010.4125,-0.95309544,-4.586192,0.9789632,58.550053,0.0
2022-11-18 12:00:00,28.335144,21.8544,1008.35376,-1.5814495,-2.986968,1.0,67.96486,0.0
2022-11-18 18:00:00,25.407501,21.631134,1010.6262,-0.76692677,-4.5429316,0.9708556,79.63831,0.0
2022-11-19 00:00:00,24.337555,21.252106,1009.4319,1.0389476,-4.4785814,0.9986708,82.94173,9.49949e-05
2022-11-19 06:00:00,28.777496,21.237823,1009.9494,-0.6366482,-5.282873,1.0,63.78867,0.0
2022-11-19 12:00:00,28.034973,21.454498,1007.6381,-2.1848965,-3.036787,1.0,67.49276,0.0
2022-11-19 18:00:00,25.273224,20.588715,1009.1756,0.075618744,-3.8607464,1.0,75.30039,0.0
2022-11-20 00:00:00,23.299225,20.133026,1008.0744,0.9114728,-3.8728905,1.0,82.40744,0.0
2022-11-20 06:00:00,28.633759,18.596344,1008.8725,1.0520492,-4.385088,1.0,54.612946,0.0
2022-11-20 12:00:00,27.50531,19.365326,1005.79626,-0.10808468,-2.3054953,0.7998821,61.19196,0.0
2022-11-20 18:00:00,24.199371,19.772064,1007.9975,-0.007335663,-2.9223576,0.9772408,76.3362,0.0
2022-11-21 00:00:00,22.224274,19.11026,1007.135,0.8653867,-2.5279589,0.9529414,82.54538,0.0
2022-11-21 06:00:00,29.891266,18.009674,1008.1044,2.630124,-1.0577469,0.40793127,48.951508,0.0
2022-11-21 12:00:00,28.781097,21.466217,1006.1225,-0.99348354,-2.392065,0.45373923,64.674194,0.0
2022-11-21 18:00:00,24.021637,20.980377,1008.16125,0.5654259,-2.7388992,0.08139907,83.13025,0.0
2022-11-22 00:00:00,24.006256,21.038605,1007.1269,1.6885967,0.6243315,0.51068646,83.505295,0.0020042062
2022-11-22 06:00:00,29.022858,21.665192,1008.3787,2.338378,-0.5868225,0.32364106,64.55592,0.0
2022-11-22 12:00:00,29.435272,23.382477,1005.79626,-0.80109215,-0.051849365,0.38636458,69.96593,0.0
2022-11-22 18:00:00,25.977142,24.120636,1008.77563,0.48552036,1.7241426,0.17053042,89.52521,0.019643456
2022-11-23 00:00:00,25.036957,23.466461,1007.6962,2.007803,1.378319,0.32308066,91.01352,0.0
2022-11-23 06:00:00,31.01712,22.862427,1008.7075,2.5849323,0.77061313,0.6806633,61.918694,0.011248951
2022-11-23 12:00:00,30.02774,24.29953,1006.09064,-1.464634,0.30521297,0.79220146,71.45384,0.0
2022-11-23 18:00:00,26.13858,24.492188,1009.23,-1.1686373,1.4738085,0.62022686,90.67109,0.0
2022-11-24 00:00:00,25.695465,24.054108,1008.1331,1.062623,0.5586004,0.9331679,90.6691,0.041089952
2022-11-24 06:00:00,29.648712,23.87204,1010.1763,-1.2287207,0.6767015,0.5851753,71.17869,0.027956441
2022-11-24 12:00:00,28.978424,24.390656,1007.6131,-2.327402,0.1649,0.8964786,76.32679,0.0
2022-11-24 18:00:00,25.354523,23.731903,1010.6962,-1.3586617,-0.677269,0.93686503,90.74874,0.0
2022-11-25 00:00:00,25.06601,23.529297,1009.3206,-0.105187416,-0.9778347,0.9579182,91.20097,0.010676682
2022-11-25 06:00:00,29.876495,23.746735,1011.1669,-1.4179668,-1.1640015,0.8762573,69.72401,0.19189163
2022-11-25 12:00:00,28.713226,24.23642,1008.5094,-2.2920446,-1.0428362,0.41270596,76.79568,0.0
2022-11-25 18:00:00,25.672272,24.018951,1010.65186,-0.90518665,-1.4353256,0.19666243,90.60243,0.017732382
2022-11-26 00:00:00,25.695343,23.636292,1009.0725,-0.2952366,-1.8103123,0.66762686,88.41987,0.12654066
2022-11-26 06:00:00,29.432281,24.768951,1010.3769,-1.0237246,-1.4926033,0.9575469,76.05215,0.0
2022-11-26 12:00:00,28.572235,24.30954,1007.1694,-1.8075991,-0.8969908,0.8191307,77.766754,0.06426794
2022-11-26 18:00:00,25.954346,24.361908,1009.01373,-1.8674707,-1.0046663,0.62662274,90.95242,0.0
2022-11-27 00:00:00,25.66925,23.954987,1007.28125,0.2527542,-1.2285013,0.6878097,90.2711,0.011730939
2022-11-27 06:00:00,29.603546,24.461212,1008.65186,-1.4206524,-0.8293667,0.8950609,73.93179,0.0444436
2022-11-27 12:00:00,28.261444,24.192657,1005.8781,-2.1852798,0.04329586,0.36431462,78.63152,0.0
2022-11-27 18:00:00,25.85495,24.079071,1008.1969,-1.3851528,-0.33967972,0.591779,89.95065,0.055119395
2022-11-28 00:00:00,25.063232,23.428833,1007.1475,-0.012639999,-1.1398859,0.36715162,90.66508,0.0
2022-11-28 06:00:00,29.65921,25.268585,1009.3806,-1.0959225,-0.9610758,0.78953296,77.33309,0.09985827
2022-11-28 12:00:00,27.925629,24.031464,1006.85376,-2.5579243,-0.51008034,0.323435,79.413284,0.0
2022-11-28 18:00:00,26.081818,23.725006,1009.6969,-1.6948824,-1.1746626,0.85305595,86.88174,0.0
2022-11-29 00:00:00,25.3143,22.735382,1008.73126,-0.6540861,-1.9723549,0.3746236,85.65101,0.0
2022-11-29 06:00:00,29.731598,22.68106,1009.9944,-1.6649818,-3.1619787,0.94991744,65.9231,0.026799738
2022-11-29 12:00:00,27.521332,22.087433,1007.48315,-3.120925,-2.1039047,0.80769604,72.28977,0.0
2022-11-29 18:00:00,24.998566,20.960358,1010.5375,-1.8219175,-2.5056152,0.04988098,78.31335,0.0
2022-11-30 00:00:00,23.409088,20.804932,1009.61127,0.39745617,-2.6775856,0.9010756,85.32731,0.0
2022-11-30 06:00:00,28.808563,22.02768,1010.4938,-1.4263992,-2.8879547,0.7305532,66.824745,9.5460564e-05
2022-11-30 12:00:00,28.25293,23.859589,1008.1306,-1.9164934,-2.0877447,0.30106556,77.112434,0.0025755726
2022-11-30 18:00:00,26.245575,24.026459,1010.405,-1.4785261,-2.2106981,0.4123181,87.61862,0.088872746
2022-12-01 00:00:00,25.023651,23.913452,1009.46625,-0.7573433,-1.7144451,0.76588273,93.570435,0.0
2022-12-01 06:00:00,28.374908,25.029877,1010.5112,-1.6977692,-1.4504957,0.4166777,82.12431,0.0
2022-12-01 12:00:00,28.28598,24.64914,1007.21875,-1.9448271,-1.6399164,0.31910962,80.69521,0.0
2022-12-01 18:00:00,25.96402,24.37088,1009.4419,-0.46026516,-1.8157368,0.13798016,90.94925,0.0
2022-12-02 00:00:00,25.506165,24.037933,1008.4294,-0.19515419,-2.1216793,0.2569607,91.604576,0.05569759
2022-12-02 06:00:00,29.482819,24.482025,1009.97565,-1.9509745,-1.8433647,0.22594619,74.540955,0.0
2022-12-02 12:00:00,28.907501,24.625092,1006.96375,-2.5337372,-1.5886307,0.5568989,77.72367,0.0
2022-12-02 18:00:00,26.117767,24.364136,1009.525,-1.7865067,-2.109046,0.9514626,90.08935,0.11730063
2022-12-03 00:00:00,25.369629,24.158997,1008.1775,-0.5028477,-2.0831118,0.5849967,93.02443,0.042536855
2022-12-03 06:00:00,27.202179,24.074615,1009.8544,-2.209567,-2.462078,0.954325,83.061134,1.4580944
2022-12-03 12:00:00,27.601501,24.723846,1007.83124,-1.3025532,-1.1715899,0.71892685,84.35819,0.0
2022-12-03 18:00:00,25.800598,24.690735,1010.5594,-1.6395073,-2.2846327,0.8871757,93.60827,0.060249485
2022-12-04 00:00:00,25.237152,23.925262,1008.7594,-0.75760365,-3.073328,0.7932869,92.45361,0.0
2022-12-04 06:00:00,25.674713,23.409515,1011.08875,-2.4444952,-3.2735739,0.93316996,87.326096,2.2023973
2022-12-04 12:00:00,25.501892,24.059662,1008.1975,-2.6907663,-2.4417467,0.9102305,91.74745,0.0
2022-12-04 18:00:00,24.536102,23.529633,1011.5,-1.551074,-2.4695387,0.9135021,94.1347,0.29700246
2022-12-05 00:00:00,24.81955,23.698242,1010.065,-0.22872162,-2.095231,0.8944138,93.49838,0.0
2022-12-05 06:00:00,28.833588,24.200409,1011.44,-2.833868,-2.9597454,0.19878107,76.09713,0.06400013
2022-12-05 12:00:00,27.718262,23.988434,1008.6694,-2.2247524,-2.4407816,0.28712714,80.1731,0.0
2022-12-05 18:00:00,25.976227,23.437225,1010.67126,-1.4412498,-2.7202282,1.0,85.923225,0.0026701018
2022-12-06 00:00:00,25.013824,23.437897,1009.16815,-0.29534245,-3.3010721,0.93266904,90.98221,0.0029560179
2022-12-06 06:00:00,28.31778,23.916779,1010.42377,-1.4034853,-4.614558,1.0,77.08662,0.0
2022-12-06 12:00:00,27.038849,23.282013,1008.0225,-1.7210283,-2.8869324,1.0,79.95282,0.0
2022-12-06 18:00:00,26.155548,23.402039,1009.73065,-0.8695669,-3.527875,1.0,84.836395,0.0
2022-12-07 00:00:00,25.009003,22.539398,1008.0644,0.7460236,-4.282398,1.0,86.191185,0.0
2022-12-07 06:00:00,26.57016,22.303558,1008.96063,0.48358643,-4.624916,1.0,77.45505,0.0039092265
2022-12-07 12:00:00,26.648956,22.162598,1007.35187,1.3368268,-2.8127642,1.0,76.43764,0.0
2022-12-07 18:00:00,24.891632,20.538055,1008.3069,0.87633353,-4.318139,1.0,76.79194,0.0
2022-12-08 00:00:00,23.98935,19.011932,1006.2438,2.7022038,-3.821432,1.0,73.73486,0.0
2022-12-08 06:00:00,24.821808,18.965729,1007.65625,3.2513769,-4.7047806,1.0,69.94709,0.13560057
2022-12-08 12:00:00,20.780304,18.807648,1004.82874,4.1877327,-3.3085184,1.0,88.48644,0.9263607
2022-12-08 18:00:00,21.321564,18.662079,1004.9256,4.7046413,-4.069213,1.0,84.81785,0.0
2022-12-09 00:00:00,20.889862,17.806244,1001.33875,6.184244,-5.737708,1.0,82.541885,0.0
2022-12-09 06:00:00,24.125946,18.552399,1002.9825,6.8689146,-2.9582815,1.0,71.06243,0.0
2022-12-09 12:00:00,22.196686,20.253387,1001.58374,5.595663,-0.95026684,1.000001,88.76311,0.45759684
2022-12-09 18:00:00,22.17691,19.602936,1003.29626,5.8639393,2.405259,0.59624356,85.36051,0.0
2022-12-10 00:00:00,23.928497,19.642181,1001.8706,4.7979355,3.170328,0.9605562,76.96506,0.0
2022-12-10 06:00:00,25.657257,21.388184,1004.7,3.2065105,2.9919765,0.9971762,77.30769,0.0
2022-12-10 12:00:00,25.935272,21.940033,1003.3594,0.42167568,2.3207455,0.9999999,78.65354,0.0
2022-12-10 18:00:00,25.015045,22.894318,1006.1719,-0.03353119,2.2778816,0.99856323,88.03495,0.033466272
2022-12-11 00:00:00,24.476837,22.68634,1005.6119,-1.4588919,1.5165844,0.99921316,89.77235,0.0
2022-12-11 06:00:00,29.865875,25.76596,1007.7775,-0.5513037,0.86022943,0.6471133,78.709755,0.16994762
2022-12-11 12:00:00,27.726654,25.17575,1005.1825,-1.0610008,0.20005703,0.8587851,86.03119,0.0
2022-12-11 18:00:00,24.966492,24.04361,1007.79,-0.28782177,-0.62781715,0.88755554,94.62689,0.061138246
2022-12-12 00:00:00,24.678436,23.728394,1006.535,0.2549858,-0.06972313,1.0000007,94.46113,0.032798484
2022-12-12 06:00:00,27.321686,24.674591,1009.0606,-0.6243906,0.770071,0.98710483,85.49945,0.027073398
2022-12-12 12:00:00,26.789764,23.782684,1005.9519,-1.4647713,2.2364902,0.56596386,83.61796,0.0
2022-12-12 18:00:00,24.364166,23.236603,1009.415,-1.7477217,1.2532244,0.551511,93.44158,1.0513387
2022-12-13 00:00:00,24.843475,23.620392,1008.10376,-1.2742376,1.204257,0.45648354,92.92822,0.0
2022-12-13 06:00:00,28.686798,25.005585,1010.1575,-1.7643747,1.5262393,0.8225075,80.533295,0.0
2022-12-13 12:00:00,26.77713,23.308777,1008.39935,-2.3127546,0.8933793,0.3043751,81.32369,0.0
2022-12-13 18:00:00,24.605438,23.371613,1011.3194,-1.3167734,-0.8734541,0.52278095,92.855835,0.0
2022-12-14 00:00:00,24.307098,22.9122,1009.58124,0.201787,-1.5807791,0.7844827,91.93974,0.0
2022-12-14 06:00:00,29.12558,23.705658,1010.72437,-2.8451958,-1.8830204,0.9625958,72.62994,0.017451555
2022-12-14 12:00:00,28.091736,23.74002,1008.9938,-2.434186,-0.99262714,0.2076787,77.28181,0.0
2022-12-14 18:00:00,25.507355,23.675476,1011.35315,-0.9047327,-1.3826733,0.960028,89.623245,0.002766028
2022-12-15 00:00:00,24.271332,23.189087,1009.42126,0.1425972,-2.3311691,0.6312907,93.69349,0.04567633
2022-12-15 06:00:00,28.62503,23.585968,1010.72186,-3.0154438,-3.6716776,0.562953,74.22993,0.0
2022-12-15 12:00:00,27.205902,21.22519,1007.775,-1.8339987,-2.1249447,0.0917452,69.856705,0.0
2022-12-15 18:00:00,25.184479,21.731445,1010.3031,-1.2110977,-2.9522724,0.28624436,81.19834,0.0
2022-12-16 00:00:00,24.489655,22.563263,1008.4931,0.6195984,-3.0720758,0.27140713,89.03592,0.0011441298
2022-12-16 06:00:00,29.058197,22.787872,1010.0737,-2.9255486,-3.049014,0.62345606,68.981,0.012493582
2022-12-16 12:00:00,28.04715,22.43039,1007.3769,-2.3773966,-1.9759884,0.0646974,71.58217,0.0
2022-12-16 18:00:00,25.257355,22.333374,1009.64185,-0.4666729,-2.7685137,0.040274516,83.868774,9.534415e-05
2022-12-17 00:00:00,24.404083,22.446838,1008.8812,0.10508919,-3.0625467,0.72224647,88.86251,0.0013351673
2022-12-17 06:00:00,28.640472,22.928558,1010.70874,-2.7523355,-4.4507446,0.9338557,71.27603,0.039005652
2022-12-17 12:00:00,27.937073,22.887482,1008.1763,-2.4054422,-2.4116783,1.0000031,74.06921,0.0
2022-12-17 18:00:00,25.963104,23.062683,1009.97,-1.6027832,-3.132412,0.9775957,84.06629,0.005341135
2022-12-18 00:00:00,24.95456,23.312622,1008.3625,-0.9992409,-3.510128,0.85336524,90.61662,0.042909756
2022-12-18 06:00:00,29.016632,22.861847,1009.73627,-3.3117104,-4.5173616,0.81851363,69.45779,0.0
2022-12-18 12:00:00,27.218231,22.06186,1007.4363,-3.761922,-3.102745,0.99999905,73.47022,0.0
2022-12-18 18:00:00,24.952667,21.433594,1009.16376,-2.0212765,-3.0349216,0.9999998,80.841354,0.0
2022-12-19 00:00:00,24.147247,21.156006,1007.8719,0.06040573,-3.334715,0.9943235,83.40046,0.0
2022-12-19 06:00:00,27.368439,21.944489,1008.9819,-1.3030148,-5.6868076,1.0000001,72.30684,0.019736588
2022-12-19 12:00:00,26.800934,23.22879,1006.47565,-2.060687,-2.8295422,1.0,80.81847,0.19207597
2022-12-19 18:00:00,25.142944,23.242828,1008.3844,-1.858674,-3.8500767,0.9276088,89.22793,0.008478686
2022-12-20 00:00:00,24.709198,22.28299,1007.14124,-0.4933052,-3.472784,0.99800414,86.39022,0.0
2022-12-20 06:00:00,27.74649,23.53653,1008.5469,-2.2561197,-5.130703,0.98616195,77.89371,0.0
2022-12-20 12:00:00,27.241608,23.330383,1006.1431,-2.482459,-4.0598326,0.633388,79.23825,0.0
2022-12-20 18:00:00,25.186676,22.6669,1008.2225,-1.4609203,-4.021702,0.9901667,85.94625,0.025842339
2022-12-21 00:00:00,24.532501,21.774933,1006.5494,-0.13135242,-4.043545,0.99999845,84.644905,0.036232173
2022-12-21 06:00:00,27.422699,23.290314,1009.39935,-1.4320459,-5.104389,0.99999964,78.212395,0.30767173
2022-12-21 12:00:00,26.44339,23.733612,1006.9387,-1.687295,-3.5031881,1.0,85.09003,0.0
2022-12-21 18:00:00,25.383453,22.326935,1008.475,-0.44487858,-3.9357233,1.0000001,83.20947,0.0
2022-12-22 00:00:00,23.924591,21.49112,1007.025,0.05569935,-4.8195333,0.87885684,86.27713,0.09440631
2022-12-22 06:00:00,28.502533,21.31009,1008.78876,-2.4883375,-6.2166624,0.99065554,65.10257,0.0
2022-12-22 12:00:00,27.599274,21.81192,1006.77875,-2.257163,-3.5952806,0.9999998,70.76157,0.0
2022-12-22 18:00:00,25.08133,21.1857,1009.075,-0.5350199,-4.054267,0.98555243,79.01383,0.0031464733
2022-12-23 00:00:00,24.170074,20.52475,1007.1106,0.9435077,-4.401946,0.90875846,80.114044,0.0
2022-12-23 06:00:00,28.530304,21.444366,1008.41064,-0.5613689,-5.384207,0.69670236,65.53455,0.0
2022-12-23 12:00:00,28.35202,23.39328,1005.97815,-2.063261,-3.7530441,0.9856937,74.54554,0.0
2022-12-23 18:00:00,25.498993,20.477081,1008.8738,-0.08400345,-4.2467394,0.94565225,73.786804,0.0009536743
2022-12-24 00:00:00,24.687225,19.78836,1007.8187,1.7845477,-4.007251,0.5541816,74.213776,0.0
2022-12-24 06:00:00,29.266144,23.02713,1009.1994,0.2245209,-5.7649,0.97342116,69.15148,0.00057183206
2022-12-24 12:00:00,28.028717,23.127716,1006.175,-0.69137955,-5.2422,0.88539153,74.75338,0.008961186
2022-12-24 18:00:00,26.029633,22.572662,1008.21,0.08411217,-5.482189,0.99328387,81.285736,0.043570995
2022-12-25 00:00:00,25.10672,23.227692,1006.77875,0.05924034,-4.522542,1.0,89.33894,0.045388937
2022-12-25 06:00:00,26.582336,24.606903,1009.1,-2.477809,-3.9921703,1.0,88.935356,0.09394719
2022-12-25 12:00:00,26.65738,24.78128,1008.58624,-2.5781174,-3.2698507,0.99432355,89.47059,0.00865671
2022-12-25 18:00:00,25.822601,24.492157,1010.0637,-2.3935604,-1.4435949,1.0,92.3826,0.0
2022-12-26 00:00:00,25.313263,23.612244,1009.48627,-1.898406,-1.0978441,0.9857895,90.31856,0.11996624
2022-12-26 06:00:00,27.63797,24.73349,1011.8569,-4.5078087,-0.98330116,0.6457459,84.22702,0.46273547
2022-12-26 12:00:00,27.85608,25.309875,1009.90936,-3.6574278,-0.73311996,0.3125459,86.06768,0.0
2022-12-26 18:00:00,25.650665,24.39093,1012.8931,-2.384344,-1.6854858,0.32238424,92.76538,0.29010817
2022-12-27 00:00:00,24.976074,23.652924,1011.66565,-2.0373688,-0.80299854,0.81996226,92.37676,0.008308262
2022-12-27 06:00:00,27.793976,24.536835,1013.6894,-2.8522196,0.30357283,0.7361327,82.4872,0.0
2022-12-27 12:00:00,26.938904,24.486725,1011.1219,-2.1565876,-0.8667841,0.46097368,86.4648,0.0
2022-12-27 18:00:00,25.700836,24.052612,1013.4363,-1.1878471,-1.4550047,0.30335099,90.632095,0.0
2022-12-28 00:00:00,24.675385,23.317963,1012.4625,-0.3344164,-1.4990311,0.4017505,92.16938,0.032606974
2022-12-28 06:00:00,29.423492,23.552582,1014.97314,-3.0855284,-2.2156305,0.22564274,70.73548,0.0
2022-12-28 12:00:00,28.177338,22.720795,1011.96875,-2.3500433,-1.302598,0.051605225,72.30499,0.0
2022-12-28 18:00:00,25.461212,23.239258,1015.0737,-1.6843538,-1.2247553,0.8226858,87.53561,0.0
2022-12-29 00:00:00,24.879547,23.276031,1013.78314,-0.23781395,-1.6547108,0.4779272,90.822136,0.0
2022-12-29 06:00:00,29.381622,23.149506,1015.8525,-2.2891235,-1.1021862,0.37300402,69.20222,0.06246753
2022-12-29 12:00:00,28.00119,22.940369,1013.2419,-2.5870905,-0.8298626,0.0006656647,74.02952,0.0
2022-12-29 18:00:00,24.5654,22.790558,1015.71625,-1.6329355,-0.62719727,0.016384125,89.86403,0.0
2022-12-30 00:00:00,24.662445,23.094452,1015.2275,0.36499405,-1.1199608,0.2884033,91.003235,0.0031478703
2022-12-30 06:00:00,29.581085,22.640045,1016.6325,-1.4694118,-1.9834547,0.17385882,66.33185,0.008771196
2022-12-30 12:00:00,28.333527,23.058014,1013.715,-2.4446049,-1.014842,0.37187117,73.12931,0.0
2022-12-30 18:00:00,24.910004,23.144135,1015.955,-1.7986221,-0.9202633,0.0071868896,89.93758,9.5460564e-05
2022-12-31 00:00:00,24.148712,23.04892,1014.8775,0.5256157,-0.8337593,0.9999996,93.58843,0.0017164275
2022-12-31 06:00:00,28.937897,22.643585,1016.125,-0.30096722,-1.1311884,0.99498296,68.85777,0.013351906
2022-12-31 12:00:00,28.053131,22.855438,1012.78564,-2.3818483,-0.77719975,0.36251476,73.42699,0.0
2022-12-31 18:00:00,24.083649,22.27658,1014.82935,-1.6859407,-0.77418995,0.10002286,89.65325,0.0
2023-01-01 00:00:00,23.398712,22.141266,1013.6731,0.49162197,-1.2588196,0.91003156,92.659805,0.0
2023-01-01 06:00:00,28.944977,22.563873,1015.4525,-0.7421732,-2.1378012,0.40711462,68.49731,0.00085833017
2023-01-01 12:00:00,27.96048,22.46939,1012.0712,-2.4933243,-1.8926363,0.9334625,72.115555,0.0
2023-01-01 18:00:00,24.390045,22.061615,1014.85126,-2.3728275,-1.1592493,0.070785746,86.876305,0.0
2023-01-02 00:00:00,23.97934,21.681152,1013.1819,-0.99228096,-1.7154016,0.9587613,86.99921,0.0030517261
2023-01-02 06:00:00,28.941559,20.833221,1015.2369,-3.209076,-2.1675205,0.58343786,61.63417,0.0
2023-01-02 12:00:00,27.620148,22.107635,1012.3856,-2.537508,-0.6621704,0.26901412,71.961655,0.0
2023-01-02 18:00:00,24.466095,21.352661,1015.01,-1.0192413,-2.0610886,0.15555139,82.81458,0.00066740904
2023-01-03 00:00:00,23.868317,21.290588,1013.39435,0.32458878,-2.1258821,0.21479243,85.512535,0.0009535579
2023-01-03 06:00:00,28.489899,21.561066,1015.08,-3.1998196,-3.1469479,0.5257554,66.159454,0.0371922
2023-01-03 12:00:00,27.41446,21.706818,1011.8787,-2.4271708,-2.3628263,0.102415204,71.07325,0.0
2023-01-03 18:00:00,24.74704,21.54364,1014.58936,-1.4736967,-2.2152777,0.39577395,82.39287,0.010297517
2023-01-04 00:00:00,23.779205,21.335052,1013.16437,0.042796135,-2.3257065,0.3635062,86.20676,0.006388873
2023-01-04 06:00:00,28.09317,21.934845,1014.1069,-3.8693218,-2.677126,0.93800676,69.26831,0.17796084
2023-01-04 12:00:00,27.62976,21.079346,1010.77,-2.5259018,-2.1942167,0.9989381,67.53686,0.0
2023-01-04 18:00:00,24.73581,20.849487,1013.34564,-1.5822906,-2.2372932,0.56570655,79.010666,0.0
2023-01-05 00:00:00,23.913483,20.926788,1011.775,-0.31789398,-2.1655607,0.23145431,83.39708,0.0
2023-01-05 06:00:00,28.063873,23.181244,1014.495,-3.4330006,-3.0855722,0.6757796,74.84214,0.39006543
2023-01-05 12:00:00,27.66095,22.24826,1011.6956,-3.0993824,-3.1886234,0.4175303,72.407616,0.0
2023-01-05 18:00:00,25.648712,21.490051,1014.16187,-2.1626263,-3.4961386,0.19150227,77.83091,9.534415e-05
2023-01-06 00:00:00,25.307648,21.79898,1012.72,-0.84649086,-3.6681805,0.943402,80.93853,0.007819966
2023-01-06 06:00:00,28.512482,21.956757,1015.48627,-4.1858673,-4.9551697,0.7303351,67.68934,0.005913309
2023-01-06 12:00:00,27.282776,22.19815,1012.4925,-2.919157,-4.2182903,0.6433383,73.80293,0.0
2023-01-06 18:00:00,25.705597,21.789734,1014.5625,-2.0776405,-4.01013,0.63696426,79.003204,0.0
2023-01-07 00:00:00,24.99765,21.41977,1012.635,-1.2367458,-3.7509832,0.421315,80.55653,0.01058355
2023-01-07 06:00:00,28.505035,21.874207,1014.7675,-3.9732113,-4.8332005,0.3949492,67.37841,0.0
2023-01-07 12:00:00,27.17569,21.853607,1011.67,-3.0587006,-3.220314,0.20696263,72.72407,0.0
2023-01-07 18:00:00,25.36142,22.088837,1014.35,-1.8607321,-3.0129223,0.20321375,82.11945,0.009248499
2023-01-08 00:00:00,24.193756,22.256958,1012.2456,-1.1790419,-3.3787537,0.50891167,88.956566,0.0529252
2023-01-08 06:00:00,26.5372,22.702423,1014.1981,-2.4469595,-4.1039324,0.34056866,79.509056,0.04940921
2023-01-08 12:00:00,26.259796,22.065521,1011.2375,-3.2562952,-3.2235117,0.24552554,77.75114,0.0
2023-01-08 18:00:00,24.617401,21.152924,1013.705,-2.6029816,-2.6729794,0.12202467,81.06923,0.0
2023-01-09 00:00:00,23.302887,20.236542,1013.2381,-0.64200974,-3.281002,0.3061719,82.918175,0.0001906883
2023-01-09 06:00:00,27.868378,20.046173,1015.4469,-2.582302,-4.47153,0.345182,62.492268,0.0
2023-01-09 12:00:00,26.52359,20.02951,1012.92065,-2.542328,-3.0291624,0.23121452,67.5517,0.0
2023-01-09 18:00:00,23.474396,18.73758,1014.9856,-1.835391,-2.5441656,0.5577031,74.76421,0.0
2023-01-10 00:00:00,22.958282,18.822784,1013.52563,-0.34498882,-3.1778145,0.6935288,77.54429,0.0
2023-01-10 06:00:00,27.83786,19.956268,1015.0037,-3.0546913,-4.125494,0.95861727,62.2562,0.041484833
2023-01-10 12:00:00,27.027557,19.81784,1011.6937,-2.2435017,-2.911481,0.2111028,64.7237,0.0
2023-01-10 18:00:00,23.897003,19.100616,1013.9487,-0.988781,-3.141364,0.39731836,74.55637,0.0
2023-01-11 00:00:00,22.769196,18.5607,1011.6906,0.7046299,-2.933302,0.35996225,77.162735,0.0036233105
2023-01-11 06:00:00,27.862335,20.166046,1013.4425,-2.3806133,-3.661295,0.5450862,62.979603,0.0
2023-01-11 12:00:00,26.971527,20.35904,1009.8625,-2.6341572,-2.445774,0.119804636,67.148224,0.0
2023-01-11 18:00:00,23.346344,19.621918,1012.37,-1.4604511,-2.0565042,0.08937073,79.611496,0.0
2023-01-12 00:00:00,22.239655,19.352997,1010.76373,-0.029174805,-2.554018,0.18621826,83.724205,0.0
2023-01-12 06:00:00,28.182281,20.186554,1012.5075,-2.0028677,-3.208766,0.5290172,61.894173,9.5351425e-05
2023-01-12 12:00:00,27.022552,20.343903,1009.02,-2.7524633,-1.366951,0.20480482,66.884705,0.0
2023-01-12 18:00:00,22.587677,19.684448,1011.6937,-1.905654,-1.1272526,0.4318568,83.6773,0.0
2023-01-13 00:00:00,21.727936,19.351654,1010.28815,0.1498909,-2.0148478,0.82078063,86.37106,0.0
2023-01-13 06:00:00,27.63205,19.799164,1013.2612,-2.5173168,-1.907383,0.9836495,62.398865,0.0
2023-01-13 12:00:00,26.929901,19.989288,1010.1731,-3.0329123,-1.0692692,0.22132152,65.79128,0.0
2023-01-13 18:00:00,22.1503,19.247894,1012.6625,-1.996542,-1.0431805,0.5331918,83.63209,0.0
2023-01-14 00:00:00,22.09195,19.17804,1011.5031,-0.258667,-1.9934502,0.9256162,83.56557,0.0
2023-01-14 06:00:00,27.289886,19.44168,1012.77185,-1.9172812,-2.5035706,0.8817169,62.263935,0.0
2023-01-14 12:00:00,26.781769,19.700836,1009.4819,-2.635766,-0.9329958,0.846905,65.19084,0.0
2023-01-14 18:00:00,22.161774,19.515839,1011.9481,-1.9241943,-0.80869865,0.025242649,84.978226,0.0
2023-01-15 00:00:00,21.51712,19.472412,1010.1375,-0.06504631,-1.8084002,0.33299094,88.1513,0.0
2023-01-15 06:00:00,27.584381,20.342072,1012.0925,-2.2396145,-2.2077847,0.36958712,64.710815,0.0
2023-01-15 12:00:00,26.387482,19.47641,1009.1281,-2.816702,-1.2099314,0.114397414,65.79961,0.0
2023-01-15 18:00:00,21.5159,18.914093,1011.8013,-1.8621483,-0.88517666,0.034866333,85.14456,0.0
2023-01-16 00:00:00,20.796661,18.227081,1010.1,0.2665205,-2.0915117,0.03932208,85.24169,0.0
2023-01-16 06:00:00,27.528961,19.924957,1012.98,-2.1935482,-2.3876677,0.90368146,63.267563,0.0
2023-01-16 12:00:00,26.350616,20.437714,1009.665,-3.1222582,-2.0878649,0.000787735,69.988,0.0
2023-01-16 18:00:00,22.100616,19.601654,1012.64935,-1.680068,-1.3637104,0.08182563,85.75132,0.0
2023-01-17 00:00:00,21.185944,18.94278,1010.3525,0.029289246,-1.6959305,0.39844662,87.03937,0.0
2023-01-17 06:00:00,27.75821,19.727753,1014.0588,-2.3503141,-2.357458,0.91157573,61.666756,0.0
2023-01-17 12:00:00,26.905548,19.783173,1010.93,-3.2194223,-0.61334515,0.9361401,65.04941,0.0
2023-01-17 18:00:00,22.017975,19.224304,1013.35315,-1.892808,-1.4877138,0.98998994,84.18547,0.0
2023-01-18 00:00:00,21.451447,18.665314,1011.78937,-0.15255356,-2.1908216,0.26731694,84.16266,0.0
2023-01-18 06:00:00,28.277435,19.396484,1015.15564,-3.7831907,-2.7823153,0.6889387,58.609455,0.0
2023-01-18 12:00:00,26.983673,19.358185,1011.6881,-3.3833628,-1.8894596,0.34923387,63.064533,0.0
2023-01-18 18:00:00,23.15689,18.812744,1015.02875,-2.376874,-1.2604408,0.92279744,76.57014,0.0
2023-01-19 00:00:00,22.647491,19.001556,1012.7431,-0.006155014,-1.9178514,0.94797873,79.90566,0.0001906883
2023-01-19 06:00:00,27.950531,18.686737,1014.65,-2.8652992,-2.8930836,0.69428056,57.14996,0.0
2023-01-19 12:00:00,27.12973,19.118256,1011.47437,-3.1182203,-2.5948792,0.046679728,61.598785,0.0
2023-01-19 18:00:00,23.499298,18.22406,1013.6731,-1.444562,-2.4022636,0.55450916,72.289246,0.0
2023-01-20 00:00:00,22.479523,18.998016,1011.95,-0.00701046,-2.0823917,0.56751347,80.70697,0.0051492825
2023-01-20 06:00:00,28.097565,20.775726,1013.9531,-3.1105595,-2.4105701,0.7518155,64.50248,0.1229284
2023-01-20 12:00:00,27.661835,20.584747,1010.675,-3.2458029,-2.1058264,0.6190644,65.3901,0.0
2023-01-20 18:00:00,23.698395,19.801056,1013.1856,-1.5232239,-2.0834675,0.222206,78.81079,0.0
2023-01-21 00:00:00,23.381744,21.128265,1011.28,0.34237957,-2.6941328,0.72616494,87.183556,0.0148732215
2023-01-21 06:00:00,28.549835,21.528961,1012.9956,-2.754321,-4.1131086,0.9084426,65.80014,0.0
2023-01-21 12:00:00,27.431854,21.065643,1009.92,-3.180091,-3.2584677,1.0,68.266014,0.0
2023-01-21 18:00:00,24.974396,20.402374,1011.8638,-2.19448,-2.7897196,0.98555326,75.776825,9.49949e-05
2023-01-22 00:00:00,24.616486,21.589264,1010.6725,-1.2488804,-2.3745728,0.94971794,83.27033,9.49949e-05
2023-01-22 06:00:00,28.027557,21.23996,1012.41315,-3.5701914,-3.4538488,0.93978375,66.64003,0.0
2023-01-22 12:00:00,26.501984,21.425568,1010.0075,-3.1921806,-2.1205072,1.0,73.70879,0.004861504
2023-01-22 18:00:00,25.25528,21.090088,1011.1406,-1.793046,-2.7038708,0.99999857,77.74205,0.0
2023-01-23 00:00:00,24.516754,21.395355,1009.0062,-0.45093727,-2.6587362,0.91504914,82.78014,0.010009855
2023-01-23 06:00:00,26.885254,22.413544,1011.14124,-2.383834,-3.2145853,0.97589755,76.541985,0.16603361
2023-01-23 12:00:00,26.439575,22.765778,1008.69,-3.1749191,-2.8449707,0.924729,80.27587,0.0
2023-01-23 18:00:00,25.305145,22.720184,1010.8688,-2.4726706,-2.5962849,0.8700613,85.61871,0.0
2023-01-24 00:00:00,24.585938,22.182617,1009.53375,-1.5716486,-1.9153109,0.9571202,86.49899,0.061129108
2023-01-24 06:00:00,28.845123,21.870361,1012.28815,-3.4697638,-2.1479664,0.60405564,66.046425,0.0
2023-01-24 12:00:00,27.652374,21.157562,1008.64813,-3.9504623,-2.3437586,0.6851735,67.77228,0.0
2023-01-24 18:00:00,24.355194,20.264648,1011.27124,-2.5999641,-2.1042185,0.8052921,77.96799,0.0015255064
2023-01-25 00:00:00,22.868805,20.20224,1010.3575,-0.55781174,-2.098711,0.80640274,84.94371,0.0
2023-01-25 06:00:00,28.841278,20.160675,1011.7394,-3.4181852,-3.0186224,0.99841994,59.47433,0.0
2023-01-25 12:00:00,27.281403,21.157806,1009.21814,-3.8154745,-2.1250858,0.050967164,69.26119,0.0
2023-01-25 18:00:00,23.312286,19.952087,1011.60376,-1.4046144,-1.546978,0.32592642,81.425514,0.0
2023-01-26 00:00:00,22.77066,19.957092,1009.9075,-0.036561966,-2.5266972,0.79891324,84.16414,0.00028603245
2023-01-26 06:00:00,28.022614,20.174835,1011.9525,-3.1950407,-2.6022902,0.5704953,62.427418,0.0
2023-01-26 12:00:00,27.073029,20.893036,1009.10187,-3.563572,-1.6541786,0.06114902,68.98189,0.0
2023-01-26 18:00:00,23.898102,19.991547,1011.7175,-2.2718105,-1.1513681,0.949704,78.794106,0.0
2023-01-27 00:00:00,23.122345,20.507538,1009.9494,-0.055339813,-1.9361496,0.23354506,85.24194,0.00028614886
2023-01-27 06:00:00,27.863678,20.794525,1011.6175,-1.9258375,-3.2267618,0.7454732,65.46399,0.016021775
2023-01-27 12:00:00,27.66397,21.101593,1008.7644,-2.7883701,-2.601304,0.06899895,67.49407,0.0
2023-01-27 18:00:00,23.638092,19.804504,1010.7587,-2.0850353,-1.6945992,0.11502208,79.11443,0.0
2023-01-28 00:00:00,22.5336,19.310944,1009.7475,-0.017385483,-2.2107067,0.31754392,82.02622,0.0
2023-01-28 06:00:00,28.02005,20.09085,1010.91315,-2.7704535,-4.083006,0.6368614,62.113274,0.0
2023-01-28 12:00:00,27.725372,20.928741,1008.1525,-2.5981178,-2.8368702,0.04093933,66.54193,0.0
2023-01-28 18:00:00,24.529694,20.415955,1009.71375,-0.6695719,-3.3067713,0.5889141,77.88194,0.0
2023-01-29 00:00:00,23.629303,20.317291,1007.8187,0.61181355,-3.5821218,0.78401506,81.70839,0.009343959
2023-01-29 06:00:00,27.867096,22.056,1009.4856,-3.2464695,-4.8942347,0.99061525,70.70809,0.030705057
2023-01-29 12:00:00,27.220062,23.086151,1007.10815,-3.6529322,-2.7429228,0.8901864,78.17611,0.0
2023-01-29 18:00:00,24.890228,22.972778,1010.135,-0.7949705,-1.7786417,0.993904,89.11517,0.0
2023-01-30 00:00:00,24.293243,22.39862,1008.6238,-0.19846058,-2.2836838,0.8877304,89.19279,0.0404343
2023-01-30 06:00:00,27.05008,23.766632,1010.59314,-2.6538668,-3.1702776,0.97779393,82.26881,0.010204196
2023-01-30 12:00:00,26.97644,23.210205,1008.21625,-2.990985,-3.7200212,1.0,79.899086,0.0
2023-01-30 18:00:00,25.303925,23.014252,1010.4775,-1.1508284,-3.8048382,1.0,87.16405,0.0
2023-01-31 00:00:00,24.82425,22.456024,1008.22565,0.00046634674,-4.039119,1.0,86.70617,0.001335633
2023-01-31 06:00:00,28.048248,22.349823,1010.35376,-2.258788,-5.486823,1.0,71.22782,0.05826913
2023-01-31 12:00:00,26.665924,22.789093,1007.5656,-3.080801,-3.9195614,1.0,79.324135,0.00628829
2023-01-31 18:00:00,25.188477,22.629425,1009.0494,-0.966835,-4.323041,1.0,85.741806,0.002682209
2023-02-01 00:00:00,25.222687,22.382843,1007.4856,0.2032671,-3.8457127,1.0,84.29521,0.0
2023-02-01 06:00:00,26.038483,22.995636,1009.57,-1.6362658,-4.976288,1.0,83.35327,0.5464489
2023-02-01 12:00:00,25.830475,23.745941,1007.435,-1.7444477,-4.3043633,1.0,88.295334,0.0
2023-02-01 18:00:00,24.381287,22.866913,1009.17126,-1.380166,-5.320161,0.9934635,91.2812,0.65280175
2023-02-02 00:00:00,24.409668,23.560455,1007.3181,-1.9842682,-4.402874,1.0,95.02617,0.0
2023-02-02 06:00:00,25.257019,24.36972,1010.6406,-2.3056345,-4.064925,1.0000001,94.8402,0.59075344
2023-02-02 12:00:00,25.322052,22.993439,1007.8681,-2.6499205,-4.009845,1.0,86.960495,0.0
2023-02-02 18:00:00,24.5419,22.598297,1010.8181,-2.0520725,-4.2525787,0.95380044,88.946976,0.0
2023-02-03 00:00:00,24.436554,23.503876,1008.83185,-1.33212,-2.7365847,0.9978533,94.550285,0.0
2023-02-03 06:00:00,27.138947,24.782501,1011.01624,-2.642066,-2.0001192,0.9639709,86.97955,0.52185583
2023-02-03 12:00:00,25.520569,24.026428,1008.35626,-2.8926468,-2.662115,0.9853408,91.463036,0.3264181
2023-02-03 18:00:00,24.938232,23.361664,1010.9794,-2.1347733,-3.0926714,0.92944115,90.973816,0.0
2023-02-04 00:00:00,24.516388,22.685333,1008.5656,-0.8257475,-3.0976944,0.99336267,89.554634,0.07363555
2023-02-04 06:00:00,27.851654,24.629547,1010.9475,-2.8768444,-3.569994,0.51456594,82.667,0.0142214
2023-02-04 12:00:00,27.799347,22.179596,1007.81,-2.8432932,-3.0874186,0.05566718,71.52488,0.0
2023-02-04 18:00:00,24.654022,22.039154,1010.72,-1.6412773,-2.377244,0.045927003,85.39784,0.0
2023-02-05 00:00:00,24.104645,21.943878,1008.39685,0.1411457,-2.4778776,0.870447,87.74352,0.0
2023-02-05 06:00:00,28.428009,22.1503,1010.66376,-2.3485956,-2.6698055,0.988354,68.82966,0.0
2023-02-05 12:00:00,27.257416,20.873688,1008.60187,-2.7636518,-2.3156204,0.88729274,68.15851,0.0
2023-02-05 18:00:00,23.975616,21.25003,1010.6875,-1.3808365,-2.9024086,1.0,84.75179,0.0
2023-02-06 00:00:00,23.414825,21.278778,1009.7619,-0.38078594,-2.5553102,0.31729788,87.81681,0.0
2023-02-06 06:00:00,28.283173,21.715973,1011.9494,-2.692091,-1.7966108,0.8019843,67.596725,0.0
2023-02-06 12:00:00,27.329987,21.431427,1008.045,-2.196907,-1.8682117,0.99933493,70.232544,0.0
2023-02-06 18:00:00,23.134064,21.450592,1010.34937,-1.7823601,-1.0075655,0.45732096,90.26392,0.0
2023-02-07 00:00:00,23.041779,21.45279,1009.6725,0.32928753,-1.5423822,0.6732365,90.781364,0.0
2023-02-07 06:00:00,28.934235,21.891876,1011.78436,-1.0104208,-2.4719486,0.43767172,65.792694,0.0
2023-02-07 12:00:00,28.41397,21.786774,1007.77374,-3.1239014,-0.4712839,0.15122223,67.37526,0.0
2023-02-07 18:00:00,23.493439,21.953827,1010.1231,-1.9154243,-0.7017679,0.00078582764,91.08518,0.0
2023-02-08 00:00:00,23.914948,22.019562,1009.41565,-0.565176,-1.9800148,0.9609828,89.1596,0.0003813766
2023-02-08 06:00:00,29.03775,21.993195,1011.72815,-1.731864,-2.1612158,0.34588718,65.80512,0.0
2023-02-08 12:00:00,28.38919,22.053375,1008.21625,-2.6628885,-0.9067154,0.9513907,68.578926,0.0
2023-02-08 18:00:00,23.44815,21.698212,1010.95,-1.9390392,-0.86198616,0.7580782,89.91985,0.0
2023-02-09 00:00:00,24.001007,22.28305,1009.28064,0.28762245,-1.6769762,0.86400664,90.13476,0.002383953
2023-02-09 06:00:00,28.74002,22.027008,1012.20935,-1.5795517,-0.94918156,0.9592981,67.08807,0.0
2023-02-09 12:00:00,28.096588,21.306427,1009.3894,-2.7703743,-0.8832016,0.8108746,66.64352,0.0
2023-02-09 18:00:00,23.365143,21.233063,1012.135,-1.6098833,-1.4102774,0.9236455,87.833916,0.0
2023-02-10 00:00:00,23.066315,21.392853,1011.0513,0.097616196,-1.8479748,0.93590933,90.314575,0.0
2023-02-10 06:00:00,29.033844,22.030182,1013.3694,-1.5860147,-1.8608084,0.34644353,65.96859,0.0
2023-02-10 12:00:00,28.287872,20.347076,1009.7438,-2.795762,-0.8819256,0.33933964,62.128036,0.0
2023-02-10 18:00:00,23.501373,21.043793,1012.3881,-2.1985254,-1.0829954,0.16571772,86.1089,0.0
2023-02-11 00:00:00,22.376373,20.611664,1011.0563,-0.12891197,-1.239522,0.99921286,89.760574,0.0
2023-02-11 06:00:00,27.333527,21.179596,1013.1369,-1.4385824,-2.0605354,0.9929445,69.14232,0.0
2023-02-11 12:00:00,27.360748,20.787506,1010.1375,-2.2573519,-1.023736,0.7443866,67.38874,0.0
2023-02-11 18:00:00,22.909088,20.173126,1012.8525,-2.0388966,0.34531975,0.619155,84.58431,0.0
2023-02-12 00:00:00,21.288727,19.584259,1011.32874,0.47054863,-0.7520399,0.33366156,90.01662,0.0
2023-02-12 06:00:00,28.856842,20.409576,1013.35815,-1.2675724,-1.0961399,0.6252322,60.341434,0.0
2023-02-12 12:00:00,28.66043,19.80838,1009.90686,-2.6801949,-0.8389988,0.0103302,58.8045,0.0
2023-02-12 18:00:00,21.886993,19.304718,1012.08875,-1.8207588,-1.3455305,0.13867188,85.2867,0.0
2023-02-13 00:00:00,20.711823,19.584503,1011.4125,0.10771084,-1.0885401,0.6697451,93.26601,0.0
2023-02-13 06:00:00,28.9628,20.832916,1013.2175,-1.7802849,-1.0193129,0.28816223,61.557262,0.0
2023-02-13 12:00:00,28.337067,20.111969,1010.26935,-2.8263922,-1.284481,0.68864477,61.056847,0.0
2023-02-13 18:00:00,23.033844,20.66275,1012.955,-1.844204,-1.5062418,0.0,86.523285,0.0
2023-02-14 00:00:00,21.751007,20.15921,1011.6788,0.31022167,-0.9827614,0.46115762,90.67959,0.0
2023-02-14 06:00:00,28.71988,21.304596,1013.70123,-1.5544262,-0.87212276,0.37595308,64.26472,0.0
2023-02-14 12:00:00,28.410309,19.430206,1009.42126,-2.9072628,0.19796371,0.0,58.28034,0.0
2023-02-14 18:00:00,22.918365,20.415985,1011.5513,-2.0638227,-0.19026756,0.0,85.81457,0.0
2023-02-15 00:00:00,21.928864,20.238556,1009.5625,0.8892765,-1.2639084,0.21310425,90.14131,0.0
2023-02-15 06:00:00,29.159576,21.07962,1011.85065,-1.9494524,-1.4385271,0.12557602,61.790287,0.0
2023-02-15 12:00:00,28.539093,19.79898,1008.40564,-2.8056545,-1.5602303,0.0,59.185673,0.0
2023-02-15 18:00:00,23.211823,20.353546,1010.6256,-2.220581,-1.0149689,0.0,83.98033,0.0
2023-02-16 00:00:00,22.02774,20.296295,1009.5425,0.22117805,-1.2321005,0.0885849,89.919556,0.0
2023-02-16 06:00:00,28.866608,21.167633,1012.28436,-2.7421713,-1.4319563,0.22393183,63.187397,0.0
2023-02-16 12:00:00,28.038116,20.380646,1009.285,-3.5298233,-1.3776741,0.0043325424,63.16913,0.0
2023-02-16 18:00:00,23.101349,20.722229,1011.8056,-1.1841507,-1.5789833,0.009681702,86.486916,0.0
2023-02-17 00:00:00,22.88321,20.800995,1010.9369,-0.26829338,-1.3508186,0.57707715,88.06228,0.004004687
2023-02-17 06:00:00,28.994171,20.58194,1012.9406,-2.6629915,-0.75948906,0.32182387,60.50323,0.0
2023-02-17 12:00:00,28.637848,19.672516,1009.5075,-2.9127789,-0.9829025,0.0,58.387447,0.0
2023-02-17 18:00:00,22.643341,19.977753,1012.15375,-1.9039574,-0.9224863,0.0,84.92517,0.0
2023-02-18 00:00:00,22.761993,20.604034,1010.7994,0.3346367,-1.3024273,0.115608215,87.64208,0.0
2023-02-18 06:00:00,29.690582,21.763336,1012.8219,-1.8265476,-0.83871365,0.27865118,62.48846,0.0009536743
2023-02-18 12:00:00,29.114166,22.566925,1009.08,-3.34404,-0.5535307,0.003332138,67.8425,0.0
2023-02-18 18:00:00,25.363007,23.188385,1012.5419,-2.7698383,-0.35346508,0.038448334,87.77782,0.0
2023-02-19 00:00:00,23.81363,22.203217,1010.9825,-0.5394678,-1.2542782,0.32069075,90.71387,0.0
2023-02-19 06:00:00,29.945587,21.71634,1012.83185,-2.4208498,-1.2372322,0.38379508,61.401783,0.001906883
2023-02-19 12:00:00,28.933624,22.589142,1009.685,-3.86615,-1.1978874,0.21625952,68.64759,0.0
2023-02-19 18:00:00,24.958466,22.622833,1012.22876,-2.5491934,-0.4223318,0.0,86.89034,0.0
2023-02-20 00:00:00,22.955475,21.262543,1010.27,-0.16196346,-1.4256344,0.44260806,90.199135,0.0
2023-02-20 06:00:00,29.55545,22.16153,1013.2444,-1.6205311,-1.7490778,0.24249385,64.52524,0.00028614886
2023-02-20 12:00:00,29.075592,21.210968,1009.89124,-3.324192,-0.72338295,0.7381089,62.593693,0.0
2023-02-20 18:00:00,23.854156,21.514496,1012.39,-2.6338797,0.41878796,0.006088257,86.76732,0.0
2023-02-21 00:00:00,22.298492,20.289703,1011.03,0.22716427,-1.3711853,0.1386055,88.41293,0.0
2023-02-21 06:00:00,29.983795,19.473297,1013.16876,-1.6718674,-1.8101492,0.08383262,53.356636,0.0
2023-02-21 12:00:00,29.224152,18.723907,1010.03564,-2.9964714,-1.0959148,0.0,53.200024,0.0
2023-02-21 18:00:00,23.569122,20.679108,1012.1206,-2.0339985,-0.58546734,0.0,83.85576,0.0
2023-02-22 00:00:00,22.641876,20.953278,1010.72437,0.13985443,-1.5147057,0.0,90.2011,0.0
2023-02-22 06:00:00,29.96756,19.950592,1012.16815,-2.9916468,-1.7794342,0.07211113,55.011703,0.0
2023-02-22 12:00:00,28.726349,18.606598,1009.8088,-3.5401688,-1.3804655,0.002937317,54.35523,0.0
2023-02-22 18:00:00,24.189606,18.796173,1012.255,-2.4487352,-0.2598524,0.0,71.87904,0.0
2023-02-23 00:00:00,22.609161,19.038513,1010.8812,0.36588287,-0.8506632,0.26736385,80.27662,0.0
2023-02-23 06:00:00,29.318268,20.204376,1012.34436,-2.4787216,-1.3080158,0.9939863,58.012222,0.019741245
2023-02-23 12:00:00,28.820831,23.15567,1009.39813,-3.6641445,-1.088069,0.5284816,71.510254,0.0
2023-02-23 18:00:00,25.246307,22.776215,1011.65314,-2.436884,-0.12829208,0.09126282,86.21139,0.0015255064
2023-02-24 00:00:00,24.522858,21.81546,1010.60626,-0.5120878,-0.88074493,0.25967866,84.90365,0.00095390715
2023-02-24 06:00:00,30.380646,20.998505,1013.47,-2.485424,-0.98045635,0.25852966,57.31052,0.0
2023-02-24 12:00:00,29.529572,20.473175,1009.98315,-3.3048468,-0.15240097,0.0,58.268402,0.0
2023-02-24 18:00:00,23.727448,20.417755,1013.6256,-2.0493374,-0.10328293,0.0,81.732315,0.0
2023-02-25 00:00:00,22.904938,20.612823,1012.66187,-0.1650095,-1.6621027,0.03958893,86.93329,0.0
2023-02-25 06:00:00,29.824005,20.878326,1014.1125,-1.4231968,-1.5420408,0.017009735,58.73622,0.0
2023-02-25 12:00:00,29.13211,18.909332,1011.41,-3.292324,-1.2941198,0.0,54.10698,0.0
2023-02-25 18:00:00,23.462738,20.188019,1014.61127,-1.498169,-1.5330191,0.0,81.876205,0.0
2023-02-26 00:00:00,22.529572,20.103424,1013.9425,-0.8215103,-2.0723648,0.08722687,86.1815,0.0
2023-02-26 06:00:00,29.61673,20.732086,1015.28687,-3.3787632,-2.2214184,0.24523304,58.90889,0.0
2023-02-26 12:00:00,28.611969,20.531647,1013.03436,-4.220587,-2.1644306,0.085121155,61.667114,0.0
2023-02-26 18:00:00,24.384552,20.776367,1015.58,-1.0716887,-1.7666368,0.059036255,80.32617,0.0
2023-02-27 00:00:00,23.643219,20.882294,1014.6312,0.90577984,-2.1671371,0.27253425,84.532745,0.0
2023-02-27 06:00:00,30.612823,20.257843,1015.71063,-1.8596964,-2.734047,0.15438414,54.030865,0.0
2023-02-27 12:00:00,29.475983,20.981964,1012.1819,-3.486597,-2.2551394,0.0,60.308678,0.0
2023-02-27 18:00:00,25.75357,22.941559,1014.1406,-2.2299566,-2.3090076,0.044929504,84.49463,0.0003813766
2023-02-28 00:00:00,25.513397,23.31192,1013.1094,-0.89250565,-2.7761889,0.6001379,87.64846,0.0011459924
2023-02-28 06:00:00,28.55069,22.835358,1015.79565,-3.8564644,-3.0449562,0.3540296,71.245155,0.19826901
2023-02-28 12:00:00,29.209503,22.258942,1012.29,-3.8674011,-2.6428642,0.24325079,66.21817,0.0
2023-02-28 18:00:00,26.397491,23.672699,1014.70685,-2.2027922,-1.8472881,0.3745088,85.00844,0.021651387
2023-03-01 00:00:00,25.299683,23.32486,1012.84686,-0.6353369,-2.1630306,0.5276895,88.83837,0.037763953
2023-03-01 06:00:00,30.75064,22.223602,1015.41815,-4.1718693,-2.847351,0.2793389,60.47553,0.0
2023-03-01 12:00:00,29.321808,21.622467,1011.955,-3.937127,-2.6239538,0.611773,63.284332,0.0
2023-03-01 18:00:00,26.03543,22.88675,1015.3644,-2.925887,-1.7774944,0.14107592,82.82048,0.0
2023-03-02 00:00:00,24.978241,22.698029,1013.555,-0.9752493,-2.6402454,0.882959,87.18484,0.0032419339
2023-03-02 06:00:00,30.226227,21.1846,1015.915,-2.8691177,-2.6414604,0.8036959,58.484608,0.0
2023-03-02 12:00:00,29.375397,18.84732,1012.4906,-3.4160194,-2.1485538,0.66687787,53.14559,0.0
2023-03-02 18:00:00,24.86026,19.55655,1015.6725,-1.5099878,-2.070984,0.23882812,72.40158,0.0
2023-03-03 00:00:00,23.765533,20.430817,1014.4894,-0.09889126,-2.5780401,0.38250214,81.61094,0.0
2023-03-03 06:00:00,30.099152,20.922516,1016.59375,-3.2322664,-2.0764456,0.28565085,57.971977,0.0
2023-03-03 12:00:00,29.260529,19.17984,1012.8906,-3.7195425,-2.2368765,0.05742174,54.62056,0.0
2023-03-03 18:00:00,24.852448,21.171112,1015.46,-2.1430702,-2.0766764,0.2860822,80.02807,0.0
2023-03-04 00:00:00,25.069977,21.640411,1014.40564,-0.93441486,-2.5272713,0.19486788,81.30039,0.0
2023-03-04 06:00:00,31.033966,21.538239,1015.9581,-2.5070515,-2.4628115,0.11529937,57.06747,0.0
2023-03-04 12:00:00,30.19925,21.028229,1012.5706,-3.4901886,-2.0378666,0.029056601,58.01555,0.0
2023-03-04 18:00:00,26.121918,23.610382,1015.3113,-1.6690569,-1.748312,0.52050227,86.079735,0.0
2023-03-05 00:00:00,25.091827,23.228912,1013.76935,-0.1921339,-2.4342318,0.88555926,89.42485,0.0
2023-03-05 06:00:00,30.889679,22.21988,1015.32,-2.9300117,-2.314865,0.44157392,59.98358,0.0
2023-03-05 12:00:00,29.873322,20.707062,1011.89124,-3.5622663,-2.1798983,0.74452984,57.955788,0.0
2023-03-05 18:00:00,24.912811,22.83023,1014.46124,-1.7838392,-2.0671768,0.8063653,88.23011,0.0
2023-03-06 00:00:00,24.646759,22.571198,1012.7525,-1.0747766,-2.14777,0.5833993,88.24564,0.0001906883
2023-03-06 06:00:00,30.273468,20.709015,1014.5669,-2.7757177,-1.4423399,0.1571145,56.64599,0.0
2023-03-06 12:00:00,29.532623,20.46109,1010.4319,-3.525957,-1.7332249,0.0,58.214718,0.0
2023-03-06 18:00:00,24.990814,22.473663,1013.08624,-2.2315302,-1.0381393,0.047683716,85.940834,0.0
2023-03-07 00:00:00,25.300446,22.504608,1011.40686,-0.7168207,-1.8388414,0.4780885,84.52932,0.0
2023-03-07 06:00:00,30.568268,22.2706,1013.60187,-2.3573132,-1.5510187,0.16205508,61.284542,0.0
2023-03-07 12:00:00,29.675323,22.724396,1010.6175,-4.1600018,-1.7024231,0.08547284,66.31115,0.0
2023-03-07 18:00:00,26.177643,23.192017,1012.91376,-2.6620512,-1.8264313,0.08560351,83.657906,0.00066752546
2023-03-08 00:00:00,25.563873,22.381805,1011.59564,-1.0105581,-2.6239367,0.39764214,82.59749,0.010869699
2023-03-08 06:00:00,30.351593,22.153107,1013.53815,-3.712164,-2.7877016,0.48569924,61.607437,0.0697142
2023-03-08 12:00:00,29.50943,21.831818,1010.4313,-4.058091,-2.1296806,0.030875493,63.40886,0.0
2023-03-08 18:00:00,25.846588,23.15683,1012.2994,-2.2810745,-1.7464972,0.04433441,85.13166,0.0
2023-03-09 00:00:00,25.535126,23.032196,1010.46124,-0.505744,-2.324564,0.21694249,86.06785,0.0021932647
2023-03-09 06:00:00,30.546661,21.690338,1012.77686,-3.5799408,-2.8874207,0.27410907,59.226833,0.0
2023-03-09 12:00:00,29.836456,21.105988,1009.6294,-3.6936035,-2.7224693,0.016585808,59.520996,0.0
2023-03-09 18:00:00,25.869232,23.363068,1012.495,-2.5241966,-1.8975611,0.30686897,86.083275,0.0
2023-03-10 00:00:00,25.636688,23.174591,1010.4519,-0.083934784,-2.1739683,0.7306872,86.29039,0.0018118881
2023-03-10 06:00:00,30.403595,22.323578,1012.03625,-3.061304,-1.6279955,0.8539771,62.06482,0.0011441298
2023-03-10 12:00:00,28.8096,22.815216,1009.0506,-3.6140137,-2.3260918,0.9205118,70.09732,0.0
2023-03-10 18:00:00,26.40805,23.272247,1011.5781,-2.528368,-1.5396767,0.6336421,82.928375,9.49949e-05
2023-03-11 00:00:00,25.191254,23.014374,1010.34064,-0.19847679,-2.0407677,0.5336186,87.7511,0.08983724
2023-03-11 06:00:00,29.977692,22.985748,1012.3594,-2.835907,-2.4008007,0.5718792,66.207726,0.046347767
2023-03-11 12:00:00,29.57779,22.732697,1009.2056,-4.0266047,-2.2025843,0.18152024,66.71842,0.0
2023-03-11 18:00:00,25.8685,22.886505,1011.97186,-2.625681,-1.480381,0.0712865,83.64177,0.0
2023-03-12 00:00:00,24.636505,22.185455,1010.41815,0.11127281,-2.1352835,0.44382274,86.25275,0.003909692
2023-03-12 06:00:00,30.92044,22.13034,1011.9856,-3.7388048,-2.7528896,0.20284152,59.55273,0.021839514
2023-03-12 12:00:00,29.852325,23.084137,1008.5737,-4.28582,-1.869339,0.030456252,67.08485,0.0
2023-03-12 18:00:00,26.584015,23.263641,1011.72876,-2.029354,-1.6406069,0.1867824,82.02977,0.0
2023-03-13 00:00:00,25.575592,23.437103,1009.3306,-0.5457659,-2.3084927,0.36140049,87.98761,0.0008586794
2023-03-13 06:00:00,31.54483,21.821808,1010.91565,-3.0487967,-2.0000038,0.12398867,56.401176,0.002575107
2023-03-13 12:00:00,31.075714,20.451324,1007.59436,-3.6117096,-1.566103,0.04005304,53.25377,0.0
2023-03-13 18:00:00,25.863647,23.567535,1009.7825,-1.8435946,-1.5754671,0.031225204,87.1802,0.0
2023-03-14 00:00:00,26.000214,24.130157,1008.58435,-0.9671278,-1.7483845,0.590336,89.45417,0.0001906883
2023-03-14 06:00:00,31.060455,22.07022,1009.39813,-2.8522453,-1.1351585,0.116400905,58.86294,0.0
2023-03-14 12:00:00,29.864532,22.166534,1005.8631,-4.1281414,-0.14363754,0.13685346,63.40635,0.0
2023-03-14 18:00:00,25.710724,23.175385,1008.7356,-2.2352304,0.5958525,0.09840609,85.91636,0.0
2023-03-15 00:00:00,25.11148,22.827667,1007.08124,0.45541573,-0.81374454,0.54969025,87.17773,0.0
2023-03-15 06:00:00,30.962921,22.871613,1009.07874,-1.9524727,1.2265654,0.48282015,62.14499,0.012588687
2023-03-15 12:00:00,30.661652,24.613739,1005.60626,-3.3542976,1.5965903,0.40389317,70.21276,0.0
2023-03-15 18:00:00,27.161774,24.19638,1009.45435,-2.3474178,1.2082913,0.39566487,83.86885,0.0006649643
2023-03-16 00:00:00,26.231415,23.766418,1007.8731,-1.4582157,1.1572485,0.22237569,86.33177,0.0
2023-03-16 06:00:00,32.13626,23.460602,1010.145,-2.577198,0.93150514,0.3892179,60.24458,0.14820549
2023-03-16 12:00:00,30.991241,24.170868,1006.57874,-3.8418036,1.5567124,0.30796456,67.09981,0.0
2023-03-16 18:00:00,27.195587,24.068268,1010.2388,-1.6203938,1.2833722,0.18806052,83.061584,0.0
2023-03-17 00:00:00,26.527832,24.093292,1008.8731,-0.71488476,1.1160848,0.2664088,86.51782,0.007246995
2023-03-17 06:00:00,31.69217,22.873688,1010.0725,-2.27567,0.6321832,0.18022706,59.626423,0.0
2023-03-17 12:00:00,30.335968,23.810455,1006.41565,-4.4210033,-0.13572788,0.34043157,68.1696,0.0
2023-03-17 18:00:00,27.343079,24.43753,1009.23315,-2.6787872,-0.22150147,0.26989704,84.18992,0.026320107
2023-03-18 00:00:00,26.708862,24.245483,1008.33185,-1.3506489,-0.031982422,0.38428074,86.385216,0.0
2023-03-18 06:00:00,31.685333,24.08371,1009.9263,-2.4872189,1.1091897,0.55102247,64.16496,0.13447635
2023-03-18 12:00:00,30.884064,24.28772,1005.2581,-2.7407484,2.4063053,0.6101532,67.986206,0.0
2023-03-18 18:00:00,27.133636,24.723053,1008.6975,-0.91180515,2.4037056,0.24240671,86.698235,0.0
2023-03-19 00:00:00,26.281982,23.763458,1006.9281,1.0018342,1.4889058,0.54244196,86.05893,0.009052455
2023-03-19 06:00:00,32.00589,22.797394,1008.48315,0.27436256,1.6559381,0.46738112,58.30521,0.01764248
2023-03-19 12:00:00,30.972443,24.949615,1004.0019,-3.003477,1.811206,0.7146999,70.37494,0.050701696
2023-03-19 18:00:00,25.863861,24.203613,1008.4025,-1.0384512,1.0282631,0.7433717,90.57758,1.0411605
2023-03-20 00:00:00,24.87262,23.187927,1007.0094,0.9823141,-0.15239525,0.9940111,90.377335,0.0
2023-03-20 06:00:00,31.327301,23.880219,1008.4412,-0.30097008,2.625214,0.5551041,64.6882,0.0
2023-03-20 12:00:00,30.255402,24.602692,1004.59625,-1.5826235,3.230485,0.5787428,71.817894,0.0
2023-03-20 18:00:00,27.535187,24.514923,1007.7431,0.7061731,3.0601683,0.9287885,83.63478,0.0020954758
2023-03-21 00:00:00,26.338898,25.016998,1005.89,-0.17745686,1.2935477,0.77478313,92.457794,0.0
2023-03-21 06:00:00,32.066315,25.747345,1007.5106,-1.287426,1.4248004,0.9443519,69.3466,0.025078654
2023-03-21 12:00:00,31.951813,25.815887,1004.73376,-2.5709743,1.993258,0.80018187,70.08184,0.0
2023-03-21 18:00:00,28.528809,25.605621,1008.34436,-1.5515766,3.2013865,0.74437004,84.22872,0.0
2023-03-22 00:00:00,26.574677,24.43747,1007.0706,1.0089798,0.3633672,0.8815146,88.078026,0.27963704
2023-03-22 06:00:00,32.003815,25.61081,1008.6406,-0.21966481,0.72374326,0.8426329,69.03102,0.0
2023-03-22 12:00:00,30.883575,25.980743,1004.16437,-2.9818134,1.8274374,0.58897555,75.20174,0.0
2023-03-22 18:00:00,28.185883,25.815765,1007.71,-1.9112139,2.8257542,0.707379,87.00298,0.0
2023-03-23 00:00:00,27.499725,25.278473,1006.6906,0.1275053,1.4219002,0.9835646,87.71513,0.32357872
2023-03-23 06:00:00,31.630524,25.905731,1009.03436,-1.5808191,2.3099537,0.9558712,71.75137,0.0
2023-03-23 12:00:00,31.367706,24.417053,1005.0025,-2.647087,2.374627,0.9909303,66.65244,0.0
2023-03-23 18:00:00,27.317902,24.53122,1009.1425,-0.58579636,3.2040386,0.9520175,84.788345,0.0
2023-03-24 00:00:00,26.679749,24.088348,1006.5975,1.1999118,1.4412103,0.85847425,85.72148,0.016972423
2023-03-24 06:00:00,32.76712,24.282562,1008.85565,0.089401186,2.259286,0.15621221,61.082733,0.0
2023-03-24 12:00:00,31.11087,25.814056,1005.695,-2.8460608,2.3247526,0.98542523,73.50379,0.011541764
2023-03-24 18:00:00,27.96585,25.460693,1009.8619,-1.3469448,2.5059376,0.852093,86.28842,0.0
2023-03-25 00:00:00,27.261444,25.024597,1008.4406,-0.18572617,2.9376757,0.98476243,87.613304,0.008867122
2023-03-25 06:00:00,32.283966,24.421997,1010.6931,-0.119582236,1.5927277,0.94389105,63.296993,0.0
2023-03-25 12:00:00,31.280914,25.054718,1006.485,-2.6057062,1.9602429,0.45632917,69.583305,0.0
2023-03-25 18:00:00,28.05481,25.16446,1009.3713,-1.4110289,1.398611,0.9999988,84.342636,0.0
2023-03-26 00:00:00,27.111267,24.947174,1007.96686,-0.32526112,1.6319393,0.9401913,87.981384,0.0010486692
2023-03-26 06:00:00,32.24234,24.588654,1009.865,-1.4311647,2.1635323,0.9865312,64.08201,0.049502093
2023-03-26 12:00:00,31.842926,24.559204,1005.4425,-2.488348,2.4208345,0.9991333,65.43207,0.0072210394
2023-03-26 18:00:00,27.659576,25.166534,1008.5662,-1.2057571,2.2148533,0.9357354,86.32174,0.0
2023-03-27 00:00:00,26.996979,24.820282,1007.57874,1.2934012,0.8090619,0.34735045,87.90566,0.012680888
2023-03-27 06:00:00,33.50003,23.815704,1008.925,0.46927834,0.73405117,0.8771316,56.998997,0.0
2023-03-27 12:00:00,31.746735,25.699982,1005.1369,-3.2872162,1.9257056,0.31862843,70.415794,0.0
2023-03-27 18:00:00,28.353943,25.841736,1007.21875,-2.274581,2.182468,0.071101606,86.288925,0.0
2023-03-28 00:00:00,27.849396,25.38498,1007.10126,0.19739532,1.0451306,0.6775342,86.48669,0.003054738
2023-03-28 06:00:00,32.528595,26.20401,1008.97375,-1.237607,1.9647608,0.28427792,69.40974,0.078398734
2023-03-28 12:00:00,31.851593,25.738495,1005.8869,-4.0024014,1.860565,0.3444888,70.15837,0.0
2023-03-28 18:00:00,27.463104,25.03415,1009.73315,-1.7599516,1.7799792,0.87570906,86.63359,0.0
2023-03-29 00:00:00,26.857788,24.138763,1008.7,0.047862053,0.9115076,0.8034544,85.08518,0.0
2023-03-29 06:00:00,32.319366,24.344757,1010.285,-1.9084053,1.39707,0.90571004,62.878906,0.06437674
2023-03-29 12:00:00,31.665436,24.79837,1006.5669,-3.4413595,1.1537257,0.0026626587,67.04571,0.0
2023-03-29 18:00:00,27.029999,23.793945,1009.4025,-1.5895882,1.4607741,0.0006656647,82.50135,0.0
2023-03-30 00:00:00,25.855255,23.468536,1008.79065,-0.36346912,1.3748984,0.15783542,86.704544,0.0
2023-03-30 06:00:00,31.858185,23.522675,1009.59686,-0.91300964,0.5085657,0.31241152,61.430244,0.0
2023-03-30 12:00:00,30.911163,23.927399,1005.5181,-3.9529333,1.5823646,0.2479477,66.42881,0.0
2023-03-30 18:00:00,26.792023,22.850555,1008.90875,-1.4754276,1.8037931,0.08162875,79.03139,0.0
2023-03-31 00:00:00,26.276642,23.371368,1007.375,1.3183088,1.2974695,0.3359602,84.0758,0.0
2023-03-31 06:00:00,33.106476,23.367401,1008.685,-0.67452526,2.071312,0.5298518,56.718315,0.0
2023-03-31 12:00:00,31.541412,25.568024,1004.6356,-4.1166334,1.9095745,0.07634735,70.68571,0.0
2023-03-31 18:00:00,27.999725,25.316528,1007.4494,-2.22649,2.1428769,0.067970276,85.38323,0.0
2023-04-01 00:00:00,27.89627,25.12259,1007.5275,-0.07050133,2.110485,0.2737883,84.914085,0.041104853
2023-04-01 06:00:00,33.676056,23.687286,1008.70624,-1.0248823,3.4790974,0.09116525,56.005615,0.0
2023-04-01 12:00:00,31.836334,24.70224,1004.84064,-3.2189827,2.4326582,0.28466034,66.018654,0.0
2023-04-01 18:00:00,28.461609,25.45108,1008.425,-1.2555494,2.7434912,0.25626218,83.78566,0.0
2023-04-02 00:00:00,27.311737,25.257446,1007.2537,0.7337466,1.75547,0.50812435,88.575294,0.083729625
2023-04-02 06:00:00,32.987213,24.871918,1008.78,0.23107034,3.3231134,0.27305716,62.495525,0.0
2023-04-02 12:00:00,31.709381,24.59439,1004.25,-2.4543037,2.8665586,0.39830628,66.06844,0.0
2023-04-02 18:00:00,28.980225,25.180145,1007.97125,-1.075491,3.4435568,0.20954788,80.003174,0.0
2023-04-03 00:00:00,28.224152,24.676117,1006.20435,0.82601285,2.1282663,0.37652272,81.11681,0.02689287
2023-04-03 06:00:00,33.517975,25.13028,1008.4375,-0.9491844,2.7479973,0.34672838,61.603333,0.0
2023-04-03 12:00:00,31.553741,24.682526,1004.97565,-2.4062176,2.3286657,0.31218517,67.00699,0.0
2023-04-03 18:00:00,28.183868,24.984497,1008.53186,-1.0321884,2.5769997,0.20795572,82.81799,0.0
2023-04-04 00:00:00,27.504852,24.611237,1007.2969,0.9522486,2.948141,0.5954431,84.267456,0.026412308
2023-04-04 06:00:00,33.198273,23.258759,1009.9444,0.12507682,2.5276518,0.29060978,56.057774,0.0
2023-04-04 12:00:00,31.78189,24.546906,1006.2356,-1.1233139,3.0993986,0.5182797,65.61062,0.0
2023-04-04 18:00:00,27.893707,25.114655,1009.58,-0.08114433,2.6401365,0.30067432,84.88665,0.0
2023-04-05 00:00:00,27.200165,25.033356,1006.91,0.3190027,1.9416008,0.5688843,87.974594,0.00047707
2023-04-05 06:00:00,33.573273,23.705048,1009.04065,-1.6729641,2.2320242,0.12527579,56.388943,0.0
2023-04-05 12:00:00,32.411163,24.612701,1005.45,-2.8321953,2.870472,0.102005094,63.565083,0.0
2023-04-05 18:00:00,28.389954,24.634369,1009.18,-1.5031652,2.0408144,0.2824117,80.13786,0.0
2023-04-06 00:00:00,27.523468,24.693756,1007.755,-0.017944336,1.809444,0.40414774,84.591934,0.004194677
2023-04-06 06:00:00,33.79776,23.64853,1009.1838,-0.9728403,1.2644844,0.076872304,55.496086,0.0
2023-04-06 12:00:00,32.38858,25.0784,1005.6287,-3.7394104,1.813567,0.09310913,65.44025,0.052366406
2023-04-06 18:00:00,28.185211,25.428284,1009.51874,-2.1287003,1.4859002,0.07421875,85.028465,0.0
2023-04-07 00:00:00,26.658783,24.442566,1008.8425,-0.5270977,1.3047589,0.32194322,87.669495,0.00047683716
2023-04-07 06:00:00,33.447296,22.474335,1010.82874,-2.9954739,1.2953863,0.21586972,52.714657,0.0
2023-04-07 12:00:00,32.23648,22.897614,1007.9169,-3.759614,0.6810093,0.0,57.900036,0.0
2023-04-07 18:00:00,27.67221,23.933258,1010.9369,-2.0864525,-0.73287296,0.0,80.1231,0.0
2023-04-08 00:00:00,26.849274,23.773254,1010.5656,-1.224164,-0.8846264,0.40413016,83.27852,0.0
2023-04-08 06:00:00,32.980255,22.37735,1012.3219,-3.7592325,-0.16886544,0.14890152,53.79675,0.0
2023-04-08 12:00:00,31.524567,23.31009,1010.2775,-3.5725012,-0.8324537,0.6219985,61.806614,0.0
2023-04-08 18:00:00,27.471222,23.63266,1012.6275,-1.9715948,-0.4084959,0.7221117,79.61757,0.0
2023-04-09 00:00:00,27.178375,24.13382,1011.0125,-0.7906275,-1.3884687,0.11012504,83.4733,0.0026696362
2023-04-09 06:00:00,32.16397,23.36618,1012.965,-2.9104843,-1.9600668,0.38058233,59.808533,0.041581225
2023-04-09 12:00:00,31.49356,23.723907,1009.27686,-4.146019,-0.7921715,0.113154374,63.4797,0.0
2023-04-09 18:00:00,27.881622,24.013153,1011.54376,-2.080903,-0.45675087,0.29206353,79.52995,0.0
2023-04-10 00:00:00,27.346588,23.941559,1009.3844,-0.09868622,-1.0858355,0.39132953,81.70532,0.005148817
2023-04-10 06:00:00,33.26236,24.437592,1011.46313,-3.2844305,-0.30799824,0.102923304,59.960087,0.0
2023-04-10 12:00:00,31.93338,24.858063,1008.0131,-4.1506042,-0.35933685,0.2979648,66.27042,0.0
2023-04-10 18:00:00,27.862335,24.872742,1010.59436,-1.8467855,-0.43117714,0.037937164,83.82439,0.0
2023-04-11 00:00:00,26.680115,24.343842,1009.2438,-0.38569546,-0.7896557,0.76797366,87.043175,0.0017164275
2023-04-11 06:00:00,33.10196,23.670929,1011.21625,-2.1796389,-0.47216988,0.084849596,57.78041,0.0
2023-04-11 12:00:00,32.64615,23.546295,1008.09375,-3.6068153,-0.6111088,0.0,58.838028,0.0
2023-04-11 18:00:00,27.638031,25.199982,1010.855,-2.138134,0.40128452,0.0,86.60284,0.0
2023-04-12 00:00:00,25.617462,23.97342,1008.8837,0.3202772,-0.114987195,0.5736084,90.64929,0.0
2023-04-12 06:00:00,33.53775,23.339142,1010.855,-1.6346302,0.17807466,0.05045111,55.26852,0.0
2023-04-12 12:00:00,33.261627,22.959381,1007.17,-3.8169584,0.32494068,0.030601501,54.856636,0.0
2023-04-12 18:00:00,26.7883,24.28592,1009.8644,-1.4083347,1.0758189,0.0,86.191025,0.0
2023-04-13 00:00:00,25.224518,23.749542,1008.7825,0.9713192,0.06611884,0.7615204,91.55049,0.0
2023-04-13 06:00:00,33.63553,22.489777,1010.01624,-0.9748535,0.889097,0.018772125,52.210922,0.0
2023-04-13 12:00:00,33.267487,23.39737,1006.41376,-3.2641544,1.5876238,0.0,56.309692,0.0
2023-04-13 18:00:00,27.39267,25.123505,1009.45435,-1.1944237,1.267447,0.072999954,87.45607,0.0
2023-04-14 00:00:00,25.920135,24.533783,1009.09375,0.8722601,0.9019951,0.90989125,92.079475,0.0
2023-04-14 06:00:00,34.584137,22.633698,1009.90063,-1.021244,1.4267147,0.041531973,49.95534,0.0
2023-04-14 12:00:00,33.7106,21.183258,1005.5975,-2.3142662,2.2009723,0.16460626,48.00581,0.0
2023-04-14 18:00:00,27.620941,23.654083,1008.44,-0.77029705,1.8619351,0.9730976,79.02512,0.0
2023-04-15 00:00:00,26.362335,24.437653,1008.4,1.1012306,1.3419137,0.98859805,89.18892,0.0005722977
2023-04-15 06:00:00,35.131134,22.715363,1009.22565,-0.85273075,1.5494422,0.9465482,48.703148,0.0
2023-04-15 12:00:00,32.915436,23.809479,1005.59125,-2.6692734,1.9400429,0.9999998,58.87835,0.0
2023-04-15 18:00:00,28.005829,26.027924,1007.78314,-1.0741482,2.009831,0.26434422,89.032074,0.0
2023-04-16 00:00:00,26.640656,25.465912,1007.02124,1.299345,1.4531618,0.92148596,93.28658,0.0009536743
2023-04-16 06:00:00,34.895172,22.139313,1008.3331,-1.2101183,1.6504574,0.092987314,47.646194,0.0
2023-04-16 12:00:00,33.649933,22.833649,1004.4925,-2.9743757,2.2738202,0.007987976,53.26878,0.0
2023-04-16 18:00:00,27.945587,24.389435,1007.1431,-0.90784454,2.522522,0.014383983,81.04226,0.0
2023-04-17 00:00:00,26.767426,24.302277,1006.66064,1.776417,1.2798214,0.8647975,86.38157,0.004099682
2023-04-17 06:00:00,34.36563,22.468903,1008.02,-1.2729483,1.5685784,0.024396896,50.062656,0.0
2023-04-17 12:00:00,33.45987,24.136871,1005.57,-3.1663132,2.4412837,0.06086484,58.24039,0.0
2023-04-17 18:00:00,27.97287,25.712982,1008.4363,-1.4866562,1.61563,0.0,87.55459,0.0
2023-04-18 00:00:00,28.048248,25.820465,1007.495,0.7999077,1.3097317,0.90908843,87.72784,0.0010486692
2023-04-18 06:00:00,34.511505,23.877106,1009.53125,-1.3492908,1.7438145,0.06890929,54.069855,0.0
2023-04-18 12:00:00,33.76602,24.679108,1005.7463,-3.1553907,1.923063,0.22503573,59.140575,0.0
2023-04-18 18:00:00,28.165619,25.728912,1008.1981,-1.727355,1.2129986,0.0044498444,86.65837,0.0
2023-04-19 00:00:00,27.940094,26.205475,1006.72437,0.30736065,1.1018729,0.87875384,90.31726,0.0
2023-04-19 06:00:00,34.34793,23.928009,1007.395,-0.6950426,1.9385872,0.074867345,54.731415,0.0
2023-04-19 12:00:00,34.13736,26.08609,1002.8681,-2.599865,2.442339,0.021442413,62.981068,0.0
2023-04-19 18:00:00,29.9057,26.492584,1005.5119,-0.37370205,3.3381376,0.0,81.97685,0.0
2023-04-20 00:00:00,28.838654,26.647552,1004.3187,1.5789673,2.307703,0.32176208,87.984726,0.0007636845
2023-04-20 06:00:00,36.304108,22.33377,1005.47314,0.8670083,2.7541351,0.00031089783,44.607628,0.0
2023-04-20 12:00:00,35.13565,24.99649,1000.8025,-1.642395,3.9425228,0.164711,55.850037,0.0
2023-04-20 18:00:00,29.717743,26.011078,1004.09186,0.304497,4.079525,0.06698799,80.54448,0.0
2023-04-21 00:00:00,29.46875,26.46286,1003.40564,1.173151,3.4013853,0.10373686,83.918655,0.0043865293
2023-04-21 06:00:00,36.168243,23.848175,1005.1044,0.91819334,2.9835067,0.034179688,49.25248,0.0
2023-04-21 12:00:00,34.266388,25.040802,1001.60876,-0.83349895,3.7498837,0.37704495,58.767105,0.0
2023-04-21 18:00:00,29.92871,25.504364,1004.8869,0.03826523,3.8664923,0.0824153,77.21782,0.0
2023-04-22 00:00:00,29.39096,26.272125,1003.7506,0.61460996,2.5055218,0.30092537,83.35259,0.0013345852
2023-04-22 06:00:00,35.064728,25.12857,1005.9869,-0.9719143,1.6848527,0.32026577,56.512886,0.03576558
2023-04-22 12:00:00,33.348907,25.30069,1001.59314,-3.4911556,2.721845,0.3788146,62.823833,0.0
2023-04-22 18:00:00,29.98941,26.046722,1004.9456,0.65950924,2.6597636,0.40466273,79.46305,9.5460564e-05
2023-04-23 00:00:00,29.07605,25.818207,1004.51874,0.36465353,2.4467223,0.46997923,82.63406,0.0004763715
2023-04-23 06:00:00,35.92813,23.4003,1005.4456,-0.7946482,2.2920673,0.14862823,48.578686,0.0
2023-04-23 12:00:00,33.513824,24.527008,1002.015,-3.000249,3.041834,0.53385127,59.438007,0.0
2023-04-23 18:00:00,28.450714,24.945343,1007.1206,-0.38107395,1.937316,0.9978537,81.35211,0.66566736
2023-04-24 00:00:00,26.658173,23.769684,1006.5019,0.23212242,1.2583134,0.9973337,84.20228,0.0
2023-04-24 06:00:00,33.067413,24.75644,1007.5975,-1.5860672,2.7517662,0.76293474,61.786987,0.10319126
2023-04-24 12:00:00,33.13858,24.784332,1004.4319,-3.5844536,1.0002358,0.57036805,61.643074,0.0
2023-04-24 18:00:00,29.885712,25.639252,1007.58563,-1.8857841,1.4740393,0.89874303,78.03137,0.7203095
2023-04-25 00:00:00,28.31836,25.171509,1007.3575,-1.3841057,1.1398044,0.9567443,83.093056,0.0
2023-04-25 06:00:00,32.489655,24.854187,1008.96564,-2.1644173,1.7215118,0.9781797,64.20371,0.0
2023-04-25 12:00:00,30.097015,25.190735,1005.2456,-2.0723648,1.1204255,1.0000002,75.061676,0.0
2023-04-25 18:00:00,28.742981,25.860474,1007.84937,-1.0570135,1.0859933,0.97360826,84.45493,0.0
2023-04-26 00:00:00,27.459198,25.539948,1006.9356,-0.99131775,0.12850642,0.7951335,89.30064,0.03156404
2023-04-26 06:00:00,29.812897,25.555328,1008.65936,-2.541831,-1.2975483,0.82677835,77.96951,3.186291
2023-04-26 12:00:00,31.08133,25.061981,1004.7019,-2.9558926,-0.15929222,0.9580796,70.40939,0.0
2023-04-26 18:00:00,28.694702,26.03363,1007.3744,-1.3975525,0.06519455,0.86935717,85.56445,0.015068799
2023-04-27 00:00:00,28.098602,25.07727,1006.275,0.32007408,-0.2993496,0.7603992,83.69189,0.0
2023-04-27 06:00:00,33.358795,24.200653,1008.4494,-2.2320166,0.12619674,0.98706055,58.795834,0.0
2023-04-27 12:00:00,31.564362,25.774078,1005.6987,-2.9021978,0.6501006,0.96973985,71.461876,0.0
2023-04-27 18:00:00,29.216034,26.22284,1008.5831,-1.936348,1.5372024,0.1081761,83.95418,0.009916723
2023-04-28 00:00:00,28.876373,25.719574,1007.65875,-0.67957973,0.7663654,0.89615893,83.1075,0.007149795
2023-04-28 06:00:00,31.31485,25.634247,1008.9219,-1.8788195,0.97142607,0.9214828,71.88425,0.25223714
2023-04-28 12:00:00,32.204132,26.267242,1004.91,-3.4371367,1.4276733,0.70273966,70.9579,0.0
2023-04-28 18:00:00,28.757324,26.285065,1008.20435,-1.393053,1.2061205,0.81417954,86.530754,0.02077967
2023-04-29 00:00:00,28.738647,25.410553,1006.9925,-0.29828072,1.1029766,0.9269912,82.25059,0.0
2023-04-29 06:00:00,32.254303,25.331818,1008.92,-2.5332775,0.17082947,0.99010795,66.940865,0.083355784
2023-04-29 12:00:00,31.044647,25.225006,1005.2381,-3.2959871,1.1462518,0.85182536,71.2452,0.0
2023-04-29 18:00:00,27.641388,25.463898,1007.1831,0.1323719,0.6507761,0.99358094,87.95563,0.05291234
2023-04-30 00:00:00,26.774963,24.644531,1006.2319,-0.36093903,1.1684616,0.998627,88.13039,0.0
2023-04-30 06:00:00,31.533356,25.417969,1007.2394,-1.250184,1.6146898,0.97538936,70.09054,0.13258629
2023-04-30 12:00:00,31.01596,24.778961,1003.5519,-1.3075686,1.7200685,0.8649789,69.48908,0.0
2023-04-30 18:00:00,27.747437,24.72174,1006.09314,-1.2922249,2.2227569,0.5756534,83.63117,0.5701005
2023-05-01 00:00:00,28.144379,25.19577,1005.1944,-0.027713776,1.2914927,0.97332865,84.06019,0.0
2023-05-01 06:00:00,30.231964,25.15561,1006.5019,-0.67183614,1.1123905,0.9969418,74.32697,0.0649364
2023-05-01 12:00:00,29.662445,25.139679,1003.9725,-1.6224384,1.4236119,0.996766,76.72761,0.86003166
2023-05-01 18:00:00,26.05655,24.943176,1007.8144,0.312809,1.4434707,1.0,93.60046,0.8523338
2023-05-02 00:00:00,25.294586,24.084534,1006.1344,0.74694824,1.3681145,1.0,93.02392,0.0
2023-05-02 06:00:00,27.43863,24.751617,1008.71436,0.08363056,0.7026193,1.0,85.307465,1.6040446
2023-05-02 12:00:00,30.21286,25.204346,1004.65625,-1.5164165,-0.025690973,1.0,74.624725,0.0
2023-05-02 18:00:00,27.304169,25.25946,1008.26624,-0.46713418,2.4688473,0.96272564,88.62523,0.09201675
2023-05-03 00:00:00,26.547333,24.822021,1006.72314,1.5216649,0.6973125,0.9986682,90.271904,0.0
2023-05-03 06:00:00,31.585358,23.378937,1008.8256,0.47466028,1.079237,0.99888957,61.85003,0.0
2023-05-03 12:00:00,29.074738,25.100311,1004.9625,-1.9236908,2.0591855,0.98093134,79.18937,1.7754081
2023-05-03 18:00:00,25.269684,24.085663,1008.33435,2.2320933,1.0274229,0.9256801,93.16814,0.0
2023-05-04 00:00:00,25.941193,23.771545,1006.0875,2.1275368,-0.16278487,1.0000029,87.853485,0.0
2023-05-04 06:00:00,32.24942,24.929504,1007.8194,-0.25087124,-0.21408558,0.99800384,65.37385,0.0040954184
2023-05-04 12:00:00,30.027374,24.312347,1003.8269,-2.2013893,1.1435697,0.8104398,71.51026,0.0
2023-05-04 18:00:00,26.524261,24.819672,1007.51624,2.1477134,0.39124012,0.98202205,90.382034,3.2571738
2023-05-05 00:00:00,26.279999,24.193756,1005.40063,0.7447579,0.7806112,1.0,88.323105,0.0
2023-05-05 06:00:00,32.12137,24.4805,1007.0538,2.2524629,1.8935598,1.0,64.10573,0.0
2023-05-05 12:00:00,29.171448,23.15274,1003.59,0.7513207,2.1090164,1.0,70.06116,0.0
2023-05-05 18:00:00,27.249664,24.361633,1006.66376,-0.024898171,-0.4082451,1.0,84.26827,0.35724333
2023-05-06 00:00:00,27.467316,24.338165,1004.5606,-0.22017217,-1.3257627,0.9978389,83.083626,0.0
2023-05-06 06:00:00,31.706573,23.107025,1006.6381,-0.73735905,0.7509155,1.0,60.425102,0.0
2023-05-06 12:00:00,27.587738,25.887787,1003.5925,-0.9062662,1.6035815,1.0,90.47885,0.5479348
2023-05-06 18:00:00,26.38095,25.562958,1007.2019,2.497213,1.1294556,0.99985355,95.27347,0.0
2023-05-07 00:00:00,25.354279,23.33844,1004.34875,3.2863493,0.45036405,0.9996034,88.62301,0.43292344
2023-05-07 06:00:00,30.187653,24.94394,1006.7506,1.6203489,0.8125353,1.0,73.58201,0.0
2023-05-07 12:00:00,30.212982,25.746246,1003.3225,0.6585966,1.0567868,0.99933493,77.06581,0.08325429
2023-05-07 18:00:00,25.638824,24.334381,1006.5106,2.3723688,-1.549264,1.0,92.51662,0.4207756
2023-05-08 00:00:00,25.818573,23.696442,1003.7456,1.3013699,0.92442703,0.9328292,88.09475,0.0
2023-05-08 06:00:00,32.060333,24.874939,1005.5581,1.5823272,-0.04811263,0.55653703,65.862015,0.032812357
2023-05-08 12:00:00,32.547577,23.960175,1001.84436,-1.1829395,1.3773181,0.9598088,60.658134,0.0
2023-05-08 18:00:00,28.739716,25.448639,1005.9487,1.925931,2.2468872,1.0,82.43189,0.0
2023-05-09 00:00:00,27.85086,24.30069,1004.2294,2.0511246,0.7841501,0.47569245,81.059296,0.0
2023-05-09 06:00:00,33.87845,25.458557,1005.51935,-0.226259,-1.2446194,0.9980026,61.564373,0.008869916
2023-05-09 12:00:00,33.133453,25.888092,1002.8638,-2.6323833,0.98093736,1.0,65.84431,0.070702285
2023-05-09 18:00:00,28.474854,25.35788,1006.1,2.0589657,1.243454,1.0,83.25867,0.0
2023-05-10 00:00:00,28.191986,25.215332,1003.8331,1.7446384,0.22986162,1.0000052,83.925156,0.0
2023-05-10 06:00:00,33.99051,25.80133,1004.53937,0.88048846,-1.5966434,1.0,62.4376,0.0017173588
2023-05-10 12:00:00,33.29886,25.608612,1001.59314,-1.8156624,1.3861682,1.0,64.16374,0.0
2023-05-10 18:00:00,30.301697,26.653595,1006.4406,0.79282093,3.3355634,1.0,80.89798,0.0939458
2023-05-11 00:00:00,28.722748,26.089325,1004.4412,1.8980303,1.0747904,0.99733174,85.70726,0.0
2023-05-11 06:00:00,34.285797,26.579071,1005.02435,3.1850653,0.9341402,0.9945812,64.30676,0.0
2023-05-11 12:00:00,34.58731,25.31662,1002.9869,0.8897438,1.9480599,1.0,58.68293,0.0
2023-05-11 18:00:00,28.99112,25.886139,1005.70685,2.3137474,3.3592618,1.0,83.3761,0.0
2023-05-12 00:00:00,28.910309,24.147552,1004.6337,3.1629314,1.2617244,1.0,75.51979,0.0
2023-05-12 06:00:00,33.904205,25.183136,1005.8281,3.3217096,1.9869924,1.0,60.476982,0.0
2023-05-12 12:00:00,32.2825,25.445587,1003.1431,0.7219373,3.0073009,1.0,67.287834,1.0546148
2023-05-12 18:00:00,30.10382,26.904144,1006.6769,2.4964828,4.8493233,1.0,83.03677,0.0
2023-05-13 00:00:00,29.24588,25.24173,1005.2556,3.4783087,3.3727434,0.9980038,79.072784,0.0
2023-05-13 06:00:00,33.027863,24.911041,1006.6431,4.1784906,2.8767376,0.9614761,62.498623,0.0
2023-05-13 12:00:00,35.187286,25.518951,1003.6262,2.3180072,1.6101167,0.98955894,57.449318,0.0
2023-05-13 18:00:00,30.226044,26.82431,1006.3063,2.6560133,4.64542,1.0,82.070206,0.0
2023-05-14 00:00:00,29.708313,24.956635,1004.32,3.5990582,3.6193898,0.99999994,75.69486,0.0
2023-05-14 06:00:00,34.696686,24.673126,1005.20123,4.0330963,0.71138954,0.9901608,56.131935,0.0
2023-05-14 12:00:00,35.762115,25.687164,1001.895,0.63810474,3.9833302,0.8550275,56.212776,0.0
2023-05-14 18:00:00,30.41925,27.52713,1004.64813,2.7392688,4.971321,0.8536733,84.58284,0.0
2023-05-15 00:00:00,29.684326,25.151703,1004.54,2.8598433,3.6169035,0.9941663,76.68584,0.0
2023-05-15 06:00:00,35.121735,25.480011,1006.07935,3.7887964,2.2608237,1.0,57.524925,0.0
2023-05-15 12:00:00,35.79898,25.328033,1002.64185,0.7452631,2.5669258,0.9965094,54.914707,0.0
2023-05-15 18:00:00,29.905762,27.514679,1006.21936,1.4317069,4.5912247,0.9961433,87.04908,0.0
2023-05-16 00:00:00,29.4357,27.278656,1005.5769,2.2148676,2.738707,0.99760747,88.21021,0.0
2023-05-16 06:00:00,36.304718,24.16336,1006.90625,3.3883553,1.6271127,0.8953198,49.819004,0.0
2023-05-16 12:00:00,36.425934,25.196564,1003.7488,-0.71678066,1.7480232,0.95278597,52.64098,0.0
2023-05-16 18:00:00,30.155396,27.426971,1006.84814,0.44584936,4.2859116,0.96585166,85.37023,0.0
2023-05-17 00:00:00,29.835083,27.307251,1006.4794,1.1649133,3.0995579,0.52232736,86.34831,0.0001906883
2023-05-17 06:00:00,34.96634,26.255829,1008.0056,0.49143165,3.0867891,0.49393803,60.751015,0.0
2023-05-17 12:00:00,34.534943,26.18631,1005.0125,-0.77738,3.4914327,0.07405853,61.968338,0.0
2023-05-17 18:00:00,30.007294,26.436066,1009.2506,-0.71207905,4.448612,0.9575373,81.22837,0.0
2023-05-18 00:00:00,29.624084,26.921234,1008.29877,1.319547,2.981575,0.31842685,85.44563,0.0
2023-05-18 06:00:00,35.137238,26.171722,1009.16,1.3601696,2.6063023,0.5275425,59.880352,0.0028614886
2023-05-18 12:00:00,33.148834,25.851593,1005.97314,-0.28246784,3.8203106,0.18405215,65.645355,0.0
2023-05-18 18:00:00,29.827484,26.011505,1009.02,0.78257495,4.7195053,0.073749386,80.03937,0.0
2023-05-19 00:00:00,28.901245,25.79309,1007.39185,1.5821141,3.9161205,0.34251714,83.35034,0.0
2023-05-19 06:00:00,34.268585,25.230865,1008.40063,2.186781,3.1808548,0.06969935,59.428875,0.0018118881
2023-05-19 12:00:00,34.680817,25.764557,1004.5475,-0.1895647,3.9730988,0.034568787,59.952576,0.0
2023-05-19 18:00:00,29.810028,26.88852,1007.3569,0.876693,4.8225317,0.0,84.37334,0.0
2023-05-20 00:00:00,29.065704,26.397125,1005.95935,1.9360557,2.7130678,0.04196716,85.56307,0.0
2023-05-20 06:00:00,34.660187,25.48349,1007.1225,1.3185778,2.0422251,0.03832654,59.028442,0.0
2023-05-20 12:00:00,34.28482,26.477814,1003.935,-1.1470909,4.3734884,0.17321886,63.927547,0.0
2023-05-20 18:00:00,29.669281,26.551483,1007.33435,1.2606817,4.3128443,0.10889466,83.388824,0.0
2023-05-21 00:00:00,29.15393,26.44223,1006.7531,0.8910001,3.324049,0.28664488,85.3544,0.0
2023-05-21 06:00:00,34.607086,25.768219,1007.7375,0.8614459,2.6826599,0.08596976,60.211708,0.0003813766
2023-05-21 12:00:00,34.618317,26.355316,1005.2512,-0.238513,3.6939125,0.14051819,62.300606,0.0
2023-05-21 18:00:00,29.44754,25.99408,1008.8144,1.225235,4.274416,0.0144539215,81.72639,0.03956631
2023-05-22 00:00:00,28.966827,25.536102,1007.59625,1.1220162,3.2966275,0.14064035,81.778,0.0
2023-05-22 06:00:00,34.47354,25.603058,1008.97437,0.4081164,2.8105059,0.10549263,60.06901,0.0025741756
2023-05-22 12:00:00,32.403107,25.43509,1006.3806,-0.70884705,4.172454,0.21269226,66.78934,0.0
2023-05-22 18:00:00,28.462097,25.030243,1009.8225,1.5720886,3.4107397,0.03425339,81.71091,0.0
2023-05-23 00:00:00,27.84787,25.232697,1008.9244,1.0418282,2.1915627,0.022964902,85.714424,0.0
2023-05-23 06:00:00,34.71988,25.209198,1009.5706,0.6647313,1.9357218,0.11345209,57.8812,0.0
2023-05-23 12:00:00,33.265533,25.633087,1005.995,-0.7589226,4.4280877,0.33449554,64.37725,0.0012405217
2023-05-23 18:00:00,29.572296,25.197784,1008.7619,1.8190601,4.3665733,0.11316368,77.39452,0.0
2023-05-24 00:00:00,28.646759,25.000519,1007.85187,1.9756329,3.0348177,0.05443251,80.69623,0.0
2023-05-24 06:00:00,34.671295,24.467194,1008.7544,1.9868722,2.7714443,0.09133716,55.522995,0.0
2023-05-24 12:00:00,33.822662,25.083893,1005.4775,0.0041532516,4.2737703,0.13938253,60.39503,0.0
2023-05-24 18:00:00,29.731293,25.088287,1008.5062,1.6252348,4.6449566,0.050464734,76.19041,0.0
2023-05-25 00:00:00,29.016052,25.423004,1007.7031,2.247859,3.2525272,0.06987804,80.99923,0.0
2023-05-25 06:00:00,35.2836,24.123566,1008.5494,3.0249405,1.2622163,0.12997437,52.576412,0.0026699854
2023-05-25 12:00:00,34.94339,22.8992,1005.33563,-0.16609633,3.392115,0.23016357,49.76371,0.14935166
2023-05-25 18:00:00,30.015533,27.168121,1008.40314,1.6106535,3.696004,0.19061948,84.762794,0.0
2023-05-26 00:00:00,29.917267,23.264557,1007.5531,2.595786,2.590613,0.049268473,67.567604,0.0
2023-05-26 06:00:00,35.820587,23.604645,1008.5656,3.2099924,0.728424,0.04267502,49.47303,0.007915311
2023-05-26 12:00:00,32.826935,25.111359,1006.7631,2.308782,1.765934,0.86306685,63.968353,0.0
2023-05-26 18:00:00,28.67862,23.857086,1008.2019,2.2592545,2.0254462,0.9561971,75.217026,0.0
2023-05-27 00:00:00,27.835358,24.023468,1006.3688,2.3671055,0.8591948,0.60504,79.79443,0.0
2023-05-27 06:00:00,35.092438,24.596832,1007.09375,2.0246217,0.51746345,0.15151604,54.663605,0.016688835
2023-05-27 12:00:00,34.5502,24.18985,1003.79126,-0.9377966,2.0113993,0.76212883,54.97655,0.27573156
2023-05-27 18:00:00,30.249573,24.897858,1006.09436,1.1867256,4.0764275,0.97807443,73.11978,0.0
2023-05-28 00:00:00,29.394043,26.358551,1005.1406,2.248568,3.3171437,0.70797396,83.76409,0.0
2023-05-28 06:00:00,34.315826,24.727448,1005.96814,2.4073038,1.5867567,0.9380109,57.51981,0.009441283
2023-05-28 12:00:00,34.951324,24.583649,1003.08435,0.8737364,1.1622341,0.9991905,55.049217,0.0
2023-05-28 18:00:00,30.687164,25.786713,1006.56,0.8711202,3.1788692,0.9919104,75.18129,0.0
2023-05-29 00:00:00,29.556122,26.67221,1005.2619,1.174844,2.8945632,0.7921312,84.533455,0.0
2023-05-29 06:00:00,35.471832,25.304474,1006.46313,0.7459226,2.0861034,0.245741,55.83635,0.0
2023-05-29 12:00:00,33.640167,26.192291,1003.82935,-0.8122864,4.0574713,0.4989365,65.16248,0.0
2023-05-29 18:00:00,29.927063,26.51529,1007.7725,0.1991247,3.8488312,0.8219091,81.985886,0.0
2023-05-30 00:00:00,28.983246,26.51825,1006.6106,0.33097637,3.3977242,0.9765933,86.58874,0.0
2023-05-30 06:00:00,34.941437,25.28415,1007.1125,0.45619178,2.5091171,0.9367547,57.429703,9.534415e-05
2023-05-30 12:00:00,33.811676,23.759796,1004.5469,-2.0387707,3.1799655,0.97320306,55.825638,0.0
2023-05-30 18:00:00,27.844452,25.069489,1008.2388,1.8422709,1.8178954,0.89451224,84.90227,0.0
2023-05-31 00:00:00,27.816803,25.059113,1006.4981,1.0019021,0.99534655,0.8915219,84.98686,0.00047683716
2023-05-31 06:00:00,34.38553,24.819977,1006.7019,1.0294725,1.102822,0.4239679,57.61457,0.0
2023-05-31 12:00:00,35.473053,24.573029,1003.36127,-0.68963146,1.8729916,0.3821081,53.448956,0.03288407
2023-05-31 18:00:00,30.042297,24.963043,1006.8719,0.69012827,4.198188,0.7376535,74.28318,0.0
2023-06-01 00:00:00,29.093231,26.304474,1005.09686,1.4409903,2.929132,0.8797624,84.96103,0.0
2023-06-01 06:00:00,35.32425,23.915558,1006.0575,2.2942605,2.5331316,0.9936336,51.807106,0.0
2023-06-01 12:00:00,35.4003,23.957672,1002.64185,0.542229,3.5326607,0.36026186,51.720543,0.13878942
2023-06-01 18:00:00,30.469269,26.695587,1006.33563,1.2024434,3.383711,0.551268,80.32335,0.0
2023-06-02 00:00:00,29.708618,23.640167,1004.65875,3.1914482,1.67822,0.80078363,69.95058,0.0
2023-06-02 06:00:00,35.767365,23.969269,1005.9425,3.2408075,1.1500068,0.7742608,50.718857,0.009631738
2023-06-02 12:00:00,33.7106,23.697296,1002.8713,0.9014576,2.305002,0.6199489,55.931206,0.71784294
2023-06-02 18:00:00,30.56668,25.540314,1005.83563,1.5337512,5.1396437,0.29316384,74.6026,0.0
2023-06-03 00:00:00,29.846863,25.6846,1004.90936,2.6108232,3.0919814,0.9495176,78.41661,0.0
2023-06-03 06:00:00,36.22769,24.724152,1005.4944,2.838461,1.329163,0.9568551,51.738434,0.00047666254
2023-06-03 12:00:00,36.32315,24.249664,1001.79376,0.025993347,4.249626,0.9982727,50.0269,0.091165476
2023-06-03 18:00:00,30.569366,26.883087,1005.5581,1.4723792,4.765174,0.5561212,80.75033,0.0
2023-06-04 00:00:00,30.152405,25.828583,1004.09875,2.3838758,3.5558076,0.3488024,77.71247,0.0
2023-06-04 06:00:00,35.94815,24.166534,1005.84436,3.8804493,0.8435221,0.13363682,50.814674,0.003909692
2023-06-04 12:00:00,32.846344,25.352448,1002.28625,0.98704064,-0.22271633,0.4026342,64.82202,1.5153233
2023-06-04 18:00:00,29.980011,24.586273,1005.95935,1.1285021,4.079742,0.82128483,72.890755,0.0
2023-06-05 00:00:00,29.59787,25.423248,1004.145,2.2716763,2.7869968,0.7962667,78.32395,0.0
2023-06-05 06:00:00,35.698273,23.912506,1004.7981,3.5131102,1.8771179,0.4429325,50.738995,0.0
2023-06-05 12:00:00,33.836823,23.457306,1002.27875,-0.48930573,3.870763,0.3520143,54.740517,0.3145337
2023-06-05 18:00:00,28.393494,25.54776,1006.48065,0.62546444,3.286577,0.92440903,84.60252,0.0
2023-06-06 00:00:00,28.641785,24.500275,1004.10626,2.9637299,1.4972376,0.9899178,78.343185,0.0
2023-06-06 06:00:00,35.177032,23.641998,1004.60126,3.2228994,1.2629411,0.6205883,51.377995,0.0
2023-06-06 12:00:00,35.93448,22.286652,1001.1781,-0.120313644,3.7180452,0.38166058,45.39289,0.0023841858
2023-06-06 18:00:00,29.586761,26.084747,1005.0156,2.0076761,3.9153657,0.9663758,81.50896,0.0
2023-06-07 00:00:00,29.643158,24.164825,1003.0025,3.3483114,1.6330693,0.99999994,72.46463,0.0
2023-06-07 06:00:00,34.95706,24.441498,1004.5206,3.4350996,0.4305901,0.9788826,54.56559,0.0070575625
2023-06-07 12:00:00,32.355255,25.3378,1001.9775,-1.766365,2.9562354,0.89323586,66.58381,0.488958
2023-06-07 18:00:00,29.738861,25.221954,1005.6781,3.5331993,2.6013584,0.6845963,76.76588,0.0
2023-06-08 00:00:00,29.345917,23.087433,1004.3594,3.6709013,0.7795963,0.9908567,69.085205,0.0
2023-06-08 06:00:00,35.22879,22.838654,1005.0181,3.324727,1.6690512,0.9979984,48.80407,0.0024796464
2023-06-08 12:00:00,36.53592,22.99002,1001.48126,1.3032644,2.2938042,0.93422073,45.833225,0.11713198
2023-06-08 18:00:00,30.728882,25.410187,1004.9494,2.8318105,2.5188684,0.989629,73.34454,0.0
2023-06-09 00:00:00,29.42688,22.97879,1003.09125,3.3886118,1.6740472,0.99641687,68.31258,0.0
2023-06-09 06:00:00,34.95523,22.992828,1003.33374,3.875474,1.5508659,0.9190371,50.013786,0.0
2023-06-09 12:00:00,34.157013,23.543488,1001.1669,2.989827,1.6246591,0.7758431,54.051113,0.0001899898
2023-06-09 18:00:00,31.021637,22.553497,1003.4775,4.6135836,1.7908125,0.9841008,60.753597,0.0
2023-06-10 00:00:00,29.455292,22.559296,1002.6225,4.0666695,1.2565746,0.9947343,66.488014,0.0
2023-06-10 06:00:00,35.146393,22.676788,1002.91876,4.5466795,1.5161394,0.9056093,48.548298,0.0
2023-06-10 12:00:00,34.428253,22.201447,1000.95935,3.6657267,1.2772675,0.8712478,49.083473,0.0
2023-06-10 18:00:00,29.94748,22.356842,1003.83624,3.2384312,1.964735,0.6456987,63.839783,0.0
2023-06-11 00:00:00,28.497772,22.137482,1003.225,3.1294374,0.9696859,0.36628723,68.497696,0.0
2023-06-11 06:00:00,35.220245,22.662842,1003.8144,3.0538616,0.8749982,0.5011284,48.309402,0.0005727634
2023-06-11 12:00:00,34.63492,23.599396,1000.89185,2.3017755,3.830163,0.80377316,52.810116,0.10087434
2023-06-11 18:00:00,30.325226,24.784454,1004.09875,1.7127265,3.1987443,0.36734635,72.31214,0.0
2023-06-12 00:00:00,29.611847,22.956573,1002.48376,3.0563602,1.4233563,0.39104486,67.49703,0.0
2023-06-12 06:00:00,36.38675,23.480072,1003.7056,3.4490185,1.8974762,0.27857846,47.59821,0.0028612558
2023-06-12 12:00:00,30.899689,25.827057,1001.745,3.6162462,1.9726169,0.9368757,74.45187,0.73897815
2023-06-12 18:00:00,29.044586,24.12613,1004.28186,3.1621037,0.7692747,0.49558717,74.83873,0.0
2023-06-13 00:00:00,28.526215,22.871674,1003.4856,2.5792704,2.5918083,0.5781511,71.503654,0.0
2023-06-13 06:00:00,35.188385,24.14975,1004.4519,4.4886074,1.3166127,0.12392485,52.937172,0.0
2023-06-13 12:00:00,34.259674,23.986725,1001.41376,1.1469992,2.606268,0.4500978,55.195457,0.0
2023-06-13 18:00:00,30.111176,23.528717,1005.3806,2.5559158,1.5596361,0.9312265,67.89266,0.0
2023-06-14 00:00:00,28.698944,22.71109,1004.2369,3.0591135,1.5102288,0.8686581,70.10458,0.0
2023-06-14 06:00:00,34.96634,23.927887,1005.8231,4.3148823,0.6385858,0.3884983,52.882854,0.0
2023-06-14 12:00:00,35.12735,23.205109,1002.9425,2.1760573,-0.30874634,1.0000008,50.179283,0.09132922
2023-06-14 18:00:00,31.351349,22.996979,1005.41376,3.109294,2.4556327,0.48156756,61.247974,0.0
2023-06-15 00:00:00,29.73996,22.377838,1004.6831,2.3417253,1.6864727,0.9516756,64.68897,0.0
2023-06-15 06:00:00,36.09073,22.98941,1005.6744,2.5449944,-0.3490343,0.7136592,46.9653,0.0
2023-06-15 12:00:00,36.31363,23.202423,1002.8038,0.12812519,0.6698551,0.8595027,46.995266,0.0
2023-06-15 18:00:00,31.575378,25.333038,1005.2525,2.1121686,4.430704,0.9970858,69.57118,0.0
2023-06-16 00:00:00,30.43222,23.74295,1003.84875,3.0859709,1.55861,0.8950392,67.51987,0.0
2023-06-16 06:00:00,36.575226,23.19461,1004.4506,2.958856,-0.4720564,0.34301847,46.304016,0.0
2023-06-16 12:00:00,36.593414,23.496979,1001.355,0.17362595,1.2687174,0.9919864,47.109974,0.0
2023-06-16 18:00:00,31.091217,26.574371,1004.87,2.0908456,3.8006213,0.9996035,76.96784,0.0
2023-06-17 00:00:00,29.825714,22.593048,1003.66125,3.6137018,1.1899614,1.0,65.21772,0.0
2023-06-17 06:00:00,34.295197,22.937592,1005.2656,2.837453,0.1759901,0.9998535,51.70872,0.0005722977
2023-06-17 12:00:00,31.113922,26.62735,1003.985,0.99182034,2.6003685,1.0,77.1086,0.34666637
2023-06-17 18:00:00,29.41504,26.653412,1005.92,0.5058043,2.5951815,0.99960333,85.129776,0.0
2023-06-18 00:00:00,28.80893,23.513702,1004.27686,2.3938904,2.6595376,1.0,73.12318,0.036224723
2023-06-18 06:00:00,27.723358,22.739227,1006.84186,0.5364168,1.4069853,1.0,74.32832,0.22776425
2023-06-18 12:00:00,28.388763,25.484283,1003.89435,1.2231733,2.275587,1.0,84.307365,0.0
2023-06-18 18:00:00,27.655243,24.603668,1005.96185,-0.10701209,2.8927174,1.0,83.49166,0.6061257
2023-06-19 00:00:00,26.944672,25.471893,1004.4581,2.4418428,2.666619,1.0,91.66547,0.83814704
2023-06-19 06:00:00,27.56076,25.388123,1005.4625,1.7086183,-0.083229065,1.0000005,87.974266,0.0
2023-06-19 12:00:00,30.504425,24.802948,1002.15314,0.41312498,0.030618668,0.89766955,71.65272,0.0
2023-06-19 18:00:00,27.55014,24.402313,1004.36127,0.28160477,-0.3366211,0.8932669,83.00021,0.5677929
2023-06-20 00:00:00,26.528107,25.106537,1003.66815,-1.0916109,1.3762388,0.9996035,91.920784,0.0
2023-06-20 06:00:00,29.430695,25.601288,1004.5631,0.12051028,1.1739265,0.9999998,79.923355,0.0
2023-06-20 12:00:00,31.007355,26.40451,1001.555,-0.61598045,2.2886984,1.0,76.566025,0.0
2023-06-20 18:00:00,27.317963,25.492157,1004.3631,1.3110843,2.7928967,0.9315091,89.787224,0.0034275725
2023-06-21 00:00:00,27.717438,24.411774,1003.38,1.3165766,1.1253854,0.9935361,82.23889,0.0
2023-06-21 06:00:00,31.391022,24.58255,1005.4406,1.1576822,1.4655845,1.0,67.22663,0.0005662441
2023-06-21 12:00:00,30.800507,26.006989,1002.6362,-0.47313875,2.8205106,1.0,75.67676,0.2284348
2023-06-21 18:00:00,27.700592,25.59143,1005.345,1.7508714,2.7626739,0.99636203,88.318184,0.0
2023-06-22 00:00:00,28.312714,23.78299,1004.20435,1.9929225,2.4395971,0.99432355,76.491425,0.0
2023-06-22 06:00:00,33.553497,24.851166,1004.66437,2.2386875,1.239641,0.99866974,60.466187,0.014970079
2023-06-22 12:00:00,32.918243,25.174896,1002.41626,-0.7005005,1.5401828,0.51827776,63.88183,0.2183225
2023-06-22 18:00:00,27.61789,25.474457,1006.0031,1.4528713,3.4293637,0.9155713,88.13185,0.0
2023-06-23 00:00:00,27.326752,25.04071,1004.8375,1.4726479,2.2820668,0.9912476,87.362434,0.0
2023-06-23 06:00:00,32.339996,25.010895,1005.27374,3.4503746,0.6486735,0.9776487,65.35657,0.0006677583
2023-06-23 12:00:00,34.32364,25.058502,1002.84125,-0.15771633,0.86770105,0.83928317,58.641838,0.024127774
2023-06-23 18:00:00,29.07956,26.499298,1005.46375,1.4718994,3.7329412,0.9889095,86.01131,0.0
2023-06-24 00:00:00,27.822845,23.788605,1003.8094,2.7965527,1.4790344,0.9913753,78.7333,0.17891824
2023-06-24 06:00:00,32.84659,23.631256,1004.3375,2.981615,-0.113158464,0.6638908,58.476162,0.0
2023-06-24 12:00:00,33.626007,24.483063,1001.96686,-0.43312454,1.8604922,0.9203608,58.910763,0.085137784
2023-06-24 18:00:00,29.491241,25.466827,1004.9794,1.0637827,2.8306096,0.9162457,79.01128,0.0
2023-06-25 00:00:00,28.733978,23.922394,1003.5637,1.7470025,1.4612961,0.9778228,75.27083,0.0
2023-06-25 06:00:00,33.928253,23.91568,1004.76935,1.7914171,2.2512987,0.8563164,55.985687,0.0
2023-06-25 12:00:00,33.167633,24.029205,1002.52875,-0.15019703,4.074237,0.98905504,58.82148,0.0005736947
2023-06-25 18:00:00,29.57901,25.559784,1005.45874,1.3014083,3.317853,1.0,79.04766,0.0020042062
2023-06-26 00:00:00,28.178864,21.914581,1004.4419,4.3595133,0.5838165,0.97729445,68.83824,0.0
2023-06-26 06:00:00,32.87918,23.228485,1005.3706,3.193201,0.3008654,0.99928,56.967854,0.10128319
2023-06-26 12:00:00,33.24417,24.489655,1002.8244,1.119081,-0.9242039,0.9947373,60.208656,0.0
2023-06-26 18:00:00,29.450256,25.538116,1005.59064,1.4327754,3.371111,0.9998535,79.534355,0.0
2023-06-27 00:00:00,28.531464,21.82132,1004.225,2.9624357,1.9867051,0.99999994,67.058174,0.0
2023-06-27 06:00:00,34.39859,23.14566,1005.6788,3.8166857,1.4031403,0.9340995,52.06324,0.0
2023-06-27 12:00:00,34.084747,22.89798,1003.3656,1.6138575,2.328877,0.9999996,52.193462,0.0140070915
2023-06-27 18:00:00,29.206451,20.92508,1007.0594,5.3677053,0.293746,0.97985315,61.04073,0.0
2023-06-28 00:00:00,28.303314,21.052765,1005.8006,3.621643,2.0211437,0.95928293,64.82927,0.0
2023-06-28 06:00:00,33.662262,22.346466,1006.72565,3.5544548,2.0225434,0.52122223,51.68069,0.0
2023-06-28 12:00:00,35.182037,23.20633,1003.6937,1.4215415,2.7373958,0.32100683,50.031322,0.00057183206
2023-06-28 18:00:00,29.824371,24.071442,1007.8269,1.9324427,3.301302,0.23791355,71.31176,0.2004091
2023-06-29 00:00:00,28.945282,22.730194,1005.775,3.4882956,0.9707427,0.14941144,69.190926,0.0
2023-06-29 06:00:00,34.86026,23.62912,1006.6194,3.6801825,0.8625927,0.69561404,52.24709,0.0
2023-06-29 12:00:00,32.613434,23.906036,1004.59564,1.9644091,3.4200072,0.42345387,60.23699,0.0027652814
2023-06-29 18:00:00,27.15982,22.997711,1008.065,5.126094,1.1539397,0.9747818,78.034195,1.1576469
2023-06-30 00:00:00,28.391449,21.457672,1006.4944,2.818595,1.046916,0.8440396,66.11935,0.0
2023-06-30 06:00:00,34.154694,22.944244,1007.4881,4.0592775,1.2910857,0.77797586,52.136112,0.0
2023-06-30 12:00:00,33.31949,24.443634,1003.4325,0.7367296,3.201026,0.64019495,59.789867,0.02670288
2023-06-30 18:00:00,29.514923,26.601105,1006.5006,1.7379742,4.068378,0.94574153,84.38035,0.0
2023-07-01 00:00:00,28.955963,23.585724,1005.71,2.7213135,0.88040066,1.0000014,72.81836,0.0
2023-07-01 06:00:00,34.397614,23.891876,1006.71313,2.7606144,-0.44942546,1.0,54.461853,0.00028684735
2023-07-01 12:00:00,34.24405,25.352936,1003.90564,-0.70780563,1.8422306,1.0,59.943897,0.61888623
2023-07-01 18:00:00,29.471344,25.502167,1006.78375,1.4349551,3.7410176,1.0,79.268234,0.0
2023-07-02 00:00:00,29.09964,24.896393,1004.20123,2.977312,1.9137678,1.0,78.11978,0.081807375
2023-07-02 06:00:00,33.149628,24.170746,1006.4219,2.490837,-1.0883589,1.0,59.38336,0.0
2023-07-02 12:00:00,32.370758,24.794586,1003.86127,-1.8837376,0.59242725,1.0,64.40648,0.007912517
2023-07-02 18:00:00,28.20755,25.060638,1006.1156,1.3388282,2.6580434,0.9992799,83.08009,0.22270975
2023-07-03 00:00:00,28.12149,24.224213,1003.7488,2.9623775,0.73153114,1.0,79.42508,0.0
2023-07-03 06:00:00,32.088287,23.807037,1005.02814,3.1365786,0.9733069,1.0,61.682137,0.0
2023-07-03 12:00:00,29.650055,25.704742,1002.6788,1.0316985,3.1603117,1.0,79.40487,1.1864958
2023-07-03 18:00:00,27.44339,23.219513,1004.5719,4.277135,1.0160666,0.9856967,77.78431,0.0
2023-07-04 00:00:00,27.19339,22.323639,1002.6163,4.1232634,1.6868159,0.9991326,74.75958,0.0
2023-07-04 06:00:00,33.54178,22.210846,1003.41876,4.6996202,2.8949366,0.9996034,51.602776,0.029277056
2023-07-04 12:00:00,31.612946,21.660309,1000.6981,6.171668,1.6588142,1.0,55.63172,0.076688245
2023-07-04 18:00:00,27.799225,21.760468,1003.73065,5.3955326,1.9324354,1.0,69.72009,0.113563925
2023-07-05 00:00:00,28.039276,21.895721,1001.3881,4.77147,2.699203,0.9990607,69.32054,0.2217107
2023-07-05 06:00:00,31.668121,24.383667,1002.32935,5.9958725,2.1446218,0.9996035,65.393394,0.47201917
2023-07-05 12:00:00,32.424103,23.4617,1000.52686,2.971363,0.027712092,1.0000001,59.276493,0.0
2023-07-05 18:00:00,28.190521,22.95108,1004.3681,3.9683723,3.0908928,0.9992068,73.264786,0.0
2023-07-06 00:00:00,28.505646,22.848053,1003.3031,3.4180965,2.8035011,1.0,71.486755,0.0
2023-07-06 06:00:00,31.910797,23.06308,1005.4225,3.9465714,2.3469436,1.0,59.570824,0.12652881
2023-07-06 12:00:00,32.506134,23.209747,1003.15686,3.7687378,1.2668146,1.0,58.11205,0.0
2023-07-06 18:00:00,29.072784,22.86496,1006.54065,4.1892967,1.528986,0.9999998,69.245544,0.0
2023-07-07 00:00:00,27.790802,23.193146,1006.3231,3.1952572,1.5868707,0.98600817,76.098724,0.03489852
2023-07-07 06:00:00,33.41983,22.94809,1007.64374,4.7494707,1.9243584,0.9996035,54.334957,0.0
2023-07-07 12:00:00,33.111603,23.206879,1004.5675,3.1339905,1.8594015,1.0,56.154984,0.0
2023-07-07 18:00:00,29.581635,22.402863,1007.82874,3.089801,2.004517,1.0,65.381035,0.0
2023-07-08 00:00:00,28.90158,22.238617,1007.27936,3.3745878,1.6323824,0.9958597,67.32514,0.0
2023-07-08 06:00:00,33.821686,23.746246,1008.2706,3.5680676,0.31266952,0.91504705,55.748947,0.0040056184
2023-07-08 12:00:00,33.255157,23.543976,1005.63873,2.8215537,1.4919169,0.9420978,56.849106,0.16050321
2023-07-08 18:00:00,28.425812,23.362946,1007.8044,3.1267734,1.6669493,0.96895736,74.09062,0.0
2023-07-09 00:00:00,28.052094,23.23117,1006.26874,3.0466633,0.84302044,0.9749569,75.11982,0.0
2023-07-09 06:00:00,34.642975,23.851227,1006.2419,3.3642693,0.056096077,0.9159651,53.592728,0.0
2023-07-09 12:00:00,34.16043,24.491241,1003.53564,-1.9011526,1.022846,0.99800307,57.20626,0.34797192
2023-07-09 18:00:00,27.061737,24.556671,1007.17377,1.5503541,1.8663943,0.9926515,86.2032,0.5707145
2023-07-10 00:00:00,28.153168,24.690521,1005.5619,3.1240325,0.909256,1.0,81.52292,0.0
2023-07-10 06:00:00,32.84146,24.792023,1006.01935,1.6835451,-0.21256351,1.0,62.71021,0.015546324
2023-07-10 12:00:00,30.539703,25.389679,1004.3256,-0.13571835,1.5543087,1.0,74.05211,0.36914206
2023-07-10 18:00:00,26.050446,23.890106,1007.4938,0.9000397,3.041131,1.0,87.91192,0.0
2023-07-11 00:00:00,26.182892,24.95523,1004.89185,1.043046,2.7850971,1.0,92.97065,0.2398315
2023-07-11 06:00:00,29.84311,25.544281,1006.16376,2.3601751,1.9922402,1.0,77.78308,0.0
2023-07-11 12:00:00,32.223907,24.540741,1003.8006,1.202059,1.3418697,1.0,63.965214,0.0
2023-07-11 18:00:00,28.5513,24.896637,1006.65814,1.2215788,3.6217494,1.0,80.64345,0.0
2023-07-12 00:00:00,27.51236,23.10086,1004.6181,2.421427,2.0139828,0.99711895,76.91726,0.0
2023-07-12 06:00:00,31.78238,24.128387,1005.8269,1.8387423,1.3838811,1.0,63.98399,0.0
2023-07-12 12:00:00,32.989777,24.654694,1003.14185,-1.2711353,2.087339,1.0000011,61.681046,0.13554096
2023-07-12 18:00:00,28.716736,26.042572,1006.32935,1.288182,4.2632,0.9992801,85.50035,0.0
2023-07-13 00:00:00,26.978485,25.39096,1005.11127,1.4270878,2.2954006,0.9728949,91.04457,0.013445271
2023-07-13 06:00:00,33.608063,23.768707,1005.995,2.334115,2.0461476,0.55768114,56.495293,0.0
2023-07-13 12:00:00,30.673798,25.154877,1004.1625,2.4108183,1.9108562,0.7671912,72.466705,0.7636547
2023-07-13 18:00:00,28.287872,24.757477,1006.9,2.226193,2.7390926,0.73127574,81.21034,0.0
2023-07-14 00:00:00,27.948273,22.669586,1006.5519,2.7916412,1.2152634,0.8011491,73.04951,0.0
2023-07-14 06:00:00,33.721222,23.183258,1006.8125,3.5758657,0.113995135,0.6822472,54.19129,0.0
2023-07-14 12:00:00,34.947784,24.384186,1003.8144,1.1721067,1.1121902,0.8575653,54.4066,0.00010128133
2023-07-14 18:00:00,29.864258,24.901398,1007.6044,1.7469497,3.3315766,0.9395877,74.77179,0.0
2023-07-15 00:00:00,28.855713,23.348663,1006.0569,3.1941996,1.4251175,0.5176323,72.202705,0.0
2023-07-15 06:00:00,34.707794,23.286713,1006.6337,3.505208,-0.47207355,0.58191854,51.614033,0.0
2023-07-15 12:00:00,36.01065,23.78189,1002.77,0.8923683,1.0498352,0.934991,49.483368,0.00028614886
2023-07-15 18:00:00,30.503204,24.763702,1006.5581,2.1239753,3.604731,0.9896175,71.49,0.0
2023-07-16 00:00:00,29.229095,24.553131,1005.48315,1.8074584,2.7780342,0.9838756,75.96337,0.0
2023-07-16 06:00:00,33.737335,23.985016,1006.2775,2.684986,0.3394267,0.9721003,56.822414,0.0
2023-07-16 12:00:00,33.14334,24.674713,1003.0481,0.21614742,1.7334762,0.9560787,61.224342,0.29814243
2023-07-16 18:00:00,29.20456,25.087189,1006.09436,1.9116077,3.684281,0.9509508,78.535736,0.0
2023-07-17 00:00:00,28.622772,22.947174,1004.96375,2.6853034,1.7645655,0.8783619,71.429756,0.0
2023-07-17 06:00:00,34.647736,23.496124,1005.075,3.2808409,1.2079903,0.9700028,52.445065,9.534415e-05
2023-07-17 12:00:00,32.88492,24.542023,1002.5712,1.7760246,2.107356,0.70600444,61.629234,0.34094754
2023-07-17 18:00:00,29.839996,24.961578,1005.4919,2.1611784,3.17662,0.9999998,75.14552,0.0
2023-07-18 00:00:00,28.424225,21.52713,1004.4456,3.7738514,1.5425979,0.98215324,66.27468,0.0
2023-07-18 06:00:00,34.055817,21.858429,1005.23,5.217965,1.9888699,0.9910518,49.075485,0.0
2023-07-18 12:00:00,35.970856,19.723541,1000.8256,4.396318,2.072279,0.93723404,38.701286,0.0
2023-07-18 18:00:00,30.19693,20.831207,1004.8269,5.5336866,1.3305113,0.9972166,57.32473,0.0
2023-07-19 00:00:00,28.44223,21.897064,1003.28876,4.4976215,2.031968,0.9521306,67.71913,0.0
2023-07-19 06:00:00,34.137848,21.78946,1003.5519,6.008031,1.4288838,0.8420554,48.646183,0.0
2023-07-19 12:00:00,33.79361,22.615265,1000.41815,4.8835726,1.9593451,0.9896936,52.14724,0.011922792
2023-07-19 18:00:00,30.00998,21.382355,1003.64124,5.3344374,1.2348785,0.9219406,59.937508,0.0
2023-07-20 00:00:00,28.641876,21.674408,1002.5594,3.5893536,1.783153,0.813931,66.03431,0.0
2023-07-20 06:00:00,34.66739,21.140533,1003.1788,6.86471,1.5948448,0.86495495,45.39369,0.0
2023-07-20 12:00:00,35.64029,20.827545,999.84314,5.21541,0.25243306,0.8111525,42.194523,0.0
2023-07-20 18:00:00,30.875885,20.54544,1004.1881,5.647395,1.3750372,0.81982726,54.17792,0.0
2023-07-21 00:00:00,28.615936,22.30307,1003.17377,4.1749067,1.3928645,0.5929221,68.71854,0.0
2023-07-21 06:00:00,34.646027,21.74112,1003.8625,6.458538,0.9817489,0.99822503,47.150192,0.0
2023-07-21 12:00:00,35.330963,21.056183,1001.8144,3.4270086,1.7736038,0.9989379,43.528904,0.0
2023-07-21 18:00:00,30.474457,21.506134,1005.455,5.5265427,1.0004158,0.99960345,58.805855,0.0
2023-07-22 00:00:00,29.901031,22.3555,1004.805,3.9860334,1.3253455,0.99754757,64.005264,0.0
2023-07-22 06:00:00,33.778107,22.057281,1005.9344,5.505273,1.3474357,0.99999994,50.450783,9.49949e-05
2023-07-22 12:00:00,32.5524,23.109406,1004.14374,1.9455085,0.44473553,0.9993351,57.610096,0.09364821
2023-07-22 18:00:00,29.32309,22.133698,1007.16064,4.8092995,0.92212105,1.0,65.28532,0.0
2023-07-23 00:00:00,29.108246,21.877228,1005.53564,4.3849754,0.95977163,0.9998531,65.07525,0.0
2023-07-23 06:00:00,33.782013,22.760712,1006.1731,4.1290693,1.0341324,0.9943236,52.6435,0.0024796464
2023-07-23 12:00:00,30.337067,25.592316,1004.32874,2.5479832,-0.31115818,1.0,75.82381,2.9490232
2023-07-23 18:00:00,28.834198,23.66861,1006.65063,3.742836,0.74067116,0.9989383,73.70087,0.0
2023-07-24 00:00:00,27.964752,23.105621,1004.2975,3.88595,0.77569014,1.0,74.932526,0.045103077
2023-07-24 06:00:00,30.577423,22.738861,1005.9344,5.495722,1.432934,0.9989385,63.019855,0.0
2023-07-24 12:00:00,31.258575,22.360626,1004.0625,3.1859584,-0.110099494,1.0,59.240448,0.0
2023-07-24 18:00:00,28.203888,22.184357,1006.16064,4.236658,1.6507826,1.0,69.87772,0.014678466
2023-07-25 00:00:00,26.52298,23.421051,1004.2725,4.022522,1.7157273,1.0,83.11139,0.16355515
2023-07-25 06:00:00,32.070953,23.162506,1005.8731,4.207306,1.025137,1.0,59.38899,0.0
2023-07-25 12:00:00,28.68863,25.004303,1004.8231,1.6098238,-1.056817,1.0,80.51859,1.537855
2023-07-25 18:00:00,27.93753,22.82547,1006.73126,3.355009,0.898736,1.0,73.78949,0.0
2023-07-26 00:00:00,27.856476,22.082672,1005.5563,3.8964548,1.4611864,0.9998535,70.86704,0.0025749905
2023-07-26 06:00:00,32.87552,22.665314,1006.84314,4.5996313,1.5808128,1.0,55.069466,0.03824674
2023-07-26 12:00:00,30.499664,23.865387,1005.4375,2.6565723,0.25831687,0.99960315,67.75684,0.23879534
2023-07-26 18:00:00,28.539948,22.862091,1007.3169,3.7170734,1.3505182,1.0000002,71.40519,0.0
2023-07-27 00:00:00,28.467255,21.174713,1006.6362,3.3379793,1.2561364,0.91906035,64.69676,0.0
2023-07-27 06:00:00,33.753693,21.660065,1007.21936,4.349184,1.3768947,0.59625816,49.309425,0.0
2023-07-27 12:00:00,34.92044,22.995392,1004.265,2.5585673,0.5491031,0.4338138,50.118107,0.0
2023-07-27 18:00:00,29.966461,22.557037,1007.40125,3.2046118,1.1379251,0.730662,64.550735,0.0
2023-07-28 00:00:00,28.67691,22.608185,1006.76935,2.7962608,0.64519405,0.6404034,69.75733,0.0012398232
2023-07-28 06:00:00,33.9722,22.335236,1006.21436,5.0531025,0.17539191,0.29507697,50.75856,0.0
2023-07-28 12:00:00,34.68521,23.850006,1003.3775,2.9409444,0.81872874,0.98750806,53.463234,0.037387013
2023-07-28 18:00:00,30.959808,22.567657,1006.6256,3.1050982,2.5255527,0.8029516,61.020695,0.0
2023-07-29 00:00:00,28.865448,22.252228,1005.6144,3.3941374,0.16437817,0.7958325,67.52213,0.0
2023-07-29 06:00:00,34.560455,21.66269,1005.96936,4.5645037,-1.5401039,0.93944705,47.1484,0.0
2023-07-29 12:00:00,35.469147,21.978058,1003.33936,2.546897,-1.197032,0.65151715,45.705166,0.0
2023-07-29 18:00:00,31.24405,21.962555,1006.73315,3.330844,1.5406466,0.2957934,57.869286,0.0009534415
2023-07-30 00:00:00,29.119843,22.286774,1005.1981,3.4890404,-0.026668549,0.08172758,66.675125,0.0
2023-07-30 06:00:00,35.361725,21.454193,1005.3812,4.2759686,-1.4588022,0.9996874,44.528625,0.0
2023-07-30 12:00:00,35.91812,22.485748,1002.4888,1.9977012,0.03326893,1.0,45.98712,0.0
2023-07-30 18:00:00,31.403778,21.687897,1005.7394,2.995683,3.3535523,0.99497604,56.39196,0.0
2023-07-31 00:00:00,29.361053,22.131134,1004.60376,2.9720802,0.70606995,1.0000002,65.132195,0.0
2023-07-31 06:00:00,35.496735,22.282257,1005.1094,4.1135187,-1.0715933,1.0000001,46.48919,0.0
2023-07-31 12:00:00,35.62857,23.429352,1002.52936,1.806364,-0.32474136,1.0,49.473858,0.0
2023-07-31 18:00:00,31.227509,22.853302,1006.1106,2.6418338,3.7380943,1.0,61.14692,0.0
2023-08-01 00:00:00,29.331085,22.660187,1004.8106,4.050668,-0.046488762,1.0000002,67.37772,0.0
2023-08-01 06:00:00,34.87625,22.69339,1005.2056,4.639167,-0.57585335,1.0,49.33007,0.0
2023-08-01 12:00:00,34.193512,23.197906,1003.45123,2.7735898,0.4248886,1.0,52.827843,0.09718165
2023-08-01 18:00:00,30.896149,23.018707,1006.3206,2.8612452,2.3840036,1.0,62.94032,0.0
2023-08-02 00:00:00,28.867645,21.315948,1005.90564,3.539569,0.34415627,1.0,63.76094,0.0
2023-08-02 06:00:00,35.052643,20.668243,1007.03064,3.749381,0.6078182,0.99928,43.16219,0.0
2023-08-02 12:00:00,36.136627,20.518463,1003.77374,2.8118775,0.23217386,0.99159473,40.28282,0.0
2023-08-02 18:00:00,30.906647,22.05716,1006.52374,2.9323206,2.705144,1.0,59.334446,0.0
2023-08-03 00:00:00,29.0737,21.103668,1005.6825,4.068036,0.4652338,0.9909317,62.189686,0.0
2023-08-03 06:00:00,35.47818,20.978851,1005.73376,3.87506,0.9037553,0.53926086,42.971653,0.0
2023-08-03 12:00:00,36.856842,21.24173,1002.95435,1.2271681,1.7827587,0.5657429,40.484688,0.0
2023-08-03 18:00:00,30.313507,24.772491,1007.355,2.0620248,3.7823546,0.0012696951,72.309074,0.0
2023-08-04 00:00:00,28.992157,23.19571,1007.0069,2.2774868,1.2908688,0.19158143,70.9757,0.0
2023-08-04 06:00:00,35.79483,20.969635,1008.09314,2.7454045,0.5245508,0.56739867,42.203724,0.0
2023-08-04 12:00:00,35.407867,22.295319,1005.33435,-0.6476116,2.8820705,0.97650903,46.75507,0.045590103
2023-08-04 18:00:00,30.71231,23.576935,1008.9225,1.7926805,3.6305444,0.9465212,65.785385,0.0
2023-08-05 00:00:00,29.720367,23.392609,1008.6312,2.0408435,1.7496853,0.8171451,68.86775,0.0
2023-08-05 06:00:00,35.505646,21.621124,1008.9263,2.9651446,-0.49190617,0.3269357,44.629604,0.0
2023-08-05 12:00:00,36.002106,22.324982,1005.9169,-0.8582878,1.8404789,0.69145876,45.329887,0.0
2023-08-05 18:00:00,31.08725,23.978668,1009.14685,0.91616166,3.848642,0.8582081,65.96786,0.0
2023-08-06 00:00:00,30.326996,22.067657,1008.64435,2.2539067,1.5750885,0.85578907,61.373985,0.0061989995
2023-08-06 06:00:00,35.755035,22.350739,1007.83685,2.673266,0.5073757,0.970681,46.022816,0.0
2023-08-06 12:00:00,36.944,22.35025,1003.8925,-1.3706007,2.473918,0.7155836,43.11458,0.06826222
2023-08-06 18:00:00,29.85196,24.992828,1007.2413,1.215817,3.9864929,0.37714398,75.23389,0.0
2023-08-07 00:00:00,29.707916,22.726349,1006.8113,0.85127777,1.4512024,0.84620196,66.194626,0.0
2023-08-07 06:00:00,35.10672,23.048492,1005.805,1.6053519,0.24687696,0.972182,49.763153,0.0
2023-08-07 12:00:00,35.416656,23.693756,1003.0037,-1.7417231,2.549281,0.6976317,50.860043,0.0011441298
2023-08-07 18:00:00,29.834747,24.80484,1006.4381,0.91230184,4.178296,0.79379714,74.468414,0.0055315904
2023-08-08 00:00:00,29.309235,23.199615,1005.34564,1.0667104,2.3954544,0.954553,69.70282,0.0
2023-08-08 06:00:00,34.18631,22.92984,1006.3806,0.9732329,0.35706997,0.99642414,51.998947,0.0
2023-08-08 12:00:00,33.01248,24.709991,1004.46375,-1.4390936,2.8817413,0.98960024,61.806297,0.1437217
2023-08-08 18:00:00,29.196869,25.017853,1007.8113,0.97398055,3.1539087,1.0,78.24665,0.0
2023-08-09 00:00:00,28.645416,24.231476,1007.1944,2.0545213,1.379282,0.9900001,77.07556,0.0
2023-08-09 06:00:00,35.235626,23.175201,1008.14874,1.3183489,-1.2072124,0.554794,49.789444,0.00085833017
2023-08-09 12:00:00,32.47281,25.532623,1005.75,-1.1108427,2.954185,0.9986149,66.91365,0.28870103
2023-08-09 18:00:00,26.846954,24.457092,1009.3694,0.007275164,1.8179855,0.96564436,86.77942,0.0
2023-08-10 00:00:00,25.804535,23.947662,1008.83374,2.3171248,2.0482965,0.99743104,89.51049,0.0
2023-08-10 06:00:00,32.115387,24.83191,1008.53815,2.186835,-0.017463684,0.9981752,65.48873,0.03862381
2023-08-10 12:00:00,30.062836,24.936981,1006.35315,-0.8812933,2.265895,0.76844925,74.08037,0.14029816
2023-08-10 18:00:00,27.24405,24.494415,1009.8231,0.9496834,-0.90496445,0.9862075,84.96889,0.7874845
2023-08-11 00:00:00,26.470978,24.877472,1007.34314,0.72381985,0.76186764,0.9347511,90.979774,0.0
2023-08-11 06:00:00,31.4003,25.892609,1008.08936,1.4732456,-0.3671646,0.9833552,72.63978,0.07772748
2023-08-11 12:00:00,29.549225,25.554535,1005.2656,-1.702035,1.9273337,0.98001117,79.15884,2.1821976
2023-08-11 18:00:00,26.103485,23.815247,1009.7656,3.147228,2.7737846,0.9599491,87.242966,0.0
2023-08-12 00:00:00,26.34195,24.061066,1006.22375,2.3011274,0.4026683,0.9407559,87.30265,0.0
2023-08-12 06:00:00,33.410065,25.230804,1007.28375,2.759387,0.30934334,0.3676784,62.34899,0.017262064
2023-08-12 12:00:00,30.930756,24.774689,1003.9969,0.9090032,0.87284255,0.38992596,69.8099,1.5774006
2023-08-12 18:00:00,25.79306,24.19809,1008.7469,-0.29436874,2.3561916,0.9978385,90.92824,0.7339716
2023-08-13 00:00:00,26.807526,25.17569,1006.3237,1.758832,1.886939,0.9597596,90.79386,0.0
2023-08-13 06:00:00,32.99295,24.614044,1007.2344,3.323618,0.46767205,1.0000001,61.520355,0.0003813766
2023-08-13 12:00:00,33.013336,25.166046,1003.9906,-0.0060327053,2.03358,0.9910762,63.50767,0.010198448
2023-08-13 18:00:00,28.85962,26.031586,1007.0044,1.2719457,3.127656,0.31312066,84.73997,0.0211671
2023-08-14 00:00:00,27.938263,24.276154,1006.5731,1.1508198,2.7085466,0.8802542,80.52841,0.0
2023-08-14 06:00:00,32.543854,24.704437,1007.71436,1.5181942,1.070605,0.84783393,63.43782,0.005049631
2023-08-14 12:00:00,30.665436,24.959625,1005.315,-0.362463,1.1641954,0.39010656,71.66258,0.23728423
2023-08-14 18:00:00,27.742798,24.596222,1008.39185,1.6301756,2.865262,0.5327113,83.02856,0.0
2023-08-15 00:00:00,27.295258,24.938385,1007.12,0.9793801,2.6938446,0.6691856,86.991425,0.00067055225
2023-08-15 06:00:00,32.99417,23.901276,1007.89874,2.4014444,1.3047378,0.45253775,58.94271,0.0
2023-08-15 12:00:00,32.37442,25.102264,1005.3237,-0.38533783,4.0372887,0.38566893,65.58577,0.0018123537
2023-08-15 18:00:00,28.581451,24.102783,1008.71814,1.89485,3.4046192,0.98240995,76.76728,0.0
2023-08-16 00:00:00,27.619415,24.236725,1007.61127,2.00451,2.391343,0.54616725,81.848366,0.0
2023-08-16 06:00:00,33.368805,22.227081,1007.9981,2.3583574,1.584753,0.405852,52.156853,0.0
2023-08-16 12:00:00,33.065704,23.833649,1004.2631,-0.118242264,3.6831987,1.0000033,58.46798,0.0
2023-08-16 18:00:00,27.752197,23.931915,1008.1138,1.8616614,4.6216125,0.9320199,79.74306,0.0
2023-08-17 00:00:00,27.344818,24.602875,1007.04626,2.326707,2.8051634,0.9697853,85.01834,0.0
2023-08-17 06:00:00,33.792633,22.58194,1007.145,3.1631508,0.5294219,0.76473963,52.044678,0.0
2023-08-17 12:00:00,33.495514,23.835358,1004.2631,-0.20210171,4.5081096,0.9980038,57.08086,0.0
2023-08-17 18:00:00,28.626862,24.554596,1006.95,2.4028435,4.2351193,1.0,78.66637,0.0
2023-08-18 00:00:00,28.634491,21.78946,1005.78314,3.242484,1.4279566,0.9996034,66.52868,0.0
2023-08-18 06:00:00,33.601105,22.335358,1006.26874,3.6655111,1.2719637,1.0,51.82283,0.0
2023-08-18 12:00:00,34.450836,22.729889,1003.1356,0.90785766,2.1534572,0.9906551,50.62153,0.0
2023-08-18 18:00:00,29.670929,25.021027,1006.4994,2.1566906,3.2039716,1.0,76.149826,9.49949e-05
2023-08-19 00:00:00,28.696625,21.148834,1005.145,3.320262,1.992949,0.99999994,63.739574,0.0
2023-08-19 06:00:00,33.5347,22.019623,1005.8331,3.7064037,1.4234117,0.99476457,51.025276,0.0
2023-08-19 12:00:00,34.922638,22.418,1002.3231,2.327662,0.766885,0.43141067,48.387356,0.0
2023-08-19 18:00:00,29.367645,23.574005,1005.955,2.2990067,3.020236,0.5242614,71.055534,0.0
2023-08-20 00:00:00,28.258759,22.104034,1005.465,2.5633888,0.7507021,0.38567573,69.31493,0.0
2023-08-20 06:00:00,33.71805,22.07071,1006.03064,2.3185494,0.23165083,0.031606045,50.661922,0.0
2023-08-20 12:00:00,33.8638,23.197662,1002.35126,-0.5308161,0.8832053,0.7977838,53.807957,0.0
2023-08-20 18:00:00,29.993195,23.66214,1005.20874,1.8469508,3.9379702,0.4749167,68.906006,9.5460564e-05
2023-08-21 00:00:00,28.987488,22.40213,1004.88873,1.6067425,2.1212473,0.509769,67.66073,0.0
2023-08-21 06:00:00,33.860382,23.892426,1005.98627,1.5874846,0.4448061,0.6526408,56.119823,1.09139364e-07
2023-08-21 12:00:00,34.714752,24.766022,1002.1312,-2.4765472,0.57059956,0.18368277,56.387745,0.050641254
2023-08-21 18:00:00,29.936798,24.606476,1005.3744,-0.5089531,3.196597,0.6074706,73.160355,0.0
2023-08-22 00:00:00,28.481995,24.423798,1004.6106,0.25990438,2.7723157,0.47827834,78.712326,0.029087067
2023-08-22 06:00:00,32.65567,24.486664,1005.9338,1.0629678,1.7132695,0.7936625,62.22348,0.0
2023-08-22 12:00:00,33.16873,25.49112,1002.975,-1.7502613,1.5304346,0.05727629,64.18469,0.054371078
2023-08-22 18:00:00,27.641632,25.368103,1007.70685,2.9394667,1.7640709,0.750985,87.45503,0.063195825
2023-08-23 00:00:00,27.106598,23.56604,1005.8713,1.0961509,1.337646,0.91415334,81.01176,0.0
2023-08-23 06:00:00,33.69449,23.963654,1006.03186,1.5721536,0.17808753,0.9077417,56.88569,0.0
2023-08-23 12:00:00,32.8743,25.376862,1002.6181,-1.8682432,2.6495476,0.44456524,64.81415,0.425005
2023-08-23 18:00:00,29.680298,26.193512,1006.2612,0.7895902,3.5400562,0.5207238,81.59385,0.0
2023-08-24 00:00:00,27.502167,25.31668,1005.55,0.46720892,2.7039573,0.9493603,87.90216,0.0
2023-08-24 06:00:00,33.62198,22.731232,1005.71564,1.9798398,0.5838711,0.5338915,53.021957,0.0
2023-08-24 12:00:00,33.974274,24.229889,1002.8275,-0.7657013,2.8585,0.8169408,56.905437,0.0
2023-08-24 18:00:00,29.151672,24.877533,1006.16125,1.4276512,4.2006464,0.98297435,77.79747,0.0
2023-08-25 00:00:00,28.237396,25.052765,1005.1669,1.7532467,1.9046326,0.99800295,82.89697,0.0
2023-08-25 06:00:00,34.103546,21.968292,1005.7419,1.9495525,1.337949,0.96748096,49.27424,0.0
2023-08-25 12:00:00,34.54239,23.200958,1003.5006,-0.9564419,2.809352,0.44136178,51.821392,0.0
2023-08-25 18:00:00,29.047577,24.700592,1007.265,1.1515489,4.58636,0.19570181,77.44466,0.0
2023-08-26 00:00:00,28.30951,25.405304,1006.275,1.2257552,2.6315236,0.98718244,84.3003,0.0001906883
2023-08-26 06:00:00,34.121613,23.1586,1006.7531,1.3220363,1.6257372,0.9964048,52.91415,0.0
2023-08-26 12:00:00,33.738922,23.892853,1003.82874,-1.182436,3.4161131,0.7168546,56.50355,0.0
2023-08-26 18:00:00,29.169067,23.64914,1007.97125,1.2467662,4.1563463,0.14064863,72.20137,0.00019045547
2023-08-27 00:00:00,27.640411,24.067963,1007.10815,0.9225752,2.4345167,0.37323236,80.924355,0.0
2023-08-27 06:00:00,33.661163,23.979767,1007.60376,1.4602946,-0.6238079,0.9615387,57.047035,0.0007627532
2023-08-27 12:00:00,33.648346,24.865997,1004.7625,-1.1470537,0.77006036,0.8628594,60.199295,0.0026701018
2023-08-27 18:00:00,29.71228,24.971344,1007.97,0.9676825,4.2216415,0.89336693,75.74398,0.2925936
2023-08-28 00:00:00,27.869812,24.581207,1006.1694,1.1035528,2.0586348,0.8692926,82.34104,0.0
2023-08-28 06:00:00,34.404083,22.658722,1007.235,1.8435025,-0.21688002,0.79633224,50.534756,0.00047666254
2023-08-28 12:00:00,32.762604,24.703766,1004.3869,-0.83815384,2.7510982,0.67326665,62.658016,0.028614828
2023-08-28 18:00:00,29.050446,24.531525,1006.965,1.0064981,4.0638027,0.9822261,76.65299,0.0
2023-08-29 00:00:00,27.949219,24.148468,1004.95,1.969748,2.456047,1.0000001,79.86302,0.0
2023-08-29 06:00:00,34.292267,23.839996,1006.26685,0.82767236,-1.1668215,0.9137908,54.611588,0.0076293945
2023-08-29 12:00:00,31.673004,25.880096,1003.3187,-0.35106415,3.9353285,0.99739045,71.46995,0.002503395
2023-08-29 18:00:00,26.441132,24.449188,1007.7675,2.5742462,2.1003666,0.99928,88.83654,0.19493088
2023-08-30 00:00:00,26.7547,24.359192,1005.3713,3.2358294,0.2648201,1.0,86.74161,0.0
2023-08-30 06:00:00,33.187164,24.907288,1006.105,2.8450823,-1.1228151,0.7948981,61.927998,0.0
2023-08-30 12:00:00,30.255219,25.3096,1004.16437,0.5944401,1.8987621,0.97535306,74.911354,0.29554963
2023-08-30 18:00:00,27.665558,24.096039,1007.46375,2.247013,0.7908348,0.9906676,80.9418,0.11603534
2023-08-31 00:00:00,26.759003,23.266388,1005.40125,2.10009,0.76945597,0.8203039,81.20234,0.0
2023-08-31 06:00:00,33.331085,24.944458,1006.2544,1.9168491,0.7645692,0.38145843,61.566265,0.048920512
2023-08-31 12:00:00,30.751068,24.722015,1004.36127,-0.011379242,1.5717906,0.52389866,70.30835,0.0
2023-08-31 18:00:00,26.93753,24.829254,1007.60876,2.7281766,0.5641861,0.5860649,88.260506,0.025756657
2023-09-01 00:00:00,26.217865,24.243011,1005.91,1.0016202,0.52313423,0.17920744,88.910095,0.0
2023-09-01 06:00:00,33.56143,24.999115,1007.04,0.6135221,1.6683385,0.121871114,60.97512,0.0032410026
2023-09-01 12:00:00,32.250763,26.029816,1004.0206,1.0702105,3.496766,0.5031401,69.784744,0.15196949
2023-09-01 18:00:00,28.375427,24.875275,1007.985,1.7104044,3.2212963,0.91425973,81.36804,0.0
2023-09-02 00:00:00,27.679016,25.018066,1005.6381,1.6811532,2.6294851,0.9381579,85.464355,0.0
2023-09-02 06:00:00,34.202057,24.299988,1006.7175,2.852828,2.2890084,0.33100224,56.423656,0.0058189034
2023-09-02 12:00:00,31.489716,25.763977,1003.0519,1.1050792,4.303754,0.23532803,71.72267,0.15792996
2023-09-02 18:00:00,28.170319,25.012848,1006.9581,2.3662996,3.3213372,0.2624057,83.02357,0.0
2023-09-03 00:00:00,27.600311,23.434418,1005.0731,2.4623036,2.3796287,0.36995202,78.07985,0.0
2023-09-03 06:00:00,33.297638,24.46045,1005.35565,2.3492231,2.7396622,0.9179912,59.92349,0.009251758
2023-09-03 12:00:00,31.131378,25.42929,1001.84,0.7117554,3.4535303,0.5792258,71.76048,0.010298565
2023-09-03 18:00:00,27.30307,24.61734,1004.2581,1.361906,1.712791,0.9985663,85.30035,0.056363642
2023-09-04 00:00:00,27.362274,22.826752,1002.455,3.6347437,1.3127525,0.99920684,76.31915,0.0
2023-09-04 06:00:00,32.98355,23.69931,1003.6325,4.2015896,1.1957679,0.9548178,58.265675,0.0
2023-09-04 12:00:00,30.80722,25.195587,1001.3956,2.1248567,1.9386685,1.0,72.090805,1.7550588
2023-09-04 18:00:00,28.752655,22.986847,1003.60187,3.9532242,1.6655966,1.0,71.06403,0.0
2023-09-05 00:00:00,28.286652,22.727142,1002.5556,4.02532,1.7047758,0.99927986,71.87404,0.0
2023-09-05 06:00:00,28.702301,22.648346,1004.4263,3.9368906,2.3800771,1.0000001,69.82463,0.008200295
2023-09-05 12:00:00,32.270416,23.181793,1001.3013,2.3654091,2.7665567,0.9920781,58.79129,0.0
2023-09-05 18:00:00,28.907806,22.245026,1004.5975,3.7236433,1.0211029,0.981895,67.32712,0.0024735928
2023-09-06 00:00:00,27.8107,21.876373,1003.8025,3.239844,2.6173134,0.9985659,70.16827,0.01603958
2023-09-06 06:00:00,33.638702,23.401276,1005.3738,3.3686028,3.224615,0.92239666,55.16354,0.0
2023-09-06 12:00:00,32.128693,25.543732,1003.1475,1.3070402,4.058263,0.97233886,68.27242,0.6322738
2023-09-06 18:00:00,28.099213,25.523773,1005.8975,1.8769073,3.0363655,1.0000002,85.94161,0.0
2023-09-07 00:00:00,27.58731,23.444305,1004.91876,2.707284,2.938528,0.9943236,78.18584,0.0
2023-09-07 06:00:00,32.467194,23.620636,1006.265,3.3857632,2.9710016,0.9867554,59.70171,0.0042915344
2023-09-07 12:00:00,31.47586,24.914948,1003.1887,1.8772128,3.8974066,0.70952225,68.24478,0.4361868
2023-09-07 18:00:00,27.215973,24.556427,1006.92065,3.1004162,3.132788,0.9978387,85.42528,0.0
2023-09-08 00:00:00,27.81485,23.041107,1006.4294,1.8557689,2.6463428,0.9999991,75.29651,0.00017881393
2023-09-08 06:00:00,33.708893,23.10617,1007.2606,3.8600388,2.9465494,0.73184484,53.97653,0.0041127205
2023-09-08 12:00:00,32.252472,23.832794,1004.0806,1.3862178,2.8114529,0.40719014,61.206795,0.0069588423
2023-09-08 18:00:00,29.326141,22.86966,1006.9437,3.3524628,2.2332425,0.89550316,68.258385,0.0
2023-09-09 00:00:00,28.448822,23.509705,1005.78375,2.2287753,2.9622307,0.49959946,74.64958,0.0
2023-09-09 06:00:00,33.65506,23.462433,1005.9381,2.9905834,2.059259,0.34815615,55.3168,0.0
2023-09-09 12:00:00,32.890533,24.255646,1003.69,0.9593019,4.136265,0.99140495,60.56209,0.029861927
2023-09-09 18:00:00,28.596039,24.651764,1005.89874,2.0002375,3.7704544,0.9096771,79.26648,0.0
2023-09-10 00:00:00,28.615936,23.352203,1004.4956,3.2393665,2.316092,0.92378587,73.22942,0.00028312206
2023-09-10 06:00:00,33.17581,23.727448,1005.27875,3.7151957,1.7121654,0.96331984,57.737373,0.0
2023-09-10 12:00:00,34.61429,24.179108,1002.1119,0.80795425,2.398463,0.9729343,54.745804,0.054836273
2023-09-10 18:00:00,28.890167,25.239777,1005.40814,1.848072,3.5978937,0.78449494,80.70749,0.0
2023-09-11 00:00:00,28.50827,22.75351,1004.0694,3.9120808,1.0355228,0.5829708,71.067444,0.0
2023-09-11 06:00:00,33.833405,23.594025,1005.53375,4.381463,1.7280259,0.8681616,55.204094,0.0038146973
2023-09-11 12:00:00,32.185455,24.092316,1002.60876,3.4013789,1.9724942,0.99666804,62.404705,0.08907914
2023-09-11 18:00:00,29.97055,22.443085,1006.0637,3.0970697,1.1553552,0.9973633,64.09034,0.0
2023-09-12 00:00:00,28.750458,22.422455,1004.46564,3.783265,1.1517683,0.9772083,68.68113,0.0
2023-09-12 06:00:00,34.450226,23.029327,1006.0662,1.8386925,0.6404801,0.9366471,51.549877,0.0
2023-09-12 12:00:00,30.576202,25.5878,1003.26874,-0.33689213,3.8833685,0.99927986,74.77246,0.59366226
2023-09-12 18:00:00,27.607697,25.46997,1007.1725,0.8258693,2.9562476,1.0000004,88.1609,0.0
2023-09-13 00:00:00,27.798004,24.841766,1004.89685,1.8036747,2.055928,1.0000001,83.98437,0.0
2023-09-13 06:00:00,33.672516,23.893036,1006.3675,2.9598007,1.1394753,0.99224406,56.714428,0.00047683716
2023-09-13 12:00:00,31.28067,24.592804,1003.3894,1.3151503,3.0505307,0.95728457,67.69158,1.5383959
2023-09-13 18:00:00,28.556671,25.265045,1006.59,2.0322955,3.5731933,1.0,82.4076,0.0
2023-09-14 00:00:00,28.201355,22.31717,1005.35315,2.4731264,2.0571342,0.9744324,70.45526,0.0
2023-09-14 06:00:00,33.551178,22.969025,1006.08936,2.4357347,2.3427558,1.0,54.005028,0.0
2023-09-14 12:00:00,30.60794,25.93045,1004.0694,1.1270925,3.9864883,0.95160407,76.16852,0.0493899
2023-09-14 18:00:00,28.639801,25.492218,1006.55,1.7872629,3.4260898,0.6777283,83.12605,0.0
2023-09-15 00:00:00,27.956787,23.542511,1005.7388,2.049613,3.2928867,0.553044,76.971085,0.0019073486
2023-09-15 06:00:00,33.456696,24.011505,1007.1425,3.3619719,3.778885,0.2940293,57.81399,0.0
2023-09-15 12:00:00,30.96939,26.087067,1004.27,1.7511041,4.2964563,0.6209899,75.306564,1.1050701
2023-09-15 18:00:00,28.787872,25.069916,1007.5044,2.0051863,4.1952796,0.42616528,80.37021,0.0
2023-09-16 00:00:00,28.519684,24.195648,1006.5494,2.2015347,1.9185091,0.52943593,77.47361,0.0
2023-09-16 06:00:00,33.76602,23.549286,1007.14435,3.7637472,3.3608265,0.8586025,55.263184,0.0063907355
2023-09-16 12:00:00,32.33304,24.854523,1004.1356,1.6465847,3.0166717,0.40071142,64.77521,0.0
2023-09-16 18:00:00,27.063751,24.84909,1007.495,2.4337358,3.1982832,0.96504456,87.712326,0.04032334
2023-09-17 00:00:00,28.03592,23.685577,1006.0712,1.1735501,2.074212,1.0,77.279945,0.0
2023-09-17 06:00:00,31.924347,23.822662,1007.5075,1.2601316,1.2517209,0.99999994,62.31594,0.0
2023-09-17 12:00:00,31.784698,24.53061,1002.8844,-0.13587856,3.9897747,0.49219495,65.53622,0.025510788
2023-09-17 18:00:00,25.947662,24.433868,1007.1238,1.7121348,2.1775095,0.9999997,91.38143,0.19011734
2023-09-18 00:00:00,26.451202,24.304901,1005.1144,2.1689048,2.6993136,1.0,88.019745,0.0
2023-09-18 06:00:00,30.578033,25.177917,1007.185,3.253666,3.1508942,0.9557887,72.96477,0.0
2023-09-18 12:00:00,31.187775,24.296448,1003.9306,0.71073765,3.9517584,0.9960081,66.85385,0.97198796
2023-09-18 18:00:00,27.184052,24.799774,1008.0469,2.2873764,3.0021276,1.0,86.83919,0.0
2023-09-19 00:00:00,25.755005,24.072021,1006.23376,2.0704384,2.9285603,0.9441449,90.44675,0.046351247
2023-09-19 06:00:00,30.330963,25.088776,1007.84,2.9361744,1.8620716,0.9654072,73.61258,0.0
2023-09-19 12:00:00,31.341827,25.032196,1004.71,0.72712874,1.8422194,0.99800473,69.24946,0.3610133
2023-09-19 18:00:00,26.65805,24.818695,1008.53625,2.0650322,2.721684,0.9992798,89.66714,0.0
2023-09-20 00:00:00,26.465912,23.77893,1007.3806,2.4135308,3.049532,0.9685006,85.20917,0.0
2023-09-20 06:00:00,33.97171,24.032684,1007.7825,2.8850183,1.5744762,0.7861421,56.244015,0.0013345852
2023-09-20 12:00:00,32.45645,24.231964,1004.3756,-0.1093359,2.5634978,0.9100264,61.973656,0.038615428
2023-09-20 18:00:00,28.86911,25.670013,1008.39,1.4673469,4.368067,0.6486852,82.89845,0.0
2023-09-21 00:00:00,27.238373,25.633392,1007.3081,1.2790812,2.0949514,0.97030497,90.96674,0.0
2023-09-21 06:00:00,33.16336,24.29831,1008.15186,0.803866,0.7409058,0.99874264,59.79322,0.0011445954
2023-09-21 12:00:00,31.467804,25.7612,1005.14374,-1.097683,2.3570006,0.5607199,71.80021,0.0040037557
2023-09-21 18:00:00,28.198242,25.77478,1008.04376,0.79011023,2.6595929,0.6949953,86.72946,0.0
2023-09-22 00:00:00,27.446777,25.759186,1007.29877,0.7793378,1.4296496,0.6431425,90.53567,0.017924933
2023-09-22 06:00:00,33.594147,24.947845,1007.95874,0.8690914,1.686686,0.7550747,60.67776,0.0
2023-09-22 12:00:00,30.61673,24.956085,1004.9437,-0.6237545,3.7562046,0.907346,71.84733,0.014306977
2023-09-22 18:00:00,28.424072,24.977295,1007.8187,0.46595752,3.868783,0.91304064,81.63359,0.0
2023-09-23 00:00:00,28.402344,24.791748,1006.9338,1.1867938,2.5475469,0.17605811,80.836754,0.0
2023-09-23 06:00:00,33.76541,24.793182,1007.74,1.8342104,1.5323755,0.16158131,59.547012,0.00886682
2023-09-23 12:00:00,31.233551,25.754791,1004.54626,-0.009404361,3.5064054,0.13006659,72.73591,0.61334604
2023-09-23 18:00:00,28.470032,24.925415,1008.34686,2.0145507,3.6244173,0.90833914,81.16428,0.0
2023-09-24 00:00:00,27.726105,23.743744,1007.3081,2.5732212,0.15862179,0.9072143,78.96597,0.0
2023-09-24 06:00:00,33.813507,24.305725,1007.45123,2.4918928,0.14634228,0.76500857,57.680367,0.011349097
2023-09-24 12:00:00,33.396027,25.165619,1004.07935,0.8633292,2.2956762,0.52716106,62.156384,1.6493555
2023-09-24 18:00:00,28.266388,25.426422,1007.3769,0.56828696,2.0962272,0.5960166,84.618225,0.0
2023-09-25 00:00:00,26.6138,24.10086,1006.60315,1.11677,-0.46756268,0.954419,86.11975,0.0
2023-09-25 06:00:00,31.999542,24.079254,1006.7725,2.216712,-0.0053848624,0.8166369,63.015263,0.0010519288
2023-09-25 12:00:00,31.883453,25.262848,1002.785,0.78265667,1.0456685,0.7013223,68.08082,0.87595594
2023-09-25 18:00:00,28.300323,25.522858,1006.9175,1.8436022,1.5747375,0.83908904,84.93652,0.0
2023-09-26 00:00:00,26.980255,24.182098,1005.78186,1.3156662,0.9598713,0.95927083,84.694824,0.0
2023-09-26 06:00:00,30.873932,24.345367,1007.1337,0.96977144,1.3507004,0.9972838,68.26094,0.018689781
2023-09-26 12:00:00,29.811188,26.19992,1004.065,-1.3147764,2.3376846,0.9893345,81.01205,0.0033341348
2023-09-26 18:00:00,27.741638,25.431,1006.7725,1.398921,3.4074662,0.9776178,87.27103,0.0
2023-09-27 00:00:00,27.32962,24.751984,1005.6788,1.9885042,1.0620117,0.9914487,85.8558,9.685755e-05
2023-09-27 06:00:00,33.814117,24.166473,1006.1044,2.0002184,0.40961826,0.2916175,57.19877,0.0003799796
2023-09-27 12:00:00,29.457947,25.574738,1003.6225,1.2898562,2.3807917,0.80632716,79.67213,0.9496212
2023-09-27 18:00:00,27.084686,24.78482,1006.84,1.4551811,2.4952435,0.88676465,87.26909,0.0
2023-09-28 00:00:00,26.666107,24.038666,1005.02313,2.6743906,1.7209458,0.9980961,85.53484,0.009253621
2023-09-28 06:00:00,33.187653,23.852814,1007.0681,3.208623,2.0304115,0.9854371,58.13586,0.0
2023-09-28 12:00:00,30.458344,26.613464,1003.71564,1.5374432,2.0490246,0.92639124,79.98585,0.51013
2023-09-28 18:00:00,27.499237,25.451233,1007.08813,2.371747,2.0304222,0.76399225,88.623344,0.0
2023-09-29 00:00:00,27.553986,21.957855,1005.4725,2.913187,2.7450821,0.5680467,71.584015,0.0
2023-09-29 06:00:00,33.65164,23.42154,1007.22,3.9583244,2.960432,0.12670922,55.191063,0.0
2023-09-29 12:00:00,31.63675,23.953888,1004.525,3.1695147,3.2965527,0.62251675,63.842415,0.2594293
2023-09-29 18:00:00,28.885925,24.238434,1008.015,2.3711414,3.0880585,0.9628722,76.0399,0.0
2023-09-30 00:00:00,27.841583,23.967255,1006.55,2.281527,2.6394005,0.92204094,79.49654,6.977061e-07
2023-09-30 06:00:00,33.827545,24.338043,1007.58875,3.7004251,2.391799,0.26600766,57.746834,0.0027640366
2023-09-30 12:00:00,28.919464,25.644196,1004.89935,1.5211163,3.6224346,0.9594163,82.53046,0.72054285
2023-09-30 18:00:00,27.973114,24.407745,1007.9725,2.8816805,2.9318447,0.98858595,81.00103,0.0
2023-10-01 00:00:00,27.625946,23.607697,1006.3187,2.5259047,2.6352224,0.9255931,78.78158,0.0012337696
2023-10-01 06:00:00,32.644196,24.52475,1007.8206,3.2926054,3.185072,0.7187973,62.40581,0.003535498
2023-10-01 12:00:00,31.857574,24.873444,1004.4456,1.6544552,3.5343199,0.20344168,66.61684,0.0023828633
2023-10-01 18:00:00,29.115387,24.461578,1007.96,2.523099,3.575037,0.75986475,76.04658,0.0
2023-10-02 00:00:00,27.883667,23.492126,1006.9625,2.0911453,2.4202738,0.954235,77.065704,0.0
2023-10-02 06:00:00,33.510406,24.075531,1007.71375,3.6463518,3.2078648,0.3192526,57.862328,0.017646018
2023-10-02 12:00:00,31.411163,25.559418,1005.3525,1.3204539,4.321664,0.2135678,71.174614,0.0
2023-10-02 18:00:00,28.471619,25.08847,1007.7706,2.2627945,4.689743,0.3928638,81.9496,0.0
2023-10-03 00:00:00,27.806519,24.02945,1007.04065,2.2815428,3.2591496,0.62272125,79.957596,9.5460564e-05
2023-10-03 06:00:00,33.467926,23.914764,1008.2775,2.306511,1.6309361,0.32967046,57.44273,0.14658272
2023-10-03 12:00:00,32.781403,24.359283,1005.2431,0.23454237,4.829873,0.62699395,61.31488,0.0
2023-10-03 18:00:00,28.315369,25.401672,1008.68,1.3310153,4.474663,0.050155707,84.25337,0.0
2023-10-04 00:00:00,27.986969,25.470306,1006.90125,2.225974,3.2944293,0.08721924,86.23145,0.0
2023-10-04 06:00:00,34.557526,23.196259,1007.7344,2.094451,2.2509341,0.6634458,51.763107,0.0
2023-10-04 12:00:00,32.619415,23.984406,1005.4025,-0.12589806,3.9882946,0.2464534,60.500942,0.0
2023-10-04 18:00:00,28.314484,25.40683,1008.71124,1.2963663,4.0300455,0.93355066,84.28354,0.0
2023-10-05 00:00:00,27.707611,24.113312,1006.8325,1.9382753,2.3626156,0.02768233,80.82686,0.0
2023-10-05 06:00:00,34.33658,23.978912,1007.2081,1.2095222,0.62966156,0.20938909,54.933792,0.0013350509
2023-10-05 12:00:00,32.601227,24.96402,1004.7475,-1.2791243,3.3124814,0.3244558,64.22039,0.11455873
2023-10-05 18:00:00,28.634888,25.611176,1007.215,1.2400694,3.754181,0.17438993,83.739136,0.0
2023-10-06 00:00:00,27.42392,25.433136,1006.6069,0.20660245,0.8586374,0.93224216,88.91927,0.0053420663
2023-10-06 06:00:00,34.581207,21.803741,1007.1312,1.6440277,2.0640411,0.31735867,47.501682,0.0
2023-10-06 12:00:00,33.138824,23.058136,1004.21875,-0.6600971,1.8018103,0.8999948,55.56721,0.0
2023-10-06 18:00:00,29.294952,25.868927,1006.75,0.7161675,2.9606552,0.43040738,81.84067,0.0047688372
2023-10-07 00:00:00,28.80774,26.397003,1005.6231,1.2200149,2.005785,0.1970098,86.850204,0.0
2023-10-07 06:00:00,34.392242,24.471344,1006.7619,0.47351742,1.9350309,0.37695512,56.405155,0.0
2023-10-07 12:00:00,29.528595,27.067902,1006.2413,0.50087833,1.6217854,0.5562625,86.660706,1.4728308
2023-10-07 18:00:00,28.135864,25.662079,1008.73126,-0.023098052,2.9878168,0.6484449,86.46524,0.0
2023-10-08 00:00:00,27.923615,25.54715,1008.0094,1.5763006,2.8312883,0.68314284,86.94664,0.004576519
2023-10-08 06:00:00,33.58377,25.379791,1008.725,-0.20040417,2.641447,0.2377044,62.294937,0.0
2023-10-08 12:00:00,31.39859,24.955292,1006.70935,-0.66817856,2.8687878,0.27249858,68.71044,0.0014360994
2023-10-08 18:00:00,28.444733,25.508759,1010.3606,0.6635075,3.610507,0.048626814,84.155785,0.0
2023-10-09 00:00:00,27.956146,25.023499,1009.18,0.66891915,2.5936456,0.47014844,84.11982,0.0
2023-10-09 06:00:00,33.283234,25.601166,1010.34625,0.5187196,1.837208,0.21283646,64.19162,0.00019045547
2023-10-09 12:00:00,30.88919,25.71103,1008.2562,-0.16876888,1.7684929,0.499381,73.98584,0.1601819
2023-10-09 18:00:00,28.415924,25.422852,1010.9988,1.5163565,2.5530574,0.41199273,83.86765,0.0
2023-10-10 00:00:00,27.812897,24.736603,1009.155,0.6703828,1.4427645,0.5565472,83.38607,9.49949e-05
2023-10-10 06:00:00,33.64444,25.035858,1009.865,0.7531358,2.0631278,0.2434296,60.82556,0.00038184226
2023-10-10 12:00:00,30.739532,24.723053,1006.4988,0.6378889,1.1912849,0.11334234,70.359055,0.084096566
2023-10-10 18:00:00,28.988373,25.523315,1009.70435,1.2539587,2.68363,0.8973195,81.61409,0.0
2023-10-11 00:00:00,27.35849,25.042694,1008.6781,1.2051822,2.040388,0.91007614,87.21038,0.0
2023-10-11 06:00:00,33.767242,25.120209,1009.16,1.6539838,0.6613218,0.51711255,60.71363,0.0023897737
2023-10-11 12:00:00,29.595612,25.216461,1006.4881,-0.91775036,2.194005,0.5026328,77.37656,0.31640565
2023-10-11 18:00:00,26.984589,25.23352,1010.32935,1.0466094,2.4643602,0.72907096,90.163574,0.0
2023-10-12 00:00:00,26.373291,24.3768,1008.7456,1.2595236,1.6002531,0.9473807,88.807014,0.0
2023-10-12 06:00:00,31.763336,24.966278,1010.2537,-0.25045967,-0.12940311,0.995259,67.3457,0.08373666
2023-10-12 12:00:00,30.504852,25.518585,1008.2425,-1.7654486,0.89669293,0.9552662,74.77051,0.04732278
2023-10-12 18:00:00,27.762543,25.3125,1011.09564,-0.6098156,0.6232109,0.9576451,86.55258,0.0
2023-10-13 00:00:00,27.733978,25.541962,1010.1844,-0.47288936,0.73292065,0.4183541,87.88754,0.005151145
2023-10-13 06:00:00,32.404327,23.693756,1011.6744,-1.2786798,0.37615967,0.75985354,60.178368,0.0
2023-10-13 12:00:00,30.585236,24.35196,1008.3475,-1.5516214,-0.5043373,0.47561127,69.42399,0.070393085
2023-10-13 18:00:00,27.587555,25.252106,1011.5681,-1.4568958,1.083106,0.7613228,87.12874,0.0
2023-10-14 00:00:00,26.556732,24.82257,1010.7356,0.02027893,1.3405688,0.98017323,90.22485,0.017911952
2023-10-14 06:00:00,29.910675,24.681244,1011.5094,0.52981013,-0.7752075,0.9999998,73.59853,0.0049756784
2023-10-14 12:00:00,29.64151,24.47699,1008.4869,-1.2673159,0.71973133,0.99444866,73.83997,0.0
2023-10-14 18:00:00,26.522125,24.927032,1011.575,0.34673595,0.58985806,1.0,90.97444,1.1751491
2023-10-15 00:00:00,24.991364,23.44107,1008.83936,1.546005,0.19027805,0.99999934,91.12158,0.0
2023-10-15 06:00:00,30.386139,24.19986,1009.9938,1.4259205,0.44582272,0.99392706,69.58255,0.0
2023-10-15 12:00:00,29.263336,25.65744,1006.2356,-1.149375,-0.29300976,0.9846931,80.968704,0.9123534
2023-10-15 18:00:00,27.194916,26.010742,1009.5513,0.30397606,1.353694,0.9986151,93.26118,0.0
2023-10-16 00:00:00,25.673553,24.265625,1008.4525,1.4100485,-0.81205463,0.9140546,91.94651,0.0
2023-10-16 06:00:00,30.215485,25.546661,1009.6287,-0.24195182,-0.82568073,0.9586137,76.14761,0.0665642
2023-10-16 12:00:00,28.401947,24.64914,1007.81,-1.4828615,0.28830528,0.9373127,80.15277,0.0
2023-10-16 18:00:00,26.885468,24.97998,1010.59814,0.7788439,-1.4474144,0.997852,89.33081,0.23429625
2023-10-17 00:00:00,25.753632,23.9906,1009.5806,0.6577916,-2.0011406,0.9828973,90.01294,0.0
2023-10-17 06:00:00,31.313385,24.377258,1010.58374,-1.5328226,-1.7530947,0.9665079,66.699615,0.061416816
2023-10-17 12:00:00,29.228851,23.496735,1007.90186,-2.37004,-1.5930309,0.61562765,71.29454,0.0
2023-10-17 18:00:00,27.207367,24.553833,1010.675,-1.5549469,-2.4607162,0.94975746,85.45515,0.0
2023-10-18 00:00:00,27.09842,24.262177,1009.79565,-0.3377905,-2.8277044,0.9751902,84.514046,0.0
2023-10-18 06:00:00,31.273773,23.839752,1011.2,-3.1915388,-2.079339,0.99999887,64.72788,0.001525972
2023-10-18 12:00:00,30.168854,23.530212,1008.84875,-2.0495377,-1.5811777,0.9999988,67.67436,0.0
2023-10-18 18:00:00,27.160126,24.555939,1011.345,-1.4463778,-0.32469368,0.99746716,85.70309,9.5351425e-05
2023-10-19 00:00:00,26.596344,24.220612,1009.7356,0.7777233,-1.0176363,0.98191106,86.82998,9.463838e-05
2023-10-19 06:00:00,30.849396,24.127716,1011.8631,-1.9841366,-2.107973,0.6215868,67.470314,0.2816324
2023-10-19 12:00:00,29.873138,25.049896,1008.7006,-1.3606081,-1.1980572,0.43100405,75.39838,0.0
2023-10-19 18:00:00,26.676422,25.350372,1011.1806,-1.1402321,0.0004720688,0.27047682,92.45317,0.0
2023-10-20 00:00:00,26.188934,23.704681,1010.1281,0.84947014,-0.87401295,0.014910083,86.22773,0.0
2023-10-20 06:00:00,32.13089,22.196259,1010.9975,-1.9845428,-1.3416739,0.35040754,55.818027,0.003813766
2023-10-20 12:00:00,30.32248,22.468658,1007.755,-2.4636679,-1.0469217,0.0245018,62.90642,0.0
2023-10-20 18:00:00,27.030365,24.533539,1011.2225,-1.0433922,0.62166023,0.7355395,86.24273,0.0
2023-10-21 00:00:00,25.815155,23.678192,1009.9481,1.0467997,-0.93363285,0.8900014,88.01582,0.055306844
2023-10-21 06:00:00,31.236359,24.210358,1011.29126,-0.9370384,-2.2499666,0.7149267,66.32587,0.017936088
2023-10-21 12:00:00,30.880402,24.423798,1008.9487,-2.8345356,-1.7752619,0.2657249,68.55704,0.0
2023-10-21 18:00:00,27.536041,25.161804,1011.52625,0.2513075,-0.24715328,0.7571196,86.92319,0.00085681677
2023-10-22 00:00:00,26.498444,24.106934,1010.5519,1.0216243,-0.9317703,0.9437226,86.73888,0.076672435
2023-10-22 06:00:00,32.040314,24.008453,1011.20624,-0.7761173,-2.8086061,0.9199,62.60324,0.0
2023-10-22 12:00:00,31.020844,23.525787,1008.1175,-1.8465443,-1.776639,0.6083876,64.43771,0.0
2023-10-22 18:00:00,28.329712,25.17398,1011.02625,-1.1028404,0.25184822,0.47911465,83.050415,0.0
2023-10-23 00:00:00,26.779022,23.99353,1010.36,-0.27106303,-0.3838024,0.9763986,84.73822,0.152969
2023-10-23 06:00:00,32.280792,22.364838,1010.8625,-0.22889233,0.1394456,0.7658073,55.917603,0.0
2023-10-23 12:00:00,30.21817,23.39096,1007.78064,-1.5131645,2.5794406,0.15609616,66.91873,0.02355501
2023-10-23 18:00:00,27.654633,24.513947,1010.21564,1.1263413,3.1143007,0.119508445,83.047714,0.0
2023-10-24 00:00:00,27.242798,24.171967,1009.76624,0.6757268,1.2867564,0.2894439,83.34905,0.012205914
2023-10-24 06:00:00,32.283356,22.858795,1010.34375,0.21045864,0.9371278,0.34455818,57.61121,0.03357418
2023-10-24 12:00:00,31.032867,23.498932,1007.60065,-1.8412256,1.8887336,0.5152405,64.28936,0.0
2023-10-24 18:00:00,28.302338,25.012054,1010.975,-0.63300323,2.5338097,0.72591347,82.38412,0.0
2023-10-25 00:00:00,27.751678,24.60199,1010.39435,1.2868822,1.3533938,0.49288774,83.01415,0.08050352
2023-10-25 06:00:00,32.045685,23.919708,1011.83685,0.05346314,0.066832006,0.4461909,62.25139,0.0132457465
2023-10-25 12:00:00,30.518036,23.709747,1009.04,-2.2360716,1.822634,0.28824177,67.05476,0.0
2023-10-25 18:00:00,27.590912,24.621674,1011.5775,-0.5258732,1.736222,0.17111707,83.896576,0.0
2023-10-26 00:00:00,26.509613,24.562042,1010.57874,0.89808655,-0.3173834,0.3796184,89.07808,9.5460564e-05
2023-10-26 06:00:00,32.36502,22.616425,1012.16376,-1.1042271,-1.6865015,0.37057942,56.509346,0.0005722977
2023-10-26 12:00:00,29.978973,23.089874,1008.71375,-3.0490808,-1.2956848,0.15372002,66.62126,0.0
2023-10-26 18:00:00,27.672272,23.901825,1011.08563,-2.392909,-0.6178074,0.012203872,79.97159,0.0
2023-10-27 00:00:00,27.008759,23.80249,1009.435,-0.15731716,-1.3820248,0.2191937,82.64682,0.0082962215
2023-10-27 06:00:00,30.673859,24.29477,1010.6425,-2.375105,-2.0659695,0.36038518,68.836685,0.07143156
2023-10-27 12:00:00,29.90384,23.856537,1007.42065,-3.0255442,-1.6236286,0.15622285,70.07581,0.0
2023-10-27 18:00:00,27.055573,23.651093,1010.8619,-1.6898985,-0.6816349,0.33686268,81.6722,0.0
2023-10-28 00:00:00,26.92984,23.942902,1009.22125,-0.76728725,-0.84862804,0.91629636,83.73488,0.024028122
2023-10-28 06:00:00,31.74942,23.973846,1010.91315,-3.083148,0.22344255,0.25367454,63.511604,0.110633075
2023-10-28 12:00:00,29.809662,24.09201,1007.5662,-2.446908,-0.563097,0.660206,71.46033,0.0
2023-10-28 18:00:00,27.264557,24.465118,1010.6369,-1.2982674,-1.0984583,0.999335,84.71809,9.685755e-05
2023-10-29 00:00:00,26.661346,24.136444,1009.495,-0.7753706,-2.336856,0.96586406,86.062515,0.3355608
2023-10-29 06:00:00,29.376373,25.447754,1010.9269,-2.497017,-0.9052057,0.9985235,79.44659,0.0
2023-10-29 12:00:00,26.73938,24.681244,1008.5737,-2.5938463,-0.86308575,0.9635331,88.509125,0.12602057
2023-10-29 18:00:00,26.662445,24.787231,1010.77625,-1.3221197,-1.391552,0.99893814,89.475685,0.0
2023-10-30 00:00:00,25.43045,24.0047,1009.2681,-0.49263763,-1.7802153,0.7734187,91.834114,0.5186671
2023-10-30 06:00:00,27.600372,25.071869,1011.2875,-1.7328043,-1.0616627,1.0000001,86.133965,1.2843965
2023-10-30 12:00:00,27.529266,25.244904,1008.005,-1.1706781,-1.5289993,0.9828138,87.38888,0.0
2023-10-30 18:00:00,25.630646,24.719238,1011.2319,-0.42365932,-1.7067947,0.9985421,94.717705,0.0
2023-10-31 00:00:00,25.856903,24.355133,1009.2975,0.19956398,-2.6248236,0.9178479,91.441696,0.0
2023-10-31 06:00:00,30.591583,24.60199,1010.8044,-2.017704,-3.250002,0.6275317,70.44521,0.055414945
2023-10-31 12:00:00,29.011963,24.250885,1007.96875,-2.3968058,-3.5258265,0.8774253,75.54334,0.0
2023-10-31 18:00:00,26.395111,24.652222,1010.96063,-1.9243841,-2.650361,0.89264125,90.166626,0.034040023
2023-11-01 00:00:00,25.88089,24.315125,1009.6937,-0.24827957,-2.34583,0.93383616,91.09323,0.0
2023-11-01 06:00:00,30.401764,25.081299,1010.8031,-1.5230532,-2.996664,0.99800354,73.28188,0.23601452
2023-11-01 12:00:00,28.949615,25.05542,1008.8113,-1.9132776,-2.6451635,0.9978389,79.55185,0.0
2023-11-01 18:00:00,25.970367,24.30365,1011.08374,-0.4884138,-1.8704348,1.0,90.54959,0.86093974
2023-11-02 00:00:00,25.687164,24.128265,1009.4913,-0.08760357,-2.129119,0.99928,91.11846,0.0
2023-11-02 06:00:00,29.631744,25.867249,1010.21814,-1.3327999,-2.4938097,1.0000005,80.25806,0.0
2023-11-02 12:00:00,29.063812,25.385681,1007.785,-1.7687588,-1.2786531,0.9991333,80.59671,0.15068084
2023-11-02 18:00:00,26.553986,25.345825,1009.89374,-0.8217926,-1.4202986,1.0,93.09726,0.026405275
2023-11-03 00:00:00,25.9841,24.404175,1008.0588,0.34320927,-1.4918156,1.0,91.02256,0.94471025
2023-11-03 06:00:00,29.735504,25.034088,1008.60626,-1.4433041,-2.14229,1.0,75.92629,0.0
2023-11-03 12:00:00,27.020569,24.846893,1006.7619,-1.6697149,-0.72972775,1.0,87.923485,0.68663394
2023-11-03 18:00:00,25.908203,24.574799,1009.1275,-0.76933956,-0.28225708,1.0,92.3709,0.5983735
2023-11-04 00:00:00,25.414673,24.218475,1007.34937,0.43517464,-0.56694317,1.0,93.107254,0.0
2023-11-04 06:00:00,28.157135,25.46231,1008.805,-2.1178093,-0.5340948,1.0,85.339966,0.0
2023-11-04 12:00:00,28.024872,25.06607,1006.8206,-0.43481445,-0.3026905,1.0,83.996216,0.8489176
2023-11-04 18:00:00,26.11618,24.847198,1009.6125,0.9551394,-0.028378606,1.0,92.73829,0.0
2023-11-05 00:00:00,24.930573,23.74289,1008.625,1.39186,-0.23916775,0.9939329,93.130875,0.0
2023-11-05 06:00:00,30.633331,24.591583,1010.2081,0.06377882,0.7303766,0.9778872,70.233444,0.09420277
2023-11-05 12:00:00,27.708893,25.134369,1008.595,-1.0518446,0.81826,0.87465996,85.908554,0.19192433
2023-11-05 18:00:00,26.591705,25.034271,1010.8881,-0.9655638,0.9451741,0.97209346,91.18337,0.0
2023-11-06 00:00:00,26.228973,24.56842,1009.7294,0.67815304,-1.1900406,0.9282197,90.60031,0.3397948
2023-11-06 06:00:00,31.437286,25.457062,1011.16815,-1.0914097,-1.074172,0.71505886,70.63821,0.0
2023-11-06 12:00:00,29.675812,25.043884,1009.1106,-2.4205418,-0.5393915,0.9311952,76.23224,0.0
2023-11-06 18:00:00,26.96048,25.0401,1011.93,-0.020142555,-0.67723083,0.9981025,89.25716,0.11444078
2023-11-07 00:00:00,25.825104,24.403992,1010.35187,1.8738575,-1.7611179,0.99854153,91.88268,0.0
2023-11-07 06:00:00,27.788391,24.890503,1011.1912,-1.9741821,-2.9617157,0.9960075,84.27632,0.1332339
2023-11-07 12:00:00,28.043304,25.016937,1008.58185,-2.235242,-1.679409,1.0,83.660645,0.0
2023-11-07 18:00:00,26.055847,24.843292,1012.035,0.29870605,1.0481634,1.0,93.04808,0.0
2023-11-08 00:00:00,25.411652,24.339722,1009.7463,-0.4730091,-1.2192822,1.0,93.80328,1.0613567
2023-11-08 06:00:00,30.636139,25.136566,1010.84564,-0.62377644,-1.8050213,1.0,72.54376,0.0
2023-11-08 12:00:00,29.02536,25.003815,1007.97565,-2.8055477,-1.5893412,0.97288233,78.96053,0.0
2023-11-08 18:00:00,26.163818,24.62088,1011.3169,-1.6430826,-0.9697342,0.98060787,91.23556,1.2104853
2023-11-09 00:00:00,25.679626,24.342865,1010.1763,0.73825455,-2.2156982,0.99656963,92.33983,0.0
2023-11-09 06:00:00,29.506195,25.97052,1011.6756,-1.1420965,-1.6593866,1.0,81.33685,0.0
2023-11-09 12:00:00,28.95816,25.19162,1008.2056,-1.8771477,-2.117055,0.9881967,80.16018,0.0
2023-11-09 18:00:00,26.058807,24.683044,1012.28314,-1.4150763,-1.3164816,1.0,92.14566,0.25032443
2023-11-10 00:00:00,25.713348,24.628601,1011.3669,-0.9756079,-2.3887205,1.0,93.74494,0.0
2023-11-10 06:00:00,29.93924,25.949188,1012.28436,-2.908391,-2.6712122,0.9892919,79.23385,0.099948406
2023-11-10 12:00:00,27.852325,24.658417,1009.8744,-1.9114647,-2.421548,0.78055763,82.80654,0.5036539
2023-11-10 18:00:00,26.008972,24.57492,1013.4994,-2.3136044,-1.9423676,0.9992783,91.82219,0.0
2023-11-11 00:00:00,26.104156,24.601227,1010.66187,-0.5027094,-3.1145782,0.49170077,91.45042,0.0
2023-11-11 06:00:00,29.197723,25.169403,1012.3038,-2.5978374,-3.6394396,0.9235983,78.952446,0.09554649
2023-11-11 12:00:00,29.104706,23.522247,1010.01685,-2.6561174,-3.5262527,0.64837104,71.91858,0.0
2023-11-11 18:00:00,26.664642,23.250824,1012.82935,-1.5145893,-2.9293022,0.9881471,81.57791,0.0
2023-11-12 00:00:00,25.661163,22.756256,1010.7369,-0.073179245,-3.2969847,0.7173409,84.01044,0.0
2023-11-12 06:00:00,30.529999,23.534698,1012.15814,-3.0894156,-4.6780224,0.5401191,66.30597,0.030042604
2023-11-12 12:00:00,29.434814,22.72647,1010.16876,-2.4612188,-3.69631,0.8983519,67.24538,0.0
2023-11-12 18:00:00,27.030548,22.801727,1012.0606,-0.82267,-3.8361921,0.97523695,77.70077,0.0019073486
2023-11-13 00:00:00,26.017365,22.998138,1010.2356,0.13020611,-3.9657001,0.89452934,83.4701,0.0
2023-11-13 06:00:00,29.8862,23.634369,1011.4938,-2.8654547,-4.897807,0.99856615,69.215256,0.041001968
2023-11-13 12:00:00,26.89383,24.898956,1009.3731,-1.9502878,-2.814311,0.9989383,88.856384,1.9981083
2023-11-13 18:00:00,25.637573,24.516968,1011.5712,-1.4277,-4.164649,1.0,93.5406,0.0
2023-11-14 00:00:00,24.894989,24.186005,1009.5588,0.49611568,-3.8843517,1.0,95.84704,5.6825914
2023-11-14 06:00:00,25.99582,24.622772,1010.8875,-0.07349396,-2.9266472,0.99999994,92.15704,0.0
2023-11-14 12:00:00,25.376709,23.202301,1008.345,0.0872612,-5.170294,1.0,87.780106,0.2787764
2023-11-14 18:00:00,23.575836,21.78006,1010.70123,-0.21971798,-5.817235,1.0,89.67765,0.0
2023-11-15 00:00:00,23.970123,22.389801,1009.0675,2.1121798,-3.331666,1.0000001,90.89041,0.7776177
2023-11-15 06:00:00,27.48764,23.244476,1010.77124,0.30622196,-3.5234623,1.0,77.70017,0.0
2023-11-15 12:00:00,26.09439,23.342072,1008.67065,0.95930195,-3.348216,1.0,84.836105,0.5769381
2023-11-15 18:00:00,25.588776,23.899597,1010.40436,-0.20666122,-3.6252317,0.99921286,90.401825,0.0
2023-11-16 00:00:00,25.443695,23.66159,1009.3325,0.22837067,-3.2387066,0.9496826,89.88764,0.30883527
2023-11-16 06:00:00,28.96762,24.950958,1011.1337,-0.22579288,-3.4908133,0.97971684,78.97553,0.0
2023-11-16 12:00:00,28.381958,24.919952,1009.2456,-0.64026546,-2.6657934,0.9962962,81.55429,0.0
2023-11-16 18:00:00,26.549591,25.361969,1011.3606,-1.2190218,-2.3696814,0.99999994,93.21079,0.124425545
2023-11-17 00:00:00,26.042542,24.130524,1010.4175,-0.12544727,-2.2762375,0.99809635,89.232346,0.06265631
2023-11-17 06:00:00,30.739532,24.970245,1011.2675,-1.4137802,-3.4064884,0.7284472,71.404915,0.0
2023-11-17 12:00:00,29.15915,24.937317,1008.4994,-1.4720926,-2.598055,0.9986139,78.04174,0.0
2023-11-17 18:00:00,26.960052,24.943848,1010.9938,-1.194705,-2.4799862,0.97494054,88.7486,0.0432916
2023-11-18 00:00:00,26.307068,24.851044,1009.7606,-1.4331388,-2.834855,0.8612683,91.71921,0.0007599592
2023-11-18 06:00:00,30.175812,26.00644,1010.6994,-2.5125675,-2.6327753,0.60970753,78.42986,0.024796218
2023-11-18 12:00:00,28.740509,24.703156,1008.6781,-1.4859581,-3.238676,0.5543209,78.84662,0.0
2023-11-18 18:00:00,26.561798,24.4292,1011.10815,-2.0267467,-3.5860205,0.92881584,88.10128,0.11070308
2023-11-19 00:00:00,26.105072,24.28537,1009.5675,-0.39937782,-2.677454,0.9996035,89.73243,0.0
2023-11-19 06:00:00,28.856354,25.485565,1011.26874,-3.2645226,-3.539627,0.98359436,82.05627,0.11538374
2023-11-19 12:00:00,28.642975,24.551727,1008.8144,-1.7221918,-2.9310064,0.9900831,78.579346,0.0
2023-11-19 18:00:00,26.485931,24.318085,1010.6262,-0.49693394,-2.5259285,0.47576576,87.90909,0.1039207
2023-11-20 00:00:00,25.696808,23.667389,1009.1838,0.9938822,-2.627944,0.9984208,88.5779,0.562823
2023-11-20 06:00:00,27.13852,24.92218,1010.9294,1.4701347,-3.5703964,1.0,87.709946,1.0220599
2023-11-20 12:00:00,26.622162,24.154938,1009.09186,0.041789055,-4.955388,1.0,86.35713,0.8593725
2023-11-20 18:00:00,25.811218,24.699585,1010.5481,0.107577324,-1.4054728,1.0,93.59885,0.10265827
2023-11-21 00:00:00,25.391296,24.072693,1008.4419,0.729161,-2.8693027,1.0,92.424706,0.0
2023-11-21 06:00:00,29.016388,25.28778,1009.73065,-0.8169327,-1.7314463,0.9991332,80.34901,0.0
2023-11-21 12:00:00,28.914032,25.61029,1007.3575,-1.3376064,-0.6116295,0.9873292,82.39052,0.0
2023-11-21 18:00:00,26.072449,25.050049,1010.15186,-0.31192684,-0.33137512,1.0000002,94.11023,0.44090357
2023-11-22 00:00:00,25.833038,24.781555,1008.20435,0.71397114,-1.4100971,0.9973388,93.93677,0.04496357
2023-11-22 06:00:00,27.312164,25.603241,1009.9306,-1.8532495,-1.5009794,1.0,90.412155,0.0
2023-11-22 12:00:00,26.88089,25.08957,1007.42126,-2.546174,-0.7560482,1.0,89.940414,0.46392497
2023-11-22 18:00:00,25.631744,24.700623,1010.16,-1.1914234,0.36798954,1.0,94.60626,0.0
2023-11-23 00:00:00,25.636017,24.573822,1008.32935,-0.087984085,-0.47908115,1.0,93.867966,0.24769527
2023-11-23 06:00:00,29.00467,25.766083,1009.96814,-1.5842628,-0.59878415,0.99783856,82.720146,0.0
2023-11-23 12:00:00,28.692413,25.2117,1006.4356,-1.5371075,-1.0899439,0.66023517,81.501724,0.0
2023-11-23 18:00:00,26.28366,24.908295,1008.98376,-1.3418322,-1.5566416,0.991394,92.16043,0.0057201833
2023-11-24 00:00:00,25.76651,24.470917,1007.5506,-0.4223919,-1.6199617,0.44599247,92.572495,0.36352962
2023-11-24 06:00:00,29.16446,24.926117,1010.16125,-2.2889385,-1.7255888,0.9066833,77.96566,0.67703915
2023-11-24 12:00:00,28.263275,25.094513,1008.14374,-1.7023287,-1.6925211,0.9810376,82.97839,0.0
2023-11-24 18:00:00,26.079742,24.949982,1010.57,-0.6857729,-1.8286886,0.99960315,93.51007,0.045955144
2023-11-25 00:00:00,26.040405,24.67038,1009.15314,-1.7299395,-2.4862995,0.99814576,92.17618,0.0
2023-11-25 06:00:00,29.506012,25.838165,1010.89624,-2.9307108,-2.2437277,0.973103,80.70265,0.030608527
2023-11-25 12:00:00,27.274078,25.06903,1009.0062,-2.5084124,-2.5546675,1.0,87.78059,0.14524627
2023-11-25 18:00:00,25.447968,24.661743,1011.7925,-3.6934595,-2.0953321,1.0,95.42238,0.62600565
2023-11-26 00:00:00,25.16742,23.654327,1010.66315,-1.99611,-2.4633465,1.0,91.33716,0.0
2023-11-26 06:00:00,28.802948,25.647766,1011.9425,-3.0182467,-3.3205166,0.9826185,83.10713,0.0
2023-11-26 12:00:00,27.854034,25.090302,1009.21063,-2.432682,-2.7164545,0.8725254,84.96005,0.0
2023-11-26 18:00:00,25.636322,24.741455,1011.46686,-0.53704834,-2.731557,0.97552687,94.81156,0.0
2023-11-27 00:00:00,25.323517,24.365814,1008.91315,-1.4428272,-1.2207956,0.9706922,94.443665,0.1707161
2023-11-27 06:00:00,28.727814,25.698761,1010.4269,-3.033557,-1.3887386,0.5307317,83.722855,0.0
2023-11-27 12:00:00,29.247314,24.540894,1007.77625,-3.0476913,-1.9817104,0.20739028,75.82791,0.0
2023-11-27 18:00:00,26.421417,24.370453,1010.1525,-1.4735203,-2.0820503,0.4385842,88.521545,0.0049495585
2023-11-28 00:00:00,25.613312,23.883942,1008.2125,-1.2953825,-2.5125837,0.8050968,90.18532,0.07324393
2023-11-28 06:00:00,29.84842,25.92978,1009.7456,-2.2767925,-2.4624958,0.95560265,79.55727,0.042441465
2023-11-28 12:00:00,27.961212,24.756622,1007.0625,-1.9884882,-2.395358,0.9598749,82.76636,0.0
2023-11-28 18:00:00,26.149261,24.600433,1009.7612,-1.4751663,-1.9241838,0.9985486,91.20255,0.043402
2023-11-29 00:00:00,25.317688,23.77597,1008.29,-0.088264465,-1.88764,0.99888957,91.18926,0.31499046
2023-11-29 06:00:00,27.958405,24.32019,1009.8806,-1.7824125,-2.4470081,1.0,80.646454,0.80410594
2023-11-29 12:00:00,26.949005,24.848541,1008.22815,-1.8248196,-1.7415781,0.9976017,88.30261,0.0
2023-11-29 18:00:00,24.85611,23.841522,1010.5481,-1.588026,-1.7286148,1.0,94.10235,0.11546576
2023-11-30 00:00:00,25.053009,23.953033,1008.84186,-0.30268478,-2.4263334,1.0,93.62926,0.3438486
2023-11-30 06:00:00,27.038116,25.106995,1010.9894,-0.9566679,-2.4136229,0.99960345,89.2059,0.0
2023-11-30 12:00:00,26.300049,24.328705,1008.9975,-1.5597057,-2.4518204,0.99060893,88.93519,0.18784308
2023-11-30 18:00:00,25.16452,23.981537,1010.1788,-0.82315063,-3.1257591,0.99524295,93.16879,0.0
2023-12-01 00:00:00,25.416412,23.981842,1008.6987,0.84799385,-3.0995417,0.9758568,91.78465,0.0
2023-12-01 06:00:00,28.772064,24.899994,1009.3713,-0.2092247,-4.25885,0.9644887,79.63294,0.0
2023-12-01 12:00:00,27.039215,24.833405,1006.6244,-1.606185,-2.5377455,0.98429,87.75659,1.3663888
2023-12-01 18:00:00,25.96222,24.687592,1008.83124,-0.09104252,-3.7230415,1.0,92.698975,0.0
2023-12-02 00:00:00,25.988068,23.78598,1006.41626,1.5600252,-3.8107843,1.0,87.68614,0.0
2023-12-02 06:00:00,28.459259,25.013397,1007.3787,1.4120317,-4.5572042,1.0,81.642365,0.13701557
2023-12-02 12:00:00,27.480927,24.127716,1004.8744,0.20798796,-4.8923483,1.0,81.976395,0.0
2023-12-02 18:00:00,26.006836,23.602264,1006.7394,1.757291,-4.6152573,1.0,86.625305,0.2988726
2023-12-03 00:00:00,24.714783,23.888885,1005.1856,3.0801072,-3.6301374,1.0,95.170555,0.8541622
2023-12-03 06:00:00,28.25467,24.654968,1006.9387,3.665203,-3.5586863,1.0,80.87057,0.0
2023-12-03 12:00:00,26.89447,24.297943,1004.46875,3.1118255,-2.635541,1.0,85.71623,0.41438252
2023-12-03 18:00:00,26.308807,23.836853,1005.53375,3.5095882,-0.39186668,0.99933493,86.30298,0.0
2023-12-04 00:00:00,25.917694,23.573395,1003.59937,3.6306772,0.8061393,1.0,86.932304,0.0
2023-12-04 06:00:00,30.534088,24.110657,1005.02936,5.818557,1.722738,1.0,68.627235,0.0
2023-12-04 12:00:00,29.516144,24.17807,1003.8606,1.8198558,2.8234816,1.0,73.05506,0.0
2023-12-04 18:00:00,27.037384,25.772552,1005.15125,1.2111166,3.942111,0.99928,92.808876,0.0
2023-12-05 00:00:00,26.857086,26.116241,1004.1175,1.8502483,2.450611,0.99999994,95.725555,0.0
2023-12-05 06:00:00,32.17984,24.981842,1005.87,2.3866043,1.3452446,0.99867004,65.8367,0.011539087
2023-12-05 12:00:00,30.947906,24.975677,1004.08813,-0.89468193,2.833615,0.9806901,70.58315,0.0
2023-12-05 18:00:00,27.700592,26.510345,1007.6381,0.5270566,3.260768,0.8223444,93.252106,0.0
2023-12-06 00:00:00,27.208282,25.654266,1006.77313,1.3728845,1.582097,0.5869637,91.24034,0.05093217
2023-12-06 06:00:00,31.3555,26.173004,1008.1131,-0.26030213,1.8188319,0.514402,74.04333,0.05283074
2023-12-06 12:00:00,30.264496,25.687927,1005.97064,-0.9669342,1.4767563,0.45922774,76.573166,0.0
2023-12-06 18:00:00,27.510773,26.238525,1009.16815,-0.65435505,2.1926155,0.42544508,92.7925,0.0
2023-12-07 00:00:00,27.108154,25.4375,1007.9425,0.22860545,1.8228291,0.4569947,90.6042,0.0
2023-12-07 06:00:00,30.959991,25.44632,1009.2975,-0.3961439,1.2018389,0.75980467,72.53856,0.12397229
2023-12-07 12:00:00,30.18332,25.421997,1007.35876,-0.55770016,0.9389708,0.82069755,75.72538,0.0
2023-12-07 18:00:00,27.21939,25.584076,1010.1275,-1.3525143,-0.48848534,0.68678796,90.80189,0.0
2023-12-08 00:00:00,26.098358,24.86737,1008.8631,0.49680805,-0.88419056,0.36486626,92.94794,0.02403096
2023-12-08 06:00:00,30.036407,25.821442,1010.8856,-1.176156,-0.71157646,0.7835941,78.19873,0.04329697
2023-12-08 12:00:00,29.074432,25.005798,1007.9944,-2.5183573,-1.5342455,0.18607235,78.74597,0.0
2023-12-08 18:00:00,27.339325,25.2229,1010.84375,-1.6172304,-1.5455122,0.28530705,88.250595,0.01600893
2023-12-09 00:00:00,26.511932,24.92743,1010.33624,-0.6291027,-2.0376358,0.29597855,91.03131,0.006687127
2023-12-09 06:00:00,27.862701,24.522705,1012.4725,-1.7682304,-2.3383474,0.5440215,82.08748,0.71066713
2023-12-09 12:00:00,28.810455,24.79831,1008.71185,-2.7468061,-2.2951946,0.15299052,78.97512,0.0
2023-12-09 18:00:00,26.652008,24.900848,1010.675,-1.7581472,-2.2512712,0.47627777,90.13995,0.13940288
2023-12-10 00:00:00,26.156525,24.62976,1009.16315,-0.22436142,-3.221856,0.4631582,91.3234,0.0
2023-12-10 06:00:00,29.769257,24.670197,1010.8713,-2.5147676,-3.60773,0.44905245,74.15076,0.1746313
2023-12-10 12:00:00,28.656403,23.887787,1008.1188,-2.8641357,-3.1765718,0.74947107,75.4532,0.0
2023-12-10 18:00:00,26.953644,24.096863,1011.45935,-1.9992285,-2.4002733,0.99747926,84.39463,0.006486635
2023-12-11 00:00:00,25.902374,23.364288,1009.9487,-0.74811745,-2.6413393,0.9985665,85.92078,0.0053420663
2023-12-11 06:00:00,28.872711,23.949493,1011.58685,-2.4486961,-3.3778772,0.9566034,74.78966,0.15658441
2023-12-11 12:00:00,28.05133,23.385895,1008.84875,-2.9306717,-3.0329638,0.7074735,75.82829,0.0
2023-12-11 18:00:00,26.27353,23.358917,1011.1987,-2.0700865,-2.5923948,0.8179654,84.02809,0.13026859
2023-12-12 00:00:00,26.005402,23.496399,1008.7975,-1.0157318,-3.1648788,0.56174636,86.08164,0.0
2023-12-12 06:00:00,28.379425,23.173676,1011.1625,-2.890746,-3.3486557,0.9461033,73.44625,0.21277146
2023-12-12 12:00:00,27.761688,22.574219,1008.8606,-2.3763494,-2.5506744,0.44607222,73.423256,0.0
2023-12-12 18:00:00,25.354523,21.852386,1010.7294,-2.1676674,-1.9127512,0.07781565,80.97684,0.0
2023-12-13 00:00:00,24.890533,21.892181,1009.2456,-0.15943432,-2.6891327,0.76923573,83.448616,0.0
2023-12-13 06:00:00,29.126251,22.588043,1011.8038,-2.8362741,-4.5151253,0.48773944,67.882095,0.009917188
2023-12-13 12:00:00,27.596466,22.355621,1009.1369,-2.9839659,-2.7417793,0.5971295,73.15745,0.0
2023-12-13 18:00:00,25.253204,21.742432,1011.915,-1.8717833,-2.9280062,0.20968151,80.92115,0.0
2023-12-14 00:00:00,24.59793,21.763,1010.815,-0.16247559,-3.5779352,0.33047935,84.252846,0.0
2023-12-14 06:00:00,28.8508,22.249847,1012.59814,-2.6321192,-5.5024967,0.66352,67.56967,0.002289191
2023-12-14 12:00:00,28.023865,22.521454,1010.16187,-2.1878443,-3.7671757,0.9874129,72.077095,0.0
2023-12-14 18:00:00,26.153809,22.30246,1012.90063,-1.7411642,-3.7278185,0.99881643,79.37663,0.38155913
2023-12-15 00:00:00,25.477264,23.446136,1011.0131,-1.4759903,-4.1122665,0.9641045,88.55114,0.0
2023-12-15 06:00:00,26.731964,24.411713,1012.7381,-1.3597841,-4.631876,0.9688035,87.13143,0.6235509
2023-12-15 12:00:00,26.261322,24.356354,1010.41876,-0.7684288,-3.5638819,0.9732596,89.28662,0.0
2023-12-15 18:00:00,24.991486,23.91507,1011.8844,0.108831406,-4.130681,0.998004,93.75912,0.0
2023-12-16 00:00:00,24.774872,23.659882,1009.8688,0.052677155,-3.3469715,0.9999978,93.53184,0.11901547
2023-12-16 06:00:00,27.162567,24.811249,1011.85065,-2.4644346,-2.6825771,0.99762636,87.00832,1.4244087
2023-12-16 12:00:00,25.953094,24.42929,1009.8856,-2.580432,-3.101962,1.0,91.326996,0.0
2023-12-16 18:00:00,25.700684,24.759857,1011.33435,-2.8707724,-3.2193604,1.0000001,94.55409,0.0
2023-12-17 00:00:00,25.825165,24.08493,1009.3169,-2.5797749,-3.2918348,1.0,90.14125,0.1238718
2023-12-17 06:00:00,28.145905,24.994293,1011.5581,-4.012969,-2.67274,0.990553,83.049774,0.36623523
2023-12-17 12:00:00,27.704498,23.87799,1008.8275,-3.6485577,-3.4015198,0.99353606,79.70683,0.0
2023-12-17 18:00:00,26.359589,23.268646,1011.34686,-3.8309956,-3.3724957,0.9992069,83.14778,0.19398876
2023-12-18 00:00:00,25.79544,23.306122,1010.51624,-2.1544857,-3.3312626,1.0,86.16376,0.0
2023-12-18 06:00:00,27.221283,23.21634,1012.8744,-4.0951834,-3.9821272,1.0,78.78817,0.0
2023-12-18 12:00:00,26.839996,22.481323,1010.47064,-3.5338583,-3.7561827,1.0,77.06278,0.1492573
2023-12-18 18:00:00,25.005646,22.654266,1012.9025,-1.9758224,-3.6153727,0.9878265,86.81166,0.7075545
2023-12-19 00:00:00,25.113068,22.596832,1010.9394,-0.77578545,-4.4469223,0.9816004,85.95753,0.0
2023-12-19 06:00:00,28.104767,22.274384,1012.9531,-2.7928572,-4.849126,0.9999994,70.66853,0.0
2023-12-19 12:00:00,27.497894,22.598236,1010.4625,-2.9743204,-4.258215,0.6622068,74.67329,0.0
2023-12-19 18:00:00,26.06668,22.130524,1012.8375,-1.8866434,-4.075905,0.9625793,78.95584,0.04605204
2023-12-20 00:00:00,25.563995,22.113922,1011.35565,-0.7121477,-3.879815,0.98872477,81.26108,0.09478629
2023-12-20 06:00:00,27.190094,23.940216,1012.5725,-2.4180746,-3.9377174,0.9004266,82.45174,0.31120437
2023-12-20 12:00:00,27.059326,23.759369,1010.21,-1.9827757,-3.6181746,0.99960375,82.18819,0.0
2023-12-20 18:00:00,25.678253,22.834381,1012.78687,-1.6989737,-3.9035301,0.96847314,84.32368,0.0
2023-12-21 00:00:00,25.489105,23.262238,1010.98627,-1.4952497,-3.0209484,0.93106854,87.51204,0.07715076
2023-12-21 06:00:00,25.59726,23.981354,1012.96436,-1.5723457,-3.527092,0.7431568,90.801315,0.4087463
2023-12-21 12:00:00,26.874817,24.284668,1009.97064,-2.7012377,-3.0535088,0.54050875,85.74711,0.0
2023-12-21 18:00:00,25.469238,22.740509,1013.145,-1.6110382,-3.1180868,0.7586436,84.892105,0.0
2023-12-22 00:00:00,24.220856,22.227264,1011.445,-0.20775986,-3.1550503,0.6576096,88.651726,0.0
2023-12-22 06:00:00,28.096893,22.603607,1012.9875,-1.6985312,-4.7574873,0.86744773,72.129906,0.018883497
2023-12-22 12:00:00,27.456207,23.03476,1010.4381,-2.8142252,-2.6339426,0.9883181,76.862526,0.0
2023-12-22 18:00:00,24.801544,22.085327,1013.03125,-1.5449209,-3.3027925,0.5929398,84.887085,0.0
2023-12-23 00:00:00,23.0065,20.129303,1012.22186,0.5985775,-3.3190994,0.89832973,83.85938,0.0
2023-12-23 06:00:00,28.420807,21.730865,1014.21625,-1.5103617,-3.7962618,0.9786135,67.11885,9.534415e-05
2023-12-23 12:00:00,27.985443,22.521454,1011.2006,-2.555956,-2.9136124,0.49209034,72.23877,0.0
2023-12-23 18:00:00,24.63675,21.599457,1014.09,-1.4606056,-3.9014606,0.44171733,83.2214,0.0
2023-12-24 00:00:00,24.356232,20.500153,1013.20935,0.28099537,-4.329673,0.49107814,79.10482,0.0
2023-12-24 06:00:00,26.587555,22.500275,1015.1188,-1.1410656,-4.470484,0.9693737,78.306625,0.17893314
2023-12-24 12:00:00,25.955505,24.225739,1012.4675,-2.5201406,-3.349702,0.93753123,90.20692,0.22989511
2023-12-24 18:00:00,24.836273,23.618927,1014.1719,-2.2957945,-2.6110907,0.6197159,92.95997,0.1784414
2023-12-25 00:00:00,23.968658,23.299164,1012.6575,-0.48181915,-2.870368,0.39197457,96.047554,0.0
2023-12-25 06:00:00,28.77237,25.386932,1013.865,-2.6724482,-3.322916,0.5561917,81.974754,0.0
2023-12-25 12:00:00,27.69632,24.604523,1011.2944,-3.387514,-2.873478,0.22009712,83.2957,0.0
2023-12-25 18:00:00,25.486786,23.714874,1013.54376,-2.5616503,-3.3855572,0.17721635,89.945915,0.018883888
2023-12-26 00:00:00,23.674957,22.45279,1012.4888,-0.115447044,-3.9650688,0.6089707,92.87341,0.0
2023-12-26 06:00:00,27.752228,22.641754,1014.03687,-1.520031,-5.4430094,0.83117115,73.765594,0.052154064
2023-12-26 12:00:00,27.718597,23.367584,1011.5156,-3.0721903,-4.0282936,0.46286553,77.22972,0.0
2023-12-26 18:00:00,25.078888,22.21231,1014.7438,-1.2105722,-3.7875223,0.7590347,84.14263,0.0
2023-12-27 00:00:00,24.87088,21.644073,1013.1319,0.5962639,-4.105898,0.65635157,82.289856,0.027081463
2023-12-27 06:00:00,28.781403,22.72403,1014.51624,-3.0496302,-6.1180477,0.9241571,69.82491,0.0
2023-12-27 12:00:00,28.136383,23.50534,1010.7606,-3.1886196,-4.6891565,0.70292413,75.999016,0.0
2023-12-27 18:00:00,25.800507,23.121124,1013.46185,-2.2660437,-3.8566818,0.8773784,85.1804,0.112148345
2023-12-28 00:00:00,24.843048,23.788055,1011.77936,-1.2272692,-3.6427097,0.9379766,93.873344,0.0
2023-12-28 06:00:00,27.841217,24.80484,1013.22565,-3.2335815,-3.892458,0.6716651,83.588264,0.3604067
2023-12-28 12:00:00,27.42044,24.877167,1010.60065,-3.5769024,-3.6312294,0.8885668,86.04091,0.0
2023-12-28 18:00:00,25.594604,24.238983,1012.955,-2.588522,-3.4266415,0.77136534,92.2308,0.0
2023-12-29 00:00:00,24.81778,23.57669,1011.52185,-1.3697357,-3.9853792,0.99999994,92.826126,0.002760198
2023-12-29 06:00:00,28.001251,25.184235,1013.33124,-3.92138,-2.9346542,0.92999035,84.7061,0.10900673
2023-12-29 12:00:00,28.263031,24.769135,1010.7369,-3.4355469,-3.0346537,0.45904446,81.38448,0.0
2023-12-29 18:00:00,25.797699,24.117676,1013.5206,-1.9190493,-3.695428,0.96433145,90.46574,0.0
2023-12-30 00:00:00,24.791168,23.228973,1011.52686,-0.84748745,-3.222188,0.983332,91.04338,0.037379753
2023-12-30 06:00:00,28.228485,23.787079,1013.4381,-2.9510193,-4.1916447,0.88360965,76.88617,0.11578277
2023-12-30 12:00:00,27.441223,23.44925,1010.6844,-3.0052185,-3.2179089,0.98008186,78.88063,0.0
2023-12-30 18:00:00,25.577057,22.596832,1012.8694,-2.2902355,-2.8838434,0.7719833,83.61813,0.0
2023-12-31 00:00:00,24.65091,22.361786,1011.64,-0.48282337,-3.376114,0.27376062,87.108215,0.0041961903
2023-12-31 06:00:00,28.850739,23.022736,1012.67,-3.4441938,-3.644352,0.60961175,70.81478,0.063801184
2023-12-31 12:00:00,27.862823,23.490814,1009.58563,-3.5622091,-3.948925,0.44226128,77.15341,0.0
2023-12-31 18:00:00,25.055939,22.295013,1012.53064,-1.954196,-2.83595,0.52894646,84.68295,0.0
2024-01-01 00:00:00,24.146393,21.852814,1011.8281,0.40388584,-3.7081175,0.9483886,87.038925,0.0
2024-01-01 06:00:00,28.470428,22.074677,1013.3619,-2.216998,-4.3490705,0.8931133,68.34456,0.0033369288
2024-01-01 12:00:00,27.58078,22.637543,1010.5725,-2.683566,-2.0807495,0.50305885,74.48955,0.0
2024-01-01 18:00:00,25.41098,21.990204,1012.53564,-2.6950932,-2.322874,1.0000001,81.38702,0.0
2024-01-02 00:00:00,24.596832,21.842041,1010.65314,-0.32904243,-2.540841,0.9987376,84.6661,0.0
2024-01-02 06:00:00,28.872711,22.677094,1012.16315,-2.5637045,-3.6294823,0.9480018,69.25892,0.13485312
2024-01-02 12:00:00,27.165497,23.229584,1010.0425,-2.7152338,-2.2760868,0.976749,79.109695,0.0
2024-01-02 18:00:00,24.966156,22.322113,1011.85187,-2.3314419,-2.0681868,0.40741104,85.27792,0.0
2024-01-03 00:00:00,24.11258,21.996857,1010.4244,-0.096404076,-2.4373388,0.74579614,87.9856,0.010204385
2024-01-03 06:00:00,28.834625,23.089508,1012.0581,-2.273079,-3.1573372,0.71904725,71.16785,0.07658452
2024-01-03 12:00:00,27.522858,22.916046,1009.3625,-2.7949915,-2.1806145,0.4932267,76.01504,0.0
2024-01-03 18:00:00,25.517303,22.1474,1011.1838,-2.048643,-1.2203007,0.72681314,81.65306,0.00038184226
2024-01-04 00:00:00,25.023956,22.554047,1010.295,-0.20271015,-1.799758,0.20545429,86.191025,0.009821728
2024-01-04 06:00:00,29.705963,22.973724,1011.8244,-2.816289,-2.3801765,0.48872203,67.20182,0.10376051
2024-01-04 12:00:00,27.024261,23.38089,1009.0694,-2.740096,-1.6053143,0.9615451,80.50045,0.0
2024-01-04 18:00:00,25.679047,23.288544,1011.21124,-1.603405,-1.4287157,0.9759462,86.668434,0.002187158
2024-01-05 00:00:00,25.445343,23.166168,1010.1156,0.24503613,-1.9391022,0.99652714,87.232025,0.13636778
2024-01-05 06:00:00,28.636444,24.534515,1011.4387,-2.0151405,-2.7970228,0.98853534,78.528244,0.0
2024-01-05 12:00:00,27.742157,23.33722,1009.5875,-1.5770931,-2.5364914,0.5373661,76.98228,0.0
2024-01-05 18:00:00,26.505035,23.4617,1011.09186,-1.7863235,-2.8733568,0.9283779,83.403625,0.0
2024-01-06 00:00:00,25.585052,23.23938,1009.565,-0.2591467,-2.1912708,0.9660039,86.89479,0.020693988
2024-01-06 06:00:00,28.265411,24.539337,1011.5081,-1.6535988,-3.0101519,0.9984194,80.26307,0.11624877
2024-01-06 12:00:00,27.243256,24.116547,1009.28687,-1.9052658,-3.0213003,0.99649394,83.070114,0.0
2024-01-06 18:00:00,25.02652,23.800934,1011.6325,-1.373312,-2.8214903,0.99999654,92.92354,0.9361509
2024-01-07 00:00:00,25.503174,23.9823,1010.4944,0.091498375,-2.3307676,0.9845574,91.315216,2.3494158
2024-01-07 06:00:00,27.600311,24.868805,1012.2481,0.5684128,-4.0696516,0.9799978,85.09752,0.0
2024-01-07 12:00:00,27.022552,24.751984,1008.85,-2.183281,-3.068139,0.9922274,87.41645,0.01914379
2024-01-07 18:00:00,24.264984,23.434479,1011.7875,-0.806715,-1.4222469,0.93989414,95.12822,0.0
2024-01-08 00:00:00,24.289276,23.503326,1010.5744,0.2959814,-1.5243979,0.9996035,95.38505,1.61326
2024-01-08 06:00:00,26.336334,24.574005,1012.85565,-2.5997868,-1.0231771,0.9423821,90.05776,0.0
2024-01-08 12:00:00,26.110413,24.36853,1010.03937,-2.3813381,-2.6497154,1.0,90.15224,0.37291247
2024-01-08 18:00:00,25.161316,24.187592,1012.27313,-2.430008,-1.3059177,1.0,94.34638,0.0
2024-01-09 00:00:00,25.232391,23.851196,1009.4869,-2.3641415,-2.4052324,0.999603,92.068954,0.0
2024-01-09 06:00:00,26.242828,24.909973,1013.4369,-2.9972124,-1.8871374,0.9996036,92.39223,0.46866876
2024-01-09 12:00:00,27.205505,23.456787,1010.47064,-2.6207962,-3.274395,1.0,80.01418,0.0
2024-01-09 18:00:00,25.683563,22.979797,1011.9825,-2.3834372,-3.5328417,1.0,85.04282,0.021170825
2024-01-10 00:00:00,25.700348,23.108002,1010.1375,-0.40606785,-3.0492392,0.9866456,85.61974,0.0020973384
2024-01-10 06:00:00,28.702484,23.59964,1012.2419,-3.9191427,-3.5349493,1.0,73.95798,0.031571165
2024-01-10 12:00:00,27.384247,23.146759,1010.01935,-2.4273767,-3.1360188,1.0,77.71172,0.0
2024-01-10 18:00:00,25.973785,23.015839,1013.15436,-2.7561035,-2.7360039,0.96434665,83.77537,0.0
2024-01-11 00:00:00,25.256378,22.912231,1011.67126,-0.88637924,-2.7999468,0.6309285,86.87277,0.0006672926
2024-01-11 06:00:00,29.345856,22.80545,1013.0544,-3.1464252,-4.516588,0.3454064,67.91596,0.0
2024-01-11 12:00:00,28.051788,22.068481,1010.14813,-3.3466702,-2.7846956,0.78072757,70.00371,0.0
2024-01-11 18:00:00,25.673859,21.731293,1012.8375,-2.152461,-2.8860445,0.930534,78.86999,0.0001906883
2024-01-12 00:00:00,25.272125,22.441925,1011.07935,-1.5470142,-2.8229237,0.97359115,84.349976,0.0032420568
2024-01-12 06:00:00,29.256195,22.462585,1013.28937,-4.531513,-2.709632,0.75281566,66.86271,0.011252349
2024-01-12 12:00:00,28.302216,22.34549,1010.2431,-2.424262,-2.7147255,0.34119147,70.16365,0.0
2024-01-12 18:00:00,25.817657,22.496979,1013.0469,-1.6299725,-2.2557898,0.3191085,81.93497,0.0019071158
2024-01-13 00:00:00,24.836334,22.861359,1011.6144,-0.0032377243,-2.1879263,0.9086484,88.80102,0.0052445102
2024-01-13 06:00:00,29.014679,23.444336,1014.07623,-2.6570616,-3.0974798,0.82684416,71.955315,0.040718354
2024-01-13 12:00:00,28.60263,22.892548,1011.2375,-2.5654316,-1.6840439,0.602715,71.27714,0.0
2024-01-13 18:00:00,25.42868,23.032532,1013.8144,-1.688323,-1.5847816,0.8193308,86.61563,0.0030514784
2024-01-14 00:00:00,25.057404,22.981476,1011.695,-0.23808289,-2.395484,0.10875331,88.277596,0.0
2024-01-14 06:00:00,29.18155,22.890503,1012.9344,-2.5592213,-3.2350254,0.36574,68.91794,0.00047660433
2024-01-14 12:00:00,28.101166,22.251434,1009.9313,-3.284645,-1.6608534,0.22457886,70.5847,0.0
2024-01-14 18:00:00,24.884491,22.223053,1012.53375,-2.0528831,-1.518528,0.05700734,85.17939,9.5460564e-05
2024-01-15 00:00:00,24.194855,21.896759,1011.42126,0.25266743,-2.2517967,0.550876,87.019325,0.0036233105
2024-01-15 06:00:00,29.42337,21.728668,1013.27124,-2.6690445,-2.840664,0.5735187,63.324173,0.048353337
2024-01-15 12:00:00,28.085052,21.59439,1009.2494,-2.7852774,-1.3166256,0.17192847,67.87467,0.0
2024-01-15 18:00:00,23.915436,20.188995,1011.6819,-2.383133,-0.90789413,0.05509285,79.67947,0.0
2024-01-16 00:00:00,22.729523,19.574371,1010.5206,-0.72177315,-1.5078344,0.3653794,82.395134,0.0
2024-01-16 06:00:00,28.749725,19.567413,1012.22876,-1.6581392,-1.8885851,0.26902917,57.6324,0.0
2024-01-16 12:00:00,27.986542,19.769806,1008.3425,-2.6410809,-0.93171597,0.0059890747,61.009346,0.0
2024-01-16 18:00:00,22.290436,18.961578,1010.84625,-1.9302168,-0.31366348,0.031324003,81.454834,0.0
2024-01-17 00:00:00,22.124298,19.487701,1009.9894,1.0769453,-1.8179293,0.2492867,85.02363,0.0
2024-01-17 06:00:00,29.071503,20.084198,1011.2775,-0.8381405,-0.902071,0.06263532,58.40983,0.0
2024-01-17 12:00:00,28.796173,21.426361,1008.52,-2.6268044,-0.2946787,0.0,64.46018,0.0
2024-01-17 18:00:00,24.37259,22.309296,1010.6962,-2.0204287,-0.43758583,0.032627106,88.28879,0.0
2024-01-18 00:00:00,24.62918,22.685394,1010.02435,0.23165226,-1.3927679,0.36942214,88.95283,0.019643456
2024-01-18 06:00:00,28.6138,23.921417,1012.14874,-1.8681755,-1.7690725,0.4173571,75.79306,0.040045984
2024-01-18 12:00:00,28.74002,23.268372,1008.96625,-2.1478682,-1.6032286,0.3829707,72.33701,0.0
2024-01-18 18:00:00,26.554352,23.604706,1011.2581,-2.9065447,-1.3447742,0.50123703,83.88149,0.0
2024-01-19 00:00:00,26.153229,23.466064,1009.905,-0.49184704,-1.6166534,0.7926723,85.17637,0.0
2024-01-19 06:00:00,30.051483,23.90506,1012.4338,-1.7439766,-1.4719543,0.96870327,69.68676,0.06703934
2024-01-19 12:00:00,26.98236,23.810364,1009.3175,-2.6730595,-1.6045961,0.72704947,82.81428,0.0
2024-01-19 18:00:00,26.252655,23.886414,1011.19,-2.4701643,-1.1963577,0.98726124,86.848076,0.0
2024-01-20 00:00:00,25.818024,23.282562,1010.8812,-1.4132805,-2.1496458,0.9466811,85.926186,0.027372826
2024-01-20 06:00:00,28.361542,23.000153,1013.6075,-2.1081839,-2.4646988,0.8854094,72.7551,0.004097417
2024-01-20 12:00:00,28.238556,23.519928,1010.0875,-1.5724039,-2.2569103,1.0000072,75.61469,0.0
2024-01-20 18:00:00,27.07724,23.9794,1012.65063,-2.2231798,-2.2315254,0.73684895,83.19524,0.0018114224
2024-01-21 00:00:00,26.241486,23.642426,1011.3569,-1.6973848,-1.5962601,0.8761748,85.63874,0.055789016
2024-01-21 06:00:00,30.244293,24.609406,1013.34625,-3.046527,-2.125144,0.3016101,71.89253,0.1481069
2024-01-21 12:00:00,28.883026,23.474762,1009.9406,-3.073226,-1.4232597,0.17514363,72.63911,0.0
2024-01-21 18:00:00,24.800201,23.1221,1013.01,-1.1990061,-1.2994833,0.44539735,90.408394,0.0003813766
2024-01-22 00:00:00,24.823273,22.645477,1012.2425,-0.43705082,-1.629199,0.4383145,87.71457,0.0029555522
2024-01-22 06:00:00,29.517609,22.687286,1014.76874,-1.7809391,-2.2509794,0.20369232,66.766136,0.0
2024-01-22 12:00:00,28.492828,21.555756,1011.22687,-2.5378618,-2.141533,0.0,66.1267,0.0
2024-01-22 18:00:00,24.08963,21.821075,1013.6213,-1.6709671,-1.3045368,0.11701965,87.166855,0.0
2024-01-23 00:00:00,24.518585,21.851532,1012.8269,-0.87686634,-1.418335,0.48922038,85.112595,0.0
2024-01-23 06:00:00,29.319855,22.318146,1014.3106,-3.2008305,-0.63678646,0.43401676,66.03483,0.001048902
2024-01-23 12:00:00,28.560333,21.565948,1010.83936,-2.8457537,-0.64243317,0.06576282,65.90903,0.0
2024-01-23 18:00:00,24.342438,21.026001,1012.8656,-1.8292503,-0.04351616,0.04383087,81.7747,0.0
2024-01-24 00:00:00,25.255524,21.154114,1012.15875,0.38440037,-0.06848377,0.4077962,78.047066,0.0
2024-01-24 06:00:00,29.746857,21.185333,1014.09,-1.9915133,0.52243656,0.19735771,60.12076,9.534415e-05
2024-01-24 12:00:00,28.734161,21.045197,1010.1675,-2.6974525,0.5073458,0.091903456,63.19755,0.0
2024-01-24 18:00:00,24.447296,20.761353,1012.95,-2.4237633,0.6501608,0.78523654,79.95098,0.0
2024-01-25 00:00:00,23.67337,20.593231,1011.9919,-0.13251877,-1.0696878,0.74811614,82.89106,0.0
2024-01-25 06:00:00,29.92691,21.699493,1014.6819,-2.813449,0.69122446,0.14939648,61.40448,0.01659058
2024-01-25 12:00:00,29.083893,21.746185,1011.9425,-2.831215,-0.70891285,0.0368042,64.647575,0.0
2024-01-25 18:00:00,24.514435,21.137085,1014.67126,-2.074172,-0.7396345,0.019825779,81.49081,0.0
2024-01-26 00:00:00,24.781647,21.342224,1013.455,-1.1161175,-2.3912077,0.31315067,81.214836,0.0
2024-01-26 06:00:00,29.615753,20.538605,1016.09,-3.1128836,-2.6542835,0.25949246,58.2141,0.001048902
2024-01-26 12:00:00,28.481354,22.054718,1013.17065,-2.8944569,-2.9658232,0.43752122,68.21815,0.0
2024-01-26 18:00:00,25.095856,22.017334,1015.57623,-2.7689648,-2.2063122,0.07766394,83.06497,0.0001906883
2024-01-27 00:00:00,24.596832,21.080414,1014.5119,-0.59356403,-2.078804,0.24040222,80.80849,0.010582851
2024-01-27 06:00:00,29.627594,20.774872,1015.88873,-3.1964846,-2.6238537,0.29337037,59.02729,0.0
2024-01-27 12:00:00,28.67569,21.671173,1012.4175,-2.8024693,-2.8099384,0.78122884,65.89185,0.0
2024-01-27 18:00:00,25.535309,22.356567,1015.34625,-2.441698,-1.9558907,0.7319784,82.610825,0.0
2024-01-28 00:00:00,24.866241,21.92752,1013.4,-1.0562229,-2.3180704,0.9461048,83.750084,0.00991486
2024-01-28 06:00:00,29.991364,22.345856,1015.6225,-3.6743813,-2.3540878,0.2638818,63.63646,0.0
2024-01-28 12:00:00,28.674103,22.18332,1012.0044,-3.0626698,-2.6948395,0.48400337,67.98958,0.0
2024-01-28 18:00:00,25.38272,21.815887,1015.06,-2.7816324,-2.2720165,0.49119037,80.66124,0.0
2024-01-29 00:00:00,24.547516,21.5289,1012.8875,-0.8854933,-3.153759,0.88058275,83.3063,0.0001906883
2024-01-29 06:00:00,28.92868,21.374847,1015.0606,-2.754344,-3.8457336,0.41133475,63.765656,0.0
2024-01-29 12:00:00,27.641327,20.952423,1011.8644,-3.1359386,-2.373639,0.11571884,66.96701,0.0
2024-01-29 18:00:00,24.836823,20.953247,1014.59186,-2.385603,-2.5994987,0.99469185,79.03815,0.0
2024-01-30 00:00:00,24.274323,20.70755,1012.84314,0.16956615,-3.278389,0.86652595,80.51665,0.0
2024-01-30 06:00:00,29.41922,22.144012,1013.9294,-1.4782352,-3.1653547,0.47107077,64.96485,0.0
2024-01-30 12:00:00,28.678986,22.492035,1010.65,-3.4913492,-2.5401974,0.702392,69.25868,0.0
2024-01-30 18:00:00,25.628204,22.542603,1013.6156,-3.0231543,-1.7923231,0.72998095,83.09063,0.0
2024-01-31 00:00:00,25.04184,22.2883,1012.04126,-0.07156181,-2.469346,0.7474988,84.71951,0.00057183206
2024-01-31 06:00:00,29.885284,23.078217,1013.9375,-1.6286716,-2.5017996,0.54223067,66.933815,0.015640631
2024-01-31 12:00:00,28.798004,23.863129,1010.66876,-2.9819918,-1.4705524,0.5456777,74.725204,0.0
2024-01-31 18:00:00,26.394135,24.606781,1013.0737,-2.892171,-0.2564726,0.78263044,89.927155,0.0
2024-02-01 00:00:00,25.637543,24.167786,1012.40686,0.2346611,-1.8671627,0.9966691,91.60408,0.035471436
2024-02-01 06:00:00,29.9794,24.242706,1014.5119,-1.6190577,-0.99948215,1.0000026,71.40892,0.08526462
2024-02-01 12:00:00,29.84378,24.536469,1010.7575,-3.368845,-0.14131546,0.9391047,73.24539,0.0
2024-02-01 18:00:00,26.780426,25.046753,1012.84186,-2.080822,0.44761693,0.9109499,90.24293,0.0
2024-02-02 00:00:00,25.248077,24.07309,1012.28937,-0.8796272,-1.1100254,0.9999998,93.21762,0.26979738
2024-02-02 06:00:00,30.350616,25.443695,1013.9944,-2.5218658,-0.11775589,0.93105894,75.09911,0.0
2024-02-02 12:00:00,29.76529,23.873535,1010.035,-3.2069721,-0.4226904,0.58220285,70.70884,0.0
2024-02-02 18:00:00,26.311127,24.554077,1012.68,-2.440916,0.016292572,0.95060074,90.08444,0.0
2024-02-03 00:00:00,24.799957,23.130157,1012.155,-0.52703476,-1.2275352,0.47829974,90.45379,0.00028603245
2024-02-03 06:00:00,30.515778,23.26883,1014.01373,-2.794117,-1.5461445,0.30333722,65.30389,0.012206729
2024-02-03 12:00:00,28.900177,23.203766,1011.2025,-3.7279196,-1.8498611,0.10242224,71.38947,0.0
2024-02-03 18:00:00,25.903168,23.365631,1014.58374,-2.0216923,-1.4421253,0.21208686,85.923706,0.0
2024-02-04 00:00:00,25.146454,22.441437,1013.4906,-0.28265095,-1.9688673,0.41013014,84.98085,0.0
2024-02-04 06:00:00,30.109772,22.423676,1015.95685,-2.3974924,-3.0629463,0.14875948,63.504887,0.0
2024-02-04 12:00:00,29.092072,22.59848,1012.765,-3.3631563,-2.3959665,0.6661014,68.05952,0.0
2024-02-04 18:00:00,25.427277,23.04367,1015.1525,-2.1230612,-2.1251879,0.49673563,86.68122,0.0
2024-02-05 00:00:00,25.328644,22.523987,1013.3956,-0.63743496,-2.2782707,0.3740914,84.48706,0.007628929
2024-02-05 06:00:00,29.973663,22.400604,1016.3819,-2.6835432,-2.6996145,0.22142482,63.913624,0.0
2024-02-05 12:00:00,28.760529,21.254425,1013.105,-3.1074266,-1.7491055,0.0,63.916485,0.0
2024-02-05 18:00:00,25.02304,22.102142,1015.84314,-2.115573,-1.4672756,0.024147034,83.858574,0.0
2024-02-06 00:00:00,24.311676,21.901337,1013.195,-0.21870518,-2.059185,0.36675,86.43611,0.0
2024-02-06 06:00:00,29.77481,21.831146,1015.68,-3.394371,-2.0744753,0.40553617,62.44423,0.0
2024-02-06 12:00:00,28.848541,22.409698,1011.8669,-3.6437006,-2.300006,0.09117283,68.238815,0.0
2024-02-06 18:00:00,24.545929,22.34317,1014.5569,-1.9675627,-1.7491026,0.15890503,87.55762,0.0
2024-02-07 00:00:00,23.656036,22.135712,1012.9256,-0.33656883,-1.6763506,0.8396466,91.20267,0.002097804
2024-02-07 06:00:00,29.466705,22.26175,1015.3787,-1.7788372,-1.7336788,0.26923656,65.253204,0.0
2024-02-07 12:00:00,29.140656,21.824005,1011.95123,-2.9489946,-1.4620571,0.013427734,64.74269,0.0
2024-02-07 18:00:00,24.258331,21.961914,1014.28064,-1.838748,-0.256279,0.02438736,87.034004,0.0
2024-02-08 00:00:00,23.689362,22.276276,1011.3956,0.6798649,-1.5990839,0.5351715,91.80216,0.0
2024-02-08 06:00:00,29.816193,22.9346,1014.185,-1.945632,-1.4498625,0.48115635,66.61883,9.53296e-05
2024-02-08 12:00:00,29.431427,22.988678,1010.17,-2.7334442,-1.0408068,0.19224904,68.33555,0.0
2024-02-08 18:00:00,24.445343,22.456268,1013.6925,-1.8027592,0.14129162,0.016532898,88.69404,0.0
2024-02-09 00:00:00,24.869415,23.334747,1012.2125,-0.152215,-1.12817,0.7247402,91.19984,0.0013348181
2024-02-09 06:00:00,29.926788,22.894928,1014.7394,-2.733736,-1.7757187,0.24839479,66.037575,0.0
2024-02-09 12:00:00,29.153961,22.437714,1011.27814,-3.434987,-1.572341,0.06261444,67.15734,0.0
2024-02-09 18:00:00,26.154083,23.015533,1015.0744,-2.5296926,-1.6423645,0.37995604,82.88511,9.534415e-05
2024-02-10 00:00:00,25.436249,22.747528,1014.25,-0.49098492,-1.2933073,0.21878135,85.0949,0.0155434245
2024-02-10 06:00:00,29.885773,23.382538,1015.8681,-4.154974,-1.9252062,0.32656568,68.17395,0.05779229
2024-02-10 12:00:00,29.430267,23.23703,1012.2375,-3.5644846,-1.7201843,0.15836298,69.3742,0.0
2024-02-10 18:00:00,26.118195,23.571808,1015.255,-2.7166176,-0.8161144,0.15633789,85.89881,0.0011441298
2024-02-11 00:00:00,25.108734,23.207062,1013.59375,-1.7848358,-1.8743172,0.76500845,89.21696,0.012206379
2024-02-11 06:00:00,29.717926,22.904205,1016.78876,-4.220072,-2.7555819,0.6705602,66.87348,0.0
2024-02-11 12:00:00,28.514618,22.281158,1013.40875,-3.617467,-2.6670094,0.13733703,69.03191,0.0
2024-02-11 18:00:00,24.789215,22.13144,1015.28937,-2.0802364,-1.964715,0.2665315,85.18861,0.0
2024-02-12 00:00:00,24.329254,21.293152,1013.83875,-0.35498428,-2.4138021,0.5889074,83.19209,0.0
2024-02-12 06:00:00,29.509308,21.344635,1016.04,-3.8460522,-3.0541239,0.9299434,61.547535,0.0023838314
2024-02-12 12:00:00,29.276398,22.09311,1012.46,-3.4696817,-2.3965044,0.5390334,65.29992,0.0
2024-02-12 18:00:00,25.813507,21.910675,1015.2438,-1.6079102,-2.0640783,0.47912157,79.0811,0.0
2024-02-13 00:00:00,25.292755,21.841278,1012.525,-0.37726688,-2.1710596,0.7388702,81.21977,0.007818453
2024-02-13 06:00:00,29.54422,23.638702,1014.65686,-2.3760567,-3.8405066,0.4824705,70.610085,0.11577923
2024-02-13 12:00:00,29.640656,24.509064,1011.39,-3.6642828,-2.7431116,0.49847966,73.985466,0.0
2024-02-13 18:00:00,26.612335,24.19345,1013.86127,-2.583026,-2.376996,0.38534182,86.60701,0.25969592
2024-02-14 00:00:00,25.303192,23.231506,1012.65564,-1.8836546,-2.778719,0.8755276,88.320496,0.0
2024-02-14 06:00:00,30.61734,22.986023,1014.0419,-4.0658464,-3.3267202,0.18784869,63.824726,0.0
2024-02-14 12:00:00,29.40628,22.433746,1010.71313,-3.3765745,-2.7777004,0.18113917,66.169685,0.0
2024-02-14 18:00:00,25.996246,23.518158,1013.37,-2.0103378,-1.8342905,0.13785073,86.24138,0.0
2024-02-15 00:00:00,25.538727,23.199615,1012.2344,-0.62316227,-1.9296608,0.43964416,86.92501,0.0036235692
2024-02-15 06:00:00,30.275787,23.006317,1014.07874,-3.9497213,-3.0048656,0.42435634,65.16546,0.0002858902
2024-02-15 12:00:00,29.411896,22.686676,1011.1238,-4.182558,-2.461339,0.43167096,67.172035,0.0
2024-02-15 18:00:00,26.486237,22.620178,1013.46063,-2.5649948,-1.6589565,0.44785017,79.351326,0.0
2024-02-16 00:00:00,25.393707,22.274536,1012.34564,-1.3961,-2.24959,0.2065103,82.8941,0.008201227
2024-02-16 06:00:00,30.440216,23.319794,1014.81,-3.756919,-2.6500263,0.71797514,65.7892,0.07562579
2024-02-16 12:00:00,30.056915,22.907257,1011.3325,-3.4227543,-2.7730045,0.02251999,65.594604,0.0
2024-02-16 18:00:00,26.381744,23.553009,1013.6875,-1.4701147,-2.2086105,0.022812385,84.47614,0.0
2024-02-17 00:00:00,25.664948,22.814056,1011.6375,0.14454842,-2.9874964,0.64974934,84.2864,0.0
2024-02-17 06:00:00,30.827423,21.994537,1013.0513,-3.0077562,-3.2935696,0.8787498,59.376316,0.0
2024-02-17 12:00:00,29.797638,22.728851,1009.7175,-3.8421106,-2.0396042,0.1767742,65.863655,0.0
2024-02-17 18:00:00,25.807526,23.559906,1012.6769,-1.4866648,-1.563858,0.049979255,87.43041,0.0
2024-02-18 00:00:00,24.943146,22.67276,1010.3831,-0.007089615,-1.7356539,0.6520238,87.23366,0.0
2024-02-18 06:00:00,30.82425,22.895721,1012.96625,-2.6923552,-1.6922112,0.57449126,62.73042,0.0
2024-02-18 12:00:00,29.853912,23.133148,1009.1269,-4.0534506,-0.64951515,0.76119715,67.27782,0.0
2024-02-18 18:00:00,25.8497,23.321655,1012.22565,-2.4934635,-0.42751694,0.09741628,85.96777,0.0
2024-02-19 00:00:00,24.722076,22.577332,1010.85126,-0.2541685,-1.0180769,0.52028084,87.88208,0.0001906883
2024-02-19 06:00:00,30.824738,22.856842,1013.4437,-3.1106415,0.28863037,0.26143652,62.581097,0.00038160942
2024-02-19 12:00:00,30.004059,23.104645,1009.41187,-3.51795,-0.522069,0.062421575,66.58474,0.0
2024-02-19 18:00:00,26.085297,23.569885,1012.79,-2.599268,-0.21913433,0.15014443,86.05612,0.0
2024-02-20 00:00:00,25.2919,23.101532,1010.96124,-0.4945135,-0.78177357,0.40266544,87.688194,0.0032423995
2024-02-20 06:00:00,30.836456,23.073456,1013.03125,-3.5721388,0.4248848,0.20211655,63.36473,0.0
2024-02-20 12:00:00,30.033844,22.581024,1009.16,-3.6935358,0.6039086,0.12564117,64.39501,0.0
2024-02-20 18:00:00,26.087738,22.930237,1011.9125,-2.801506,1.430108,0.041714992,82.78238,0.0
2024-02-21 00:00:00,24.156342,22.428192,1010.16437,0.70939636,0.029839396,0.5243434,90.08984,0.0005720649
2024-02-21 06:00:00,30.776154,22.71524,1011.9894,-0.96110916,1.0454246,0.19538069,62.21866,0.0
2024-02-21 12:00:00,30.75357,23.068512,1007.3306,-2.9112244,1.5810614,0.0054626465,63.646435,0.0
2024-02-21 18:00:00,26.632538,23.233856,1010.355,-2.4137897,2.255735,0.013511408,81.64857,0.0
2024-02-22 00:00:00,25.48117,23.365936,1009.6969,1.0905981,1.2021062,0.9056554,88.10323,0.0
2024-02-22 06:00:00,31.67398,24.042023,1011.7706,-0.19993782,2.7016268,0.37182456,64.04582,0.004292
2024-02-22 12:00:00,31.15982,25.299225,1008.14874,-2.7737303,2.9916582,0.85780483,71.092316,0.0077257864
2024-02-22 18:00:00,27.741486,24.731659,1011.10876,-1.170661,3.2541523,0.060753074,83.70984,0.0
2024-02-23 00:00:00,26.646698,24.733307,1010.0575,0.7964544,2.0729952,0.638769,89.2707,0.0020973384
2024-02-23 06:00:00,32.267487,24.21872,1010.8175,-0.39514065,2.437293,0.26237023,62.588863,0.009060449
2024-02-23 12:00:00,31.006134,26.126617,1007.21063,-3.572731,2.6593704,0.1755265,75.32485,0.0
2024-02-23 18:00:00,27.760529,26.24057,1010.08813,-2.2374287,2.3388023,0.19494922,91.45839,0.0
2024-02-24 00:00:00,27.548737,25.283813,1009.16,0.25467587,1.5071043,0.9425897,87.49173,0.051885843
2024-02-24 06:00:00,32.268097,25.092499,1011.5494,-2.0204067,1.7637758,0.2092182,65.94254,0.0
2024-02-24 12:00:00,30.707062,23.882172,1008.16064,-3.7065973,1.563612,0.06476593,67.02531,0.0
2024-02-24 18:00:00,26.97815,23.453094,1010.96564,-3.255908,0.93432206,0.03225708,81.071175,0.0
2024-02-25 00:00:00,26.081451,22.664948,1008.6962,-1.3271446,-0.28891754,0.47088134,81.492134,0.0
2024-02-25 06:00:00,31.027985,22.298065,1010.9519,-3.2692566,-0.36514568,0.21896434,59.79596,0.0
2024-02-25 12:00:00,29.80008,23.138214,1007.3862,-4.155778,-1.4020329,0.3383057,67.50718,0.0
2024-02-25 18:00:00,26.84024,23.176392,1010.62,-2.8592892,-1.3539524,0.39296097,80.37693,0.0015255064
2024-02-26 00:00:00,25.85672,23.311829,1009.3006,-2.4185486,-1.0751333,0.36722463,85.88105,0.078298226
2024-02-26 06:00:00,30.590607,23.797821,1011.83185,-5.061672,-1.7501221,0.42951542,67.13175,0.05835785
2024-02-26 12:00:00,30.335114,23.694427,1008.42,-4.1557283,-2.9442024,0.24076974,67.69858,0.0
2024-02-26 18:00:00,27.367035,24.00943,1011.7075,-3.6504364,-2.6738682,0.1816284,81.94095,0.0
2024-02-27 00:00:00,26.703766,23.472717,1009.9944,-1.5264301,-2.9396973,0.7462554,82.48761,0.016782433
2024-02-27 06:00:00,31.423615,23.50943,1012.34814,-5.170925,-2.9774122,0.8785996,62.914467,0.0
2024-02-27 12:00:00,30.168854,23.274078,1009.09814,-3.516223,-3.4389896,0.5658364,66.63648,0.0
2024-02-27 18:00:00,26.643036,23.94394,1011.60565,-2.1275969,-2.0233383,0.35284907,85.16514,0.0
2024-02-28 00:00:00,25.82309,24.069427,1009.9581,0.13457108,-2.7593803,0.280739,90.06847,0.004004687
2024-02-28 06:00:00,30.774933,23.408722,1011.6937,-3.6666155,-3.5470343,0.32402313,64.888855,0.0017173588
2024-02-28 12:00:00,30.388336,22.609772,1008.2656,-3.6764326,-2.161191,0.008003235,63.208836,0.0
2024-02-28 18:00:00,26.211823,23.933746,1010.89813,-1.797411,-1.8944921,0.044418335,87.30586,0.0
2024-02-29 00:00:00,25.561188,23.435394,1008.9869,0.22780704,-2.506709,0.63990396,88.0538,0.0
2024-02-29 06:00:00,31.4263,23.173126,1012.2531,-3.5531502,-1.7504883,0.3597076,61.640663,0.00028614886
2024-02-29 12:00:00,30.970245,22.523956,1008.815,-3.2391424,-1.1361341,0.5052129,60.822723,0.0
2024-02-29 18:00:00,26.465363,24.127228,1012.6094,-1.8727293,-1.2685299,0.84974366,87.01413,0.0
2024-03-01 00:00:00,26.008087,24.136444,1010.51874,0.10726261,-2.2214556,0.9996032,89.44622,9.5460564e-05
2024-03-01 06:00:00,31.586334,22.225006,1013.04626,-4.260741,-1.8991375,0.9943237,57.66871,0.0
2024-03-01 12:00:00,30.860382,22.432037,1009.6844,-3.4437208,-1.4884825,0.98448473,60.864437,0.0
2024-03-01 18:00:00,26.485138,24.592194,1012.7344,-1.9300299,-0.5549011,0.9989694,89.36772,0.0
2024-03-02 00:00:00,26.461945,24.502533,1010.6219,0.09695339,-0.61441326,0.9838258,89.011314,9.53296e-05
2024-03-02 06:00:00,31.412018,22.929962,1012.85565,-0.91781235,-0.37246037,0.88260436,60.78984,0.0
2024-03-02 12:00:00,31.339264,22.665192,1008.45,-3.5296774,-0.06271553,0.7253777,60.07011,0.0
2024-03-02 18:00:00,26.647186,23.757599,1011.65936,-2.944623,0.6305815,0.0035858154,84.195526,0.0
2024-03-03 00:00:00,24.901947,23.325195,1009.8169,-0.9373598,-0.95758533,0.42724967,90.970505,0.0
2024-03-03 06:00:00,31.247833,22.912445,1012.4375,-2.692235,-0.10792345,0.38268465,61.295395,0.0
2024-03-03 12:00:00,30.789215,21.95877,1007.9356,-3.7146406,0.3787229,0.0,59.37638,0.0
2024-03-03 18:00:00,25.651764,23.087189,1010.9938,-1.7851534,0.90626067,0.0011901855,85.758835,0.0
2024-03-04 00:00:00,24.72995,22.486237,1009.845,0.19828987,-0.27219582,0.5364628,87.356064,0.0
2024-03-04 06:00:00,30.563507,22.268768,1011.7531,-1.7629442,-0.179308,0.25386792,61.294407,0.0
2024-03-04 12:00:00,30.413239,22.37149,1008.2369,-3.4693394,0.5106964,0.20343018,62.211567,0.0
2024-03-04 18:00:00,25.980865,22.517212,1011.72626,-2.7977858,0.42226583,0.013244629,81.246605,0.0
2024-03-05 00:00:00,24.398285,22.002655,1009.89685,0.5940819,-0.24334812,0.64629817,86.52187,0.0
2024-03-05 06:00:00,30.63321,22.436554,1011.65936,-1.9607792,0.106289744,0.73559165,61.67666,0.0
2024-03-05 12:00:00,30.457184,22.350006,1008.1213,-3.500762,0.91670346,0.9999985,61.97415,0.0
2024-03-05 18:00:00,25.970612,23.052032,1011.5769,-1.8664722,0.51254576,0.91689664,83.9748,0.0
2024-03-06 00:00:00,25.660614,22.816315,1009.6144,0.2735653,-0.119594574,0.994909,84.31961,9.534415e-05
2024-03-06 06:00:00,30.665558,22.139343,1012.0037,-1.3336182,0.41024864,0.9878738,60.45936,0.0
2024-03-06 12:00:00,30.721344,22.326324,1008.185,-3.2490044,0.95916027,0.1275757,60.95672,0.0
2024-03-06 18:00:00,26.073944,23.249237,1010.865,-2.7410507,1.0484436,0.9728932,84.46391,0.0
2024-03-07 00:00:00,24.12619,22.411713,1009.27374,0.4895773,0.3373797,0.99856615,90.16264,0.0
2024-03-07 06:00:00,31.535675,22.519196,1011.0731,-1.1223497,0.6571826,0.91278636,58.878826,0.0
2024-03-07 12:00:00,31.308868,22.044342,1007.1256,-3.0992785,1.4586135,0.11898804,57.944405,0.0
2024-03-07 18:00:00,25.246552,22.784882,1010.7512,-1.7220964,0.38854122,0.5664005,86.25544,0.0
2024-03-08 00:00:00,25.682648,23.206146,1008.9475,0.10808468,0.434156,0.33377975,86.219696,0.0
2024-03-08 06:00:00,32.044342,23.032257,1011.29626,-0.9486389,2.4446545,0.5155239,59.01183,0.0
2024-03-08 12:00:00,32.046417,23.258331,1007.2125,-2.708397,2.2482915,0.06235504,59.816887,0.0
2024-03-08 18:00:00,26.811066,24.48764,1010.8125,-2.2971992,2.6033754,0.021438599,87.12195,0.0
2024-03-09 00:00:00,25.721588,24.146332,1008.7225,0.36209488,0.115975976,0.8270648,91.03125,0.0
2024-03-09 06:00:00,32.42581,23.77414,1010.97314,-0.94909954,1.2476068,0.18404794,60.396915,0.0
2024-03-09 12:00:00,31.657623,23.616241,1007.515,-4.3378725,0.99701583,0.20766902,62.484463,0.0
2024-03-09 18:00:00,27.900055,24.89743,1011.2444,-3.3051453,1.2044067,0.18066508,83.76335,0.0
2024-03-10 00:00:00,26.52121,23.95523,1010.6769,-0.98208714,0.70962846,0.45124206,85.836914,0.0
2024-03-10 06:00:00,32.626617,22.59375,1012.9938,-1.9936924,1.4023771,0.17063558,55.604816,0.0
2024-03-10 12:00:00,32.044952,21.408173,1009.53125,-4.048731,-0.2774248,0.0041246414,53.454494,0.0
2024-03-10 18:00:00,26.964508,24.464447,1013.5681,-3.3570633,-0.28036976,0.005051838,86.21979,0.0
2024-03-11 00:00:00,25.938751,23.573822,1012.1394,-1.5116873,-0.3640623,0.20351852,86.8262,0.0
2024-03-11 06:00:00,32.56436,22.953033,1014.41565,-2.8086395,0.111309946,0.22463018,57.029076,0.0
2024-03-11 12:00:00,31.377106,22.141754,1010.58685,-3.5844898,0.6213511,0.017546538,58.06352,0.0
2024-03-11 18:00:00,26.628418,24.183075,1014.1912,-1.9804659,0.6947649,0.25038147,86.47114,0.0
2024-03-12 00:00:00,26.077057,23.207977,1012.23315,0.09462547,-0.09352934,0.9168254,84.2381,0.0
2024-03-12 06:00:00,32.651764,22.456696,1013.60376,-1.8964081,0.82350385,0.09729108,55.06575,0.0
2024-03-12 12:00:00,31.236237,21.783783,1009.8544,-3.6726046,1.2055769,0.0,57.266712,0.0
2024-03-12 18:00:00,26.014069,23.933136,1012.47375,-1.6449423,1.3468823,0.038124084,88.329506,0.0
2024-03-13 00:00:00,25.104584,23.811493,1010.5669,0.28675842,0.8835302,0.8879496,92.551025,0.0
2024-03-13 06:00:00,32.453278,22.681183,1012.4125,-0.83690643,2.3062916,0.21949703,56.44987,0.0
2024-03-13 12:00:00,31.960968,21.711945,1008.15814,-2.8079805,2.7161875,0.42052722,54.716873,0.0
2024-03-13 18:00:00,27.048859,23.582428,1011.785,-2.434124,2.062493,0.5631298,81.36713,0.0
2024-03-14 00:00:00,24.953583,22.814453,1010.5175,0.5882845,1.1624614,0.74533486,87.93168,0.0
2024-03-14 06:00:00,32.81241,21.246979,1011.8931,-0.23655981,1.4415065,0.009881496,50.684917,0.0
2024-03-14 12:00:00,32.27823,22.235382,1007.59814,-3.472478,1.4741753,0.028671265,55.486935,0.0
2024-03-14 18:00:00,27.140594,22.135345,1010.42,-2.0867834,1.5384134,0.06201935,74.13685,0.0
2024-03-15 00:00:00,25.279083,22.57193,1009.4325,0.89121246,0.53441375,0.36847848,84.98355,0.0
2024-03-15 06:00:00,32.675446,22.690948,1010.965,-0.4980421,1.228729,0.17691776,55.780064,0.0
2024-03-15 12:00:00,32.093536,24.462677,1007.26685,-3.6958523,2.3330803,0.0019960403,64.1383,0.0
2024-03-15 18:00:00,27.70279,25.138031,1010.98627,-2.2348719,2.220764,0.03836002,85.957954,0.0
2024-03-16 00:00:00,27.518402,24.815826,1009.3156,-1.5149126,3.1993022,0.53156465,85.23627,0.00057183206
2024-03-16 06:00:00,33.038727,23.879852,1011.3756,-1.6260757,2.2042522,0.17330657,58.719604,0.003911335
2024-03-16 12:00:00,31.883453,25.222443,1007.6375,-3.8391848,1.9431095,0.028663635,67.91731,0.0
2024-03-16 18:00:00,27.588257,24.536804,1010.72815,-2.8544884,0.7584304,0.004911772,83.48477,0.0
2024-03-17 00:00:00,26.164246,23.757996,1009.8013,-1.7873192,1.2995746,0.16737008,86.63119,0.00076263683
2024-03-17 06:00:00,32.056305,23.216156,1012.0719,-2.6616592,1.3382871,0.28637952,59.631283,0.0
2024-03-17 12:00:00,31.312897,22.808136,1008.4281,-3.6406107,1.2683482,0.0,60.68408,0.0
2024-03-17 18:00:00,25.624176,23.232544,1011.7381,-2.2356186,0.015569627,0.0011100769,86.65747,0.0
2024-03-18 00:00:00,25.32962,22.716766,1009.52374,-1.6201248,-0.30742073,0.34167123,85.476425,0.0
2024-03-18 06:00:00,32.294952,22.211761,1012.02374,-2.3845577,0.7966777,0.19387704,55.354874,0.0
2024-03-18 12:00:00,31.74405,22.55423,1007.4931,-3.218277,1.4295912,0.0,58.310326,0.0
2024-03-18 18:00:00,26.010529,23.387909,1010.7569,-2.0830212,1.0719213,0.0,85.49421,0.0
2024-03-19 00:00:00,24.579254,22.82904,1009.0506,-1.3394537,-0.8192568,0.4926895,89.99926,0.0
2024-03-19 06:00:00,32.549347,22.669952,1010.8125,-2.4230042,0.671402,0.095838904,56.10648,0.0
2024-03-19 12:00:00,31.34732,22.821075,1007.8787,-4.2989464,1.0375843,0.0,60.61284,0.0
2024-03-19 18:00:00,26.285309,23.299377,1010.8019,-2.407176,0.7752036,0.0,83.668365,0.0
2024-03-20 00:00:00,25.10434,22.802734,1009.025,0.040203094,-0.89158916,0.1938324,87.083145,0.0
2024-03-20 06:00:00,32.37564,21.970978,1010.82935,-2.2287636,0.713824,0.13283761,54.300552,0.0
2024-03-20 12:00:00,31.378815,23.771515,1007.64124,-4.6948824,0.7208735,0.005012512,64.07855,0.0
2024-03-20 18:00:00,27.429108,24.743835,1010.60565,-3.2899446,-0.036382735,0.014289856,85.315384,0.0
2024-03-21 00:00:00,26.946014,23.504944,1009.2537,-2.7311268,-1.4324102,0.23159873,81.478775,0.023834407
2024-03-21 06:00:00,31.65384,24.22757,1010.78687,-3.9829092,-0.36353588,0.31271034,64.837006,0.15727696
2024-03-21 12:00:00,31.048859,25.18515,1007.3787,-4.1959944,-0.9531574,0.38941568,71.059296,0.0
2024-03-21 18:00:00,27.811829,25.272705,1009.9269,-2.5281086,-0.81560516,0.10268339,86.09972,0.0
2024-03-22 00:00:00,26.726868,24.474548,1007.73315,-1.8639412,-1.3105536,0.34455526,87.48608,0.018876083
2024-03-22 06:00:00,32.269196,23.95694,1009.3275,-3.628765,-1.595684,0.18674815,61.60704,0.024420217
2024-03-22 12:00:00,31.674347,24.140167,1005.96,-4.43672,-0.56979275,0.17450435,64.42291,0.0
2024-03-22 18:00:00,27.77768,25.01889,1008.59436,-2.461403,0.46076155,0.11661668,84.97727,0.0
2024-03-23 00:00:00,26.351776,24.147919,1006.8606,-0.5150633,-0.9596329,0.56445646,87.70807,0.0013348036
2024-03-23 06:00:00,32.697052,23.415558,1009.4525,-2.2653713,-0.5359621,0.30948162,58.208794,0.0011448427
2024-03-23 12:00:00,31.758942,24.092316,1006.11127,-4.306058,0.82394004,0.0,63.930542,0.0
2024-03-23 18:00:00,27.447174,24.259796,1010.0444,-2.2441483,0.6252477,0.26501012,82.79186,0.0
2024-03-24 00:00:00,25.683502,23.660309,1008.71,-1.155962,-0.36569214,0.9412577,88.61008,0.0003813766
2024-03-24 06:00:00,32.66336,22.942352,1011.59875,-2.5357141,0.4887336,0.70951766,56.675022,0.0
2024-03-24 12:00:00,31.936554,22.282257,1007.89374,-3.6031065,-0.2566328,0.5474897,56.731693,0.0
2024-03-24 18:00:00,26.725677,24.02835,1011.3894,-2.174697,-0.36419773,0.03168106,85.18261,0.0
2024-03-25 00:00:00,25.793243,23.289764,1009.3106,-0.39700127,-0.7068968,0.44998074,86.0899,0.0
2024-03-25 06:00:00,31.804718,22.68814,1011.1831,-2.3393164,-0.3721571,0.2637462,58.584244,0.0
2024-03-25 12:00:00,31.265167,22.206085,1008.2619,-4.290228,-0.69023705,0.0011100769,58.66395,0.0
2024-03-25 18:00:00,26.461334,23.304108,1011.215,-1.9257126,-0.30457747,0.037857056,82.82734,0.0
2024-03-26 00:00:00,25.843658,22.790466,1009.995,-1.1420078,-0.76794624,0.5117585,83.27891,0.0011441298
2024-03-26 06:00:00,32.095734,21.05722,1011.9025,-2.6055164,-0.026633263,0.08685303,52.16602,0.0
2024-03-26 12:00:00,31.636505,21.104279,1008.79877,-4.2393236,0.27061456,0.0,53.696663,0.0
2024-03-26 18:00:00,27.021149,23.379486,1012.60626,-2.2433624,0.95360124,0.0,80.508316,0.0
2024-03-27 00:00:00,26.359589,23.759247,1011.7469,-0.21819592,-1.222228,0.48531038,85.64384,0.04444291
2024-03-27 06:00:00,31.460968,24.930634,1013.72565,-3.1808233,0.0015502572,0.7482797,68.36652,0.11005233
2024-03-27 12:00:00,31.71939,25.318024,1009.98315,-3.972313,1.4954698,0.1947509,68.94314,0.0
2024-03-27 18:00:00,28.228088,24.985168,1012.1956,-1.4417448,0.043218017,0.30291277,82.608345,0.0
2024-03-28 00:00:00,27.121735,24.87622,1010.59625,-1.280858,-0.011236191,0.26658922,87.555954,0.0
2024-03-28 06:00:00,33.49881,24.434296,1011.1906,-1.8552942,0.2628206,0.12765585,59.158833,0.00057241414
2024-03-28 12:00:00,33.11331,23.453888,1007.03625,-3.8620634,0.61949444,0.0718214,56.993187,0.0
2024-03-28 18:00:00,27.991943,25.124786,1010.5081,-2.4800491,1.3024238,0.008895874,84.452545,0.0
2024-03-29 00:00:00,26.786072,24.700409,1008.65063,-1.1818752,1.3138409,0.3006233,88.3674,0.0
2024-03-29 06:00:00,33.797394,23.310333,1010.6925,-1.384964,1.769861,0.10410088,54.376835,0.0005727634
2024-03-29 12:00:00,32.769684,23.662384,1007.34564,-3.4494352,2.0501733,0.0006656647,58.840076,0.0
2024-03-29 18:00:00,27.558685,24.6044,1010.46436,-1.4582405,1.4170756,0.0,83.96811,0.0
2024-03-30 00:00:00,27.318512,24.673645,1009.76685,-0.21315002,1.1937269,0.5471866,85.51053,0.0
2024-03-30 06:00:00,33.63211,22.379059,1011.3,-1.7445583,1.3498746,0.88662326,51.870667,0.0
2024-03-30 12:00:00,32.36258,22.432404,1008.3306,-3.743929,1.8496058,0.8777058,55.88895,0.0
2024-03-30 18:00:00,27.866058,25.283356,1011.7556,-2.3911076,1.9745944,0.9099634,85.88197,0.0
2024-03-31 00:00:00,27.643036,25.254364,1011.21875,-1.1824675,1.1793331,0.5452426,86.85819,0.065895766
2024-03-31 06:00:00,32.753326,26.050446,1012.65125,-2.12996,1.741724,0.5250441,67.91665,0.06437634
2024-03-31 12:00:00,32.82315,25.031403,1008.27875,-3.467722,1.5301625,0.0846405,63.67785,0.0
2024-03-31 18:00:00,28.795166,25.74936,1010.41376,-2.4322758,1.1192255,0.01871872,83.64712,0.0
2024-04-01 00:00:00,28.014374,25.311768,1009.0081,-0.3453722,1.1974895,0.4076907,85.28617,0.004388392
2024-04-01 06:00:00,34.21585,24.433838,1010.0419,-1.349824,1.6724329,0.26706973,56.83421,0.053120777
2024-04-01 12:00:00,33.048615,25.838287,1005.59375,-4.0324516,2.2017975,0.044750214,65.963974,0.0
2024-04-01 18:00:00,28.979675,25.518646,1008.59314,-1.6783972,1.6960511,0.00014638901,81.632515,0.0
2024-04-02 00:00:00,27.492523,24.665466,1006.61127,1.0839539,0.59903765,0.55171067,84.60213,0.0
2024-04-02 06:00:00,34.205597,24.322174,1007.93,-1.4155235,1.8615725,0.14058597,56.48758,0.00028614886
2024-04-02 12:00:00,33.490387,24.513336,1003.6794,-3.741516,2.119183,0.1121617,59.467434,0.0
2024-04-02 18:00:00,29.013916,26.203522,1007.64185,-2.5698595,3.2193394,0.1606662,84.844345,0.0
2024-04-03 00:00:00,28.360779,26.226074,1007.72186,-0.15329361,2.3391635,0.73085696,88.23846,0.10166386
2024-04-03 06:00:00,34.54019,24.833832,1009.0575,-0.37185365,2.6322365,0.65151095,57.1683,0.0
2024-04-03 12:00:00,33.71109,25.345367,1004.64185,-3.4999943,2.6128063,0.31777954,61.72625,0.0
2024-04-03 18:00:00,29.417023,26.42752,1008.09564,-1.5831146,2.9923706,0.3757019,83.99423,0.00019092113
2024-04-04 00:00:00,29.054474,26.138184,1007.54315,0.30513096,1.683537,0.22098929,84.31923,0.030132942
2024-04-04 06:00:00,34.313995,25.169098,1009.3606,-1.9292431,1.980444,0.7480272,59.06118,0.0
2024-04-04 12:00:00,33.780426,25.396881,1005.1281,-3.294857,1.4663312,0.7546825,61.676033,0.0
2024-04-04 18:00:00,28.910034,26.556305,1008.34686,-1.287755,2.6963854,0.3336187,87.15182,0.0
2024-04-05 00:00:00,29.21466,26.546173,1007.0519,1.6299567,0.48820364,0.9317462,85.57819,0.0070557
2024-04-05 06:00:00,35.473663,23.173065,1008.66626,-1.5462713,1.4362528,0.63616127,49.132355,0.0
2024-04-05 12:00:00,33.716705,25.996613,1004.3175,-3.3111935,2.2342043,0.43100542,64.137566,0.0
2024-04-05 18:00:00,28.580353,26.054535,1007.09686,-1.8094349,1.5448074,0.28878784,86.24075,0.0
2024-04-06 00:00:00,29.043121,26.023926,1006.0012,0.26374245,2.1870966,0.91648215,83.806404,0.020219013
2024-04-06 06:00:00,35.020294,23.903595,1007.7944,-0.70756626,1.959096,0.17191121,52.64806,0.0
2024-04-06 12:00:00,34.55606,23.802887,1003.6375,-2.9023666,2.6038008,0.2775421,53.69585,0.0
2024-04-06 18:00:00,28.49527,25.236725,1006.72186,-1.8649836,2.1548128,0.0,82.562775,0.0
2024-04-07 00:00:00,27.40097,25.045074,1005.9994,1.0731058,0.69283205,0.009857178,87.006,0.0
2024-04-07 06:00:00,35.56961,23.958893,1007.1931,-0.3146032,1.8089247,0.050064523,51.24302,0.0
2024-04-07 12:00:00,34.551422,25.283356,1003.1719,-3.5094109,2.7088099,0.74676555,58.683872,0.0
2024-04-07 18:00:00,28.72998,26.745758,1006.6262,-1.3007717,2.9242525,0.909111,89.05418,0.0
2024-04-08 00:00:00,28.960846,26.222565,1006.22,0.02266407,2.1321392,0.9375589,85.201225,0.0026710331
2024-04-08 06:00:00,34.98709,24.47757,1008.2369,-2.4257908,2.713871,0.27738953,54.592617,0.0
2024-04-08 12:00:00,33.375275,26.49405,1005.8063,-3.7466745,1.5603769,0.26882285,67.3251,0.0
2024-04-08 18:00:00,28.536133,26.378052,1008.99,-3.0850706,0.67192066,0.24422278,88.13112,0.0
2024-04-09 00:00:00,28.186829,24.87909,1007.8744,-2.324564,0.0040245056,0.77309173,82.284676,0.003909789
2024-04-09 06:00:00,33.12857,23.799103,1009.48,-3.6371145,-0.11695671,0.7415307,58.140915,0.0
2024-04-09 12:00:00,32.02896,23.9617,1005.97375,-4.3424673,-0.9348068,0.6660314,62.46779,0.0
2024-04-09 18:00:00,28.58487,24.80066,1009.46124,-2.5393143,-0.45439434,0.123336494,80.02665,0.0
2024-04-10 00:00:00,27.53543,24.034973,1008.3706,-0.7926111,-1.4597387,0.69500774,81.26165,0.0
2024-04-10 06:00:00,33.796417,22.893768,1009.72437,-3.0325584,-1.5041275,0.40504146,53.02697,0.0
2024-04-10 12:00:00,32.650543,23.666046,1005.97375,-4.3268356,-0.2969303,0.0018234253,59.2494,0.0
2024-04-10 18:00:00,28.698883,24.918793,1008.91,-1.2475958,-0.85703754,0.87409043,80.061386,0.0
2024-04-11 00:00:00,28.308685,24.638153,1008.0094,-0.29931355,-1.4995785,0.8913495,80.53577,0.013349578
2024-04-11 06:00:00,33.7023,24.141083,1009.65564,-3.6418638,-0.366477,0.9000052,57.469856,0.0
2024-04-11 12:00:00,32.639923,25.97873,1005.96,-4.8097095,-0.07288265,0.40872234,68.062515,0.0
2024-04-11 18:00:00,29.088226,25.599365,1009.66876,-3.1983585,0.4947809,0.8088635,81.51109,0.04244494
2024-04-12 00:00:00,28.32193,25.584106,1008.0687,-1.746151,-1.5682058,0.977347,85.138916,0.33558014
2024-04-12 06:00:00,33.180206,25.80191,1009.96875,-2.6962433,0.33893204,0.96441734,65.33719,0.0
2024-04-12 12:00:00,31.113983,24.453278,1007.2019,-3.844263,0.2897942,0.9294004,67.76916,0.0
2024-04-12 18:00:00,29.150818,25.967377,1009.2975,-1.8824081,0.4868985,0.9750729,83.00767,0.052057207
2024-04-13 00:00:00,28.582306,25.635498,1007.91437,0.10572815,0.020599663,0.9910519,84.116486,0.043676622
2024-04-13 06:00:00,33.858673,24.589508,1010.14,-2.5939302,-0.31220436,0.9349945,58.520824,0.03273005
2024-04-13 12:00:00,32.779938,25.458893,1006.0625,-3.4686298,-0.5344219,0.37630504,65.477776,0.0
2024-04-13 18:00:00,28.993652,26.302399,1009.2475,-2.3119917,-0.61870193,0.8038855,85.4415,0.0
2024-04-14 00:00:00,28.222382,25.082947,1007.775,-1.8969641,-1.4122763,0.5527464,83.118835,0.00963104
2024-04-14 06:00:00,33.555695,23.411896,1010.27313,-3.588233,-1.5583887,0.97738,55.45598,0.0
2024-04-14 12:00:00,32.074127,23.648834,1006.7556,-3.977829,-1.2661247,0.9579909,61.146538,0.0
2024-04-14 18:00:00,28.8768,25.77658,1009.71875,-1.9637938,-0.56134796,0.96082467,83.3868,0.0009536743
2024-04-15 00:00:00,28.628998,25.718842,1008.5581,-1.261982,-1.4865694,0.8793875,84.30458,0.020213425
2024-04-15 06:00:00,32.803986,25.658966,1010.89813,-3.0903053,-0.7952938,0.9631161,66.17059,0.18330245
2024-04-15 12:00:00,32.773346,25.93686,1007.0712,-4.7620487,0.16386414,0.36010182,67.385605,0.0
2024-04-15 18:00:00,29.132263,26.267029,1009.7925,-1.4792967,-0.09850919,0.66658974,84.582214,0.0016209669
2024-04-16 00:00:00,27.223663,25.570465,1008.37,0.026387215,-0.38519573,0.595422,90.7058,0.0035287812
2024-04-16 06:00:00,33.830597,23.051056,1009.64435,-2.1975517,0.5334285,0.9075462,53.432106,0.0
2024-04-16 12:00:00,33.21158,23.670319,1005.9875,-3.328783,1.8043389,0.75860596,57.42373,0.0
2024-04-16 18:00:00,28.417084,26.212616,1008.53815,-2.0099201,1.6801958,0.7975277,87.88016,0.0
2024-04-17 00:00:00,27.077423,25.911346,1007.64874,0.8612642,1.0179478,0.9218325,93.35548,0.0
2024-04-17 06:00:00,34.34915,24.063751,1008.2606,-0.771183,1.8173975,0.8424641,55.175774,0.0
2024-04-17 12:00:00,34.01126,25.2128,1004.6925,-2.858223,1.877724,0.91774577,60.22286,0.0
2024-04-17 18:00:00,29.381866,26.495941,1007.7944,-1.1403933,3.1880007,0.916837,84.50515,0.0
2024-04-18 00:00:00,28.15036,26.283966,1006.3875,1.1843451,2.2561827,0.7071469,89.631676,0.011632219
2024-04-18 06:00:00,35.411163,23.065704,1007.14124,-0.17038822,2.2200737,0.8056721,48.983227,0.0
2024-04-18 12:00:00,33.690826,25.386383,1002.9231,-2.8663054,3.4188871,0.84200567,61.947147,0.0
2024-04-18 18:00:00,30.17984,26.450714,1006.2019,-0.6979008,3.8858252,0.57199407,80.497086,0.0
2024-04-19 00:00:00,29.667694,26.557098,1004.76,1.1944792,1.2973988,0.97939044,83.42406,0.0013350509
2024-04-19 06:00:00,35.643463,24.813507,1005.26373,-0.24757862,2.458758,0.9276229,53.715046,0.0
2024-04-19 12:00:00,34.234528,26.957184,1001.2775,-2.6009045,3.7939243,0.68087274,65.94166,0.0
2024-04-19 18:00:00,30.883759,27.702911,1005.1,-0.9187994,4.0553904,0.8528972,83.21667,9.534415e-05
2024-04-20 00:00:00,30.200745,27.452423,1003.59814,0.5288315,2.0352063,0.6898173,85.27534,0.0033375109
2024-04-20 06:00:00,35.9628,25.092316,1005.5619,-1.0287628,2.0356526,0.5866918,53.663307,0.0
2024-04-20 12:00:00,33.718903,27.161041,1001.68,-3.0650187,2.9880114,0.7151343,68.68443,0.0
2024-04-20 18:00:00,31.067963,27.350433,1005.4906,-2.1561384,3.058692,0.7295023,80.66574,0.0
2024-04-21 00:00:00,29.371643,26.895111,1004.84436,-0.16775513,1.7561059,0.45495516,86.56566,0.092603266
2024-04-21 06:00:00,35.328156,25.776764,1005.9575,-1.626895,1.6870965,0.25527522,57.88214,0.0
2024-04-21 12:00:00,34.37625,26.608795,1003.0613,-3.5620823,2.3410027,0.13513911,64.09587,0.0
2024-04-21 18:00:00,30.098541,26.531952,1006.34,-2.0631313,2.8149014,0.015716553,81.26191,0.0
2024-04-22 00:00:00,29.764404,26.051575,1005.52936,0.7967758,0.6602628,0.913708,80.5211,0.008774921
2024-04-22 06:00:00,35.424713,24.549591,1007.285,-1.5255518,1.1911734,0.121556625,53.51677,0.0
2024-04-22 12:00:00,33.73831,26.628448,1003.91815,-3.9769945,1.6137831,0.57522583,66.495026,0.0
2024-04-22 18:00:00,29.681458,26.191528,1007.0,-1.9347229,2.3143659,0.057146333,81.57884,0.0
2024-04-23 00:00:00,28.039825,25.927765,1005.1325,0.18544006,0.43990177,0.9406169,88.33056,0.0011445954
2024-04-23 06:00:00,34.77652,23.397552,1006.65814,-1.7835112,1.2739315,0.26212174,51.762688,0.0
2024-04-23 12:00:00,33.649323,24.886139,1002.6,-3.4129038,2.0855064,0.5598499,60.26839,0.0
2024-04-23 18:00:00,28.963287,25.516632,1005.8794,-2.0521984,1.2128711,0.87217665,81.70026,0.0
2024-04-24 00:00:00,28.149445,24.889221,1004.6756,1.5202408,0.30652225,0.89624465,82.5139,0.0
2024-04-24 06:00:00,35.03238,23.977692,1006.3063,-1.6241608,0.7054944,0.13806036,52.84763,0.0
2024-04-24 12:00:00,33.7659,26.66336,1002.5681,-3.1178017,2.253995,0.020381927,66.529205,0.0
2024-04-24 18:00:00,29.00058,26.144806,1006.16125,-1.0598764,1.6987615,0.0,84.61573,0.0
2024-04-25 00:00:00,29.011017,27.463348,1004.6319,-0.51585865,0.8725174,0.9275327,91.38515,0.0057215802
2024-04-25 06:00:00,35.11783,25.574005,1006.47375,-2.723503,2.0228453,0.31540275,57.859444,0.0
2024-04-25 12:00:00,33.69583,26.10257,1003.5831,-3.4817734,2.3518372,0.030533198,64.61626,0.0
2024-04-25 18:00:00,29.050781,26.342926,1005.85187,-1.0547256,1.4723527,0.9240622,85.36348,0.0
2024-04-26 00:00:00,27.81189,26.019379,1004.47186,0.33167362,1.161608,0.41881877,89.999725,0.0
2024-04-26 06:00:00,34.89688,24.511627,1006.5125,-2.5463476,1.8531866,0.35514337,54.978226,0.0
2024-04-26 12:00:00,33.735992,24.008453,1002.95685,-3.5591278,1.6208348,0.9499967,56.906742,0.0
2024-04-26 18:00:00,28.656708,25.008636,1005.60876,-1.8171215,1.2200266,0.95066375,80.688705,0.0
2024-04-27 00:00:00,28.390411,25.266876,1004.6887,-0.3655939,0.86664313,0.98957944,83.21665,0.0001906883
2024-04-27 06:00:00,34.70108,24.338043,1006.6831,-2.6547384,1.7971854,0.45821077,55.00413,0.0
2024-04-27 12:00:00,33.96866,24.56485,1002.7675,-3.7168198,1.4125202,0.56134737,58.076756,0.0
2024-04-27 18:00:00,28.961212,25.879303,1006.66,-1.7894115,1.7570913,0.14143983,83.48676,0.0
2024-04-28 00:00:00,27.795807,25.286713,1004.9263,0.45783043,-0.17586899,0.87773514,86.25217,0.0
2024-04-28 06:00:00,35.257843,24.735138,1006.6188,-1.4607592,2.4383106,0.96788174,54.615147,0.0
2024-04-28 12:00:00,33.934723,25.592804,1003.5825,-3.673645,1.6119075,0.96083194,61.862446,0.0
2024-04-28 18:00:00,29.832184,27.429047,1007.48126,-2.602747,2.0160043,0.9118335,86.981125,0.0
2024-04-29 00:00:00,29.187347,26.723846,1006.89374,-0.59037876,1.50666,0.9285018,86.615105,0.0001899898
2024-04-29 06:00:00,35.87735,24.436005,1008.1337,-2.4228468,2.2108345,0.6177966,51.84369,9.313226e-07
2024-04-29 12:00:00,34.397614,25.697174,1003.6775,-4.0317726,0.9974321,0.90924066,60.661106,0.0
2024-04-29 18:00:00,30.279877,27.246552,1007.1456,-1.9036083,2.451315,0.95090276,83.87139,0.0
2024-04-30 00:00:00,29.673798,26.161041,1005.32623,0.79943657,1.1641351,0.6382088,81.46791,0.016019432
2024-04-30 06:00:00,36.459137,24.709686,1006.7875,-1.0307064,2.7673016,0.8895085,51.041298,0.0
2024-04-30 12:00:00,35.133453,26.099518,1002.3631,-3.4636936,3.1486158,0.90044355,59.637768,0.0
2024-04-30 18:00:00,30.929749,27.044342,1006.01685,0.38051224,4.5138407,0.95195794,79.85743,0.0021010637
2024-05-01 00:00:00,29.977356,25.824493,1003.4881,2.137946,2.6890078,0.22327876,78.47867,0.0
2024-05-01 06:00:00,37.368317,24.431427,1003.84436,1.0477155,2.353632,0.8102305,47.76531,0.0
2024-05-01 12:00:00,36.778717,26.562164,999.6188,-2.0048018,4.293812,0.81040406,55.983597,0.0
2024-05-01 18:00:00,31.36673,27.481537,1003.59436,-0.06824398,5.0882998,0.8924023,79.91605,0.0
2024-05-02 00:00:00,30.90976,27.172333,1003.29065,1.0040828,3.4584866,0.7417749,80.55149,0.0036237761
2024-05-02 06:00:00,37.345367,25.336517,1004.2512,0.4980383,4.144537,0.8146407,50.479137,0.0
2024-05-02 12:00:00,35.2919,26.684235,1001.8225,-1.8464956,4.8251543,0.7198376,61.192554,0.0
2024-05-02 18:00:00,30.95456,28.268707,1004.93,0.8145591,3.66891,0.7884159,85.66132,0.0
2024-05-03 00:00:00,30.207123,27.535492,1002.9894,1.7203627,2.4818287,0.99861467,85.65962,0.0
2024-05-03 06:00:00,36.56241,25.906525,1005.4175,0.83754766,4.156848,0.9919184,54.49827,0.0
2024-05-03 12:00:00,35.223663,25.619781,1002.6744,-1.7436352,4.8205585,0.99175435,57.67804,0.0
2024-05-03 18:00:00,31.091827,27.262238,1006.27374,0.34501237,4.663516,0.9928157,80.140724,0.0
2024-05-04 00:00:00,30.462921,27.21408,1004.53186,1.043516,2.5551224,0.8838642,82.83838,0.0
2024-05-04 06:00:00,37.081085,25.107391,1005.9344,0.90233505,3.123086,0.8869385,50.51828,0.0
2024-05-04 12:00:00,36.333405,23.638702,1001.57935,-1.3508015,4.263239,0.98000836,48.19631,8.940697e-05
2024-05-04 18:00:00,31.531342,26.490875,1004.6119,1.0774996,4.409047,0.97994375,74.69539,0.0
2024-05-05 00:00:00,30.837677,27.05722,1003.46375,1.1795696,3.2943811,0.51302755,80.339066,0.0
2024-05-05 06:00:00,37.586823,24.821686,1004.365,0.66706085,2.8970375,0.16810858,48.314793,0.004386995
2024-05-05 12:00:00,36.3649,26.095734,1000.7381,-2.299079,5.176338,0.21793325,55.71204,0.0
2024-05-05 18:00:00,31.614777,26.724396,1005.0775,0.41898155,3.93719,0.44312227,75.37203,0.0
2024-05-06 00:00:00,31.018433,28.080597,1003.4881,0.8730009,2.882523,0.7389937,84.41989,0.0
2024-05-06 06:00:00,37.512726,26.023346,1004.7706,0.15795135,2.044641,0.1920189,52.101295,0.0
2024-05-06 12:00:00,36.66507,26.203156,1001.5025,-1.2270184,4.8410416,0.07546997,55.152023,0.0
2024-05-06 18:00:00,31.221527,27.247711,1005.5469,-1.0641842,5.09214,0.33789593,79.48299,0.0
2024-05-07 00:00:00,30.148346,26.726105,1006.09875,0.18385696,0.86187077,0.31413525,81.96193,0.0043860637
2024-05-07 06:00:00,36.604645,23.965973,1006.78564,-1.0970383,2.987526,0.2385841,48.428993,0.0
2024-05-07 12:00:00,35.641876,26.766876,1002.6325,-2.2113342,3.3574047,0.13002014,60.31391,0.0
2024-05-07 18:00:00,31.821533,26.89444,1007.21,-1.3181467,3.5414104,0.1182075,75.24182,0.0
2024-05-08 00:00:00,27.860687,25.710968,1006.6919,-0.61791706,0.72305566,0.39398462,88.11902,0.022694468
2024-05-08 06:00:00,33.819733,23.650177,1007.4194,-1.455924,0.16329479,0.746726,55.433483,0.011734664
2024-05-08 12:00:00,33.704376,26.038116,1003.4925,-3.8386383,0.21341938,0.56644666,64.339615,0.0
2024-05-08 18:00:00,29.905853,26.458832,1005.8762,-1.6858368,2.3119304,0.11546104,81.81315,0.0
2024-05-09 00:00:00,28.941223,25.992645,1005.16376,-0.023496628,0.7338794,0.7725692,84.14622,0.0135451555
2024-05-09 06:00:00,35.51712,25.53421,1006.9437,-2.3976917,1.5500257,0.93586695,56.462627,0.012308229
2024-05-09 12:00:00,34.25296,25.389374,1003.14624,-3.3722134,1.5371292,0.55125487,60.044098,0.0
2024-05-09 18:00:00,30.526337,26.212372,1007.33813,-1.3395538,2.5862894,0.9647978,77.811775,0.02803489
2024-05-10 00:00:00,28.481964,26.223663,1006.4494,-0.019375801,1.6100159,0.9289555,87.60659,0.0
2024-05-10 06:00:00,34.40616,25.78244,1007.51685,-0.25572968,0.9357602,0.99266803,60.939568,0.04062897
2024-05-10 12:00:00,32.44748,26.437286,1004.6694,-3.58914,1.906384,0.9722753,70.6951,0.0
2024-05-10 18:00:00,30.25885,26.052094,1007.9481,-0.65239143,2.2866325,0.7377509,78.26826,0.11996826
2024-05-11 00:00:00,28.789307,25.754974,1007.2406,0.87887955,0.579104,0.9850064,83.70339,0.0
2024-05-11 06:00:00,32.957916,24.94461,1008.3244,-1.3984547,1.4732828,1.0,62.870644,0.012405567
2024-05-11 12:00:00,32.866486,25.972626,1004.9381,-2.2655582,2.0337296,0.8892928,67.17533,0.0
2024-05-11 18:00:00,30.111298,26.629547,1008.6525,-1.380166,1.7787104,0.8486322,81.67077,0.014305115
2024-05-12 00:00:00,29.489563,26.304932,1006.70874,-0.6793022,1.3203814,0.6008056,83.04048,0.027839094
2024-05-12 06:00:00,34.82022,24.54599,1008.6775,0.1637783,0.5937369,0.98329437,55.326134,0.0
2024-05-12 12:00:00,33.271637,25.40915,1004.39124,-3.2836876,2.0988007,0.88298523,63.50496,0.0
2024-05-12 18:00:00,30.307587,26.439758,1007.7581,-0.42567348,2.250188,0.9809735,79.85784,0.051297247
2024-05-13 00:00:00,29.807617,25.627838,1005.8544,0.8612316,0.8344352,0.9688796,78.32962,0.0
2024-05-13 06:00:00,34.34305,25.333893,1007.53937,-2.061802,0.49154854,0.9639711,59.54684,0.02127434
2024-05-13 12:00:00,31.562714,25.986206,1004.8031,-1.4357777,1.2398233,0.99226046,72.37222,0.0
2024-05-13 18:00:00,29.675323,26.052856,1006.64874,-0.9884691,0.8006159,0.9796022,80.94131,0.2846992
2024-05-14 00:00:00,28.17212,25.808136,1005.8025,-0.38066292,-0.6804766,0.94357884,87.03336,0.0
2024-05-14 06:00:00,32.762604,26.285461,1007.26,-0.6779213,0.51848125,0.7739048,68.83069,0.013346072
2024-05-14 12:00:00,30.897675,25.602936,1004.5769,-2.259554,-0.38806564,0.89229333,73.477264,0.0
2024-05-14 18:00:00,29.657867,26.19812,1008.0112,-0.5154486,1.1141557,0.98816997,81.7216,0.12740584
2024-05-15 00:00:00,27.9245,25.608612,1005.9263,0.9552705,-0.4000864,1.0,87.25994,0.0
2024-05-15 06:00:00,33.56534,25.45813,1007.105,-1.0957403,-1.0365162,0.6279279,62.650276,0.030136231
2024-05-15 12:00:00,29.390198,26.632843,1004.96875,-2.8353415,-0.90907764,0.988695,85.14869,2.1342978
2024-05-15 18:00:00,27.944305,26.311127,1008.46185,0.34844208,0.5474299,0.99800384,90.86034,0.0
2024-05-16 00:00:00,26.6008,25.846344,1006.96,0.95189095,-0.4010226,1.0,95.64045,0.0
2024-05-16 06:00:00,27.503754,26.255219,1008.84064,0.9637866,-0.3392334,1.0,92.922195,0.2017495
2024-05-16 12:00:00,28.621735,26.146942,1004.7625,-1.6335802,-0.4770155,1.0,86.50525,5.593631
2024-05-16 18:00:00,27.679901,26.260895,1006.83124,-0.6468668,-0.66862106,0.99841934,92.00067,0.0
2024-05-17 00:00:00,27.482208,25.910248,1005.6863,1.0408525,0.8605439,1.0,91.16041,0.0
2024-05-17 06:00:00,30.735016,26.463287,1006.90375,0.44736004,-0.9129858,1.0,78.03596,0.1962674
2024-05-17 12:00:00,27.088654,25.579315,1004.3956,-2.6814766,-0.33093786,1.0,91.47524,1.6827545
2024-05-17 18:00:00,26.9805,25.338043,1006.23,1.4282248,0.3585497,1.0,90.74779,0.0
2024-05-18 00:00:00,27.074127,25.605896,1004.7419,-0.88781166,0.9168978,1.0,91.6979,0.01000613
2024-05-18 06:00:00,32.510284,25.288666,1005.1819,-0.35725474,1.3362595,1.0,65.81106,0.06809272
2024-05-18 12:00:00,30.482574,26.62387,1001.5181,-0.1147871,1.3765697,1.0,79.92391,0.40689802
2024-05-18 18:00:00,28.192474,26.520538,1004.64124,-0.03320819,1.7448318,1.0,90.66893,0.0
2024-05-19 00:00:00,27.425934,25.932312,1002.5737,1.313597,-0.5233803,1.0,91.58084,0.0
2024-05-19 06:00:00,31.441193,26.771301,1003.96436,1.6175921,-1.800189,1.0,76.329544,0.12950695
2024-05-19 12:00:00,28.05423,25.911316,1000.1344,0.6401453,-0.07593942,1.0,88.17053,2.9962187
2024-05-19 18:00:00,26.468842,25.5195,1003.4325,1.9666557,0.77844834,1.0,94.53648,0.0
2024-05-20 00:00:00,26.809296,25.4003,1001.26685,0.34615663,0.5265797,1.0,92.0057,0.0
2024-05-20 06:00:00,31.35794,25.487152,1004.03687,0.6531781,1.7691095,1.0,71.08468,0.0
2024-05-20 12:00:00,27.935883,25.274323,1001.0806,0.6796872,0.95772326,1.0,85.4868,2.2171447
2024-05-20 18:00:00,26.498138,25.008575,1003.3625,2.4375124,0.9777506,0.9972166,91.547295,0.0
2024-05-21 00:00:00,26.952057,23.678497,1001.41876,2.7242613,-0.09507209,0.99800366,82.30607,0.0
2024-05-21 06:00:00,32.212555,25.363129,1002.7925,1.4983244,-0.19657326,1.0,67.22409,0.0
2024-05-21 12:00:00,28.686981,26.228546,1000.4406,-0.67441463,-0.12563515,1.0,86.59497,0.5425147
2024-05-21 18:00:00,28.042572,26.521729,1003.02814,0.85873896,-0.6317034,1.0,91.470665,0.0
2024-05-22 00:00:00,27.61026,25.992584,1000.8956,-0.08784604,-0.7831745,1.0,90.922134,0.092087545
2024-05-22 06:00:00,31.665802,27.389557,1001.8837,0.9502879,-0.25840855,1.0,78.14733,0.13774288
2024-05-22 12:00:00,30.358673,26.455017,999.6,-0.24184227,0.27687633,1.0,79.69604,0.8025597
2024-05-22 18:00:00,27.797516,26.228424,1001.555,1.5836997,1.0003536,0.9989384,91.19556,0.0
2024-05-23 00:00:00,27.942352,25.848969,999.82623,2.5969815,2.178627,0.99432355,88.42045,0.09328241
2024-05-23 06:00:00,32.434113,25.82959,1001.8181,1.5937861,-0.2116797,1.0,68.25178,0.0
2024-05-23 12:00:00,30.80252,27.133026,998.1906,-0.61853695,2.4279308,1.0,80.85954,0.0
2024-05-23 18:00:00,28.58133,26.38852,1000.6981,2.4368896,2.076703,1.0,87.95444,0.0
2024-05-24 00:00:00,28.338837,25.947662,999.1219,2.4814167,2.0941644,1.0,86.90829,0.28896886
2024-05-24 06:00:00,34.08365,25.919342,1000.295,3.5122118,2.4948196,0.9980035,62.549717,0.0
2024-05-24 12:00:00,31.07309,26.076996,996.82935,0.64973253,3.8926163,0.94081104,74.817924,0.0
2024-05-24 18:00:00,29.342651,25.799072,999.8806,2.472495,3.8058143,0.99960345,81.27842,0.0025704503
2024-05-25 00:00:00,28.757416,25.310822,997.8806,3.5506477,3.029816,1.0,81.67537,0.0
2024-05-25 06:00:00,33.747833,26.236267,1000.4244,4.306386,1.692657,1.0,64.93976,0.0
2024-05-25 12:00:00,32.743195,24.57431,998.4519,1.1105934,3.9249,1.0,62.24296,0.0
2024-05-25 18:00:00,30.02707,21.979095,1001.7625,4.050745,1.2714033,1.0,62.1032,0.0
2024-05-26 00:00:00,30.242035,21.312775,1000.35315,3.8897982,1.4757309,1.0,58.892708,0.0
2024-05-26 06:00:00,33.967316,25.175385,1001.8725,4.502207,1.960619,1.0,60.236435,0.0
2024-05-26 12:00:00,34.019318,25.16098,998.7469,2.6130495,2.8266954,1.0,60.01035,0.0009536743
2024-05-26 18:00:00,30.508942,24.390778,1002.0875,3.412653,2.3619616,1.0,69.8901,0.0
2024-05-27 00:00:00,29.609314,23.942719,1000.85126,3.2445164,2.8566523,1.0000001,71.644165,0.0
2024-05-27 06:00:00,35.00821,25.605988,1001.82874,3.8680382,3.2883968,0.9890627,58.3224,0.0
2024-05-27 12:00:00,35.81656,25.463165,999.35876,1.0823511,3.4806457,0.9954784,55.304058,0.0
2024-05-27 18:00:00,31.154755,26.25174,1002.0,2.622182,4.0834384,1.0,75.24369,0.0
2024-05-28 00:00:00,30.02179,24.412506,1001.2675,3.0482092,2.4103718,1.0,71.96371,0.0
2024-05-28 06:00:00,35.262604,25.498932,1002.39874,4.005538,1.9880779,0.9999977,57.142437,0.0
2024-05-28 12:00:00,35.0773,24.601349,999.7562,4.3378816,1.4689934,0.9992798,54.724228,0.0
2024-05-28 18:00:00,30.44815,24.145538,1002.08624,3.446581,2.2929776,0.9999999,69.11023,0.0
2024-05-29 00:00:00,29.490662,23.003693,1000.9581,3.5424557,2.0972683,0.7774091,68.16435,0.0
2024-05-29 06:00:00,35.0513,25.396393,1002.08563,2.9529657,1.2315968,0.5764226,57.463467,0.0
2024-05-29 12:00:00,35.714996,26.589691,998.64374,0.19820976,2.999141,0.09619641,59.44773,0.00038184226
2024-05-29 18:00:00,30.920319,25.22879,1001.7981,1.79459,3.3610296,0.008842468,71.76848,0.0
2024-05-30 00:00:00,29.957642,24.86319,1000.7706,2.2871947,2.6552286,0.49963203,74.202034,0.0
2024-05-30 06:00:00,35.86966,26.32663,1002.3862,3.66706,1.0924041,0.6969827,58.03587,0.0
2024-05-30 12:00:00,36.694,25.25296,999.22565,0.86036587,1.6739378,0.06981939,52.047836,0.0
2024-05-30 18:00:00,31.777313,25.732697,1002.60565,1.263894,3.1597233,0.09969659,70.430275,0.0
2024-05-31 00:00:00,30.28482,25.514923,1001.04126,2.689927,1.1315441,0.31876862,75.70258,0.0
2024-05-31 06:00:00,36.26297,26.631378,1002.59,1.6852766,-0.028474629,0.27119416,57.824062,0.0
2024-05-31 12:00:00,36.695343,26.996063,998.85565,-1.089531,3.0609431,0.98510164,57.693916,0.0
2024-05-31 18:00:00,31.374237,27.301758,1003.20624,1.9979706,3.648221,0.77792907,79.0452,0.0003799796
2024-06-01 00:00:00,30.020721,26.446136,1000.89,1.1026402,2.535654,0.98379815,81.21394,0.0
2024-06-01 06:00:00,35.574127,27.263733,1004.4888,-0.33196068,3.3552086,0.9988167,62.332535,0.0
2024-06-01 12:00:00,32.038483,26.897491,1001.03,-0.91338825,3.2825336,0.7872253,74.33601,0.0
2024-06-01 18:00:00,28.232697,26.22232,1004.53314,-0.124996185,2.358245,0.65271616,88.87875,0.1541973
2024-06-02 00:00:00,28.490875,25.81247,1003.6981,-0.7031517,3.316346,0.80942,85.45648,0.0
2024-06-02 06:00:00,34.94998,25.924683,1004.4881,2.1032128,0.8437888,0.7835806,59.62689,0.0
2024-06-02 12:00:00,31.612946,26.765198,1002.075,-1.1758375,2.4503717,0.36220306,75.56112,0.01316067
2024-06-02 18:00:00,27.929169,26.155823,1005.59186,0.8682111,2.4989135,0.98022366,90.11005,0.0
2024-06-03 00:00:00,27.858002,25.476044,1004.5519,0.8507202,2.5411308,0.9751026,86.91234,0.15924126
2024-06-03 06:00:00,31.61441,26.496033,1006.5444,0.8105896,-0.8619909,0.9883157,74.366394,0.0
2024-06-03 12:00:00,31.984528,26.506989,1003.78375,-1.201005,2.3019066,0.99364007,72.86881,0.0060141394
2024-06-03 18:00:00,28.937103,26.66632,1006.0625,1.074995,3.2570772,0.9777394,87.58113,0.02592802
2024-06-04 00:00:00,28.62674,26.72287,1005.5531,1.2258286,2.6137435,0.9999996,89.46861,0.0
2024-06-04 06:00:00,32.81534,27.247894,1006.9169,2.3853083,2.534075,0.94603115,72.62533,0.21964332
2024-06-04 12:00:00,32.237274,26.531006,1003.7575,0.5647507,3.0745687,0.34072214,71.93598,0.06923059
2024-06-04 18:00:00,28.754333,25.880585,1006.8812,1.3620057,4.0424557,0.5803686,84.49995,0.0
2024-06-05 00:00:00,29.036682,26.301605,1005.8525,2.180817,3.9486551,0.99701184,85.22499,0.0
2024-06-05 06:00:00,34.058258,26.592682,1006.82935,2.861475,3.7413607,0.9392537,65.17984,0.26646277
2024-06-05 12:00:00,30.659271,25.990631,1003.22687,-0.47784328,4.337512,0.8462518,76.21628,0.0
2024-06-05 18:00:00,27.9982,25.502197,1007.27435,2.7795715,3.424944,0.4619844,86.33844,0.0
2024-06-06 00:00:00,27.05429,25.14389,1006.3762,1.2444638,3.4368286,0.9992806,89.31728,0.89197534
2024-06-06 06:00:00,32.380035,26.501526,1007.72314,2.4752455,2.830367,0.9978761,71.23417,0.0
2024-06-06 12:00:00,30.44516,26.291656,1004.90814,-0.28338242,2.799695,0.9303547,78.54125,0.046670713
2024-06-06 18:00:00,27.597015,25.336578,1008.2444,1.8501725,2.7170162,0.9782234,87.51924,0.0
2024-06-07 00:00:00,26.648956,25.055847,1005.34686,0.50887895,2.609108,1.0,90.99334,0.035658166
2024-06-07 06:00:00,30.553436,26.5979,1006.71936,2.4080906,2.3846655,0.9999998,79.47869,0.13619636
2024-06-07 12:00:00,31.183136,25.817444,1003.39813,1.0532471,3.241395,0.9797023,73.21646,0.0
2024-06-07 18:00:00,27.185944,25.222473,1007.16315,1.7521579,2.5053377,0.98909223,89.04549,0.0
2024-06-08 00:00:00,27.549225,25.355133,1005.15125,2.5570621,3.3879795,0.9609286,87.86114,0.14842083
2024-06-08 06:00:00,33.03946,26.33548,1005.975,3.5682163,4.1226454,0.99198633,67.96738,0.0
2024-06-08 12:00:00,30.740387,25.624786,1003.0206,0.9168341,4.7947435,0.7355444,74.23654,0.034309287
2024-06-08 18:00:00,28.74295,25.71634,1005.9819,2.6426153,4.1379223,0.6301802,83.73664,0.0
2024-06-09 00:00:00,28.150269,24.986877,1004.34125,0.8139276,3.5074854,0.93883014,82.99197,0.0
2024-06-09 06:00:00,33.377106,25.631073,1005.8175,4.4692593,3.3540325,0.9546705,63.96801,0.01096761
2024-06-09 12:00:00,33.421783,25.56717,1002.4906,1.3692851,3.1977282,0.89254427,63.566452,0.037103534
2024-06-09 18:00:00,29.861542,26.773468,1005.5131,1.6612482,3.1621716,0.96093804,83.55635,0.0
2024-06-10 00:00:00,28.622833,23.907745,1004.8525,3.021099,2.4756095,0.30642027,75.6911,0.0
2024-06-10 06:00:00,34.449615,24.573608,1005.34064,4.2669535,2.526038,0.34307057,56.570488,0.0
2024-06-10 12:00:00,34.075836,25.509674,1003.3281,1.7828543,3.4623146,0.4430493,61.074944,0.15372175
2024-06-10 18:00:00,29.78299,26.094269,1006.84564,2.2422466,2.9266548,0.9903863,80.63841,0.0
2024-06-11 00:00:00,28.562592,23.541412,1004.85126,2.9288702,2.5140703,0.9799735,74.2997,0.0
2024-06-11 06:00:00,33.878082,24.596985,1005.60065,3.835556,2.38536,0.98102707,58.48356,0.0
2024-06-11 12:00:00,34.54422,24.515533,1003.2275,1.2385125,2.7737174,0.9992797,56.078465,0.0022947788
2024-06-11 18:00:00,30.312164,25.303375,1006.0737,1.7599125,3.6990166,0.94460785,74.6395,0.0
2024-06-12 00:00:00,29.013672,23.57669,1005.78937,3.4990034,2.1948404,0.95542705,72.535995,0.0
2024-06-12 06:00:00,33.775177,24.647736,1007.7294,4.0450344,1.9148948,0.9978392,58.999603,0.0020023435
2024-06-12 12:00:00,34.193024,24.397186,1004.5575,1.4352767,2.7396977,1.0,56.78178,0.0
2024-06-12 18:00:00,29.196503,24.138824,1006.9394,2.323617,2.906925,0.9978528,74.24066,0.0
2024-06-13 00:00:00,28.73233,23.568573,1006.5056,2.6349573,1.5085951,0.9827815,73.691956,0.0
2024-06-13 06:00:00,34.042023,24.418335,1007.27875,3.5831451,2.5994816,0.98673624,57.334507,0.0
2024-06-13 12:00:00,32.969513,24.91446,1003.8044,2.1359599,2.5187652,0.99999994,62.71676,0.029474497
2024-06-13 18:00:00,29.645966,26.566437,1005.9419,1.6929743,3.0171432,0.8918344,83.57454,0.0
2024-06-14 00:00:00,28.63736,23.944794,1005.14813,2.7194223,2.1349719,0.9986698,75.7959,0.0
2024-06-14 06:00:00,33.809967,24.615356,1005.345,3.401557,1.0655067,0.9819464,58.771088,0.0
2024-06-14 12:00:00,34.857697,24.615082,1002.5419,1.2116599,1.4575864,0.9943248,55.439854,0.0
2024-06-14 18:00:00,29.821686,27.077301,1005.2488,1.4691014,4.1192236,0.66480666,85.257095,0.0
2024-06-15 00:00:00,29.069855,25.701141,1004.5069,2.297329,2.3769128,0.78428435,82.09197,0.0
2024-06-15 06:00:00,34.136383,23.838776,1004.5019,3.6026535,1.0324667,0.5749517,55.083984,0.0012395903
2024-06-15 12:00:00,34.825714,23.538849,1002.1025,0.80240864,2.1359215,0.9992798,52.06335,0.0
2024-06-15 18:00:00,29.829742,26.801422,1005.145,1.4914348,3.9251857,1.0,83.847115,0.0
2024-06-16 00:00:00,29.37439,23.655914,1004.33685,2.9846268,2.2553704,0.3772179,71.37918,0.0
2024-06-16 06:00:00,34.964752,23.581757,1004.9494,3.2999,1.8268412,0.27365845,51.797253,0.0
2024-06-16 12:00:00,32.975616,25.494598,1002.13,0.96266556,2.9422107,0.5533856,64.89834,0.30714273
2024-06-16 18:00:00,28.95462,26.25113,1005.5175,1.1110301,3.8683376,0.5019784,85.3759,0.0
2024-06-17 00:00:00,28.790253,25.532867,1004.6856,1.3722194,2.8092985,0.58305955,82.60298,0.0
2024-06-17 06:00:00,35.034576,24.110321,1005.4225,2.336677,2.6963139,0.89397585,53.263718,0.0002863817
2024-06-17 12:00:00,33.65262,26.000275,1002.3831,0.15613842,3.884019,0.19275019,64.381874,0.0025746413
2024-06-17 18:00:00,29.238525,25.617096,1005.70685,1.0288249,4.3105817,0.8289543,80.89096,0.0
2024-06-18 00:00:00,28.622528,25.078278,1004.27124,1.8554544,2.4455042,0.98959345,81.18522,0.0
2024-06-18 06:00:00,33.70816,25.055359,1005.2706,3.1073408,2.1689832,0.976137,60.679634,0.006864092
2024-06-18 12:00:00,31.472565,26.15738,1002.3594,1.5261693,3.86687,0.9793021,73.48415,0.62937826
2024-06-18 18:00:00,27.729523,25.360565,1005.59564,1.9666358,3.447098,0.7340035,86.967926,0.0
2024-06-19 00:00:00,28.39447,24.061829,1003.8375,2.670222,2.354789,0.9898627,77.41521,0.016216189
2024-06-19 06:00:00,33.284454,25.355072,1004.6863,3.4848385,2.82543,0.8232831,63.25564,0.0
2024-06-19 12:00:00,31.081696,25.548126,1002.23065,0.7469935,3.1349492,0.9414581,72.47379,0.19848347
2024-06-19 18:00:00,27.938324,25.199554,1004.525,1.7191739,2.862279,0.37200004,85.09512,0.0
2024-06-20 00:00:00,28.059845,24.165558,1003.3569,3.0438643,2.0594141,0.9812738,79.430954,0.0
2024-06-20 06:00:00,33.405792,24.788727,1005.1931,4.3552685,1.9528828,0.9985417,60.741745,0.0038134118
2024-06-20 12:00:00,30.543121,26.253937,1001.84436,2.0880861,2.4141839,0.9966987,77.92819,0.72874856
2024-06-20 18:00:00,28.843567,24.717804,1004.7587,2.4486036,2.5393648,1.0,78.44557,0.0
2024-06-21 00:00:00,28.105133,22.676056,1003.6994,3.3983736,1.3549267,0.9861411,72.41296,0.0
2024-06-21 06:00:00,33.85367,24.020569,1004.22314,3.96175,2.2712097,0.95933926,56.574852,0.0
2024-06-21 12:00:00,33.131012,23.619904,1000.8475,2.95916,2.560202,0.9483925,57.509186,0.11873245
2024-06-21 18:00:00,28.923187,23.413544,1003.6181,2.4025898,1.7298615,0.9993338,72.20319,0.0
2024-06-22 00:00:00,27.939056,22.431366,1002.1669,3.0421686,2.2634895,0.99371326,72.03907,0.0
2024-06-22 06:00:00,33.61624,24.012848,1002.1769,3.5286198,1.6055923,0.6714408,57.304375,0.0
2024-06-22 12:00:00,31.200958,24.775543,999.98627,1.0756913,3.6931095,0.9666409,68.74622,0.117883086
2024-06-22 18:00:00,29.617004,25.115997,1003.0563,2.2984667,2.9185205,0.94877845,76.82028,0.0
2024-06-23 00:00:00,27.652557,23.525238,1001.53,3.9965878,2.038327,0.9982516,78.26918,0.6176233
2024-06-23 06:00:00,33.046295,23.470001,1002.1863,3.929803,2.2759347,0.9145207,57.2638,0.0
2024-06-23 12:00:00,32.412872,23.247223,999.27686,0.7668015,3.4545097,0.6266158,58.55115,0.0
2024-06-23 18:00:00,30.220612,23.387909,1002.83374,4.216346,1.7106051,0.97457296,66.89705,0.0
2024-06-24 00:00:00,28.750824,23.705353,1001.5125,3.1813288,2.4233327,0.90238154,74.22195,0.01449883
2024-06-24 06:00:00,32.82657,23.468964,1001.6025,5.3772726,2.6270695,0.6150753,57.97222,0.0
2024-06-24 12:00:00,33.81729,24.322968,999.53314,3.2900748,2.7307162,0.9672271,57.727783,0.22498891
2024-06-24 18:00:00,29.74356,23.523651,1001.79877,4.1477013,2.1208467,0.9999993,69.32159,0.0
2024-06-25 00:00:00,29.026733,23.120697,1001.6962,3.4497678,1.5722256,0.93182945,70.513306,0.0
2024-06-25 06:00:00,32.713776,24.36145,1001.58124,6.163183,2.3621492,0.8407378,61.55684,0.00086426735
2024-06-25 12:00:00,33.51822,23.819305,999.2875,2.9152517,3.2646856,0.99999994,56.953293,0.028312206
2024-06-25 18:00:00,29.730072,22.842987,1002.3181,5.4513044,1.6004202,0.99921227,66.579346,0.018888712
2024-06-26 00:00:00,28.684906,23.381561,1001.1931,3.897692,2.341339,1.0,73.066246,0.0
2024-06-26 06:00:00,33.17569,23.013824,1001.78186,4.6007423,2.4955091,0.99960345,55.30381,0.0001937151
2024-06-26 12:00:00,30.821869,25.824677,1000.84814,0.92989624,3.5086699,1.0,74.77287,0.15374385
2024-06-26 18:00:00,29.3378,24.304993,1003.71,3.6082182,2.1071868,1.0,74.37462,0.0
2024-06-27 00:00:00,28.273773,22.72403,1001.8144,5.392191,1.8384987,0.99960387,71.914345,0.024601817
2024-06-27 06:00:00,32.58658,23.852692,1003.83685,4.1560802,1.8435525,0.9999992,60.13508,0.0
2024-06-27 12:00:00,32.81369,23.454926,1002.2419,3.223692,1.6485572,0.99960333,57.965164,0.0
2024-06-27 18:00:00,29.74884,22.920502,1005.1887,4.0480843,1.5097272,0.98966634,66.82045,0.0
2024-06-28 00:00:00,28.747406,22.938934,1004.97876,3.5150232,1.190316,1.0000002,70.87977,0.0
2024-06-28 06:00:00,34.15445,23.453705,1004.78815,3.8042803,2.0402582,0.90004617,53.76697,0.0
2024-06-28 12:00:00,34.98343,23.434235,1001.4888,2.2348924,1.7232274,0.4950443,51.285492,0.0
2024-06-28 18:00:00,30.041779,25.25772,1004.90625,1.7190458,3.8730235,0.7569778,75.601,0.0
2024-06-29 00:00:00,29.270142,23.817596,1004.7419,2.5814161,1.9543821,0.76745665,72.5124,9.49949e-05
2024-06-29 06:00:00,34.664337,23.997345,1005.0031,2.7724762,2.097794,0.7875106,54.001366,0.0
2024-06-29 12:00:00,35.247955,23.839813,1002.16565,1.4357929,3.1172233,0.81801564,51.78971,0.0
2024-06-29 18:00:00,29.524048,26.139984,1006.0131,1.4027597,4.2904553,0.47475606,82.071785,0.021260232
2024-06-30 00:00:00,29.10315,26.302765,1004.9913,1.4523649,2.8902717,0.71427697,84.90371,0.0
2024-06-30 06:00:00,33.9993,25.304169,1006.27374,2.1041317,1.9018629,0.9714017,60.59162,0.03194716
2024-06-30 12:00:00,31.633759,26.090607,1003.785,0.08205736,2.4101632,0.9509861,72.527405,0.17573777
2024-06-30 18:00:00,29.110931,26.496552,1007.40875,1.274308,3.6251917,1.0,85.84147,0.0
2024-07-01 00:00:00,28.340027,26.431,1005.23627,2.0116448,2.4077702,1.0000001,89.42028,0.43284893
2024-07-01 06:00:00,32.79776,25.36502,1006.20624,2.7435637,1.8121622,0.9915956,65.04814,0.0
2024-07-01 12:00:00,33.149323,24.208405,1003.015,2.0208569,0.66520244,0.9924316,59.518665,0.6676447
2024-07-01 18:00:00,29.947083,25.217438,1006.06,2.6054704,2.8141112,1.0,75.83144,0.0
2024-07-02 00:00:00,28.3544,23.268097,1004.40186,2.5035684,1.8500988,0.99432343,73.97404,0.0
2024-07-02 06:00:00,34.087555,24.00174,1004.6625,3.066192,1.4348557,1.0,55.777866,0.0
2024-07-02 12:00:00,35.75943,23.318146,1001.6144,0.97033024,2.3614798,0.9761363,48.789623,0.0
2024-07-02 18:00:00,30.259369,25.081635,1004.8162,2.1304045,3.853278,0.9980036,73.88395,0.0
2024-07-03 00:00:00,29.31427,26.289032,1004.6806,1.823235,1.9030247,0.9999998,83.806076,0.0
2024-07-03 06:00:00,35.27823,23.776825,1005.02435,2.9058619,1.9185991,0.84271336,51.507545,0.00047683716
2024-07-03 12:00:00,35.832428,23.079254,1001.31,0.83739567,1.6894984,0.4896971,47.897297,0.0042915344
2024-07-03 18:00:00,27.865204,25.648834,1006.1294,1.7093405,1.7092602,0.78106755,87.771675,0.013262033
2024-07-04 00:00:00,28.943024,23.884308,1004.39813,2.4329967,1.9141283,0.9926152,74.194405,0.0
2024-07-04 06:00:00,34.08316,23.350616,1005.9331,2.022482,0.56372076,0.9411032,53.646408,0.0
2024-07-04 12:00:00,33.201447,25.155182,1003.46564,-0.33378315,2.6160517,0.96057194,62.799496,0.30076504
2024-07-04 18:00:00,29.534515,26.489105,1006.07874,1.3770615,3.4588394,1.0000002,83.73051,0.0
2024-07-05 00:00:00,29.29422,25.896149,1004.40063,1.8043864,2.5734339,0.96099347,81.976204,0.0
2024-07-05 06:00:00,35.05948,24.256256,1004.2381,2.3883314,1.917607,0.4984823,53.657978,0.0
2024-07-05 12:00:00,30.363434,25.693024,1001.185,2.8938522,2.9673595,0.36893994,76.163086,0.3839247
2024-07-05 18:00:00,28.535828,24.902618,1004.1781,2.7797601,2.4600015,0.9867616,80.744736,0.0
2024-07-06 00:00:00,28.78543,22.093842,1003.915,3.21909,1.5971682,0.9992796,67.18481,0.0
2024-07-06 06:00:00,32.042267,23.268341,1004.1256,3.1093159,1.3600522,1.0,59.867126,0.0
2024-07-06 12:00:00,32.377594,24.011993,1001.52563,1.7325339,0.95168304,1.0,61.433784,0.0
2024-07-06 18:00:00,29.743317,25.004913,1004.28,2.1434343,3.278277,0.97084886,75.76027,0.0
2024-07-07 00:00:00,28.838684,24.53421,1003.3862,1.4805901,1.8282642,0.6823177,77.611145,0.0010430813
2024-07-07 06:00:00,34.25296,23.66745,1003.77686,4.3793087,0.8152156,0.4867351,54.165874,0.0
2024-07-07 12:00:00,32.79825,24.04837,1001.9437,1.1500199,1.2013896,0.9172887,60.12501,0.6007552
2024-07-07 18:00:00,28.82544,25.838287,1004.065,1.533572,3.5817766,1.0,83.94174,0.0
2024-07-08 00:00:00,28.595673,24.273285,1002.28687,3.0119123,1.6135931,1.0,77.49243,0.0
2024-07-08 06:00:00,33.723785,23.509247,1004.10126,4.1330585,0.15378243,1.0,55.26031,0.00057183206
2024-07-08 12:00:00,34.834747,23.109406,1000.225,2.4990852,1.0177124,1.0,50.70542,0.0
2024-07-08 18:00:00,29.92862,22.38919,1004.2175,4.6860437,1.1826687,0.9755192,64.034874,0.0
2024-07-09 00:00:00,28.34842,22.722626,1003.1937,3.1066666,1.1247151,0.98353297,71.59661,0.0
2024-07-09 06:00:00,34.529694,22.972076,1004.965,2.6424265,1.3136513,0.9839007,51.145035,0.0
2024-07-09 12:00:00,34.182526,23.538544,1002.2575,0.987833,3.1981242,0.9740795,53.958202,0.018790364
2024-07-09 18:00:00,29.876404,25.646698,1005.7,1.4848375,3.8230772,0.9584433,78.10764,0.05710125
2024-07-10 00:00:00,29.291382,23.094452,1005.845,2.409192,1.1468554,0.83515126,69.33252,0.0
2024-07-10 06:00:00,35.66507,22.874847,1006.3212,2.7613764,1.8252296,0.5303896,47.74668,0.00028684735
2024-07-10 12:00:00,35.646637,23.03543,1003.1912,1.317832,2.507464,0.62807006,48.262188,0.0
2024-07-10 18:00:00,28.966522,25.560455,1007.4344,2.2060947,3.789233,0.7673178,81.89779,0.0010430813
2024-07-11 00:00:00,29.088684,22.482635,1005.9231,2.3646936,0.40434265,0.9785761,67.5956,0.0
2024-07-11 06:00:00,34.122467,24.040619,1006.17,1.6121147,-0.4344287,0.99856555,55.799503,0.0030514784
2024-07-11 12:00:00,34.51822,23.122955,1002.175,0.18549538,1.6961944,0.9807908,51.646988,0.0
2024-07-11 18:00:00,29.559357,26.052399,1005.045,1.0123436,3.7706187,0.9976065,81.48176,0.008106232
2024-07-12 00:00:00,29.443207,25.309357,1004.3794,1.8289969,3.0307064,0.9232973,78.49224,0.0
2024-07-12 06:00:00,36.077057,23.379059,1004.1525,2.2122064,2.178952,0.25532374,48.120605,0.00085681677
2024-07-12 12:00:00,33.375397,24.84732,1001.2356,1.3049395,4.302538,0.7856996,61.058544,0.04748255
2024-07-12 18:00:00,29.035065,23.748993,1004.60376,4.1424704,0.21038985,0.76955104,73.20191,0.0
2024-07-13 00:00:00,26.23471,24.315155,1003.53564,2.6211653,0.32338715,0.99800384,89.206604,1.489048
2024-07-13 06:00:00,32.600006,25.174957,1004.09436,4.487978,1.672425,0.97046626,65.037224,0.0
2024-07-13 12:00:00,34.41104,22.838287,1001.83875,3.3484201,2.7627048,1.0,51.06821,0.011453221
2024-07-13 18:00:00,29.90329,22.625702,1003.96436,4.1122875,1.3190395,0.99191856,65.0562,0.0
2024-07-14 00:00:00,28.568573,23.277557,1002.96625,3.771484,0.8642124,1.0,73.10084,0.0
2024-07-14 06:00:00,30.72293,23.769836,1002.96936,3.7264338,1.4891123,1.0,66.513626,0.0
2024-07-14 12:00:00,33.20169,23.354584,1000.8769,2.201552,1.7621269,1.0,56.37225,0.035375357
2024-07-14 18:00:00,28.920746,24.526215,1003.10376,3.6980274,1.3135557,1.0,77.20613,0.20897187
2024-07-15 00:00:00,28.055084,23.370209,1002.3631,3.2183204,2.1280813,1.0,75.739975,0.18824248
2024-07-15 06:00:00,32.149323,23.941193,1003.10876,4.748254,2.4994662,1.0,61.967342,0.0
2024-07-15 12:00:00,31.460663,24.927826,1000.73065,4.0161915,2.5168483,0.9985419,68.35626,0.33419183
2024-07-15 18:00:00,28.127289,24.054169,1003.2594,4.732128,2.911744,1.0,78.59221,0.0
2024-07-16 00:00:00,27.015778,23.881317,1002.4894,4.3686213,1.9612683,0.9999998,83.0053,0.42190552
2024-07-16 06:00:00,31.240387,23.480133,1003.5494,4.297842,3.4282398,1.0,63.46164,0.0
2024-07-16 12:00:00,29.063171,24.51004,1001.32935,4.032812,2.7981348,0.9915583,76.498146,0.27351445
2024-07-16 18:00:00,28.099213,23.500763,1003.885,3.7221727,2.280115,0.98552865,76.14277,0.0
2024-07-17 00:00:00,28.140533,23.391357,1002.59564,4.093302,2.3973825,0.9999964,75.460075,0.0
2024-07-17 06:00:00,33.08731,23.181,1003.7775,7.1322756,1.457943,0.98044914,56.14377,0.0
2024-07-17 12:00:00,32.4935,23.218292,1001.5112,5.6207886,1.6501119,1.0,58.183525,0.025078654
2024-07-17 18:00:00,27.977386,23.675629,1005.27563,5.2594595,2.1454086,1.0,77.49771,0.046832077
2024-07-18 00:00:00,27.48764,23.604828,1002.8725,5.0505505,2.4181778,1.0000001,79.407845,0.63028455
2024-07-18 06:00:00,30.040558,24.685394,1004.5531,5.1198053,1.7672236,1.0,73.06935,0.0
2024-07-18 12:00:00,30.229156,22.89859,1001.8675,5.427432,1.571228,1.0,64.91521,0.0
2024-07-18 18:00:00,27.796844,22.679108,1003.8525,5.3826303,2.2604043,1.0,73.74057,0.0007627532
2024-07-19 00:00:00,28.239716,21.799164,1002.5225,4.5678024,1.7939188,1.0,68.1132,0.0
2024-07-19 06:00:00,33.706696,22.593048,1002.8475,6.2877703,1.1942779,0.9860905,52.33065,0.0
2024-07-19 12:00:00,32.10623,23.25711,1000.7475,5.5366554,0.9939373,1.0,59.610336,0.030331314
2024-07-19 18:00:00,28.37326,22.09488,1003.21625,4.8505135,1.7680191,0.99774843,68.816345,0.0
2024-07-20 00:00:00,28.783783,21.83603,1002.1369,3.9979086,1.9561585,0.9996033,66.142876,0.0
2024-07-20 06:00:00,34.629303,22.650482,1003.57,5.1312914,1.9203056,0.9861325,49.880894,0.0
2024-07-20 12:00:00,34.336212,22.888336,1000.92377,4.446684,1.0774403,0.9904113,51.43709,0.013924204
2024-07-20 18:00:00,30.17569,21.814362,1004.2706,4.7968683,1.4851351,1.0,60.95958,0.0
2024-07-21 00:00:00,29.18222,21.957428,1003.1944,3.8347406,2.391264,0.98362964,65.11538,0.0
2024-07-21 06:00:00,34.94925,22.91275,1004.1094,4.4118223,2.2378604,0.9291124,49.788395,0.0
2024-07-21 12:00:00,35.68814,22.024323,1001.3819,4.5092993,1.3312511,0.51334584,45.283745,0.0
2024-07-21 18:00:00,30.742462,21.969269,1005.1887,4.4105263,1.4897354,0.9862003,59.573345,0.0
2024-07-22 00:00:00,29.71701,20.97818,1004.5731,3.448082,1.8104947,0.987682,59.46294,0.0
2024-07-22 06:00:00,34.579865,21.842194,1006.5588,4.2921743,1.1906948,0.3877464,47.61691,0.0
2024-07-22 12:00:00,34.36624,21.809113,1004.035,3.461392,0.54674625,0.58319515,48.088833,0.0
2024-07-22 18:00:00,30.069244,23.009796,1007.3644,3.4098494,2.0314007,0.9437303,65.95633,0.0
2024-07-23 00:00:00,28.736786,22.576996,1006.4931,3.2591162,1.3570125,0.9969416,69.383965,0.0
2024-07-23 06:00:00,34.861603,22.765106,1006.73,4.661891,1.5645378,0.7385823,49.585342,0.0
2024-07-23 12:00:00,34.855865,22.95877,1002.91187,1.5999994,1.4906737,0.55359805,50.18652,0.004195608
2024-07-23 18:00:00,30.752533,23.768341,1006.6194,1.5849993,3.0715752,0.6951807,66.3952,0.0
2024-07-24 00:00:00,29.025848,22.502594,1005.2025,3.286769,1.4743502,0.59638137,67.924126,0.0
2024-07-24 06:00:00,35.445343,22.611237,1004.3162,3.7903738,1.301091,0.514539,47.562817,0.0
2024-07-24 12:00:00,34.468903,23.361359,1001.7481,3.0311944,0.1708889,0.66110253,52.54011,0.018600374
2024-07-24 18:00:00,31.13681,22.899933,1004.19,2.3098955,2.7781858,0.6176545,61.637527,0.0
2024-07-25 00:00:00,29.093658,22.404572,1003.26685,4.2423677,1.3814194,1.0,67.25631,0.0
2024-07-25 06:00:00,35.110138,22.507538,1002.91565,6.301504,1.2946117,0.9975102,48.14857,0.0
2024-07-25 12:00:00,33.40506,22.640167,1001.455,5.544524,1.3390311,0.9976258,53.37438,0.023257403
2024-07-25 18:00:00,30.27414,22.237823,1004.5131,3.738163,2.0946012,0.9960145,62.20162,0.0
2024-07-26 00:00:00,29.535858,22.386261,1002.5481,3.9187765,2.06003,1.0,65.48764,0.0
2024-07-26 06:00:00,34.73636,22.80069,1003.3106,5.88953,1.4286964,0.9769745,50.038975,0.0005720649
2024-07-26 12:00:00,35.076324,23.207184,1000.5094,4.3868217,0.5217905,0.5652035,50.327568,0.0077241566
2024-07-26 18:00:00,30.652252,23.12613,1004.77936,5.297101,0.8701916,0.9940125,64.23958,0.0
2024-07-27 00:00:00,29.416473,23.00644,1003.0156,4.173752,1.5136877,0.974066,68.46809,0.0
2024-07-27 06:00:00,35.02603,22.471405,1003.6275,5.447669,0.21076965,0.98845375,48.26729,0.0
2024-07-27 12:00:00,34.892242,22.351837,1000.8106,4.0762615,0.024385452,0.5915954,48.274384,0.016881153
2024-07-27 18:00:00,31.488312,20.893463,1004.54376,4.1675215,1.480298,0.95257694,53.4537,0.0
2024-07-28 00:00:00,29.741364,19.334503,1002.3931,3.6302252,1.2898135,0.9503551,53.640823,0.0
2024-07-28 06:00:00,35.07242,19.52835,1003.0594,4.0959015,1.573884,0.9996034,40.17926,0.0
2024-07-28 12:00:00,33.882965,21.751862,1000.005,0.3773476,0.22659397,0.9751433,49.229893,0.0
2024-07-28 18:00:00,31.27945,21.36087,1002.2325,4.9910374,1.4489148,1.0,55.666985,0.0
2024-07-29 00:00:00,29.786957,22.118927,1000.97687,4.32417,1.3499339,1.0,63.50553,0.0
2024-07-29 06:00:00,35.61429,21.965363,1001.3794,6.1523457,1.5753046,0.9999998,45.305393,0.0
2024-07-29 12:00:00,35.069855,21.670319,999.52875,4.2160764,0.7959509,0.99928,45.855843,0.02688542
2024-07-29 18:00:00,30.252838,22.946564,1004.09125,4.556921,1.927989,0.9809935,65.0157,0.0
2024-07-30 00:00:00,29.403412,22.77707,1003.98376,3.8840714,2.1524317,0.9274879,67.57435,0.18750131
2024-07-30 06:00:00,30.657867,25.53711,1004.8212,6.3609953,0.36187744,0.83591306,74.20037,4.6658063
2024-07-30 12:00:00,33.11917,25.430817,1002.91064,3.8634434,1.4047079,0.8189795,64.13337,0.0
2024-07-30 18:00:00,29.05716,23.702545,1006.0037,3.2946453,1.721632,0.9814629,72.90427,0.0
2024-07-31 00:00:00,28.821198,22.50888,1005.8575,2.8622844,1.1134574,0.72880363,68.76021,0.0
2024-07-31 06:00:00,35.28946,23.079681,1006.1075,4.1054096,1.5152501,0.23117799,49.355545,0.0
2024-07-31 12:00:00,34.60501,22.959137,1003.09186,2.5591042,0.0953207,0.86310786,50.891495,0.074505806
2024-07-31 18:00:00,28.67099,24.36258,1006.10065,3.6255083,1.4838715,0.99913377,77.5684,1.1764296
2024-08-01 00:00:00,28.395416,23.02237,1004.8844,3.3792524,1.6020045,1.0,72.70961,0.0
2024-08-01 06:00:00,34.99539,22.818329,1005.65814,3.9813814,1.4433095,1.0,49.377968,0.002098037
2024-08-01 12:00:00,33.79605,24.02884,1003.2419,2.1976054,1.614123,0.99999994,56.78549,0.37466294
2024-08-01 18:00:00,30.119904,24.846954,1006.8606,2.1981988,2.5080204,1.0,73.442444,0.0
2024-08-02 00:00:00,27.413116,24.556305,1005.27313,2.5962276,1.1097536,1.0,84.44333,0.5924124
2024-08-02 06:00:00,33.637115,24.618317,1005.945,4.697546,1.6161082,1.0,59.352432,0.0
2024-08-02 12:00:00,33.079865,25.256134,1002.895,2.3475251,0.7566649,0.99999994,63.610912,1.6185753
2024-08-02 18:00:00,28.816742,25.72232,1006.9994,1.3814731,1.8715754,0.9841303,83.40875,0.0
2024-08-03 00:00:00,28.937592,23.669952,1005.81,2.3186674,0.85824585,0.9999999,73.266655,0.0
2024-08-03 06:00:00,34.582916,23.188934,1006.33624,2.8212738,0.3473336,0.9839298,51.667225,0.0
2024-08-03 12:00:00,33.093903,25.559113,1003.7356,0.3095293,0.9981521,0.9781312,64.71582,0.45984983
2024-08-03 18:00:00,28.161926,24.64029,1008.5075,1.1301799,1.6024526,0.8196838,81.23705,0.0
2024-08-04 00:00:00,28.407227,24.43045,1006.5769,1.23646,0.9099283,0.9820864,79.08662,0.0
2024-08-04 06:00:00,34.06375,24.204315,1007.04126,2.4963393,-0.34810066,0.8920012,56.535225,0.0
2024-08-04 12:00:00,34.648834,23.645172,1002.61,-0.68568707,0.7690705,0.50612,52.91501,0.09709597
2024-08-04 18:00:00,26.591644,25.103119,1008.235,0.4624747,1.9788164,0.85219646,91.55858,1.6277432
2024-08-05 00:00:00,26.366852,24.66153,1007.6131,1.9833653,1.0165474,0.999457,90.367355,0.0
2024-08-05 06:00:00,31.330475,24.637482,1007.53625,0.99173707,-0.19817352,0.99999994,67.680534,0.0
2024-08-05 12:00:00,31.96756,24.670197,1004.29,-1.7813959,-0.31550407,1.0,65.40421,0.061345056
2024-08-05 18:00:00,26.987885,24.384918,1007.6306,1.1599029,2.4736135,0.9996037,85.69238,0.0
2024-08-06 00:00:00,27.434753,24.388824,1005.39685,1.4199038,-0.37304783,0.9890183,83.49516,0.03404327
2024-08-06 06:00:00,33.105377,25.213623,1005.3869,1.8360331,-0.6016035,0.8426497,63.359283,0.01268677
2024-08-06 12:00:00,29.577606,25.83377,1003.53314,-1.0264587,1.6342132,0.85247976,80.34929,2.853942
2024-08-06 18:00:00,26.07016,24.28421,1007.3644,1.5175848,2.5054545,0.9923101,89.911644,0.0
2024-08-07 00:00:00,25.7919,24.767944,1005.6794,0.39451736,1.4907485,0.99033785,94.08955,0.2822646
2024-08-07 06:00:00,31.358673,25.531403,1006.27875,1.550705,-0.49542046,0.9953992,71.26881,0.0
2024-08-07 12:00:00,30.929352,25.204071,1003.90625,-0.47220898,0.5683155,0.47655803,71.626015,0.47636032
2024-08-07 18:00:00,26.232086,25.755463,1007.4494,0.9708867,1.3267202,0.4040208,97.218636,0.0
2024-08-08 00:00:00,26.290222,25.626251,1006.27374,0.26683486,0.84689915,0.93530947,96.145645,0.0
2024-08-08 06:00:00,31.195099,25.00772,1006.91376,2.1556644,-0.06712079,0.8364669,69.72854,0.0
2024-08-08 12:00:00,29.420563,25.479645,1004.7531,0.30681896,0.007552147,0.6299093,79.39451,0.9333815
2024-08-08 18:00:00,26.961334,25.358002,1008.4988,1.7364268,2.0291317,0.9803408,90.95795,0.0
2024-08-09 00:00:00,26.53659,23.75357,1006.6344,1.8337412,0.7589836,0.86734563,84.72542,0.0
2024-08-09 06:00:00,32.893707,24.4982,1006.40186,1.7161417,-0.70842266,0.027029095,61.43745,0.016975217
2024-08-09 12:00:00,32.283844,25.143951,1004.7488,-1.749752,2.504879,0.41194677,66.08613,0.14278758
2024-08-09 18:00:00,27.986359,25.856995,1008.6175,1.1377734,1.6964734,0.92992735,88.23575,0.46615237
2024-08-10 00:00:00,26.868225,25.256378,1006.84564,1.9100361,0.42268276,0.32939804,90.905876,0.0
2024-08-10 06:00:00,32.076202,25.131134,1007.0,1.2720113,-1.2189817,0.27384973,66.81569,0.0
2024-08-10 12:00:00,32.019928,26.444244,1003.5625,-1.652255,1.7510996,0.42076927,72.45431,3.0472093
2024-08-10 18:00:00,27.049774,25.31607,1006.755,0.18738276,1.286074,0.45227098,90.26125,0.0
2024-08-11 00:00:00,27.389801,25.2117,1006.09625,1.0958633,-1.2690401,0.4417861,87.93135,0.0079217255
2024-08-11 06:00:00,32.732452,26.01065,1004.96936,0.9612706,-1.141655,0.47700232,67.83664,0.05159165
2024-08-11 12:00:00,32.47708,25.896027,1001.29,-0.9472742,0.66076946,0.35976335,68.354935,0.0
2024-08-11 18:00:00,27.621094,25.223816,1005.77875,2.113457,3.8510442,0.8653752,86.811714,2.0981593
2024-08-12 00:00:00,25.65216,23.934052,1004.8269,0.92073387,-0.5566803,0.73027706,90.249054,0.0
2024-08-12 06:00:00,31.724884,25.36145,1003.9419,0.573476,-1.2056904,0.17203718,69.0999,0.014901161
2024-08-12 12:00:00,32.61502,26.124664,1001.39874,-2.6322908,0.65510464,0.27536875,68.7491,0.0
2024-08-12 18:00:00,29.23111,26.15149,1005.08374,-0.38177872,2.1923256,0.9500139,83.52812,0.2630949
2024-08-13 00:00:00,26.957733,24.705658,1004.35376,0.5798311,1.0504855,0.81588036,87.50742,0.0
2024-08-13 06:00:00,32.467804,24.948181,1005.1319,-1.265029,0.5019016,0.14120454,64.64445,0.03338784
2024-08-13 12:00:00,31.992584,25.193115,1002.1806,-3.221301,0.5812279,0.39319396,67.38099,0.0
2024-08-13 18:00:00,29.034515,26.035828,1005.53125,-0.49159527,1.4497604,0.096087754,83.90721,0.044813626
2024-08-14 00:00:00,28.13623,25.431915,1003.9819,0.31243658,1.6763422,0.67597353,85.28974,0.042825848
2024-08-14 06:00:00,32.73831,25.649384,1004.4869,-0.28135735,0.8938409,0.52785015,66.37798,0.0
2024-08-14 12:00:00,31.265778,26.144653,1001.4444,-2.1338215,1.9026685,0.37487832,74.29777,0.50656736
2024-08-14 18:00:00,29.227814,26.03244,1005.1106,0.50374097,2.144827,0.48470294,82.95791,0.0
2024-08-15 00:00:00,27.660645,25.682587,1003.65625,0.42842895,0.16607255,0.8020972,89.004745,0.0
2024-08-15 06:00:00,31.865509,25.840607,1004.03815,0.3416556,2.6353846,0.96574193,70.528625,0.08249217
2024-08-15 12:00:00,30.905792,25.963623,1001.15125,-1.4515448,2.6876135,0.5197104,75.03035,0.055146128
2024-08-15 18:00:00,28.96231,26.179352,1004.1956,0.1276021,3.7164097,0.16089612,84.97673,0.0
2024-08-16 00:00:00,28.103027,25.587585,1002.23065,0.61010075,1.8581846,0.8189842,86.24869,0.014014542
2024-08-16 06:00:00,32.17093,26.8237,1003.29626,-0.6900835,2.5245934,0.9306051,73.46154,0.0026745554
2024-08-16 12:00:00,31.902618,26.259125,1000.1975,-1.7637396,1.9406416,0.50308496,72.14472,0.023555214
2024-08-16 18:00:00,29.547974,26.682648,1004.2375,0.48809052,2.9239655,0.39467573,84.62513,0.0
2024-08-17 00:00:00,28.07315,26.014893,1002.7056,0.8402383,0.33840245,0.8830184,88.61501,0.0
2024-08-17 06:00:00,33.71585,26.039764,1003.83563,1.29039,0.05807352,0.83805054,64.3046,0.086213805
2024-08-17 12:00:00,29.389069,26.252716,1001.8619,-1.340107,3.122058,0.9553949,83.26619,0.007520281
2024-08-17 18:00:00,28.60498,25.909119,1005.3144,1.2159774,2.3990245,0.41533798,85.37952,0.0
2024-08-18 00:00:00,27.845886,25.74234,1003.6831,1.2877429,0.15799332,0.58752507,88.359375,0.0
2024-08-18 06:00:00,33.901398,25.95694,1004.91,0.59370124,0.6535664,0.22756124,63.330044,0.0050575193
2024-08-18 12:00:00,32.498566,26.393463,1002.10065,-2.093526,1.546682,0.36399895,70.309586,0.0059134606
2024-08-18 18:00:00,28.033295,25.24768,1005.9263,0.035590768,3.4149876,0.7688277,84.86791,0.0
2024-08-19 00:00:00,28.158905,25.340393,1003.8569,0.5996205,2.075029,0.9373091,84.715,0.0009536743
2024-08-19 06:00:00,32.868805,26.066803,1005.41876,-0.116000175,1.0838574,1.0000005,67.5419,0.1417119
2024-08-19 12:00:00,29.713531,26.456238,1001.9919,0.77998805,2.1670227,0.9228761,82.71086,0.0
2024-08-19 18:00:00,28.243744,25.6669,1006.0444,0.66066086,2.6878324,0.4925272,85.948395,0.0
2024-08-20 00:00:00,27.401642,25.105865,1003.025,1.110935,2.329133,0.48352587,87.318306,0.0058189034
2024-08-20 06:00:00,31.193634,25.955719,1005.6206,0.090445995,2.7398136,0.726794,73.77442,0.057896897
2024-08-20 12:00:00,30.518463,25.746948,1001.96625,-0.39206505,4.1226406,0.3408789,75.73163,0.18011633
2024-08-20 18:00:00,28.31186,25.310059,1006.7994,0.9984102,4.3891764,0.9251475,83.81277,0.0
2024-08-21 00:00:00,27.92456,24.851532,1005.28375,1.4380071,3.4885092,0.72953683,83.41487,0.002399087
2024-08-21 06:00:00,32.11795,24.799988,1006.7619,2.2837372,4.1939106,0.74066794,65.35455,0.0
2024-08-21 12:00:00,30.509247,25.035248,1004.2656,1.9014901,5.220627,0.97196186,72.6326,0.05446528
2024-08-21 18:00:00,27.944153,24.28769,1007.41876,2.9301531,3.977601,0.98631,80.556435,0.041484833
2024-08-22 00:00:00,27.40976,22.631805,1006.5825,2.456454,2.613039,0.5476691,75.21268,0.0
2024-08-22 06:00:00,32.04532,23.773163,1007.77875,2.304719,1.7147639,0.5780316,61.70643,0.0
2024-08-22 12:00:00,31.316437,24.23172,1005.9219,-0.19808292,4.0384855,0.9999997,66.108864,0.0
2024-08-22 18:00:00,28.497894,25.672974,1008.4869,1.3208549,4.1577206,0.9464327,84.71803,0.0
2024-08-23 00:00:00,27.972565,25.115936,1007.5581,1.7341928,2.9009027,1.0,84.50349,9.49949e-05
2024-08-23 06:00:00,33.552032,25.503754,1007.60187,2.3276796,3.0442057,0.6285379,62.86714,0.0
2024-08-23 12:00:00,32.42984,25.457916,1005.35626,0.0012645721,4.0571504,0.9989383,66.77913,0.00028614886
2024-08-23 18:00:00,28.942291,25.263763,1008.58124,1.6188345,5.148115,0.9984193,80.579155,0.0
2024-08-24 00:00:00,28.180206,25.132996,1007.85626,2.3820865,4.192913,0.8368836,83.572,0.00047683716
2024-08-24 06:00:00,33.10367,24.269897,1008.9625,3.5161514,3.131713,0.974846,59.891937,0.0
2024-08-24 12:00:00,33.44693,23.49002,1005.0419,2.6631813,2.7758913,0.96544176,56.058395,0.0
2024-08-24 18:00:00,30.19278,24.841827,1008.8169,1.6460538,3.5956895,0.8674114,73.11353,0.0
2024-08-25 00:00:00,28.616974,22.951263,1007.6525,2.8872736,1.9236028,0.9832958,71.471504,0.0
2024-08-25 06:00:00,34.1232,23.185516,1008.02563,3.8694477,2.3270388,0.986237,52.99562,0.0
2024-08-25 12:00:00,34.213654,23.261383,1004.495,2.8191726,1.3587637,0.67653054,52.971344,0.0
2024-08-25 18:00:00,29.272064,24.412506,1007.49,1.6557407,3.1502604,0.74967533,75.13991,0.0
2024-08-26 00:00:00,27.714874,21.81662,1006.5712,3.9170456,1.3715479,0.946248,70.30517,0.0
2024-08-26 06:00:00,33.89859,23.151764,1006.71436,4.5711994,1.7841718,0.68225235,53.554726,0.0
2024-08-26 12:00:00,34.326935,23.29129,1003.6069,2.1902666,1.7410574,0.8497564,52.733303,0.0
2024-08-26 18:00:00,29.71811,25.826324,1007.0831,1.7400169,3.8875947,0.99867,79.66642,0.0
2024-08-27 00:00:00,28.711578,22.4617,1006.4988,3.2748673,2.0019581,0.9860961,69.000565,0.0
2024-08-27 06:00:00,33.007233,23.958923,1007.16815,4.7637777,1.9603558,0.91445816,59.10389,0.0
2024-08-27 12:00:00,32.37906,25.36258,1005.0575,1.2378892,-0.23571134,0.99999774,66.592415,0.6147623
2024-08-27 18:00:00,28.967407,25.686798,1008.9819,1.4635862,3.37388,0.9980037,82.50992,0.0
2024-08-28 00:00:00,27.84903,23.581879,1007.0125,3.1179914,0.83416873,0.9996034,77.64059,0.0
2024-08-28 06:00:00,31.920563,23.807404,1007.9775,2.8382654,0.08820975,1.0,62.272114,0.0
2024-08-28 12:00:00,31.771027,24.125153,1005.6838,-0.6375904,0.27159148,1.0,64.01278,0.007437542
2024-08-28 18:00:00,29.54187,25.417023,1007.52,1.5820329,1.8501787,1.0,78.5481,0.056267694
2024-08-29 00:00:00,28.229095,23.258698,1005.77,2.422515,1.1819048,0.9982241,74.473045,0.0
2024-08-29 06:00:00,32.769318,23.960175,1006.0594,3.4341183,0.57600397,1.0,59.904842,0.0
2024-08-29 12:00:00,29.860992,26.411285,1003.96936,0.2981283,2.1235962,1.0,81.79475,1.3276343
2024-08-29 18:00:00,27.216888,25.267548,1005.8812,2.3362947,1.9038733,0.99560714,89.12274,0.0
2024-08-30 00:00:00,27.148651,23.444489,1004.77563,3.355219,2.3909864,0.9944267,80.22196,0.0
2024-08-30 06:00:00,31.302399,24.55661,1006.58624,4.329755,1.9732327,0.99999994,67.46171,0.0
2024-08-30 12:00:00,31.224518,25.241486,1003.6262,2.2048292,2.7488601,1.0,70.58788,0.84164107
2024-08-30 18:00:00,27.307281,24.020416,1006.17126,2.6598663,2.0891635,0.99927986,82.28262,0.0
2024-08-31 00:00:00,27.605621,23.503021,1005.3031,3.510728,2.0631957,1.0,78.37923,0.0
2024-08-31 06:00:00,33.131866,24.238495,1005.4425,4.0396557,2.031532,1.0,59.684647,0.0001899898
2024-08-31 12:00:00,30.158234,24.240265,1002.9725,1.4473588,1.1820612,1.0,70.668945,0.019263476
2024-08-31 18:00:00,29.202423,24.589752,1005.2519,2.270811,2.859559,1.0000036,76.24738,0.0
2024-09-01 00:00:00,27.818329,23.041962,1004.1206,3.1766968,2.688369,0.88681203,75.28509,0.0
2024-09-01 06:00:00,34.44571,23.746063,1005.10626,3.7804852,2.834333,0.5623162,53.841965,0.0
2024-09-01 12:00:00,30.017975,26.209778,1002.22125,1.1945877,2.07938,0.7754309,80.10124,0.33206934
2024-09-01 18:00:00,28.757233,24.802765,1005.2381,1.2582152,2.3653727,0.2480483,79.24026,0.0
2024-09-02 00:00:00,27.836273,23.921478,1004.3156,3.256154,0.82667065,0.564465,79.30272,0.0
2024-09-02 06:00:00,33.59964,24.215912,1004.8956,3.3799133,0.19966155,0.42765749,58.060963,0.00047683716
2024-09-02 12:00:00,32.469635,25.09378,1001.36,-0.14499187,1.9189279,0.9727337,65.20124,0.24616718
2024-09-02 18:00:00,29.940216,26.51651,1005.72125,1.6946223,3.7256963,0.9741554,81.92985,0.0
2024-09-03 00:00:00,28.305695,23.14035,1004.39,3.1988573,0.70788765,0.7215692,73.613434,0.0
2024-09-03 06:00:00,32.974396,24.46286,1006.7875,2.5562544,1.3857946,0.6799218,61.030037,0.0
2024-09-03 12:00:00,32.3555,24.733917,1003.9856,0.21215612,3.3776727,0.8527743,64.22886,0.0003874302
2024-09-03 18:00:00,29.09259,24.945465,1006.78564,1.996521,2.5302896,0.9789426,78.38077,0.0
2024-09-04 00:00:00,28.242523,23.02481,1006.4175,3.30789,1.4027338,0.97899085,73.37002,0.0
2024-09-04 06:00:00,33.0336,24.292206,1007.0375,2.9112873,0.45044726,0.9928711,60.208626,0.0
2024-09-04 12:00:00,32.07242,24.966583,1003.8575,-0.8735237,0.8324724,0.99230903,66.17779,0.0020023435
2024-09-04 18:00:00,29.478912,25.029083,1005.8794,1.633132,2.9284477,0.99888927,77.03428,0.0
2024-09-05 00:00:00,28.51239,23.15622,1004.3844,3.2880154,1.4463806,0.683455,72.803986,0.0
2024-09-05 06:00:00,35.131744,23.608917,1005.1719,3.0500069,0.09415454,0.19638348,51.4044,0.0
2024-09-05 12:00:00,34.739166,24.339752,1001.7925,-0.26855946,0.3205595,0.6201267,54.893566,9.5460564e-05
2024-09-05 18:00:00,30.01767,25.639679,1005.2419,2.047788,4.277468,0.98126817,77.44373,0.0009536743
2024-09-06 00:00:00,28.946991,22.675323,1003.6394,3.5800047,0.8423233,0.99645376,68.95421,0.0
2024-09-06 06:00:00,33.29825,23.727814,1006.03937,2.7032728,-0.8330345,1.0,57.343285,0.000762986
2024-09-06 12:00:00,32.18033,25.257843,1003.4944,-0.120594084,2.4244826,0.99999994,66.92623,0.056174353
2024-09-06 18:00:00,29.211761,25.055084,1006.0725,1.5340357,2.8958755,0.99677724,78.35299,0.0
2024-09-07 00:00:00,28.799103,22.575958,1004.615,3.758665,1.1271257,0.8437446,69.12937,0.0
2024-09-07 06:00:00,33.992096,23.675629,1006.34436,3.7364178,0.075579464,1.0,54.986637,0.000762986
2024-09-07 12:00:00,32.932526,24.135406,1003.78,-1.149827,1.1702849,1.0,59.985004,0.055408806
2024-09-07 18:00:00,29.35971,25.45877,1006.9444,0.888281,2.9238386,1.0,79.57511,0.0
2024-09-08 00:00:00,28.790558,21.84085,1006.0769,3.4736795,0.94441473,1.0,66.13637,0.0
2024-09-08 06:00:00,32.910187,23.067963,1006.8225,4.097166,2.0058005,0.9967538,56.319366,0.0
2024-09-08 12:00:00,32.73526,23.746735,1004.14185,2.3566816,2.6680002,0.99960345,59.25439,0.57832897
2024-09-08 18:00:00,30.262604,22.512238,1006.4944,3.3904793,2.0937657,0.9925478,63.29009,0.0
2024-09-09 00:00:00,28.509552,22.539703,1004.9906,3.4070063,1.8252494,0.96115667,70.14611,0.0
2024-09-09 06:00:00,34.13675,23.52005,1004.8894,4.0453005,2.793435,0.99235314,54.035805,0.0
2024-09-09 12:00:00,31.22647,25.129791,1001.85315,2.5318327,2.891834,0.7419531,70.11222,0.20270239
2024-09-09 18:00:00,29.319916,23.312042,1004.615,3.2664175,2.0579681,0.7666552,70.134544,0.0
2024-09-10 00:00:00,28.894684,22.862946,1004.675,3.361226,2.1295452,0.21032369,69.95461,0.0
2024-09-10 06:00:00,35.223297,23.137482,1004.895,5.121231,2.077487,0.62867326,49.709938,0.0002863817
2024-09-10 12:00:00,35.315582,21.940704,1001.15625,2.8364267,2.3859386,0.43812758,45.989723,0.0
2024-09-10 18:00:00,30.924347,22.015411,1005.9288,2.935627,1.9842472,0.27536517,59.12388,0.0
2024-09-11 00:00:00,29.052704,22.946503,1004.89874,4.080145,1.7344306,0.93802994,69.66925,0.0
2024-09-11 06:00:00,34.62857,23.108551,1006.1825,3.259181,2.1818075,0.69218516,51.286476,0.0
2024-09-11 12:00:00,31.586823,24.668,1004.0069,0.93427986,4.2380934,0.80146545,66.823166,0.03795022
2024-09-11 18:00:00,29.835266,23.707062,1007.1281,3.0088453,2.6387596,1.0000006,69.72285,0.0
2024-09-12 00:00:00,28.465668,22.657745,1006.8031,3.7922974,1.5045882,0.9650203,70.83094,0.0
2024-09-12 06:00:00,34.65555,23.099213,1006.8175,3.6538048,1.7431426,0.92684007,51.180775,0.0
2024-09-12 12:00:00,34.66568,23.492584,1004.3475,0.518178,-0.5278883,0.7272895,52.38163,0.0027650967
2024-09-12 18:00:00,29.697662,26.403229,1006.7413,0.79523367,4.151636,0.99999976,82.52799,0.0
2024-09-13 00:00:00,29.482605,25.67044,1006.2369,2.4906683,2.5907083,0.9607474,80.012024,0.0
2024-09-13 06:00:00,34.766754,22.917633,1006.3569,2.8368683,0.21969849,0.48234463,50.309814,0.0
2024-09-13 12:00:00,34.923004,22.697418,1003.20123,-1.1489811,2.4622421,1.0000001,49.214363,0.003718771
2024-09-13 18:00:00,30.053192,25.71402,1006.20685,1.6203429,3.6777363,0.9986699,77.62744,0.0
2024-09-14 00:00:00,29.67102,22.525421,1005.1287,2.982687,1.3481226,1.0,65.531395,0.0
2024-09-14 06:00:00,34.984406,22.683197,1005.84937,2.8290539,-0.14740485,0.9842264,49.00486,9.522773e-05
2024-09-14 12:00:00,34.442535,24.671417,1003.15936,0.5478277,0.15869522,0.929733,56.924683,0.028813025
2024-09-14 18:00:00,30.65268,24.56668,1006.4344,1.091298,2.2384014,0.8476488,70.05137,0.0
2024-09-15 00:00:00,28.914398,22.967682,1004.95624,3.2141733,0.26198483,0.91959673,70.31939,0.0
2024-09-15 06:00:00,35.154694,22.010101,1005.6406,2.7841864,-0.50508213,0.41293257,46.597668,0.0
2024-09-15 12:00:00,35.18448,22.393097,1002.66064,-1.396801,0.89684105,0.42627573,47.618504,0.0
2024-09-15 18:00:00,30.794159,25.7034,1006.4888,0.5769468,4.121784,0.2291553,74.3548,0.0
2024-09-16 00:00:00,29.311157,22.800201,1005.14813,2.6584444,1.0191793,0.15632421,68.03052,0.0
2024-09-16 06:00:00,35.582184,21.67337,1005.8056,2.5928698,-1.3710041,0.03895184,44.583664,0.0
2024-09-16 12:00:00,35.626617,22.255157,1002.6825,-0.81129456,0.87625027,0.20253754,46.081093,0.0
2024-09-16 18:00:00,30.661346,25.516388,1006.6281,1.6611674,4.2274137,0.27568072,74.09435,0.0
2024-09-17 00:00:00,30.090057,22.915314,1005.3019,3.5827713,0.38782787,0.24910884,65.501816,0.0
2024-09-17 06:00:00,35.884064,21.675934,1005.5637,2.9268503,-1.6924295,0.13226023,43.85482,0.0
2024-09-17 12:00:00,35.399323,22.726105,1001.8681,-0.3810253,1.8557882,0.29925805,48.017376,0.0005720649
2024-09-17 18:00:00,30.746124,24.161652,1005.10626,1.687272,4.029787,0.15991747,68.00785,0.0
2024-09-18 00:00:00,29.535858,21.93216,1003.96436,3.166031,1.0319834,0.4877051,63.701218,0.0
2024-09-18 06:00:00,35.453156,20.16043,1004.4475,2.44195,-1.7708473,0.16593097,40.914,0.0
2024-09-18 12:00:00,34.514557,23.351227,1001.09375,-2.14781,2.9568052,0.3294897,52.374817,0.0
2024-09-18 18:00:00,29.742645,25.815948,1004.9875,1.347615,4.3061404,0.11308756,79.50507,0.0
2024-09-19 00:00:00,28.747223,21.487091,1004.41187,2.274208,1.6227732,0.091187924,64.88422,0.0
2024-09-19 06:00:00,33.888092,21.232697,1005.21936,2.0321808,-1.6851902,0.7745641,47.676296,0.0
2024-09-19 12:00:00,34.146637,21.131989,1001.9481,-0.5917702,0.23638058,0.22227763,46.703888,0.0001906883
2024-09-19 18:00:00,29.634064,25.7753,1005.2537,1.0192292,4.045584,0.95476925,79.81127,0.0
2024-09-20 00:00:00,29.661163,22.6763,1003.9881,3.2392893,0.9056711,0.97535264,66.171936,0.0
2024-09-20 06:00:00,34.84793,21.83731,1004.8137,2.9411812,-0.48015308,0.90441525,46.899426,0.0
2024-09-20 12:00:00,34.804474,22.88089,1002.1238,-0.77180195,1.193182,0.53992045,50.093014,0.014681369
2024-09-20 18:00:00,29.84311,25.20816,1005.0425,1.5896089,4.344133,0.96813893,76.24408,0.0
2024-09-21 00:00:00,29.140747,21.287384,1004.1244,3.992569,-0.16021442,0.9950018,62.651188,0.0
2024-09-21 06:00:00,34.910187,22.62497,1005.59564,1.72785,-0.90331364,0.9999975,49.03332,0.0
2024-09-21 12:00:00,32.28189,23.883087,1002.3044,-2.0050783,2.580453,0.9927876,61.29019,0.003144145
2024-09-21 18:00:00,29.420319,24.525787,1005.76935,0.39882314,3.049331,0.9992799,75.00637,0.0
2024-09-22 00:00:00,29.297455,21.52066,1003.2425,3.2705698,0.35377598,0.97145,62.979935,0.0
2024-09-22 06:00:00,34.24185,21.94278,1004.96313,2.4713497,-1.6029158,0.9996023,48.819775,0.0
2024-09-22 12:00:00,32.618073,23.82486,1001.5375,0.7456207,0.7509041,0.9989384,59.927994,0.0
2024-09-22 18:00:00,29.78418,25.002106,1004.60126,1.1631031,3.6038218,0.4671005,75.569626,0.0
2024-09-23 00:00:00,29.319794,22.753754,1002.85565,2.7825212,1.0821524,0.96867096,67.80541,0.0
2024-09-23 06:00:00,33.15274,23.265533,1003.96936,2.4857645,-0.48598832,0.4756165,56.224262,0.09191036
2024-09-23 12:00:00,34.262238,23.704254,1001.27185,0.2236824,3.0915055,0.8596636,54.258,0.04143268
2024-09-23 18:00:00,30.370026,24.537018,1003.96436,1.7165663,2.9873838,0.93525034,71.067795,0.0
2024-09-24 00:00:00,28.935974,22.648346,1002.59564,4.072962,0.9046195,0.9164093,68.88533,0.00057183206
2024-09-24 06:00:00,34.83658,23.275055,1003.9963,3.3919563,0.98413754,0.90130156,51.21036,0.0
2024-09-24 12:00:00,31.77652,23.676422,1000.71313,-0.7556515,3.7881231,0.8199827,62.289684,9.685755e-05
2024-09-24 18:00:00,29.90509,24.116608,1003.6887,2.283895,2.932189,0.980798,71.17415,0.0
2024-09-25 00:00:00,28.826752,21.487274,1002.96313,2.1502876,1.3280542,0.97691715,64.58648,0.0
2024-09-25 06:00:00,34.87491,23.286102,1003.8744,2.875894,1.5285451,0.9529537,51.1357,0.0
2024-09-25 12:00:00,33.626617,23.940826,1001.0525,-0.23764515,3.743339,0.86468047,57.02384,0.0022887252
2024-09-25 18:00:00,29.4003,25.722565,1004.10626,0.91225266,4.086384,0.9202832,80.641815,0.0
2024-09-26 00:00:00,29.567963,22.60257,1002.76935,2.4401293,0.42143822,1.0000001,66.23124,0.0
2024-09-26 06:00:00,33.691925,23.340118,1004.8894,0.09694004,0.23977822,0.9939269,54.79691,0.0041961903
2024-09-26 12:00:00,31.739777,24.955719,1002.0494,-2.2997112,0.92732024,0.9688415,67.39332,0.0
2024-09-26 18:00:00,29.687103,25.717072,1005.9775,0.17220056,2.6215034,0.5948663,79.293564,0.08332729
2024-09-27 00:00:00,28.859375,25.576935,1005.2575,1.1054046,2.0318346,0.898643,82.488266,0.0
2024-09-27 06:00:00,33.754913,24.873077,1007.275,0.16594791,-0.36043167,0.9719605,59.866833,0.0013350509
2024-09-27 12:00:00,30.602325,24.655853,1004.4775,-2.4522324,0.7949953,0.6846815,70.62902,0.05742302
2024-09-27 18:00:00,28.420502,24.76474,1007.76373,-0.9021263,2.0532584,0.39422917,80.62132,1.1181831
2024-09-28 00:00:00,28.72229,24.9805,1006.95935,0.15363896,0.5740223,0.9966534,80.24752,0.0
2024-09-28 06:00:00,33.171417,25.284943,1008.21375,-0.8645029,-0.09745216,0.3599198,63.393204,0.0047646463
2024-09-28 12:00:00,31.422089,24.385803,1005.17126,-3.1634216,-0.045291126,0.0460948,66.32235,0.0
2024-09-28 18:00:00,28.327179,25.692413,1009.1025,-1.4655895,0.8808174,0.087554246,85.66168,0.0
2024-09-29 00:00:00,28.308075,25.60141,1008.1138,-0.33282948,-0.46923923,0.8596213,85.295135,0.3414243
2024-09-29 06:00:00,32.449005,26.61612,1009.2594,-1.9556532,-0.15688771,0.3826694,71.43817,0.0
2024-09-29 12:00:00,31.338531,25.349518,1006.59,-3.5350542,0.6578146,0.08051979,70.583435,0.0
2024-09-29 18:00:00,28.482452,25.996521,1009.4344,-1.432477,1.4466319,0.1385647,86.43534,0.012014061
2024-09-30 00:00:00,28.366913,25.257141,1008.625,-0.6268616,0.40178722,0.25107205,83.282196,0.063998446
2024-09-30 06:00:00,30.400421,25.828339,1010.16125,-1.3301373,1.0430583,0.66852033,76.61398,0.0
2024-09-30 12:00:00,30.642548,24.22937,1006.02814,-3.3045435,1.1410275,0.18470669,68.6902,0.0
2024-09-30 18:00:00,28.311218,25.260956,1008.02313,-1.2322149,0.6926279,0.311827,83.57135,0.0
2024-10-01 00:00:00,27.725647,24.920197,1006.7825,-0.19503784,0.9261989,0.49757296,84.73575,0.011442229
2024-10-01 06:00:00,33.360138,24.105377,1007.3244,-0.638711,1.7952042,0.5423026,58.456284,0.0
2024-10-01 12:00:00,31.179596,24.529694,1004.3744,-3.0977879,2.1233082,0.699412,67.825775,0.0
2024-10-01 18:00:00,29.158112,25.389648,1008.7019,-0.18632221,2.8976803,0.91297317,80.17725,0.0020046718
2024-10-02 00:00:00,28.177765,25.196411,1006.8,2.3540978,2.8842964,0.97072065,83.9001,0.0
2024-10-02 06:00:00,33.738556,24.682404,1007.705,2.4247808,4.445491,0.14563358,59.24314,0.0013317913
2024-10-02 12:00:00,33.07901,25.004364,1004.46313,0.6361862,5.015256,0.4707045,62.667076,0.0
2024-10-02 18:00:00,28.732971,24.14328,1008.4275,2.603551,4.0421143,1.0000002,76.2804,0.0
2024-10-03 00:00:00,28.175201,23.494598,1007.0563,2.9224396,3.2003803,1.0000002,75.77829,0.0
2024-10-03 06:00:00,34.92691,24.28598,1007.2681,3.1068392,1.5490539,0.9735058,54.15001,0.0012393575
2024-10-03 12:00:00,32.289948,24.12967,1003.65936,-0.11568165,3.253768,0.5087079,62.17642,0.0
2024-10-03 18:00:00,29.179749,24.865936,1008.0,1.5952289,3.0351644,0.8474304,77.61755,0.12212097
2024-10-04 00:00:00,28.698517,25.359467,1006.52374,2.4513927,2.4441566,0.99879146,82.19227,0.0
2024-10-04 06:00:00,35.493073,24.982574,1007.3094,2.0465565,0.8520103,0.96716046,54.71183,0.00762986
2024-10-04 12:00:00,30.313446,25.84439,1004.3837,-0.14967823,3.489563,0.8910636,77.0701,0.076949134
2024-10-04 18:00:00,26.40216,24.997772,1008.33185,2.2916164,0.91743696,0.9585694,92.007706,1.9304824
2024-10-05 00:00:00,26.391022,24.859009,1006.8219,2.772025,0.08348274,0.99888325,91.309265,0.0
2024-10-05 06:00:00,30.286163,26.207,1007.845,2.88766,-1.0874662,1.0,78.86476,0.0
2024-10-05 12:00:00,31.886444,24.66391,1005.34875,-0.40775013,0.62943965,0.99548256,65.680786,0.042921424
2024-10-05 18:00:00,27.62967,25.597504,1007.9906,1.6030742,2.8173573,0.9805818,88.717064,0.0
2024-10-06 00:00:00,26.530884,24.194733,1007.01,1.0949531,-0.83172035,1.0,87.030396,0.43909168
2024-10-06 06:00:00,29.40091,25.179352,1008.9906,0.7141998,-1.2697735,1.0,78.07761,0.0
2024-10-06 12:00:00,28.883026,23.156158,1005.4194,-0.68987083,1.1815677,0.9947446,71.25512,0.0
2024-10-06 18:00:00,27.55597,24.161652,1008.60376,-0.29375267,1.2890912,0.9445754,81.78355,0.0
2024-10-07 00:00:00,27.824402,24.363434,1007.71936,-0.3115301,-0.1879192,0.8784067,81.490395,0.0046752393
2024-10-07 06:00:00,31.345245,25.062103,1009.7581,-0.43756866,-0.54005146,0.7646859,69.359535,0.22107106
2024-10-07 12:00:00,28.923553,25.130371,1007.0019,-1.7859564,0.38584036,0.9694988,80.02858,0.0
2024-10-07 18:00:00,27.843048,25.169312,1010.46875,0.057331085,2.3465564,0.99115026,85.415634,0.23396364
2024-10-08 00:00:00,26.753906,25.178558,1008.765,0.12163168,-0.4629345,0.9942701,91.09629,0.0
2024-10-08 06:00:00,31.989899,26.112762,1009.9075,0.6213905,0.24428087,0.9859205,71.170616,0.06839217
2024-10-08 12:00:00,29.682495,25.469696,1007.285,-3.1224613,0.04560089,0.78091246,78.15844,0.0
2024-10-08 18:00:00,27.747772,25.136292,1009.7344,-0.23521996,1.2017522,0.99999976,85.72346,0.017546117
2024-10-09 00:00:00,26.296204,24.407349,1007.84625,0.31278688,-0.61259174,0.9994576,89.37546,0.02812827
2024-10-09 06:00:00,31.855011,25.334686,1008.7969,-1.8245344,0.8079811,0.98532546,68.48272,0.044721875
2024-10-09 12:00:00,29.514862,24.833557,1005.3,-1.9488268,0.724625,0.72599864,75.98332,0.0
2024-10-09 18:00:00,27.469727,25.314117,1008.3606,0.4460764,1.589385,0.87999463,88.05577,0.0151619315
2024-10-10 00:00:00,26.312836,24.96878,1006.4475,1.5356169,0.09046936,0.94910085,92.334335,0.0
2024-10-10 06:00:00,30.745758,25.71936,1007.65436,-1.064827,-0.46988583,0.99743855,74.631325,0.05741458
2024-10-10 12:00:00,28.637146,24.639374,1003.8825,-0.90301895,-0.14268988,0.48765355,79.019,0.0
2024-10-10 18:00:00,26.953339,24.886871,1007.51373,0.1417427,1.486481,0.8211154,88.482315,0.53032583
2024-10-11 00:00:00,26.22052,25.036377,1005.5044,0.613822,0.0029600859,0.867795,93.21407,0.0
2024-10-11 06:00:00,30.34793,26.095245,1006.78876,-1.2051373,-0.08197689,0.939169,78.06859,0.08078982
2024-10-11 12:00:00,29.94638,25.654419,1004.3781,-2.6759386,0.7746166,0.52963364,77.829704,0.44028306
2024-10-11 18:00:00,27.151215,25.515839,1007.05,-0.53210926,0.9318478,0.49045813,90.79711,0.0
2024-10-12 00:00:00,26.191376,24.938538,1006.4506,0.2598753,0.060769796,0.9647157,92.83158,1.9207069
2024-10-12 06:00:00,31.662628,25.80362,1007.6281,-1.3444996,-1.6800156,0.9838798,71.18874,0.0
2024-10-12 12:00:00,29.59671,25.795166,1005.14,-1.013794,0.15340233,0.80850154,80.077484,0.34922388
2024-10-12 18:00:00,26.726105,25.424622,1008.325,0.5473604,0.41250712,0.98668814,92.59097,0.0
2024-10-13 00:00:00,26.204834,24.614685,1006.72876,1.2557964,-0.57317066,1.0000002,90.98097,0.001043139
2024-10-13 06:00:00,30.901764,25.833038,1008.03,-0.13430095,-0.54996204,0.97767437,74.469444,0.17356554
2024-10-13 12:00:00,28.862762,24.795593,1005.7325,-0.908267,0.16478473,1.0000001,78.72332,0.0
2024-10-13 18:00:00,26.840485,25.098389,1007.8194,0.042962074,0.41151905,0.98659927,90.201775,0.0
2024-10-14 00:00:00,25.676086,24.478027,1006.23627,1.6626914,-2.282197,1.0,93.109856,0.41626284
2024-10-14 06:00:00,26.497772,25.338715,1008.2,2.2011716,-0.029403687,0.9999998,93.366745,2.073857
2024-10-14 12:00:00,26.309052,24.230103,1005.40564,2.0493464,-0.5809336,1.0,88.36412,0.9410937
2024-10-14 18:00:00,24.957428,24.016998,1007.21063,3.39334,2.259431,1.0,94.52689,1.1549029
2024-10-15 00:00:00,25.126556,22.896118,1005.1819,2.5701294,0.57994175,0.9934448,87.461426,0.0
2024-10-15 06:00:00,28.273468,23.850128,1007.45374,2.513239,0.5734311,1.0,76.976524,0.0
2024-10-15 12:00:00,26.10434,25.029907,1005.33185,0.98883873,0.26692104,1.0,93.82021,5.438476
2024-10-15 18:00:00,25.574127,24.81247,1007.47314,1.5365114,-1.3252516,1.0,95.566635,0.0
2024-10-16 00:00:00,25.253815,24.133026,1005.46313,1.8535547,-0.013902664,1.0,93.52165,0.46075922
2024-10-16 06:00:00,31.048615,24.4039,1006.62,2.767394,-0.34198272,0.98888,67.821365,0.0
2024-10-16 12:00:00,30.36087,24.752716,1003.6344,1.7464008,1.6298816,0.99893856,72.02791,0.0
2024-10-16 18:00:00,27.163727,24.514496,1006.65186,1.163485,3.4215362,0.7284282,85.472786,0.0
2024-10-17 00:00:00,26.7258,25.051117,1005.1906,2.3514643,1.1028309,0.9474705,90.55703,0.055879354
2024-10-17 06:00:00,32.16043,24.0784,1007.0825,2.1541367,1.5243164,0.95938396,62.440895,0.0
2024-10-17 12:00:00,30.835175,25.045593,1004.12,0.3333794,1.4212708,0.7007903,71.33556,0.0
2024-10-17 18:00:00,28.160309,25.362457,1007.0687,0.29383212,2.0471191,0.77413774,84.819275,0.35186717
2024-10-18 00:00:00,27.618774,25.89273,1005.335,1.5391494,1.3560448,0.95914817,90.34122,0.0
2024-10-18 06:00:00,31.605988,25.28946,1007.79376,0.70613474,-0.9586458,0.9927492,69.27057,0.0
2024-10-18 12:00:00,30.202179,24.878021,1005.35376,-1.5131645,0.8853288,0.9799805,73.23212,0.05808268
2024-10-18 18:00:00,27.277435,25.47464,1008.1719,0.40615758,0.8993467,0.99343455,89.90716,0.018561497
2024-10-19 00:00:00,25.81836,24.731537,1007.34436,2.2505896,-0.07249355,0.9923068,93.738,2.9236438
2024-10-19 06:00:00,29.56778,25.410858,1009.6256,2.616891,-1.5942717,0.9895433,78.40214,0.0
2024-10-19 12:00:00,30.03415,25.473297,1005.9875,1.130517,-0.1418562,0.3820005,76.60986,0.0
2024-10-19 18:00:00,27.184357,24.931427,1008.8575,1.3956866,0.6038785,0.42383003,87.52263,0.0
2024-10-20 00:00:00,26.798126,24.860565,1008.6744,0.48122174,-0.8146877,0.52317524,89.15341,0.10441244
2024-10-20 06:00:00,30.63089,25.54898,1009.8075,-0.056752324,-1.0940771,0.4650535,74.36732,0.17015636
2024-10-20 12:00:00,30.000519,25.637909,1006.765,-1.5411501,0.57637805,0.9114068,77.51193,0.0
2024-10-20 18:00:00,28.189545,25.927155,1009.72437,-1.2595749,0.31333983,0.732968,87.56028,0.5475899
2024-10-21 00:00:00,27.042572,25.1391,1008.8225,0.86386,0.49434268,0.7574425,89.35329,0.0
2024-10-21 06:00:00,31.70169,26.901337,1009.6863,0.49727637,-0.3198986,0.8249222,75.78579,0.033657964
2024-10-21 12:00:00,30.555634,25.96344,1006.5744,-0.60935456,0.23558486,0.2723657,76.54619,0.24993171
2024-10-21 18:00:00,27.226654,25.71637,1009.22626,-0.96009445,-0.20196784,0.08999634,91.47849,0.0
2024-10-22 00:00:00,27.13684,25.003754,1008.78625,-0.019327164,-1.1268015,0.8801894,88.14634,0.0019028243
2024-10-22 06:00:00,32.432526,26.257172,1009.7019,0.223019,-0.29159737,0.87968636,70.00653,0.10424387
2024-10-22 12:00:00,28.712067,25.0766,1007.52936,-0.9406967,0.64082533,0.21257263,80.756454,0.08463536
2024-10-22 18:00:00,27.419403,25.563751,1009.92,1.5699017,0.32869273,0.44696754,89.63557,0.0
2024-10-23 00:00:00,26.760712,24.839111,1007.54626,1.3266697,-0.6476307,0.83964777,89.23558,0.0
2024-10-23 06:00:00,32.287506,25.23648,1008.83563,0.70593673,-0.35123402,0.6574171,66.437454,0.101665676
2024-10-23 12:00:00,31.263641,24.940582,1006.21313,-1.3526545,0.81608105,0.99453634,69.17938,0.0
2024-10-23 18:00:00,28.457855,25.762238,1009.0575,0.20697826,1.9524713,1.0,85.36607,0.17929077
2024-10-24 00:00:00,27.315704,24.588348,1007.40314,1.9514122,1.5259528,0.98214716,85.08955,0.0
2024-10-24 06:00:00,31.29306,25.163177,1008.5681,2.6692533,1.9938774,0.98647404,69.98597,0.0
2024-10-24 12:00:00,29.26297,26.010712,1006.0631,0.09754652,0.24366623,0.97784275,82.68319,1.3460625
2024-10-24 18:00:00,26.194183,24.65982,1008.65436,0.4197153,2.4693017,1.000001,91.28425,0.0
2024-10-25 00:00:00,26.64743,24.62561,1007.3144,1.9345992,1.0388188,0.9783517,88.69415,0.0025035797
2024-10-25 06:00:00,30.732697,26.152039,1008.8162,2.269333,1.2494175,0.9039473,76.62511,0.14568087
2024-10-25 12:00:00,29.914032,24.553802,1006.53815,0.29511076,2.5212483,0.61742204,73.02576,0.0
2024-10-25 18:00:00,26.914764,24.724213,1009.20685,1.7481165,2.7595792,0.9281728,87.82602,0.0
2024-10-26 00:00:00,27.108673,24.701447,1007.7081,2.3307438,1.3446095,0.96934557,86.71334,9.685755e-05
2024-10-26 06:00:00,32.3284,25.720367,1008.3025,2.1607409,0.8548285,0.13215137,68.21729,0.009916723
2024-10-26 12:00:00,31.567474,25.418854,1005.1931,0.7540446,0.95564115,0.1684621,69.95848,0.25302172
2024-10-26 18:00:00,28.12326,25.780365,1007.8694,1.0671177,2.8601196,0.34638476,87.13786,0.0
2024-10-27 00:00:00,27.773468,24.809052,1006.60815,2.5311213,2.0402253,0.21296877,83.94071,0.0
2024-10-27 06:00:00,33.50589,24.66043,1007.45374,1.9240808,-0.5826063,0.23415494,59.940804,0.008679926
2024-10-27 12:00:00,31.913544,23.356598,1004.0712,-0.26888,1.7993708,0.22219121,60.6274,0.0
2024-10-27 18:00:00,28.213776,25.282806,1006.10187,0.3154726,2.823138,0.21188635,84.15598,0.0
2024-10-28 00:00:00,28.18216,26.099335,1005.82935,1.2656822,1.255767,0.69134235,88.49499,0.047389418
2024-10-28 06:00:00,33.282745,25.075165,1006.7469,1.4869518,1.2543356,0.18181586,62.216347,0.0
2024-10-28 12:00:00,32.488068,24.624237,1004.40875,-0.41031402,1.4615719,0.18086165,63.333458,0.0
2024-10-28 18:00:00,28.863739,25.92099,1007.33813,0.8916026,3.0064554,0.21438801,84.166985,0.0
2024-10-29 00:00:00,28.253693,25.873993,1006.23627,1.5353079,1.6199427,0.31199527,86.95969,0.0
2024-10-29 06:00:00,33.32254,24.044342,1007.8,1.6285146,0.05056286,0.32691532,58.36541,0.0135451555
2024-10-29 12:00:00,31.422089,24.984283,1005.72687,-1.1443195,0.75039625,0.373627,68.73741,0.0782758
2024-10-29 18:00:00,28.748962,26.400177,1007.7325,0.04352814,2.3351805,0.16095066,87.16298,0.0
2024-10-30 00:00:00,28.182953,25.9794,1006.70935,1.1739819,1.8747854,0.15717506,87.86523,0.011159107
2024-10-30 06:00:00,32.292755,25.762238,1008.6281,0.3851151,1.1095622,0.28179866,68.52474,0.0
2024-10-30 12:00:00,30.237701,26.07785,1006.5825,-1.6300497,1.1896672,0.41364902,78.48273,0.0
2024-10-30 18:00:00,28.375092,26.319,1009.52124,-0.93300533,0.99115664,0.07989596,88.65025,0.029850751
2024-10-31 00:00:00,27.101929,25.079803,1008.1856,0.83637,0.1392231,0.30516136,88.72841,0.0
2024-10-31 06:00:00,31.089142,25.614044,1009.8663,-1.0091858,0.98831445,0.38247573,72.72708,0.07152493
2024-10-31 12:00:00,28.799042,24.819855,1007.38,-1.7668571,0.5144562,0.5433296,79.12912,0.20622364
2024-10-31 18:00:00,27.210602,25.385773,1010.0613,-0.5866022,0.7736196,0.46091843,89.78475,0.0
2024-11-01 00:00:00,26.153687,24.650085,1009.01373,0.96630687,-0.3690691,0.9938767,91.44975,0.0
2024-11-01 06:00:00,31.148956,25.432343,1011.40436,-0.9253292,-0.71519756,0.9915601,71.70164,0.09090151
2024-11-01 12:00:00,28.288544,25.423279,1008.3038,-1.4618979,-0.36557198,0.3988905,84.493416,0.0
2024-11-01 18:00:00,26.500153,25.090302,1010.9306,-0.51366615,-1.0910072,0.5467702,91.983376,1.1464027
2024-11-02 00:00:00,25.756866,24.385498,1009.9331,0.57160854,-0.19271469,0.5555879,92.15289,0.0
2024-11-02 06:00:00,30.435577,26.1044,1011.4419,-1.3305454,-1.486537,0.7502809,77.719574,0.0
2024-11-02 12:00:00,27.591187,24.881653,1008.7944,-2.139923,-0.5927057,0.5390319,85.20822,0.6724813
2024-11-02 18:00:00,25.900421,24.43512,1011.3194,0.02917862,-0.99008656,0.430677,91.64427,0.0
2024-11-03 00:00:00,26.431976,24.391388,1009.22375,0.6718588,-1.8710957,0.4445782,88.57742,0.0
2024-11-03 06:00:00,28.886871,24.366974,1010.9913,-1.5386295,-1.7990122,0.83165777,76.62378,0.4650302
2024-11-03 12:00:00,28.337982,24.61258,1008.4531,-2.3737574,-0.961957,0.22925508,80.2758,0.0
2024-11-03 18:00:00,26.223358,25.184113,1011.1919,-0.6980257,-0.95449066,0.22547543,94.0223,0.0
2024-11-04 00:00:00,25.900757,24.31604,1009.4344,0.4229908,-1.7652044,0.3939867,90.991066,0.028711788
2024-11-04 06:00:00,29.840485,25.505005,1009.9269,-1.7200356,-1.5367651,0.34679294,77.61358,0.0
2024-11-04 12:00:00,28.932251,24.726532,1007.1994,-2.4648123,-0.75658894,0.2861026,78.084305,0.016790934
2024-11-04 18:00:00,27.115753,24.092682,1010.4425,-0.63691044,-1.1523342,0.46952772,83.57398,0.0
2024-11-05 00:00:00,26.548859,24.242096,1009.2725,0.39473057,-1.9937239,0.2447111,87.185555,0.0
2024-11-05 06:00:00,30.325287,24.537994,1010.36,-1.9147024,-2.8038692,0.531565,71.25444,0.23727678
2024-11-05 12:00:00,29.634705,23.645416,1008.08124,-1.4239807,-2.0150995,0.13433647,70.271225,0.0
2024-11-05 18:00:00,27.118622,24.205017,1010.41187,-0.7253275,-2.5975676,0.08168866,84.12508,0.0
2024-11-06 00:00:00,25.704132,23.074646,1009.1975,1.3394077,-2.912693,0.07624054,85.42803,0.0
2024-11-06 06:00:00,31.393097,22.549103,1010.195,0.20439363,-4.5053034,0.039527893,59.46592,0.0
2024-11-06 12:00:00,29.074066,24.138824,1007.6719,-1.2899752,-3.151431,0.2730266,74.768135,0.028319657
2024-11-06 18:00:00,27.190094,25.01889,1009.4556,-0.4281807,-2.9732733,0.9325354,87.950714,0.14751405
2024-11-07 00:00:00,26.548767,24.373352,1008.4344,0.8599453,-3.3815107,0.9565327,87.87455,0.06377697
2024-11-07 06:00:00,29.029083,25.347778,1009.6987,-0.6928654,-4.041749,0.99933493,80.57704,0.0
2024-11-07 12:00:00,27.421478,25.263885,1008.365,-1.5881338,-2.3559542,0.9992798,88.04138,0.61839575
2024-11-07 18:00:00,26.311615,25.201904,1010.0775,-1.5574331,-3.5436077,0.9978393,93.6326,0.0
2024-11-08 00:00:00,26.542328,25.230621,1008.07874,-0.44340038,-3.7390203,0.95900464,92.5249,0.0
2024-11-08 06:00:00,29.410065,26.16629,1009.1325,-1.7161722,-3.6270132,0.9994568,82.74174,0.04186247
2024-11-08 12:00:00,29.504059,24.761017,1007.70374,-2.703392,-2.5104494,0.98865956,75.70204,0.0
2024-11-08 18:00:00,27.241058,24.873138,1009.6769,-0.697772,-2.7224178,0.9734542,86.92921,0.0056251884
2024-11-09 00:00:00,26.886871,24.203674,1009.0062,0.23710823,-3.0989075,0.9328593,85.271255,0.023074448
2024-11-09 06:00:00,29.888947,25.61203,1009.7537,-2.2812471,-4.547983,0.8981437,77.89092,0.119124204
2024-11-09 12:00:00,29.190643,24.559174,1007.78687,-2.075737,-3.463232,0.8807106,76.15988,0.0
2024-11-09 18:00:00,26.967499,24.229004,1010.10815,-0.9378767,-3.2441168,0.8566971,84.997154,0.0065788627
2024-11-10 00:00:00,26.42575,24.418304,1008.8594,0.39176846,-3.1611557,0.64498395,88.75292,0.004861504
2024-11-10 06:00:00,31.108795,23.877472,1009.78186,-1.7093496,-4.2752705,0.21337354,65.48738,0.05216995
2024-11-10 12:00:00,29.470856,23.664032,1007.1869,-1.8819599,-2.9390335,0.086075544,71.01769,0.0
2024-11-10 18:00:00,27.407196,24.250336,1009.77124,-0.75576305,-3.2919083,0.30413485,82.93885,0.010297634
2024-11-11 00:00:00,27.14212,24.147339,1008.1075,0.9953766,-3.3038845,0.48470926,83.71896,0.00085681677
2024-11-11 06:00:00,31.604645,22.91629,1008.59625,-0.43102837,-5.0265846,0.43054846,60.07827,0.0
2024-11-11 12:00:00,29.674225,24.19101,1006.3063,-1.7045965,-3.4896164,0.813907,72.44875,0.0
2024-11-11 18:00:00,27.86203,24.309113,1008.3713,-0.9445858,-3.7416,0.71008676,81.0474,0.0
2024-11-12 00:00:00,25.844116,22.934784,1007.215,0.83695984,-4.012245,0.9436124,84.00791,0.14663336
2024-11-12 06:00:00,29.564728,24.817596,1008.0469,-0.26324177,-4.1096783,1.0,75.693016,0.0
2024-11-12 12:00:00,28.086456,24.934723,1006.2481,-2.1065493,-2.7632122,1.0000005,83.042366,0.19082868
2024-11-12 18:00:00,26.931244,25.447784,1007.5669,0.18833923,-2.0818176,0.9971191,91.606514,0.0
2024-11-13 00:00:00,25.547852,24.476868,1006.21124,1.8990993,-2.9220915,1.0,93.81469,0.65890324
2024-11-13 06:00:00,28.276764,24.795319,1008.20874,-0.05855751,-3.2519016,1.0,81.44673,0.0
2024-11-13 12:00:00,26.888763,24.966736,1006.3819,-1.7363787,-2.2596855,1.0,89.24298,0.010876
2024-11-13 18:00:00,25.777802,25.012726,1008.1125,-0.93781185,-1.7813253,0.99888307,95.55376,0.18321362
2024-11-14 00:00:00,26.025543,24.549591,1006.91,-0.35244083,-2.047206,0.9418545,91.59334,0.34223688
2024-11-14 06:00:00,27.835419,25.459503,1009.59314,-1.9350052,-2.1663399,0.78343695,86.94153,0.31513602
2024-11-14 12:00:00,26.83316,25.023346,1007.7587,-2.5562735,-1.6368885,0.6170125,89.83794,0.0
2024-11-14 18:00:00,25.739014,24.60382,1010.46063,-0.874773,-2.3733473,0.98890966,93.463745,0.0
2024-11-15 00:00:00,25.697235,24.437897,1009.33185,-0.42466545,-3.2266474,1.0,92.76999,0.0
2024-11-15 06:00:00,28.126251,26.736725,1009.96375,-1.8195047,-2.6592083,0.9942619,92.18575,0.25010818
2024-11-15 12:00:00,26.400238,25.160217,1007.46,-2.2536688,-2.7943506,0.9992799,92.9132,0.070798874
2024-11-15 18:00:00,26.186737,25.180176,1009.7675,-1.582592,-1.984436,0.9472711,94.20391,0.00180915
2024-11-16 00:00:00,26.071991,24.844574,1007.90314,-0.30350018,-2.7594023,1.0000005,92.96639,0.0
2024-11-16 06:00:00,28.904144,26.387543,1009.795,-2.9072094,-0.70563984,0.84303486,86.31822,0.047110617
2024-11-16 12:00:00,26.835236,24.971283,1007.205,-1.9593697,-1.1329699,0.30933702,89.548584,0.08516547
2024-11-16 18:00:00,26.058868,25.126678,1009.46814,-1.4350929,-2.428214,0.43618435,94.61687,0.0
2024-11-17 00:00:00,25.733429,24.509033,1007.7,-0.9256954,-2.8797255,0.5441795,92.96612,0.03938377
2024-11-17 06:00:00,28.63742,26.033142,1009.27814,-2.9018803,-3.3257532,0.5562437,85.84685,0.0157388
2024-11-17 12:00:00,28.2901,25.123169,1007.22,-3.0267773,-1.928338,0.7669409,82.99049,0.0007444918
2024-11-17 18:00:00,26.904938,24.271637,1009.7,-1.4663363,-2.808898,0.7851992,85.52855,0.0
2024-11-18 00:00:00,26.317535,24.151184,1008.5112,-0.18087769,-3.1811266,0.9385803,87.90277,0.0
2024-11-18 06:00:00,28.947052,25.49356,1009.8425,-3.6825886,-3.473421,0.78586364,81.66508,0.12930474
2024-11-18 12:00:00,26.837189,24.501984,1007.8906,-2.856431,-2.7798576,0.77343965,87.06289,0.17062756
2024-11-18 18:00:00,26.755585,24.123138,1010.8237,-1.9300404,-2.6919012,0.99094325,85.518074,0.0
2024-11-19 00:00:00,26.338226,23.871002,1009.1887,-0.45633793,-3.7295303,0.9996035,86.3303,0.18583983
2024-11-19 06:00:00,28.898163,24.611969,1010.5419,-2.3833284,-5.7938576,0.9999999,77.70473,0.074237585
2024-11-19 12:00:00,27.634918,24.60141,1007.6312,-2.885354,-4.812439,0.98185974,83.57962,0.0
2024-11-19 18:00:00,26.941803,23.3779,1010.6794,-2.366665,-3.9858894,1.0,80.876755,0.037565827
2024-11-20 00:00:00,26.130829,22.811981,1009.0619,0.33896732,-4.4588375,1.0,81.982254,0.8359788
2024-11-20 06:00:00,25.918976,24.762909,1011.0531,-0.93680096,-3.843731,1.0,93.35576,0.3614033
2024-11-20 12:00:00,27.342682,23.795929,1008.8088,-2.318902,-2.0932903,0.99999994,81.01153,0.0
2024-11-20 18:00:00,26.746368,23.172821,1009.27814,-2.3035393,-3.664731,0.9912328,80.804596,0.0
2024-11-21 00:00:00,26.70813,23.66806,1008.0669,-1.2732401,-4.0022297,0.99999994,83.44294,0.06465635
2024-11-21 06:00:00,28.622894,24.115204,1011.15314,-1.9944344,-4.862962,0.99933517,76.63991,0.029271364
2024-11-21 12:00:00,27.461761,22.844727,1008.72314,-2.7490788,-2.7122536,1.0,75.95849,0.0
2024-11-21 18:00:00,26.20169,22.577026,1010.7431,-2.1873484,-3.065178,0.5310812,80.4843,0.0
2024-11-22 00:00:00,25.388092,22.329956,1008.775,0.85689163,-3.1827774,0.94281274,83.20185,0.0
2024-11-22 06:00:00,28.585419,22.842255,1010.08875,-1.6769867,-5.1419888,0.792453,71.13135,0.0
2024-11-22 12:00:00,28.188019,22.90152,1008.23627,-1.6231728,-3.381527,0.33801818,73.05588,0.0
2024-11-22 18:00:00,26.978363,24.01474,1010.3669,-0.87203217,-3.385437,0.99933493,83.857605,0.04643947
2024-11-23 00:00:00,26.216888,23.11734,1009.7625,-0.36054134,-2.838255,1.0,83.08816,0.016875565
2024-11-23 06:00:00,29.018341,24.327026,1011.1225,-1.7387505,-3.9206972,1.0,75.86094,0.15145588
2024-11-23 12:00:00,26.802795,23.827911,1008.8125,-1.5226908,-3.1577406,0.75527394,83.7815,0.0
2024-11-23 18:00:00,26.214996,24.99173,1010.8675,-1.5185413,-3.333991,0.9999991,92.996635,0.0
2024-11-24 00:00:00,25.75528,24.083557,1009.4925,0.57408047,-3.7595778,1.0,90.50796,0.0047683716
2024-11-24 06:00:00,28.095001,24.351257,1010.85065,-1.005558,-4.5866165,1.0000006,80.15585,0.24404621
2024-11-24 12:00:00,27.442657,23.974945,1008.88,-1.9010649,-3.6885061,1.0,81.41001,0.0
2024-11-24 18:00:00,26.343414,23.339203,1010.0112,-1.6036835,-3.9442968,0.99313956,83.58255,0.0
2024-11-25 00:00:00,25.709259,23.13861,1008.1169,0.4198618,-4.0874987,0.99866986,85.73303,0.0009536743
2024-11-25 06:00:00,28.642365,23.042877,1009.98126,-2.0062037,-5.527608,1.0,71.76306,0.0045774505
2024-11-25 12:00:00,26.936127,22.92215,1008.1206,-2.0551653,-4.0253906,1.0,78.705124,0.39196014
2024-11-25 18:00:00,26.14798,22.716827,1008.72626,-0.41128826,-4.5844603,1.0,81.428055,0.0
2024-11-26 00:00:00,24.533295,22.650543,1006.53186,1.540205,-4.5124283,1.0,89.27542,0.61967564
2024-11-26 06:00:00,24.74179,23.77835,1008.57935,-0.089250565,-4.0747576,1.0,94.38756,2.635428
2024-11-26 12:00:00,24.202972,23.528656,1005.97125,1.2104778,-4.5032263,1.0,96.026436,0.9548814
2024-11-26 18:00:00,23.687958,23.185944,1007.77,0.14774132,-5.5472403,1.0,97.01706,0.0
2024-11-27 00:00:00,23.795502,23.399261,1005.1625,1.2489672,-4.6337852,1.0,97.64088,0.0
2024-11-27 06:00:00,24.70755,24.085114,1007.21625,0.40473747,-6.480857,1.0,96.34073,0.4297719
2024-11-27 12:00:00,25.100677,23.493927,1004.53625,0.5092105,-5.452154,1.0,90.81886,0.0
2024-11-27 18:00:00,24.470367,22.013702,1006.5706,1.309845,-6.0048466,1.0,86.20732,0.7465096
2024-11-28 00:00:00,23.96109,19.893341,1004.6325,2.1626494,-6.0310116,1.0,78.02037,0.0
2024-11-28 06:00:00,24.764252,20.84903,1006.28436,3.2414093,-5.4773817,1.0,78.87432,0.7054053
2024-11-28 12:00:00,25.415375,19.993378,1004.28687,1.3007889,-4.8497458,1.0,71.970436,0.0
2024-11-28 18:00:00,24.354279,19.961578,1005.6181,2.0301473,-5.677697,1.0,76.52411,0.0
2024-11-29 00:00:00,25.440277,20.622223,1004.0062,2.527935,-4.360422,1.0,74.710205,0.0
2024-11-29 06:00:00,25.82608,22.154572,1005.8275,3.1151056,-5.0451927,1.0,80.20598,0.0783056
2024-11-29 12:00:00,26.29309,21.790405,1003.7,2.9753036,-2.9068127,1.0,76.30675,0.0
2024-11-29 18:00:00,25.316193,20.450775,1005.3794,3.3981895,-2.8063087,1.0,74.47196,0.0052452087
2024-11-30 00:00:00,24.59311,21.208649,1002.83185,4.1662884,-1.9583311,1.0,81.465126,0.0
2024-11-30 06:00:00,24.613434,22.807983,1003.0569,6.0454216,0.5299444,1.0,89.70094,1.7297735
2024-11-30 12:00:00,25.209503,23.151337,999.3219,5.7941103,3.0268419,1.0,88.38497,2.4098892
2024-11-30 18:00:00,24.641571,22.784943,1001.56,6.6917048,3.0044537,1.0,89.425186,0.0
2024-12-01 00:00:00,24.554962,22.731842,999.29565,7.0188627,2.5333548,1.0,89.60058,7.7054486
2024-12-01 06:00:00,25.72876,23.813416,1002.04877,4.8645487,2.8595505,1.0000002,89.190674,0.0
2024-12-01 12:00:00,25.233002,23.414764,1000.2125,3.0121078,5.1339903,0.9999992,89.67685,0.0
2024-12-01 18:00:00,26.0513,25.143951,1002.3044,1.0660189,4.897545,0.9958112,94.75668,0.86061937
2024-12-02 00:00:00,25.934906,24.531342,1001.48065,1.234168,3.5406916,0.9781674,91.98554,0.0
2024-12-02 06:00:00,30.529144,24.9982,1004.35126,1.8690466,2.6225636,0.9513687,72.38985,0.1298967
2024-12-02 12:00:00,28.038513,26.016571,1003.4419,-1.2951393,2.275314,0.5971142,88.80287,0.0
2024-12-02 18:00:00,26.657806,25.039703,1007.0675,-1.0795937,3.1488826,0.6672995,90.85844,0.0
2024-12-03 00:00:00,25.982819,24.461914,1005.9319,0.39566517,2.997094,0.23962298,91.3447,0.07402599
2024-12-03 06:00:00,30.662384,26.624115,1008.0681,-0.41589928,1.7411547,0.8867234,79.10698,0.043280974
2024-12-03 12:00:00,28.595764,25.665436,1006.3956,-2.3326979,-0.04642868,0.53147954,84.200195,0.680975
2024-12-03 18:00:00,27.28949,25.796387,1008.9931,-2.1961985,-0.4051304,0.5217385,91.575485,0.0
2024-12-04 00:00:00,26.364471,24.599548,1007.92,0.18705559,-0.6469374,0.52250016,90.04579,0.008102506
2024-12-04 06:00:00,29.951935,25.2034,1009.6163,-1.1470289,-1.1106787,0.60188013,75.746994,0.11416152
2024-12-04 12:00:00,28.489716,25.213715,1007.6,-1.8713789,-0.897027,0.3109793,82.47639,0.0
2024-12-04 18:00:00,26.145538,25.02652,1010.3925,-0.72165394,-1.5350637,0.57242703,93.573044,0.15173024
2024-12-05 00:00:00,25.832092,24.590424,1008.6319,0.59433746,-1.0585709,0.37756878,92.87507,0.0
2024-12-05 06:00:00,30.115143,26.193573,1010.5712,-1.5820999,-1.1204596,0.51868606,79.57923,0.012875214
2024-12-05 12:00:00,28.918915,24.463715,1007.99,-2.4838505,-0.6963749,0.07443583,76.92605,0.06477501
2024-12-05 18:00:00,26.530975,24.72229,1010.46124,-0.6646538,-1.4631252,0.02906944,89.82236,0.0
2024-12-06 00:00:00,26.353302,24.721771,1009.3212,0.30456543,-1.9082413,0.5908577,90.76582,0.01897593
2024-12-06 06:00:00,30.452545,24.679504,1010.90564,-2.068327,-2.0935326,0.97655874,71.33788,0.08755138
2024-12-06 12:00:00,29.214325,24.870728,1007.7506,-2.3562174,-1.2134638,0.9943239,77.48478,0.0
2024-12-06 18:00:00,26.74765,24.905975,1009.7944,-0.7987938,-1.6381283,0.91425043,89.66123,0.0045776833
2024-12-07 00:00:00,26.712494,25.004547,1008.34,0.0010690689,-2.1683273,0.822563,90.37674,0.03985688
2024-12-07 06:00:00,30.290192,26.345184,1010.245,-2.2990274,-1.8841,0.85797274,79.49265,0.0
2024-12-07 12:00:00,29.021454,23.705475,1008.14435,-2.8073368,-0.067938805,0.95786446,73.06793,0.0
2024-12-07 18:00:00,25.410492,23.365723,1009.90625,-0.6510496,-1.3137512,0.9031269,88.472916,0.0
2024-12-08 00:00:00,25.299347,23.152405,1008.8175,0.09771347,-1.1795254,0.8252253,87.91938,0.00047677895
2024-12-08 06:00:00,30.410126,24.421234,1010.4175,-2.2515593,-2.2030916,0.494273,70.41505,0.06618713
2024-12-08 12:00:00,28.835968,24.172821,1008.16876,-2.4112492,-1.7429304,0.18192191,75.96081,0.0
2024-12-08 18:00:00,26.02597,24.06009,1009.53625,-1.2962608,-1.1360741,0.968446,88.94304,0.0
2024-12-09 00:00:00,26.178986,24.220337,1008.40314,0.64883137,-1.3334856,0.95193624,88.99352,0.010870397
2024-12-09 06:00:00,30.121613,24.441254,1009.9487,-1.8662682,-3.005435,0.74883443,71.67562,0.08535382
2024-12-09 12:00:00,28.743744,24.296417,1007.36127,-1.7262964,-2.1352034,0.9541793,76.936104,0.0
2024-12-09 18:00:00,26.519623,24.397827,1009.1981,-1.3228006,-2.2146406,0.9938786,88.15481,0.0
2024-12-10 00:00:00,26.499298,24.385406,1007.6219,0.372365,-2.7892942,0.97366863,88.19483,0.007627532
2024-12-10 06:00:00,29.446869,24.086273,1009.41187,-1.745657,-4.792246,0.9275109,72.94463,0.0659968
2024-12-10 12:00:00,28.51001,23.95578,1007.2569,-2.1560297,-3.283887,0.9930482,76.40886,0.0
2024-12-10 18:00:00,27.164337,23.882233,1009.4888,-0.45966816,-4.2030773,0.99467754,82.289085,0.015452504
2024-12-11 00:00:00,26.156525,23.793457,1007.77814,0.25422573,-4.4458942,1.0,86.85586,0.659129
2024-12-11 06:00:00,25.254791,24.041595,1009.83685,-2.2500381,-5.617326,1.0,93.00435,1.9971099
2024-12-11 12:00:00,25.325653,23.632538,1007.0037,-0.08664799,-5.368428,1.0,90.36242,0.6768422
2024-12-11 18:00:00,25.246979,24.073395,1008.29,0.7659359,-3.3182402,0.9974571,93.22542,0.0
2024-12-12 00:00:00,24.969574,24.079681,1006.2413,-1.2626734,-1.7930222,1.0000001,94.81466,0.0
2024-12-12 06:00:00,26.629852,25.332916,1008.8231,-4.6747236,-0.66320896,0.9966695,92.61091,0.44284105
2024-12-12 12:00:00,25.821503,24.766418,1006.53625,-3.088646,-2.5413542,0.9890292,93.91607,1.8748288
2024-12-12 18:00:00,25.102997,24.236572,1008.97876,-4.3856134,-2.6815958,0.9917635,94.95325,0.0
2024-12-13 00:00:00,25.137848,23.627563,1007.47815,-3.7765417,-2.033102,0.9996033,91.3508,0.35707116
2024-12-13 06:00:00,26.306,25.484802,1010.26874,-3.2331238,-1.7289343,0.99800336,95.252785,0.0
2024-12-13 12:00:00,25.65567,24.867676,1007.66064,-3.0481453,-2.3471184,0.99913585,95.419205,0.0
2024-12-13 18:00:00,25.312225,24.306915,1010.6625,-2.172739,-3.2610035,0.97768503,94.17417,0.10889816
2024-12-14 00:00:00,24.802216,23.247284,1009.2725,-0.80595493,-4.568037,0.99486244,91.08404,0.15824333
2024-12-14 06:00:00,27.665436,24.384552,1011.26373,-3.8392735,-5.576456,0.87828404,82.35483,0.04165116
2024-12-14 12:00:00,26.7742,23.346893,1009.4475,-2.4062796,-4.2312794,0.32875043,81.52508,0.0
2024-12-14 18:00:00,24.873322,22.242401,1012.0506,-0.15333939,-4.1543674,0.24604464,85.33659,0.0014323741
2024-12-15 00:00:00,24.666168,21.074371,1010.7644,0.53318596,-3.4864626,0.9613471,80.444336,0.0
2024-12-15 06:00:00,28.132172,22.361237,1012.6694,-1.9103718,-5.940542,0.97476125,70.92957,0.06866548
2024-12-15 12:00:00,27.521484,21.368011,1009.9437,-2.0186863,-3.601923,0.9837957,69.18009,0.0
2024-12-15 18:00:00,25.394562,21.149994,1011.68,-0.6430893,-4.56763,0.98748684,77.384705,0.0
2024-12-16 00:00:00,24.405548,21.225372,1009.7025,0.5835905,-4.7465124,0.89164245,82.469246,0.023361295
2024-12-16 06:00:00,27.978607,21.593658,1011.6337,-1.150917,-6.1574135,0.94457203,68.294106,0.0
2024-12-16 12:00:00,27.49936,20.532501,1008.645,-1.7691298,-4.114895,0.9848148,65.802185,0.016299076
2024-12-16 18:00:00,24.61734,21.104156,1010.60376,0.039103508,-4.4040394,0.9999998,80.82719,0.34609145
2024-12-17 00:00:00,24.795258,20.010284,1008.1075,1.0743439,-4.5272455,0.99733555,74.75724,0.0
2024-12-17 06:00:00,27.386566,21.427582,1009.07935,1.4130069,-5.012722,0.99365854,69.98363,0.0
2024-12-17 12:00:00,26.803375,22.155365,1007.22876,1.0177424,-2.908574,0.98549235,75.712654,0.037480332
2024-12-17 18:00:00,25.052551,21.549713,1009.5069,0.4990667,-3.7543097,0.99867076,80.9346,0.015446503
2024-12-18 00:00:00,24.705627,21.885773,1007.2925,0.6911949,-3.6924353,0.8825189,84.34208,0.0
2024-12-18 06:00:00,27.957184,23.960602,1008.1675,1.3189511,-3.5231714,0.97705144,78.93054,0.12795627
2024-12-18 12:00:00,27.692657,24.44757,1005.7562,0.8300862,-2.3128147,0.990413,82.534805,0.08842017
2024-12-18 18:00:00,25.934143,23.728027,1007.98,0.9291723,-4.1654825,0.9993951,87.660255,0.0
2024-12-19 00:00:00,24.99411,23.251465,1007.03125,1.2191855,-2.6874409,0.99913317,90.06987,0.1643151
2024-12-19 06:00:00,30.267975,24.01773,1008.3631,2.1945724,-2.8948936,0.954795,69.293816,0.0
2024-12-19 12:00:00,29.540253,24.845978,1004.64685,-0.89910316,-1.0417223,0.989795,75.92842,0.0
2024-12-19 18:00:00,26.786835,25.072357,1007.84186,0.6305143,0.061271667,0.93064535,90.346634,0.0
2024-12-20 00:00:00,26.451172,24.852722,1006.5644,0.92350554,1.1480334,0.64914924,90.95167,0.0
2024-12-20 06:00:00,31.405426,25.525177,1008.35376,0.38443536,-0.39512062,0.18932638,71.05323,0.07991679
2024-12-20 12:00:00,28.389435,25.37918,1005.5131,-0.76497746,1.0577993,0.6516962,83.77913,0.17253412
2024-12-20 18:00:00,26.40622,24.886475,1008.64935,0.36265004,1.3048954,0.971148,91.37709,0.0
2024-12-21 00:00:00,26.11142,24.451141,1006.5375,1.026417,-0.7768173,0.9451727,90.59392,0.00028591603
2024-12-21 06:00:00,30.881256,25.264313,1008.6219,0.04448217,-1.7743912,0.40599835,72.0809,0.08363649
2024-12-21 12:00:00,29.383942,25.187897,1006.7,-2.2330341,0.14842224,0.19195288,78.19388,0.0
2024-12-21 18:00:00,26.335632,24.503998,1010.14185,-0.2047348,-1.2739487,0.58748376,89.68504,0.07503784
2024-12-22 00:00:00,25.92923,24.20633,1008.66437,1.352763,-1.5420017,0.9908561,90.24227,0.0
2024-12-22 06:00:00,29.467438,23.866394,1010.5144,-0.7118015,-3.5038328,0.99782455,71.90197,0.00819951
2024-12-22 12:00:00,28.675201,23.988373,1007.6094,-1.98314,-1.72997,0.20914853,75.827934,0.0
2024-12-22 18:00:00,26.24649,23.887177,1009.9556,-1.0413437,-2.3088875,0.18276602,86.88369,0.0
2024-12-23 00:00:00,25.275574,22.926117,1008.78564,0.7713346,-2.63591,0.9878301,86.84658,0.0
2024-12-23 06:00:00,29.00418,21.648651,1010.8031,0.793214,-2.609909,0.69994974,64.56042,0.0
2024-12-23 12:00:00,28.87619,23.30362,1007.0525,-1.0291777,-1.3752012,0.6259826,71.92125,0.0
2024-12-23 18:00:00,24.80484,23.566254,1009.1719,-0.19834995,-1.9904928,0.06593911,92.83946,0.0
2024-12-24 00:00:00,24.674164,20.97232,1007.83624,1.3720164,-2.236621,0.04175698,79.9034,0.0
2024-12-24 06:00:00,28.76712,21.534271,1009.8306,1.7916639,-2.6387682,0.2670033,64.99681,0.0
2024-12-24 12:00:00,29.204742,22.693756,1007.0581,-0.34045094,-1.88029,0.04224032,68.00966,0.0
2024-12-24 18:00:00,25.516266,23.09378,1009.79376,0.09142208,-2.4554377,0.0075270524,86.48591,0.0
2024-12-25 00:00:00,24.625824,22.46109,1008.825,1.0352564,-1.0458498,0.119558066,87.7672,0.0
2024-12-25 06:00:00,28.987457,23.185883,1010.935,1.3718059,-1.4090681,0.5935638,70.95285,0.014398247
2024-12-25 12:00:00,29.160797,23.949738,1008.3325,-0.7550154,-0.87155056,0.17660142,73.55411,0.0
2024-12-25 18:00:00,26.202057,24.667023,1011.09375,-0.4932928,-0.99095154,0.9918302,91.281075,0.026128488
2024-12-26 00:00:00,26.221802,24.53836,1010.29126,1.0213573,-0.2872753,0.99526,90.47583,0.08192824
2024-12-26 06:00:00,27.189789,24.17389,1012.8281,1.3723285,-1.0688467,0.947273,83.61825,0.15869088
2024-12-26 12:00:00,27.89032,24.697601,1009.8212,-1.8482666,-1.3059025,0.35464627,82.81682,0.0
2024-12-26 18:00:00,25.75467,24.708527,1012.6925,-2.047453,-0.40898323,0.19842452,93.96331,0.0
2024-12-27 00:00:00,25.466522,23.932251,1011.5075,-1.3194523,-0.7378292,0.88804466,91.23946,0.33624843
2024-12-27 06:00:00,27.684723,24.550812,1014.08,-1.6502953,-2.826748,0.8938494,83.08482,0.9928601
2024-12-27 12:00:00,27.36203,24.338959,1011.8775,-3.5099535,-2.8128204,0.744256,83.60145,0.0
2024-12-27 18:00:00,25.601532,23.522064,1013.8225,-1.3113708,-2.4304276,0.3531618,88.303505,0.0
2024-12-28 00:00:00,24.599152,23.117035,1012.2506,-0.6782017,-2.5729122,0.59501743,91.47306,0.016783597
2024-12-28 06:00:00,29.32547,23.785278,1013.7969,-3.3542976,-1.9348669,0.64022565,72.14069,0.00028261542
2024-12-28 12:00:00,28.02066,24.264313,1010.78125,-2.699215,-2.0888872,0.9319608,80.0855,0.0
2024-12-28 18:00:00,25.792694,23.830933,1013.20874,-0.92934895,-2.6812296,0.45071256,88.94694,0.017448451
2024-12-29 00:00:00,25.290314,22.968292,1011.98315,0.5749197,-3.6370487,0.3806848,86.99231,0.0
2024-12-29 06:00:00,28.515717,23.625153,1013.0075,-2.1740265,-5.0729046,0.9150538,74.87914,0.09775606
2024-12-29 12:00:00,26.724579,24.083649,1010.3094,-2.302744,-4.258479,0.99999934,85.471436,0.0
2024-12-29 18:00:00,25.622955,24.332855,1012.6175,-1.6510534,-3.9879274,0.78955865,92.59532,0.15838595
2024-12-30 00:00:00,25.112396,24.145874,1010.91,-0.8886423,-3.33049,0.7847066,94.3852,0.1462996
2024-12-30 06:00:00,27.067291,24.878113,1013.3225,-2.5987873,-4.4656916,0.9998538,87.84614,1.3936437
2024-12-30 12:00:00,27.25595,24.686005,1010.515,-3.4229336,-3.5216331,0.90180176,85.888084,0.0
2024-12-30 18:00:00,25.743164,24.335266,1013.34125,-2.6741657,-3.902485,0.64684904,91.95067,0.09697948
2024-12-31 00:00:00,24.927582,23.939178,1011.58936,-1.2597961,-3.8068733,0.8845272,94.25363,0.056271225
2024-12-31 06:00:00,28.470184,25.678864,1013.5613,-2.7709436,-4.5404434,0.94598997,84.884186,0.0
2024-12-31 12:00:00,27.865448,23.781586,1010.41315,-3.0206957,-4.19448,0.9961758,78.50458,0.0
2024-12-31 18:00:00,26.059357,23.363373,1012.7925,-1.570118,-4.345358,0.9636722,85.121445,0.0
2025-01-01 00:00:00,25.16214,23.040375,1010.60565,-0.59336185,-4.487957,0.7799397,88.04176,0.0
2025-01-01 06:00:00,28.485748,22.5719,1012.9219,-3.6700706,-4.868848,0.49539685,70.38066,0.0
2025-01-01 12:00:00,27.668,22.426666,1009.85565,-3.3007555,-2.6811533,0.9540111,73.167496,0.0
2025-01-01 18:00:00,25.198456,22.036438,1011.96625,-1.7364473,-3.021389,0.879486,82.65518,0.0001906883
2025-01-02 00:00:00,24.9971,22.306,1010.45935,-0.41462994,-3.0182533,0.9649857,85.03731,0.0
2025-01-02 06:00:00,29.141388,21.250519,1012.71564,-3.5929575,-3.4535866,0.9236448,62.50742,0.0126846135
2025-01-02 12:00:00,27.078064,21.331268,1010.51685,-2.433423,-2.486411,0.35033792,70.841965,0.0
2025-01-02 18:00:00,24.519928,20.465363,1012.6356,-1.1107807,-2.7970457,0.7951071,78.1654,0.0
2025-01-03 00:00:00,24.1138,21.12973,1011.2344,0.33001518,-3.1312418,0.92120224,83.433334,0.00057183206
2025-01-03 06:00:00,27.679474,22.119781,1013.40936,-3.2451096,-4.91619,0.96211445,71.76559,0.03452599
2025-01-03 12:00:00,26.646576,21.230682,1010.09814,-3.0334387,-3.4558783,0.56532323,72.21566,0.0
2025-01-03 18:00:00,24.726349,19.85904,1011.96625,-0.8880987,-2.3921766,0.9099329,74.36559,0.0
2025-01-04 00:00:00,24.256989,20.437592,1010.6206,0.33562565,-2.361987,0.6413831,79.270195,0.0014300458
2025-01-04 06:00:00,28.252228,22.127594,1012.40186,-2.213357,-3.1602926,0.8680845,69.44088,0.11244227
2025-01-04 12:00:00,27.182098,21.398102,1009.3219,-2.790471,-2.4037418,0.42731017,70.69971,0.0
2025-01-04 18:00:00,23.942657,19.702423,1012.10565,-1.2596922,-1.8933029,0.20546365,77.18766,0.0
2025-01-05 00:00:00,23.34903,19.953644,1011.2025,0.14295864,-2.0742855,0.76110405,81.25292,0.00019092113
2025-01-05 06:00:00,28.484589,20.693085,1012.72876,-2.505128,-2.9023762,0.892647,62.74613,0.025939196
2025-01-05 12:00:00,27.176727,21.27359,1009.08435,-2.1090164,-2.2523222,0.9992796,70.184364,0.0
2025-01-05 18:00:00,24.392853,19.98996,1012.23315,-1.8371325,-1.8703175,0.89853925,76.48179,0.0
2025-01-06 00:00:00,23.112946,20.156647,1009.96185,0.93618107,-2.2325773,0.9184386,83.46213,0.0
2025-01-06 06:00:00,28.165009,21.210663,1012.285,-0.33481216,-2.6468878,0.87749153,65.98976,0.01306599
2025-01-06 12:00:00,27.421967,22.331085,1009.3231,-2.3890553,-1.5502663,0.9966748,73.79815,0.0
2025-01-06 18:00:00,26.234467,22.967072,1011.3331,-2.199995,-1.3946857,0.9989369,82.250725,0.007722527
2025-01-07 00:00:00,25.29654,23.234222,1009.7081,-1.432725,-2.4388494,0.80443853,88.369934,0.30346712
2025-01-07 06:00:00,27.035492,23.891174,1012.0206,-1.357336,-3.8583841,0.77875304,82.95842,0.0
2025-01-07 12:00:00,27.057281,22.657745,1009.2531,-2.1968422,-2.6173801,0.32838875,76.90445,0.0
2025-01-07 18:00:00,25.128082,22.764984,1010.6344,-2.1914825,-1.6540518,0.049103364,86.76126,0.0
2025-01-08 00:00:00,24.374908,22.21817,1009.26373,0.32532024,-2.7664652,0.16700827,87.78833,0.0
2025-01-08 06:00:00,27.947296,20.74234,1012.14813,-0.72271824,-3.5547514,0.19531208,64.93644,0.0001906883
2025-01-08 12:00:00,26.549591,20.624603,1009.41187,-2.217307,-2.9678144,0.006439209,69.97315,0.0
2025-01-08 18:00:00,24.23172,20.403137,1011.4431,-1.6548843,-3.0128832,0.068935394,79.22178,0.0
2025-01-09 00:00:00,23.728546,20.429047,1010.47186,0.026747704,-2.8196154,0.3883525,81.78387,0.00028606155
2025-01-09 06:00:00,27.674896,22.160858,1012.27814,-3.00381,-3.709425,0.9514929,71.964645,0.028896
2025-01-09 12:00:00,26.871002,21.303802,1010.28687,-2.3555279,-3.1747913,0.48348242,71.58845,0.0
2025-01-09 18:00:00,25.036102,20.957855,1013.7944,-0.49324894,-2.9661474,0.8051721,78.1263,0.00047666254
2025-01-10 00:00:00,24.30191,20.926483,1011.7875,0.053795815,-3.4138546,0.19354147,81.47372,0.0
2025-01-10 06:00:00,28.00711,23.28415,1013.5056,-3.2494097,-4.361511,0.9968196,75.558495,0.17509827
2025-01-10 12:00:00,26.919617,23.246948,1011.3856,-2.4821644,-3.5521078,0.9924748,80.34448,0.0
2025-01-10 18:00:00,25.325592,22.682037,1013.8162,-0.71190643,-3.1042347,0.5870659,85.31701,0.0004749596
2025-01-11 00:00:00,24.932709,23.064117,1011.47375,-0.98332787,-3.2943773,0.60156286,89.38223,0.0072475523
2025-01-11 06:00:00,27.856903,23.215363,1013.92377,-3.9626427,-4.6210747,0.87126034,75.90745,0.1285621
2025-01-11 12:00:00,26.87082,21.894745,1011.3525,-3.0271406,-3.3617964,0.97846025,74.224106,0.0
2025-01-11 18:00:00,25.403595,21.004395,1013.63,-2.578246,-3.4836388,0.81128794,76.65476,0.05958602
2025-01-12 00:00:00,24.169403,21.481293,1011.0087,0.5252571,-3.7213812,0.89084154,84.96696,0.0
2025-01-12 06:00:00,26.498016,21.393585,1013.4931,0.08282852,-4.3945293,0.9931566,73.58173,0.0340268
2025-01-12 12:00:00,26.943512,23.891327,1010.4412,-1.9073515,-3.258479,0.95261,83.408646,0.0
2025-01-12 18:00:00,24.903564,23.651703,1012.2413,-1.0884552,-2.8939734,0.9801448,92.77035,0.03843107
2025-01-13 00:00:00,24.569946,23.620697,1009.7975,0.24840927,-2.8125887,0.90937,94.46125,0.0
2025-01-13 06:00:00,28.502594,24.836273,1011.14813,-3.181651,-3.5255594,0.8242588,80.581085,0.0170728
2025-01-13 12:00:00,27.68045,23.518219,1009.02124,-3.2664251,-1.9577494,0.63697755,78.108604,0.0
2025-01-13 18:00:00,25.5206,23.343689,1011.4825,-1.8751326,-1.966012,0.8090565,87.7792,0.071334235
2025-01-14 00:00:00,24.797821,23.504974,1010.4444,-0.7634859,-3.0421362,0.68624085,92.53595,0.0
2025-01-14 06:00:00,28.34671,23.411133,1012.9219,-4.0675755,-4.230338,0.9257518,74.64894,0.03271664
2025-01-14 12:00:00,26.792755,23.518463,1010.6575,-3.2008972,-3.4731436,0.9979979,82.28336,0.0
2025-01-14 18:00:00,25.964325,23.285858,1013.21375,-1.9248171,-2.734828,0.97073793,85.2018,0.0
2025-01-15 00:00:00,24.953339,22.610992,1011.265,-0.8035202,-4.096282,0.7906327,86.85448,0.033754855
2025-01-15 06:00:00,27.523468,24.489594,1013.66187,-3.5683165,-4.41772,0.77842695,83.56538,0.109767586
2025-01-15 12:00:00,26.794739,23.00772,1011.16876,-3.8021383,-3.2048597,0.9005247,79.77435,0.0
2025-01-15 18:00:00,25.044647,22.52353,1013.26874,-2.2403517,-3.592596,0.9634021,85.925385,0.02450496
2025-01-16 00:00:00,25.304047,22.194855,1010.9581,-3.2965822,-3.3367443,0.7417472,82.93401,0.0
2025-01-16 06:00:00,28.39383,22.224213,1013.4856,-4.674061,-3.5582504,0.9618253,69.277664,0.021838313
2025-01-16 12:00:00,27.290985,22.499542,1010.65686,-3.4965458,-3.256054,0.41047645,75.132095,0.0
2025-01-16 18:00:00,24.901398,21.679443,1013.83124,-1.6955633,-2.9368286,0.1229226,82.31796,0.0010486692
2025-01-17 00:00:00,24.501617,21.805695,1010.66437,-0.5187855,-3.580985,0.53198117,84.96095,0.0060070306
2025-01-17 06:00:00,28.068207,22.159943,1012.1394,-3.9276934,-4.504816,0.50631195,70.32755,0.0038159704
2025-01-17 12:00:00,27.088104,21.573456,1009.46814,-3.3431444,-3.6237125,0.56056106,71.858,0.0
2025-01-17 18:00:00,25.145782,21.172424,1011.51874,-2.1617498,-3.883916,0.99026453,78.64694,0.0
2025-01-18 00:00:00,24.793976,21.507141,1009.37,-0.09703827,-4.281103,0.9583373,81.9789,0.0
2025-01-18 06:00:00,26.295013,22.080841,1011.4519,-0.5298605,-5.652684,1.0000008,77.66207,0.00075716525
2025-01-18 12:00:00,24.361084,23.048431,1008.7875,-1.6942911,-3.6096134,1.0,92.40162,1.7262008
2025-01-18 18:00:00,24.054962,23.205963,1010.5444,-1.3127279,-3.7797232,0.99960345,95.01452,0.0
2025-01-19 00:00:00,23.452667,23.169464,1009.54126,-0.06801796,-3.5103655,1.0000001,98.30455,0.23828936
2025-01-19 06:00:00,26.485077,24.929657,1011.8269,-2.351139,-3.1992216,0.99960333,91.187645,0.9951602
2025-01-19 12:00:00,25.907318,24.842743,1009.59064,-1.6842318,-3.0567493,0.99999994,93.86663,0.0
2025-01-19 18:00:00,25.161407,24.15924,1011.5444,-1.1386633,-3.336772,0.9998535,94.18557,0.0
2025-01-20 00:00:00,24.720795,22.82547,1009.5069,0.16217518,-3.4627056,0.98054415,89.22166,0.0
2025-01-20 06:00:00,27.90451,23.31961,1011.1881,-1.3321342,-4.3520355,0.9751647,76.174965,0.0
2025-01-20 12:00:00,26.89035,21.770905,1008.02563,-2.9041414,-3.7703848,0.87959224,73.58046,0.0
2025-01-20 18:00:00,24.540192,21.687775,1010.4894,-1.5490141,-3.5046825,0.30971467,84.15659,0.0
2025-01-21 00:00:00,23.710846,21.408295,1008.9344,-0.076999664,-3.1149292,0.65102684,86.951485,0.0009536743
2025-01-21 06:00:00,27.635956,22.32022,1011.09686,-2.4315186,-3.77001,0.7390431,72.83173,0.024032779
2025-01-21 12:00:00,26.941803,21.608673,1007.695,-1.9154387,-3.3331375,0.47226638,72.63444,0.0
2025-01-21 18:00:00,24.629425,21.711273,1010.1912,-1.584239,-2.7784662,0.93586355,83.82894,0.0
2025-01-22 00:00:00,24.683868,21.48642,1008.6163,0.5137634,-3.1127443,0.47911772,82.4153,0.0038142316
2025-01-22 06:00:00,27.95047,23.388702,1010.60876,-2.5912943,-3.378686,0.8898817,76.2885,0.03890926
2025-01-22 12:00:00,27.335907,22.94983,1008.33374,-2.4853086,-3.0892296,0.76877606,77.00913,0.0
2025-01-22 18:00:00,25.15561,22.393646,1011.0731,-2.0036564,-2.6854048,0.9942777,84.68814,0.0
2025-01-23 00:00:00,24.47171,22.269745,1008.72125,-0.88532734,-2.2304811,0.971866,87.55537,0.0015255064
2025-01-23 06:00:00,28.428192,23.402191,1011.1131,-2.260005,-3.3192968,0.8191152,74.25604,0.21239184
2025-01-23 12:00:00,27.049103,22.6539,1008.15314,-3.4032001,-2.5782404,0.9355554,76.92342,0.0
2025-01-23 18:00:00,24.708038,21.303223,1010.14124,-1.8097191,-1.5849724,0.19569163,81.37797,0.0
2025-01-24 00:00:00,24.572784,21.87088,1007.65875,-0.7193346,-2.4476442,0.8323967,84.93734,0.0001906883
2025-01-24 06:00:00,28.96524,21.694122,1011.22687,-3.1410542,-2.3479729,0.79919815,64.886246,0.023839297
2025-01-24 12:00:00,27.546722,22.200958,1008.7294,-2.7082748,-2.2129803,0.17984682,72.68336,0.0
2025-01-24 18:00:00,24.833405,21.45929,1010.64874,-1.3415909,-2.3539486,0.48248905,81.54692,0.0
2025-01-25 00:00:00,24.373932,21.468231,1009.445,-1.7913885,-2.7277546,0.64046127,83.864456,0.0
2025-01-25 06:00:00,28.121368,22.138458,1011.26624,-3.1477003,-3.8357134,0.9278618,70.01836,0.027944334
2025-01-25 12:00:00,26.718597,21.395355,1008.53436,-2.882594,-2.239337,0.99933,72.63962,0.0
2025-01-25 18:00:00,24.75711,21.226013,1011.22125,-1.767623,-2.2679863,0.99999994,80.75649,0.0
2025-01-26 00:00:00,23.558868,20.810791,1009.56,-0.50785923,-2.7849302,0.20335686,84.59057,0.0
2025-01-26 06:00:00,28.898956,21.353119,1011.4381,-3.2963638,-3.5845737,0.98616934,63.790543,0.0
2025-01-26 12:00:00,26.849213,21.09555,1008.4,-2.764865,-2.5035257,0.87826836,70.770256,0.0
2025-01-26 18:00:00,23.934845,20.96939,1010.2388,-1.4479733,-2.6553278,0.91955006,83.50845,0.0
2025-01-27 00:00:00,23.633698,21.136932,1008.66315,0.7414055,-2.3995,0.5932446,85.91487,0.0
2025-01-27 06:00:00,28.55362,21.97409,1011.5037,-2.2812538,-3.0909538,0.5249496,67.59926,0.019455794
2025-01-27 12:00:00,27.197723,21.687653,1007.5613,-2.8258753,-1.675375,0.07160934,71.897575,0.0
2025-01-27 18:00:00,24.23111,21.049408,1010.28436,-1.3717394,-1.6976452,0.0406881,82.44066,0.0
2025-01-28 00:00:00,23.608429,20.698517,1007.97314,-0.37173748,-2.1059885,0.44672412,83.757454,0.0
2025-01-28 06:00:00,28.445038,20.68338,1011.78625,-2.1050396,-1.7035351,0.96174604,62.85292,0.0
2025-01-28 12:00:00,27.010529,20.689056,1008.73627,-2.2827587,-1.6727209,0.9586168,68.37187,0.0
2025-01-28 18:00:00,23.522491,20.111572,1012.2625,-2.404004,-1.1436224,0.93087554,81.19697,0.0
2025-01-29 00:00:00,23.589874,20.665741,1010.1362,0.40199566,-2.5382204,0.9791446,83.68204,0.0
2025-01-29 06:00:00,28.150665,21.92569,1012.15063,-3.3862686,-3.668253,0.9982244,68.99814,0.00057216675
2025-01-29 12:00:00,27.132843,21.706696,1008.8331,-3.0992622,-2.635933,0.82799923,72.25581,0.0
2025-01-29 18:00:00,25.358002,22.172028,1010.92126,-0.9684477,-3.0326996,0.723043,82.55345,0.00038184226
2025-01-30 00:00:00,24.334747,20.995087,1009.72687,0.98081017,-3.4266539,0.58266044,81.65712,0.0004824251
2025-01-30 06:00:00,27.041656,22.035583,1011.7725,-0.62502193,-3.561884,0.9999992,74.11672,0.020496547
2025-01-30 12:00:00,27.331573,23.99524,1007.70935,-2.427472,-1.8542814,0.9871927,82.04142,0.0005713571
2025-01-30 18:00:00,26.587769,24.511383,1009.91815,-1.738224,-1.2425241,0.42594332,88.40034,0.0
2025-01-31 00:00:00,26.295319,24.336731,1008.2488,-1.4748821,-1.9454393,0.540223,89.00284,0.0
2025-01-31 06:00:00,29.850006,25.402496,1011.09314,-3.518323,-2.0988255,0.5165249,77.100006,0.07752856
2025-01-31 12:00:00,28.848541,25.02066,1007.39124,-3.661892,-1.442997,0.48793173,79.853325,0.0
2025-01-31 18:00:00,26.175964,24.58548,1010.1,-1.4770584,-1.0806484,0.2855296,90.9773,0.024220409
2025-02-01 00:00:00,25.315125,23.534485,1008.5581,-0.84946537,-1.4161577,0.8827689,89.88637,0.0
2025-02-01 06:00:00,30.031158,25.506012,1011.4456,-1.4971085,-1.3171644,0.96494853,76.77208,0.0051564444
2025-02-01 12:00:00,29.326569,24.408783,1008.35187,-3.3162756,-1.2922287,0.9596552,74.88705,0.0023791362
2025-02-01 18:00:00,25.976288,24.476715,1011.4369,-1.8312378,-0.25901836,0.75121045,91.46099,0.0
2025-02-02 00:00:00,25.53769,23.864624,1009.89813,-1.1642675,-0.47469902,0.8891455,90.48598,0.011061254
2025-02-02 06:00:00,30.20633,23.475952,1011.4281,-1.2651215,-1.9688578,0.75369567,67.30846,0.0
2025-02-02 12:00:00,28.698029,22.84964,1007.9456,-3.6801414,-0.8610649,0.006363016,70.69963,0.0
2025-02-02 18:00:00,25.105682,22.828674,1010.79315,-2.0103798,-1.3915148,0.9220978,87.21319,0.0
2025-02-03 00:00:00,23.925568,22.324371,1009.77563,0.27996445,-0.7769871,0.42982095,90.77216,0.0
2025-02-03 06:00:00,29.506134,22.250793,1012.22437,-0.88453484,-0.87101936,0.43244135,65.061615,0.0009536161
2025-02-03 12:00:00,27.999786,21.879974,1009.4244,-2.7566223,-0.6105318,0.10635376,69.41358,0.0
2025-02-03 18:00:00,23.338165,21.147247,1011.84686,-1.6380243,-1.157896,0.37466407,87.51508,0.0
2025-02-04 00:00:00,22.902985,21.214813,1010.70123,0.4264574,-1.3449192,0.9149828,90.221794,0.0
2025-02-04 06:00:00,29.196564,22.40567,1012.585,-1.058238,-1.0191069,0.9635872,66.86179,0.0
2025-02-04 12:00:00,28.781158,21.734467,1008.6356,-2.4643326,-0.70094967,0.07133484,65.74384,0.0
2025-02-04 18:00:00,24.043976,22.196808,1010.9394,-1.7955265,-0.37075996,0.13733673,89.43175,0.0
2025-02-05 00:00:00,23.764313,22.61789,1009.8019,0.24300003,-1.4234209,0.41341537,93.306114,0.0
2025-02-05 06:00:00,30.123322,21.953094,1011.8719,-1.7219725,-1.651185,0.0049972534,61.663002,0.0
2025-02-05 12:00:00,28.748932,21.653046,1007.9888,-2.915265,-1.1710052,0.069532394,65.539825,0.0
2025-02-05 18:00:00,24.505524,22.250946,1010.40625,-1.299283,-1.4742079,0.05066681,87.278435,0.0
2025-02-06 00:00:00,24.120392,22.322662,1009.0975,-0.4758644,-1.8507605,0.37206244,89.7069,0.00066752546
2025-02-06 06:00:00,30.057892,22.351715,1011.4469,-3.0434694,-1.1504927,0.39414233,63.416298,0.0066768844
2025-02-06 12:00:00,28.645538,22.819733,1008.2406,-2.9102087,-1.1642666,0.77312464,70.78687,0.0
2025-02-06 18:00:00,24.165009,21.70987,1010.7444,-1.17488,-1.513339,0.0069942474,86.18596,0.0
2025-02-07 00:00:00,23.472565,21.554169,1010.47064,-0.061359406,-2.040164,0.21979949,89.000114,0.0
2025-02-07 06:00:00,29.499298,22.04953,1013.51373,-2.1559877,-1.8772717,0.40774482,64.29423,0.0
2025-02-07 12:00:00,28.115997,21.81723,1009.64685,-3.0841799,-1.3847504,0.8587346,68.68143,0.0
2025-02-07 18:00:00,24.040436,22.355377,1011.9275,-1.4515667,-1.6472273,0.3606302,90.31808,0.0
2025-02-08 00:00:00,24.300568,22.748688,1010.3862,0.114640236,-1.5692015,0.7176149,91.06886,0.0
2025-02-08 06:00:00,29.565704,22.524506,1013.0112,-2.529644,-1.8322439,0.9463689,65.926605,0.00028614886
2025-02-08 12:00:00,28.598907,22.05069,1009.21375,-2.9425678,-1.4414682,0.0088856295,67.73735,0.0
2025-02-08 18:00:00,24.965912,22.236969,1011.95874,-1.6997414,-1.4575968,0.0064468384,84.83847,0.0
2025-02-09 00:00:00,24.590485,22.309967,1009.9406,0.346303,-2.2798147,0.24592423,87.1484,0.0
2025-02-09 06:00:00,29.883026,22.713959,1012.2075,-3.2544632,-1.9373293,0.24190795,65.48174,0.0005722977
2025-02-09 12:00:00,28.486603,22.337433,1008.5737,-3.2246695,-2.3776608,0.23497425,69.381485,0.0
2025-02-09 18:00:00,25.153107,22.587677,1011.91815,-1.5427637,-2.1202164,0.118522644,85.70514,0.00028606155
2025-02-10 00:00:00,24.465363,22.148651,1010.96313,-0.7488127,-1.7772331,0.43007982,86.945244,0.0
2025-02-10 06:00:00,29.255768,21.848053,1013.5119,-2.9562397,-2.1534748,0.43617547,64.40786,0.00038184226
2025-02-10 12:00:00,28.290314,20.638214,1009.34814,-2.6241255,-2.7919588,0.0073280334,63.244785,0.0
2025-02-10 18:00:00,24.590729,20.834991,1013.09,-2.5458355,-1.5048304,0.0029354095,79.62776,0.0
2025-02-11 00:00:00,24.088898,21.042877,1011.58435,0.034565926,-1.6526251,0.29321057,83.11372,0.0
2025-02-11 06:00:00,30.531769,21.921783,1013.5712,-1.1312208,-0.3304453,0.8200619,60.121113,0.0
2025-02-11 12:00:00,29.285187,22.82425,1009.42377,-3.5182467,-0.6456127,0.92448986,68.232025,0.0
2025-02-11 18:00:00,25.422638,22.732391,1012.1831,-2.5147066,-0.61836624,0.9515144,85.08562,0.0
2025-02-12 00:00:00,24.622223,22.624542,1010.85187,0.46654034,-1.3937778,0.94574785,88.66186,0.0
2025-02-12 06:00:00,29.73941,22.683258,1013.7006,-1.3537331,-1.5991716,0.7158336,65.902245,0.0
2025-02-12 12:00:00,29.354523,23.066132,1009.57874,-3.4347801,-0.91895676,0.30350614,68.961975,0.0
2025-02-12 18:00:00,23.966217,22.057556,1012.0475,-1.759489,-0.6309147,0.0,89.091446,0.0
2025-02-13 00:00:00,22.030304,20.449615,1010.66565,0.30399227,-1.1389475,0.1936441,90.76054,0.0
2025-02-13 06:00:00,29.18863,22.0513,1013.2,-1.1498461,-0.5719042,0.21119213,65.46492,0.0
2025-02-13 12:00:00,29.103058,21.07315,1009.39185,-2.94248,-0.3226614,0.09082985,61.967926,0.0
2025-02-13 18:00:00,22.513336,20.33142,1012.0019,-1.8836222,-0.2695446,0.0,87.49083,0.0
2025-02-14 00:00:00,21.654205,20.039581,1010.47125,0.35822487,-0.7043066,0.89276105,90.5451,0.0
2025-02-14 06:00:00,29.236237,21.881256,1012.9575,-0.84520054,0.8268042,0.11554762,64.61141,0.0
2025-02-14 12:00:00,29.46988,21.25821,1008.8594,-2.565052,0.42537498,0.0,61.361694,0.0
2025-02-14 18:00:00,23.576813,21.408112,1011.1575,-1.8537664,0.63259894,0.0,87.65524,0.0
2025-02-15 00:00:00,21.733795,20.039948,1009.60565,0.38199806,-0.38831097,0.37450308,90.107735,0.0
2025-02-15 06:00:00,29.505157,21.627594,1011.72687,-0.45021057,-0.29343414,0.07430267,62.63792,0.0
2025-02-15 12:00:00,28.87381,20.499664,1007.7225,-3.3011827,-0.26742458,0.0,60.618134,0.0
2025-02-15 18:00:00,24.373322,21.60965,1010.645,-2.3487453,0.51745135,0.0007200241,84.59644,0.0
2025-02-16 00:00:00,22.726837,20.873505,1009.78314,0.29477787,-0.6321802,0.597383,89.298325,0.0
2025-02-16 06:00:00,30.103668,21.359772,1011.73065,-1.3473549,-1.1907988,0.08576965,59.533413,0.0
2025-02-16 12:00:00,29.085114,21.687775,1009.1175,-3.8862658,-0.6637869,0.0,64.412674,0.0
2025-02-16 18:00:00,24.763336,22.037018,1012.3769,-2.7847824,-0.6307192,0.03037262,84.83084,0.0
2025-02-17 00:00:00,25.466278,22.069794,1011.58563,-0.9041052,-0.8581152,0.3741173,81.514565,0.0
2025-02-17 06:00:00,29.483795,21.843597,1013.785,-1.8217993,-0.6348858,0.33034855,63.548344,0.0
2025-02-17 12:00:00,28.81961,21.120392,1010.2587,-3.3845968,-0.9429741,0.0,63.17627,0.0
2025-02-17 18:00:00,24.322296,21.29303,1012.58563,-2.1717377,-0.62349796,0.016433716,83.226166,0.0
2025-02-18 00:00:00,24.320953,21.383087,1011.0825,-0.33822632,-1.0152035,0.33243406,83.69351,0.0
2025-02-18 06:00:00,29.835846,21.463043,1013.9444,-2.0994911,0.28442824,0.25141466,60.840477,0.0
2025-02-18 12:00:00,29.135895,21.66745,1010.2575,-3.2130919,-0.1768732,0.0,64.144035,0.0
2025-02-18 18:00:00,23.999115,21.311005,1012.1075,-1.801054,-0.1965456,0.0,84.94921,0.0
2025-02-19 00:00:00,22.733551,20.914062,1009.5525,-0.4674282,-1.4131918,0.31513774,89.4849,0.0
2025-02-19 06:00:00,30.21524,22.1846,1011.345,-2.1697874,0.36039948,0.33664376,62.210197,0.0
2025-02-19 12:00:00,29.0867,22.346588,1008.0544,-3.1801443,0.57625914,0.0,67.046585,0.0
2025-02-19 18:00:00,24.51596,21.977142,1010.66,-1.975133,0.06475067,0.0,85.78094,0.0
2025-02-20 00:00:00,24.261383,22.11905,1010.0719,-0.13450623,-1.1329746,0.17393434,87.85565,0.0
2025-02-20 06:00:00,30.145782,22.143951,1012.2381,-2.1772966,-0.4304576,0.2808919,62.3042,0.0
2025-02-20 12:00:00,29.147125,22.102386,1009.4975,-3.5779648,-0.3026743,0.014007568,65.826805,0.0
2025-02-20 18:00:00,24.756744,22.111603,1012.40625,-1.8363771,-0.17239845,0.015590668,85.25088,0.0
2025-02-21 00:00:00,24.635773,22.012695,1011.33563,-0.31005955,-1.1254978,0.19403377,85.35329,0.0
2025-02-21 06:00:00,30.289215,22.012512,1013.47125,-2.0357332,-1.6389503,0.2307809,61.300648,0.0
2025-02-21 12:00:00,29.218414,22.188995,1010.5325,-3.8819485,-0.9526434,0.0018234253,65.90287,0.0
2025-02-21 18:00:00,25.10025,21.96518,1013.1306,-2.3590631,0.03772354,0.00548172,82.77952,0.0
2025-02-22 00:00:00,24.508392,21.973724,1011.6525,0.38339615,-0.88356495,0.60423654,85.80192,0.0
2025-02-22 06:00:00,30.52298,22.299347,1014.09937,-1.5242176,-1.0206814,0.33178884,61.55116,0.0
2025-02-22 12:00:00,29.597809,22.08841,1010.6575,-3.4272547,-0.44314003,0.0020017624,64.081795,0.0
2025-02-22 18:00:00,24.964752,22.156921,1013.9581,-2.1396027,0.23123932,0.00066518784,84.43185,0.0
2025-02-23 00:00:00,24.062653,21.88446,1011.98376,-0.2038269,-0.7644558,0.34821922,87.64666,0.0
2025-02-23 06:00:00,30.030792,22.636993,1013.5538,-1.2447166,-0.941762,0.15364747,64.62548,0.0
2025-02-23 12:00:00,29.99649,21.923615,1010.7631,-3.487486,-1.3367224,0.0020008087,62.002193,0.0
2025-02-23 18:00:00,25.495575,23.39212,1013.5525,-2.359909,0.18974972,0.0036554337,88.1671,0.0
2025-02-24 00:00:00,25.31546,23.37149,1011.4419,0.13109303,-1.4948511,0.9207854,89.005226,0.0
2025-02-24 06:00:00,30.634918,22.516815,1014.1394,-2.5827522,-2.145977,0.32504895,61.97211,0.0
2025-02-24 12:00:00,29.532745,22.76413,1010.955,-3.795846,-2.5144825,0.027444262,67.019485,0.0
2025-02-24 18:00:00,26.143036,23.316437,1014.0594,-2.261858,-2.2052546,0.140716,84.461624,0.0
2025-02-25 00:00:00,25.594696,22.914612,1012.10187,-0.6690836,-3.19343,0.44838876,85.155716,0.0009536743
2025-02-25 06:00:00,30.403229,22.858368,1014.39813,-3.0869846,-3.7639036,0.3478582,64.11424,0.04396757
2025-02-25 12:00:00,29.011322,22.852386,1011.46313,-3.6436977,-3.6330252,0.23849654,69.43933,0.0
2025-02-25 18:00:00,26.95285,23.273346,1014.4381,-2.6933928,-3.275731,0.28779203,80.31568,0.008009374
2025-02-26 00:00:00,26.489105,23.187042,1012.02313,-1.4913702,-3.7782335,0.27644467,82.10907,0.007912517
2025-02-26 06:00:00,31.4003,22.781097,1014.23,-3.8476248,-4.2704725,0.32637882,60.2842,0.0
2025-02-26 12:00:00,29.718536,22.854645,1010.47815,-3.8084383,-4.6837416,0.020721436,66.67066,0.0
2025-02-26 18:00:00,26.718231,23.720001,1013.5444,-2.2912407,-4.231826,0.11475263,83.65453,0.0022873282
2025-02-27 00:00:00,26.794159,23.496979,1011.0006,-0.9784794,-3.9980993,0.92799526,82.17008,0.0059120357
2025-02-27 06:00:00,30.94107,23.152191,1012.6225,-4.273673,-4.181802,0.5758085,63.288055,0.0003837049
2025-02-27 12:00:00,30.161163,24.040924,1008.8906,-4.228424,-3.7527885,0.80570877,69.8169,0.0
2025-02-27 18:00:00,27.105804,24.542206,1012.2425,-2.7436514,-3.5878878,0.9718144,85.9061,0.0211671
2025-02-28 00:00:00,25.922485,24.277313,1010.12,-0.80639744,-3.187931,0.90335727,90.663376,0.14417619
2025-02-28 06:00:00,30.178986,24.599152,1012.215,-3.9056368,-3.7017279,0.38480335,72.11817,0.0
2025-02-28 12:00:00,28.991486,24.528046,1008.47375,-4.46023,-2.7967901,0.5787989,76.89898,0.10715832
2025-02-28 18:00:00,26.413696,25.062256,1011.7056,-2.7233343,-2.414462,0.34058726,92.29923,0.21240942
2025-03-01 00:00:00,25.81781,24.173279,1009.40814,-2.0333462,-2.402545,0.96028006,90.65992,0.0
2025-03-01 06:00:00,29.438019,25.818787,1011.69,-2.3467875,-1.5666828,0.995515,80.9268,0.01564961
2025-03-01 12:00:00,29.41043,24.751404,1007.70123,-3.5783215,-1.6529474,0.91882527,76.06835,0.0
2025-03-01 18:00:00,26.928223,25.051239,1010.83813,-3.0357122,-1.02983,0.50427157,89.48589,0.0
2025-03-02 00:00:00,26.499268,24.336884,1007.7081,-1.7914019,-1.2490368,0.47652972,87.93896,0.034525115
2025-03-02 06:00:00,31.150177,26.19162,1010.34875,-2.1879272,-0.8405485,0.85016155,74.99645,0.0011403337
2025-03-02 12:00:00,30.618805,24.290009,1006.4369,-3.180993,-1.0423651,0.14516464,69.034035,0.0
2025-03-02 18:00:00,26.881104,25.076935,1010.0012,-2.0794067,0.2034607,0.19314736,89.87158,0.0
2025-03-03 00:00:00,25.697906,24.381195,1008.4481,-0.30926132,-0.8310509,0.7242412,92.45182,0.0
2025-03-03 06:00:00,31.606598,24.281708,1010.55,-1.3690205,-0.71594334,0.707933,65.22251,0.0
2025-03-03 12:00:00,30.320587,24.00113,1007.0156,-3.227085,0.41617107,1.0,69.01626,0.0
2025-03-03 18:00:00,26.823578,24.81894,1009.54126,-1.9007187,0.81407386,0.98932564,88.799126,0.0
2025-03-04 00:00:00,25.99173,24.521515,1007.9938,0.40315533,-0.016466916,0.9804685,91.62277,0.0012398232
2025-03-04 06:00:00,30.506012,24.27475,1010.5712,-1.3423624,0.056791127,1.0,69.41752,0.0
2025-03-04 12:00:00,30.265778,23.343658,1007.5019,-2.743616,0.36158466,0.9534425,66.546005,0.0
2025-03-04 18:00:00,25.23172,23.763824,1009.985,-1.6188984,1.1535571,0.96222633,91.58996,0.0
2025-03-05 00:00:00,24.080475,23.117706,1008.09686,0.54206467,-1.0545769,0.9999999,94.36432,0.0
2025-03-05 06:00:00,30.412506,24.275543,1009.64,-0.21677732,1.2498666,0.99068964,69.79355,0.0
2025-03-05 12:00:00,31.501862,22.947174,1007.105,-2.4247484,1.3977659,0.74154663,60.543198,0.0
2025-03-05 18:00:00,26.353973,24.07785,1010.03375,-1.1437759,1.7170469,0.0,87.32865,0.0
2025-03-06 00:00:00,24.987762,23.446808,1009.32623,1.1436138,0.13257068,0.88894653,91.17269,0.0
2025-03-06 06:00:00,32.366608,21.979156,1010.97876,0.37978113,0.43410504,0.23832238,54.355354,0.0
2025-03-06 12:00:00,31.998566,22.449615,1007.02936,-2.9924126,0.74422723,0.010002136,57.11109,0.0
2025-03-06 18:00:00,26.853302,24.600372,1009.10876,-1.6224928,1.3582637,0.6848901,87.49388,0.0
2025-03-07 00:00:00,25.57315,23.892487,1008.03625,1.386054,-0.69061375,0.9760939,90.44702,9.534415e-05
2025-03-07 06:00:00,31.858429,22.703644,1009.8031,-0.94248295,0.33525777,0.24737549,58.46106,0.0
2025-03-07 12:00:00,31.430939,21.285309,1006.275,-3.6715708,0.75753796,0.0,54.934258,0.0
2025-03-07 18:00:00,26.512726,23.115631,1008.8831,-1.6772299,1.2678607,0.058288574,81.64159,0.0
2025-03-08 00:00:00,24.77353,22.357391,1007.3169,1.4521713,-0.45370388,0.4633145,86.449234,0.0
2025-03-08 06:00:00,31.570831,21.664093,1009.22064,-1.1603069,0.6625407,0.045280457,55.777836,0.0
2025-03-08 12:00:00,30.79361,22.772003,1005.0444,-3.3889513,1.386003,0.0,62.370945,0.0
2025-03-08 18:00:00,25.778778,22.466858,1008.1431,-2.1410007,1.6110058,0.0,81.97382,0.0
2025-03-09 00:00:00,23.10196,21.211456,1007.0,0.40570545,-0.43484592,0.049980164,89.12351,0.0
2025-03-09 06:00:00,30.951813,20.667694,1010.02563,-2.962617,0.14024955,0.16548538,54.351585,0.0
2025-03-09 12:00:00,29.787628,21.313873,1007.2325,-3.9550695,-0.108052015,0.0007209778,60.454525,0.0
2025-03-09 18:00:00,25.295685,21.625916,1011.1,-2.081912,-0.64890003,0.050483704,80.14405,0.0
2025-03-10 00:00:00,25.668854,21.974915,1009.8713,0.08533573,-2.3374767,0.448848,80.07553,9.534415e-05
2025-03-10 06:00:00,31.346344,22.886322,1012.135,-3.4869146,-3.2947378,0.5793572,60.856308,0.008106115
2025-03-10 12:00:00,30.073517,23.64627,1007.7981,-3.9812813,-3.7698994,0.8516068,68.523285,0.0
2025-03-10 18:00:00,27.797699,23.678192,1011.01874,-2.9179468,-3.5944815,0.9859269,78.32671,0.016303733
2025-03-11 00:00:00,26.58554,24.63919,1008.6106,-2.110694,-3.506547,0.998102,89.09039,0.18882006
2025-03-11 06:00:00,27.064606,26.162567,1011.7475,-3.9703636,-1.4930391,0.9986699,94.82473,0.33148003
2025-03-11 12:00:00,26.193024,24.758026,1009.4931,-2.8405704,-0.75713253,1.0,91.82776,1.5883977
2025-03-11 18:00:00,25.18863,24.238525,1011.67377,-0.73317814,-1.5658665,1.0000001,94.48129,0.0
2025-03-12 00:00:00,25.009247,23.923462,1008.96436,0.43217564,-2.0895967,1.0000001,93.70717,0.0
2025-03-12 06:00:00,26.937073,24.817017,1011.6194,-3.266861,-0.42739582,0.95337355,88.19843,2.992347
2025-03-12 12:00:00,27.867523,24.161987,1008.1781,-1.3952055,0.5930338,0.99311155,80.30978,0.0
2025-03-12 18:00:00,25.763031,24.164764,1010.1881,0.5096369,-0.65058804,0.010451805,90.90832,0.0
2025-03-13 00:00:00,25.876007,24.303192,1008.6138,0.72661304,-0.5552416,0.93591315,91.05443,0.00028614886
2025-03-13 06:00:00,31.055328,23.970886,1010.2569,-1.3132839,-0.28321934,0.58637923,66.05714,0.0
2025-03-13 12:00:00,30.672394,23.701385,1006.8162,-3.1303139,0.98878,0.0059934882,66.43177,0.0
2025-03-13 18:00:00,26.305511,24.156555,1009.1319,-1.3570633,1.126967,0.0,87.993546,0.0
2025-03-14 00:00:00,25.305023,23.543152,1008.29,0.4839697,0.48749626,0.43420088,89.98743,0.0
2025-03-14 06:00:00,31.51065,23.874908,1010.83563,-0.67136097,0.22157961,0.5107097,63.9968,0.0
2025-03-14 12:00:00,31.259308,23.946198,1007.1275,-3.0764427,0.60102934,0.0,65.19708,0.0
2025-03-14 18:00:00,27.40738,24.31186,1010.09564,-2.0534163,1.8166468,0.020072937,83.244385,0.0
2025-03-15 00:00:00,25.56717,23.050629,1008.8119,0.523818,0.78819007,0.346999,86.0001,0.0
2025-03-15 06:00:00,31.780792,23.846039,1010.9825,-0.47481823,0.5669237,0.19052935,62.9135,0.0
2025-03-15 12:00:00,31.110382,24.06955,1007.9462,-3.2614155,0.76954937,0.0,66.2415,0.0
2025-03-15 18:00:00,27.566925,24.433136,1010.93,-1.7453499,0.48524296,0.0,83.071945,0.0
2025-03-16 00:00:00,26.910858,24.398651,1009.52936,0.34623623,-0.6193619,0.14122027,86.15196,0.007914379
2025-03-16 06:00:00,31.744904,25.19577,1011.45685,-2.003047,0.7270682,0.3288441,68.34439,0.08898026
2025-03-16 12:00:00,30.989288,25.319,1007.3088,-2.7777348,1.1281097,0.09910847,71.87134,0.0
2025-03-16 18:00:00,27.66092,25.666046,1010.0469,-0.81778145,1.0945115,0.039092135,88.91604,0.0
2025-03-17 00:00:00,27.45465,25.496185,1008.7275,0.85333157,0.5040175,0.061267022,89.09254,0.0010486692
2025-03-17 06:00:00,32.923492,25.440826,1010.8675,-0.49330235,0.9474338,0.85093135,64.88123,0.016499666
2025-03-17 12:00:00,32.18228,26.303375,1006.535,-2.9781342,0.8258034,0.3254947,71.19739,0.0
2025-03-17 18:00:00,27.772491,25.609802,1010.1869,-1.7355642,1.9689267,0.47549334,88.04394,0.0
2025-03-18 00:00:00,27.40033,25.26941,1008.5006,-0.049150467,1.1594394,0.3318377,88.179474,9.5460564e-05
2025-03-18 06:00:00,32.7753,25.069458,1009.9913,-1.848525,1.2847809,0.25283867,63.994606,0.03938889
2025-03-18 12:00:00,31.397614,24.779572,1007.525,-3.4131908,1.4875787,0.018354235,67.997406,0.0
2025-03-18 18:00:00,27.848724,25.128357,1011.08936,-1.7660713,1.4817371,0.8133549,85.17933,0.0
2025-03-19 00:00:00,27.0253,24.721344,1010.16815,0.47087288,0.726107,0.28803504,87.24252,0.0061020255
2025-03-19 06:00:00,32.11844,25.895477,1012.7681,-2.799243,2.0681949,0.456384,69.75199,0.2865836
2025-03-19 12:00:00,31.452545,25.603363,1008.91,-3.940133,1.5353442,0.10937639,71.19281,0.0
2025-03-19 18:00:00,27.70224,25.24057,1012.95685,-1.9437876,0.65618056,0.5750899,86.48711,0.0
2025-03-20 00:00:00,27.701782,24.417694,1011.89874,-1.8582363,0.047885656,0.35522616,82.34334,0.0
2025-03-20 06:00:00,32.728546,24.142914,1013.92126,-2.6178246,1.0357051,0.085759945,60.705017,0.0
2025-03-20 12:00:00,30.931671,23.710968,1009.85126,-3.5554314,0.42695236,0.11005867,65.4929,0.0
2025-03-20 18:00:00,28.256683,24.680603,1013.3619,-2.27353,0.7068588,0.008098602,80.98509,0.0
2025-03-21 00:00:00,28.095612,25.18396,1012.34314,-1.4805098,0.18119335,0.2403053,84.24012,0.006293878
2025-03-21 06:00:00,31.835724,25.002045,1013.5769,-3.099433,0.3692549,0.36296856,67.21302,0.07266872
2025-03-21 12:00:00,31.398834,25.448578,1009.96564,-3.8374567,0.11859989,0.12350464,70.75716,0.0
2025-03-21 18:00:00,28.212708,25.335754,1012.14813,-2.0831337,0.3974352,0.023452759,84.426704,0.0
2025-03-22 00:00:00,28.206696,24.823273,1010.97125,-1.7769098,0.41988403,0.201262,81.91618,0.0043865293
2025-03-22 06:00:00,32.902496,25.2742,1012.7587,-3.1702175,0.86638135,0.21503651,64.31749,0.03147214
2025-03-22 12:00:00,31.26651,25.770966,1009.7631,-2.598957,1.5051111,0.1786642,72.66918,0.0
2025-03-22 18:00:00,27.345612,25.176117,1012.02435,-1.6079617,0.1862495,0.10896802,87.97271,0.0013348181
2025-03-23 00:00:00,27.358612,24.929474,1010.5019,-1.0160751,1.5835904,0.18078649,86.62302,0.006578397
2025-03-23 06:00:00,31.963287,25.550873,1012.2175,-2.3020878,0.25921828,0.45564014,68.94389,0.052168224
2025-03-23 12:00:00,30.070831,25.38382,1009.355,-3.742073,0.6446352,0.39476132,76.043175,0.0
2025-03-23 18:00:00,27.14627,25.593567,1012.045,-1.463069,-0.57695484,0.10966748,91.24362,0.0
2025-03-24 00:00:00,27.08963,25.131165,1010.16315,-0.7474079,-0.7189951,0.32880294,89.064644,0.0
2025-03-24 06:00:00,32.642,25.249146,1011.9581,-2.717349,-0.9485388,0.47742146,65.17063,0.010108263
2025-03-24 12:00:00,30.728058,25.59378,1008.1912,-4.1666727,-0.19194126,0.03273908,74.15228,0.0
2025-03-24 18:00:00,27.4393,24.901459,1010.6906,-2.177661,-0.77401257,0.05183692,86.07062,0.0
2025-03-25 00:00:00,25.879974,24.057404,1007.9675,-0.3334055,-1.0762348,0.36730197,89.70065,9.534415e-05
2025-03-25 06:00:00,31.91092,23.818756,1009.6344,-1.677043,-0.57769203,0.17648399,62.348705,0.0
2025-03-25 12:00:00,30.55484,24.10904,1005.6394,-3.718481,-0.694005,0.015989304,68.539116,0.0
2025-03-25 18:00:00,26.682953,23.620392,1008.125,-1.6366558,0.7710828,0.037813187,83.32714,0.0
2025-03-26 00:00:00,24.83908,23.126312,1006.8206,0.55333805,-0.4525957,0.35750094,90.221756,0.0
2025-03-26 06:00:00,31.679718,23.227753,1008.70685,-0.65610695,0.8726161,0.60730386,60.96049,0.0
2025-03-26 12:00:00,31.359406,23.646027,1004.54,-2.9397564,0.92740273,0.848835,63.666553,0.0
2025-03-26 18:00:00,26.717926,22.764984,1007.9444,-1.1287184,1.455504,0.42678237,78.96613,0.0
2025-03-27 00:00:00,25.770782,23.204315,1006.9581,1.414114,-0.26944512,0.82133627,85.76075,0.0
2025-03-27 06:00:00,33.007355,23.65329,1008.1863,0.4997394,0.9548122,0.8956201,58.026726,0.0
2025-03-27 12:00:00,32.570343,25.024567,1003.5275,-2.9916096,2.2203426,0.9548885,64.56499,0.0
2025-03-27 18:00:00,28.602386,25.523651,1006.6675,0.11391163,2.8598442,0.8369429,83.462456,0.0
2025-03-28 00:00:00,27.164825,24.629486,1005.98315,1.3348355,1.0426426,0.97324187,86.05713,0.0
2025-03-28 06:00:00,33.569366,22.921722,1007.41437,-0.072314024,2.168389,0.9985236,53.79576,0.0
2025-03-28 12:00:00,32.36087,23.977814,1003.3606,-2.1286144,2.8714037,0.92676264,61.3657,0.0
2025-03-28 18:00:00,27.574982,25.02182,1006.64124,-0.39107037,2.4031973,0.9996034,86.005035,0.0
2025-03-29 00:00:00,25.832245,24.074371,1005.1294,1.0166829,1.1679333,0.70589584,90.04635,0.0
2025-03-29 06:00:00,33.99063,22.515533,1007.305,-0.54461765,0.700085,0.00031280518,51.265133,0.0
2025-03-29 12:00:00,32.85611,20.47232,1003.4888,-3.2573786,1.6851804,0.0,48.207825,0.0
2025-03-29 18:00:00,27.18332,24.318878,1007.3525,-1.4808683,1.9808345,0.0,84.38035,0.0
2025-03-30 00:00:00,24.105133,23.041351,1007.0781,0.6745672,0.7611359,0.12594604,93.790565,0.0
2025-03-30 06:00:00,32.737457,20.79715,1008.7556,-1.4690075,1.5821757,0.0,49.511993,0.0
2025-03-30 12:00:00,31.595612,21.221832,1005.1356,-2.4130373,1.8422358,0.0,54.21115,0.0
2025-03-30 18:00:00,26.785309,22.564484,1008.6669,-1.9634047,0.77994037,0.0,77.70258,0.0
2025-03-31 00:00:00,26.298615,23.57846,1007.3738,-1.1328068,1.2600775,0.20058724,85.02201,0.0
2025-03-31 06:00:00,32.03775,23.74643,1008.9925,-2.3162756,1.5525308,0.3378414,61.633648,0.0
2025-03-31 12:00:00,30.59549,22.71579,1005.1719,-3.81602,0.96550006,0.04561615,62.86672,0.0
2025-03-31 18:00:00,27.46872,23.87378,1008.1456,-2.3296852,1.020915,0.00039672852,80.793175,0.0
2025-04-01 00:00:00,26.21811,23.637482,1006.5006,-0.5562258,0.91515064,0.32687807,85.731575,0.0003814057
2025-04-01 06:00:00,31.183502,24.148468,1008.96063,-2.2857304,1.9815149,0.37824982,66.279305,0.043487612
2025-04-01 12:00:00,30.87613,23.63858,1004.7644,-4.2520666,1.3911772,0.39356852,65.415115,0.0
2025-04-01 18:00:00,28.189484,24.101715,1008.1375,-2.1444883,1.9933224,0.5809504,78.53188,0.0
2025-04-02 00:00:00,27.922516,23.68808,1006.6919,-0.15225887,1.1953193,0.39940643,77.80446,0.0
2025-04-02 06:00:00,33.424835,23.570343,1008.71375,-2.0199022,1.7939835,0.31953764,56.40028,0.014781952
2025-04-02 12:00:00,31.060944,25.60025,1005.97687,-3.4195814,1.4123609,0.98108375,72.784454,0.012394723
2025-04-02 18:00:00,28.376556,25.853699,1009.6887,-2.8984795,1.8152721,0.9889284,86.23664,0.044444237
2025-04-03 00:00:00,26.413757,24.866913,1009.27563,-1.070571,0.46115375,0.9999996,91.229836,2.1330311
2025-04-03 06:00:00,27.559906,25.123993,1011.67126,0.11764908,-1.1025696,1.0000001,86.60661,0.0
2025-04-03 12:00:00,27.529114,24.663116,1007.9725,-1.8824472,0.14930534,0.98300886,84.40928,0.0
2025-04-03 18:00:00,27.414337,24.957489,1011.01,0.17097092,0.42665577,0.972944,86.485085,0.0
2025-04-04 00:00:00,26.699615,24.569977,1009.4288,1.172004,-0.90307426,0.9343706,88.1283,0.02946402
2025-04-04 06:00:00,33.061554,24.253876,1010.90625,-1.4196358,-0.8760538,0.16557175,59.976162,0.005811913
2025-04-04 12:00:00,31.561554,24.318146,1006.7494,-3.538684,0.023160934,0.33256912,65.53255,0.0
2025-04-04 18:00:00,27.803131,25.181183,1010.1788,-0.64755917,0.22299904,0.5648496,85.675476,0.011622906
2025-04-05 00:00:00,26.839386,24.409637,1008.49,1.4005114,0.010147274,0.73914576,86.57171,0.0
2025-04-05 06:00:00,33.04544,23.332336,1009.85376,-0.41287017,0.28857845,0.07547868,56.79283,0.0015255064
2025-04-05 12:00:00,31.49527,22.196442,1005.9244,-3.2424927,1.4257846,0.21877363,57.867134,0.0015255064
2025-04-05 18:00:00,28.50943,23.990204,1008.76685,0.22609806,1.8872976,0.12299728,76.56964,0.0
2025-04-06 00:00:00,27.582947,24.614227,1006.7675,0.25192225,0.8561127,0.2713375,83.89828,0.0038146973
2025-04-06 06:00:00,33.868805,24.681091,1007.9,0.64850265,0.20971209,0.20896149,58.808838,0.005627051
2025-04-06 12:00:00,31.959625,25.843658,1004.2681,-3.0108223,1.7825644,0.34139007,70.1662,0.065540895
2025-04-06 18:00:00,28.782562,25.780884,1008.64685,-0.5636406,1.7283509,0.26096427,83.86487,0.048443675
2025-04-07 00:00:00,27.46054,24.462921,1007.08624,0.016622543,-0.3189621,0.92813015,83.73993,0.0
2025-04-07 06:00:00,33.07144,25.161835,1007.6994,-1.0519733,-1.3448849,0.68964225,63.284748,0.0123064965
2025-04-07 12:00:00,32.035675,25.330597,1004.8094,-3.962099,0.69184494,0.10460687,67.76894,0.0
2025-04-07 18:00:00,28.569702,25.844727,1008.7031,-1.1064749,0.8913045,0.37720847,85.228874,0.0
2025-04-08 00:00:00,28.129211,25.141174,1007.9281,0.9939251,-1.1124811,0.5234432,83.86141,0.038716942
2025-04-08 06:00:00,33.727325,24.870026,1008.98,-1.1678247,-1.9543457,0.08720237,59.948338,0.0
2025-04-08 12:00:00,31.868439,25.578156,1005.895,-3.3178196,-0.8070049,0.19878638,69.4278,0.0
2025-04-08 18:00:00,28.187256,26.024078,1009.515,-1.7207756,-0.4229021,0.1123691,88.07576,0.0
2025-04-09 00:00:00,27.78415,25.148499,1007.52435,1.0871563,-1.8379412,0.6502609,85.603714,0.016782433
2025-04-09 06:00:00,33.11197,23.45169,1008.7994,-1.5244713,-1.0857277,0.38081384,56.989933,0.0
2025-04-09 12:00:00,31.428864,25.075592,1005.4363,-2.7954483,-0.1085453,0.24055779,69.085945,0.054078177
2025-04-09 18:00:00,28.71402,25.409302,1007.73,-0.16157943,1.8047047,0.21062624,82.362076,0.0
2025-04-10 00:00:00,28.040405,24.982208,1006.0737,1.7861966,0.28002718,0.9504075,83.50168,0.001238659
2025-04-10 06:00:00,34.75638,24.09732,1006.9387,1.7741652,0.8469636,0.8889518,54.049587,0.0
2025-04-10 12:00:00,33.250275,25.281036,1001.5094,-0.83821297,3.1124945,0.6259034,63.09857,0.0
2025-04-10 18:00:00,30.325043,26.39505,1004.9994,1.403265,4.2578707,0.7343938,79.56781,0.0
2025-04-11 00:00:00,29.308868,22.483429,1004.17065,3.2709198,1.7481861,0.39335245,66.74406,0.0
2025-04-11 06:00:00,35.472443,22.929657,1005.70435,1.6001554,0.9854072,0.075531825,48.417404,0.0
2025-04-11 12:00:00,32.16214,25.143585,1002.96936,0.45768112,2.746585,0.35612267,66.54093,0.0
2025-04-11 18:00:00,27.995209,24.527191,1006.8069,1.4122245,3.846196,0.6511876,81.4772,9.685755e-05
2025-04-12 00:00:00,26.585846,24.751556,1005.67,1.8143787,1.9800273,0.6512426,89.68901,0.00020116568
2025-04-12 06:00:00,33.808014,24.029144,1006.51874,2.9846869,0.8218649,0.0,56.74855,0.0001785811
2025-04-12 12:00:00,34.893463,24.178009,1002.8738,-1.4051914,3.3707721,0.27236566,53.90041,0.0
2025-04-12 18:00:00,29.854736,25.99881,1007.2125,1.7998841,2.711185,0.28636986,79.85397,0.0
2025-04-13 00:00:00,28.74765,24.66153,1006.1788,1.1882133,1.9843032,0.37541324,78.61813,0.0
2025-04-13 06:00:00,34.69461,23.439728,1007.2175,0.37238538,0.7793216,0.36730498,52.131092,0.0
2025-04-13 12:00:00,32.762848,25.83609,1004.21814,-2.8769894,0.7520962,0.5050739,67.024216,0.0
2025-04-13 18:00:00,29.554901,25.996735,1007.645,-0.40578365,1.8969557,0.1884827,81.234695,0.0
2025-04-14 00:00:00,28.661163,25.934662,1007.0112,-0.18040836,0.7151413,0.3628611,85.2304,0.00352785
2025-04-14 06:00:00,33.56656,24.892303,1007.59,-1.5149755,1.2101278,0.11550999,60.570515,0.0
2025-04-14 12:00:00,32.548492,24.404938,1003.4487,-3.6580582,1.7697357,0.038345337,62.29508,0.0
2025-04-14 18:00:00,28.911316,25.243256,1008.0656,-1.7599907,1.6735734,0.20881444,80.62536,0.0
2025-04-15 00:00:00,27.487762,24.647858,1007.3162,1.1255484,0.71234226,0.9175274,84.53667,0.0038146973
2025-04-15 06:00:00,33.180817,23.9169,1008.10065,-1.0564823,0.6983693,0.73336124,58.382694,0.0
2025-04-15 12:00:00,31.945465,25.557526,1004.51,-3.568386,1.7886925,0.04498925,69.04081,0.0
2025-04-15 18:00:00,28.742432,25.975891,1008.4675,-2.2354822,1.8753769,0.050964713,85.03684,0.0
2025-04-16 00:00:00,27.759766,25.312103,1007.51685,-0.6541548,1.5218182,0.12859128,86.564545,0.0022873282
2025-04-16 06:00:00,32.701202,24.407196,1008.6119,-0.8044634,2.034351,0.18758869,61.769455,0.01001358
2025-04-16 12:00:00,31.266144,24.98819,1004.9775,-3.7089806,1.7433743,0.13686371,69.36619,0.0
2025-04-16 18:00:00,28.50772,25.076416,1008.1962,-1.8439274,2.1807165,0.06163804,81.7192,0.0
2025-04-17 00:00:00,28.184021,25.190582,1007.0637,0.58589554,1.7864032,0.54002994,83.840416,0.049971044
2025-04-17 06:00:00,33.390045,25.560822,1007.98,0.26277685,2.0695925,0.2309401,63.655632,0.008396804
2025-04-17 12:00:00,32.592926,26.052032,1003.5125,-2.6904736,2.899537,0.057940666,68.539734,0.014580786
2025-04-17 18:00:00,29.735626,26.000519,1006.96,-1.06318,3.1452723,0.05354504,80.41134,0.0
2025-04-18 00:00:00,29.180359,26.213043,1006.3275,0.14977223,2.766282,0.25089198,84.07875,0.0031460077
2025-04-18 06:00:00,34.765167,25.147705,1007.03314,-0.027801514,2.9574986,0.26193583,57.52486,0.00085961074
2025-04-18 12:00:00,33.12918,25.690948,1002.79376,-1.3295813,4.2257996,0.087963834,65.094986,0.0
2025-04-18 18:00:00,29.787292,26.19455,1006.5619,0.38004005,4.1062355,0.16894831,81.09775,0.0
2025-04-19 00:00:00,28.90033,26.460907,1005.2575,1.1066594,2.4356391,0.2617762,86.71176,0.0
2025-04-19 06:00:00,35.214874,24.178925,1006.20685,0.7571421,0.94612396,0.82804155,52.952248,0.0
2025-04-19 12:00:00,34.689117,25.116364,1002.5613,-1.8445654,3.1780863,0.19884616,57.660515,0.0
2025-04-19 18:00:00,30.413086,26.797882,1006.08124,-0.09970665,4.399768,0.42578188,81.0688,0.0
2025-04-20 00:00:00,29.649292,26.91388,1005.3038,1.1055439,2.6339521,0.16459483,85.28479,0.0013345852
2025-04-20 06:00:00,34.904816,25.335846,1006.79565,0.2603559,1.5350151,0.2476598,57.72365,0.0
2025-04-20 12:00:00,34.368805,26.452911,1002.8744,-1.9903135,2.8625367,0.04952636,63.535923,0.0
2025-04-20 18:00:00,30.57022,26.775238,1007.29376,-0.39713192,3.4687567,0.379062,80.235794,0.0
2025-04-21 00:00:00,29.585907,26.535309,1006.4306,0.29810798,2.494502,0.1890344,83.71053,0.004864298
2025-04-21 06:00:00,35.082184,24.437714,1008.025,-1.4542217,1.5485662,0.08608666,54.176365,0.0
2025-04-21 12:00:00,33.597076,24.975616,1005.1625,-3.108694,1.6890483,0.0,60.76837,0.0
2025-04-21 18:00:00,29.549713,26.504303,1009.0619,-1.2308836,2.1748736,0.0,83.73216,0.0
2025-04-22 00:00:00,28.666473,26.40097,1008.4931,-0.28457832,1.7197454,0.27683014,87.58518,0.028416514
2025-04-22 06:00:00,33.682404,25.643219,1009.8175,-1.213192,1.9205588,0.16350418,62.929005,0.0
2025-04-22 12:00:00,32.86148,24.505524,1005.975,-3.5388613,1.7091074,0.0039978027,61.575935,0.0
2025-04-22 18:00:00,29.634186,26.29068,1009.33563,-0.73119354,2.851016,0.054275513,82.28181,0.0
2025-04-23 00:00:00,28.597626,25.802094,1007.3269,1.2156363,1.6988292,0.57278347,84.87613,0.004099682
2025-04-23 06:00:00,34.35489,24.860748,1007.98126,-0.1779849,1.5230606,0.18715385,57.85353,0.0030528754
2025-04-23 12:00:00,33.06595,25.466583,1003.98126,-3.106063,2.547943,0.21541595,64.46229,0.0
2025-04-23 18:00:00,30.336273,26.237762,1006.5656,-0.18954957,4.1184845,0.009172505,78.78159,0.0
2025-04-24 00:00:00,29.30777,26.281403,1005.4963,1.0857027,1.7374568,0.05165863,83.7998,0.0012395903
2025-04-24 06:00:00,35.147125,24.976105,1007.0606,-0.5681114,1.134742,0.0946075,55.74677,0.0
2025-04-24 12:00:00,34.111725,25.894073,1002.6431,-2.4948711,3.0098233,0.039978027,62.35845,0.0
2025-04-24 18:00:00,30.525146,26.647614,1006.66376,-0.79216766,3.9324398,0.0189633,79.84091,0.0
2025-04-25 00:00:00,29.526825,26.358978,1005.46936,0.3577004,2.1674397,0.15338041,83.12705,0.010680407
2025-04-25 06:00:00,34.91971,25.435333,1006.9313,-1.2565556,2.1143188,0.20920068,58.018166,0.032711774
2025-04-25 12:00:00,32.907745,26.673004,1003.57623,-1.9929886,3.5087786,0.17632799,69.84884,0.0
2025-04-25 18:00:00,30.171295,26.817322,1006.85815,-0.81225395,4.037924,0.2466188,82.294586,0.0024791807
2025-04-26 00:00:00,29.465271,26.402466,1005.5275,-0.04045391,2.180312,0.5098343,83.637024,0.013539758
2025-04-26 06:00:00,34.4357,26.356598,1007.245,-1.691288,2.8288412,0.21259105,62.941147,0.048643198
2025-04-26 12:00:00,33.195587,25.126251,1004.01373,-1.2592707,3.4412985,0.15499887,62.712013,0.0
2025-04-26 18:00:00,29.928436,26.317871,1007.41,0.087887704,2.9940662,0.03121443,81.030174,0.0029560179
2025-04-27 00:00:00,28.615082,26.227905,1006.405,-0.3415661,2.4463506,0.179025,86.95374,0.008868054
2025-04-27 06:00:00,33.358307,25.777496,1008.1756,-1.5753832,2.207552,0.6040605,64.59401,0.06819144
2025-04-27 12:00:00,31.665497,25.723175,1005.15936,-2.8910751,2.9128208,0.68500084,70.83853,0.0
2025-04-27 18:00:00,29.351013,26.18277,1008.17,-0.76794815,2.4824705,0.9619438,83.10514,0.0
2025-04-28 00:00:00,28.159027,25.096313,1006.22437,-0.19132328,2.5037632,0.96903855,83.492485,0.16992712
2025-04-28 06:00:00,32.590973,26.462494,1007.0875,-1.0548582,2.7703934,0.7761008,70.22949,0.0
2025-04-28 12:00:00,32.721466,25.077698,1003.365,-2.2234526,1.9299511,0.40771753,64.22045,0.0
2025-04-28 18:00:00,29.431885,25.296783,1006.6781,-1.1156034,2.6754503,0.831693,78.484795,0.0
2025-04-29 00:00:00,28.658417,25.321869,1005.5131,1.0542921,1.5302751,0.99461704,82.19974,0.0140070915
2025-04-29 06:00:00,33.939606,25.137848,1006.52,-0.79925156,1.5414686,0.21987498,60.194977,0.0
2025-04-29 12:00:00,32.703156,26.217072,1003.04565,-1.8975735,2.850438,0.24483764,68.78313,0.051304698
2025-04-29 18:00:00,29.903595,26.367004,1006.6525,0.11435121,3.2977076,0.78341216,81.38168,0.0
2025-04-30 00:00:00,28.887207,25.95877,1005.6625,0.9268936,2.4806728,0.907818,84.240814,0.0041965395
2025-04-30 06:00:00,34.54959,24.904327,1006.765,0.9217692,2.0896668,0.66662526,57.37933,0.0063910084
2025-04-30 12:00:00,33.95999,25.756622,1003.0419,-1.764226,4.1189146,0.62876546,62.3785,0.0
2025-04-30 18:00:00,29.837555,26.443268,1007.2,0.20372039,4.600459,0.9759008,82.05977,0.0
2025-05-01 00:00:00,29.036194,25.783447,1006.89685,1.8762655,2.3266802,1.0000001,82.65442,9.49949e-05
2025-05-01 06:00:00,35.00296,24.56076,1007.33936,0.9367429,2.417942,0.94430524,54.81681,0.0004771864
2025-05-01 12:00:00,33.300446,25.679962,1004.19,-1.1760864,4.008443,0.9999997,64.430244,0.0
2025-05-01 18:00:00,30.12326,26.31601,1007.09314,0.78564316,3.3407288,0.999603,80.1195,0.0
2025-05-02 00:00:00,29.06192,26.30191,1006.6325,0.91837883,2.3416157,0.9709395,85.102165,0.0
2025-05-02 06:00:00,35.20755,24.858185,1008.0506,-0.6311579,2.2055092,0.156456,55.171185,0.0
2025-05-02 12:00:00,32.152863,24.582184,1004.15063,-1.8946152,4.464347,0.39372492,64.3821,0.0
2025-05-02 18:00:00,29.454498,25.649323,1007.57,1.6175371,3.5415564,0.94569504,80.04151,0.0
2025-05-03 00:00:00,28.504852,25.272247,1006.40936,1.2184547,2.102551,0.97756344,82.69145,0.0
2025-05-03 06:00:00,35.88443,23.041046,1006.77875,1.0312474,1.6755809,0.56253976,47.65007,0.0
2025-05-03 12:00:00,34.18643,24.756866,1002.9919,-2.3031778,3.4813604,0.18367767,58.037853,0.015445054
2025-05-03 18:00:00,30.329895,26.3956,1005.9519,0.8969912,4.16088,0.01305547,79.54825,0.0
2025-05-04 00:00:00,29.38388,26.008636,1005.10815,0.6692522,2.5088975,0.04624092,82.09783,0.0
2025-05-04 06:00:00,36.649323,24.183441,1005.40875,1.205682,0.87999773,0.02299881,48.945515,0.0006672926
2025-05-04 12:00:00,33.04776,26.01297,1002.32874,-3.3610458,3.4662008,0.3829433,66.653015,0.4881504
2025-05-04 18:00:00,27.489288,24.23648,1007.22565,1.8579693,1.5577183,0.87026983,82.47263,0.0
2025-05-05 00:00:00,26.305145,23.954987,1005.3219,0.9944811,2.8729584,0.9999993,86.93683,0.0
2025-05-05 06:00:00,32.56064,24.34201,1005.46063,1.2526575,1.6708841,0.74800414,62.018192,0.00095379073
2025-05-05 12:00:00,32.280304,25.621246,1003.29126,-2.801219,2.4461753,0.11194455,68.00188,0.0
2025-05-05 18:00:00,29.486633,26.575043,1006.1887,-0.46146297,3.8979568,0.6207352,84.38842,0.0
2025-05-06 00:00:00,28.791595,26.046844,1006.135,0.9320173,2.109338,0.2912284,85.15155,0.003718771
2025-05-06 06:00:00,35.023346,25.60263,1006.3031,0.467588,0.75458735,0.41379058,58.2619,0.0
2025-05-06 12:00:00,32.714874,26.077057,1002.91626,-1.6178274,2.7625449,0.78307617,68.17113,0.026881695
2025-05-06 18:00:00,27.859344,24.3284,1006.14374,0.97728753,3.4664736,0.45962137,81.15385,0.0
2025-05-07 00:00:00,27.418182,25.058075,1004.9281,1.5581052,0.75476265,0.07699449,86.98572,0.0
2025-05-07 06:00:00,34.76468,24.964996,1005.2644,-0.42815876,0.32468414,0.61657923,56.90341,0.018310733
2025-05-07 12:00:00,32.766388,25.074982,1002.6306,-2.28831,3.643983,0.67936987,64.0478,0.0
2025-05-07 18:00:00,28.991058,24.854156,1006.14935,0.7466624,3.2622175,0.98535156,78.41424,0.0
2025-05-08 00:00:00,27.404572,24.01358,1004.7463,1.3741926,1.0160427,0.1884121,81.78137,0.0
2025-05-08 06:00:00,35.159943,23.062347,1005.91315,1.0758437,0.4423548,0.006652619,49.65836,0.0016205013
2025-05-08 12:00:00,32.13089,23.4357,1003.59564,-2.158124,2.8302794,0.6005362,60.172443,0.14686957
2025-05-08 18:00:00,29.65738,25.106781,1006.60315,0.05061555,2.3977184,0.83478034,76.599754,0.0
2025-05-09 00:00:00,28.78299,25.848358,1005.7444,1.4115753,1.2177658,0.43061876,84.19878,0.0
2025-05-09 06:00:00,35.091705,24.533234,1006.3594,-0.049170494,-0.38456917,0.52553475,54.458256,0.00085833017
2025-05-09 12:00:00,32.187775,25.903595,1004.0044,-2.926506,2.0064683,0.5975136,69.512375,0.030044816
2025-05-09 18:00:00,29.848633,26.45227,1007.39435,-1.2546692,2.8499389,0.61629844,82.05105,0.0
2025-05-10 00:00:00,28.368042,25.29242,1006.09064,0.7153932,1.4490743,0.3289379,83.45169,0.0
2025-05-10 06:00:00,34.094635,24.771942,1007.16437,1.2051547,1.8490969,0.15792105,58.388214,0.01001358
2025-05-10 12:00:00,33.01407,26.126678,1003.8075,-1.171217,3.4572632,0.41780663,67.22997,0.030040741
2025-05-10 18:00:00,30.604095,26.365509,1006.15875,0.7516635,2.9660654,0.06467928,78.170074,0.0
2025-05-11 00:00:00,29.238312,25.85794,1005.47626,1.4201248,1.2234211,0.08281906,82.055466,0.0
2025-05-11 06:00:00,35.913483,22.553741,1005.91876,1.6815093,1.2042577,0.102902114,46.189247,0.0
2025-05-11 12:00:00,34.699493,23.581696,1002.34064,-1.5138302,3.244969,0.13361719,52.56494,0.0
2025-05-11 18:00:00,30.015259,25.596832,1005.01685,2.1411924,3.8476486,0.08024034,77.25772,0.0
2025-05-12 00:00:00,29.214386,24.32254,1003.5756,1.9538361,1.5784807,0.015113831,74.98552,0.0
2025-05-12 06:00:00,36.732574,22.127228,1003.9387,2.3819647,0.008982062,0.18367386,43.02785,0.00047683716
2025-05-12 12:00:00,35.91275,23.315338,1000.31,-1.3298769,1.7685667,0.24958593,48.371136,0.0
2025-05-12 18:00:00,30.620453,25.725739,1004.6719,2.5220957,2.517617,0.991618,75.19633,0.0
2025-05-13 00:00:00,29.895996,25.005035,1002.7388,1.8423071,1.1389837,0.9684273,75.098206,0.0
2025-05-13 06:00:00,36.312775,24.265656,1003.9456,1.5389173,0.5208555,0.47440523,50.103413,0.0005722977
2025-05-13 12:00:00,35.006134,23.751984,1000.5544,-1.9823866,0.96583366,0.25665858,52.2111,0.0
2025-05-13 18:00:00,30.836334,26.256134,1004.16376,0.4438082,3.112078,0.47405863,76.64273,0.0
2025-05-14 00:00:00,30.759766,26.224762,1003.41187,2.0140753,0.8589554,0.7267313,76.83614,0.00095320866
2025-05-14 06:00:00,35.98929,24.537079,1004.3225,0.009305954,-1.2766914,0.9899447,51.8379,0.0
2025-05-14 12:00:00,33.128326,24.7305,1001.09,-3.4847555,0.9647064,0.84062093,61.480583,0.24179812
2025-05-14 18:00:00,29.782013,25.553009,1005.8869,1.7653116,1.31088,0.68789,78.097466,0.0
2025-05-15 00:00:00,28.250122,24.544952,1004.0719,2.1551952,-0.8946533,0.99259704,80.36151,0.0
2025-05-15 06:00:00,34.76541,24.737701,1004.9944,0.09099865,-0.20353264,0.9132979,56.13435,0.005532056
2025-05-15 12:00:00,33.27298,25.156525,1002.02,-2.3467016,1.9029627,0.09951782,62.5529,0.14938042
2025-05-15 18:00:00,29.083649,25.2435,1006.2419,1.6721593,3.3516693,0.47460264,79.82629,0.0
2025-05-16 00:00:00,29.12503,24.990997,1003.1863,2.9365034,1.7179091,0.047541603,78.44657,0.0
2025-05-16 06:00:00,35.40457,24.465363,1004.515,1.147238,-0.90310097,0.427029,53.306995,0.0
2025-05-16 12:00:00,30.880157,25.205353,1001.9444,-1.1903257,2.734797,0.99999976,71.83292,0.059962273
2025-05-16 18:00:00,28.947968,26.139008,1005.7544,2.1002986,-0.73049736,0.9999999,84.84477,0.0
2025-05-17 00:00:00,27.295197,23.774078,1003.5069,1.1296968,-1.0865517,0.9848149,81.13055,0.0
2025-05-17 06:00:00,30.73764,24.61435,1004.91125,1.8224487,1.6342349,0.8490708,69.910965,0.09355694
2025-05-17 12:00:00,29.65152,26.689667,1002.66064,0.21249902,1.9045544,1.0,84.15645,1.6133642
2025-05-17 18:00:00,26.500885,25.365875,1006.2556,3.297166,0.7455025,0.999335,93.50053,0.0
2025-05-18 00:00:00,25.951508,22.717804,1003.0069,2.928729,0.43723965,1.0,82.38489,0.0
2025-05-18 06:00:00,30.536041,27.03653,1004.3,0.304039,-0.26930904,0.99927986,81.637215,0.69763553
2025-05-18 12:00:00,31.276031,25.742828,1000.5606,-1.1936655,2.8260574,0.9837337,72.50876,0.0
2025-05-18 18:00:00,26.879913,25.522797,1003.4869,1.1655679,1.5597506,0.99999994,92.2937,0.5926341
2025-05-19 00:00:00,26.215546,24.627686,1001.265,3.0131865,0.24493694,0.9787297,90.99414,6.7854934
2025-05-19 06:00:00,29.748688,26.838654,1003.1669,2.7215042,0.0074424744,0.97298604,84.42382,0.0
2025-05-19 12:00:00,30.908966,26.812164,1000.28436,-0.96354866,1.8075442,1.0,78.86864,0.0
2025-05-19 18:00:00,28.09024,26.462494,1002.40314,1.8783169,2.038135,0.98880595,90.89884,0.0
2025-05-20 00:00:00,28.08786,25.4729,1001.29877,1.9419336,1.9107268,1.0,85.73903,0.0
2025-05-20 06:00:00,32.01236,25.188019,1002.71625,3.424573,-0.00027751923,0.99800384,67.28516,0.0
2025-05-20 12:00:00,32.345367,24.566254,1000.18,0.71803546,2.7673402,0.9999998,63.62471,0.0
2025-05-20 18:00:00,28.93332,24.863922,1003.1312,1.403116,2.2462893,0.99933493,78.722694,0.0
2025-05-21 00:00:00,28.198273,22.458893,1002.7612,3.4034567,0.31665415,0.9941099,71.07774,0.0
2025-05-21 06:00:00,32.865997,24.035553,1004.555,3.5425386,1.3563478,1.0,59.8501,9.534415e-05
2025-05-21 12:00:00,33.651886,25.330109,1000.9913,1.2968476,0.40683073,0.9996034,61.874844,0.002191984
2025-05-21 18:00:00,29.546051,26.338043,1004.47,1.1423378,2.3539457,0.87804556,82.93243,0.0038142316
2025-05-22 00:00:00,28.419098,23.01236,1003.71814,2.8900661,0.3947096,0.992334,72.56562,0.0
2025-05-22 06:00:00,34.02054,24.550842,1004.9325,1.5146694,1.1179204,0.46281338,57.86033,0.0049583614
2025-05-22 12:00:00,33.595367,24.47873,1001.98627,-0.009922981,1.469023,0.2341268,58.996563,0.051695853
2025-05-22 18:00:00,29.84909,26.99173,1004.5769,0.979155,3.7352448,0.9148261,84.69611,0.0
2025-05-23 00:00:00,29.4711,26.67691,1002.29126,1.9507926,0.7604847,0.58629376,84.9724,0.0011436641
2025-05-23 06:00:00,34.69925,24.812653,1002.88,2.8413496,2.309266,0.4942127,56.593674,0.010683201
2025-05-23 12:00:00,33.086212,24.739777,999.1456,0.09249592,3.7702951,0.19386333,61.660366,0.0
2025-05-23 18:00:00,28.612823,26.135162,1002.89,2.2125778,2.4488761,0.21161163,86.48976,0.0
2025-05-24 00:00:00,28.375946,24.306976,1002.22437,2.6045942,1.2890083,0.99921274,78.646736,0.0017136335
2025-05-24 06:00:00,31.402313,25.103424,1002.4869,2.6560392,3.1591492,0.986021,69.305176,0.0
2025-05-24 12:00:00,32.89731,24.04129,999.9412,1.8764648,2.4397297,0.989377,59.76535,0.0021932647
2025-05-24 18:00:00,29.486969,24.086823,1003.7369,3.3596172,2.5598583,0.9971862,72.77849,0.0
2025-05-25 00:00:00,28.200897,24.073517,1002.6025,2.9494038,3.3256521,1.0000002,78.346985,0.0
2025-05-25 06:00:00,31.870941,25.078888,1002.9444,3.691205,2.575126,0.98510724,67.38692,9.685755e-05
2025-05-25 12:00:00,31.961578,24.031464,1001.59064,4.020589,1.9188015,1.0,62.96994,0.0
2025-05-25 18:00:00,28.769073,23.87265,1004.64874,2.9053268,1.4901683,1.0,74.89349,0.0
2025-05-26 00:00:00,28.421478,23.288727,1002.5744,4.638263,3.068883,1.0,73.777954,0.016208738
2025-05-26 06:00:00,29.894135,24.55008,1003.96625,3.1770506,2.8074703,1.0,73.09306,0.0
2025-05-26 12:00:00,31.161224,23.871613,1001.0569,4.183589,1.9721432,1.0,65.269035,0.09649852
2025-05-26 18:00:00,29.0914,22.943268,1003.22815,4.2826986,2.4935684,0.99999994,69.49985,0.0
2025-05-27 00:00:00,28.1492,22.67044,1001.28436,4.189978,2.9437647,0.727847,72.2027,0.0
2025-05-27 06:00:00,33.655792,23.689117,1002.085,7.075548,2.8254123,1.0,56.075317,0.0008577481
2025-05-27 12:00:00,33.256012,24.197784,999.17065,4.0794725,2.2440474,0.99960303,59.125626,0.0
2025-05-27 18:00:00,29.41043,23.038239,1002.3787,5.034563,1.9821043,0.991772,68.6239,0.0
2025-05-28 00:00:00,28.579437,22.726044,1000.8569,4.57003,1.6380267,1.0,70.65653,0.0
2025-05-28 06:00:00,34.612335,23.411224,1001.5531,7.311427,1.9838337,1.0,52.279915,0.001238659
2025-05-28 12:00:00,33.72928,23.73172,999.1981,5.0122375,1.6053395,1.0,55.988712,0.0015255064
2025-05-28 18:00:00,29.760162,22.405304,1001.7519,5.3563023,2.1483593,0.9939329,64.72179,0.0
2025-05-29 00:00:00,28.39737,23.677948,1001.0069,4.784127,2.7852774,1.0,75.63603,0.6857828
2025-05-29 06:00:00,32.727936,24.6315,1001.6994,7.062889,2.319644,1.0,62.509895,0.0
2025-05-29 12:00:00,32.197296,24.524323,999.2356,3.5376434,2.395907,1.0,63.998623,0.0
2025-05-29 18:00:00,29.341705,23.103241,1001.97125,4.963252,2.2019763,1.0,69.168076,0.0
2025-05-30 00:00:00,27.064667,24.017883,1000.345,3.9564457,2.5217772,1.0,83.44939,0.39546227
2025-05-30 06:00:00,31.772736,25.51352,1002.51,5.6577063,2.541541,0.9907671,69.538155,0.0
2025-05-30 12:00:00,29.3909,25.948975,1001.3219,2.5613067,2.4283018,1.0,81.77531,6.2389007
2025-05-30 18:00:00,26.812164,22.637848,1004.22815,4.321828,1.6328205,0.6930271,77.92618,0.0
2025-05-31 00:00:00,27.236847,22.82901,1003.6987,3.8377476,2.306827,0.77817416,76.89281,0.0
2025-05-31 06:00:00,33.322662,25.046204,1005.17126,4.534523,0.75392437,0.5909377,61.97017,0.0011441298
2025-05-31 12:00:00,33.009064,25.246613,1002.7519,2.7807767,1.5850663,0.7529175,63.828312,0.0
2025-05-31 18:00:00,29.566437,23.81192,1005.61127,3.810454,2.2774115,0.06065928,71.25883,0.0
2025-06-01 00:00:00,28.271637,23.888397,1005.4412,3.8057814,0.5918312,0.98317593,77.162094,0.0
2025-06-01 06:00:00,34.4711,25.402405,1006.2175,2.9262629,0.29971504,0.028536573,59.36538,0.0
2025-06-01 12:00:00,34.9003,25.445892,1003.51685,0.27734375,1.9723353,0.28901947,58.117092,0.0
2025-06-01 18:00:00,29.877441,25.502228,1006.54065,2.1472423,3.8018222,0.39162105,77.435974,0.0
2025-06-02 00:00:00,29.01767,23.21341,1005.52124,2.8813696,1.5001602,0.50873137,70.94682,0.0
2025-06-02 06:00:00,34.676422,24.143097,1005.925,3.0766697,1.4926056,0.93618,54.439426,0.0
2025-06-02 12:00:00,33.86331,24.442047,1003.64813,0.9405579,3.4666433,0.8715067,57.991684,0.0017285347
2025-06-02 18:00:00,29.548187,25.42215,1006.3781,1.4265733,3.0820756,1.0,78.54346,0.0
2025-06-03 00:00:00,29.094604,22.812592,1005.3681,4.1142235,0.6383076,0.9961305,68.93906,0.0
2025-06-03 06:00:00,33.992096,24.587067,1006.4356,3.9233456,0.85333604,0.79645675,58.077957,0.0
2025-06-03 12:00:00,34.400055,24.546112,1003.35565,1.0110114,2.4660563,0.4143209,56.63345,0.017553568
2025-06-03 18:00:00,29.435211,26.092194,1006.77435,1.6386417,3.338551,0.12517482,82.260605,0.0
2025-06-04 00:00:00,28.718048,23.132477,1006.2606,3.2144327,1.4828446,0.1677621,71.836876,0.0
2025-06-04 06:00:00,34.483185,24.473694,1006.4575,3.8455753,1.4310567,0.42243844,56.1284,9.5460564e-05
2025-06-04 12:00:00,34.29898,24.855743,1003.3731,0.76053333,1.8441472,0.27890658,58.016586,0.0
2025-06-04 18:00:00,29.767975,26.131866,1006.6425,1.1665624,3.5741282,0.29756886,80.887726,0.0015255064
2025-06-05 00:00:00,28.899628,23.694366,1005.9269,2.888648,1.1812906,0.22723812,73.53596,0.0
2025-06-05 06:00:00,34.68863,23.000702,1006.5925,1.8386955,-1.2514753,0.82109237,50.783253,0.0
2025-06-05 12:00:00,35.260284,23.689362,1004.1869,-1.1809654,1.2378937,0.051864944,51.287968,0.0
2025-06-05 18:00:00,30.0766,26.58194,1007.735,0.45657164,3.5311775,0.06915335,81.60443,0.0
2025-06-06 00:00:00,29.050049,25.625885,1006.8081,1.5834644,1.9192266,0.48642856,81.81997,0.0
2025-06-06 06:00:00,33.84134,24.522919,1007.02936,1.3900079,1.2016683,0.7483932,58.344658,0.010775402
2025-06-06 12:00:00,33.73062,26.46939,1004.145,-0.41287613,2.3572426,0.80633974,65.90291,0.0
2025-06-06 18:00:00,29.69748,26.68863,1007.53064,1.191209,3.8064537,0.91174185,83.928856,0.0
2025-06-07 00:00:00,29.06839,25.395294,1006.96436,2.0462852,2.296689,0.4443689,80.62141,0.0
2025-06-07 06:00:00,34.32315,24.347137,1006.96185,2.6997309,-0.80312157,0.91961277,56.20289,0.0057213474
2025-06-07 12:00:00,34.3002,25.466461,1003.84875,0.14521694,1.5183172,0.113796644,60.161304,0.00838819
2025-06-07 18:00:00,29.724152,26.876495,1006.8244,1.9300823,4.0627995,0.2236067,84.73149,0.0
2025-06-08 00:00:00,29.032715,23.011505,1005.5325,3.2269936,1.6874924,0.9441786,70.02484,0.0
2025-06-08 06:00:00,34.3024,23.928436,1005.68,2.3756905,-0.055541992,0.8077596,54.871758,0.0
2025-06-08 12:00:00,34.48636,24.226349,1002.7681,0.77523583,1.3301969,0.9125117,55.292988,0.028982759
2025-06-08 18:00:00,29.817596,25.311066,1005.8375,2.1539834,3.9705687,0.98416734,76.825066,0.0
2025-06-09 00:00:00,29.079102,23.81955,1004.21436,3.3710985,0.5396681,0.95511466,73.32624,0.0
2025-06-09 06:00:00,33.516266,24.515594,1004.3013,3.7106209,-0.7419033,0.3800575,59.389313,0.0041965395
2025-06-09 12:00:00,33.757355,24.926422,1001.0094,1.6625768,1.522131,0.41699117,60.049484,0.027453527
2025-06-09 18:00:00,30.804901,23.755646,1004.46313,0.51967275,1.4560114,0.8708361,66.14631,0.026762486
2025-06-10 00:00:00,28.483429,22.438751,1001.96686,3.1931791,0.7707424,0.99110085,69.82308,0.0
2025-06-10 06:00:00,34.012115,24.234894,1001.8825,4.4746695,1.0259626,0.7891584,56.802414,0.0013351673
2025-06-10 12:00:00,34.436676,23.576447,998.6181,0.93472046,1.9210364,0.5472716,53.321587,0.005340553
2025-06-10 18:00:00,28.60379,23.453522,1002.51624,1.6873939,-0.29001808,0.98111534,73.73042,0.030517578
2025-06-11 00:00:00,27.235931,24.344025,1000.32874,2.8997517,2.1650991,0.97021973,84.24721,0.31281263
2025-06-11 06:00:00,32.54825,24.63617,1001.9375,4.0579357,-0.0056409836,0.49202365,63.16384,0.0
2025-06-11 12:00:00,31.666656,25.398224,998.65186,2.9457142,2.9467194,0.67545354,69.48032,1.2532473
2025-06-11 18:00:00,28.752045,23.708038,1001.8144,2.7861853,1.7951534,0.90423894,74.2287,0.0
2025-06-12 00:00:00,28.021942,22.132233,1000.40436,3.9959345,0.8636568,0.8266446,70.39855,0.0
2025-06-12 06:00:00,33.525055,23.794708,1000.78564,4.4994116,1.5017476,0.99760723,56.847317,0.0
2025-06-12 12:00:00,33.790436,24.13919,998.2544,0.7758932,3.6363645,0.98989236,57.180847,0.003909692
2025-06-12 18:00:00,29.147003,24.700836,1001.82874,1.8316383,2.4860744,0.94398385,77.001686,0.0
2025-06-13 00:00:00,28.716522,22.81839,1001.0706,2.5186138,2.6978626,0.2956823,70.49022,0.0
2025-06-13 06:00:00,34.40164,23.736847,1002.0875,3.018261,2.1036177,0.11887368,53.944237,0.0
2025-06-13 12:00:00,31.469147,25.278229,1000.20935,2.039229,2.6528625,0.69255626,69.76459,0.19253412
2025-06-13 18:00:00,29.616241,22.561981,1003.4819,4.258173,2.333457,0.86163825,65.88466,0.0
2025-06-14 00:00:00,28.619598,23.044281,1002.0769,2.8929853,2.2464373,0.81345755,71.86406,0.0
2025-06-14 06:00:00,34.466583,24.018463,1003.41437,5.2053185,1.6465536,0.8939085,54.667526,0.006102707
2025-06-14 12:00:00,32.948273,23.32486,1001.15125,3.292717,2.9921896,0.98153687,57.078148,0.004985305
2025-06-14 18:00:00,28.587128,21.96109,1004.4931,5.1236095,1.3838327,0.9836074,67.41438,0.09522432
2025-06-15 00:00:00,28.419525,22.872711,1002.4481,2.6385422,3.5336351,0.9639283,71.95282,0.0
2025-06-15 06:00:00,33.311554,25.157867,1003.26373,3.9733315,3.5180264,0.9497632,62.42267,0.39478174
2025-06-15 12:00:00,32.85721,22.914948,1001.22125,3.1902742,2.5655584,0.96741366,55.966766,0.0
2025-06-15 18:00:00,29.802643,21.811798,1005.0037,4.3285,2.8823748,0.90296155,62.270702,9.685755e-05
2025-06-16 00:00:00,28.442108,22.013336,1002.905,3.4546943,2.9054232,0.6687717,68.20162,0.0
2025-06-16 06:00:00,32.8179,22.924896,1004.005,5.6043854,2.5496302,1.0000015,56.124516,0.0
2025-06-16 12:00:00,33.287384,21.776886,1002.1213,4.93338,1.7854724,0.84803665,50.976753,0.0
2025-06-16 18:00:00,28.579193,22.353302,1005.8044,3.9926558,1.5834938,1.0000001,69.07602,0.07610768
2025-06-17 00:00:00,28.74411,22.125214,1005.28436,2.660314,2.333478,0.99048525,67.474815,0.0
2025-06-17 06:00:00,33.99063,22.505524,1005.5556,5.1404333,2.14793,0.9777532,51.233967,0.0
2025-06-17 12:00:00,33.74344,23.49356,1002.85065,2.978833,1.2948129,0.93525225,55.147446,0.0010430813
2025-06-17 18:00:00,29.980072,23.03775,1005.9881,4.3101845,1.5886669,0.89738524,66.407326,0.0
2025-06-18 00:00:00,28.483673,22.494293,1005.4581,3.4367895,1.4807522,0.90696514,70.058136,0.0
2025-06-18 06:00:00,34.032135,23.733734,1005.73,4.569212,1.6077669,0.99881566,55.056156,0.0
2025-06-18 12:00:00,34.698883,22.821747,1003.34686,2.5110972,2.2219148,1.0,50.20724,0.008679926
2025-06-18 18:00:00,29.990631,24.803131,1006.17,1.6029557,3.5306797,1.0,73.796425,0.0
2025-06-19 00:00:00,28.908234,22.872894,1004.70435,3.4676714,1.8649205,1.0,69.94188,0.0
2025-06-19 06:00:00,33.875275,23.83139,1005.5106,4.0989943,1.3728821,1.0,55.867744,0.0008579809
2025-06-19 12:00:00,34.0618,23.93692,1002.84564,1.8529737,1.9458781,0.9132768,55.64095,0.037657797
2025-06-19 18:00:00,29.954193,25.830719,1006.7519,1.691501,3.7357464,0.44410378,78.61223,0.0
2025-06-20 00:00:00,29.0961,23.16861,1005.15063,3.5489721,0.94797593,0.85597914,70.43462,0.0
2025-06-20 06:00:00,34.957672,23.681793,1005.635,3.3521671,1.4417822,0.23605686,52.13077,0.0
2025-06-20 12:00:00,34.97354,22.329987,1003.0687,1.504653,2.73881,0.6736,47.993477,0.0
2025-06-20 18:00:00,29.35199,25.569244,1006.7606,1.6663597,3.4760141,0.33732027,80.13465,0.0
2025-06-21 00:00:00,28.720062,23.693207,1005.2319,3.266119,0.5630379,0.66057163,74.30013,0.0
2025-06-21 06:00:00,33.78421,23.854218,1006.095,2.8173895,0.9861759,0.97010463,56.22989,0.0020028092
2025-06-21 12:00:00,34.228912,23.250519,1003.2344,0.7110481,1.2366507,0.9896431,52.8916,0.0
2025-06-21 18:00:00,30.596802,23.804718,1006.5712,2.1910398,3.214491,0.9996886,67.135796,0.0
2025-06-22 00:00:00,29.585419,23.041534,1004.47314,4.0429296,1.5407678,0.89473706,67.948395,0.0
2025-06-22 06:00:00,34.594513,23.002167,1005.1425,4.38896,1.491091,0.9228914,51.054,0.00047683716
2025-06-22 12:00:00,32.624664,22.15628,1003.10876,2.8798811,1.3073419,1.0,54.15112,0.11509657
2025-06-22 18:00:00,28.466522,22.199493,1006.59564,2.6144269,3.5003407,1.0,68.881836,0.0
2025-06-23 00:00:00,27.971588,22.42276,1005.2587,5.273679,0.99989325,1.0,71.86491,0.0
2025-06-23 06:00:00,32.982086,22.968475,1004.4506,4.2923594,0.26887226,1.0,55.755413,0.0
2025-06-23 12:00:00,32.323273,23.461823,1002.58374,2.0949657,0.9482924,1.0000001,59.61542,0.0
2025-06-23 18:00:00,29.776154,22.828766,1004.6994,3.2522717,1.7792025,0.99365836,66.34577,0.0
2025-06-24 00:00:00,28.772552,22.391327,1003.3088,3.8173113,1.6035882,0.8088409,68.46352,0.0
2025-06-24 06:00:00,34.635895,22.630219,1003.5556,5.270993,1.5949564,0.9263899,49.801357,0.0
2025-06-24 12:00:00,34.69571,22.207062,1001.0694,3.4773407,0.9528246,0.99304974,48.375683,0.0
2025-06-24 18:00:00,30.531036,22.249054,1004.3125,4.2304735,1.4414171,1.0000002,61.334793,0.0
2025-06-25 00:00:00,29.148346,22.51828,1003.3894,3.5833158,1.8449123,0.9864379,67.5088,0.0
2025-06-25 06:00:00,33.037872,22.923248,1004.1406,3.6456146,1.9906274,1.0,55.428864,0.0
2025-06-25 12:00:00,32.050323,24.1315,1001.78564,2.2735415,2.852398,1.0,63.031696,0.01106225
2025-06-25 18:00:00,29.700043,22.7388,1003.7438,4.189124,1.5770054,1.0,66.27468,0.0
2025-06-26 00:00:00,29.091034,22.582916,1003.855,3.2733998,1.9724219,0.9998535,67.99931,0.0
2025-06-26 06:00:00,32.490875,23.608612,1005.34875,3.485546,2.4163103,0.9971314,59.578808,0.0
2025-06-26 12:00:00,32.010162,24.995026,1002.47687,1.9432986,4.0694084,0.9675343,66.52415,1.3687015
2025-06-26 18:00:00,29.104645,24.800934,1005.2388,2.8674276,2.8870919,0.49638718,77.65345,0.0
2025-06-27 00:00:00,28.874481,23.365082,1004.495,3.4936504,1.0444384,0.9682705,72.19577,0.0
2025-06-27 06:00:00,34.31656,23.696686,1005.4375,3.1850271,1.2232375,0.6996649,54.069447,0.0049620867
2025-06-27 12:00:00,32.5513,24.436798,1003.1131,0.8783951,1.3989682,0.43800926,62.404144,0.0069588423
2025-06-27 18:00:00,29.719635,24.224518,1006.1369,2.3792825,2.7530775,0.6044759,72.404915,0.0
2025-06-28 00:00:00,28.805817,23.104095,1005.265,3.0283213,0.9463749,0.977128,71.34968,0.0
2025-06-28 06:00:00,34.936066,23.85373,1005.205,3.9522133,1.035377,0.8282918,52.73604,0.0029562507
2025-06-28 12:00:00,32.455353,24.4971,1003.16626,1.7227768,3.2861576,0.6480395,62.969772,1.334572
2025-06-28 18:00:00,29.635162,25.134064,1006.1987,3.1034184,2.9296436,0.9550226,76.82257,0.0
2025-06-29 00:00:00,28.531952,22.776276,1004.26373,4.35155,0.8038409,0.81759703,71.06778,0.0
2025-06-29 06:00:00,33.120514,22.976105,1004.4556,3.8916721,0.47935045,0.99098384,55.348923,0.0
2025-06-29 12:00:00,35.060333,23.58194,1002.0712,1.1743132,0.99354315,0.96575826,51.524258,0.021269545
2025-06-29 18:00:00,30.350159,23.634064,1004.85187,3.2856894,2.5672133,0.9999985,67.39476,0.0
2025-06-30 00:00:00,28.515472,22.151154,1003.795,3.0687447,0.5780325,0.9978988,68.4843,0.0
2025-06-30 06:00:00,34.431305,21.882599,1004.3975,3.3955183,-0.2060526,0.95152646,48.13047,0.0
2025-06-30 12:00:00,33.788727,23.096588,1001.895,0.43657398,-0.70232296,1.0,53.705,0.008583069
2025-06-30 18:00:00,30.593414,21.965118,1004.7031,2.289728,3.0190024,0.6587622,60.068012,0.0
2025-07-01 00:00:00,28.963959,22.429962,1004.5175,3.6924877,0.9859896,0.9851376,67.8677,0.0
2025-07-01 06:00:00,34.67581,22.42746,1004.97,4.0646887,1.2263398,0.9919861,49.082867,0.0
2025-07-01 12:00:00,34.117096,22.882599,1002.47375,1.5858555,0.042206764,0.86595005,52.050854,0.050358474
2025-07-01 18:00:00,31.077057,22.785065,1005.1869,1.9768054,2.9821663,1.0000002,61.418797,0.0
2025-07-02 00:00:00,29.137665,22.610626,1004.2981,3.890132,0.7642946,1.0,67.930374,0.0
2025-07-02 06:00:00,33.723175,23.647736,1004.9925,3.9050417,1.1995481,0.94654435,55.72532,0.0
2025-07-02 12:00:00,33.202667,23.444489,1002.4981,3.615718,0.8434744,0.9962546,56.675785,0.03556162
2025-07-02 18:00:00,29.426483,23.646149,1005.1337,3.973853,0.6581507,0.9877984,71.123085,0.0
2025-07-03 00:00:00,28.933746,22.808502,1004.7488,3.2735004,1.6937816,0.98675054,69.56664,0.0
2025-07-03 06:00:00,33.05667,23.30368,1005.3831,4.3692427,2.0107765,0.9799563,56.658875,0.16614795
2025-07-03 12:00:00,33.12039,22.935455,1003.6337,2.8235426,0.63017845,0.74847406,55.21328,0.004142523
2025-07-03 18:00:00,30.415558,22.828644,1006.985,2.963029,1.8779249,0.97572005,63.953693,0.0
2025-07-04 00:00:00,28.885834,21.501984,1006.15,3.509036,1.3272173,0.9821348,64.42374,0.0
2025-07-04 06:00:00,34.204742,22.876556,1006.3044,4.2503176,1.2898724,0.9098729,51.7782,0.0
2025-07-04 12:00:00,34.746735,21.833405,1003.2725,3.2728672,0.9282675,0.9227585,47.152283,0.0
2025-07-04 18:00:00,30.413605,22.603668,1006.7019,4.358082,0.97031593,1.0,63.09402,0.0
2025-07-05 00:00:00,29.188934,21.72226,1006.175,3.6327991,0.8467331,1.0000001,64.16223,0.0037178397
2025-07-05 06:00:00,34.8743,23.223175,1005.6956,4.475563,0.64566296,0.8071365,50.943428,0.0
2025-07-05 12:00:00,34.927155,23.641754,1002.5781,3.0843668,0.39618492,0.9999996,52.09327,0.014968216
2025-07-05 18:00:00,31.073456,22.758575,1005.8069,3.5303059,1.7199335,1.0,61.332832,0.0
2025-07-06 00:00:00,29.09665,21.995697,1004.79877,4.4881315,0.5848053,0.9807132,65.59127,0.0
2025-07-06 06:00:00,35.197662,22.279938,1004.915,4.772006,1.2897174,0.9505169,47.257378,0.0
2025-07-06 12:00:00,34.959015,22.686432,1001.9175,3.3407726,0.74652135,0.8720415,49.08349,0.0003799796
2025-07-06 18:00:00,30.93631,22.25296,1005.2294,4.011092,1.6720433,0.930618,59.944736,0.0
2025-07-07 00:00:00,29.278412,22.363739,1004.77936,4.216379,0.9052034,0.99393296,66.37689,0.0
2025-07-07 06:00:00,34.336945,22.306305,1005.345,5.2577057,1.0262516,0.98691374,49.64939,0.0
2025-07-07 12:00:00,34.484894,22.00882,1002.2325,2.6201372,0.22002888,0.99928033,48.35812,0.0
2025-07-07 18:00:00,31.396881,21.592194,1005.6925,2.7387722,2.5935469,0.6899952,56.084927,0.0
2025-07-08 00:00:00,29.338104,22.216888,1004.70435,3.7968035,0.89815426,0.6036264,65.56004,0.0
2025-07-08 06:00:00,34.790802,22.62381,1005.14374,4.308301,0.30024546,0.4789074,49.355656,0.0
2025-07-08 12:00:00,35.153107,22.885284,1002.7606,1.8589485,2.1781921,0.45497334,49.14755,0.22748113
2025-07-08 18:00:00,31.052643,23.043854,1006.5744,2.3734136,3.1106548,0.29504544,62.475864,0.0
2025-07-09 00:00:00,29.520905,22.790558,1005.0012,3.471797,0.54892826,0.337551,67.1728,0.0
2025-07-09 06:00:00,35.33853,22.321747,1005.64624,3.9364605,0.40417546,0.48383266,47.01008,0.0
2025-07-09 12:00:00,36.281647,23.23233,1002.15686,2.161685,1.2129002,0.9021778,47.16299,0.005437061
2025-07-09 18:00:00,31.238922,22.244904,1005.23,2.8119292,2.5248334,0.47356415,58.89067,0.0
2025-07-10 00:00:00,29.633514,22.967316,1004.3956,3.1248703,1.0890656,0.62035424,67.456665,0.0
2025-07-10 06:00:00,34.73343,22.833466,1005.1994,3.2902453,-0.6872091,0.5599027,50.14663,0.0022888416
2025-07-10 12:00:00,35.413605,22.406525,1001.3225,-0.82420254,2.1426773,0.4087578,47.057446,0.054082252
2025-07-10 18:00:00,29.673798,24.035797,1004.6731,2.073141,2.484006,0.28951573,71.77876,0.0
2025-07-11 00:00:00,29.73648,23.20279,1003.4825,2.7421532,1.5255346,0.16879404,68.019714,0.0
2025-07-11 06:00:00,34.907135,23.408905,1004.3113,2.7805793,0.21063548,0.77123857,51.424194,0.0041965395
2025-07-11 12:00:00,35.177887,22.53592,1001.28436,1.2975657,-0.16836452,0.76926285,48.051094,0.0062901527
2025-07-11 18:00:00,30.913788,22.386261,1005.3,2.5568838,2.4498749,0.88865614,60.51053,0.0
2025-07-12 00:00:00,27.821503,24.227203,1004.0744,3.6003618,1.0609999,0.8895481,80.84142,0.108340755
2025-07-12 06:00:00,34.215363,24.014435,1004.7463,4.323987,-1.2516079,0.8833212,55.424088,0.0
2025-07-12 12:00:00,35.898834,23.515167,1002.1231,2.5319576,0.21496391,0.73994666,48.99537,0.042998698
2025-07-12 18:00:00,29.340668,25.280426,1005.64124,1.3119569,3.3962474,0.9945727,78.82234,0.0
2025-07-13 00:00:00,29.043243,22.425323,1004.13,3.7525797,0.71848583,0.9940681,67.53792,0.0
2025-07-13 06:00:00,35.045563,22.9711,1004.8156,3.6179667,0.005694866,0.998743,49.698666,0.00047683716
2025-07-13 12:00:00,33.807037,24.16568,1002.45374,2.2746105,1.5042181,0.99689305,57.21867,0.12212992
2025-07-13 18:00:00,28.462006,24.245026,1006.0531,1.3316445,1.5003481,0.97279483,77.964195,0.0
2025-07-14 00:00:00,28.832916,22.88498,1004.22626,3.7223482,0.8896942,0.99321276,70.29919,0.0
2025-07-14 06:00:00,34.341095,23.566132,1004.84436,5.005247,0.3355583,0.9726232,53.57269,0.0
2025-07-14 12:00:00,34.22342,22.561188,1002.0087,2.9645278,0.99265623,0.9726141,50.744396,0.0
2025-07-14 18:00:00,29.485016,21.31778,1005.8181,4.789406,1.5296001,0.9617666,61.532455,0.0
2025-07-15 00:00:00,28.501068,22.65268,1003.8706,4.030834,0.17597198,0.9645713,70.66367,0.0
2025-07-15 06:00:00,33.17093,22.856476,1004.3375,3.8821287,0.09864426,0.9624813,54.79405,0.0
2025-07-15 12:00:00,35.493317,23.132355,1000.9963,1.9499617,0.49552822,1.0000001,48.958427,0.13910234
2025-07-15 18:00:00,30.974823,23.150665,1004.3569,3.446684,1.7806368,0.99999976,63.160454,0.0
2025-07-16 00:00:00,28.9617,22.48227,1003.1131,3.60781,0.79400826,0.5100094,68.09267,0.0
2025-07-16 06:00:00,34.56314,23.41098,1003.4875,3.3117676,0.09868157,0.970954,52.42226,0.0
2025-07-16 12:00:00,34.051178,23.081207,1000.52625,1.4358368,2.892377,0.97373706,52.874416,0.07742643
2025-07-16 18:00:00,30.642365,22.53006,1003.6956,4.909522,0.53060436,0.9354999,61.99559,0.0
2025-07-17 00:00:00,28.21701,22.865997,1003.0019,5.2406654,0.10211563,0.9879939,72.77591,0.0
2025-07-17 06:00:00,34.375763,23.136627,1003.40314,3.4962273,-0.44194221,0.85190916,52.100964,0.00066746725
2025-07-17 12:00:00,35.135895,21.841095,1000.90125,2.4125862,0.7259302,0.96271294,46.16766,0.0
2025-07-17 18:00:00,29.983063,21.191315,1004.3931,3.4169955,1.5551043,0.76916885,59.331276,0.008583069
2025-07-18 00:00:00,28.854584,22.001373,1003.22125,2.7333612,0.18590164,0.9723735,66.53993,0.0
2025-07-18 06:00:00,34.256012,22.6857,1003.9344,2.9580994,-0.45779514,0.9901368,51.036568,0.0018104911
2025-07-18 12:00:00,31.503937,24.905548,1001.09625,-0.49727535,0.4508881,0.99401176,68.09778,0.24315715
2025-07-18 18:00:00,29.106842,23.464386,1003.21564,3.056302,1.2486897,0.66920364,71.65924,0.0
2025-07-19 00:00:00,28.519135,22.786224,1001.85187,3.728385,1.005595,0.968792,71.16361,0.0
2025-07-19 06:00:00,29.222443,24.510284,1002.1119,5.185774,0.40474242,0.99960345,75.79802,1.340103
2025-07-19 12:00:00,31.166656,23.132416,999.5069,4.2956076,0.45952988,1.0,62.404587,0.0
2025-07-19 18:00:00,28.134186,22.658356,1002.5012,5.43581,1.6500031,1.0,72.212906,0.27458245
2025-07-20 00:00:00,27.141998,23.413788,1000.66565,3.934064,1.102629,0.99854183,80.10481,0.0
2025-07-20 06:00:00,30.77591,22.363617,1002.6106,4.585044,1.3100133,0.99888945,60.90492,0.0
2025-07-20 12:00:00,32.184967,21.613434,1000.0925,3.0211248,0.40261966,1.0,53.70317,0.0
2025-07-20 18:00:00,29.085052,22.196136,1002.77814,4.8827143,1.344874,0.99960256,66.44188,0.23879413
2025-07-21 00:00:00,28.015778,22.077484,1002.08435,4.288028,1.5919232,0.9969176,70.189316,0.0
2025-07-21 06:00:00,30.198273,23.572144,1003.0119,5.2401695,0.748539,0.9688154,67.73118,0.008486211
2025-07-21 12:00:00,31.99942,22.123688,1001.6175,3.721074,1.0679541,1.0,55.98688,0.0025762273
2025-07-21 18:00:00,27.361237,22.784882,1004.2675,4.208187,1.1539335,1.0,76.13033,0.5832369
2025-07-22 00:00:00,28.020233,22.155731,1003.59186,3.5948658,2.7923462,0.99701667,70.5064,0.0
2025-07-22 06:00:00,33.95987,21.735931,1004.59064,4.914216,1.952246,0.9996052,48.971233,0.0
2025-07-22 12:00:00,34.41678,21.354767,1000.89124,3.5802069,0.9331383,0.99353707,46.63932,0.0005736947
2025-07-22 18:00:00,29.056366,21.92752,1004.8162,4.6516743,1.8319365,0.94922405,65.471466,0.0042915344
2025-07-23 00:00:00,28.073578,22.992462,1003.4725,4.335106,2.5191875,0.9911387,73.950615,0.18330073
2025-07-23 06:00:00,32.652374,21.996552,1003.10315,6.2975416,1.3200094,0.91926265,53.542835,0.0
2025-07-23 12:00:00,32.93106,22.502594,1000.59375,3.599906,1.5243864,0.99800354,54.357994,0.0
2025-07-23 18:00:00,28.170135,21.89206,1003.96936,4.868988,1.3434491,0.9922,68.77865,0.069625676
2025-07-24 00:00:00,27.80899,21.340485,1002.27814,3.8029947,1.8970505,0.93203425,67.91255,0.0
2025-07-24 06:00:00,33.29019,21.960724,1003.205,5.11989,2.3362584,0.99043584,51.543873,0.0
2025-07-24 12:00:00,31.926056,22.687286,1000.8619,3.5058212,1.7039337,1.0,58.179695,0.0
2025-07-24 18:00:00,29.52713,21.557343,1003.71625,4.816922,2.1000013,0.98991644,62.290363,0.0
2025-07-25 00:00:00,28.7518,21.013458,1002.1025,3.9471483,2.051601,1.0,63.009964,0.0
2025-07-25 06:00:00,31.459015,22.059723,1003.91,3.412344,3.4051762,1.0,57.505535,0.0
2025-07-25 12:00:00,31.935944,21.334503,1001.7456,2.1710167,2.0916922,1.0,53.543274,0.0
2025-07-25 18:00:00,29.657623,21.921783,1004.7606,4.1281843,2.0024111,1.0,63.215744,8.940697e-05
2025-07-26 00:00:00,29.059296,21.917572,1003.455,3.5288935,3.1005592,1.0,65.42064,0.0019138679
2025-07-26 06:00:00,33.44693,21.40921,1005.21313,5.753109,2.3587277,1.0,49.39922,0.007437962
2025-07-26 12:00:00,32.1008,22.446259,1003.78064,5.066577,2.0005789,1.0,56.769943,0.0042976337
2025-07-26 18:00:00,27.381866,23.137177,1007.2556,4.233941,2.0817986,0.99893844,77.67754,0.33701938
2025-07-27 00:00:00,26.66507,23.122284,1005.8719,3.397781,0.9557685,0.96398735,80.94459,0.37843007
2025-07-27 06:00:00,33.62686,22.150848,1005.9244,3.924718,1.1262736,0.36261034,51.170254,0.0
2025-07-27 12:00:00,32.458282,21.784088,1003.19,3.2989905,0.21034336,0.48764837,53.434765,0.09212643
2025-07-27 18:00:00,29.607391,22.39029,1007.1181,3.9437628,0.9022398,0.28918904,65.23417,0.0
2025-07-28 00:00:00,28.681732,21.686554,1005.08624,3.3603153,0.11468315,0.9373877,65.93071,0.0
2025-07-28 06:00:00,33.91031,21.296234,1005.3856,4.952284,-1.4489069,0.9388134,47.803062,0.0
2025-07-28 12:00:00,33.731476,21.812164,1003.04376,2.231039,-0.45794392,0.4213935,49.831673,0.0
2025-07-28 18:00:00,30.848053,22.047516,1006.9969,3.0653517,1.7930202,0.8501597,59.49828,0.0
2025-07-29 00:00:00,28.918427,20.99759,1005.5019,2.844842,0.78582287,0.062426727,62.343643,0.0
2025-07-29 06:00:00,35.193268,20.395782,1005.025,5.770918,-0.98561764,0.09823497,42.113968,0.0
2025-07-29 12:00:00,34.67398,20.561798,1002.83563,1.9703503,-0.15886784,0.39486504,43.79012,0.0
2025-07-29 18:00:00,30.88498,21.630524,1006.8231,3.5178719,1.0985041,0.8096665,57.880474,0.0
2025-07-30 00:00:00,29.33786,22.022614,1005.4844,2.7226,0.111208916,0.8457728,64.78956,0.0
2025-07-30 06:00:00,35.137848,21.241302,1005.10065,4.8269897,-0.67048264,0.8222517,44.49911,0.0
2025-07-30 12:00:00,35.87735,22.172028,1002.76935,2.0248623,0.22512913,0.5654793,45.219265,0.0019071158
2025-07-30 18:00:00,31.075043,22.883087,1006.1937,2.4399447,2.7871392,0.66839564,61.79181,0.0
2025-07-31 00:00:00,29.233246,22.729645,1004.91315,2.9947796,1.0415401,0.95045257,68.045685,0.0
2025-07-31 06:00:00,34.86441,23.207977,1004.9575,2.7033691,0.18788826,0.8997759,50.924587,0.00019067375
2025-07-31 12:00:00,34.348297,23.822052,1002.96625,-2.497552,2.3484745,0.9819216,54.38274,0.14035708
2025-07-31 18:00:00,28.40451,24.625458,1005.83685,1.4886775,1.7242746,0.9429932,80.02745,0.0
2025-08-01 00:00:00,28.77597,24.00064,1004.20685,2.7178288,0.6597853,0.9977055,75.44163,0.0
2025-08-01 06:00:00,35.02359,22.64737,1004.84314,1.8313,-1.109972,0.95282507,48.79238,0.0014305115
2025-08-01 12:00:00,33.35086,23.201569,1002.16815,-0.618968,1.2476501,0.98848253,55.388214,0.0333786
2025-08-01 18:00:00,29.329468,23.974396,1005.9925,0.27754933,2.4825964,0.99822444,72.94877,0.0
2025-08-02 00:00:00,27.039398,25.484406,1004.8831,0.5339885,0.7125654,0.98529863,91.22458,0.00057183206
2025-08-02 06:00:00,33.508575,24.896088,1005.0975,1.563788,-0.5176668,0.7921463,60.781223,0.048545968
2025-08-02 12:00:00,33.80789,24.367706,1002.27625,-0.64508724,0.9915619,0.9889437,57.913155,0.2757387
2025-08-02 18:00:00,27.13852,25.163605,1006.0538,1.4082983,2.8545237,0.9959966,88.98118,0.0
2025-08-03 00:00:00,26.556213,24.369415,1004.4944,2.4212923,1.0344706,0.9976072,87.81528,0.36870775
2025-08-03 06:00:00,30.338287,24.524933,1006.60187,1.0961752,1.8144606,0.9980037,71.14573,0.0
2025-08-03 12:00:00,28.668488,24.956268,1004.6906,-0.35528183,3.2600355,1.0,80.38217,0.1505156
2025-08-03 18:00:00,27.924744,24.666931,1006.8113,1.7832761,2.0994778,1.0,82.499306,0.0
2025-08-04 00:00:00,27.181122,24.088654,1005.055,2.3206072,0.5559654,0.9927671,83.233925,0.0
2025-08-04 06:00:00,32.504303,24.378326,1005.89,0.27334994,-1.189189,0.96507543,62.35108,0.0
2025-08-04 12:00:00,29.890411,25.423492,1003.6994,-0.94445133,2.8019748,0.9992795,77.01711,0.13005733
2025-08-04 18:00:00,27.170624,24.756317,1007.0062,2.112327,0.2110691,0.98707926,86.68236,0.0
2025-08-05 00:00:00,26.394073,24.390564,1005.61,1.1509366,0.08787894,0.9777717,88.77136,0.39359915
2025-08-05 06:00:00,31.631744,25.118835,1006.20874,1.3681048,1.414726,0.32399917,68.470314,0.0
2025-08-05 12:00:00,28.949127,25.703949,1003.4256,0.32647228,3.2127304,0.8922362,82.68139,4.554105
2025-08-05 18:00:00,27.170563,25.068817,1006.03625,3.4865332,1.9246864,0.67854345,88.313965,0.0
2025-08-06 00:00:00,26.83139,22.670624,1005.09,3.5440693,-0.1947689,0.54408723,77.993065,0.0
2025-08-06 06:00:00,33.589264,24.191498,1005.2544,2.457553,-0.79303074,0.73386526,58.009697,0.00028591603
2025-08-06 12:00:00,33.326813,24.884308,1002.2656,-0.2723236,0.8432903,0.9701971,61.360435,0.006770715
2025-08-06 18:00:00,29.143097,25.083588,1004.8231,1.3626099,3.7895186,0.95617926,78.798355,0.0
2025-08-07 00:00:00,28.178223,22.638458,1004.1769,2.0873928,0.9687395,0.95786834,71.94102,0.0
2025-08-07 06:00:00,33.72232,24.198639,1004.9419,1.8317747,-0.033593178,0.9831283,57.604115,0.0023834873
2025-08-07 12:00:00,34.012604,24.33078,1001.95624,0.10831642,1.3270144,0.92079777,57.12827,0.040516958
2025-08-07 18:00:00,29.19107,25.405487,1005.15625,1.6556975,3.3860273,0.89025813,80.10001,0.0
2025-08-08 00:00:00,28.099274,23.144745,1004.27814,2.2955317,1.2909431,0.9943232,74.52329,0.0
2025-08-08 06:00:00,32.680206,24.356842,1006.0419,0.35616702,-0.8130655,0.8794963,61.656357,0.007533741
2025-08-08 12:00:00,30.90506,25.739288,1004.4288,-1.8667145,1.9590077,0.9996034,74.04284,0.1765552
2025-08-08 18:00:00,27.048676,25.383575,1008.5631,0.9698706,2.9167547,0.6207777,90.63017,0.0
2025-08-09 00:00:00,25.73117,24.113647,1006.9675,1.010178,-0.7025213,0.9642775,90.80131,0.07432673
2025-08-09 06:00:00,30.911774,24.67807,1008.92126,1.3422205,1.0682187,1.0,69.48331,0.0
2025-08-09 12:00:00,31.042145,25.193878,1006.38873,-0.6292629,2.6000223,1.0,71.12347,0.0
2025-08-09 18:00:00,27.580658,24.709137,1008.5019,1.175091,2.8656948,0.98673606,84.38691,0.1296997
2025-08-10 00:00:00,27.49176,24.984283,1007.2562,1.6176014,0.72993183,0.999335,86.231636,0.0
2025-08-10 06:00:00,31.917877,24.7836,1007.8306,1.684319,1.6261739,0.96398616,66.03441,0.050918084
2025-08-10 12:00:00,29.301727,24.022858,1004.97626,0.5440991,3.482893,0.9742502,73.278755,0.0
2025-08-10 18:00:00,27.15567,25.000488,1008.27435,1.1363721,2.3425324,0.94242907,88.031906,0.0003874302
2025-08-11 00:00:00,26.080414,24.482025,1006.64,1.3259847,1.5074676,0.95666134,90.92814,0.0
2025-08-11 06:00:00,30.202911,23.719025,1008.39874,3.1917973,2.1595058,1.0,68.31484,0.0040978193
2025-08-11 12:00:00,29.571198,24.747345,1004.8756,1.0138932,3.347722,0.9999999,75.34801,0.002861023
2025-08-11 18:00:00,27.68686,25.406708,1007.3156,2.1049912,3.1151457,0.9988893,87.42452,0.0
2025-08-12 00:00:00,27.633514,22.470428,1004.9263,4.010437,1.0981032,0.9967292,73.51039,0.0
2025-08-12 06:00:00,30.946686,22.939484,1006.6025,3.2383976,0.37670767,1.0,62.458794,0.0
2025-08-12 12:00:00,32.124054,23.045563,1003.6912,0.77953935,1.0272608,1.0,58.793545,0.005841255
2025-08-12 18:00:00,28.496277,23.61264,1005.6337,1.903027,2.7790103,1.0,74.90726,0.0
2025-08-13 00:00:00,27.705475,21.896332,1003.09937,4.283065,0.74096775,1.0,70.68693,0.023074448
2025-08-13 06:00:00,31.12613,22.453033,1004.97314,4.191435,-0.28678703,1.0,60.02529,0.0
2025-08-13 12:00:00,31.806854,22.380402,1002.52124,1.4544941,1.2228045,1.0,57.49247,0.018770471
2025-08-13 18:00:00,28.518646,22.89804,1005.5631,2.4620667,2.0312421,0.9890567,71.64943,0.0
2025-08-14 00:00:00,27.172394,22.342438,1004.53314,3.2490606,1.5361736,0.97930324,74.93735,0.0
2025-08-14 06:00:00,33.220856,22.172394,1005.6262,4.6887703,2.0960371,0.9693789,52.416706,0.0
2025-08-14 12:00:00,32.694733,22.636383,1002.71,2.580213,1.4397019,0.98564065,55.535286,0.030517578
2025-08-14 18:00:00,28.99118,23.08902,1005.2381,2.3084555,2.3932438,0.8718568,70.52336,0.0
2025-08-15 00:00:00,27.482086,22.201752,1004.03687,3.6387339,1.4021957,0.42821014,72.96231,0.0
2025-08-15 06:00:00,32.642975,22.769073,1005.02936,4.476754,2.019043,0.9509577,56.147606,0.0
2025-08-15 12:00:00,32.396027,23.646393,1001.9881,2.011192,2.3668022,0.975197,60.0351,0.063335866
2025-08-15 18:00:00,28.505707,22.24527,1003.7825,3.8655567,1.5832071,1.0000007,68.91696,0.0
2025-08-16 00:00:00,27.497223,22.45169,1002.355,4.185151,1.8400104,0.979304,74.01449,0.012302771
2025-08-16 06:00:00,31.903961,22.352509,1002.89874,3.923874,1.9462306,0.9999996,57.079983,0.0
2025-08-16 12:00:00,32.30728,23.157867,999.95624,1.9063501,2.3613658,0.99578893,58.58417,0.031007454
2025-08-16 18:00:00,28.988068,22.74466,1002.7981,3.5771055,2.5251749,0.99203515,69.0803,0.0
2025-08-17 00:00:00,27.962982,22.884918,1001.4725,3.9924746,1.9633954,1.0,73.945885,0.0007748604
2025-08-17 06:00:00,29.21939,23.910614,1004.0119,3.2909431,2.448053,1.0,73.13324,0.07733247
2025-08-17 12:00:00,31.352692,22.633698,1001.32,2.144551,1.9385643,1.0,59.90965,0.0
2025-08-17 18:00:00,28.316376,21.66568,1004.35626,3.9405117,1.7747447,1.0,67.2592,0.0
2025-08-18 00:00:00,27.94931,21.563995,1004.54877,4.2940426,1.2412918,1.0,68.28688,0.0
2025-08-18 06:00:00,33.500885,21.669159,1005.4944,4.6874666,2.1531584,0.999335,50.039803,0.0
2025-08-18 12:00:00,32.388214,21.417389,1003.3894,3.6726084,0.21403778,1.0000002,52.456726,0.0
2025-08-18 18:00:00,29.390839,21.414948,1006.15314,3.6817322,1.6463959,1.0000012,62.23715,0.0
2025-08-19 00:00:00,28.330902,20.509918,1005.6025,3.443801,2.0553894,0.974087,62.598602,0.0
2025-08-19 06:00:00,33.752594,19.83731,1006.15186,4.1512833,1.8677963,0.3125685,44.078304,0.0
2025-08-19 12:00:00,34.816315,20.949615,1002.8181,2.3824005,-0.39354992,0.8758447,44.495106,0.0
2025-08-19 18:00:00,29.891449,21.36795,1005.8775,2.1315012,2.6949897,0.16792256,60.29402,0.0
2025-08-20 00:00:00,27.680328,21.740631,1006.03375,2.7500553,0.40620804,0.0758439,70.121025,0.0
2025-08-20 06:00:00,34.54544,20.45987,1006.70935,2.1376176,1.0281157,0.574674,43.827644,0.0
2025-08-20 12:00:00,35.538727,19.749908,1003.53815,0.28733444,-0.1974392,0.9311078,39.69891,0.0
2025-08-20 18:00:00,30.04599,22.91983,1007.5,1.8964338,3.2740784,0.399495,65.685776,0.0
2025-08-21 00:00:00,28.461456,21.235626,1007.9381,1.3892884,1.9374514,0.20160234,64.960846,0.0
2025-08-21 06:00:00,34.79068,21.093536,1007.8688,1.0714693,0.9357248,0.56501347,44.954155,0.0
2025-08-21 12:00:00,33.71573,22.724762,1004.585,-3.1104326,1.4883728,0.777503,52.723896,0.0
2025-08-21 18:00:00,29.571564,24.904327,1008.1719,-0.45415688,2.518011,0.9947697,76.055885,0.010874122
2025-08-22 00:00:00,27.791534,24.251251,1007.46,1.8447092,2.8416934,0.9456238,81.09988,0.0
2025-08-22 06:00:00,31.938751,23.59262,1008.155,3.0263205,0.9953302,0.9781678,61.408764,0.0
2025-08-22 12:00:00,29.913605,25.468231,1004.45685,0.54513836,1.2721882,0.65651435,77.1192,1.7205712
2025-08-22 18:00:00,28.34549,25.400421,1007.7562,0.17257732,2.0598378,0.4619125,84.099625,0.0
2025-08-23 00:00:00,27.618683,24.190033,1006.42065,1.5978907,1.142159,0.9999984,81.623,0.00028684735
2025-08-23 06:00:00,31.690216,23.223724,1007.5606,1.9839096,1.23865,0.99753916,60.909367,0.007722527
2025-08-23 12:00:00,30.820831,24.246979,1005.03564,-0.0677166,0.23601055,1.0000031,68.06566,0.089265406
2025-08-23 18:00:00,27.999237,24.924225,1008.03436,1.1305187,2.9859138,0.9905149,83.4134,0.0
2025-08-24 00:00:00,27.638458,22.332306,1006.95374,2.60612,1.3472767,0.31015903,72.87461,0.0
2025-08-24 06:00:00,34.06485,22.446442,1007.77,2.1120977,-0.36007786,0.23336893,50.83938,0.0
2025-08-24 12:00:00,34.000397,22.266754,1004.77563,-1.6434994,1.0929756,0.3902561,50.46803,0.0020023435
2025-08-24 18:00:00,28.889679,24.826569,1008.0081,1.315653,3.6056724,0.7721015,78.74614,0.0
2025-08-25 00:00:00,28.523651,22.02005,1006.5975,2.6037111,1.5248041,0.96757203,67.907074,0.0
2025-08-25 06:00:00,33.33609,21.57901,1006.4225,2.0933928,-1.1874743,0.997999,50.226448,0.0
2025-08-25 12:00:00,34.076935,20.686432,1002.85815,-0.86537266,-1.1689281,0.8749556,45.618786,0.0
2025-08-25 18:00:00,29.769348,26.102814,1006.7725,-0.19660187,3.2574463,0.99999994,80.742516,0.0
2025-08-26 00:00:00,28.476349,25.252838,1006.14624,1.422584,2.330162,1.0000001,82.73289,0.0
2025-08-26 06:00:00,34.2659,21.742096,1005.95935,2.760171,1.4182699,0.92240804,48.160717,0.0
2025-08-26 12:00:00,34.53311,20.287018,1003.3206,-0.36046696,-0.09819317,0.77707267,43.392162,0.0
2025-08-26 18:00:00,29.926788,24.682648,1006.335,2.264706,3.7416599,0.99921304,73.53656,0.0
2025-08-27 00:00:00,28.849121,21.869537,1004.4194,4.0420055,0.31960297,0.99554616,66.02778,0.0
2025-08-27 06:00:00,33.662872,21.257904,1005.14813,4.2650776,0.7901302,1.0000012,48.35505,0.0
2025-08-27 12:00:00,33.59781,21.70047,1002.9494,1.5653229,2.1940224,0.9830209,49.864304,0.0043809414
2025-08-27 18:00:00,29.479706,22.109283,1005.8038,3.0532331,1.7465343,0.9967416,64.60172,0.014501765
2025-08-28 00:00:00,28.757507,22.2117,1004.97626,4.2211933,1.3922141,0.9344408,67.77845,0.0
2025-08-28 06:00:00,34.76822,21.787445,1004.6912,6.32672,1.8027936,0.97141266,46.964092,0.008484349
2025-08-28 12:00:00,33.428864,23.004425,1002.1262,3.6154966,1.9209375,0.99436647,54.492973,0.0070575625
2025-08-28 18:00:00,29.460419,22.128815,1005.3225,4.372776,1.2541242,0.9999993,64.75065,0.0
2025-08-29 00:00:00,29.187775,21.834442,1005.1725,3.6493604,1.9555156,0.9566664,64.60773,0.0
2025-08-29 06:00:00,35.47867,21.585602,1005.59625,3.896226,1.8838241,0.8841418,44.599125,0.0
2025-08-29 12:00:00,35.17386,19.992096,1002.9531,1.9908247,2.4637651,0.5685354,41.120136,0.014208257
2025-08-29 18:00:00,30.62613,23.49527,1007.1625,1.9825422,2.5040407,0.43824875,65.785706,0.0
2025-08-30 00:00:00,28.937286,22.52658,1006.1119,2.9746523,1.2266358,0.9799152,68.372795,0.0
2025-08-30 06:00:00,36.064606,22.428314,1006.3525,2.9185486,1.201063,0.3109051,45.459072,0.0
2025-08-30 12:00:00,34.639435,21.285309,1003.54315,1.9539539,2.4019265,0.7703389,45.86981,0.051617622
2025-08-30 18:00:00,30.0336,23.04068,1006.8331,3.4576797,1.8302603,0.7384518,66.21513,0.0
2025-08-31 00:00:00,28.705902,22.748322,1006.35065,3.2601824,0.67620087,0.92131156,70.234695,0.0
2025-08-31 06:00:00,33.930573,22.38028,1006.53625,3.0154133,0.24805427,0.991778,51.016224,0.00028614886
2025-08-31 12:00:00,33.32425,22.025177,1003.14435,0.72162056,2.385679,0.99718684,51.64812,0.006197719
2025-08-31 18:00:00,30.761627,23.002106,1005.64874,2.0120573,2.7456734,0.9965451,63.362038,0.0
2025-09-01 00:00:00,28.702301,23.22055,1003.84686,2.5092783,0.33919716,0.92632926,72.286316,0.0
2025-09-01 06:00:00,34.054718,22.61618,1005.04376,3.8308563,-1.2970514,0.9971189,51.395245,0.0013351673
2025-09-01 12:00:00,33.8378,23.04361,1001.7431,2.3115997,-0.21477032,1.0000001,53.38655,0.25073287
2025-09-01 18:00:00,29.526703,23.867218,1004.90936,3.117794,0.8467417,1.0,71.66017,0.0
2025-09-02 00:00:00,28.720184,22.195953,1003.28,3.7216072,0.6782894,1.0000007,67.86024,0.0
2025-09-02 06:00:00,34.677277,21.584808,1004.21,4.491082,-0.02820754,1.0,46.620777,0.0
2025-09-02 12:00:00,35.37259,21.440826,1001.1806,2.4318573,0.19862747,1.0,44.46549,0.0085849315
2025-09-02 18:00:00,30.822723,21.668732,1004.6025,3.7449276,2.1887918,0.99999756,58.22246,0.0
2025-09-03 00:00:00,29.151947,21.884247,1002.6431,3.583847,0.5783949,0.99920684,64.93882,0.0
2025-09-03 06:00:00,33.763702,22.399689,1004.3831,3.292368,-0.15470123,1.0,51.554913,0.0
2025-09-03 12:00:00,34.082916,22.579132,1001.8656,1.0152569,1.887593,0.99960333,51.199192,0.021457672
2025-09-03 18:00:00,28.767303,24.203156,1005.90063,1.193429,3.0746305,0.9786503,76.40268,0.0
2025-09-04 00:00:00,28.826752,21.75589,1004.71124,3.9417248,0.86201483,0.9500726,65.656204,0.0
2025-09-04 06:00:00,33.718903,22.598175,1005.84814,3.763918,0.08701706,0.9526706,52.3112,0.0
2025-09-04 12:00:00,34.37259,22.549835,1002.01685,2.036565,0.25257206,0.56908023,50.28991,0.004388392
2025-09-04 18:00:00,30.205292,24.264557,1006.41626,1.9784305,3.565953,0.7713075,70.58109,0.0
2025-09-05 00:00:00,29.093842,22.181793,1005.465,3.0636015,0.7398653,0.9160143,66.35011,0.0
2025-09-05 06:00:00,34.32657,22.400482,1006.8206,1.9312904,0.13734221,0.24866474,49.96343,0.0010486692
2025-09-05 12:00:00,33.28299,23.147064,1003.28125,-0.2919836,2.9631615,0.50516754,55.416595,0.010395423
2025-09-05 18:00:00,29.709137,24.373322,1006.89685,1.5860099,2.9314487,0.6982253,73.09774,0.0020936131
2025-09-06 00:00:00,29.197876,22.325836,1006.5156,1.1607425,1.7831144,0.7495516,66.53291,0.0
2025-09-06 06:00:00,34.019928,23.3721,1007.4313,1.467186,-0.6716356,0.47832298,53.905834,0.00495743
2025-09-06 12:00:00,31.291779,25.531403,1004.3837,-2.0077658,3.314373,0.5219652,71.5406,0.08048583
2025-09-06 18:00:00,27.560883,25.681427,1007.20374,1.7762041,2.7360306,0.9804315,89.51937,0.0
2025-09-07 00:00:00,28.17862,23.259674,1006.185,2.3692112,1.1636295,0.98629266,74.69665,0.015351223
2025-09-07 06:00:00,30.773956,25.186737,1006.98627,2.1357327,-1.6419888,0.86022985,72.189865,0.008679926
2025-09-07 12:00:00,30.667389,25.040802,1003.3031,-1.3493776,-0.44868088,0.5567916,72.002235,1.6718879
2025-09-07 18:00:00,26.793243,25.152435,1006.90125,0.8556724,1.2488222,0.36042482,90.74444,0.0
2025-09-08 00:00:00,27.588226,25.249786,1006.8256,1.8423648,2.0090797,0.636777,87.11328,0.0
2025-09-08 06:00:00,32.429962,23.995392,1006.5425,1.930769,-0.7567248,0.4587863,61.19136,0.0
2025-09-08 12:00:00,32.441803,25.369415,1002.90314,-1.9906073,0.7018814,0.36109596,66.38392,0.013929792
2025-09-08 18:00:00,27.771637,25.712189,1006.8956,-0.8152949,3.2519038,0.41712892,88.584785,1.0444343
2025-09-09 00:00:00,28.157928,25.831879,1006.46375,2.3717813,2.296452,0.6672178,87.22798,0.0
2025-09-09 06:00:00,33.078766,24.127472,1006.77185,1.7422558,1.2808292,0.6173102,59.465607,0.00067055225
2025-09-09 12:00:00,31.843292,25.583405,1003.85815,-1.821166,1.861518,0.9653505,69.548485,0.011339784
2025-09-09 18:00:00,28.29654,25.682129,1007.64185,0.82806754,3.0165997,0.84984183,85.7622,0.6375909
2025-09-10 00:00:00,27.41864,25.573029,1007.3738,0.99635404,1.6241915,0.96297586,89.68894,0.0
2025-09-10 06:00:00,33.080597,25.636993,1007.2919,1.9111185,1.2039967,0.2832829,65.064285,0.0328999
2025-09-10 12:00:00,29.1539,25.288849,1003.98065,-0.61350536,2.83604,0.2396614,79.71747,0.019261613
2025-09-10 18:00:00,26.52304,24.099854,1007.65186,3.3060808,1.0740001,0.5209339,86.57638,0.046753183
2025-09-11 00:00:00,26.53897,22.420563,1005.3862,3.129345,0.2978058,0.55321354,78.151665,0.0
2025-09-11 06:00:00,32.843536,23.752106,1006.45874,1.5543156,-1.3608923,0.99600744,58.91332,0.008297153
2025-09-11 12:00:00,28.578949,24.91806,1004.73315,-0.87665844,2.014526,0.9912605,80.617065,0.17406282
2025-09-11 18:00:00,25.744843,24.305878,1007.5781,1.630199,2.261746,0.9998532,91.77975,0.0
2025-09-12 00:00:00,26.937195,24.575958,1005.4988,1.9437695,1.8185745,0.8006797,86.93639,0.0
2025-09-12 06:00:00,33.216705,24.386383,1006.57935,2.11168,-0.73561764,0.8180146,59.929817,0.013448298
2025-09-12 12:00:00,33.25064,24.678558,1003.8169,-0.59026814,1.0704393,0.8489783,60.870655,0.0
2025-09-12 18:00:00,29.420319,26.443634,1006.1719,-0.3146398,2.908514,0.7991844,84.0581,0.0
2025-09-13 00:00:00,27.820465,24.850433,1005.9244,1.8388157,1.8708687,0.9880687,83.91772,0.00047683716
2025-09-13 06:00:00,31.660675,23.623383,1006.7706,2.3283517,0.42125893,0.59156674,62.50051,0.00028591603
2025-09-13 12:00:00,31.856232,24.666046,1004.8281,-0.94260025,0.6041708,0.80468595,65.80177,0.0
2025-09-13 18:00:00,28.771576,25.89566,1007.1244,0.316086,2.9050038,0.47761226,84.490944,0.0040065497
2025-09-14 00:00:00,27.71878,23.505463,1006.3819,2.0231016,1.5535316,0.15756053,77.87393,0.0
2025-09-14 06:00:00,32.822174,22.92038,1007.0012,1.6659343,-0.39239126,0.5901118,56.095654,0.0001906883
2025-09-14 12:00:00,32.16263,23.123077,1004.9925,-1.3142691,2.0124938,0.6352306,58.941086,0.0
2025-09-14 18:00:00,29.149445,25.446136,1008.23065,1.3643628,3.4519436,0.99960333,80.48721,0.0
2025-09-15 00:00:00,27.930328,24.211151,1006.1369,1.6810889,0.9939108,0.9051369,80.2523,0.0
2025-09-15 06:00:00,33.818634,22.668365,1006.1525,2.2011042,-0.06211096,0.9597073,52.242428,0.0
2025-09-15 12:00:00,32.464752,24.96463,1003.3713,-1.9827709,0.5408306,0.9482491,64.71904,0.0
2025-09-15 18:00:00,28.52185,25.369171,1007.2075,1.0406437,3.0737588,0.96144843,83.08742,0.0
2025-09-16 00:00:00,27.54007,22.991486,1005.8194,2.3497095,1.7093377,0.9559315,76.286156,0.0
2025-09-16 06:00:00,32.566437,23.747284,1007.02875,1.1879187,-0.52111256,0.73935384,59.822853,0.007438939
2025-09-16 12:00:00,30.919342,25.43753,1004.0206,-0.3120699,1.0448834,0.78460497,72.66905,0.5474803
2025-09-16 18:00:00,27.652924,24.996552,1006.76935,-0.32020748,2.2792642,0.64653015,85.48506,0.0
2025-09-17 00:00:00,26.719025,25.563385,1005.73065,0.26832855,1.2828159,0.8375997,93.39625,0.0
2025-09-17 06:00:00,31.019562,24.928497,1007.65186,0.9520317,-0.44176102,0.6918081,70.09768,0.15602498
2025-09-17 12:00:00,28.30191,24.444855,1004.2175,-0.7960273,2.5022945,0.20458233,79.64118,0.0
2025-09-17 18:00:00,27.154175,24.323547,1007.4469,1.5158508,1.7875893,0.5456604,84.54837,0.14016043
2025-09-18 00:00:00,26.504242,23.640717,1005.8019,3.0360117,1.2059295,0.23114985,84.312325,0.0
2025-09-18 06:00:00,33.421417,25.030365,1006.8131,2.1851768,0.75759196,0.39359927,61.569847,0.07200241
2025-09-18 12:00:00,29.554352,25.236938,1004.03125,-0.47559643,1.7172384,0.9900232,77.655396,4.948735
2025-09-18 18:00:00,27.152557,25.033783,1008.2612,2.1629717,0.5358517,0.98664796,88.22291,0.0
2025-09-19 00:00:00,26.325348,24.259613,1006.5744,2.0355175,0.5191755,1.0,88.435486,0.8954918
2025-09-19 06:00:00,28.602692,24.43924,1008.83435,1.3069944,0.72135836,1.0,78.23484,0.0
2025-09-19 12:00:00,29.485138,24.554352,1005.5662,-0.43618202,2.047997,0.98962975,74.85425,0.0
2025-09-19 18:00:00,26.495087,24.401154,1008.2944,1.4657749,1.0799224,0.9986698,88.29998,0.0
2025-09-20 00:00:00,26.231781,24.595734,1006.15063,2.8098574,1.4380596,1.0,90.73335,0.4275143
2025-09-20 06:00:00,30.826569,23.97287,1007.5025,2.5536585,-0.30344683,0.9989685,66.93306,0.0
2025-09-20 12:00:00,30.85196,24.152435,1004.85626,0.67849076,0.12141991,1.0000005,67.56056,0.04995966
2025-09-20 18:00:00,27.04837,24.569855,1007.045,1.1246135,2.7904758,0.4211349,86.33896,0.0
2025-09-21 00:00:00,27.435394,23.170929,1005.205,3.2553377,0.93680286,0.9910745,77.59259,0.0
2025-09-21 06:00:00,30.938995,23.390778,1006.3925,3.2902174,0.39973253,0.9939271,64.21426,0.00057183206
2025-09-21 12:00:00,32.15616,23.226898,1003.7275,0.029298782,1.5475335,0.96647304,59.3338,0.0
2025-09-21 18:00:00,28.526672,25.914948,1006.4919,1.2405882,2.7263603,0.9487001,85.798225,0.045085713
2025-09-22 00:00:00,27.596985,24.36319,1005.5825,3.077917,0.6323109,0.96308684,82.57935,0.0
2025-09-22 06:00:00,31.81717,24.097992,1006.92065,2.8963938,0.9687707,0.965814,63.7415,0.0
2025-09-22 12:00:00,31.737091,24.316803,1004.4487,0.27059364,2.7735507,0.864817,64.877525,0.8416772
2025-09-22 18:00:00,28.490814,26.58377,1007.855,1.7245604,3.6412933,0.99888843,89.44189,0.0
2025-09-23 00:00:00,27.80246,21.89682,1007.1094,4.1741657,0.9412038,0.9917718,70.289696,0.0
2025-09-23 06:00:00,32.573395,23.195465,1007.71686,4.6757116,1.0408726,0.99960357,57.842064,0.0065807253
2025-09-23 12:00:00,31.65506,24.393463,1004.7681,1.2905321,2.5299351,0.99286646,65.48029,0.028347597
2025-09-23 18:00:00,28.903961,24.156769,1007.34,2.0515945,2.2227733,0.9989367,75.58935,0.0
2025-09-24 00:00:00,27.953278,22.196564,1005.78937,3.998373,1.3524971,0.98281854,70.95847,0.0
2025-09-24 06:00:00,31.744781,23.568146,1007.06,3.9302158,1.1909311,0.99928045,61.99625,0.0
2025-09-24 12:00:00,31.369781,24.250275,1002.91125,1.2554867,1.5649314,0.98293996,65.98189,0.036358833
2025-09-24 18:00:00,28.642792,25.874786,1005.85,1.5574837,2.0822935,0.9999992,85.01932,0.0
2025-09-25 00:00:00,27.575653,21.991669,1004.3106,3.7374573,1.9026136,0.9681211,71.640945,0.0
2025-09-25 06:00:00,32.709503,23.594543,1005.59,3.6379595,2.1385992,0.6786423,58.799088,0.0
2025-09-25 12:00:00,28.421875,24.780487,1002.5875,1.8229699,4.1310396,0.99166274,80.69073,1.2041806
2025-09-25 18:00:00,26.872833,24.774078,1005.95,2.8353615,1.7470464,0.93383914,88.3054,0.0
2025-09-26 00:00:00,26.377838,24.292114,1004.0012,3.1972609,2.1223428,1.0,88.333855,0.0003799796
2025-09-26 06:00:00,32.35672,23.645782,1005.13873,4.0407314,2.0326152,0.9675899,60.166313,0.0
2025-09-26 12:00:00,32.345123,23.605743,1002.2375,0.906569,2.294335,1.0,60.06068,0.00047683716
2025-09-26 18:00:00,28.695526,22.31778,1005.9169,3.600131,2.4801903,0.8101616,68.46312,0.0
2025-09-27 00:00:00,27.409637,22.670258,1005.10565,3.5040789,0.99187124,0.97619617,75.38892,0.0
2025-09-27 06:00:00,33.403107,23.101044,1006.2456,4.633812,2.2784905,0.9864434,54.89161,0.0
2025-09-27 12:00:00,32.486603,23.28128,1003.35876,2.0220459,2.1851923,0.38336474,58.428078,0.004002597
2025-09-27 18:00:00,29.435333,22.588531,1007.0756,3.6084337,1.5240622,0.6073593,66.68289,0.0
2025-09-28 00:00:00,27.794037,22.45871,1006.1906,3.5261571,1.5155499,0.9899903,72.772255,0.0
2025-09-28 06:00:00,33.388336,22.956146,1006.6138,4.3696947,2.302888,0.96778005,54.45752,0.0002863817
2025-09-28 12:00:00,32.697784,23.550934,1003.3269,0.576766,1.9659153,0.9999997,58.68348,0.0
2025-09-28 18:00:00,29.454437,24.93045,1006.83435,1.7195656,2.8683994,0.90754455,76.69072,0.0
2025-09-29 00:00:00,28.141876,22.611786,1005.3475,3.606082,1.3259085,0.9086727,71.97684,0.0
2025-09-29 06:00:00,33.178864,23.090729,1006.3325,4.4435425,0.7150262,0.4943452,55.551834,9.49949e-05
2025-09-29 12:00:00,31.913849,24.193146,1003.47687,0.018162727,-0.7582693,0.9969386,63.756138,0.0025746413
2025-09-29 18:00:00,29.312714,24.688873,1005.41376,2.512405,2.0227604,0.99787825,76.21337,0.0
2025-09-30 00:00:00,27.329926,21.915863,1004.20935,3.4846745,0.4256792,0.8252032,72.343735,0.0
2025-09-30 06:00:00,32.309113,22.006744,1005.64813,2.5059824,-0.72400206,1.0000001,54.623985,0.0
2025-09-30 12:00:00,31.13736,23.559723,1002.5613,-1.6728363,-0.42335606,0.9999998,64.14219,0.0
2025-09-30 18:00:00,28.491241,25.405792,1004.7325,1.0927509,3.1436958,0.7314625,83.41672,0.0
2025-10-01 00:00:00,27.912567,21.899078,1003.6287,3.778079,0.5849447,1.0,69.84901,0.0
2025-10-01 06:00:00,33.320587,21.927094,1003.76624,3.825241,0.058739543,1.0,51.350613,0.0
2025-10-01 12:00:00,32.10147,23.3721,1002.52,-0.640851,-0.61808205,1.0,60.04183,0.0
2025-10-01 18:00:00,28.995941,25.395416,1005.6206,1.1196746,3.0262718,1.0,80.9607,0.008297153
2025-10-02 00:00:00,28.161102,22.692047,1005.35,2.7699814,0.49140358,0.98693275,72.24731,0.0
2025-10-02 06:00:00,33.45816,22.723907,1006.4387,1.3935275,0.6713678,0.9999998,53.486813,0.0
2025-10-02 12:00:00,32.643463,23.683746,1004.64624,-1.9615555,2.1659389,0.7645552,59.33624,0.0
2025-10-02 18:00:00,28.745361,24.71225,1007.58624,1.4863195,3.372233,0.59734255,78.86725,0.0
2025-10-03 00:00:00,27.923126,25.140717,1007.85065,1.4086965,2.092713,0.578745,84.87272,0.0
2025-10-03 06:00:00,31.928131,24.730438,1009.41876,0.12955904,-1.4443874,0.5284106,65.78681,0.06494671
2025-10-03 12:00:00,31.895782,24.340912,1006.29877,-2.6321964,1.2953503,0.16232042,64.38931,0.0
2025-10-03 18:00:00,28.092865,24.996704,1009.65314,1.6360451,1.2528002,0.9272546,83.318794,0.00047683716
2025-10-04 00:00:00,25.31723,24.223114,1010.1925,1.9010942,-0.062015712,0.9588941,93.67435,0.13512373
2025-10-04 06:00:00,29.080475,24.621002,1011.1775,2.1896582,-1.7206392,0.98365784,76.930534,0.07364154
2025-10-04 12:00:00,30.66507,23.322174,1006.6,0.013490319,0.5559715,0.29001445,64.957405,0.0
2025-10-04 18:00:00,27.347809,24.2966,1010.46124,0.03031087,2.1964755,0.18747777,83.45902,0.0
2025-10-05 00:00:00,26.576752,23.848602,1009.205,1.833581,2.381138,0.16752303,85.00971,0.0
2025-10-05 06:00:00,33.07486,23.724396,1009.73065,2.3188658,0.5415864,0.093705714,58.055027,0.003146939
2025-10-05 12:00:00,28.931671,23.49527,1006.5781,-1.3124361,2.459991,0.32831,72.52435,0.0
2025-10-05 18:00:00,26.421783,24.116943,1009.66815,2.4335232,1.0219675,0.21660966,87.184296,0.021260913
2025-10-06 00:00:00,25.970123,22.844543,1008.32874,2.2880745,0.51075137,0.35531008,82.92888,0.0
2025-10-06 06:00:00,32.270416,24.343811,1009.9975,1.5916796,-1.1733589,0.13983342,63.0495,0.014973804
2025-10-06 12:00:00,29.817902,24.628265,1007.3906,-0.43296528,-0.27808285,0.69349813,73.758354,0.252353
2025-10-06 18:00:00,27.671722,25.16925,1009.70435,0.23128478,1.3006431,0.9910311,86.27443,0.0
2025-10-07 00:00:00,25.675507,24.117859,1009.22687,0.37882805,2.102011,0.88754153,91.12459,0.039865043
2025-10-07 06:00:00,31.653595,24.600433,1009.91376,1.1886587,0.27285945,0.37092167,66.30193,0.0
2025-10-07 12:00:00,29.92398,24.7305,1006.96936,-1.3117285,0.8090834,0.62726897,73.75903,0.52483565
2025-10-07 18:00:00,28.39035,25.900513,1009.5637,-0.9193964,1.6338482,0.6037911,86.40678,0.0
2025-10-08 00:00:00,28.205597,25.89038,1008.64935,0.78959274,1.0049816,0.9002546,87.28818,0.0014305115
2025-10-08 06:00:00,30.987823,24.636475,1010.0069,1.065789,1.0627906,0.6794417,69.01064,0.075050615
2025-10-08 12:00:00,29.819366,25.146088,1006.6369,-1.3009644,1.1122354,0.9255303,76.06661,0.0
2025-10-08 18:00:00,28.398468,25.414215,1010.15875,0.17131644,2.3867302,0.61539936,83.909706,0.0
2025-10-09 00:00:00,27.7706,25.262604,1009.4231,1.0371313,1.6254295,0.46281528,86.25542,0.0
2025-10-09 06:00:00,32.279816,24.583405,1009.52625,0.49749413,1.2346492,0.7236593,63.926323,0.034239877
2025-10-09 12:00:00,29.811005,24.93338,1006.46564,-0.98419285,2.2893248,0.9508549,75.14447,0.0
2025-10-09 18:00:00,28.732574,25.193268,1009.72626,1.4468074,1.5682693,0.6157294,81.22289,0.4697293
2025-10-10 00:00:00,27.278717,24.162903,1008.0737,1.6120481,-0.70095825,0.40813255,83.12851,0.0
2025-10-10 06:00:00,32.46341,24.782562,1008.35065,-0.40298462,0.3485849,0.22579736,64.024475,0.0
2025-10-10 12:00:00,30.809418,24.961761,1005.59625,-1.1452389,1.9053365,0.7622871,71.08439,0.00305298
2025-10-10 18:00:00,28.703156,25.461487,1008.425,1.1905587,2.224533,0.5558692,82.66999,0.23370227
2025-10-11 00:00:00,27.211578,24.660309,1006.9888,1.4653051,-0.39662457,0.9477528,85.97972,0.0
2025-10-11 06:00:00,32.799713,25.201324,1007.8831,0.7818145,-0.55682373,0.28961927,64.41059,0.011827797
2025-10-11 12:00:00,28.295685,24.16452,1005.8631,-2.5247688,1.090306,0.4143289,78.34264,0.0
2025-10-11 18:00:00,25.807343,24.337128,1009.02185,0.6493642,-0.9785557,0.74397135,91.61174,2.1388993
2025-10-12 00:00:00,25.936493,23.913757,1006.9844,1.0220549,-1.206111,0.31312197,88.63274,0.0
2025-10-12 06:00:00,31.95047,24.053162,1007.1925,-1.3529968,-1.7105713,0.2036044,63.091747,0.0
2025-10-12 12:00:00,30.165863,24.193909,1005.3738,-2.0726652,0.88274044,0.29269186,70.441895,0.0
2025-10-12 18:00:00,27.83786,25.442352,1008.1231,-0.73689175,1.0880198,0.22082931,86.84057,0.0
2025-10-13 00:00:00,26.849884,24.34259,1007.58936,0.80217445,1.3161325,0.8599084,86.17152,0.05903223
2025-10-13 06:00:00,32.047028,25.125092,1007.2875,-0.23833907,-0.3895645,0.33085006,66.90204,0.0
2025-10-13 12:00:00,30.106781,25.07013,1004.65814,-2.1854925,-0.6585188,0.6594554,74.48262,0.0
2025-10-13 18:00:00,26.309296,24.989105,1008.10065,-0.14369869,-2.891899,0.9386464,92.46565,0.25237033
2025-10-14 00:00:00,26.781769,24.420624,1005.35187,0.09409428,-1.7730398,0.34846562,86.92279,0.0
2025-10-14 06:00:00,30.324738,25.996674,1006.6269,-2.1318254,-1.6516514,0.7612269,77.71788,0.07810864
2025-10-14 12:00:00,28.573944,25.089722,1004.23,-2.7325487,-0.16218871,0.91153324,81.47007,0.0
2025-10-14 18:00:00,26.471344,24.721924,1006.1269,-0.6744337,-0.51240635,1.0,90.13675,0.053293355
2025-10-15 00:00:00,25.66568,24.264496,1004.76624,-0.880558,-1.4321833,0.9999999,91.98324,0.7240529
2025-10-15 06:00:00,27.816559,24.993652,1006.54877,-1.3741016,-2.5416546,1.0,84.657104,0.0
2025-10-15 12:00:00,27.512207,24.894196,1003.91,-2.0963907,-2.8209677,0.6481734,85.66693,0.46003622
2025-10-15 18:00:00,26.223602,25.187012,1006.44,-1.4820814,-2.5818825,0.94872403,94.03721,0.0
2025-10-16 00:00:00,26.633759,24.96524,1004.925,-1.6337461,-2.152422,1.0,90.584175,0.1319612
2025-10-16 06:00:00,29.256622,25.624725,1005.9938,-2.706499,-0.29390866,1.0,80.84303,0.0
2025-10-16 12:00:00,28.265198,25.338776,1004.39813,-1.8575478,-0.30761147,0.9999993,84.184265,0.0
2025-10-16 18:00:00,26.111267,25.010254,1007.27936,-0.2892084,-1.82792,0.9969724,93.67197,0.91603875
2025-10-17 00:00:00,26.03424,24.863373,1006.52,-1.582983,-2.2068167,0.9999998,93.27884,0.17754477
2025-10-17 06:00:00,28.154144,25.536804,1007.8194,-2.4285707,-1.6733875,0.98594254,85.73336,1.5766017
2025-10-17 12:00:00,27.983307,24.83017,1005.8794,-2.6712246,-2.1290388,0.99066174,83.023605,0.0
2025-10-17 18:00:00,25.87973,24.945374,1008.28436,-1.4233189,-1.0279455,0.99874276,94.597664,0.0
2025-10-18 00:00:00,25.838531,24.602203,1007.155,0.10842776,-1.2298603,0.9996034,92.90506,0.0
2025-10-18 06:00:00,28.503937,25.15332,1007.95874,-1.8783293,-0.28501797,0.9907105,82.112465,1.8678029
2025-10-18 12:00:00,28.379486,24.706757,1005.15564,-0.9064131,-1.6415701,0.972789,80.53435,0.0
2025-10-18 18:00:00,26.15216,25.129333,1007.5044,-1.1571655,-1.358839,1.0,94.11124,3.4869413
2025-10-19 00:00:00,26.169159,24.60196,1005.97687,0.6066103,-1.3889132,1.0,91.10366,0.0
2025-10-19 06:00:00,28.519928,25.127808,1007.5744,-1.3576746,-1.4258251,0.99999994,81.911674,1.7110206
2025-10-19 12:00:00,28.002594,24.879486,1004.6912,-2.092514,-1.3131332,0.9235103,83.17474,0.023263931
2025-10-19 18:00:00,26.958252,25.27536,1006.5031,-1.3154087,-0.74587536,0.78160673,90.52828,0.0
2025-10-20 00:00:00,25.379608,24.261932,1005.15814,0.97176266,-1.601613,1.0,93.544975,0.16413668
2025-10-20 06:00:00,27.530975,25.55133,1006.52625,-1.468812,-3.595458,1.0,88.98642,0.30975655
2025-10-20 12:00:00,27.07077,24.907593,1004.34314,-0.605175,-1.9836388,1.0,87.98284,0.0
2025-10-20 18:00:00,25.702057,24.581299,1006.5475,-0.3040409,-2.3273106,1.0,93.54277,0.56813395
2025-10-21 00:00:00,25.389862,24.226166,1004.53815,0.7190008,-2.8484726,1.0,93.287704,0.0
2025-10-21 06:00:00,25.399048,25.069458,1006.4219,-0.08107567,-2.9486847,1.0,98.05745,1.1792405
2025-10-21 12:00:00,26.30545,25.076477,1003.3862,-1.3685942,-3.289876,1.0,92.96956,0.0
2025-10-21 18:00:00,25.235748,24.408539,1005.3688,0.26645756,-2.5017624,0.99713117,95.1814,1.4470149
2025-10-22 00:00:00,24.748383,24.030487,1003.9381,1.8932836,-0.7929354,0.67637193,95.79131,0.0
2025-10-22 06:00:00,28.16043,25.061127,1006.47687,3.871192,1.7223958,0.94398683,83.31079,0.0
2025-10-22 12:00:00,29.488983,24.919342,1003.7594,0.9294596,2.0038178,0.656635,76.48735,0.0
2025-10-22 18:00:00,27.01706,24.777893,1006.8088,1.50629,2.7186732,0.36154157,87.5801,0.12531412
2025-10-23 00:00:00,26.488007,24.246277,1005.84686,1.1673429,1.6424972,0.95824677,87.52082,0.0
2025-10-23 06:00:00,31.600067,24.870667,1007.3844,2.6473694,2.0601454,0.92920697,67.58607,0.0012323377
2025-10-23 12:00:00,29.978394,24.526215,1005.02686,1.2302504,2.7834854,0.9999967,72.63608,0.0
2025-10-23 18:00:00,27.339508,24.22934,1007.84436,2.3094196,3.0956154,0.97580135,83.1636,0.0
2025-10-24 00:00:00,26.393158,23.387665,1006.8331,2.4449062,2.4691722,0.99928,83.581635,0.0
2025-10-24 06:00:00,28.799103,24.299072,1008.7644,0.6423861,-0.9900713,1.0,76.70179,0.0
2025-10-24 12:00:00,28.800598,24.355255,1006.1669,-0.2106818,0.3729846,1.0,76.95375,0.018402934
2025-10-24 18:00:00,27.299896,24.378204,1008.33435,-0.74566936,0.8385149,1.0,84.10391,0.0
2025-10-25 00:00:00,26.867645,24.283875,1006.7463,1.0914403,0.01022625,0.97132933,85.779205,0.041296706
2025-10-25 06:00:00,29.525055,24.961578,1008.4519,1.2836423,-0.6546316,0.9747497,76.52096,0.0
2025-10-25 12:00:00,29.516205,25.07962,1005.9575,-1.4735813,-0.5875435,1.0,77.10066,0.0
2025-10-25 18:00:00,25.953339,24.227753,1008.3837,-0.004360974,-0.77843475,0.9993353,90.229416,0.0
2025-10-26 00:00:00,26.535614,24.41275,1006.5275,1.0033097,-1.3246212,0.9894528,88.15047,0.007722527
2025-10-26 06:00:00,30.843536,25.166534,1008.58185,1.5288551,-1.4732752,1.0,71.81709,0.017832965
2025-10-26 12:00:00,29.13089,25.398926,1006.1244,0.17734432,-1.5159931,1.0,80.34785,0.0
2025-10-26 18:00:00,27.903473,25.254974,1007.2225,0.9700021,-0.8495779,1.0,85.55005,0.0015255064
2025-10-27 00:00:00,26.388885,24.434082,1006.0569,1.3526521,-0.4692793,1.0,89.03025,0.0
2025-10-27 06:00:00,27.558075,24.222565,1007.845,2.5304976,-0.7000618,1.0,82.07282,0.029847026
2025-10-27 12:00:00,28.340546,23.785828,1004.3844,4.9084616,0.421031,1.0,76.38074,0.0
2025-10-27 18:00:00,26.466766,23.119843,1005.89935,2.8423996,0.1984396,1.0,81.88397,0.1757592
2025-10-28 00:00:00,26.070343,23.043915,1003.9369,3.180091,2.0466251,1.0,83.43972,0.0
2025-10-28 06:00:00,28.13681,23.505005,1006.0525,3.6141872,1.543415,1.0,75.99561,0.0
2025-10-28 12:00:00,29.208038,23.440582,1004.1806,1.9577484,1.95288,1.0,71.139015,0.0
2025-10-28 18:00:00,26.850311,22.536407,1005.98315,2.324771,2.249326,0.9932413,77.274185,0.0
2025-10-29 00:00:00,26.249298,22.596466,1005.6319,2.1281054,2.6888402,0.50793684,80.35299,0.0
2025-10-29 06:00:00,32.945587,23.695679,1006.8837,3.5737476,2.066518,0.12980649,58.37745,0.0047683716
2025-10-29 12:00:00,31.671112,23.736908,1004.45935,-0.0036001205,2.8014364,0.17426491,62.891937,0.0
2025-10-29 18:00:00,28.351044,25.639801,1007.8075,1.4973154,3.1938643,0.0773256,85.276276,0.0012367964
2025-10-30 00:00:00,27.31784,25.139252,1007.5475,1.6709344,1.4998622,0.0074157715,87.922745,0.0
2025-10-30 06:00:00,33.486115,22.079437,1008.7525,2.5127487,0.88353807,0.0,51.351208,0.0
2025-10-30 12:00:00,31.995392,22.509308,1007.025,-0.45069218,2.2032156,0.06711346,57.32891,0.0
2025-10-30 18:00:00,28.272125,24.464752,1009.84375,0.529162,2.5089383,0.052990776,79.874405,0.0
2025-10-31 00:00:00,27.470428,24.108124,1009.7681,2.026661,1.1181602,0.017436981,81.93039,0.0
2025-10-31 06:00:00,33.677277,21.555817,1009.8644,1.637367,0.42926788,0.001329422,49.205868,0.0
2025-10-31 12:00:00,32.536163,22.949799,1007.3281,-1.2306995,0.81113625,0.01744175,57.108677,0.0
2025-10-31 18:00:00,28.489471,26.40982,1010.18,-0.5611429,1.9511554,0.50906426,88.53614,0.0
2025-11-01 00:00:00,27.916595,25.13675,1009.41,1.8285085,1.8419574,0.92355657,84.88501,0.002097804
2025-11-01 06:00:00,33.009186,22.661652,1009.70123,1.6319432,1.1050384,0.58077097,54.644882,0.0
2025-11-01 12:00:00,32.1503,23.422638,1007.5606,-1.4178143,1.5629914,0.05180639,60.05906,0.0
2025-11-01 18:00:00,28.118195,25.996002,1010.1856,0.2495277,2.2255492,0.24666288,88.28397,0.0
2025-11-02 00:00:00,27.419342,24.439972,1009.68,2.2871375,1.8371564,0.9140433,83.82692,0.0
2025-11-02 06:00:00,33.250885,22.555206,1010.3088,2.6196985,1.0146272,0.24868962,53.560917,0.0
2025-11-02 12:00:00,32.95816,23.11734,1007.8688,-0.42091274,1.203227,0.49361587,56.335594,0.0
2025-11-02 18:00:00,28.589386,24.918365,1010.33124,1.3297367,2.587046,0.45237213,80.56969,0.0
2025-11-03 00:00:00,27.395477,22.635406,1009.0781,2.5360117,0.8951188,0.6334785,75.292076,0.0
2025-11-03 06:00:00,32.950592,24.260712,1009.76373,1.3270383,-0.7386074,0.9591015,60.37616,0.0003813766
2025-11-03 12:00:00,29.995575,24.190216,1007.33435,-0.8430019,0.57660294,0.5098452,71.11835,0.18919864
2025-11-03 18:00:00,29.007294,26.07663,1010.15686,1.3643707,2.6607912,0.9102826,84.24256,0.0
2025-11-04 00:00:00,27.819366,23.05545,1008.04565,3.3137045,1.3930779,1.0000001,75.342,0.0
2025-11-04 06:00:00,32.362823,23.374603,1009.405,2.4218445,-1.3089037,0.9426694,59.170204,0.0
2025-11-04 12:00:00,31.61728,23.980682,1006.60815,-1.1047735,0.1857357,0.99854213,64.01603,0.0
2025-11-04 18:00:00,28.174774,25.967194,1008.9931,-0.863884,1.0054684,0.9172934,87.84358,0.0
2025-11-05 00:00:00,27.500061,24.739105,1007.2531,1.1575267,1.8791536,0.43575007,84.93771,0.0
2025-11-05 06:00:00,32.427155,23.980682,1008.3306,1.3671651,0.10347879,0.14070141,61.14698,0.0030510128
2025-11-05 12:00:00,30.492828,24.336823,1005.22375,-0.7217388,1.1772532,0.26140133,69.72885,0.024508685
2025-11-05 18:00:00,27.81491,24.780548,1008.57623,1.6183726,-0.7955227,0.49720854,83.5954,0.0
2025-11-06 00:00:00,26.270386,23.795258,1007.7375,0.12140298,-1.5454931,0.61078465,86.28281,0.018402934
2025-11-06 06:00:00,29.27774,23.837433,1009.42126,1.3832917,-1.8020582,0.946711,72.56711,0.0
2025-11-06 12:00:00,26.955048,24.066559,1006.9387,1.5114009,0.088121414,0.8950632,84.234276,0.0592412
2025-11-06 18:00:00,26.655243,24.605652,1009.5144,0.4322316,-1.2093229,0.6490641,88.54764,0.0
2025-11-07 00:00:00,26.372894,24.455048,1008.6825,1.0738332,-1.425024,0.6020063,89.22622,0.0
2025-11-07 06:00:00,30.349518,24.898834,1010.04126,-0.73134995,-1.023346,0.69000447,72.70625,0.06580499
2025-11-07 12:00:00,28.64212,24.535217,1007.91064,-1.0229158,-0.9355097,0.5363988,78.50568,0.0
2025-11-07 18:00:00,27.299408,25.06363,1010.3606,-0.67781067,-1.0236444,0.18528557,87.62211,0.0
2025-11-08 00:00:00,26.863678,25.028046,1009.6362,0.7540455,-1.4234962,0.25704503,89.701996,0.018879771
2025-11-08 06:00:00,31.54776,22.964264,1010.97876,-0.9374323,-2.7483158,0.22348756,60.44802,0.0014333222
2025-11-08 12:00:00,29.775848,23.412262,1008.40186,-1.5839939,-1.8695545,0.29276335,68.729614,0.0
2025-11-08 18:00:00,27.080109,23.936066,1010.2944,-0.8868189,-1.9435244,0.20833212,82.96491,0.0
2025-11-09 00:00:00,26.103424,23.365265,1009.0875,0.8034029,-2.4546738,0.1299904,84.90959,0.01373142
2025-11-09 06:00:00,30.38974,21.577118,1010.6431,-1.4901562,-3.397603,0.34446007,59.349113,0.00076461583
2025-11-09 12:00:00,29.003448,22.636444,1007.9487,-1.696784,-2.0941067,0.18365926,68.56723,0.0
2025-11-09 18:00:00,26.243744,23.38034,1010.1044,-0.70453644,-2.0406733,0.07480824,84.28495,0.0005720649
2025-11-10 00:00:00,25.871002,23.165741,1009.1144,1.2364435,-1.8474607,0.16932142,85.05442,0.0011443626
2025-11-10 06:00:00,30.828156,21.761566,1010.3694,-0.5433798,-2.82195,0.15572023,58.53554,0.0049592927
2025-11-10 12:00:00,29.747345,23.501984,1008.0112,-2.4817038,-2.0272284,0.59761035,69.21601,0.0
2025-11-10 18:00:00,27.485626,25.01529,1010.20624,-1.5914221,-1.7603731,0.8386383,86.422226,0.0
2025-11-11 00:00:00,26.73233,24.283966,1009.77374,0.18441772,-2.4042873,0.6068989,86.465225,0.045198265
2025-11-11 06:00:00,30.964752,23.644196,1010.3706,-0.9556589,-3.3735094,0.6524528,65.107086,0.0
2025-11-11 12:00:00,28.78421,24.463226,1008.3269,-2.2126684,-2.837346,0.45118994,77.526566,0.0
2025-11-11 18:00:00,27.050812,25.071045,1010.84186,-2.1905785,-1.9354982,0.7213914,88.9487,0.13589859
2025-11-12 00:00:00,26.882172,23.847961,1009.3088,-0.059785843,-2.5184393,0.73463786,83.49194,0.0150626
2025-11-12 06:00:00,30.151398,25.538605,1011.09564,-1.6970243,-2.7353039,0.96203345,76.391594,0.0
2025-11-12 12:00:00,29.239899,23.610107,1009.14185,-3.1028023,-2.8319473,0.9512455,71.73757,0.0
2025-11-12 18:00:00,27.378632,23.854034,1011.5,-2.213766,-2.7280045,0.9570913,81.124115,0.0010430813
2025-11-13 00:00:00,26.997894,23.430267,1010.29565,-0.8689232,-2.926177,0.4583277,80.86576,0.043398112
2025-11-13 06:00:00,29.78592,23.691315,1011.9969,-2.9391565,-3.3831615,0.6666922,69.85485,0.1540302
2025-11-13 12:00:00,28.817413,24.164062,1009.67065,-3.0759811,-2.1124516,0.88906616,76.002594,0.0
2025-11-13 18:00:00,26.003021,23.859192,1011.78064,-1.7077436,-2.4794836,0.9265257,87.995255,0.18501127
2025-11-14 00:00:00,25.949066,23.583801,1010.1175,-1.2363882,-3.531104,0.54640543,86.8254,0.0
2025-11-14 06:00:00,29.30429,22.981293,1011.7537,-3.2622175,-4.37043,0.4079649,68.808136,0.0
2025-11-14 12:00:00,28.098175,21.200287,1009.5544,-2.6771688,-4.06007,0.06248727,66.20501,0.0
2025-11-14 18:00:00,25.636261,20.57483,1011.35,-1.3033085,-3.7000809,0.03631004,73.63038,0.0
2025-11-15 00:00:00,24.69522,19.813019,1010.5075,1.1482334,-4.111888,0.6132328,74.29181,0.0
2025-11-15 06:00:00,29.04544,22.008514,1012.33435,-1.6530704,-4.9919653,1.0,65.83731,0.0024735928
2025-11-15 12:00:00,27.49533,24.051178,1010.21814,-2.6462374,-3.5109062,1.0,81.531845,0.14582276
2025-11-15 18:00:00,25.345428,23.604462,1011.7919,-0.6469259,-3.6373663,0.9893354,90.10368,2.7084498
2025-11-16 00:00:00,25.685822,22.692474,1011.1869,-0.3836689,-3.6551943,0.6573416,83.56377,0.0
2025-11-16 06:00:00,26.66513,23.634186,1012.53625,-1.7740583,-5.0130453,0.9815173,83.48397,0.43090117
2025-11-16 12:00:00,25.913818,24.69754,1010.9494,-1.4854689,-3.8885317,0.99960333,93.02029,1.1076242
2025-11-16 18:00:00,24.943024,23.481598,1011.915,-1.1222591,-4.542614,1.0,91.60829,0.0
2025-11-17 00:00:00,24.22763,22.921783,1010.9412,0.26642418,-4.208851,1.0,92.432396,0.0
2025-11-17 06:00:00,25.995758,23.642181,1011.78876,-0.42717075,-5.3215,0.99802846,86.89082,0.2722721
2025-11-17 12:00:00,26.464325,23.104279,1009.89185,-0.30148602,-5.489212,0.9982732,81.81874,0.0
2025-11-17 18:00:00,24.200897,23.049469,1011.4894,0.3058939,-3.958395,0.9911986,93.29902,0.26457313
2025-11-18 00:00:00,23.297455,22.157806,1009.15625,0.7082758,-3.7474947,0.99999994,93.32189,0.0
2025-11-18 06:00:00,26.52652,24.40329,1010.355,-2.1638527,-2.2473936,0.99508667,88.14777,0.0
2025-11-18 12:00:00,25.26596,24.798737,1008.2525,-1.4575071,-2.947565,0.87121624,97.25341,0.97274834
2025-11-18 18:00:00,24.20639,23.198761,1011.3025,-1.6554155,-2.4085588,0.7026926,94.11402,0.0
2025-11-19 00:00:00,24.166626,22.71164,1009.6806,-0.3731718,-2.9128876,0.51657474,91.59719,0.0
2025-11-19 06:00:00,28.294342,24.501862,1010.90625,-1.6650848,-3.76859,0.49715143,79.94858,0.016981378
2025-11-19 12:00:00,27.402924,23.380554,1008.6188,-2.5745115,-3.8943624,0.16240007,78.73077,0.0
2025-11-19 18:00:00,25.892303,22.172516,1011.3638,-1.0048542,-3.5118637,0.025817871,79.97929,0.0
2025-11-20 00:00:00,25.320282,22.055573,1009.7631,0.3140707,-4.208578,0.72211653,82.15391,0.0
2025-11-20 06:00:00,28.941315,23.590973,1011.0081,-1.6774426,-5.394211,0.7293874,72.90321,0.05416572
2025-11-20 12:00:00,27.185394,25.251251,1009.4988,-2.323121,-3.5788336,0.4271574,89.20099,0.1463741
2025-11-20 18:00:00,26.071228,24.075714,1011.84875,-0.9386425,-3.352107,0.3594939,88.78847,0.0
2025-11-21 00:00:00,25.74289,23.663849,1010.7587,-0.17167282,-3.1780872,0.8943453,88.31735,0.21922961
2025-11-21 06:00:00,28.99588,25.34616,1012.1362,-1.6846085,-3.1578827,0.8764488,80.72424,0.0
2025-11-21 12:00:00,26.915802,25.05716,1010.02875,-1.7981825,-3.1317053,0.98429435,89.58283,0.6584514
2025-11-21 18:00:00,25.66623,24.486664,1011.78186,-1.7082052,-3.0041084,1.0,93.212494,0.0
2025-11-22 00:00:00,25.51184,23.966187,1010.4313,-1.6804209,-2.774704,0.9988893,91.17991,0.0
2025-11-22 06:00:00,28.215729,24.985931,1011.795,-3.4667978,-3.2305574,1.0,82.67156,0.025203496
2025-11-22 12:00:00,26.24112,24.779358,1009.6844,-2.1584215,-2.229352,1.0,91.683945,0.0
2025-11-22 18:00:00,25.487488,24.152985,1012.32,-2.0146866,-3.091589,1.0,92.34177,0.16135533
2025-11-23 00:00:00,25.526123,24.084381,1010.4175,-2.086604,-4.2108526,1.0,91.751564,0.46405026
2025-11-23 06:00:00,28.42044,25.805878,1011.6175,-3.8282862,-3.5078,0.99096745,85.77348,0.0
2025-11-23 12:00:00,25.322968,24.380432,1009.48126,-3.2837677,-2.4395294,0.9959976,94.5295,0.015490472
2025-11-23 18:00:00,25.26236,24.131287,1012.41815,-2.3449183,-2.220642,1.0,93.46437,0.0
2025-11-24 00:00:00,24.878998,23.562836,1011.35876,-1.4938936,-2.3839045,1.0,92.410355,0.35661447
2025-11-24 06:00:00,25.22284,23.550446,1012.7725,-1.9775381,-3.3789062,1.0,90.46829,0.2698918
2025-11-24 12:00:00,26.46341,24.070007,1010.34937,-2.173234,-2.7067404,0.9999995,86.72578,0.0
2025-11-24 18:00:00,25.596527,24.158356,1012.16437,-1.5722713,-2.8347301,0.9080549,91.77539,0.00428953
2025-11-25 00:00:00,25.594452,23.558014,1010.72815,-1.4289742,-3.6576805,0.5137853,88.53224,0.0
2025-11-25 06:00:00,28.705536,23.403717,1011.6981,-3.642559,-5.1128006,0.5932367,73.07651,0.019069526
2025-11-25 12:00:00,27.618011,23.661224,1009.4225,-2.878623,-4.2463236,1.0,79.07265,0.0
2025-11-25 18:00:00,25.988434,22.61728,1011.10065,-1.0639324,-4.550152,0.99999994,81.70516,0.0
2025-11-26 00:00:00,25.346588,22.435028,1010.16626,-0.19402885,-4.1590185,1.0,83.94198,0.011727214
2025-11-26 06:00:00,28.81546,23.38327,1011.5588,-2.9771929,-5.613559,0.9980283,72.52266,0.14572573
2025-11-26 12:00:00,27.457672,22.983307,1010.1325,-2.9881372,-4.8217535,1.0,76.61698,0.0
2025-11-26 18:00:00,25.999298,22.176788,1012.0513,-1.4034414,-4.9210596,0.99640554,79.49494,0.0
2025-11-27 00:00:00,25.49936,21.25711,1010.42065,-1.9918652,-4.544137,1.0,77.41135,0.0049583614
2025-11-27 06:00:00,28.177216,21.471588,1010.84314,-3.5546045,-6.4611387,1.0000002,67.0058,0.026893742
2025-11-27 12:00:00,27.058746,21.733307,1008.7413,-1.8646479,-6.1208076,1.0,72.6889,0.0
2025-11-27 18:00:00,25.955048,20.560944,1010.10626,-1.4328289,-6.3285246,1.0,72.19042,0.010579824
2025-11-28 00:00:00,25.502533,21.24234,1008.36127,-0.47325897,-6.3370056,1.0,77.32667,0.16053021
2025-11-28 06:00:00,25.398468,22.447113,1008.83374,-1.8286695,-7.983533,1.0,83.74493,0.78151554
2025-11-28 12:00:00,25.804413,22.465118,1006.6169,-0.4634962,-5.9206915,1.0,81.84072,0.34956998
2025-11-28 18:00:00,23.735992,21.817657,1007.90625,-0.3862257,-6.1553535,1.0,89.02101,0.95792854
2025-11-29 00:00:00,23.070953,22.104767,1006.07,1.9370537,-5.9128685,1.0,94.30299,3.8892581
2025-11-29 06:00:00,23.195343,22.170074,1006.3931,1.3030672,-6.925597,1.0000027,93.9695,0.5729923
2025-11-29 12:00:00,23.93106,23.474152,1004.22876,2.3402023,-7.0765724,1.0000019,97.286736,2.5230641
2025-11-29 18:00:00,23.182037,22.494537,1005.5075,2.2039843,-6.09369,0.9892882,95.919624,0.0
2025-11-30 00:00:00,23.590546,22.272491,1004.39,3.7807245,-5.2794724,0.98903507,92.32893,0.0
2025-11-30 06:00:00,25.603088,22.428375,1006.3425,4.010517,-4.9718227,0.97286516,82.63904,0.0
2025-11-30 12:00:00,26.218964,22.278778,1005.6919,3.5391808,-2.500084,0.9980067,78.95775,0.0
2025-11-30 18:00:00,25.20755,22.318298,1008.65375,2.9859867,-2.3319912,0.7637104,84.04066,0.0
2025-12-01 00:00:00,24.684845,22.587921,1007.0037,2.363719,0.4255457,0.9655304,88.13444,0.0
2025-12-01 06:00:00,27.921783,22.771484,1008.58435,2.984603,-1.9898949,0.97001743,73.61606,0.008201227
2025-12-01 12:00:00,26.468475,23.34024,1006.6944,0.524707,-2.6445742,0.99999976,82.97328,0.0
2025-12-01 18:00:00,26.03244,23.39914,1008.64624,1.8235104,-0.4614706,0.9996042,85.44131,0.0005699694
2025-12-02 00:00:00,25.431244,23.578278,1007.51,1.9265709,0.9071722,0.97162634,89.503845,0.40341914
2025-12-02 06:00:00,28.400787,23.372345,1008.7531,2.3324156,-0.13876247,0.72180355,74.24061,0.0
2025-12-02 12:00:00,26.892487,24.417328,1006.335,-0.034290314,-0.853137,0.9391598,86.34158,0.18558848
2025-12-02 18:00:00,25.266754,23.672089,1008.8269,1.0586212,0.22848797,0.9942679,90.89586,0.0
2025-12-03 00:00:00,25.122772,23.543121,1007.78564,0.7168411,0.35505572,1.0,90.968796,0.003077332
2025-12-03 06:00:00,27.05832,24.17337,1010.85065,0.3191042,2.1205413,0.8635942,84.2633,0.13748378
2025-12-03 12:00:00,26.45871,24.262604,1008.77814,-0.56840324,0.5352911,0.9972095,87.75801,0.0
2025-12-03 18:00:00,25.15628,23.70752,1010.7344,-0.76588154,-0.74141884,0.45288274,91.69098,0.0
2025-12-04 00:00:00,24.714325,23.309357,1010.1813,-0.27634907,-2.2475538,0.36643326,91.90738,0.0
2025-12-04 06:00:00,28.241547,24.775146,1012.27625,-1.4929028,-3.3368807,0.7871387,81.51559,0.03614203
2025-12-04 12:00:00,27.144012,24.13736,1010.2325,-3.1721754,-2.6737175,0.35407537,83.659546,0.0
2025-12-04 18:00:00,25.130188,23.993591,1012.6981,-1.8996563,-2.586731,0.80469257,93.4271,0.10995229
2025-12-05 00:00:00,25.212433,23.699402,1011.5644,-1.7364082,-2.8365822,0.90311545,91.34031,0.23067592
2025-12-05 06:00:00,26.749298,24.60907,1012.7025,-2.6368074,-3.886403,0.5908556,88.07666,0.0
2025-12-05 12:00:00,26.551239,24.397614,1010.5012,-2.5540857,-3.4221792,0.5270062,87.98952,0.0
2025-12-05 18:00:00,25.035614,23.543335,1013.09375,-2.9323597,-3.4523659,0.954096,91.44367,0.16126235
2025-12-06 00:00:00,24.669647,23.161652,1012.0037,-1.5202599,-4.1749554,0.6237716,91.33441,0.026399136
2025-12-06 06:00:00,28.013397,25.330658,1013.0494,-1.264615,-3.6674519,0.8600261,85.386894,0.0
2025-12-06 12:00:00,27.295685,24.373474,1011.1125,-2.6862402,-3.3480692,0.404189,84.10086,0.1365726
2025-12-06 18:00:00,25.296204,23.625214,1013.7631,-2.4136791,-2.9297314,0.7758906,90.4809,0.36363736
2025-12-07 00:00:00,24.944244,23.460297,1012.02435,-0.9017,-3.5545502,0.7619288,91.484024,0.0
2025-12-07 06:00:00,27.388641,23.777252,1013.27875,-2.8489714,-4.411008,0.92303336,80.70296,0.21411589
2025-12-07 12:00:00,27.17273,23.52481,1011.7025,-2.4008741,-3.6530056,0.9922771,80.49766,0.0
2025-12-07 18:00:00,25.207733,22.10495,1013.09064,-1.1909513,-4.2101803,0.29517388,82.955185,0.0
2025-12-08 00:00:00,24.327667,21.606415,1011.9525,0.42264843,-3.6845627,0.42130738,84.81136,0.0
2025-12-08 06:00:00,28.215973,21.519135,1013.28314,-2.1622915,-5.1111,0.6595568,67.04962,0.0
2025-12-08 12:00:00,27.390472,21.922241,1010.585,-2.584673,-4.0168934,0.12873814,72.11564,0.0
2025-12-08 18:00:00,24.917267,20.839447,1012.1962,0.48257446,-4.423153,0.69951725,78.11109,0.0
2025-12-09 00:00:00,25.248993,21.175446,1010.3762,0.7053318,-4.6471453,0.97439355,78.17966,0.110417604
2025-12-09 06:00:00,26.921356,23.113129,1012.09125,-0.25646496,-3.5996113,1.0000005,79.68915,0.33152103
2025-12-09 12:00:00,26.431488,23.456299,1010.4306,-3.1754208,-3.562357,0.9986717,83.738884,0.0
2025-12-09 18:00:00,25.513336,21.5737,1012.26373,-1.4024515,-4.816925,0.9885922,78.86156,0.0
2025-12-10 00:00:00,25.763153,22.110565,1011.4894,-0.6081219,-3.9446907,0.9996017,80.29015,0.0
2025-12-10 06:00:00,27.5112,22.020294,1013.0712,-2.3891945,-5.4328766,0.9793858,72.03723,0.0
2025-12-10 12:00:00,27.316711,21.268463,1010.3906,-2.7593718,-3.9010782,0.92067033,69.58876,0.0
2025-12-10 18:00:00,24.629425,20.341705,1012.34625,-1.3203926,-4.7076473,0.2575825,77.06471,0.0
2025-12-11 00:00:00,23.783478,20.553192,1011.535,0.8259897,-4.367297,0.3522411,82.140526,0.0012395903
2025-12-11 06:00:00,28.359894,21.197113,1012.5475,-2.4931278,-5.6247997,0.9280905,65.19133,0.0
2025-12-11 12:00:00,27.311188,22.207947,1009.9975,-2.3965206,-3.9931974,0.49437952,73.72412,0.0
2025-12-11 18:00:00,24.300323,20.7966,1011.64874,-1.104785,-3.8895683,0.3886617,80.83313,0.0001899898
2025-12-12 00:00:00,23.87442,20.745209,1010.3738,0.18789673,-4.132224,0.5170326,82.664566,0.00352785
2025-12-12 06:00:00,27.908478,21.464203,1011.5225,-1.9135389,-5.5030527,0.9992097,68.03295,0.0010505319
2025-12-12 12:00:00,27.226044,21.435394,1009.8681,-2.6087093,-3.7294474,0.9596103,70.67897,0.0
2025-12-12 18:00:00,24.944733,19.996307,1012.4481,-1.4336386,-3.9171314,0.9400613,74.02922,0.0
2025-12-13 00:00:00,23.194,19.733612,1011.005,-0.013465881,-4.026943,0.39920813,80.90632,0.0001906883
2025-12-13 06:00:00,27.238312,20.552399,1012.35126,-1.7388058,-5.036993,0.23088074,66.89824,0.0
2025-12-13 12:00:00,26.602814,20.614471,1009.9856,-2.3671045,-3.0646553,0.0,69.7105,0.0
2025-12-13 18:00:00,23.322784,18.836731,1013.1238,-1.3802061,-3.931406,0.119277954,75.92026,0.0
2025-12-14 00:00:00,22.518585,18.966156,1012.4456,0.25467873,-2.9543772,0.2970425,80.355804,0.0
2025-12-14 06:00:00,27.60379,19.76828,1012.93,-1.1853695,-4.6078796,0.16688593,62.38246,0.0
2025-12-14 12:00:00,26.156128,19.250854,1010.1775,-2.411625,-2.4350061,0.009101054,65.77538,0.0
2025-12-14 18:00:00,23.39981,18.73819,1013.105,-1.4683132,-3.2037525,0.11567688,75.10423,0.0
2025-12-15 00:00:00,21.9263,18.775055,1011.7594,0.8297453,-3.4701958,0.018661499,82.31782,0.0
2025-12-15 06:00:00,27.759064,20.59848,1013.345,-1.5077353,-4.8299437,0.47291565,65.07468,0.0007627532
2025-12-15 12:00:00,27.192749,21.922241,1010.16064,-2.4456415,-3.161891,0.43114752,72.95629,0.0
2025-12-15 18:00:00,25.756744,20.79837,1011.83875,-1.1266632,-4.3495197,1.000002,74.11952,0.013738871
2025-12-16 00:00:00,24.72931,21.452911,1010.10626,0.3444395,-4.1290703,1.0000004,82.023384,0.5469918
2025-12-16 06:00:00,26.750702,23.919647,1012.16437,-2.1396341,-2.8554277,0.99760705,84.50353,0.0
2025-12-16 12:00:00,25.576172,24.851166,1009.6788,-3.0824404,-2.3522568,0.9855919,95.77603,0.02860184
2025-12-16 18:00:00,24.531647,23.975433,1011.8669,-2.2219973,-2.7414808,0.9655149,96.72017,0.0
2025-12-17 00:00:00,24.816925,23.655975,1010.6856,-2.3572493,-4.2276945,0.93920016,93.27531,0.056079097
2025-12-17 06:00:00,27.909393,25.218903,1013.27,-2.5947323,-4.381031,0.8996279,85.33711,0.06630084
2025-12-17 12:00:00,27.326202,23.330963,1011.0744,-3.078292,-4.6883335,0.22764188,78.84905,0.0
2025-12-17 18:00:00,24.692413,21.729156,1013.4319,-1.3024712,-4.6253624,0.93326056,83.60525,0.0
2025-12-18 00:00:00,22.96817,20.876617,1012.005,0.04699707,-4.1992006,0.9960075,88.018906,0.0
2025-12-18 06:00:00,27.633087,21.749481,1013.5806,-1.8682022,-5.029361,0.9489863,70.35297,0.0
2025-12-18 12:00:00,26.115875,20.862274,1011.0481,-2.2725859,-3.57415,0.7850293,72.84596,0.0
2025-12-18 18:00:00,23.683258,20.213715,1012.82935,-1.1893883,-3.1830654,0.97403365,80.92378,0.0
2025-12-19 00:00:00,23.526764,21.089752,1011.79,0.33277035,-3.2925224,0.9980041,86.22019,0.0
2025-12-19 06:00:00,27.68924,20.202362,1012.54626,-2.3286133,-4.365594,0.9911384,63.76254,0.00028614886
2025-12-19 12:00:00,26.075043,19.995575,1009.14435,-2.3533716,-2.793397,0.93991673,69.219215,0.0
2025-12-19 18:00:00,22.964264,19.43332,1011.08435,-0.82970333,-2.1990747,0.9950464,80.52255,0.0
2025-12-20 00:00:00,22.68692,19.424896,1009.3906,0.2159357,-2.689001,0.86333126,81.844505,0.0
2025-12-20 06:00:00,27.395355,17.849213,1011.36,-2.2376966,-3.192627,0.6560765,56.01322,0.0
2025-12-20 12:00:00,26.06366,19.091705,1009.2369,-1.8841801,-1.8932323,0.4352306,65.48347,0.0
2025-12-20 18:00:00,22.312775,18.569916,1011.66064,-0.87975883,-1.9522305,0.4046296,79.377304,0.0
2025-12-21 00:00:00,22.24649,19.213776,1010.2619,0.6567898,-2.854371,0.035232544,82.9672,0.0
2025-12-21 06:00:00,28.047638,20.297272,1012.20874,-1.9637318,-3.5168352,0.21153183,62.80986,0.0
2025-12-21 12:00:00,26.768219,20.747833,1009.33813,-2.3267555,-2.2914114,0.2600786,69.604294,0.0
2025-12-21 18:00:00,23.6008,21.047821,1011.33124,-1.7131262,-2.6213875,0.89521754,85.6156,0.0
2025-12-22 00:00:00,22.447296,19.718475,1010.54,0.30884266,-3.1641693,0.9532868,84.572235,0.0
2025-12-22 06:00:00,27.875702,19.717255,1011.9462,-2.4133406,-3.6176348,0.9982244,61.20528,0.0
2025-12-22 12:00:00,26.922882,20.50235,1009.5175,-1.2768383,-2.1911936,0.9040158,67.93861,0.0
2025-12-22 18:00:00,23.136383,19.95877,1011.275,-0.19813824,-2.745285,0.19515258,82.32959,0.0
2025-12-23 00:00:00,22.52005,19.913116,1009.5669,0.13736153,-3.7356815,0.42773366,85.2214,0.0
2025-12-23 06:00:00,27.97226,21.076569,1010.91626,-1.588295,-3.7102337,0.9953598,66.188255,0.013448298
2025-12-23 12:00:00,26.66568,21.617462,1008.63873,-2.3270988,-2.8239555,0.43341672,73.863625,0.0
2025-12-23 18:00:00,24.24295,20.771393,1010.6206,-1.3698511,-3.4759455,0.5680944,80.9859,0.0
2025-12-24 00:00:00,23.797516,20.515778,1009.825,0.23470116,-3.1868248,0.060689565,81.88207,0.0
2025-12-24 06:00:00,28.256744,20.739777,1011.5375,-0.045567513,-3.8417797,0.9473081,63.766064,0.0
2025-12-24 12:00:00,27.035126,20.26944,1008.34314,-2.6894236,-2.7152586,0.36365217,66.528656,0.0
2025-12-24 18:00:00,23.233307,19.259827,1010.835,-1.1391258,-2.6939535,0.16205733,78.37243,0.0
2025-12-25 00:00:00,22.636505,19.184662,1010.47815,1.2984905,-2.6574192,0.02191925,80.87689,0.0
2025-12-25 06:00:00,28.425323,21.196259,1011.4925,-0.99399376,-4.202655,0.2523924,64.9404,0.00047683716
2025-12-25 12:00:00,26.703766,23.357513,1009.6287,-3.016821,-2.3620415,0.7487553,81.91625,0.036232173
2025-12-25 18:00:00,24.205536,22.789948,1012.09,-1.5392656,-1.7135983,0.8933357,91.81861,0.0
2025-12-26 00:00:00,23.823914,22.27893,1010.105,-0.66864777,-3.2186108,0.43734866,91.07653,0.019842416
2025-12-26 06:00:00,27.350555,22.256195,1011.72565,-3.067957,-4.1689844,0.8167646,73.77058,0.046732828
2025-12-26 12:00:00,26.722748,21.824219,1009.3275,-2.8423748,-3.2118683,0.76956743,74.55187,0.0
2025-12-26 18:00:00,23.914703,20.253754,1011.6369,-1.7341967,-3.2089958,0.68363994,80.00254,0.0
2025-12-27 00:00:00,22.940216,20.076813,1010.9675,-0.267251,-3.2963858,0.13403195,83.923584,0.0009536743
2025-12-27 06:00:00,27.916412,20.79184,1012.1788,-2.4036388,-4.127178,0.8895102,65.25206,0.0095376745
2025-12-27 12:00:00,26.528595,20.8555,1009.6025,-2.6743698,-2.9282885,0.19429278,71.06281,0.0
2025-12-27 18:00:00,24.457062,21.016724,1012.16437,-1.9633961,-2.5433636,0.12912232,81.168976,0.008009374
2025-12-28 00:00:00,23.49942,20.757294,1011.73376,0.531641,-3.5740461,0.09542178,84.6152,0.0
2025-12-28 06:00:00,28.039886,20.790863,1012.8475,-1.4016562,-4.0545483,0.091781616,64.779976,0.0
2025-12-28 12:00:00,26.791107,21.41568,1010.15,-3.2264233,-2.546177,0.13524464,72.42041,0.0
2025-12-28 18:00:00,24.562958,21.258698,1011.9475,-1.9304905,-3.0263586,0.042905457,81.86309,0.0
2025-12-29 00:00:00,24.034882,20.93988,1011.0181,-0.09281635,-3.3655024,0.4831298,82.85769,0.004195608
2025-12-29 06:00:00,27.915375,21.4971,1012.52936,-1.2397242,-4.2345886,0.64564526,68.14267,0.0
2025-12-29 12:00:00,26.502228,21.896881,1009.7356,-3.5595207,-2.6725073,0.52510875,75.862434,0.0
2025-12-29 18:00:00,24.525543,21.383698,1012.29315,-1.2680597,-3.286746,0.0,82.67754,0.0
2025-12-30 00:00:00,23.128448,19.82309,1010.64685,1.0633736,-3.7536469,0.06894268,81.67952,0.0
2025-12-30 06:00:00,28.277985,21.770172,1011.8694,-0.3972193,-3.344986,0.009841919,67.841415,0.0
2025-12-30 12:00:00,27.665619,22.19278,1008.10565,-2.955634,-2.2491083,0.041778564,72.14379,0.0
2025-12-30 18:00:00,25.787384,23.63385,1010.65314,-1.900814,-2.9192038,0.49357986,87.925705,0.0
2025-12-31 00:00:00,25.23056,22.415955,1009.0694,0.7758379,-3.0972166,0.70679694,84.425514,0.027365983
2025-12-31 06:00:00,28.178009,23.21399,1010.3212,-1.0730982,-3.0197325,0.82445365,74.493416,0.0
2025-12-31 12:00:00,26.703888,24.12912,1006.77814,-1.4164705,-2.2982721,0.7714569,85.80948,0.1962026
2025-12-31 18:00:00,25.605377,24.010132,1009.2463,-1.1702747,-2.5074682,0.9691593,90.914635,0.0
