time,temperature,dewpoint,pressure,wind_u,wind_v,cloud_cover,humidity,rain_mm
2021-01-01 00:00:00,25.006378,21.00467,1010.6362,-3.6202755,-5.611431,0.44760495,78.490326,0.0
2021-01-01 06:00:00,27.137115,20.595917,1013.3044,-4.586198,-5.499852,0.97436047,67.4773,0.0
2021-01-01 12:00:00,26.107025,21.898743,1010.635,-3.6361952,-5.4476376,1.000001,77.662346,0.10862579
2021-01-01 18:00:00,25.648956,21.057404,1012.3875,-2.9655476,-6.0479946,0.9976256,75.79227,0.0
2021-01-02 00:00:00,25.250275,21.408783,1010.4356,-1.6928225,-5.638008,0.9985174,79.30001,0.0064843334
2021-01-02 06:00:00,25.919281,22.929901,1012.7569,-3.3825808,-5.862199,0.6976863,83.61004,0.34579125
2021-01-02 12:00:00,26.206024,23.328094,1009.8875,-4.584138,-4.7289486,0.47772282,84.20701,0.0
2021-01-02 18:00:00,24.993317,23.504974,1010.9306,-3.2100897,-4.990485,0.6691405,91.46278,0.29020867
2021-01-03 00:00:00,24.387543,23.26712,1009.0662,-3.3292532,-4.3177824,0.6162384,93.482994,0.53577185
2021-01-03 06:00:00,25.688263,23.690216,1011.40814,-4.1514597,-2.4980888,0.8521395,88.74473,0.5470417
2021-01-03 12:00:00,25.479431,23.619171,1008.77686,-3.791295,-2.5572882,0.9964489,89.46809,0.0
2021-01-03 18:00:00,25.555756,23.579437,1010.1994,-3.7078342,-3.0463505,0.95910114,88.850494,0.0
2021-01-04 00:00:00,25.874603,22.617706,1009.5637,-4.223358,-3.9996881,0.95437044,82.25983,0.0
2021-01-04 06:00:00,27.329315,22.413788,1011.1325,-5.289587,-3.8025942,0.8058804,74.573875,0.0
2021-01-04 12:00:00,26.927643,23.358032,1009.1194,-4.159683,-3.933238,0.43435985,80.8471,0.051117815
2021-01-04 18:00:00,25.02182,23.511505,1011.1819,-2.2370234,-4.6824474,0.99851644,91.34345,1.00929
2021-01-05 00:00:00,24.696503,23.25235,1009.82,-1.1403732,-3.083928,0.98780423,91.68909,0.0
2021-01-05 06:00:00,26.262238,23.750336,1011.6281,-3.142807,-2.4610739,0.9941714,86.091354,0.39826208
2021-01-05 12:00:00,26.325012,23.86966,1009.4906,-2.807745,-2.6015034,0.995141,86.39069,0.0
2021-01-05 18:00:00,25.334015,23.445923,1011.51935,-2.5970259,-0.9864836,1.0000001,89.307236,0.0874185
2021-01-06 00:00:00,25.36673,23.560669,1009.265,-2.1668167,-0.9438076,0.917691,89.752464,0.0
2021-01-06 06:00:00,25.856476,23.762177,1010.8631,-3.972374,-0.002943039,0.956832,88.24559,1.6209751
2021-01-06 12:00:00,26.470306,23.760406,1008.28314,-3.8721542,0.06570655,0.9676177,85.09215,0.0
2021-01-06 18:00:00,25.490692,23.75293,1010.8225,-2.7025185,1.4760795,0.90508825,90.13127,0.27679953
2021-01-07 00:00:00,25.371124,23.200378,1008.8925,-0.60258484,-0.4182186,0.60210884,87.79909,0.0
2021-01-07 06:00:00,27.149384,23.624023,1010.1275,-3.0214062,-3.2913904,0.899058,81.091415,0.12425503
2021-01-07 12:00:00,26.905945,24.010315,1006.6863,-4.6938763,-2.671712,0.6046089,84.19286,0.0
2021-01-07 18:00:00,26.2388,23.896667,1008.775,-3.101097,-2.031394,0.98547524,86.972786,0.16153987
2021-01-08 00:00:00,25.873077,23.487518,1006.85126,-2.617672,-2.2253027,0.91052264,86.71225,0.0
2021-01-08 06:00:00,25.907074,23.938965,1009.60376,-2.612217,-1.4715223,0.87864035,88.9219,0.49850827
2021-01-08 12:00:00,26.363342,23.72992,1006.6312,-2.5546913,-3.0703783,0.7315376,85.47386,0.0
2021-01-08 18:00:00,25.501984,23.93283,1009.6225,-2.8783855,-2.451561,0.90512496,91.050606,0.13085027
2021-01-09 00:00:00,24.916107,23.459717,1008.4963,-1.9027405,-2.1718254,0.9630632,91.63452,0.0680089
2021-01-09 06:00:00,26.93924,23.891815,1010.09814,-3.9838886,-2.683507,0.99999833,83.43204,0.0
2021-01-09 12:00:00,26.875122,23.83957,1008.29565,-4.2190866,-1.3848648,1.0,83.48439,0.0
2021-01-09 18:00:00,25.052856,23.697388,1010.5744,-3.1816044,-2.26439,1.0,92.20141,0.30286488
2021-01-10 00:00:00,25.017487,23.338867,1008.8787,-1.8909187,-4.510441,0.99851656,90.42041,0.0
2021-01-10 06:00:00,26.37082,23.915558,1010.47186,-1.4940596,-5.621688,1.0,86.3955,0.35074353
2021-01-10 12:00:00,27.08142,23.417114,1007.8606,-2.8573933,-4.396186,1.0,80.40626,0.0
2021-01-10 18:00:00,24.767273,23.573853,1010.67377,-3.3349733,-4.636222,1.0,93.09058,2.5763075
2021-01-11 00:00:00,25.22287,23.273407,1009.03436,-2.3203087,-5.8012037,1.0,88.96852,0.0
2021-01-11 06:00:00,25.974243,23.990112,1010.52435,-2.344658,-7.136463,1.0,88.841576,0.13319218
2021-01-11 12:00:00,25.72818,23.701782,1008.9531,-3.2208014,-6.325183,1.0,88.59656,2.0582547
2021-01-11 18:00:00,25.212097,23.60733,1010.3594,-4.294203,-6.847787,1.0,90.836975,0.0
2021-01-12 00:00:00,25.491302,23.26358,1008.79,-4.7353983,-6.190816,1.0,87.50773,0.18127537
2021-01-12 06:00:00,25.220154,23.88446,1011.4306,-7.9344473,-4.7702446,0.9996095,92.32048,1.0389402
2021-01-12 12:00:00,25.806305,24.023224,1008.2275,-7.0233307,-4.010845,0.9985112,89.90831,0.0
2021-01-12 18:00:00,25.112518,23.842804,1011.1375,-5.7609215,-2.4367495,1.0,92.68168,0.7412944
2021-01-13 00:00:00,25.307343,23.592651,1008.9487,-3.4873857,-3.438406,0.94602257,90.24381,0.0
2021-01-13 06:00:00,26.197601,24.315643,1011.38,-5.23586,-3.9051676,0.6797853,89.40504,0.20543435
2021-01-13 12:00:00,26.024658,23.766022,1008.7325,-5.5644417,-3.1396341,0.56687224,87.39146,0.0
2021-01-13 18:00:00,25.380035,23.785736,1011.9944,-2.669156,-3.2884083,0.6340781,90.9052,0.11558716
2021-01-14 00:00:00,25.715424,23.436554,1008.7056,-4.4625034,-4.715948,0.5026691,87.25769,0.0
2021-01-14 06:00:00,27.288239,23.280914,1011.28876,-5.3015556,-3.3244715,0.39929205,78.78621,0.112923056
2021-01-14 12:00:00,26.226349,23.6604,1008.6769,-4.4938297,-2.5465822,0.4797269,85.80822,0.08555159
2021-01-14 18:00:00,25.266083,23.536957,1010.76373,-4.031392,-2.240552,0.81250906,90.16245,0.07753798
2021-01-15 00:00:00,24.842712,23.257904,1009.135,-2.8266516,-2.19833,0.98947686,90.92239,0.02344045
2021-01-15 06:00:00,25.61081,23.572174,1011.79315,-1.8167791,-3.5160894,0.999109,88.52186,0.36965466
2021-01-15 12:00:00,25.996826,23.167847,1009.1194,-3.6706285,-3.0925837,0.99444395,84.43388,0.0
2021-01-15 18:00:00,25.42044,23.294098,1010.6269,-2.691308,-2.5668583,0.9888923,88.03907,0.02669549
2021-01-16 00:00:00,25.208893,23.215881,1008.5181,-2.0047522,-3.0931082,0.72148985,88.733696,0.0
2021-01-16 06:00:00,26.312347,23.19345,1010.8119,-3.7797232,-3.4796553,0.76795834,83.00205,0.2718951
2021-01-16 12:00:00,26.663727,23.143066,1008.39435,-3.921812,-2.2548475,0.93073684,81.052795,0.0
2021-01-16 18:00:00,25.45871,22.294708,1010.59314,-3.1732264,-2.5293665,0.9589268,82.675865,0.0
2021-01-17 00:00:00,24.643707,21.165863,1009.5075,-1.8974714,-2.3934345,0.8450045,81.0061,0.0
2021-01-17 06:00:00,27.03897,20.886292,1011.9494,-2.3110561,-4.2490244,0.42217422,69.09134,0.0
2021-01-17 12:00:00,26.324554,20.377686,1009.625,-3.7604876,-4.4260817,0.3893847,69.83655,0.0
2021-01-17 18:00:00,25.01651,20.559875,1012.1431,-3.4207907,-4.0084953,0.47675598,76.32474,0.0
2021-01-18 00:00:00,24.21817,19.654755,1010.58563,-2.2423277,-4.219043,0.48435256,75.6972,0.0
2021-01-18 06:00:00,27.087006,19.637573,1013.42065,-4.05443,-5.705868,0.6540386,63.7809,0.0007627532
2021-01-18 12:00:00,26.520264,19.62613,1009.70435,-3.954113,-5.2037897,1.0000031,65.89635,0.0
2021-01-18 18:00:00,25.611725,18.585663,1011.6763,-3.7121382,-4.116149,0.999109,65.16796,0.0
2021-01-19 00:00:00,25.51236,19.282349,1009.9487,-1.8039131,-3.640071,0.9925963,68.46698,0.00047683716
2021-01-19 06:00:00,26.94809,21.609589,1012.73,-0.9056225,-5.741808,0.71407205,72.61166,0.0018123537
2021-01-19 12:00:00,27.096466,21.011963,1009.6894,-2.5411625,-5.493289,0.37594604,69.39244,0.0
2021-01-19 18:00:00,26.672333,21.662933,1011.4412,-2.3464642,-5.218918,0.48397887,74.04027,0.0
2021-01-20 00:00:00,26.100494,22.07138,1010.16064,1.4970026,-4.3502064,0.97447836,78.514656,0.0039041042
2021-01-20 06:00:00,26.907745,23.265717,1012.3975,-0.96868706,-6.1312704,0.9331478,80.49179,0.10213256
2021-01-20 12:00:00,27.080536,23.602783,1010.22565,-2.9452362,-5.4639063,0.8345482,81.315636,0.0
2021-01-20 18:00:00,26.5914,23.958557,1011.59686,-3.3649263,-3.9624157,0.35116082,85.49965,0.0
2021-01-21 00:00:00,25.51944,23.611023,1010.7294,-1.7952185,-1.8781815,0.4555871,89.21195,0.15239117
2021-01-21 06:00:00,27.218903,24.398407,1012.75,-1.5158262,-2.1387587,0.6505888,84.60657,0.0
2021-01-21 12:00:00,27.419952,23.991455,1009.60876,-3.4045172,-1.4058037,0.12770978,81.59923,0.0
2021-01-21 18:00:00,26.622528,24.179047,1011.0606,-3.0612335,-1.1616402,0.16926035,86.48028,0.0
2021-01-22 00:00:00,25.994812,23.229706,1010.9,-2.8527927,0.27809525,0.28962243,84.76019,0.14056656
2021-01-22 06:00:00,27.62796,23.71695,1012.8525,-2.4210901,-1.1250877,0.348702,79.29228,0.0
2021-01-22 12:00:00,27.34964,23.665802,1008.9487,-4.021511,-0.92642117,0.040238574,80.34672,0.0
2021-01-22 18:00:00,25.96637,23.67099,1011.23315,-3.7403564,-1.6095276,0.09661986,87.19323,0.026319176
2021-01-23 00:00:00,25.249207,22.537262,1010.0375,-2.5543652,-2.1310635,0.21485132,84.95572,0.0
2021-01-23 06:00:00,27.180206,22.177277,1013.1256,-3.9520493,-2.6171703,0.33134556,74.15387,0.018211655
2021-01-23 12:00:00,26.692963,22.266266,1010.725,-4.043288,-1.6453438,0.13668306,76.72253,0.0
2021-01-23 18:00:00,25.670319,21.953583,1012.6262,-3.8113384,-1.2038021,0.5636567,79.96443,0.017928425
2021-01-24 00:00:00,25.162384,20.548126,1011.10815,-1.6209764,-1.5703535,0.95460594,75.60943,0.0
2021-01-24 06:00:00,27.433014,19.457184,1013.9375,-3.0185928,-2.7022324,0.9752274,61.80355,0.0043874606
2021-01-24 12:00:00,26.9039,20.998322,1010.7644,-3.1692514,-2.7832518,1.0000017,70.12306,0.0
2021-01-24 18:00:00,25.71695,21.346832,1013.22186,-3.3366833,-1.9490175,0.976812,76.8395,0.0069623347
2021-01-25 00:00:00,25.248688,20.256134,1011.9456,-3.0252237,-1.7280464,1.0,73.87845,0.0
2021-01-25 06:00:00,27.56546,19.815552,1014.3025,-3.516264,-1.8675394,0.707373,62.706013,0.0091581335
2021-01-25 12:00:00,27.511017,20.485382,1011.1381,-3.1721134,-1.8748846,0.57555467,65.566505,0.0
2021-01-25 18:00:00,25.783173,19.48935,1013.1919,-3.5639668,-2.4309855,0.031188965,68.2487,0.0
2021-01-26 00:00:00,24.777252,19.3096,1011.4,-2.6952934,-4.1627617,0.4108271,71.65259,0.0
2021-01-26 06:00:00,27.255707,18.766418,1013.84375,-3.6728754,-3.9471178,0.74334383,59.81723,0.0
2021-01-26 12:00:00,26.8367,19.11856,1010.2481,-2.7490416,-3.651226,0.5999274,62.669598,0.0
2021-01-26 18:00:00,25.144562,19.271667,1012.8725,-3.2017012,-2.5210676,0.22893095,69.93471,0.0
2021-01-27 00:00:00,25.117706,18.404999,1011.2569,-2.3327732,-3.3372717,0.95789415,66.35561,0.0
2021-01-27 06:00:00,27.513275,18.899017,1013.965,-3.5592422,-3.8552551,0.86597115,59.41158,0.0029560179
2021-01-27 12:00:00,27.195526,19.336517,1010.9,-3.0268602,-3.9675016,0.69722694,62.201183,0.0
2021-01-27 18:00:00,26.092072,18.707245,1012.90625,-3.4654112,-3.5943003,0.67692584,63.823093,0.0
2021-01-28 00:00:00,25.647247,19.195892,1011.4306,-2.9474688,-3.7024822,0.78280747,67.55623,0.015735626
2021-01-28 06:00:00,27.44394,20.368835,1013.7725,-4.302267,-4.5834064,0.5728446,65.352745,0.0
2021-01-28 12:00:00,27.402557,20.854828,1010.8925,-4.4126987,-4.3692036,0.05783398,67.50294,0.0
2021-01-28 18:00:00,26.049408,20.554749,1013.02313,-4.466524,-4.000722,0.8260922,71.761024,0.000762986
2021-01-29 00:00:00,26.115631,20.279846,1011.58185,-3.0131655,-4.744994,0.8599876,70.27803,0.01182477
2021-01-29 06:00:00,27.80777,21.611145,1013.7975,-3.8682146,-5.1555386,0.9898066,69.05217,0.0
2021-01-29 12:00:00,27.032257,21.94516,1011.47876,-3.2710123,-5.497327,1.0000002,73.74981,0.12150407
2021-01-29 18:00:00,25.895172,22.232635,1013.15936,-3.1411486,-3.6618261,0.97721404,80.25896,0.48743188
2021-01-30 00:00:00,25.940094,21.8721,1011.32623,-2.3817635,-4.404093,0.7147945,78.3058,0.0
2021-01-30 06:00:00,27.769684,22.080536,1013.37,-4.161872,-4.602556,0.37149072,71.21783,0.0
2021-01-30 12:00:00,27.214386,22.09018,1010.23315,-3.7601147,-4.4805098,0.20698208,73.61375,0.0
2021-01-30 18:00:00,25.922882,21.42746,1013.0563,-3.8045616,-3.072219,0.31024045,76.283356,0.0
2021-01-31 00:00:00,25.932281,20.941254,1011.4288,-3.3056183,-3.1066923,0.48109066,74.0001,0.0028610812
2021-01-31 06:00:00,27.720062,21.462128,1013.4819,-3.9475431,-4.737095,0.6775202,68.776794,0.0005727052
2021-01-31 12:00:00,27.177643,22.07492,1011.0469,-3.4615726,-5.442787,0.12717737,73.703995,0.0
2021-01-31 18:00:00,26.288605,21.81485,1014.1669,-2.9568968,-5.149822,0.15527183,76.441,0.0009536743
2021-02-01 00:00:00,25.63736,21.901215,1013.09375,-2.4901896,-5.6988297,0.21326333,79.86538,0.0
2021-02-01 06:00:00,27.598297,21.777618,1015.7388,-3.4078941,-6.8038616,0.4329971,70.61752,0.011159107
2021-02-01 12:00:00,27.042938,21.761444,1012.46436,-4.3559465,-6.0387354,0.07758331,72.88158,0.0
2021-02-01 18:00:00,26.009125,21.273254,1015.35626,-4.120408,-5.2572117,0.26112032,75.18113,0.0
2021-02-02 00:00:00,25.819855,20.696869,1013.7125,-3.4164467,-5.6250973,0.3807989,73.382805,0.0047683716
2021-02-02 06:00:00,27.577057,21.34262,1015.45374,-3.6566677,-5.601166,0.18551148,68.84835,0.0
2021-02-02 12:00:00,27.012726,21.631256,1012.6794,-4.415262,-4.7977962,0.44849074,72.432365,0.0
2021-02-02 18:00:00,26.298126,21.19748,1014.83563,-4.2378464,-4.696645,0.25346726,73.564964,0.0
2021-02-03 00:00:00,25.675385,21.462646,1013.1044,-3.699689,-3.8100967,0.35115874,77.5776,0.0
2021-02-03 06:00:00,27.519318,20.982605,1015.47125,-4.7386217,-3.999034,0.19163102,67.57186,9.534415e-05
2021-02-03 12:00:00,26.85556,20.901886,1012.8038,-4.2000046,-4.676162,0.9295582,69.907036,0.0
2021-02-03 18:00:00,25.348907,19.874817,1014.93,-3.1982117,-4.9010687,0.9936585,71.72673,0.0
2021-02-04 00:00:00,25.03067,19.274109,1013.45374,-3.8714876,-3.7989817,0.5605334,70.421585,0.0
2021-02-04 06:00:00,27.23172,19.411987,1015.71,-4.2787895,-4.5980387,0.22111794,62.36138,0.0
2021-02-04 12:00:00,26.56369,19.180878,1012.3181,-4.560169,-4.826516,0.90642476,63.9328,0.0
2021-02-04 18:00:00,24.92276,19.460358,1014.20935,-3.176488,-3.9803638,0.13284126,71.70218,0.0
2021-02-05 00:00:00,24.444733,19.383575,1012.9313,-2.4671516,-3.6825542,0.49125183,73.42873,0.0
2021-02-05 06:00:00,26.877594,19.248627,1014.65,-2.3329973,-5.1119814,0.41489542,63.027702,0.0
2021-02-05 12:00:00,26.419342,19.61441,1011.1694,-4.47556,-4.5936365,0.2347356,66.24149,0.0
2021-02-05 18:00:00,25.446747,19.76712,1012.96436,-4.230504,-2.649373,0.45056775,70.836235,0.0
2021-02-06 00:00:00,24.819,19.595612,1011.1194,-0.75574493,-4.089965,0.637219,72.756424,0.0
2021-02-06 06:00:00,27.06424,20.833405,1013.5056,-2.8143682,-5.429269,0.74992037,68.764824,0.00047683716
2021-02-06 12:00:00,26.688995,20.018463,1010.4294,-3.3214092,-5.3975916,0.10140991,66.85089,0.0
2021-02-06 18:00:00,24.835724,20.303864,1012.71936,-2.6684837,-3.6786785,0.26576233,75.943054,0.0
2021-02-07 00:00:00,24.59317,19.917389,1011.52,-0.97079945,-5.231653,0.38487244,75.23146,0.00085821375
2021-02-07 06:00:00,26.957062,20.738434,1013.2494,-2.0563345,-6.488158,0.46105957,68.795815,0.0
2021-02-07 12:00:00,26.624542,20.600372,1010.7944,-3.656911,-5.8563385,0.10936737,69.560875,0.0
2021-02-07 18:00:00,25.402374,21.189362,1013.45123,-3.6172018,-6.183522,0.28285217,77.53586,0.0
2021-02-08 00:00:00,25.108429,20.730133,1012.1425,-3.3756838,-6.2956476,0.31697038,76.708176,0.0
2021-02-08 06:00:00,27.22696,20.105011,1014.2619,-3.9908056,-6.5774555,0.12816282,65.118546,0.0
2021-02-08 12:00:00,26.78482,20.227814,1012.1144,-4.1160526,-5.710306,0.13060427,67.3413,0.0
2021-02-08 18:00:00,25.30423,20.428802,1014.2525,-4.3474483,-4.018427,0.321819,74.424,0.0003813766
2021-02-09 00:00:00,25.036407,17.862701,1012.08124,-3.2044954,-4.015438,0.45680362,64.44534,0.0
2021-02-09 06:00:00,27.081573,17.374023,1013.8975,-3.6470928,-6.139264,0.9125363,55.36939,0.0
2021-02-09 12:00:00,26.038177,18.606842,1010.5481,-3.7928972,-5.8366785,0.8954346,63.626053,0.0
2021-02-09 18:00:00,24.638947,18.577057,1012.91187,-3.4946537,-4.122081,0.37044927,69.01849,0.0
2021-02-10 00:00:00,24.336945,17.792816,1011.40564,-2.8533745,-3.8916664,0.98641837,66.90138,0.0001906883
2021-02-10 06:00:00,26.484406,17.729645,1014.1394,-2.7865324,-3.9459448,0.80681396,58.65039,9.5460564e-05
2021-02-10 12:00:00,26.028656,17.424896,1010.4288,-3.3519392,-3.9405508,0.0012817383,59.103783,0.0
2021-02-10 18:00:00,24.074127,17.933563,1012.6475,-3.2251635,-2.379404,0.5710491,68.56895,0.0
2021-02-11 00:00:00,23.396759,17.360321,1010.48065,-1.8324013,-3.9959946,0.93632525,68.88762,0.0
2021-02-11 06:00:00,25.960358,17.750702,1013.1213,-3.3228264,-3.6892824,0.6434005,60.57502,0.0
2021-02-11 12:00:00,26.016266,17.740814,1010.0069,-3.6014328,-3.2184038,0.53836673,60.337334,0.0
2021-02-11 18:00:00,24.557648,16.952667,1012.3181,-2.6951742,-2.0115547,0.88234115,62.610794,0.0
2021-02-12 00:00:00,24.585358,16.891327,1011.2413,-1.2530851,-2.3759737,1.0,62.264538,0.0
2021-02-12 06:00:00,26.836395,16.635406,1013.34686,-2.082079,-3.4373941,0.9608758,53.605194,0.0017164275
2021-02-12 12:00:00,26.592133,18.643585,1010.77185,-2.6537542,-3.1863642,0.10557159,61.72046,0.0
2021-02-12 18:00:00,25.155304,18.3378,1013.2681,-2.8841944,-2.3007555,0.40112907,65.92888,0.0
2021-02-13 00:00:00,24.780792,18.70047,1011.9225,-0.5074692,-2.6243029,0.38154602,68.966385,0.0
2021-02-13 06:00:00,27.182892,20.008453,1014.2006,-0.5979271,-3.866087,0.059228934,64.898125,0.0
2021-02-13 12:00:00,26.810211,20.303864,1011.7319,-4.2369957,-3.4421644,0.037460327,67.55748,0.0
2021-02-13 18:00:00,25.400665,21.012238,1013.7569,-3.6406574,-1.9223976,0.009819031,76.705055,0.0
2021-02-14 00:00:00,24.539215,20.630768,1012.41626,-2.2214565,-1.9609709,0.1726369,78.87551,0.0
2021-02-14 06:00:00,27.209137,19.516266,1014.34686,-2.3918,-2.6527214,0.20377667,62.850105,0.0
2021-02-14 12:00:00,26.86905,20.034515,1011.4869,-3.3926458,-1.2280779,0.057264242,66.21217,0.0
2021-02-14 18:00:00,25.28189,20.521637,1013.32874,-4.075968,-1.208744,0.5597093,74.95099,0.0
2021-02-15 00:00:00,24.69394,20.837738,1011.96436,-1.1829576,-2.187337,0.8748692,79.15132,0.0
2021-02-15 06:00:00,27.295319,21.089386,1012.9625,-2.2531195,-3.5895424,0.5033417,68.91467,0.0
2021-02-15 12:00:00,26.47647,21.329376,1009.5619,-4.7903643,-0.9792814,0.0,73.38598,0.0
2021-02-15 18:00:00,25.428497,21.83139,1012.28375,-5.5764084,-0.0807724,0.039413452,80.51822,0.0
2021-02-16 00:00:00,24.779388,21.095062,1010.9306,-2.059391,-1.3800688,0.9576244,80.00359,0.003624009
2021-02-16 06:00:00,27.106476,20.74408,1012.9344,-2.3132648,-1.7778254,0.9479044,68.218506,0.0
2021-02-16 12:00:00,26.412628,20.64212,1009.4244,-4.234933,-0.50772095,0.8176894,70.616745,0.0
2021-02-16 18:00:00,25.284698,20.79654,1011.8269,-4.3500986,-0.6473852,0.0035648346,76.21829,0.0
2021-02-17 00:00:00,24.436188,20.41571,1010.2919,-2.811306,-1.2888641,0.123543575,78.31787,0.0
2021-02-17 06:00:00,27.204376,20.022003,1012.15936,-3.1912184,-2.8401012,0.2356182,64.87078,0.0
2021-02-17 12:00:00,26.53653,20.161469,1009.5594,-4.080571,-2.5397081,0.027888138,68.053505,0.0
2021-02-17 18:00:00,25.668243,19.827698,1012.03876,-4.712949,-1.7940311,0.019311711,70.173836,0.0
2021-02-18 00:00:00,25.470123,20.118164,1010.96686,-3.6135578,-1.9754934,0.54405636,72.2928,0.0001906883
2021-02-18 06:00:00,27.060944,20.853119,1013.6181,-4.677168,-2.3152332,0.69877756,68.861595,0.014494406
2021-02-18 12:00:00,26.805084,20.717377,1010.9319,-4.6251736,-3.6190615,0.13001706,69.32337,0.0
2021-02-18 18:00:00,25.679962,20.467346,1012.78,-3.6937628,-2.16885,0.05991189,72.95456,0.0
2021-02-19 00:00:00,24.912018,21.769806,1011.27,-3.011529,-2.9934883,0.2530204,82.72132,0.11501461
2021-02-19 06:00:00,26.178131,22.9003,1013.5631,-2.7138348,-3.9793262,0.3973412,82.19197,0.09545225
2021-02-19 12:00:00,27.067291,23.032715,1010.1094,-5.0849743,-4.1836042,0.42130452,78.62552,0.0
2021-02-19 18:00:00,24.626831,22.679596,1012.8675,-3.652666,-3.3406239,0.38878465,88.93399,0.22276807
2021-02-20 00:00:00,24.266327,22.320038,1011.1844,-1.4254103,-4.505661,0.3999071,88.91088,0.0
2021-02-20 06:00:00,26.601837,22.509857,1013.0056,-2.7388115,-3.8968163,0.6209277,78.2863,0.0
2021-02-20 12:00:00,25.833832,22.935455,1009.9025,-4.0504093,-5.2761126,0.37866122,84.06256,0.05198252
2021-02-20 18:00:00,25.272186,22.614075,1012.5594,-3.9475136,-2.8138018,0.45618868,85.236244,0.057016768
2021-02-21 00:00:00,24.111725,22.425385,1011.7356,-3.1023397,-3.145195,0.5758708,90.31597,0.2317502
2021-02-21 06:00:00,26.4971,22.814362,1013.97314,-3.7146797,-3.4217806,0.5414109,80.23997,0.0
2021-02-21 12:00:00,25.918488,23.119812,1011.33374,-3.9427633,-5.030573,0.68185794,84.5804,0.2256472
2021-02-21 18:00:00,24.671112,22.755768,1013.33,-3.695054,-4.072755,0.35940045,89.10966,0.13323873
2021-02-22 00:00:00,25.758392,22.191559,1012.3225,-2.3073063,-4.261139,0.479505,80.71001,0.0
2021-02-22 06:00:00,27.68753,22.57071,1014.2025,-3.6669044,-4.1910896,0.41110694,73.72634,0.001341626
2021-02-22 12:00:00,27.756378,23.275513,1010.78064,-4.0098314,-4.582287,0.09254876,76.632286,0.0
2021-02-22 18:00:00,26.230072,23.053253,1013.2537,-3.9414387,-3.5784492,0.3135144,82.7023,0.05569402
2021-02-23 00:00:00,25.511505,22.45987,1011.2125,-1.9844246,-2.8954191,0.6095882,83.24884,0.0
2021-02-23 06:00:00,27.709503,22.132233,1013.41565,-2.3255205,-4.345727,0.46684802,71.69414,0.0
2021-02-23 12:00:00,27.197052,22.401031,1009.6169,-4.373728,-3.6036358,0.16946322,75.096115,0.0
2021-02-23 18:00:00,26.084381,22.50299,1012.3475,-4.4007416,-2.8234234,0.82901627,80.68081,0.00047683716
2021-02-24 00:00:00,25.109894,21.799744,1010.32623,-1.611577,-2.6855726,0.5598909,81.90082,0.0076296274
2021-02-24 06:00:00,27.513214,21.170502,1013.0075,-2.9319687,-2.4394684,0.16686963,68.380424,0.0
2021-02-24 12:00:00,26.933258,21.652863,1009.3669,-3.981741,-1.9734383,0.0014953613,72.86757,0.0
2021-02-24 18:00:00,25.559052,22.015015,1012.07,-3.9646044,-0.6334286,0.033241272,80.79642,0.0
2021-02-25 00:00:00,24.776276,21.316895,1010.0275,-2.0847082,-1.4729004,0.68627816,81.11487,0.0
2021-02-25 06:00:00,27.613678,21.265533,1013.39813,-2.0235157,-1.1243677,0.28551894,68.377174,0.0
2021-02-25 12:00:00,27.041656,21.048126,1009.22,-3.9291506,-1.060709,0.5813564,69.770935,0.0
2021-02-25 18:00:00,25.271637,21.208588,1010.9919,-3.2401867,-0.061595976,0.0,78.23331,0.0
2021-02-26 00:00:00,24.216461,20.97464,1009.5662,-0.3374176,0.48487186,0.12538147,82.13495,0.0
2021-02-26 06:00:00,27.574738,20.573517,1011.67,-0.22121108,-0.76272774,0.013191223,65.67848,0.0
2021-02-26 12:00:00,27.266144,21.183746,1007.15564,-3.4046507,0.29029202,0.0,69.4336,0.0
2021-02-26 18:00:00,25.443512,21.773712,1010.0062,-3.4959812,1.3390154,0.0,80.16356,0.0
2021-02-27 00:00:00,24.275055,21.440521,1008.1819,0.009287834,1.1748041,0.14456177,84.21981,0.0
2021-02-27 06:00:00,27.756622,21.514557,1010.7388,-0.729743,1.3282726,0.08577347,68.85068,0.0
2021-02-27 12:00:00,27.271637,21.778107,1007.03125,-2.8868074,1.3081174,0.0,71.983376,0.0
2021-02-27 18:00:00,25.39444,21.749908,1009.6144,-3.291132,-0.31238556,0.047092438,80.28089,0.0
2021-02-28 00:00:00,24.82425,21.632965,1008.1287,-2.2922707,1.0966473,0.22564642,82.4632,0.0
2021-02-28 06:00:00,27.606964,21.570099,1011.415,-2.1946754,1.5808085,0.08634758,69.692024,0.0
2021-02-28 12:00:00,27.431793,21.556183,1008.02374,-3.0053434,0.3555857,0.0,70.35015,0.0
2021-02-28 18:00:00,25.265533,21.906708,1011.4888,-3.0292854,-0.9975147,0.010321379,81.67697,0.0
2021-03-01 00:00:00,24.882355,22.166779,1010.67,-2.4157677,-0.23024464,0.34523535,84.89881,0.0
2021-03-01 06:00:00,27.654083,21.939117,1014.07874,-2.1541834,0.43837124,0.110076904,71.0849,0.0
2021-03-01 12:00:00,27.5867,21.809235,1011.39374,-2.761734,1.4553297,0.0,70.802,0.0
2021-03-01 18:00:00,25.29953,22.176178,1014.0156,-2.4608536,1.3249738,0.00039100647,82.86201,0.0
2021-03-02 00:00:00,25.178009,22.197784,1011.6119,-2.3512707,0.87654877,0.57935584,83.57336,0.0
2021-03-02 06:00:00,27.644196,21.731476,1014.1881,-2.4581995,-0.39061207,0.013048172,70.23,0.0
2021-03-02 12:00:00,27.21231,21.219757,1011.13873,-3.9067144,-0.14381218,0.0004940033,69.80718,0.0
2021-03-02 18:00:00,25.372833,21.7883,1012.4969,-3.2395172,1.3058953,0.0,80.5728,0.0
2021-03-03 00:00:00,24.268219,20.574005,1010.14,-1.2446318,-1.3783503,0.0,79.88612,0.0
2021-03-03 06:00:00,27.62796,20.590485,1013.275,-3.295576,-0.99130726,0.005047798,65.542885,0.0
2021-03-03 12:00:00,27.236603,21.085602,1010.6725,-4.076208,-0.50595284,0.01423645,69.13623,0.0
2021-03-03 18:00:00,25.576874,21.723785,1012.2994,-4.018489,-0.74217415,0.16335297,79.288864,0.0
2021-03-04 00:00:00,25.320953,21.347382,1011.07935,-2.5126753,-0.08747673,0.58680445,78.67076,0.0054360135
2021-03-04 06:00:00,27.746735,19.980927,1013.53937,-2.9396572,-0.8601103,0.29260814,62.68403,0.0
2021-03-04 12:00:00,27.625275,20.553497,1010.58936,-4.04126,-1.0060816,0.014678955,65.40388,0.0
2021-03-04 18:00:00,26.116852,20.07138,1012.89435,-3.5070982,-1.7269516,0.11109924,69.37302,0.0
2021-03-05 00:00:00,25.88797,20.302826,1011.765,-2.47225,-1.485611,0.35382,71.33246,9.534415e-05
2021-03-05 06:00:00,28.577057,20.107208,1014.0563,-3.0446968,-1.9713869,0.29795364,60.193497,0.0
2021-03-05 12:00:00,28.243195,20.84726,1011.07935,-3.8757467,-0.9421778,0.0,64.23987,0.0
2021-03-05 18:00:00,26.266449,21.167114,1013.5538,-2.7677355,-1.0044794,0.7879195,73.56555,0.0
2021-03-06 00:00:00,25.5065,21.21289,1011.83624,-1.1290398,-1.1316996,0.517412,77.16895,0.0
2021-03-06 06:00:00,28.78897,21.24112,1014.2463,-1.7648449,-1.7042513,0.018035889,63.759125,0.0
2021-03-06 12:00:00,28.188019,22.192535,1009.8256,-4.5411177,-0.8033571,0.0,69.977165,0.0
2021-03-06 18:00:00,26.379425,22.900238,1012.91,-3.4509954,1.9429286,0.0051636696,81.22038,0.0
2021-03-07 00:00:00,25.795074,22.79544,1010.6044,-0.9465256,0.37411213,0.2987376,83.5442,0.0
2021-03-07 06:00:00,28.826324,22.468658,1013.0569,-1.6158218,-1.8967123,0.16099548,68.57201,0.0
2021-03-07 12:00:00,28.605011,22.790924,1009.3013,-4.3861084,-1.0125856,0.0,70.829796,0.0
2021-03-07 18:00:00,27.18039,23.706238,1012.29565,-4.03771,-0.0796442,0.002380371,81.34577,0.0
2021-03-08 00:00:00,26.518951,23.329681,1010.6725,-2.792139,-1.6267948,0.2243309,82.67397,0.00686571
2021-03-08 06:00:00,29.170074,22.846039,1013.51624,-3.4549236,-3.2147512,0.10540713,68.77815,0.01430884
2021-03-08 12:00:00,28.413605,23.57669,1009.90314,-4.9346895,-2.7634192,0.1381353,75.10516,0.0
2021-03-08 18:00:00,27.581268,23.492523,1012.9319,-3.6812544,-1.7650404,0.26500714,78.44126,0.009821728
2021-03-09 00:00:00,27.003387,23.177704,1010.9894,-3.8132257,-1.723918,0.31515276,79.616165,0.056935474
2021-03-09 06:00:00,29.256012,23.088898,1013.88873,-4.871977,-1.8116951,0.09359693,69.45101,0.0
2021-03-09 12:00:00,28.132965,23.949127,1010.8219,-4.771405,-1.2605925,0.013763115,78.07207,0.0017164275
2021-03-09 18:00:00,27.415558,24.142975,1013.8894,-4.1520805,-0.9966974,0.18772884,82.366104,0.01087226
2021-03-10 00:00:00,26.627228,23.948639,1011.5037,-2.9662676,-1.6772537,0.37024593,85.26854,0.047682784
2021-03-10 06:00:00,29.128693,24.452545,1013.71936,-4.006686,-2.6720257,0.2030434,75.94701,0.013541549
2021-03-10 12:00:00,28.530914,23.924225,1010.3175,-5.5186214,-0.13268054,0.27367687,76.171555,0.0
2021-03-10 18:00:00,27.050873,23.665985,1013.4444,-3.4355583,1.1834294,0.2384286,81.76805,0.0500679
2021-03-11 00:00:00,26.43628,23.425476,1011.15063,-2.6694956,0.8112275,0.35360736,83.5597,0.0
2021-03-11 06:00:00,29.178009,23.289764,1013.7294,-3.9539385,-1.1590271,0.08293274,70.61686,0.0
2021-03-11 12:00:00,28.711945,22.991852,1010.265,-4.79646,-0.4662962,0.0023651123,71.25358,0.0
2021-03-11 18:00:00,26.846771,23.443329,1014.0825,-3.6703138,0.18117839,0.22074062,81.651566,0.0
2021-03-12 00:00:00,26.062714,22.143646,1012.1969,-1.5507193,-0.0031900406,0.34198713,79.037544,0.0
2021-03-12 06:00:00,28.602692,21.880402,1015.39124,-3.9267998,-0.86066914,0.4029141,67.022705,0.0
2021-03-12 12:00:00,28.179108,21.880646,1011.8819,-5.0816813,-1.8746529,0.0,68.69486,0.0
2021-03-12 18:00:00,26.69754,21.963623,1014.03625,-4.402917,-1.259696,0.015247345,75.30049,0.0
2021-03-13 00:00:00,26.360626,22.450531,1011.6756,-3.4103813,0.1306982,0.09815019,79.12207,0.0
2021-03-13 06:00:00,29.029083,22.178986,1014.66565,-3.4204254,-2.2455091,0.5187501,66.58779,0.009728596
2021-03-13 12:00:00,28.677399,22.066742,1010.8187,-4.432109,-3.3473291,0.0070266724,67.49551,0.0
2021-03-13 18:00:00,27.230621,22.410553,1013.01624,-4.330696,-2.8139286,0.019439697,74.991806,0.0
2021-03-14 00:00:00,26.572906,22.351715,1010.95123,-3.3324203,-1.9384041,0.4379368,77.66969,0.0
2021-03-14 06:00:00,29.518219,22.468597,1012.7631,-3.6144981,-1.9335794,0.038208824,65.88319,0.00028614886
2021-03-14 12:00:00,28.66275,22.354645,1009.0644,-3.7747412,-2.0967665,0.32830048,68.74742,0.0
2021-03-14 18:00:00,26.795013,22.660553,1011.6206,-3.1790009,-1.0637808,0.0009884834,78.11239,0.0
2021-03-15 00:00:00,26.266266,22.80899,1009.52124,-1.6626043,-2.5349207,0.12727492,81.314,0.0
2021-03-15 06:00:00,29.124786,21.552887,1012.24,-3.1520023,-1.8173132,0.06588745,63.737106,0.0
2021-03-15 12:00:00,28.515411,21.702057,1008.73126,-4.1965485,-0.9656801,0.0,66.633484,0.0
2021-03-15 18:00:00,26.718414,22.964508,1011.1244,-3.7402802,-1.8409624,0.0034484863,79.92418,0.0
2021-03-16 00:00:00,26.100311,23.228607,1009.64874,-2.6613922,-0.68186665,0.5923069,84.22726,0.0
2021-03-16 06:00:00,28.783234,22.539093,1012.3094,-3.262745,-1.4316559,0.4419108,69.03827,0.0
2021-03-16 12:00:00,28.467316,22.231842,1008.6319,-3.6634598,-1.4354229,0.3734131,69.01443,0.0
2021-03-16 18:00:00,26.289642,23.027496,1011.0106,-3.1878967,-0.7937708,0.006412506,82.28346,0.0
2021-03-17 00:00:00,25.900055,23.275177,1008.3906,-1.6530399,-1.2639027,0.9080715,85.47149,0.0
2021-03-17 06:00:00,28.5513,22.673126,1011.4275,-2.8704014,0.4098056,0.913725,70.545265,0.0
2021-03-17 12:00:00,28.30606,22.642242,1007.8194,-3.6889572,-1.0229158,0.155751,71.4241,0.0
2021-03-17 18:00:00,26.762299,23.29132,1010.5975,-3.7132053,-0.26663876,0.20907593,81.30892,0.0
2021-03-18 00:00:00,26.360626,23.333801,1008.59125,-1.2845087,-2.084899,0.9986157,83.47047,0.011825701
2021-03-18 06:00:00,28.70633,22.36081,1011.64624,-3.199954,-1.278141,0.6428705,68.599525,0.0
2021-03-18 12:00:00,28.289703,21.917511,1008.47626,-4.177125,-1.0530071,0.99367946,68.40776,0.0
2021-03-18 18:00:00,26.360626,21.190857,1010.4269,-3.4955406,-0.88478565,0.8649529,73.26428,0.0
2021-03-19 00:00:00,25.679962,21.566284,1009.34186,-2.3385935,-0.94180584,0.9601052,78.05002,0.0
2021-03-19 06:00:00,29.105255,21.223297,1011.26373,-2.7224379,-1.1829042,0.73823833,62.533665,0.0
2021-03-19 12:00:00,28.876984,21.484283,1008.01,-4.221237,0.05514145,0.30694067,64.38698,0.0
2021-03-19 18:00:00,26.891815,22.07489,1009.6981,-2.967575,0.20675069,0.8453065,74.95149,0.0
2021-03-20 00:00:00,27.087006,22.775269,1008.3781,-0.9440241,0.2577238,0.17347705,77.31954,0.0
2021-03-20 06:00:00,29.368439,22.364655,1010.2406,-2.1314106,0.41748083,0.1819905,66.03641,0.011255033
2021-03-20 12:00:00,28.96463,22.862701,1006.28815,-3.912774,-0.012752533,0.67638934,69.670784,0.0
2021-03-20 18:00:00,27.245026,23.514496,1008.64685,-3.1237411,0.702601,0.9847256,80.10724,0.0
2021-03-21 00:00:00,26.919952,23.561005,1007.48,-0.3162079,1.0011997,0.55575,81.87989,0.0013351673
2021-03-21 06:00:00,29.664703,23.34134,1009.52185,-1.6783075,0.013028026,0.13469745,68.87542,0.0
2021-03-21 12:00:00,29.173248,23.341583,1005.78876,-4.6703577,-1.1860838,0.08201373,70.857635,0.0
2021-03-21 18:00:00,27.282867,23.630463,1009.58185,-3.6940393,0.8144533,0.18513894,80.49025,0.0
2021-03-22 00:00:00,26.640808,23.427185,1008.22064,-0.54899025,-0.19056988,0.4076584,82.56689,0.0038146973
2021-03-22 06:00:00,29.361237,23.104279,1011.41565,-2.2754526,-1.2672377,0.32242757,69.09448,0.0
2021-03-22 12:00:00,28.941193,22.589874,1007.925,-4.3884287,-0.56396294,0.0,68.62056,0.0
2021-03-22 18:00:00,27.372284,23.562561,1010.92,-3.7979565,0.43510228,0.0657959,79.742714,0.0
2021-03-23 00:00:00,26.519867,23.4375,1009.3638,-1.533021,-0.92088795,0.96407807,83.20919,0.0
2021-03-23 06:00:00,29.279205,23.14914,1011.7581,-3.0715866,-0.91782093,0.9424025,69.61112,0.0
2021-03-23 12:00:00,29.062775,22.736115,1008.49,-4.354414,-1.5526037,0.029315135,68.74666,0.0
2021-03-23 18:00:00,27.687408,23.21643,1011.6294,-3.970952,-1.23458,0.05486679,76.66761,0.0
2021-03-24 00:00:00,27.322174,23.326263,1009.9394,-2.8780174,-1.3659697,0.3411947,78.84529,0.0003815003
2021-03-24 06:00:00,29.798859,22.869843,1012.0631,-3.4338932,-1.7280045,0.21828634,66.424255,0.0
2021-03-24 12:00:00,29.37918,23.091583,1007.58936,-4.066124,-0.816555,0.7020001,68.969986,0.0
2021-03-24 18:00:00,27.901855,24.431,1010.4975,-3.099084,-1.168293,0.48305398,81.45177,0.0
2021-03-25 00:00:00,27.058136,24.491669,1008.3675,-1.0264549,-0.56625843,0.76178366,85.88673,0.0
2021-03-25 06:00:00,29.375397,23.832428,1011.35376,-2.9700327,-1.1423807,0.92494315,72.13733,0.0
2021-03-25 12:00:00,28.685822,23.060455,1007.1919,-2.989338,0.24518394,0.94604987,71.6585,0.0
2021-03-25 18:00:00,27.6651,23.505768,1009.7006,-2.8030834,-0.100976944,0.98507696,78.12004,0.0
2021-03-26 00:00:00,27.483612,23.96994,1007.8975,-3.9367285,0.2677126,0.99099356,81.19066,0.0
2021-03-26 06:00:00,29.854889,23.8862,1010.41376,-2.8759012,-1.0498714,0.12459993,70.39883,0.0
2021-03-26 12:00:00,29.667511,23.358917,1006.46,-3.75379,-1.253438,0.09511173,68.937386,0.0
2021-03-26 18:00:00,28.23825,24.931183,1009.54,-3.712247,0.027129829,0.90467876,82.294106,0.0
2021-03-27 00:00:00,27.691742,24.647491,1007.1962,-2.3077917,1.3418617,0.9935488,83.53231,0.0
2021-03-27 06:00:00,30.199738,24.121368,1009.9725,-3.4924316,-0.019105434,0.7150332,69.99978,0.0
2021-03-27 12:00:00,29.53189,24.107697,1006.3119,-3.6824198,0.13857615,0.4052434,72.68121,0.0
2021-03-27 18:00:00,27.89389,24.542084,1009.7925,-1.9138737,0.9819708,0.91733336,82.03323,0.0
2021-03-28 00:00:00,27.630676,24.435944,1007.46063,-0.13538498,2.6444128,0.8008978,82.77671,0.0019073486
2021-03-28 06:00:00,30.165558,24.214508,1009.34436,-1.2257509,1.60018,0.6520129,70.53022,0.022698194
2021-03-28 12:00:00,29.714142,24.88504,1005.1131,-3.3134947,2.7543044,0.9652447,75.34698,0.0
2021-03-28 18:00:00,28.284485,25.01535,1009.4306,-1.1001406,3.6520996,0.37159598,82.48592,0.0
2021-03-29 00:00:00,27.694244,24.794952,1007.8781,1.5047274,3.78625,0.28585687,84.25917,0.073146075
2021-03-29 06:00:00,30.605743,24.25296,1009.69,-0.114459455,2.8217726,0.026356662,68.93238,0.0
2021-03-29 12:00:00,29.905914,24.414825,1005.2875,-0.7505989,4.9200444,0.16143316,72.45465,0.0
2021-03-29 18:00:00,28.61383,25.167938,1009.1094,1.8080506,6.596588,0.30588377,81.66116,0.0
2021-03-30 00:00:00,28.079437,24.454071,1007.0175,3.0763848,3.8108451,0.2116127,80.72408,0.00066752546
2021-03-30 06:00:00,32.438873,22.228119,1007.8113,0.94004595,1.4859129,0.62139505,54.96149,0.0
2021-03-30 12:00:00,30.174713,25.292633,1003.0056,-2.670374,4.328374,0.0074350797,75.1822,0.0
2021-03-30 18:00:00,28.91977,25.929108,1006.0144,0.18323994,4.353135,0.73858947,83.93457,0.0
2021-03-31 00:00:00,27.89328,25.77951,1004.59314,3.525832,4.358797,0.1944809,88.30973,0.0011442462
2021-03-31 06:00:00,32.023834,23.904694,1006.4225,1.4849498,5.0930223,0.28919715,62.272186,0.0
2021-03-31 12:00:00,30.65689,25.547516,1002.28375,1.1049213,7.741661,0.0,74.25036,0.0
2021-03-31 18:00:00,28.79303,26.107574,1005.1181,2.2898335,7.5967417,0.026894215,85.450836,0.0
2021-04-01 00:00:00,28.179321,25.863678,1004.4244,3.3545055,4.4683337,0.27958202,87.28364,0.0
2021-04-01 06:00:00,31.93985,25.511688,1005.6987,0.2839141,5.091162,0.25959232,68.87504,0.0
2021-04-01 12:00:00,30.433014,26.272614,1002.6181,1.4924955,8.489036,0.013633728,78.50755,0.0
2021-04-01 18:00:00,28.975739,26.831879,1005.95435,3.0508022,6.9419174,0.13471334,88.24101,0.0
2021-04-02 00:00:00,28.41037,26.36612,1004.70685,3.717826,3.7448087,0.5,88.71502,0.0
2021-04-02 06:00:00,32.275787,23.50235,1006.02814,0.77397054,3.7529347,0.10526276,59.92185,0.0
2021-04-02 12:00:00,30.69571,25.986969,1002.665,-0.08770561,7.271694,0.091310404,76.041176,0.0
2021-04-02 18:00:00,29.051788,25.751617,1005.3775,1.6720684,7.919174,0.016296387,82.4242,0.0
2021-04-03 00:00:00,28.649353,26.003082,1004.84125,3.0784607,5.270316,0.27388215,85.634926,0.0
2021-04-03 06:00:00,32.57779,24.314728,1006.84814,1.3332992,4.098796,0.2267873,61.857025,0.0
2021-04-03 12:00:00,30.385406,26.04068,1003.71814,0.2643795,7.8054724,0.3092804,77.65008,0.0
2021-04-03 18:00:00,28.765747,25.654999,1006.7325,1.4427917,7.3270187,0.030731201,83.32228,0.0
2021-04-04 00:00:00,28.200226,25.805328,1006.2025,1.4977524,2.938816,0.08075454,86.87659,0.00028603245
2021-04-04 06:00:00,31.768951,25.202423,1007.98126,-0.8448839,1.9135609,0.024585724,68.278244,0.0
2021-04-04 12:00:00,30.323639,26.5253,1004.1962,-1.5283384,4.810811,0.08509827,80.18783,0.0
2021-04-04 18:00:00,29.227753,25.957794,1007.6912,0.4658928,4.225445,0.07557848,82.59251,0.0
2021-04-05 00:00:00,28.219543,25.99759,1007.8831,-0.2009821,2.4413862,0.054119352,87.772675,0.00057183206
2021-04-05 06:00:00,30.596466,25.043243,1009.47,-3.1431875,1.2423639,0.042312622,72.30542,0.0
2021-04-05 12:00:00,29.795807,25.857208,1005.54565,-4.9478893,0.38321114,0.0,79.45616,0.0
2021-04-05 18:00:00,28.414581,26.26059,1008.9481,-4.3320684,-0.56783676,0.26355842,88.14241,0.0151633285
2021-04-06 00:00:00,27.818298,24.953796,1008.8131,-2.4287872,0.72185904,0.64869606,84.44752,0.0
2021-04-06 06:00:00,29.771637,24.084442,1011.21875,-3.032734,0.007788658,0.09571047,71.58434,0.0
2021-04-06 12:00:00,29.77237,23.313263,1008.065,-3.7635136,-0.6558151,0.0,68.33383,0.0
2021-04-06 18:00:00,27.82492,23.863434,1009.9319,-3.1761227,-1.0550232,0.0,79.07889,0.0
2021-04-07 00:00:00,27.275604,24.00943,1009.95935,-3.1881113,1.2074146,0.09604806,82.38119,0.000381493
2021-04-07 06:00:00,30.460846,23.25357,1012.435,-2.8745403,0.5827324,0.06972288,65.449234,0.0
2021-04-07 12:00:00,29.860992,23.321075,1008.4169,-4.219796,2.1380956,0.8573692,68.01837,0.0
2021-04-07 18:00:00,27.743683,24.319244,1010.3244,-3.2155943,2.4916537,0.19029236,81.659,0.0
2021-04-08 00:00:00,26.682648,24.056976,1008.7619,0.07466221,2.3505313,0.6228185,85.54558,0.0009536743
2021-04-08 06:00:00,30.178009,23.172455,1010.5594,-1.6289749,2.6218586,0.10643673,66.19381,0.0
2021-04-08 12:00:00,29.638336,23.51236,1006.0006,-3.7435884,2.793722,0.063430786,69.69547,0.0
2021-04-08 18:00:00,28.35675,23.624725,1008.71063,-2.8524637,3.6013088,0.5099314,75.572235,0.0
2021-04-09 00:00:00,27.728485,24.193756,1007.7594,-0.27609062,3.3293471,0.37253845,81.11893,0.0042915344
2021-04-09 06:00:00,30.36612,23.204742,1009.9225,-2.474948,2.4757822,0.0666759,65.61151,0.0
2021-04-09 12:00:00,29.608917,23.669342,1005.94,-4.145194,1.5187917,0.28426188,70.4772,0.0
2021-04-09 18:00:00,28.28659,24.216461,1009.0525,-2.9919329,2.8136535,0.0029678345,78.628716,0.0
2021-04-10 00:00:00,27.469666,24.112854,1008.38,-2.100832,2.902144,0.24187976,81.95731,0.06017266
2021-04-10 06:00:00,29.64737,24.464996,1011.23315,-2.980463,1.9311732,0.25640613,73.76205,0.012972269
2021-04-10 12:00:00,29.641876,23.677704,1008.0531,-3.911481,0.9769589,0.00857557,70.37893,0.0
2021-04-10 18:00:00,28.115051,24.388031,1011.09375,-2.8267288,1.9032027,0.2247467,80.2388,0.00047683716
2021-04-11 00:00:00,26.912628,24.062592,1010.07623,-1.7741413,1.1658957,0.22018284,84.424416,0.08621067
2021-04-11 06:00:00,29.634674,24.123016,1012.3669,-3.3489819,0.8498043,0.24048084,72.31838,0.0
2021-04-11 12:00:00,28.876862,24.319916,1009.24,-4.5433273,-0.79572487,0.26775342,76.452354,0.0
2021-04-11 18:00:00,28.170685,24.713196,1012.03314,-2.9738169,1.182767,0.8289572,81.55023,0.00667572
2021-04-12 00:00:00,26.75174,24.510773,1010.3794,-1.7090139,2.2706876,0.60454893,87.54768,0.89405954
2021-04-12 06:00:00,28.495514,24.161896,1013.0925,-1.7234449,0.89555204,0.4097883,77.425545,0.0
2021-04-12 12:00:00,28.503021,24.867249,1008.90564,-3.3962126,1.242985,0.9542878,80.728226,0.0
2021-04-12 18:00:00,27.979614,25.056671,1012.2587,-2.0810108,1.1134973,0.97069776,84.17098,0.011825934
2021-04-13 00:00:00,26.418213,24.516266,1010.6344,-0.36840916,1.5010221,0.81935805,89.31458,0.28762782
2021-04-13 06:00:00,29.045685,24.22055,1012.63,-2.646327,0.7787223,0.93583024,75.259056,0.0
2021-04-13 12:00:00,29.268097,24.508026,1008.1869,-3.626772,1.1568985,0.8689184,75.58811,0.0
2021-04-13 18:00:00,28.085724,25.108002,1011.5062,-2.2629757,1.9539156,0.9865478,83.90818,0.033946708
2021-04-14 00:00:00,27.528717,24.558716,1009.52374,-1.3221064,1.9506164,0.52370965,83.88594,0.26076847
2021-04-14 06:00:00,29.641388,24.031342,1011.5925,-0.8325186,2.7853527,0.9983292,71.893654,0.0
2021-04-14 12:00:00,28.865692,24.069244,1007.9462,-3.4292068,1.8383713,0.93995976,75.36018,0.0
2021-04-14 18:00:00,27.955963,24.811676,1010.59125,-1.5337105,3.6374922,0.9680906,83.06435,0.025403442
2021-04-15 00:00:00,26.711151,24.172363,1009.45123,2.0988705,2.6550627,1.0,85.99566,0.0
2021-04-15 06:00:00,28.320343,24.15268,1011.64,-0.19281083,-0.5593376,0.98694086,78.17478,0.021839075
2021-04-15 12:00:00,27.573395,24.531158,1007.4825,-3.0461273,1.0874071,0.9514289,83.52914,0.26642492
2021-04-15 18:00:00,26.10788,23.895996,1010.5481,-0.28794003,2.540751,0.9408647,87.644844,2.5363688
2021-04-16 00:00:00,26.305206,23.773254,1008.46686,2.28876,1.1367733,0.99088144,85.991684,0.0
2021-04-16 06:00:00,29.770782,24.667633,1010.40063,0.82694846,3.325933,0.9995051,74.13288,0.018119458
2021-04-16 12:00:00,29.509674,24.965118,1006.9794,-1.8248234,4.957353,0.8950539,76.60502,0.0
2021-04-16 18:00:00,28.666962,25.229645,1010.1863,1.0258961,4.743679,0.92771655,81.70939,0.007338822
2021-04-17 00:00:00,27.961212,25.149414,1008.60626,3.018591,2.579332,0.9885119,84.72826,0.003721565
2021-04-17 06:00:00,31.44217,24.415741,1010.66437,0.33027375,2.5856063,0.909762,66.36555,0.0
2021-04-17 12:00:00,30.652008,25.759186,1007.17377,-1.6324558,4.8785086,0.6980383,75.20974,0.0
2021-04-17 18:00:00,29.254456,25.918304,1010.9244,0.47050673,5.7850037,0.82698166,82.272575,0.0
2021-04-18 00:00:00,28.563232,25.693024,1010.5481,1.8653321,3.3918185,0.53630835,84.49754,0.016307458
2021-04-18 06:00:00,31.642242,24.690643,1011.7081,0.30646276,3.6266522,0.08836119,66.7034,0.0
2021-04-18 12:00:00,30.433136,26.175812,1008.2413,0.01099205,6.3185,0.020843506,78.059296,0.0
2021-04-18 18:00:00,29.016663,26.088287,1010.695,2.2983336,6.085165,0.99822265,84.25495,0.0
2021-04-19 00:00:00,28.648834,25.461884,1008.65314,2.9537952,4.353626,0.95873874,82.93289,0.0011441298
2021-04-19 06:00:00,32.068756,23.972015,1009.8013,1.1336346,3.5040534,0.3786595,62.36586,0.0014309771
2021-04-19 12:00:00,30.694489,25.896027,1005.76935,-0.34241486,6.4408,0.019241333,75.63814,0.0
2021-04-19 18:00:00,29.369781,26.210907,1008.52563,0.8998075,6.661875,0.1716268,83.153305,0.0
2021-04-20 00:00:00,28.713715,25.912506,1007.33374,2.5307412,3.9265895,0.7251273,84.859535,0.011920929
2021-04-20 06:00:00,31.667023,24.888458,1008.8475,0.5343343,2.7810159,0.7378204,67.401146,0.0
2021-04-20 12:00:00,30.378693,26.15628,1005.375,-1.2163582,5.3932343,0.92972696,78.212814,0.0
2021-04-20 18:00:00,29.337189,26.388397,1008.4338,-0.12839031,5.5062656,0.95278203,84.187645,0.0
2021-04-21 00:00:00,28.765137,25.889069,1008.6675,1.6871687,4.090029,0.38359237,84.48948,0.014496036
2021-04-21 06:00:00,31.561554,24.755524,1010.4481,-1.3511295,3.1433287,0.071456395,67.27002,0.0
2021-04-21 12:00:00,30.724396,25.347687,1006.9025,-2.9704142,4.8559,0.025772095,73.09127,0.0
2021-04-21 18:00:00,29.518158,26.020966,1009.90186,0.63803315,6.6260424,0.5795775,81.52377,0.0003813766
2021-04-22 00:00:00,28.431976,25.605225,1009.01373,2.0797522,2.7192998,0.30988154,84.70197,0.011442695
2021-04-22 06:00:00,31.554596,24.621796,1010.3187,-1.7966537,2.5920718,0.09905666,66.76095,0.0
2021-04-22 12:00:00,30.390411,25.147125,1007.23315,-2.1915798,5.304571,0.084108934,73.61769,0.0
2021-04-22 18:00:00,29.402832,25.75772,1009.97,0.7599564,5.7733593,0.84852713,80.79827,0.0
2021-04-23 00:00:00,28.860413,25.53238,1009.2475,1.5396891,3.6035595,0.6142204,82.26538,0.0
2021-04-23 06:00:00,32.08914,24.200531,1009.9331,-0.07568854,2.7256653,0.94599444,63.1544,0.0020982698
2021-04-23 12:00:00,30.632965,25.764313,1005.84186,-2.1035194,4.9526434,0.80428797,75.31459,0.0
2021-04-23 18:00:00,29.483185,25.91214,1009.5656,0.094260216,4.711848,0.99526596,81.163826,0.0
2021-04-24 00:00:00,28.330902,25.56009,1008.56,1.7489862,2.9909906,0.9398752,84.973236,0.09498559
2021-04-24 06:00:00,31.354034,24.421478,1009.09436,-1.3625641,2.6575003,0.8970061,66.72196,0.0
2021-04-24 12:00:00,30.342438,25.364777,1005.90814,-3.7007017,3.2731152,0.7820288,74.782684,0.0
2021-04-24 18:00:00,29.058685,25.583344,1009.3869,-2.836134,2.7794695,0.044807434,81.57288,0.0
2021-04-25 00:00:00,27.921692,25.220825,1008.1425,-1.0147657,2.6194181,0.2787279,85.28564,0.12960285
2021-04-25 06:00:00,30.251007,24.868073,1009.89813,-1.498374,3.579464,0.17116266,72.98395,0.0
2021-04-25 12:00:00,30.35025,25.336578,1006.0925,-2.1697063,3.3098521,0.045043945,74.62396,0.0
2021-04-25 18:00:00,29.093994,25.447357,1008.64874,-2.8388996,3.2722054,0.538906,80.75157,0.0
2021-04-26 00:00:00,28.565277,25.583252,1007.6744,-0.35097694,3.5880628,0.5405721,83.93901,0.15134676
2021-04-26 06:00:00,30.526154,25.053131,1009.5175,-1.6437912,3.9310758,0.1602242,72.63972,0.0
2021-04-26 12:00:00,30.137115,25.644012,1005.71875,-2.2799196,3.2575827,0.22995237,76.9341,0.0
2021-04-26 18:00:00,29.539124,25.739532,1008.7475,-1.0150928,5.1120596,0.33024502,80.07915,0.0
2021-04-27 00:00:00,28.319305,25.469452,1007.85565,1.6907973,3.1168153,0.12631577,84.57406,0.029752497
2021-04-27 06:00:00,30.720123,25.350128,1009.7525,-0.49070835,3.628569,0.089216605,73.11973,0.018317252
2021-04-27 12:00:00,30.295563,25.905182,1006.42126,-0.6859751,4.679413,0.075180754,77.42747,0.0
2021-04-27 18:00:00,29.45102,26.291412,1009.6962,0.32888317,5.635048,0.03480634,83.158905,0.0
2021-04-28 00:00:00,28.66507,25.99356,1009.2644,1.1342129,4.276517,0.14666387,85.508675,0.01020357
2021-04-28 06:00:00,31.638947,25.03946,1010.3244,-0.7503462,3.7712421,0.06927052,68.119354,0.0
2021-04-28 12:00:00,30.783356,26.122711,1005.9338,-1.0878553,5.0412865,0.010421753,76.27125,0.0
2021-04-28 18:00:00,29.706146,26.310883,1009.45435,0.2585101,5.9295263,0.023402136,82.0393,0.0
2021-04-29 00:00:00,29.243073,26.295227,1008.4525,2.0115454,3.3683329,0.18745881,84.18227,0.011824071
2021-04-29 06:00:00,31.563873,25.262115,1009.68,-1.2525911,3.1261592,0.3620913,69.32357,0.0
2021-04-29 12:00:00,30.741364,26.51944,1005.6794,-1.6675386,5.1298857,0.109212324,78.26636,0.0
2021-04-29 18:00:00,29.88266,26.36737,1008.3081,-0.13515377,5.9559135,0.8793118,81.48148,0.0
2021-04-30 00:00:00,28.63028,25.656952,1007.3819,0.26828396,2.1897087,0.23096192,83.9894,0.11348352
2021-04-30 06:00:00,29.879059,25.940582,1009.4456,-3.8197632,3.0357857,0.30756295,79.46798,0.0
2021-04-30 12:00:00,30.270905,25.647736,1005.5469,-3.1218958,1.6009173,0.055763245,76.3627,0.0
2021-04-30 18:00:00,29.00824,25.920258,1008.1925,-2.1860132,2.318925,0.33930147,83.46197,0.0020973384
2021-05-01 00:00:00,27.950684,25.480042,1007.5119,-0.5811987,1.5312182,0.8092715,86.46413,0.13465837
2021-05-01 06:00:00,29.930573,25.479889,1009.3231,-3.2477531,2.4789596,0.79650736,77.097404,0.0
2021-05-01 12:00:00,30.700348,24.985718,1006.0175,-3.275795,2.3192177,0.31405783,71.63109,0.0
2021-05-01 18:00:00,29.157318,25.336609,1009.15686,-2.0297241,2.5752964,0.8901382,79.92847,0.038340688
2021-05-02 00:00:00,27.736969,24.98877,1008.0669,0.3797493,2.118155,0.92549896,85.02678,0.077433884
2021-05-02 06:00:00,30.215485,24.635773,1009.8025,-2.9316778,1.2496735,0.43249375,72.125046,0.0
2021-05-02 12:00:00,29.958282,25.375702,1005.91376,-4.156205,1.2784463,0.78400564,76.49954,0.0
2021-05-02 18:00:00,28.914978,25.519928,1008.35187,-2.8117456,1.5607244,0.9644448,81.94514,0.08345538
2021-05-03 00:00:00,27.64563,25.034302,1007.6725,-1.8351669,2.6217191,0.88969994,85.71421,0.2781063
2021-05-03 06:00:00,30.158112,24.449585,1009.4,-2.2925072,1.6650507,0.95661014,71.56132,0.0
2021-05-03 12:00:00,29.95108,24.795746,1005.39874,-4.302723,1.4690778,0.7889061,73.93176,0.0
2021-05-03 18:00:00,28.82486,25.255768,1008.3875,-1.7582903,2.4814854,0.9986161,81.09061,0.056549907
2021-05-04 00:00:00,27.104279,24.890717,1007.4888,0.72936547,2.9612436,0.8310167,87.72154,0.13455749
2021-05-04 06:00:00,29.950226,24.31659,1009.1669,-1.617198,2.6098118,0.9558832,71.84627,0.0
2021-05-04 12:00:00,29.885284,24.619873,1005.3219,-3.691289,3.8062096,0.83705395,73.43618,0.0
2021-05-04 18:00:00,28.938568,24.937012,1008.85876,-0.15616035,3.498725,0.9553415,79.042725,0.00028684735
2021-05-05 00:00:00,28.353577,24.472443,1006.6881,-0.34348202,1.4433578,0.9694993,79.53342,0.016594306
2021-05-05 06:00:00,30.601593,24.711578,1008.8281,-2.8767405,0.51681453,0.8208724,70.86758,0.035861444
2021-05-05 12:00:00,30.121368,25.091644,1005.43,-4.6628084,1.670495,0.9493256,74.515724,0.0
2021-05-05 18:00:00,29.132996,25.161469,1008.9775,-2.2108994,1.7583995,0.7745295,79.21098,0.0
2021-05-06 00:00:00,28.773132,24.938995,1007.445,-2.63346,2.5489929,0.79866457,79.81348,0.107954726
2021-05-06 06:00:00,30.003448,25.159393,1010.2356,-3.7917385,1.8595395,0.16923523,75.32545,0.08535451
2021-05-06 12:00:00,30.185333,25.577057,1006.3025,-3.836029,0.81823295,0.0926618,76.417244,0.0
2021-05-06 18:00:00,28.728333,25.655518,1009.36127,-3.1844883,2.2846882,0.4105299,83.50584,0.22412533
2021-05-07 00:00:00,27.51361,25.196991,1008.60376,-1.0732527,2.110165,0.6675716,87.21985,0.2433539
2021-05-07 06:00:00,29.831696,25.080109,1011.27625,-3.832366,1.7908348,0.9141165,75.7145,0.0
2021-05-07 12:00:00,29.477814,24.987762,1007.20685,-4.7048903,0.9113979,0.5270868,76.84961,0.0
2021-05-07 18:00:00,28.564789,24.89386,1010.2981,-2.4269066,1.3163416,0.7794398,80.56696,0.17366558
2021-05-08 00:00:00,28.075195,24.917816,1008.0506,-1.4271946,1.04066,0.9853395,83.01311,0.0
2021-05-08 06:00:00,29.562897,25.473602,1009.54126,-2.7316713,0.37032962,0.28678703,78.71717,0.0077266917
2021-05-08 12:00:00,30.605255,24.150665,1005.7431,-5.004504,0.39343554,0.297893,68.51265,0.0
2021-05-08 18:00:00,29.259918,25.006348,1008.59,-3.1036272,0.53968763,0.16211535,77.90863,0.007533934
2021-05-09 00:00:00,28.465607,24.785522,1006.4913,-2.1097717,0.9739911,0.1960488,80.51013,0.04472444
2021-05-09 06:00:00,30.653717,25.042267,1008.6075,-2.8473701,1.659126,0.29796708,72.064835,0.055897623
2021-05-09 12:00:00,30.058746,25.182953,1004.6788,-3.0235596,1.8852696,0.70260465,75.19197,0.0
2021-05-09 18:00:00,29.211365,25.511261,1007.9219,-0.86691475,3.6259928,0.82142514,80.51054,0.0
2021-05-10 00:00:00,27.713531,25.074738,1006.1887,1.3744825,2.6523452,0.40366828,85.58072,0.14657527
2021-05-10 06:00:00,30.497345,24.765106,1008.40186,-1.2485275,2.2560072,0.3967868,71.51997,0.0
2021-05-10 12:00:00,30.585236,25.607208,1005.02625,-2.241457,3.8241072,0.38496256,74.819984,0.0
2021-05-10 18:00:00,28.950531,25.84317,1007.41565,0.60697776,5.082855,0.9138076,83.359795,0.105671585
2021-05-11 00:00:00,27.845032,25.55597,1006.445,2.3458836,4.5307655,0.95870984,87.39206,0.0
2021-05-11 06:00:00,31.439117,25.055817,1007.84186,1.2903953,5.1000595,0.6203561,68.96434,0.0
2021-05-11 12:00:00,31.046783,26.048248,1003.985,0.29679966,7.0401583,0.19947118,74.80291,0.0
2021-05-11 18:00:00,30.231232,25.835968,1007.27936,1.6313634,6.9990034,0.8547018,77.39567,0.0
2021-05-12 00:00:00,29.071259,25.693024,1005.76874,2.245746,5.016795,0.9999999,82.045815,0.03376603
2021-05-12 06:00:00,31.67569,25.630768,1006.27,0.018476486,4.355464,0.9690857,70.41051,0.0
2021-05-12 12:00:00,31.107697,26.101105,1002.6287,-0.22671509,6.8188057,0.9564198,74.77705,0.0
2021-05-12 18:00:00,29.73108,26.121246,1005.3881,1.8002613,6.942501,0.9686916,81.00882,0.14209783
2021-05-13 00:00:00,29.042358,25.784576,1004.46814,1.7886926,4.7167215,0.9944397,82.630455,0.0
2021-05-13 06:00:00,31.693756,25.776031,1006.1156,-1.431879,3.7259593,0.95613515,70.946976,0.0
2021-05-13 12:00:00,29.878754,26.291595,1003.09625,-2.1916637,5.751462,0.97296774,81.135994,0.0
2021-05-13 18:00:00,29.26477,25.837585,1006.0044,2.0174518,4.742798,0.9505932,81.83138,0.44400975
2021-05-14 00:00:00,28.396484,25.115814,1004.245,2.3981807,1.5399551,0.99444574,82.44244,0.0
2021-05-14 06:00:00,32.481842,24.001312,1004.9675,1.0739039,3.5013275,0.98516893,61.03413,0.0001906883
2021-05-14 12:00:00,31.428375,25.338287,1002.1969,1.2011557,7.8256702,0.99306136,70.17677,0.0
2021-05-14 18:00:00,29.982666,24.938507,1004.655,4.2796507,7.791147,0.9990113,74.42912,0.0018114224
2021-05-15 00:00:00,28.97647,23.06894,1003.59564,5.5936303,5.7568817,1.0,70.49774,0.0
2021-05-15 06:00:00,31.936432,23.364655,1004.9956,4.6294165,6.1702423,1.0,60.578262,0.0
2021-05-15 12:00:00,30.716461,25.40445,1002.22314,3.700019,6.4404726,1.0,73.37163,0.15330216
2021-05-15 18:00:00,29.424286,25.037323,1004.6206,4.334613,6.3140726,0.8897935,77.3154,0.0
2021-05-16 00:00:00,29.157928,25.038239,1004.01373,3.1122139,5.3827243,0.9970329,78.51831,0.00075623393
2021-05-16 06:00:00,32.223663,24.284271,1006.14,3.1086879,5.3028307,0.32519114,62.991184,0.0
2021-05-16 12:00:00,30.165863,25.98111,1003.7506,0.24695015,6.412028,0.23270887,78.3571,0.31430745
2021-05-16 18:00:00,29.618622,25.666534,1006.03,1.1722915,5.9551144,0.1776932,79.36871,0.0
2021-05-17 00:00:00,29.19345,24.503204,1005.8856,3.0075467,3.3843956,0.1463198,75.89297,0.06321445
2021-05-17 06:00:00,32.308624,24.660858,1007.1987,0.16992712,3.6243458,0.020916872,64.11861,0.0
2021-05-17 12:00:00,31.200104,25.84378,1004.23627,-0.56099415,6.103037,0.1287384,73.25996,0.00038277358
2021-05-17 18:00:00,29.36795,26.332794,1007.68,0.61657584,6.403613,0.38547653,83.76292,0.023270026
2021-05-18 00:00:00,28.649323,25.829803,1006.1931,1.6284446,5.0889726,0.32741767,84.76088,0.02345629
2021-05-18 06:00:00,32.334625,25.110382,1007.6169,0.20607811,3.831133,0.19200487,65.76516,0.0
2021-05-18 12:00:00,31.252838,25.775665,1004.4988,-1.4578829,6.307846,0.43874955,72.74605,0.0
2021-05-18 18:00:00,29.571808,26.48526,1006.7344,1.2270458,6.7534676,0.20260864,83.531746,0.0
2021-05-19 00:00:00,29.16037,25.970978,1005.7381,2.2814138,4.2385545,0.65273064,82.979546,0.11253357
2021-05-19 06:00:00,32.44339,24.910858,1006.7725,0.8102289,3.6038682,0.28227282,64.589615,0.0
2021-05-19 12:00:00,30.938385,26.214996,1003.6281,0.33158016,6.6007023,0.11368154,76.01257,0.0
2021-05-19 18:00:00,29.150665,25.561676,1006.58685,3.5789258,4.99,0.29128045,81.035774,0.39328635
2021-05-20 00:00:00,28.643341,24.823456,1005.78625,4.141747,3.3191404,0.84340197,79.86408,0.0
2021-05-20 06:00:00,31.58133,24.233612,1007.6906,0.89951956,3.7567837,0.839505,65.12811,0.0
2021-05-20 12:00:00,30.114899,25.59317,1004.5069,2.5064218,6.5424256,0.99960315,76.800224,0.0
2021-05-20 18:00:00,29.020386,25.6586,1007.16064,2.46528,6.747266,0.9988223,82.11979,0.23800135
2021-05-21 00:00:00,27.75711,25.234283,1006.47687,3.2817075,2.6300519,1.0,86.178024,0.5697096
2021-05-21 06:00:00,29.969513,24.127716,1008.0044,3.4579992,3.6823177,0.8927813,70.95837,0.0
2021-05-21 12:00:00,30.350983,24.716034,1005.15063,2.211431,5.940792,0.9990115,71.91097,0.0
2021-05-21 18:00:00,27.868927,25.560822,1007.3713,2.6195288,4.431123,0.9904847,87.29539,0.36633015
2021-05-22 00:00:00,28.47342,24.304596,1005.6231,4.0839367,2.716532,1.0,78.19123,0.0
2021-05-22 06:00:00,31.756012,23.335114,1007.6044,4.2882767,2.369937,0.994336,61.091995,0.0
2021-05-22 12:00:00,30.870514,25.169342,1003.9319,2.4651845,6.9797735,1.0,71.71853,0.0
2021-05-22 18:00:00,28.781921,25.280853,1006.1838,3.8623295,3.7540278,1.0,81.4141,0.0
2021-05-23 00:00:00,28.487091,23.837189,1004.83813,5.4400005,3.6920352,0.9931455,75.967155,9.685755e-05
2021-05-23 06:00:00,31.416168,23.03946,1007.0575,3.6772022,2.7325115,1.0,61.179646,0.016406178
2021-05-23 12:00:00,31.380157,23.075836,1003.84186,0.342961,4.3846607,1.0000004,61.44013,0.0
2021-05-23 18:00:00,29.098907,26.737091,1007.24,3.4256144,6.020706,1.0,87.1271,0.04491955
2021-05-24 00:00:00,29.328064,24.825226,1004.8013,4.7746086,3.201326,1.0,76.76854,0.0
2021-05-24 06:00:00,33.34427,22.825104,1005.6863,3.8048925,1.3054438,1.0,54.16063,0.024789944
2021-05-24 12:00:00,32.705963,24.69693,1002.9125,0.8039589,6.4119806,1.0,62.832565,0.0
2021-05-24 18:00:00,30.615814,25.873932,1005.4913,3.5535069,5.2172017,1.0,75.87982,0.0
2021-05-25 00:00:00,29.49585,23.15274,1004.1025,5.327219,4.985776,1.0,68.76106,0.0
2021-05-25 06:00:00,33.02713,23.19522,1005.65625,4.3226833,3.496447,1.0,56.382404,0.0029560179
2021-05-25 12:00:00,30.648102,26.199493,1002.7981,3.3004882,9.451685,1.0,77.21282,0.15591712
2021-05-25 18:00:00,29.079987,26.121124,1006.03375,4.9040613,4.727481,1.0,84.10997,0.0
2021-05-26 00:00:00,27.964874,23.725037,1003.91876,5.069581,3.4348269,0.9985166,77.785324,0.046070665
2021-05-26 06:00:00,32.30081,23.664093,1004.1144,5.2485085,3.108811,0.9987112,60.423214,0.0
2021-05-26 12:00:00,32.719147,22.894562,1001.6394,3.9558067,4.8839827,0.9996032,56.33389,0.0
2021-05-26 18:00:00,29.847687,23.348175,1005.47375,5.3177996,5.7936573,0.9181513,68.18189,0.0
2021-05-27 00:00:00,28.306244,22.863556,1003.97687,6.05501,3.6817322,0.027918931,72.388245,0.0
2021-05-27 06:00:00,33.558746,22.298248,1004.53064,4.9135723,0.5069771,0.83034027,51.828724,0.0
2021-05-27 12:00:00,31.95401,24.954742,1002.1125,-0.20849514,6.5638075,0.74521047,66.575905,0.0
2021-05-27 18:00:00,30.042633,25.715485,1005.4975,3.456664,4.704048,0.52813303,77.68128,0.0
2021-05-28 00:00:00,29.537842,19.922272,1004.83435,4.768404,1.7818747,0.7588538,56.29058,0.0
2021-05-28 06:00:00,33.015533,20.623688,1006.0613,1.3088777,1.7282457,0.79214936,48.225452,0.0
2021-05-28 12:00:00,31.349518,24.207184,1003.39874,-1.6885424,5.945921,0.41351616,65.88752,0.0
2021-05-28 18:00:00,29.519012,25.967804,1006.9363,1.5275621,5.5860324,0.88377845,81.26368,0.0
2021-05-29 00:00:00,29.28244,23.221588,1005.54315,3.907628,1.1526222,0.9943353,69.90353,0.0
2021-05-29 06:00:00,33.03189,22.959381,1006.5644,0.39915884,1.6280022,0.99614924,55.56894,0.0
2021-05-29 12:00:00,30.985016,25.035797,1003.95935,-0.14169312,6.1058235,0.9335123,70.68677,0.0
2021-05-29 18:00:00,29.452179,25.697906,1007.3856,2.069354,4.8076963,0.38542303,80.28328,0.0
2021-05-30 00:00:00,29.116974,21.73404,1005.7356,4.2814217,0.5458498,0.905939,64.47613,0.0
2021-05-30 06:00:00,32.309235,23.545074,1006.2675,0.2279982,1.5197973,0.025016785,59.96294,0.0
2021-05-30 12:00:00,30.98404,25.377106,1003.4313,-1.8049488,5.592996,0.4527098,72.14171,0.0
2021-05-30 18:00:00,29.993927,25.428009,1006.9313,1.7209662,5.1549377,0.56550145,76.580734,0.018686056
2021-05-31 00:00:00,29.500275,21.904327,1005.3738,3.1670256,0.7054558,0.9978268,63.723766,0.0
2021-05-31 06:00:00,33.10855,22.806915,1004.89874,0.15701157,1.4154944,0.7010936,54.82144,0.0
2021-05-31 12:00:00,30.816803,25.413483,1002.14813,-0.4311056,6.959988,0.404019,72.99135,0.0
2021-05-31 18:00:00,30.015045,26.009552,1005.3006,2.513545,4.547456,0.38341618,79.17178,0.0012395903
2021-06-01 00:00:00,29.016876,22.397003,1004.8594,5.4939013,0.8503485,0.65122455,67.524704,0.0
2021-06-01 06:00:00,32.41031,24.027008,1005.76685,0.34978557,2.462074,0.6847957,61.375713,0.0
2021-06-01 12:00:00,31.377106,25.222809,1003.1694,-0.33596325,6.6668453,0.25576526,69.89978,0.0003874302
2021-06-01 18:00:00,29.574982,26.429596,1005.86127,1.5212706,5.409012,0.2046799,83.24274,0.0
2021-06-02 00:00:00,29.439484,25.148712,1005.6144,2.5558372,2.6614637,0.1460076,77.762,0.02899021
2021-06-02 06:00:00,32.230133,24.289093,1005.4462,-1.1483555,1.3133224,0.018318176,62.986355,0.0
2021-06-02 12:00:00,31.078278,25.99356,1003.8881,-1.9684782,5.0886,0.072006226,74.4275,0.0
2021-06-02 18:00:00,29.265717,25.99112,1006.9437,1.6021028,5.3504353,0.24736077,82.57427,0.023461878
2021-06-03 00:00:00,28.848328,25.660797,1005.8256,0.825372,3.4252167,0.804675,82.952934,0.027083792
2021-06-03 06:00:00,31.83316,25.409943,1007.03564,-1.5026178,2.4860811,0.2557617,68.875114,0.0
2021-06-03 12:00:00,30.591705,26.164581,1004.6206,-3.4113388,4.4153833,0.8835115,77.302635,0.0
2021-06-03 18:00:00,29.284637,25.952606,1008.3894,-0.35459042,5.7248373,0.89489365,82.29625,0.07600403
2021-06-04 00:00:00,27.459991,25.142365,1007.6425,0.34553623,2.3855677,0.9784187,87.209885,0.0
2021-06-04 06:00:00,30.66153,24.862732,1008.7481,-1.7063704,0.7873411,0.9655337,71.26545,0.00564144
2021-06-04 12:00:00,29.601837,25.534454,1005.40564,-3.2697601,3.7940905,0.8661122,78.825134,0.0
2021-06-04 18:00:00,26.656097,24.394653,1008.5569,2.890271,0.45204145,0.94468635,87.43212,1.5818912
2021-06-05 00:00:00,27.372406,24.900513,1007.22437,1.1552929,1.908747,0.98812836,86.403625,0.0
2021-06-05 06:00:00,30.020294,24.322235,1008.875,2.1764817,2.9488506,0.98959965,71.581764,0.0
2021-06-05 12:00:00,29.78299,24.345428,1005.8306,1.4340208,5.8579006,0.98541695,72.66611,0.0
2021-06-05 18:00:00,27.772919,24.38031,1008.9306,4.699526,0.8897822,0.89533424,81.81847,0.03682077
2021-06-06 00:00:00,27.009735,24.117676,1007.52435,3.1199327,1.858647,1.0000001,84.22212,0.0
2021-06-06 06:00:00,30.165924,23.482819,1008.8244,2.3424902,1.2740221,0.9835698,67.49261,0.0018114224
2021-06-06 12:00:00,30.579254,24.326935,1005.40936,-0.30954456,5.234647,0.999609,69.34371,0.0
2021-06-06 18:00:00,28.921112,25.562286,1007.8769,2.1473908,5.8040085,0.12966534,82.12237,0.0
2021-06-07 00:00:00,28.336456,25.820831,1007.1213,2.639474,3.008267,0.7736754,86.2698,0.0141114
2021-06-07 06:00:00,31.844635,24.277008,1007.78687,1.3171585,2.659048,0.80400425,64.329414,0.0
2021-06-07 12:00:00,30.87088,25.481842,1004.74,0.8345604,6.453251,0.28176188,73.06249,0.0
2021-06-07 18:00:00,29.075897,26.073578,1007.775,2.2942004,6.2065716,0.8964931,83.89368,0.0129705295
2021-06-08 00:00:00,28.84497,26.034454,1005.7019,3.4578257,4.3051515,0.6876863,84.826324,0.0049555674
2021-06-08 06:00:00,30.795319,25.13742,1007.45374,1.1145236,3.6363697,0.7528773,71.89038,0.0
2021-06-08 12:00:00,30.09903,25.690582,1004.7562,1.8988409,5.226397,0.8411145,77.315834,0.0021960586
2021-06-08 18:00:00,29.0419,25.777863,1007.33813,1.3888831,6.1549788,0.97591686,82.599785,0.025838614
2021-06-09 00:00:00,28.310242,24.975128,1005.1669,3.7425575,2.121556,0.9629588,82.165115,0.0
2021-06-09 06:00:00,32.40518,22.141998,1006.39185,3.4165087,2.067463,0.5319589,54.77809,0.0
2021-06-09 12:00:00,30.830597,24.869171,1003.3206,0.21091276,7.2370367,0.8728733,70.60736,0.0
2021-06-09 18:00:00,29.783417,26.340607,1006.59186,3.1797614,5.252459,1.0,81.81865,0.0
2021-06-10 00:00:00,29.072632,21.564972,1003.98627,5.0485926,1.366575,0.44429618,63.976936,0.0
2021-06-10 06:00:00,32.91751,22.461334,1005.0594,3.1707678,2.0844753,0.96911144,54.263233,0.00028614886
2021-06-10 12:00:00,31.312286,24.80655,1002.64185,0.027282715,6.4831834,0.9383746,68.43845,0.0
2021-06-10 18:00:00,29.524445,26.471344,1005.8875,3.5780277,6.134443,0.947216,83.69144,0.0
2021-06-11 00:00:00,29.26294,21.19046,1003.935,5.440895,1.2272365,0.9798233,61.841583,0.0
2021-06-11 06:00:00,32.450104,21.515656,1005.6069,3.6402006,2.613601,0.98433214,52.589214,0.0
2021-06-11 12:00:00,31.45523,24.372345,1002.8781,0.44588566,6.7265997,0.83269507,66.14416,0.0
2021-06-11 18:00:00,29.609772,26.149933,1005.40125,2.576554,6.24763,0.9939455,81.71529,0.0
2021-06-12 00:00:00,28.817017,21.80484,1004.4844,5.4142284,1.853605,0.9547757,65.88996,0.0
2021-06-12 06:00:00,32.80899,22.515839,1005.2944,3.741311,3.2614143,0.10841894,54.776703,0.0
2021-06-12 12:00:00,30.972076,24.917755,1002.7644,2.377555,5.8464236,0.6915184,70.24278,0.0045895576
2021-06-12 18:00:00,27.421173,24.154694,1007.04126,4.8819,0.9306684,1.0,82.396965,1.4552882
2021-06-13 00:00:00,27.542206,22.752655,1004.58,4.0320053,3.0080585,0.99801594,75.18096,0.0
2021-06-13 06:00:00,31.7117,22.995148,1005.5081,4.791854,2.4032123,0.9304759,60.00004,0.0
2021-06-13 12:00:00,31.96402,23.225006,1002.6325,3.745389,5.1171637,1.0000002,59.975754,0.04120171
2021-06-13 18:00:00,29.52304,23.25058,1005.7006,6.4990263,1.6397239,0.8747215,69.06047,0.0
2021-06-14 00:00:00,28.24466,23.004852,1005.2275,6.388874,3.5086498,0.99078476,73.27235,0.0
2021-06-14 06:00:00,30.791656,21.819672,1005.58685,7.9892855,1.9686378,1.0000002,58.866238,0.0
2021-06-14 12:00:00,32.110138,21.359161,1003.47064,6.94516,0.7374115,1.0000005,53.098,0.0
2021-06-14 18:00:00,29.641449,21.032623,1005.5831,6.0213184,1.4871699,1.0,59.92238,0.0
2021-06-15 00:00:00,28.467194,21.769562,1004.15314,4.8599253,3.4746666,0.995679,67.09659,0.0
2021-06-15 06:00:00,32.746613,22.077301,1004.8031,6.0309916,2.9231462,0.98486435,53.522133,0.0005722977
2021-06-15 12:00:00,32.48526,23.724518,1002.3194,3.0285857,7.3063326,0.8809588,60.015118,0.0003813766
2021-06-15 18:00:00,30.205475,22.172272,1005.4556,4.519455,2.190644,0.9966554,62.198334,0.0
2021-06-16 00:00:00,28.47647,22.114105,1005.1819,5.1360683,2.6972163,0.40461206,68.48492,0.0
2021-06-16 06:00:00,32.78946,22.590607,1006.3756,5.053323,2.598632,0.26023275,55.086525,0.000381493
2021-06-16 12:00:00,31.37088,24.184113,1003.51373,3.27184,5.8999624,0.55126834,65.71649,0.0
2021-06-16 18:00:00,29.863678,21.766144,1006.9675,6.10054,0.6261196,0.9519821,61.879635,0.0
2021-06-17 00:00:00,29.097504,22.071075,1006.2369,4.3233013,2.9014325,0.9871269,65.89013,0.0
2021-06-17 06:00:00,32.595,22.2034,1006.9244,4.242632,3.1324253,1.0000002,54.397606,0.0
2021-06-17 12:00:00,31.501251,24.360504,1004.5744,2.471612,7.6443386,0.9835441,65.92458,0.0014305115
2021-06-17 18:00:00,30.10086,22.461456,1007.3594,4.4497604,3.0780783,0.97296065,63.683464,0.0
2021-06-18 00:00:00,28.821259,21.52713,1006.83435,5.6458616,1.7538882,0.99635714,64.764854,0.0
2021-06-18 06:00:00,32.081207,22.017853,1008.3825,3.3005562,3.5948555,1.0,55.36999,0.0
2021-06-18 12:00:00,31.220612,24.333405,1005.9288,1.4043964,6.746901,0.98187166,66.87686,0.0
2021-06-18 18:00:00,29.288483,24.932037,1009.2419,2.9275088,3.6227045,1.0,77.43623,0.0
2021-06-19 00:00:00,28.76004,20.904694,1008.3762,5.1098537,0.75037295,1.0,62.560253,0.0
2021-06-19 06:00:00,32.77249,22.021027,1009.5375,2.819888,2.7397225,0.99723536,53.261173,0.0
2021-06-19 12:00:00,30.790558,24.246368,1006.7031,0.76173496,6.123428,0.8917332,68.18098,0.0
2021-06-19 18:00:00,29.127106,25.460236,1009.6931,2.5035422,4.4117565,0.9938416,80.65879,0.0
2021-06-20 00:00:00,28.548218,21.48471,1008.70435,4.3556795,0.579546,0.98170775,65.62831,0.0
2021-06-20 06:00:00,32.56436,22.09787,1009.4487,0.48171133,0.90761757,0.6737044,54.142525,0.0
2021-06-20 12:00:00,31.226715,23.847198,1006.27,-1.2782202,4.430381,0.3374943,64.930626,0.0
2021-06-20 18:00:00,29.377655,24.934235,1009.0081,2.7469778,5.5689855,0.26204044,77.04865,0.0
2021-06-21 00:00:00,28.691925,24.47342,1008.0662,3.4756422,3.3041892,0.1377297,77.990166,0.00019092113
2021-06-21 06:00:00,32.44522,22.138824,1008.2025,1.1436234,1.4311459,0.13708556,54.643852,0.0
2021-06-21 12:00:00,31.510162,24.765411,1004.78436,-0.85066223,6.0698843,0.375683,67.506584,0.004864298
2021-06-21 18:00:00,29.355042,25.565094,1007.58875,3.4902723,4.9071097,0.40530103,80.10077,0.010580756
2021-06-22 00:00:00,28.682068,24.099884,1006.6625,2.5498886,2.7583303,0.9442557,76.30697,0.0
2021-06-22 06:00:00,32.155304,22.99234,1008.0825,-0.52239835,-0.41984653,1.0000001,58.500977,0.0029560179
2021-06-22 12:00:00,30.485016,24.749054,1004.9475,-2.215351,4.1872206,1.0,71.501884,0.0
2021-06-22 18:00:00,29.427277,25.578156,1007.82623,1.4221582,5.8061237,1.0,79.82944,0.0024810433
2021-06-23 00:00:00,28.697906,25.207611,1006.16626,3.3154154,3.5572996,0.98971057,81.45594,0.0
2021-06-23 06:00:00,31.63089,24.433868,1007.2706,0.9043422,2.7010663,0.9929811,65.72906,0.002003042
2021-06-23 12:00:00,30.31668,25.189606,1005.0494,0.58613765,6.541279,0.96827245,74.11666,0.0
2021-06-23 18:00:00,28.730133,25.721466,1008.0606,3.013793,5.4094763,0.9842657,83.824394,0.0
2021-06-24 00:00:00,27.103424,25.023956,1006.52686,3.8186808,1.8575392,1.0000002,88.42584,0.059518963
2021-06-24 06:00:00,31.08609,23.221222,1008.325,2.390068,1.676274,0.978013,63.029175,0.0
2021-06-24 12:00:00,29.053741,24.85379,1005.3906,0.56963825,5.429284,1.0,78.1286,1.21071935e-05
2021-06-24 18:00:00,28.712982,25.605621,1007.9531,2.6988938,5.821158,0.8940509,83.333115,0.0
2021-06-25 00:00:00,28.599274,22.592804,1005.8156,3.8522196,2.1817484,0.7763205,70.00694,0.0
2021-06-25 06:00:00,32.355743,20.970856,1006.655,1.4940426,1.3636615,0.5074565,51.132816,0.0
2021-06-25 12:00:00,30.584625,24.312164,1003.1206,-0.5086174,6.732082,0.73347414,69.26107,0.0
2021-06-25 18:00:00,28.840607,25.746979,1005.84564,3.1263304,6.2582903,0.1092857,83.41535,0.0
2021-06-26 00:00:00,28.516083,22.969757,1005.0619,4.315048,1.9949446,0.9996099,71.97198,0.0
2021-06-26 06:00:00,32.14212,21.884064,1005.9294,1.9872131,2.400719,0.7568395,54.73097,0.0
2021-06-26 12:00:00,30.673492,24.629913,1003.58685,-0.041326523,6.5791054,0.89490765,70.23314,0.0
2021-06-26 18:00:00,29.574677,25.733429,1006.2444,3.0175514,3.863493,0.9933904,79.8863,0.0
2021-06-27 00:00:00,28.618622,21.957367,1005.7319,4.596081,-0.41218662,0.9987183,67.27596,0.029750168
2021-06-27 06:00:00,30.05716,22.214996,1007.6912,2.7239695,-0.4805603,0.99921256,62.893547,0.2571568
2021-06-27 12:00:00,30.859283,24.204132,1005.57,-1.5763626,4.850193,0.91507685,67.74208,0.0
2021-06-27 18:00:00,28.67929,24.982208,1008.0769,2.9790235,5.263379,0.7958608,80.45617,0.0
2021-06-28 00:00:00,27.947449,24.370636,1006.3525,1.665734,2.8712406,0.5663452,80.942245,0.031471252
2021-06-28 06:00:00,30.590363,23.011383,1008.1856,0.77932364,1.2030731,0.40016693,64.02148,0.0
2021-06-28 12:00:00,29.675812,24.8367,1005.33875,-0.6814585,4.821245,0.24436629,75.29592,0.0013355166
2021-06-28 18:00:00,28.659668,25.254303,1006.9875,-0.14975578,4.961054,0.16681904,81.864,0.0
2021-06-29 00:00:00,27.86972,25.271759,1006.2619,1.3336585,5.138973,0.9346903,85.8044,0.00028684735
2021-06-29 06:00:00,30.470001,24.725372,1007.315,-0.7120228,5.118651,0.99851704,71.462204,0.04053116
2021-06-29 12:00:00,29.891998,24.933197,1005.1,0.064611435,5.8509893,0.9873657,74.794365,0.0
2021-06-29 18:00:00,28.5224,25.352142,1007.34564,1.2764738,6.769993,0.977191,83.00069,0.0021923333
2021-06-30 00:00:00,28.149414,25.014374,1006.3325,2.4607432,4.7288413,0.99634385,83.132256,0.0
2021-06-30 06:00:00,31.301666,25.265167,1006.84125,0.19949245,3.5170178,0.9359456,70.37766,0.009824056
2021-06-30 12:00:00,30.092926,25.73587,1004.0025,-0.33941746,6.835803,0.9675479,77.55094,0.0
2021-06-30 18:00:00,28.419922,25.47696,1006.71814,2.6341429,6.552223,0.21173671,84.11817,0.085815765
2021-07-01 00:00:00,27.838013,25.295471,1004.8644,2.185247,4.4356594,0.91371995,86.08471,0.0
2021-07-01 06:00:00,30.934967,25.461395,1005.8738,0.5934014,4.8713145,0.9887189,72.70731,0.066949196
2021-07-01 12:00:00,30.060577,25.364716,1003.60376,0.29001522,7.8381186,0.041900635,76.00158,0.0
2021-07-01 18:00:00,27.381927,25.113068,1006.8819,3.8162053,3.776246,0.23540229,87.45671,0.0048633665
2021-07-02 00:00:00,27.287018,23.967438,1005.1381,3.2841833,1.800468,0.16049415,82.11867,0.0
2021-07-02 06:00:00,31.419952,23.789703,1006.1325,1.223377,2.9510546,0.9385845,63.998806,0.005531125
2021-07-02 12:00:00,30.051178,24.875153,1004.40314,0.011076927,6.2426023,0.883292,73.85703,0.0
2021-07-02 18:00:00,28.577698,25.616638,1007.9338,1.2063491,5.221196,0.9732871,84.04486,0.063985586
2021-07-03 00:00:00,28.004547,25.590607,1006.21625,0.1304897,2.2526999,0.6741526,86.76075,0.0
2021-07-03 06:00:00,31.69571,23.76773,1007.1362,0.5710244,1.6029387,0.95115006,62.920815,0.0
2021-07-03 12:00:00,30.514557,25.78415,1004.7438,0.19097614,4.6461654,0.796762,75.91579,0.0
2021-07-03 18:00:00,28.710083,25.366364,1006.88,1.8652812,3.828062,0.25176138,82.170845,0.16798079
2021-07-04 00:00:00,27.437073,25.092926,1006.10565,0.9693601,3.2583928,0.7200796,87.07015,0.0
2021-07-04 06:00:00,30.20816,24.879364,1007.1025,0.8235759,2.0233135,0.5419768,73.212875,0.023457438
2021-07-04 12:00:00,29.920319,25.842316,1004.1887,-1.6065378,3.7534707,0.1251267,78.81958,0.0
2021-07-04 18:00:00,26.788422,24.811035,1008.35626,4.3267183,1.205064,0.90322113,88.940994,0.3021295
2021-07-05 00:00:00,26.362152,23.910461,1005.5094,3.8215847,-1.0495195,0.9273251,86.41323,0.0
2021-07-05 06:00:00,30.445099,24.24582,1005.58875,-0.56373966,-0.18767071,0.9618769,69.539345,0.0040056184
2021-07-05 12:00:00,30.528595,24.990814,1003.04065,-3.1101217,2.0964699,0.101751044,72.36027,0.0
2021-07-05 18:00:00,27.184631,24.862366,1006.3131,0.7154646,5.1628113,0.8219288,87.1613,1.9304711
2021-07-06 00:00:00,28.033417,24.64383,1005.0044,1.6575202,1.8384638,0.9749426,81.86499,0.0
2021-07-06 06:00:00,31.032135,24.770721,1004.715,0.32270914,1.4437838,0.59709835,69.390854,0.0
2021-07-06 12:00:00,30.246613,25.22586,1002.9263,-2.0220966,4.7699313,0.9695426,74.57582,0.0
2021-07-06 18:00:00,29.203522,25.91095,1005.4125,0.5794402,5.3488235,0.99999964,82.47917,0.00017881393
2021-07-07 00:00:00,28.323883,25.231293,1004.26935,2.877136,3.3184822,0.9983336,83.362526,0.008583069
2021-07-07 06:00:00,31.733551,24.39444,1005.6138,0.3336128,2.9560544,0.4550849,65.19308,0.0
2021-07-07 12:00:00,30.686798,25.422516,1002.7319,0.3499813,5.474885,0.3019812,73.57512,0.0
2021-07-07 18:00:00,28.36731,25.454742,1006.7525,2.1024647,5.2560954,0.863045,84.26458,0.003144145
2021-07-08 00:00:00,28.170868,25.454742,1005.23126,2.6602738,3.0385137,0.24671343,85.233406,0.0
2021-07-08 06:00:00,32.271637,23.63205,1005.8675,1.7795572,0.63663864,0.2999609,60.406216,0.0
2021-07-08 12:00:00,31.400543,25.980255,1001.78,-3.2889614,4.136034,0.26285505,73.0167,0.011250377
2021-07-08 18:00:00,27.693268,25.212067,1005.98065,1.8056583,5.611768,0.8472836,86.38578,0.70353085
2021-07-09 00:00:00,27.35379,25.115753,1003.72125,2.9527073,-0.33738708,0.9736448,87.61501,0.0
2021-07-09 06:00:00,31.379913,23.711823,1004.6775,0.1691978,-0.12935352,0.8805711,63.844765,0.0
2021-07-09 12:00:00,29.12027,25.625885,1001.615,1.390579,3.3645568,0.93268806,81.488304,0.97881526
2021-07-09 18:00:00,28.063507,25.53482,1004.09186,2.255457,5.851248,0.6361338,86.17713,0.0
2021-07-10 00:00:00,27.951141,22.057709,1002.6669,6.4614954,1.5976126,0.9923647,70.36953,0.0
2021-07-10 06:00:00,27.756012,24.529785,1004.1844,5.699895,3.8164186,1.0,82.63546,1.2988998
2021-07-10 12:00:00,29.809479,22.879791,1001.64624,5.081483,2.637304,1.0,66.42369,0.0
2021-07-10 18:00:00,28.789642,21.01297,1004.91315,7.202197,1.221231,0.99871874,62.86999,0.0
2021-07-11 00:00:00,27.848236,20.957062,1002.53564,6.551298,2.2354927,0.9791634,66.18128,0.0
2021-07-11 06:00:00,30.987457,20.815765,1003.66,5.480896,1.1694088,1.0000002,54.737885,0.0
2021-07-11 12:00:00,31.20462,22.095001,1001.64935,1.6009359,4.17482,0.72017336,58.46959,0.0018179417
2021-07-11 18:00:00,28.976898,23.296906,1004.9331,3.0972042,5.0902567,0.9986145,71.47403,0.036031008
2021-07-12 00:00:00,28.414215,20.732086,1002.6456,5.629422,0.8609965,0.9939515,63.154762,0.0
2021-07-12 06:00:00,30.959015,22.445099,1003.8806,6.2966185,1.146333,0.9825189,60.570812,0.0
2021-07-12 12:00:00,31.455048,23.860504,1001.7275,3.3929024,2.1159966,1.0,64.1438,0.07516146
2021-07-12 18:00:00,29.331451,22.436188,1004.3819,4.1402454,3.294774,0.9955385,66.46599,0.0
2021-07-13 00:00:00,28.484283,22.265717,1003.53064,4.9478006,1.3913481,0.992664,69.08873,0.0
2021-07-13 06:00:00,31.819244,22.296478,1004.66626,4.922065,2.322921,0.9987187,57.15959,0.0
2021-07-13 12:00:00,29.122711,24.624908,1003.125,1.5817327,2.8783665,1.0,76.76077,0.6579459
2021-07-13 18:00:00,29.369537,23.9534,1005.6994,2.846941,2.8813066,0.9999999,72.688446,0.0
2021-07-14 00:00:00,28.512482,21.217682,1004.28625,4.115161,1.6590018,0.9991091,64.6973,0.0
2021-07-14 06:00:00,31.196686,22.013763,1004.9938,4.140172,1.5999951,1.0,58.207077,0.0
2021-07-14 12:00:00,30.481659,24.19522,1003.3644,1.8420525,5.2564907,1.0,69.183655,0.0006672926
2021-07-14 18:00:00,29.291351,22.183624,1006.65436,3.1924856,3.0646882,0.9988283,65.60428,0.0
2021-07-15 00:00:00,28.08957,22.240814,1005.2456,3.1369467,1.530492,1.0,70.58678,0.0022873282
2021-07-15 06:00:00,30.79483,22.516205,1005.41626,3.3407164,2.2130213,0.9817868,61.405975,0.0
2021-07-15 12:00:00,29.74759,24.72757,1003.15686,0.013069153,5.0401297,0.9678661,74.49825,0.037372112
2021-07-15 18:00:00,29.099884,25.183014,1006.8787,1.2419419,4.4401665,0.96755266,79.46473,0.0
2021-07-16 00:00:00,27.166046,24.687653,1006.1256,1.6757097,3.2954826,0.8889568,86.35067,0.9358408
2021-07-16 06:00:00,30.42154,24.458527,1007.3894,1.6553688,1.5322437,0.8376848,70.526306,0.0
2021-07-16 12:00:00,29.543488,25.401031,1004.97,0.83160657,4.305502,0.47586858,78.46618,0.6344943
2021-07-16 18:00:00,27.680206,25.672882,1007.47626,2.3968449,3.654902,0.93750656,88.85188,0.0
2021-07-17 00:00:00,28.077911,21.858002,1006.37,3.7796698,-1.0958319,1.0000017,69.00556,0.0
2021-07-17 06:00:00,30.388702,23.067291,1007.3787,-0.5321414,-1.4246387,0.99851656,64.98436,0.012978911
2021-07-17 12:00:00,29.375885,24.12851,1004.5719,-1.915554,3.367854,1.0,73.42994,0.0
2021-07-17 18:00:00,28.826782,24.979645,1006.59937,1.4645283,3.435024,0.7806185,79.758766,0.0
2021-07-18 00:00:00,28.017792,22.882172,1005.6287,4.2199793,0.8726702,0.9980228,73.697655,0.1206873
2021-07-18 06:00:00,30.468658,22.491486,1006.33435,2.3030338,1.0123348,1.0,62.46836,0.0
2021-07-18 12:00:00,29.31424,21.979523,1003.8194,3.9666843,0.9156324,0.99999917,64.707726,0.105284154
2021-07-18 18:00:00,27.42508,21.839172,1007.0975,4.1603336,0.8312769,0.9835712,71.60565,0.0
2021-07-19 00:00:00,27.287323,22.127472,1006.0106,4.208437,1.3198392,0.8597512,73.46636,0.0
2021-07-19 06:00:00,31.62796,22.279816,1006.2706,3.7403555,2.4268124,0.34169793,57.724785,0.0
2021-07-19 12:00:00,30.793365,23.940582,1004.09625,0.6350502,6.779148,0.8358205,66.93015,0.01630187
2021-07-19 18:00:00,29.064789,25.479034,1007.53064,3.139422,3.9832983,0.96265745,81.04051,0.0
2021-07-20 00:00:00,27.990814,22.454987,1007.03436,5.766947,0.60762787,0.72247934,71.92511,0.0
2021-07-20 06:00:00,32.154083,22.172028,1007.2369,4.2572823,1.8603935,0.9658593,55.66264,0.0
2021-07-20 12:00:00,31.177765,24.12442,1005.1813,1.1642594,5.0757265,0.9999997,66.20536,0.0
2021-07-20 18:00:00,29.474335,24.206573,1007.8025,3.794528,3.3275814,0.98887336,73.35674,0.0
2021-07-21 00:00:00,28.391083,22.00467,1006.45,5.5733013,0.6992357,0.98178643,68.36808,0.0
2021-07-21 06:00:00,31.223175,22.069244,1006.9819,5.10859,1.9422449,1.0,58.316223,0.0
2021-07-21 12:00:00,30.194366,24.080109,1004.33685,2.4463558,4.140833,1.0,69.84815,0.21945685
2021-07-21 18:00:00,29.067291,22.434479,1006.3625,5.8931856,1.1270342,1.0,67.48154,0.0
2021-07-22 00:00:00,28.726044,21.06253,1003.98376,5.8343515,2.5275722,1.0,63.294662,0.0
2021-07-22 06:00:00,32.473297,21.741486,1004.21875,5.921097,3.5675888,0.908023,53.25074,0.0
2021-07-22 12:00:00,32.470734,22.056427,1001.84814,3.8075352,3.8869858,0.989137,54.291958,0.034719706
2021-07-22 18:00:00,29.740265,21.063873,1004.28937,8.110954,0.835798,1.0,59.69681,0.0
2021-07-23 00:00:00,29.059357,21.931183,1002.8206,4.354438,3.9274654,0.943236,65.47476,0.00038184226
2021-07-23 06:00:00,32.35269,22.415924,1004.27875,5.2520027,3.1891599,0.9923746,55.864174,0.0030510128
2021-07-23 12:00:00,31.06778,23.635162,1001.64,2.229375,6.1594257,0.8941375,64.69044,0.084096566
2021-07-23 18:00:00,29.785309,22.095612,1004.9412,6.18097,0.63914204,0.95804214,63.421387,0.0
2021-07-24 00:00:00,29.190704,22.10849,1004.22437,3.9800854,3.5521169,0.9035734,65.6856,0.0
2021-07-24 06:00:00,32.126617,22.983551,1005.54376,2.6467552,2.7711077,0.86993206,58.564842,0.0
2021-07-24 12:00:00,31.380768,23.995758,1002.645,1.4096327,6.9309735,0.25858486,64.94108,0.09422749
2021-07-24 18:00:00,30.273956,23.918121,1006.1725,3.5478706,5.579093,0.9009463,68.85673,0.0
2021-07-25 00:00:00,29.108246,22.558502,1005.63,4.483947,3.4238799,0.82771325,67.83103,0.0
2021-07-25 06:00:00,32.08853,23.145172,1006.4556,2.6821432,3.7762961,0.6766992,59.267796,0.0
2021-07-25 12:00:00,30.282623,25.294708,1004.3881,2.9622438,6.6776695,0.66785115,74.7275,0.015735626
2021-07-25 18:00:00,28.060516,24.247467,1007.90564,5.6678877,1.981571,0.7516994,79.81901,0.31758308
2021-07-26 00:00:00,27.847748,22.317719,1006.3425,4.8089685,1.9721404,0.9568341,71.92518,0.0
2021-07-26 06:00:00,29.806183,23.373962,1007.2425,4.516472,2.414591,0.7973741,68.451355,0.0
2021-07-26 12:00:00,31.642609,22.818756,1004.64813,2.0670323,5.6683097,0.67258716,59.595715,0.0
2021-07-26 18:00:00,28.75415,25.813751,1006.97,3.0366154,6.126317,0.78367645,84.166916,0.0
2021-07-27 00:00:00,28.405182,22.528107,1006.0425,4.5094967,1.6541892,0.99644834,70.52317,0.0001899898
2021-07-27 06:00:00,32.567657,22.102448,1006.1256,3.7786798,2.087494,0.6668245,54.14757,0.0
2021-07-27 12:00:00,31.656158,24.476227,1003.71936,2.4018066,5.9978952,0.47230697,65.80146,0.012218952
2021-07-27 18:00:00,29.561066,25.670197,1006.8663,3.2093885,4.2995462,0.25186348,79.64972,0.0
2021-07-28 00:00:00,28.872345,21.427765,1005.8825,5.0721846,1.6973765,0.7138,64.18178,0.0
2021-07-28 06:00:00,32.632843,21.934357,1007.51624,3.1131191,2.5437052,0.58473855,53.398853,0.0
2021-07-28 12:00:00,30.954987,24.619171,1004.0669,0.9306513,6.452432,0.96017,69.068565,0.0045746565
2021-07-28 18:00:00,29.381927,25.762482,1007.35565,3.176239,5.392642,0.78766775,80.91867,0.0
2021-07-29 00:00:00,28.465912,21.580475,1006.9494,5.449644,0.84743017,0.99355507,66.33044,0.0
2021-07-29 06:00:00,32.69339,21.599335,1007.315,4.36876,1.5949632,0.9972361,52.138912,0.0
2021-07-29 12:00:00,31.403229,24.20108,1004.6331,1.1908798,5.0834646,0.9890812,65.66246,0.0
2021-07-29 18:00:00,29.349579,25.529816,1008.10065,2.891819,5.199333,0.924722,79.958405,0.0
2021-07-30 00:00:00,28.928253,21.715973,1007.5519,4.174921,0.95935535,0.9980223,65.11224,0.0
2021-07-30 06:00:00,32.55423,22.15384,1008.4331,2.1830196,0.40489292,0.98584175,54.358505,0.0
2021-07-30 12:00:00,31.38211,24.186188,1005.7275,0.7841425,4.4834943,0.5512701,65.68269,0.0
2021-07-30 18:00:00,29.466705,25.298126,1008.29877,3.4811807,5.406476,0.21937281,78.33354,0.0
2021-07-31 00:00:00,28.731964,21.766632,1008.33685,4.2263336,1.4334087,0.06070619,66.06133,0.0
2021-07-31 06:00:00,32.429718,22.439728,1008.65,1.6095028,0.48622346,0.08926028,55.702263,0.0
2021-07-31 12:00:00,31.603912,23.952057,1006.13873,-1.1056843,4.320037,0.4866895,63.954525,0.0020028092
2021-07-31 18:00:00,29.728668,24.396149,1009.4075,2.7449594,4.646813,0.7634501,73.11548,0.037857797
2021-08-01 00:00:00,29.01767,22.351105,1007.39,3.670577,0.42872334,0.98227,67.333405,0.0
2021-08-01 06:00:00,32.00894,22.12741,1007.645,1.9200506,0.38572884,0.99754655,55.969418,0.0
2021-08-01 12:00:00,31.085846,23.928009,1004.9294,-0.15988046,5.109621,0.915366,65.77261,0.001907465
2021-08-01 18:00:00,29.326385,25.201324,1007.84686,2.822292,4.9459167,0.9935917,78.51686,0.0
2021-08-02 00:00:00,28.933868,20.793365,1006.28937,4.989051,1.1789322,0.99861485,61.510593,0.0
2021-08-02 06:00:00,32.470978,21.602936,1007.5425,2.255952,1.4092155,0.9737126,52.80854,0.0
2021-08-02 12:00:00,31.423492,23.884918,1005.6225,-0.2731371,5.0057964,0.9852304,64.3534,0.0
2021-08-02 18:00:00,29.705414,25.290436,1008.9269,2.513504,5.5790987,0.96066827,77.227905,0.0
2021-08-03 00:00:00,28.634003,21.368927,1007.51874,5.551793,0.6314392,0.9988165,64.840866,0.0
2021-08-03 06:00:00,32.482574,21.3638,1008.7475,1.3479548,0.88672924,0.6381151,52.007042,0.0
2021-08-03 12:00:00,30.968658,24.406158,1006.8675,-0.42675877,5.850642,0.8806235,68.140564,0.0
2021-08-03 18:00:00,29.133026,25.754425,1009.91815,2.7401423,5.825206,0.41121787,82.05144,0.0
2021-08-04 00:00:00,28.783844,21.674469,1008.96124,4.620099,1.5748749,0.974989,65.49302,0.0
2021-08-04 06:00:00,32.496002,22.657928,1009.5106,3.220334,1.0721514,0.61691135,56.23451,0.0
2021-08-04 12:00:00,31.499542,23.948029,1006.03186,1.6238258,4.853381,0.9440737,64.3193,0.003146939
2021-08-04 18:00:00,29.496246,25.697906,1009.0037,2.288631,4.8904915,0.86222327,80.079475,0.0
2021-08-05 00:00:00,29.230621,21.944122,1007.095,3.998269,1.4409466,0.9889027,64.88079,0.0
2021-08-05 06:00:00,32.57852,22.548065,1007.865,2.168195,3.2891853,0.99950534,55.601334,0.00028614886
2021-08-05 12:00:00,30.728668,24.733429,1004.6431,0.74916244,6.2331142,0.98345894,70.44642,0.067633346
2021-08-05 18:00:00,28.860931,25.591461,1007.34436,2.6167784,3.7251005,0.9815798,82.55201,0.0
2021-08-06 00:00:00,28.886383,22.295929,1005.3812,5.378124,0.13999844,0.94652677,67.619865,0.0
2021-08-06 06:00:00,32.346832,22.92929,1006.3375,2.5526733,0.9417591,0.83326674,57.65061,0.0
2021-08-06 12:00:00,29.934479,25.636017,1003.8013,-0.78173256,4.8969646,0.9907719,77.79794,0.012010336
2021-08-06 18:00:00,28.702362,25.203156,1007.16064,2.8356793,2.785637,0.9761902,81.41329,0.0
2021-08-07 00:00:00,28.54538,22.888397,1005.455,2.893589,2.504385,0.9653074,71.49649,0.0
2021-08-07 06:00:00,31.767853,23.883148,1007.735,2.151647,0.8600965,0.42076665,63.100338,0.0
2021-08-07 12:00:00,29.44925,25.894196,1004.5594,0.0104599,4.0840197,0.89137536,81.236465,0.38692355
2021-08-07 18:00:00,28.546356,24.822418,1008.2562,0.91001356,4.520425,0.5338556,80.31007,0.0
2021-08-08 00:00:00,28.416595,23.350433,1006.4944,2.3058543,2.6052585,0.4954582,74.07437,0.0
2021-08-08 06:00:00,31.855011,22.686554,1007.96625,1.0862877,1.0379186,0.9214076,58.41182,0.0
2021-08-08 12:00:00,30.608185,25.471344,1005.1306,0.019909859,6.0293283,0.8749258,74.12138,0.0023841858
2021-08-08 18:00:00,29.012909,25.800262,1008.3694,1.8851802,5.936685,0.63134503,82.848404,0.0
2021-08-09 00:00:00,28.406647,23.347992,1007.065,3.370041,1.1153498,0.97634965,74.1063,0.0
2021-08-09 06:00:00,32.401276,22.76889,1008.52124,0.66810983,2.0942872,0.93271166,56.917763,0.0
2021-08-09 12:00:00,30.569,25.415192,1005.10626,-0.3047428,6.2624445,0.56481004,74.04025,0.01488626
2021-08-09 18:00:00,28.667328,25.699127,1008.1987,2.7321799,5.563675,0.9468451,84.01895,0.0
2021-08-10 00:00:00,28.730927,23.925812,1007.02,3.379786,2.01478,0.9378913,75.29962,0.003054738
2021-08-10 06:00:00,32.42923,22.121307,1008.17126,2.2090921,-1.0694714,0.9970325,54.634865,0.0
2021-08-10 12:00:00,31.18216,24.695099,1004.3275,-1.9240446,4.1592655,0.99822456,68.489914,0.0054240227
2021-08-10 18:00:00,29.761993,25.385773,1007.65186,1.2850256,4.906991,0.9999997,77.41446,0.0
2021-08-11 00:00:00,29.293701,22.231598,1006.6094,2.8903637,0.8142395,0.99099225,65.787224,0.0
2021-08-11 06:00:00,32.46402,22.152496,1007.6262,1.0661154,-0.95445156,0.9999999,54.63139,0.0
2021-08-11 12:00:00,30.908234,24.833038,1005.0875,-1.3899174,3.4193459,0.99999994,70.14363,0.0
2021-08-11 18:00:00,29.2305,23.40982,1008.7025,3.725453,3.0410578,1.0,70.91501,0.0
2021-08-12 00:00:00,26.884003,24.496063,1007.425,3.143976,3.537096,1.0,86.79279,0.17785682
2021-08-12 06:00:00,31.35196,22.882904,1008.53687,4.08743,1.2931919,1.0,60.82427,0.0
2021-08-12 12:00:00,30.81546,24.526398,1006.195,0.80916536,1.82726,1.0,69.235634,0.33121264
2021-08-12 18:00:00,28.41037,23.08609,1008.67126,2.643164,1.014595,0.9940491,72.92702,0.0
2021-08-13 00:00:00,28.000214,22.457977,1006.84937,3.9502487,0.46033,0.98850673,71.89877,0.0
2021-08-13 06:00:00,31.479279,21.725922,1007.5737,2.8695297,1.0716743,0.9888665,56.281055,0.0
2021-08-13 12:00:00,31.22586,24.154083,1004.6856,-0.5158987,2.6355467,0.9812454,66.141884,0.0020032749
2021-08-13 18:00:00,29.381012,24.043121,1006.91125,2.836419,4.6282387,0.98208857,73.03288,0.0
2021-08-14 00:00:00,27.976532,21.94278,1004.9481,6.061945,1.054573,0.9869358,69.774666,0.01449883
2021-08-14 06:00:00,31.322296,22.029083,1005.65375,3.8331833,0.6566658,0.99999976,57.846306,0.0
2021-08-14 12:00:00,30.791046,24.212067,1003.6,1.1743575,4.3828974,1.0,68.038956,0.028789043
2021-08-14 18:00:00,26.909393,23.7742,1007.0475,4.140078,0.5557869,1.0,82.989395,0.6340743
2021-08-15 00:00:00,27.204865,21.57846,1005.5006,5.7015486,1.8288927,1.0,71.38921,0.0
2021-08-15 06:00:00,30.667633,21.466644,1006.6406,4.091979,0.6508321,1.0,58.018993,0.0
2021-08-15 12:00:00,30.022247,23.982574,1004.77625,0.5080036,4.2559414,1.0,70.12982,0.0029560179
2021-08-15 18:00:00,29.024231,24.25467,1007.1987,1.9379361,5.686611,1.0,75.50687,0.0
2021-08-16 00:00:00,28.045624,24.279205,1005.7544,3.8067646,2.1959457,0.98878795,80.04048,0.07856497
2021-08-16 06:00:00,32.020782,21.82547,1007.21124,3.1021538,-0.6983814,0.18506765,54.911327,0.0
2021-08-16 12:00:00,29.397858,25.1857,1005.34375,-1.0146589,5.171673,0.778182,78.12086,0.24011731
2021-08-16 18:00:00,28.121674,24.33902,1008.58685,1.705791,5.9866467,0.9469618,79.97272,0.0
2021-08-17 00:00:00,27.97583,25.168549,1007.1,2.521322,3.7899888,0.9772715,84.752556,0.0
2021-08-17 06:00:00,31.085114,23.17752,1007.97375,1.2124902,3.00426,0.889318,62.866436,0.0
2021-08-17 12:00:00,29.054596,25.278473,1005.6131,1.2095414,5.8690643,0.99298614,80.127144,0.035107136
2021-08-17 18:00:00,27.815216,25.609894,1008.6156,2.432277,5.7807617,0.9999998,87.825,0.0
2021-08-18 00:00:00,26.967072,24.858978,1006.78375,2.5415652,2.704959,0.99705285,88.2639,0.13867308
2021-08-18 06:00:00,29.063385,24.200287,1007.9425,2.8122764,4.1921577,0.9979316,75.09072,0.0
2021-08-18 12:00:00,29.615936,23.744476,1004.3931,1.8035426,5.826065,1.0,70.76808,0.0
2021-08-18 18:00:00,27.73349,24.954773,1006.85126,3.6003237,3.8810365,1.0,84.87183,0.2672142
2021-08-19 00:00:00,26.468353,23.274872,1005.7175,5.021693,1.8179972,0.9985164,82.647,0.0
2021-08-19 06:00:00,30.82425,22.068634,1006.6731,3.4535875,2.041065,0.9511151,59.655964,0.0
2021-08-19 12:00:00,30.553253,24.151642,1003.6225,-0.12202072,5.269497,0.99999994,68.72082,0.0
2021-08-19 18:00:00,28.214813,24.830719,1006.8275,2.4459777,6.5100164,0.9822755,81.913895,0.9533167
2021-08-20 00:00:00,27.196686,24.734406,1005.7175,2.0361617,0.98785686,0.99270654,86.43674,0.0
2021-08-20 06:00:00,29.806427,24.070404,1007.5444,-0.3797453,-0.06392002,0.7853991,71.38098,0.0
2021-08-20 12:00:00,29.243195,24.509064,1004.64874,-2.7841082,2.3544106,0.96489996,75.70164,0.0040095765
2021-08-20 18:00:00,28.532318,25.470184,1007.77625,-0.2585392,3.943983,0.95900786,83.53698,0.020213425
2021-08-21 00:00:00,26.159637,24.398773,1007.9956,2.04819,3.1394691,0.9939828,90.05324,1.6448628
2021-08-21 06:00:00,26.514496,24.344269,1009.59125,2.0462215,0.0807724,0.99871236,87.89898,0.0
2021-08-21 12:00:00,29.142914,23.81723,1006.83124,-1.4313564,0.45097923,0.99743766,73.04595,0.0
2021-08-21 18:00:00,27.516937,23.780853,1009.91125,1.5050361,1.4732618,0.9946588,80.11642,0.0782758
2021-08-22 00:00:00,26.338593,22.495026,1007.6981,2.0344815,0.42925996,0.9862139,79.43953,0.062674284
2021-08-22 06:00:00,28.508698,23.957672,1009.6213,0.69150066,1.6389375,0.3376909,76.4234,0.015360445
2021-08-22 12:00:00,28.348785,24.453949,1006.09375,-1.0618782,4.360011,0.9901351,79.46757,0.0
2021-08-22 18:00:00,27.235687,24.550629,1009.4288,2.1079235,4.9718456,0.79961663,85.29697,0.831407
2021-08-23 00:00:00,26.866364,23.507446,1008.04626,1.3437073,2.954552,0.8695778,81.873535,0.0
2021-08-23 06:00:00,28.705109,24.089844,1009.79065,-0.72107804,3.2854578,0.59903485,76.159164,0.021460976
2021-08-23 12:00:00,28.631927,24.323944,1006.03625,1.1371555,3.8217602,0.31450832,77.56466,0.0
2021-08-23 18:00:00,27.585297,24.329681,1008.60187,2.957311,4.4909935,0.5084143,82.47009,0.0
2021-08-24 00:00:00,26.762817,24.072205,1007.65314,3.2248063,4.333625,0.8550045,85.22073,0.049871475
2021-08-24 06:00:00,30.03006,24.088837,1008.90375,2.753788,3.0634837,0.689564,70.54713,0.0
2021-08-24 12:00:00,29.067047,24.30069,1004.8869,1.4874706,7.4490185,0.2993102,75.528114,0.0
2021-08-24 18:00:00,28.156647,24.646027,1007.8169,2.7978444,7.3169174,0.23997319,81.28994,0.0
2021-08-25 00:00:00,27.34787,24.016205,1007.01,4.073683,4.8229485,0.8231833,82.0664,0.0023841858
2021-08-25 06:00:00,30.588165,23.572968,1007.72375,2.7488956,3.2680116,0.95119095,66.238235,0.0
2021-08-25 12:00:00,29.359283,24.994171,1003.7475,1.0856962,7.3442297,0.969294,77.4066,0.0
2021-08-25 18:00:00,28.218933,25.078644,1006.6794,3.3230512,6.7841043,0.94143224,83.11417,0.0
2021-08-26 00:00:00,27.585205,24.615997,1004.97687,3.5673008,3.955501,0.16818887,83.896095,0.00047686626
2021-08-26 06:00:00,30.956085,23.94101,1005.90625,1.8522863,3.41577,0.06915444,66.31296,0.0
2021-08-26 12:00:00,29.76236,25.207916,1002.6456,0.6861677,6.571721,0.99999714,76.59805,0.0034570694
2021-08-26 18:00:00,27.726685,25.81247,1005.715,1.3421782,5.852218,0.9996103,89.347305,1.0841489
2021-08-27 00:00:00,27.946625,24.501617,1004.1788,3.5929,2.3155432,0.9346158,81.58346,0.0
2021-08-27 06:00:00,30.791656,23.593384,1005.71564,3.5674505,2.1939714,0.91595644,65.55273,0.0062976032
2021-08-27 12:00:00,29.36319,24.748932,1002.34625,1.4218407,6.3980055,0.9876695,76.26475,0.023461878
2021-08-27 18:00:00,28.574738,25.434479,1004.7675,3.1219683,3.0057487,1.0000001,83.15484,0.0
2021-08-28 00:00:00,27.339935,22.327362,1003.59064,4.953474,0.50923634,0.99910897,74.13681,0.06445531
2021-08-28 06:00:00,28.120026,23.901886,1004.9625,4.5461426,1.3496327,0.99999964,77.90942,0.32070997
2021-08-28 12:00:00,30.050812,24.184784,1001.64,1.5897675,4.4157686,1.0,70.869934,0.0
2021-08-28 18:00:00,27.90561,24.082733,1004.2075,4.608226,1.137981,0.9786767,79.75123,0.23924221
2021-08-29 00:00:00,26.21347,23.251038,1002.7375,4.6527104,1.0378128,0.9931455,83.77921,0.0
2021-08-29 06:00:00,30.568756,22.870636,1004.22565,5.482726,3.2471285,1.0,63.556705,0.0
2021-08-29 12:00:00,29.973114,23.03189,1001.7644,2.6906986,3.3273306,1.0,66.41034,0.09506877
2021-08-29 18:00:00,27.853607,24.007416,1004.9456,5.3332453,2.7445092,1.0,79.63266,0.0
2021-08-30 00:00:00,27.403412,22.951569,1003.8075,5.590144,2.017651,1.0,76.713264,0.082779676
2021-08-30 06:00:00,28.770172,22.840302,1005.28815,5.140011,1.5051128,1.0,70.36461,0.0
2021-08-30 12:00:00,30.682526,23.74887,1002.765,1.2616324,3.810167,0.960941,66.58334,0.0
2021-08-30 18:00:00,28.748993,23.667633,1005.46814,2.2885785,3.8325524,0.8781801,74.06143,0.0
2021-08-31 00:00:00,27.660858,22.082184,1004.29,4.015339,1.5238857,0.99802196,71.67933,0.0
2021-08-31 06:00:00,31.41043,22.550934,1006.375,1.1875311,1.3569627,0.818983,59.413933,0.0
2021-08-31 12:00:00,29.383698,24.25174,1004.35626,-0.07201767,5.0926356,0.9979334,73.94137,0.0001937151
2021-08-31 18:00:00,27.894684,25.082336,1007.2469,1.4804134,4.212355,0.9844533,84.71855,0.008575618
2021-09-01 00:00:00,27.84729,25.507477,1006.48,1.5562184,3.6509018,0.93735397,87.129234,0.012874603
2021-09-01 06:00:00,30.518463,23.94986,1007.76874,2.0700102,0.76124954,0.465374,68.028496,0.0
2021-09-01 12:00:00,29.339752,25.33725,1004.6425,-0.9850397,3.7091572,0.69060355,79.0934,0.0247024
2021-09-01 18:00:00,26.705353,25.068268,1007.9381,1.7498741,4.7534933,0.88607216,90.758804,1.4232397
2021-09-02 00:00:00,27.589874,24.360199,1006.1356,2.0304136,1.742259,0.9585829,82.59889,0.0
2021-09-02 06:00:00,30.260406,23.02359,1007.1044,2.55029,1.0183716,0.95762604,65.2912,0.0003747493
2021-09-02 12:00:00,27.869904,24.50174,1005.0019,-1.7244835,2.205017,0.99861497,81.95008,0.9047986
2021-09-02 18:00:00,26.002594,24.342682,1008.0062,1.1604073,3.089638,1.0,90.58867,0.0
2021-09-03 00:00:00,25.539154,23.525604,1005.48126,4.7109976,1.8162848,0.9995059,88.65002,2.0258894
2021-09-03 06:00:00,27.261932,23.84134,1006.92065,4.5567865,1.8016447,0.98851305,81.6185,0.0
2021-09-03 12:00:00,29.889069,23.222382,1003.9481,2.564292,3.4684982,0.99504817,67.50503,0.0
2021-09-03 18:00:00,27.978271,24.568146,1007.08,3.191815,3.552036,0.9976259,81.75776,0.0
2021-09-04 00:00:00,27.130646,23.337616,1005.08124,4.4889526,0.9182439,0.98630893,79.790535,0.06369501
2021-09-04 06:00:00,29.046295,22.867767,1007.76874,3.5414896,1.3781763,0.99999994,69.36354,0.0
2021-09-04 12:00:00,29.156952,24.24292,1004.6919,1.8132241,3.1925037,1.0,74.876686,0.05675621
2021-09-04 18:00:00,27.395782,24.52945,1007.2619,2.5239224,2.9738843,0.9996036,84.39341,0.0
2021-09-05 00:00:00,26.323517,23.694244,1005.5569,4.515809,1.9511302,0.99822426,85.49123,0.13131997
2021-09-05 06:00:00,29.141266,23.644989,1006.76373,3.733904,4.201476,0.10476847,72.29945,0.0
2021-09-05 12:00:00,28.57431,25.214874,1004.16,1.2791188,6.3127728,0.9895753,82.0778,0.12796685
2021-09-05 18:00:00,27.15628,24.952179,1007.0181,3.9283504,2.382741,0.9991091,87.77549,0.0
2021-09-06 00:00:00,26.07022,22.780426,1005.8106,6.5456953,1.182375,1.0,82.11939,0.4477149
2021-09-06 06:00:00,29.972809,23.627655,1006.4456,4.5110025,3.2944603,0.9991091,68.843636,0.0
2021-09-06 12:00:00,29.590729,24.850372,1003.67065,1.9110744,5.108589,1.0,75.72769,0.0
2021-09-06 18:00:00,28.175568,25.24466,1006.90936,2.7794764,4.220414,1.0,84.15216,0.21724403
2021-09-07 00:00:00,27.636627,22.616425,1005.97876,4.4932885,2.2152133,0.99247384,74.15156,0.0
2021-09-07 06:00:00,30.513214,23.506561,1007.27124,3.5780878,3.4225187,0.9511697,66.25722,0.0
2021-09-07 12:00:00,29.621735,24.837189,1004.08124,2.0114126,6.389445,0.47281438,75.53304,0.0009536743
2021-09-07 18:00:00,28.44217,26.025787,1007.995,2.5156288,4.860818,0.7101887,86.788086,0.004386995
2021-09-08 00:00:00,27.299347,22.881256,1006.89185,4.1885815,1.8122702,0.791275,76.85448,0.0
2021-09-08 06:00:00,30.650055,23.358978,1008.84186,2.7586384,3.7286298,0.88296133,65.15781,0.0
2021-09-08 12:00:00,29.483917,25.370026,1005.52686,1.3556867,5.868099,0.8765551,78.59117,0.008869916
2021-09-08 18:00:00,28.368744,25.809967,1009.1319,2.047469,5.1926165,0.1941145,86.05252,0.0
2021-09-09 00:00:00,27.488495,21.57785,1007.4462,4.7283897,0.23870277,0.9128611,70.210014,0.0
2021-09-09 06:00:00,30.977325,22.819305,1008.6131,2.0181484,1.1689713,0.7032113,61.897457,0.0
2021-09-09 12:00:00,30.103058,24.783356,1006.0,-0.25318813,4.8996415,0.7937754,73.234886,0.0
2021-09-09 18:00:00,28.403137,25.36966,1008.6994,3.0294397,5.9869213,0.99604434,83.66502,0.0
2021-09-10 00:00:00,27.862213,24.87027,1007.8038,3.8558178,3.3275728,0.880553,83.8126,0.0007636845
2021-09-10 06:00:00,31.519562,23.038727,1007.5044,2.4762363,1.5777624,0.99999636,60.818436,0.010586344
2021-09-10 12:00:00,30.142365,25.475128,1005.16437,0.26778126,5.0791755,1.0,76.143585,0.0
2021-09-10 18:00:00,28.640045,26.096222,1007.6,2.3971224,5.6761665,1.0,86.15462,0.0
2021-09-11 00:00:00,28.28247,25.236725,1006.1931,3.69514,3.2847643,0.979024,83.59062,0.0003799796
2021-09-11 06:00:00,31.686188,23.127472,1007.0156,3.20996,2.830263,0.8720344,60.56989,0.00076461583
2021-09-11 12:00:00,30.340485,25.108185,1003.97186,1.3438449,6.5945573,1.0,73.65756,0.0
2021-09-11 18:00:00,28.747253,25.924835,1006.58685,2.7631407,5.550996,1.0,84.75646,0.0
2021-09-12 00:00:00,28.19693,22.362885,1005.3175,4.4581995,2.9645224,0.96502686,70.669655,0.0001899898
2021-09-12 06:00:00,31.06607,23.114288,1006.39874,3.3596497,3.2323751,0.8297708,62.694595,0.00038230792
2021-09-12 12:00:00,29.738068,25.443512,1003.9306,2.6411185,5.9471745,0.92787576,77.78765,0.19170168
2021-09-12 18:00:00,28.6557,25.647858,1006.2725,2.927299,5.082535,1.0,83.82032,0.0
2021-09-13 00:00:00,28.113739,22.20694,1004.8269,4.795619,2.2119799,1.0,70.34225,0.0
2021-09-13 06:00:00,31.188507,23.732025,1005.3575,3.5810585,3.851848,0.9039105,64.62271,0.0
2021-09-13 12:00:00,30.34671,25.061554,1002.435,1.4062405,7.4060717,1.0,73.42698,0.0
2021-09-13 18:00:00,28.819977,26.090363,1005.76685,1.794306,4.105362,1.0,85.230675,0.0
2021-09-14 00:00:00,28.73349,22.801117,1005.2375,3.831048,1.9651195,0.9990108,70.34719,0.0
2021-09-14 06:00:00,31.64212,24.114227,1006.2656,1.5507927,3.6715946,0.9684707,64.44047,0.008774921
2021-09-14 12:00:00,30.33902,25.770782,1003.1188,0.54940987,6.0816603,0.23559302,76.622215,0.0
2021-09-14 18:00:00,28.841614,26.347443,1006.7875,1.0076393,7.2395177,0.4003207,86.42672,0.0
2021-09-15 00:00:00,28.739685,25.69217,1005.3831,2.7592056,3.3714304,0.92665154,83.63251,0.00038184226
2021-09-15 06:00:00,31.880646,23.44284,1006.9844,1.4372622,2.7494068,0.23909807,61.057426,0.0007622875
2021-09-15 12:00:00,29.863556,25.475006,1004.3063,0.20983505,6.8273277,0.84038776,77.37263,0.0038030557
2021-09-15 18:00:00,28.413116,25.755402,1007.39374,1.7527275,6.193976,1.0,85.55365,0.0
2021-09-16 00:00:00,28.032349,25.327972,1005.84,3.261262,2.5979862,0.95354617,85.27897,0.028982759
2021-09-16 06:00:00,30.978546,23.75644,1007.58185,1.8806171,1.3689234,0.8945634,65.49698,0.0
2021-09-16 12:00:00,29.630646,25.638641,1003.7419,-0.45662212,4.012403,0.610637,79.18259,0.1757145
2021-09-16 18:00:00,28.668243,25.431732,1006.1375,0.83058196,4.930725,0.57998013,82.69123,0.0
2021-09-17 00:00:00,28.351044,25.774567,1005.4288,2.5834255,4.0175734,0.88526106,85.96062,0.0
2021-09-17 06:00:00,30.667511,25.26419,1006.7656,1.6000509,1.8437353,0.6626931,72.96603,0.027757138
2021-09-17 12:00:00,28.982025,25.769562,1003.7656,-1.3152695,3.53409,0.9875239,82.84573,0.0
2021-09-17 18:00:00,26.981842,24.789398,1007.82,1.9442759,3.170918,0.9845476,87.82177,0.95839494
2021-09-18 00:00:00,26.947052,24.595154,1006.3325,0.68446034,3.3026168,0.99861485,86.985886,0.0
2021-09-18 06:00:00,29.391022,24.939362,1008.66376,2.538265,1.3006527,0.9951541,77.01279,0.0
2021-09-18 12:00:00,30.269806,25.252167,1005.6306,-1.2480602,1.226088,0.9984313,74.59337,0.0
2021-09-18 18:00:00,27.723999,25.528229,1009.10315,0.38092136,4.831382,0.8949907,87.867096,0.63347816
2021-09-19 00:00:00,27.502106,24.701416,1008.4444,2.5133715,1.8302765,0.92639846,84.736565,0.0
2021-09-19 06:00:00,29.940094,25.106781,1009.59814,-0.036411047,2.6465714,0.97584957,75.36368,0.0
2021-09-19 12:00:00,29.909943,25.958832,1006.10626,-1.1959743,4.195156,0.9900702,79.41272,0.0
2021-09-19 18:00:00,28.748749,25.905457,1009.435,0.871941,3.6146388,0.5066882,84.65196,0.0
2021-09-20 00:00:00,25.683746,23.654053,1008.3013,2.5457096,1.3150833,0.98040754,88.575424,0.0072540166
2021-09-20 06:00:00,29.782562,24.488007,1008.73065,2.7212276,0.6709366,0.8650003,73.290985,0.0
2021-09-20 12:00:00,30.36081,24.890167,1005.05,-0.89845943,3.0477996,0.34830755,72.62166,0.0
2021-09-20 18:00:00,28.775421,25.36087,1009.0419,1.8664658,4.481463,0.07972243,81.833374,0.0
2021-09-21 00:00:00,27.551483,24.789764,1007.5069,3.4510374,2.9937992,0.34839493,84.93915,0.026609749
2021-09-21 06:00:00,30.8721,24.352753,1008.0725,2.5346699,1.359422,0.50264376,68.29829,0.0
2021-09-21 12:00:00,30.229645,25.633698,1003.78876,-0.6939144,5.3653493,0.1082967,76.47989,0.0
2021-09-21 18:00:00,28.770508,25.48526,1006.9356,2.0286314,5.76384,0.13149732,82.46406,0.0
2021-09-22 00:00:00,27.63913,24.725128,1005.16815,3.7720737,1.1207743,0.40951246,84.17927,0.014018267
2021-09-22 06:00:00,31.336334,22.842499,1006.49,0.14258164,-1.841836,0.27786803,60.729527,0.0
2021-09-22 12:00:00,30.355255,24.585846,1003.3169,-3.5784283,1.7554073,0.18876837,71.336044,0.0057225116
2021-09-22 18:00:00,29.137726,25.020111,1006.3175,-0.12485409,4.746271,0.4557401,78.52518,0.0068722293
2021-09-23 00:00:00,27.829346,24.85202,1005.03815,2.2868013,4.029198,0.64582044,83.88212,0.0
2021-09-23 06:00:00,30.65152,24.215668,1006.4419,2.1000652,1.0466573,0.30117399,68.59855,0.0
2021-09-23 12:00:00,29.68985,25.972687,1004.01,-2.5384521,1.3963795,0.45034242,80.490845,0.14038664
2021-09-23 18:00:00,26.92392,24.886414,1007.9319,2.074345,3.590293,0.86276096,88.633026,0.66140294
2021-09-24 00:00:00,27.458466,25.129486,1005.77435,2.5094953,0.15430641,0.88231325,87.1508,0.0
2021-09-24 06:00:00,30.5242,24.244324,1007.16815,-1.2775459,-1.6586714,0.60465854,69.21893,0.00028591603
2021-09-24 12:00:00,30.085297,24.497528,1004.2775,-2.3089266,-0.88790035,0.23497808,72.06759,0.0
2021-09-24 18:00:00,28.049103,25.021332,1007.90814,1.6835673,3.541469,0.60750604,83.65428,0.3015697
2021-09-25 00:00:00,26.603912,24.783539,1006.26685,2.8559313,1.1225424,0.6220915,89.76489,0.0
2021-09-25 06:00:00,30.89029,23.88858,1006.5775,2.5203485,1.6442909,0.028438456,66.353,0.0007636845
2021-09-25 12:00:00,30.258087,25.15274,1003.3794,-1.1738749,4.4770727,0.880938,74.20302,0.15747547
2021-09-25 18:00:00,27.69394,25.197021,1005.92065,1.4987586,3.730281,0.98157346,86.30507,0.0
2021-09-26 00:00:00,26.73117,24.491241,1004.07,1.4087613,0.08719158,0.88426167,87.55135,0.0
2021-09-26 06:00:00,29.84134,23.657562,1005.47437,1.8628578,0.23226261,1.0,69.49107,0.0
2021-09-26 12:00:00,29.55716,24.795807,1002.4412,-1.3163481,4.569181,1.0000019,75.62758,0.0
2021-09-26 18:00:00,28.449646,25.197418,1004.34125,2.8934526,6.734168,0.9996095,82.58844,0.0
2021-09-27 00:00:00,27.992645,23.740326,1002.27875,4.8004723,3.6193988,1.0,77.730934,0.0
2021-09-27 06:00:00,30.422882,23.31015,1003.84375,4.1156015,3.1718926,1.0,65.816216,0.0003799796
2021-09-27 12:00:00,29.955048,22.526276,1001.5706,3.8646936,2.5614338,1.0,64.472534,0.0
2021-09-27 18:00:00,28.30783,20.515411,1004.72815,5.5010757,1.9900341,1.0,62.70392,0.0
2021-09-28 00:00:00,27.355682,21.466461,1004.4519,4.226775,2.381621,1.0,70.27748,0.0
2021-09-28 06:00:00,30.676544,22.20578,1006.97125,3.6369858,2.2153187,0.9797425,60.666348,0.0
2021-09-28 12:00:00,30.633575,24.419708,1003.8031,-0.4997406,5.418552,0.9806179,69.513794,0.010579824
2021-09-28 18:00:00,28.421051,22.454681,1007.1869,3.677,1.0749302,0.7262054,70.14454,0.0
2021-09-29 00:00:00,27.329742,21.209045,1006.35876,4.789236,-0.43830967,0.9001215,69.28272,0.0
2021-09-29 06:00:00,30.814728,22.279572,1007.9888,0.3823315,-1.2447281,0.8240535,60.460133,0.0
2021-09-29 12:00:00,29.48172,23.795746,1005.66876,-2.8691397,1.8812151,0.9990121,71.538124,0.02861023
2021-09-29 18:00:00,28.390167,23.658264,1008.34,1.296989,3.4537234,0.72641206,75.57808,0.0
2021-09-30 00:00:00,27.737274,24.079498,1007.395,1.159416,2.081993,0.7834694,80.52329,0.019256957
2021-09-30 06:00:00,29.418976,24.42862,1008.9819,2.1752727,0.24896717,0.32587552,74.57719,0.011641532
2021-09-30 12:00:00,29.713043,24.713165,1005.54877,-2.2828722,-0.60856056,0.23099416,74.58236,0.4893951
2021-09-30 18:00:00,26.76944,24.863617,1009.07935,3.246128,2.0240421,0.753632,89.320305,3.984052
2021-10-01 00:00:00,25.504639,23.615356,1007.1756,1.3069403,-3.0650244,0.9533895,89.3137,0.0
2021-10-01 06:00:00,27.966888,24.399963,1008.27313,-0.53074586,-2.9438162,1.0,80.99268,0.15762916
2021-10-01 12:00:00,28.03122,24.946472,1005.70123,-2.398283,-0.3837381,1.0000001,83.36859,0.0
2021-10-01 18:00:00,26.84668,24.137268,1008.3831,-0.5255451,1.7309725,0.9566365,85.13314,0.4869642
2021-10-02 00:00:00,26.01709,24.01886,1007.07935,1.3185238,-1.9640427,0.97354156,88.76973,0.0
2021-10-02 06:00:00,28.96109,24.22226,1007.8038,-2.3359938,-2.257269,0.54105014,75.63622,0.0
2021-10-02 12:00:00,28.43454,24.602661,1005.3831,-3.5735645,-2.5350485,0.9804051,79.77907,0.010482304
2021-10-02 18:00:00,26.504364,24.921295,1008.1744,-2.5638895,0.20039558,0.990725,91.0386,1.4270954
2021-10-03 00:00:00,26.116333,24.201965,1007.0481,0.3293047,-1.0782299,0.9885947,89.22537,0.0
2021-10-03 06:00:00,28.703217,24.558868,1007.8269,0.6753856,-0.3167076,0.6229237,78.33864,0.0
2021-10-03 12:00:00,28.964722,24.466522,1004.7581,-0.9102249,-0.36505127,0.22858542,76.73513,0.04203109
2021-10-03 18:00:00,27.589691,24.54773,1007.2606,1.0066638,-0.5409317,0.68773276,83.532364,0.03492488
2021-10-04 00:00:00,26.59967,24.653564,1006.1106,0.558588,-1.0623007,0.7973589,89.09279,0.25214052
2021-10-04 06:00:00,28.737091,24.695892,1007.1325,-0.8526449,-1.5801458,0.9902829,78.828026,0.0
2021-10-04 12:00:00,28.906952,24.681488,1004.175,-1.3263044,0.63127345,1.0,77.98863,0.0
2021-10-04 18:00:00,27.337982,24.875061,1007.0712,1.1085627,0.50421107,0.994446,86.446655,0.057041727
2021-10-05 00:00:00,25.865265,24.152863,1004.8881,3.5838141,0.9620296,0.98475504,90.29472,1.2864097
2021-10-05 06:00:00,26.879913,24.338959,1007.3019,3.221438,-1.0825462,0.99394536,86.000755,0.0
2021-10-05 12:00:00,27.056244,24.548279,1004.64685,2.9718218,-1.016511,1.0,86.18774,0.6160455
2021-10-05 18:00:00,26.291351,23.562927,1007.59625,3.6024895,0.30279005,0.9996095,84.97891,0.0
2021-10-06 00:00:00,25.9971,23.47519,1005.6225,2.7151847,2.0336633,0.99188286,86.01386,0.0
2021-10-06 06:00:00,29.207611,23.484406,1006.78375,1.5579588,1.441478,0.980005,71.32906,0.027645748
2021-10-06 12:00:00,29.241852,24.358551,1003.64374,0.19858456,4.6845436,0.12009174,75.02831,0.0
2021-10-06 18:00:00,27.998627,24.729584,1006.5531,2.1362789,5.627611,0.2037037,82.45269,0.09183586
2021-10-07 00:00:00,27.611145,24.658112,1005.6863,2.8395934,3.7273076,0.5833441,83.980095,0.0003874302
2021-10-07 06:00:00,30.407623,24.468903,1006.83936,1.9034114,3.0359774,0.20342207,70.62639,0.0
2021-10-07 12:00:00,29.792633,25.136078,1003.9225,1.5953257,6.317547,0.43215507,76.13832,0.0
2021-10-07 18:00:00,28.698242,25.292847,1006.8894,2.735428,6.2450123,0.96110886,81.86857,0.15163961
2021-10-08 00:00:00,28.089417,24.829163,1006.16376,4.5085034,4.895082,0.9076859,82.506676,0.0
2021-10-08 06:00:00,29.910675,24.12799,1007.71,3.3263025,3.4236948,0.97581625,71.19995,0.0
2021-10-08 12:00:00,29.861664,25.253815,1004.7512,2.1787114,5.490723,0.60342145,76.36998,0.018714465
2021-10-08 18:00:00,27.726532,24.823273,1007.90936,5.0412884,3.0064888,0.9981196,84.24269,0.29768902
2021-10-09 00:00:00,26.199097,23.968658,1007.1919,2.8162966,3.7776265,0.9996095,87.555016,1.0263374
2021-10-09 06:00:00,26.804474,24.36972,1009.21564,5.4020452,2.6970234,1.0000005,86.54253,3.6895785
2021-10-09 12:00:00,29.86258,23.590088,1006.8088,4.4600983,4.048025,0.9468047,69.1247,0.0
2021-10-09 18:00:00,27.971771,24.216766,1008.5581,4.3115187,3.067357,0.9442633,80.0855,0.0
2021-10-10 00:00:00,27.27713,23.591187,1007.1344,4.4219217,1.6423315,0.99999994,80.32704,0.0
2021-10-10 06:00:00,30.21048,23.960632,1008.0637,4.387784,0.4783659,1.0,69.28467,0.0
2021-10-10 12:00:00,30.534271,25.219269,1004.6987,0.40639323,3.4961638,0.9933648,73.32801,0.0
2021-10-10 18:00:00,26.614166,24.917267,1007.4194,1.7160342,-1.0862312,0.99950594,90.42964,0.15756592
2021-10-11 00:00:00,26.229004,24.386902,1006.0106,3.4288197,2.0836391,1.0000001,89.6211,0.17621839
2021-10-11 06:00:00,28.617218,24.58722,1006.96313,4.323371,1.3231084,0.99377835,78.86415,0.0
2021-10-11 12:00:00,27.557251,24.940216,1004.255,2.0344894,3.7145371,0.99733347,85.67637,1.464913
2021-10-11 18:00:00,26.55838,24.474854,1006.46936,3.6586752,1.1594517,0.99999994,88.3602,0.0
2021-10-12 00:00:00,26.083649,23.695038,1005.16626,5.100662,0.4265318,0.99999994,86.71575,0.40354255
2021-10-12 06:00:00,29.113434,24.533905,1006.7925,4.6943626,0.7853169,0.9837911,76.385056,0.0
2021-10-12 12:00:00,29.394104,23.769287,1004.51373,2.7520328,3.4082246,0.97254425,71.78629,0.0
2021-10-12 18:00:00,27.610992,23.3909,1006.855,4.306967,1.2569189,0.9506038,77.82648,0.0029578805
2021-10-13 00:00:00,26.726227,20.22403,1005.0619,5.7204647,0.3732177,0.6417712,67.5581,0.0
2021-10-13 06:00:00,28.999786,23.109192,1006.1319,3.9105349,0.73495436,0.5947263,70.57428,0.205338
2021-10-13 12:00:00,30.048553,24.430939,1003.11127,1.2087531,3.791796,0.90700865,71.93252,0.0
2021-10-13 18:00:00,28.245514,25.16568,1006.3169,0.96496964,1.1661456,0.7588692,83.41706,0.040611252
2021-10-14 00:00:00,27.864105,24.640411,1004.78314,3.4201183,0.88170683,0.9210561,82.6606,0.0
2021-10-14 06:00:00,30.391754,23.224915,1005.10126,2.5775785,0.7446401,0.44099355,65.59512,0.0
2021-10-14 12:00:00,29.779694,25.25064,1002.66815,0.13306183,3.9316347,0.4643318,76.71651,0.11595199
2021-10-14 18:00:00,28.454926,26.160461,1004.1425,2.0854821,5.0754495,0.96473193,87.417244,0.0
2021-10-15 00:00:00,28.294067,25.781647,1001.8675,3.677432,2.73755,0.87263864,86.28217,0.039368868
2021-10-15 06:00:00,30.572052,24.25064,1002.77374,2.3413115,2.387046,0.94208765,69.05577,0.0
2021-10-15 12:00:00,29.448639,25.186066,1000.9981,1.9646778,5.1163087,0.9634447,77.89399,0.0
2021-10-15 18:00:00,28.742706,25.98059,1003.10315,2.1628523,6.6761227,0.8977111,85.05915,0.010105316
2021-10-16 00:00:00,28.37918,25.181,1001.055,3.2866502,6.6413555,0.5052508,82.84644,0.0
2021-10-16 06:00:00,29.407013,25.733063,1002.73376,1.2126602,5.953474,0.5967463,80.66078,0.046733014
2021-10-16 12:00:00,28.540436,25.164581,1000.5737,2.5626578,5.8582535,0.3622964,81.99352,0.0
2021-10-16 18:00:00,28.379608,25.082367,1003.925,2.908648,5.57939,0.99088085,82.359116,0.0
2021-10-17 00:00:00,27.53415,24.208038,1001.9775,4.7872562,3.2339623,0.9136047,82.11623,0.0036284328
2021-10-17 06:00:00,30.57071,24.272034,1005.09,5.5923605,2.0022895,0.9626532,69.14971,0.0
2021-10-17 12:00:00,29.6539,25.409271,1002.90936,3.3407586,4.853978,0.75345933,78.00671,0.20583719
2021-10-17 18:00:00,28.150665,25.405792,1006.1912,3.636941,3.0834374,0.52585804,85.08585,0.0
2021-10-18 00:00:00,27.677643,23.72876,1005.3625,4.1372423,2.7415316,0.9388292,79.11856,0.016592443
2021-10-18 06:00:00,30.598541,24.189545,1007.10626,4.0167236,1.8823414,0.8709775,68.699005,0.0
2021-10-18 12:00:00,29.748016,25.397003,1005.64685,0.79554176,4.528519,0.9995066,77.52852,0.17698829
2021-10-18 18:00:00,28.479584,25.775635,1009.03625,2.6858592,3.4655635,0.97019005,85.32609,0.0
2021-10-19 00:00:00,27.895538,23.829987,1007.6044,3.1295424,1.5492775,1.0000001,78.59534,0.062450767
2021-10-19 06:00:00,30.945343,23.908691,1009.5419,2.07518,0.3636427,0.98316586,66.22486,0.0
2021-10-19 12:00:00,29.870636,25.218964,1007.66064,0.09597498,1.8184496,0.99950546,76.17242,0.0
2021-10-19 18:00:00,28.254456,25.464874,1010.89435,0.89862734,3.6120634,0.823374,84.870705,0.22289157
2021-10-20 00:00:00,26.700958,24.868896,1009.6394,2.6555238,1.4832222,0.95701164,89.7093,0.0
2021-10-20 06:00:00,29.5253,25.164948,1011.48065,0.13135391,0.8496914,0.4604075,77.452896,0.05177696
2021-10-20 12:00:00,29.256866,25.308136,1008.77185,-1.3686342,1.9334147,0.13162641,79.335434,0.035028234
2021-10-20 18:00:00,27.1857,25.136322,1011.8281,-0.043132305,2.2346716,0.43624598,88.59115,1.0090013
2021-10-21 00:00:00,25.943146,23.94815,1010.9194,1.58012,1.9698908,0.9302999,88.78114,0.112875104
2021-10-21 06:00:00,29.177643,24.296783,1012.115,-0.12730849,1.6712248,0.7061207,75.02902,0.0
2021-10-21 12:00:00,28.793549,24.590546,1009.47,-1.7615919,2.1807358,0.19142431,78.07713,0.0
2021-10-21 18:00:00,28.001373,25.127777,1011.67065,-2.01542,2.124608,0.3233109,84.42117,0.0
2021-10-22 00:00:00,25.91159,24.044708,1011.63,-0.42225933,1.7223004,0.80563986,89.46462,1.8061637
2021-10-22 06:00:00,29.241364,24.403595,1012.0731,-1.1361036,1.4220831,0.6002012,75.23314,0.0
2021-10-22 12:00:00,29.524994,24.501495,1008.98126,-1.8611546,1.3809829,0.12188777,74.446594,0.0
2021-10-22 18:00:00,27.694,24.638306,1012.90936,-2.1194324,2.5630221,0.39040622,83.47545,1.1145697
2021-10-23 00:00:00,26.389313,24.068878,1010.825,-0.14783096,1.7782334,0.5797723,87.09979,0.0
2021-10-23 06:00:00,29.009064,24.47171,1013.0206,-1.1570864,1.8917725,0.9595197,76.56221,0.0
2021-10-23 12:00:00,28.417816,24.661621,1010.1869,0.77777565,2.9326277,0.93222976,80.138626,0.010400269
2021-10-23 18:00:00,26.866394,24.502594,1012.84314,1.8548731,2.839252,0.44663215,86.91664,0.7957219
2021-10-24 00:00:00,26.535492,24.534271,1010.92377,4.079816,1.8673067,0.8402038,88.79464,0.0
2021-10-24 06:00:00,29.612946,24.379059,1012.44,-0.16472542,-0.5624552,0.8908859,73.52915,0.0
2021-10-24 12:00:00,28.901031,24.160004,1009.9625,-2.8353224,-1.383872,0.99851686,75.61685,0.005101785
2021-10-24 18:00:00,25.900635,24.068329,1012.83124,-0.4276018,0.4227084,1.0,89.64971,0.57918954
2021-10-25 00:00:00,26.40274,23.759613,1010.03937,1.6421607,-1.8072529,0.9948364,85.42791,0.0
2021-10-25 06:00:00,29.045258,24.061829,1010.4906,-1.4495068,-4.900255,0.99066746,74.54754,0.0
2021-10-25 12:00:00,28.951935,23.989655,1008.0606,-2.5135775,-3.3590174,0.27063334,74.627106,0.0
2021-10-25 18:00:00,26.953522,24.020447,1010.46375,-2.1223345,-2.9351187,0.9349504,84.008896,0.1558065
2021-10-26 00:00:00,26.653778,24.215973,1008.4219,-1.3744326,-2.1963615,0.9893073,86.51266,0.0
2021-10-26 06:00:00,28.132355,24.331635,1010.1781,-0.780118,-1.9579563,0.29615533,79.8876,0.09270437
2021-10-26 12:00:00,28.62265,23.704468,1007.41376,-2.4461765,-2.1864758,0.4738328,74.77195,0.0
2021-10-26 18:00:00,28.079987,23.660156,1010.1881,-1.8697472,-2.981965,0.59731054,76.963806,0.016772188
2021-10-27 00:00:00,26.487885,23.826904,1008.87,-0.6331415,-2.9634151,0.45774114,85.34478,0.17328611
2021-10-27 06:00:00,28.718903,24.606232,1010.33124,-0.35919857,-4.04338,0.34638846,78.489395,0.0
2021-10-27 12:00:00,28.690094,24.051056,1007.5756,-3.183877,-4.3970613,0.9816951,76.04821,0.0
2021-10-27 18:00:00,27.461823,24.066254,1009.52563,-1.7048578,-3.939599,0.98752856,81.765915,0.021459296
2021-10-28 00:00:00,26.414215,24.34793,1008.6994,0.9199442,-3.8044596,0.9999992,88.439766,0.9244308
2021-10-28 06:00:00,27.169464,24.37387,1009.89874,0.12535,-6.249482,1.0,84.72765,0.0
2021-10-28 12:00:00,27.80661,23.920746,1007.39813,0.24456257,-6.725623,0.9863271,79.4367,0.0
2021-10-28 18:00:00,26.25122,24.314972,1009.96564,-1.3484287,-5.425256,0.99427575,89.11865,1.4790859
2021-10-29 00:00:00,25.914398,24.044342,1008.71564,-1.6766567,-3.1785889,0.99999994,89.44778,0.0
2021-10-29 06:00:00,26.30185,24.734528,1010.83875,-2.0367508,-1.9965715,0.97567767,91.11137,3.2756417
2021-10-29 12:00:00,27.144135,24.782135,1008.8719,-3.0232887,-1.1011829,0.991883,86.95117,0.0
2021-10-29 18:00:00,26.315826,24.413635,1011.72815,-4.115653,-2.979806,0.99801683,89.30562,0.0
2021-10-30 00:00:00,26.366547,23.954224,1010.48065,-2.3284369,-2.8741589,0.99811983,86.61833,0.0024067163
2021-10-30 06:00:00,27.077118,24.873962,1011.89435,-3.0290918,-4.2821407,0.9243096,87.773735,2.760804
2021-10-30 12:00:00,27.989075,24.677063,1009.4394,-2.833456,-4.1316204,1.0,82.24011,0.0
2021-10-30 18:00:00,26.256683,24.77652,1010.685,-2.102069,-3.9334059,0.99357235,91.584145,0.5019033
2021-10-31 00:00:00,26.013367,24.296783,1010.0675,-1.006216,-3.6863089,0.9999999,90.28225,0.3430403
2021-10-31 06:00:00,26.378937,24.832336,1011.37,-2.9086027,-4.865965,0.99615556,91.22904,0.20073706
2021-10-31 12:00:00,26.115784,24.64267,1009.0037,-3.963171,-3.8733015,1.0,91.61427,3.3656244
2021-10-31 18:00:00,26.053864,24.56894,1010.5075,-3.8311338,-3.989087,0.99871844,91.545906,0.5194206
2021-11-01 00:00:00,26.399017,24.1846,1008.83435,-1.7171068,-0.43553352,0.9985181,87.65658,0.0
2021-11-01 06:00:00,27.194855,24.404022,1010.4575,-4.5362377,-0.62093544,0.99901146,84.75446,0.650446
2021-11-01 12:00:00,26.581207,24.744843,1007.72815,-4.3095636,-0.76758766,0.9971437,89.67757,1.9024403
2021-11-01 18:00:00,26.110138,24.471313,1010.97626,-4.430908,0.85813427,0.98623085,90.71027,0.0
2021-11-02 00:00:00,26.374237,24.149414,1008.9881,-2.813138,0.9718418,1.0,87.59976,0.0
2021-11-02 06:00:00,27.138092,24.809784,1010.47437,-4.27433,-0.19401932,0.9920538,87.12574,0.0
2021-11-02 12:00:00,27.504944,24.587769,1007.5731,-4.999735,-0.3637935,0.9539622,84.14883,1.0072333
2021-11-02 18:00:00,25.76065,24.043304,1010.98,-2.7107382,0.91696644,0.99248093,90.260735,0.18153286
2021-11-03 00:00:00,26.162872,23.874481,1008.76,-2.336914,-0.22929764,0.9852287,87.247406,0.0
2021-11-03 06:00:00,26.439484,23.996521,1011.29126,-2.4807959,0.10288048,1.0,86.46582,0.43717265
2021-11-03 12:00:00,26.946533,24.005249,1007.95,-2.148509,-2.6088772,1.0,83.966705,0.0
2021-11-03 18:00:00,25.39682,23.953247,1010.625,-1.469141,-0.65899277,1.0,91.733864,1.0376334
2021-11-04 00:00:00,25.452118,23.3909,1009.2612,0.98570555,-1.1616058,0.99861485,88.38851,0.0
2021-11-04 06:00:00,28.09311,23.749207,1010.5475,-1.2556858,-2.98975,0.9903808,77.3184,0.0
2021-11-04 12:00:00,27.132965,24.216125,1007.975,-1.3119717,-2.587078,0.8234112,84.11031,0.85605985
2021-11-04 18:00:00,25.786407,23.809662,1010.6625,-0.30904698,-1.393075,0.9015063,88.86629,0.0
2021-11-05 00:00:00,25.202301,23.400726,1008.89,1.7719684,0.27466542,0.98546845,89.76482,0.92342204
2021-11-05 06:00:00,27.556732,23.580109,1010.60626,2.5822458,-0.74914455,0.99999976,78.96975,0.0
2021-11-05 12:00:00,27.879425,23.547882,1007.66565,-0.9334421,0.44704688,0.9548197,77.34434,0.6857994
2021-11-05 18:00:00,26.058014,24.259277,1009.7031,0.7468409,1.6112244,0.999505,89.841896,0.0
2021-11-06 00:00:00,25.640656,23.671417,1008.0044,1.7546835,-0.99817276,0.98151875,88.89505,0.56388843
2021-11-06 06:00:00,28.313812,24.107513,1009.02,1.9745971,-2.5949173,0.9882184,77.99281,0.0
2021-11-06 12:00:00,27.509491,24.054901,1005.9969,-1.936533,-1.9463644,0.98545676,81.48252,1.2093006
2021-11-06 18:00:00,25.530304,23.896606,1008.1025,2.5545776,0.062747,0.81721395,90.699905,0.0
2021-11-07 00:00:00,25.296356,23.451721,1006.52124,3.4114084,-1.1887493,0.99861485,89.53883,0.060851708
2021-11-07 06:00:00,27.629333,23.736237,1008.40375,3.481082,-2.832862,0.985547,79.37798,0.0
2021-11-07 12:00:00,27.253815,23.470886,1005.75,2.2069468,-5.314232,0.9963563,79.85571,0.0932482
2021-11-07 18:00:00,25.554169,23.78238,1008.295,2.9737844,-5.880232,0.9996095,89.95136,1.9411935
2021-11-08 00:00:00,25.408966,24.242249,1006.7,-3.3681374,-6.6900253,0.98690826,93.271736,2.32349
2021-11-08 06:00:00,25.86734,24.484283,1009.4725,-1.7142076,-5.467227,0.9216066,92.09465,0.0
2021-11-08 12:00:00,25.983337,24.223877,1007.47687,-0.9288082,-8.008753,0.99334747,90.04839,0.0
2021-11-08 18:00:00,24.9581,23.532959,1009.64435,1.8213835,-7.7725334,0.9983338,91.80983,0.82314146
2021-11-09 00:00:00,25.095123,23.448242,1007.82,0.73960686,-7.421567,1.0,90.59899,2.4390113
2021-11-09 06:00:00,25.088654,23.246368,1009.6431,-0.9212847,-7.004219,1.0,89.53615,0.0
2021-11-09 12:00:00,25.925934,23.816742,1007.5669,1.2664328,-6.088022,1.0,88.1723,0.0
2021-11-09 18:00:00,25.344147,24.081818,1009.51,-0.70066833,-6.0824833,0.99910915,92.73496,0.88733864
2021-11-10 00:00:00,25.000519,23.293488,1008.7225,3.8042774,-3.8673315,1.0,90.264244,0.6476877
2021-11-10 06:00:00,25.948883,23.444794,1007.90564,3.1982956,-6.787034,1.0,86.10173,0.0
2021-11-10 12:00:00,25.519989,22.59439,1005.35,2.9126458,-7.312299,1.0,83.88954,0.0
2021-11-10 18:00:00,25.004913,21.94992,1006.9519,4.5824857,-5.2545023,1.0,83.17374,0.0
2021-11-11 00:00:00,24.757843,22.172974,1004.57874,5.6140985,0.6782837,0.99535036,85.56457,0.010496369
2021-11-11 06:00:00,28.412994,21.621796,1004.3794,6.7605524,0.42065144,1.0,66.70313,0.0
2021-11-11 12:00:00,28.418732,21.975922,1002.2619,4.584058,-0.56470585,0.9953506,68.13871,0.0
2021-11-11 18:00:00,26.690216,22.7482,1004.8706,3.360286,3.0193071,0.9985172,79.0146,0.14769727
2021-11-12 00:00:00,26.231232,23.535065,1004.4506,1.8661213,2.7934275,0.9991092,85.1381,0.0
2021-11-12 06:00:00,28.419708,22.643219,1006.0781,3.6973238,1.1606045,0.95049417,70.95782,0.0
2021-11-12 12:00:00,28.337585,22.809052,1005.04,2.4602897,1.4867519,0.8843193,72.01812,0.0
2021-11-12 18:00:00,27.003754,23.967926,1007.5619,1.5480313,2.626441,0.98842996,83.49746,0.0
2021-11-13 00:00:00,26.605438,23.811676,1006.7556,1.2296398,2.2716165,0.99535173,84.6779,0.0051467605
2021-11-13 06:00:00,28.515228,23.700836,1008.3844,0.8543066,1.9726866,0.99999994,75.22333,0.05074892
2021-11-13 12:00:00,28.329346,24.748901,1006.0681,0.095682144,4.607828,0.9999997,80.97316,0.044157043
2021-11-13 18:00:00,27.067352,24.983917,1008.38873,2.011397,3.8634431,0.99871826,88.402016,0.10840215
2021-11-14 00:00:00,26.56134,24.391205,1006.7075,3.3251388,1.2322598,0.99077183,87.9034,0.0
2021-11-14 06:00:00,27.783722,24.251495,1008.71564,1.4124408,0.5855235,1.0,81.13808,0.04099679
2021-11-14 12:00:00,27.914581,24.531403,1005.71375,-0.66116714,1.0438294,1.0,81.88189,0.60788506
2021-11-14 18:00:00,27.12857,24.876678,1008.2275,-0.34436035,2.7347546,0.9893314,87.52321,0.0
2021-11-15 00:00:00,26.443237,24.410675,1006.14435,2.1028032,1.3741117,0.9868224,88.620895,0.0
2021-11-15 06:00:00,28.505096,24.925232,1006.78564,1.1244217,-2.1822891,0.8184098,80.998245,0.045694172
2021-11-15 12:00:00,27.059784,24.274933,1004.2981,-0.4489746,0.03713131,0.8055452,84.770775,1.846621
2021-11-15 18:00:00,25.620544,24.048645,1006.95123,0.4691835,0.21975648,0.9481179,91.043144,0.0
2021-11-16 00:00:00,25.585815,23.714478,1005.425,-0.39165497,1.1121901,0.9798177,89.41635,0.0
2021-11-16 06:00:00,28.202179,23.989166,1007.6669,-0.7228174,0.07916367,0.9955316,77.94528,0.0
2021-11-16 12:00:00,27.551483,24.534088,1005.15814,-1.3940153,1.5325632,1.0000001,83.65094,0.28500137
2021-11-16 18:00:00,25.639313,24.067017,1008.60815,-0.0396986,-0.087872505,0.9926702,91.0422,0.64248383
2021-11-17 00:00:00,25.97525,23.889587,1006.85315,0.71283865,-2.653512,0.997333,88.30124,0.0
2021-11-17 06:00:00,27.756378,24.609802,1008.9931,0.06279755,-4.3786306,0.99999994,83.03014,0.33254474
2021-11-17 12:00:00,26.256622,24.338043,1007.1238,-0.6174097,-4.091424,0.99851656,89.213486,0.0
2021-11-17 18:00:00,25.775116,24.413635,1008.64435,2.4974313,-3.778903,1.0,92.20853,0.17347717
2021-11-18 00:00:00,25.460968,23.516418,1005.0737,5.2088656,-4.1991386,1.0,89.0134,0.0
2021-11-18 06:00:00,26.622528,23.736603,1005.4306,6.7342215,-2.4014587,1.0,84.21143,0.0
2021-11-18 12:00:00,27.245636,23.89685,1002.33435,6.1182137,1.9320042,0.9810363,81.96967,0.0
2021-11-18 18:00:00,26.96109,24.15738,1003.8331,5.2529306,6.870786,0.9841724,84.66463,0.0
2021-11-19 00:00:00,26.550812,23.508392,1002.8094,3.722435,5.3631706,0.995845,83.41338,0.27942657
2021-11-19 06:00:00,28.840302,23.52301,1004.5569,1.5464079,5.213541,0.28899825,73.03131,0.0
2021-11-19 12:00:00,28.229736,24.671478,1001.59564,0.31753212,5.145344,0.60852003,81.06795,0.0
2021-11-19 18:00:00,26.204865,24.318634,1004.96564,-1.0633631,4.897603,0.8397258,89.38268,0.9182915
2021-11-20 00:00:00,26.059937,24.219635,1003.8862,1.8044372,2.8524222,0.95003176,89.61837,0.0
2021-11-20 06:00:00,28.664093,24.771942,1006.36,1.950264,2.031863,0.8657981,79.522995,0.0
2021-11-20 12:00:00,28.662018,24.815704,1004.58563,-0.036291838,3.0492349,0.7302769,79.740685,0.0
2021-11-20 18:00:00,26.457611,24.517334,1007.8756,1.22752,4.4792786,0.78747934,89.112976,0.0
2021-11-21 00:00:00,26.320404,24.125092,1006.3731,2.1340113,1.2301426,0.15768623,87.75036,0.0
2021-11-21 06:00:00,28.605621,24.669281,1009.16187,-1.2152138,-1.5611315,0.9583362,79.3054,0.10223758
2021-11-21 12:00:00,28.175812,24.445435,1007.53876,-2.2195215,0.5354506,0.4708435,80.230675,0.0
2021-11-21 18:00:00,27.134583,24.301483,1010.2413,1.1633018,1.5087968,0.95790297,84.53378,0.0
2021-11-22 00:00:00,26.08368,23.820587,1008.935,0.32936382,-1.4753866,0.93982613,87.373245,0.05720745
2021-11-22 06:00:00,27.886261,24.381561,1010.6625,-1.9174356,-4.5055094,0.95083886,81.28491,0.07726298
2021-11-22 12:00:00,27.569916,24.372528,1008.17377,-2.6160555,-4.0885363,0.9862139,82.756485,0.0
2021-11-22 18:00:00,27.352509,24.258545,1010.1975,-2.9849014,-3.250801,0.9915779,83.24594,0.0
2021-11-23 00:00:00,26.069122,24.375061,1008.23,-1.2708473,-4.0608683,0.9876159,90.40801,0.37144426
2021-11-23 06:00:00,28.216461,24.960785,1009.85065,-1.8402433,-4.7555323,0.7815225,82.54417,0.0
2021-11-23 12:00:00,28.361969,24.671448,1007.08624,-3.9146624,-3.7710772,0.9870188,80.4465,0.0
2021-11-23 18:00:00,27.0159,24.748962,1009.51685,-3.5194473,-4.259821,1.0,87.43484,0.042743087
2021-11-24 00:00:00,27.067047,24.096313,1008.08435,-1.7856512,-5.2026606,0.99921596,83.83158,0.067430235
2021-11-24 06:00:00,28.471283,23.722626,1009.765,-3.1753721,-5.374999,1.0,75.51464,0.0
2021-11-24 12:00:00,27.082245,24.123901,1008.2006,-2.2805214,-2.5186014,1.0,83.89563,0.46644777
2021-11-24 18:00:00,25.638885,24.295593,1010.0644,-2.8334723,-3.6075544,0.9991091,92.3015,2.0296838
2021-11-25 00:00:00,25.663605,24.27597,1008.01874,-2.09544,-5.84301,1.0,92.05786,0.0
2021-11-25 06:00:00,26.72116,24.720917,1009.08563,-5.5460997,-6.168742,0.9992128,88.81439,0.0
2021-11-25 12:00:00,26.085052,24.636078,1007.8569,-5.424328,-4.597327,0.98493713,91.744774,0.0
2021-11-25 18:00:00,25.442535,24.235779,1010.6356,-3.7336664,-2.7505789,1.0000001,93.04974,0.9348912
2021-11-26 00:00:00,26.37027,23.953918,1007.9437,-2.61969,-4.525936,0.99950564,86.59772,0.0
2021-11-26 06:00:00,25.896515,24.318817,1010.3144,-3.019373,-4.6461277,0.994336,91.02908,0.84991616
2021-11-26 12:00:00,25.960083,23.89386,1008.2587,-1.4892054,-3.7302523,0.9996034,88.40323,0.14917731
2021-11-26 18:00:00,25.644196,24.247803,1010.09125,-1.7936878,-4.545642,1.0,92.00844,0.0
2021-11-27 00:00:00,25.130219,23.550934,1008.4994,-1.5365858,-4.058072,1.0,90.97128,1.1223371
2021-11-27 06:00:00,25.775055,24.01767,1010.08936,-2.9123325,-3.2884007,1.0,90.044945,0.0
2021-11-27 12:00:00,25.69983,24.08255,1008.2619,-4.0897293,-3.3178139,0.99999994,90.800545,0.0
2021-11-27 18:00:00,25.381805,24.023254,1010.33813,-3.7818584,-2.600896,0.9928525,92.20274,2.3748689
2021-11-28 00:00:00,25.194183,23.65213,1009.005,-3.8301334,-2.1983967,1.0,91.17966,0.0
2021-11-28 06:00:00,26.490997,23.781494,1010.8225,-3.717884,-1.7179127,0.98523635,85.09631,0.0
2021-11-28 12:00:00,25.986877,23.660583,1008.8638,-4.0505705,-2.7995272,0.98593175,87.032906,0.0
2021-11-28 18:00:00,25.23349,23.793152,1011.40063,-3.75947,-2.4377193,0.9934515,91.742065,0.0
2021-11-29 00:00:00,25.14273,23.687012,1009.97064,-3.2607775,-1.2980175,0.9878293,91.651794,0.0
2021-11-29 06:00:00,26.6055,24.317047,1012.58,-3.7817354,1.3316383,1.0,87.28631,0.8297144
2021-11-29 12:00:00,26.713379,24.147614,1009.48376,-4.043477,-1.2770224,0.9134403,85.85675,0.0
2021-11-29 18:00:00,25.47586,24.104156,1011.5694,-3.6185932,-1.7018194,0.9087495,92.13522,0.10966982
2021-11-30 00:00:00,25.384705,23.53128,1010.52374,-3.442708,-0.40979385,0.57164025,89.49791,0.3232205
2021-11-30 06:00:00,26.590607,23.88681,1012.4169,-2.2622375,-1.2408714,0.47064704,85.13573,0.0
2021-11-30 12:00:00,27.598297,24.31363,1009.0044,-3.598033,-2.029436,0.30428302,82.328186,0.0
2021-11-30 18:00:00,25.66568,24.280212,1012.46625,-2.6142101,-1.9730082,0.37945896,92.069954,0.19360411
2021-12-01 00:00:00,25.324127,23.670746,1010.45874,-1.8702383,-3.0734863,0.28115743,90.57883,0.0
2021-12-01 06:00:00,27.61966,24.184906,1010.96686,-4.268878,-3.4815836,0.28712052,81.59325,0.0021933094
2021-12-01 12:00:00,26.473907,24.361725,1008.7587,-4.211506,-2.4143,0.4070089,88.20176,0.2781908
2021-12-01 18:00:00,25.507233,23.918854,1011.8663,-3.2693071,-1.506856,0.5940099,90.9458,0.3724015
2021-12-02 00:00:00,25.229492,23.690765,1010.1319,-0.84799194,-2.5941877,0.9999994,91.200134,0.0
2021-12-02 06:00:00,27.449493,23.998383,1011.27374,-1.8991833,-4.8152504,0.48473275,81.492096,0.0
2021-12-02 12:00:00,27.534119,22.503998,1008.5475,-2.6189585,-5.085658,0.6145011,74.08993,0.0
2021-12-02 18:00:00,26.972687,22.063324,1011.52936,-4.1231537,-4.2140074,0.3713565,74.54352,0.0
2021-12-03 00:00:00,26.381622,21.91275,1009.52625,1.0819087,-2.163478,0.8555287,76.47807,0.0
2021-12-03 06:00:00,28.02127,22.11029,1011.775,1.0344778,-3.395688,0.99088126,70.30727,0.0005721231
2021-12-03 12:00:00,27.575592,21.84378,1009.34125,-1.8993435,-2.515172,0.9018951,70.997635,0.0
2021-12-03 18:00:00,26.239471,21.940094,1011.4344,-1.9922218,-1.7209673,0.67845434,77.25144,0.0
2021-12-04 00:00:00,26.181793,23.022247,1010.4888,-1.5340385,-1.5904436,0.83675724,82.78313,0.0005720649
2021-12-04 06:00:00,27.892853,22.97882,1012.23065,1.1315615,-1.820837,0.36975563,74.67245,0.05665212
2021-12-04 12:00:00,28.144745,23.133514,1009.7438,-1.9640846,0.52549267,0.55937445,74.27569,0.0
2021-12-04 18:00:00,26.796478,23.759338,1011.86,-0.08705652,2.1106734,0.07286282,83.46761,0.0
2021-12-05 00:00:00,26.267609,23.98877,1010.9288,1.3997898,1.7490014,0.21638668,87.3068,0.012490898
2021-12-05 06:00:00,28.907623,23.894226,1011.4444,0.6151336,1.1091406,0.17609195,74.39104,0.0007643299
2021-12-05 12:00:00,28.365631,24.596527,1008.15686,-1.8089523,1.5227232,0.14660896,80.06992,0.0
2021-12-05 18:00:00,27.506073,24.794647,1011.34375,-0.9837513,1.7155308,0.8754543,85.18997,0.0
2021-12-06 00:00:00,26.040558,23.9982,1010.02374,0.624177,1.5383006,0.3053947,88.53662,0.17613955
2021-12-06 06:00:00,27.920074,24.0206,1011.8069,-0.52234155,-0.22991562,0.3343351,79.3872,0.0
2021-12-06 12:00:00,27.880981,23.916718,1009.28314,-1.350563,0.4244331,0.51044077,79.0734,0.0
2021-12-06 18:00:00,27.0914,23.950195,1011.3525,-0.8542471,-0.12999183,0.82490194,82.98038,0.0
2021-12-07 00:00:00,26.855286,23.763245,1010.6231,-0.6073837,-1.2228422,0.53739774,83.198944,0.006293878
2021-12-07 06:00:00,28.53653,23.643219,1012.1806,-2.7514944,-2.4845238,0.3667246,74.87012,0.0021965243
2021-12-07 12:00:00,27.875397,23.48108,1009.5031,-2.8968086,-3.3195152,0.4089509,77.05158,0.0
2021-12-07 18:00:00,27.04837,23.422607,1011.3081,-3.8517227,-3.3199482,0.1239367,80.58916,0.0
2021-12-08 00:00:00,26.599152,23.733582,1010.2531,-2.399849,-3.2518015,0.37575185,84.31216,0.15096739
2021-12-08 06:00:00,27.762604,24.383514,1012.03564,-2.982212,-4.1138983,0.32981992,81.88347,0.0
2021-12-08 12:00:00,28.18515,23.999603,1009.8769,-2.7786493,-3.5759516,0.016954623,78.07154,0.0
2021-12-08 18:00:00,27.245392,23.766571,1011.7406,-3.3939247,-2.857911,0.24463962,81.331024,0.0019106083
2021-12-09 00:00:00,25.597015,23.628204,1011.5275,-4.5943146,-1.7432632,0.9427856,88.893906,1.0769795
2021-12-09 06:00:00,27.413055,24.8732,1013.5012,-3.0273495,-2.5113878,0.7498028,86.057755,0.0
2021-12-09 12:00:00,28.103485,23.427032,1011.34186,-3.639841,-2.4930773,0.54134166,75.78606,0.0
2021-12-09 18:00:00,26.020233,23.66098,1013.7631,-4.116783,-2.790532,0.9220516,86.863365,0.2007559
2021-12-10 00:00:00,26.02951,23.610657,1012.1925,-2.1895752,-3.5513964,0.8498341,86.552956,0.0
2021-12-10 06:00:00,28.718536,23.994354,1014.02814,-3.0583887,-4.8270397,0.55418867,75.664734,0.0
2021-12-10 12:00:00,27.87503,23.354279,1011.54315,-3.8149319,-5.5329695,0.19466555,76.465996,0.0
2021-12-10 18:00:00,26.362457,24.084686,1013.52625,-3.8484,-3.3818693,0.30800217,87.32078,0.15554577
2021-12-11 00:00:00,25.6044,23.927673,1011.73065,-1.8039694,-3.9910707,0.39680183,90.47057,0.0
2021-12-11 06:00:00,27.206818,24.657745,1013.3656,-1.4631081,-5.4658775,0.5347845,85.990555,0.08259246
2021-12-11 12:00:00,27.171051,24.59903,1010.8881,-4.349659,-5.3525486,0.16453081,85.86918,0.0
2021-12-11 18:00:00,25.790314,24.165314,1013.58624,-3.845457,-4.4213667,0.4410044,90.76441,0.018690303
2021-12-12 00:00:00,25.726715,24.025604,1011.8625,-2.576478,-4.741164,0.4853469,90.346405,0.0037210435
2021-12-12 06:00:00,26.759735,24.417816,1013.6188,-2.5245962,-5.528369,0.9396912,87.020935,0.0036219805
2021-12-12 12:00:00,26.852264,24.555206,1010.79315,-4.1129837,-4.9089613,0.37331635,87.263176,0.0
2021-12-12 18:00:00,26.098236,24.359924,1012.7225,-4.299404,-4.1046124,0.9915866,90.170685,0.13152122
2021-12-13 00:00:00,25.159576,23.777008,1010.9419,-3.4250603,-4.35981,0.49005455,92.05717,0.0
2021-12-13 06:00:00,26.623749,24.280975,1013.1456,-2.9304914,-5.1278524,0.5480185,87.004234,0.0
2021-12-13 12:00:00,26.608063,24.147095,1009.8925,-3.5123339,-5.3221865,0.2562394,86.388245,0.0
2021-12-13 18:00:00,25.168304,23.756226,1011.8806,-3.4575377,-4.490302,0.9187638,91.89437,0.11424588
2021-12-14 00:00:00,24.592804,23.376526,1010.54315,-2.076683,-5.227233,0.56496596,92.95358,0.0
2021-12-14 06:00:00,26.55899,24.266327,1012.6206,-2.2433453,-5.247059,1.0000032,87.26018,0.0
2021-12-14 12:00:00,25.962006,23.962555,1009.53186,-3.2798538,-6.174963,0.9931965,88.75889,0.058652222
2021-12-14 18:00:00,25.248932,23.680573,1012.53564,-2.9909868,-4.6701565,0.8520742,91.0388,0.047396824
2021-12-15 00:00:00,24.694427,23.35141,1011.0619,-2.5011177,-5.036278,0.98392314,92.25063,0.13055056
2021-12-15 06:00:00,26.40329,24.203644,1013.1731,-2.9472961,-5.2258883,0.9798251,87.73464,0.0
2021-12-15 12:00:00,26.135895,23.59793,1010.4875,-3.236723,-6.29344,0.8670323,85.94414,0.0
2021-12-15 18:00:00,25.661957,23.408356,1013.1362,-3.5267115,-5.6090364,0.9946679,87.38609,0.0
2021-12-16 00:00:00,25.9982,22.80246,1011.6319,-1.7012901,-6.4859953,0.8266018,82.58029,0.0
2021-12-16 06:00:00,27.280792,22.556976,1013.8669,-2.3262491,-7.806942,0.6225854,75.439705,0.054754317
2021-12-16 12:00:00,27.147186,21.759186,1011.4956,-3.5192728,-6.6834736,0.28250796,72.426956,0.0
2021-12-16 18:00:00,26.589874,21.581451,1013.7531,-1.8086262,-6.5190125,0.38614476,74.03094,0.0023841858
2021-12-17 00:00:00,25.579865,21.582367,1012.2875,-0.10928249,-6.5744476,0.9473687,78.592285,0.0
2021-12-17 06:00:00,27.134491,22.16568,1014.4931,-0.9927721,-6.799054,0.9419397,74.30055,0.0072456896
2021-12-17 12:00:00,27.291534,21.702362,1011.85065,-3.6974993,-5.6978474,0.9785097,71.567474,0.0
2021-12-17 18:00:00,26.687775,21.70523,1013.98376,-2.1708908,-5.3283234,0.7437193,74.16447,0.06741285
2021-12-18 00:00:00,25.66629,21.575897,1011.7969,-1.0379505,-6.8010406,0.40748256,78.15928,0.0
2021-12-18 06:00:00,27.010223,22.055573,1013.6944,-1.6706867,-7.3417606,0.26683325,74.344215,0.0
2021-12-18 12:00:00,26.923218,20.991516,1010.97687,-3.7037487,-6.822378,0.023674421,70.014175,0.0
2021-12-18 18:00:00,26.276093,20.4404,1013.97375,-3.7190828,-6.393528,0.32829702,70.308266,0.001048902
2021-12-19 00:00:00,25.095734,20.680756,1012.97437,-1.707221,-5.942568,0.6545924,76.53315,0.12789084
2021-12-19 06:00:00,26.88675,21.260773,1014.8869,-2.0184937,-6.326373,0.50948155,71.33376,0.0
2021-12-19 12:00:00,26.916748,19.440216,1012.4994,-3.0215101,-6.0703936,0.09918995,63.636883,0.0
2021-12-19 18:00:00,25.610138,19.217102,1014.9294,-2.2345543,-5.381527,0.40092468,67.79468,0.00047683716
2021-12-20 00:00:00,25.031403,19.409393,1013.28815,-1.3456869,-4.858693,0.5610809,71.013756,0.0
2021-12-20 06:00:00,27.34903,20.128937,1015.04626,-2.2539425,-5.9925346,0.41731608,64.75001,0.0030520605
2021-12-20 12:00:00,27.36792,20.266388,1011.91187,-2.2919512,-5.197407,0.12769452,65.23029,0.0
2021-12-20 18:00:00,25.999542,19.636627,1014.3713,-3.1978092,-3.9718704,0.32906997,67.9989,0.0
2021-12-21 00:00:00,25.26297,19.679962,1013.0725,0.71349907,-4.3905497,0.021119682,71.228386,0.0
2021-12-21 06:00:00,26.857513,21.31961,1015.4294,-0.5870981,-5.576189,0.062413834,71.7147,0.00028614886
2021-12-21 12:00:00,26.761993,20.64621,1012.6825,-2.3977098,-4.2377853,0.054595947,69.19538,0.0
2021-12-21 18:00:00,25.589142,19.924347,1014.27124,-2.1887379,-3.6791973,0.0,70.92755,0.0
2021-12-22 00:00:00,24.988312,19.855255,1012.5419,-1.5677271,-3.2098083,0.19438934,73.19473,0.0
2021-12-22 06:00:00,26.948029,19.712555,1014.3156,-2.2144728,-4.049053,0.22551078,64.60358,0.0
2021-12-22 12:00:00,26.31015,18.95578,1011.4381,-2.5069952,-2.370305,0.005827059,63.991684,0.0
2021-12-22 18:00:00,24.182037,17.677094,1013.1769,-2.1617641,-2.0271854,0.0008907318,67.03519,0.0
2021-12-23 00:00:00,23.915924,17.543182,1012.0181,-1.7001019,-1.9572554,0.0,67.54227,0.0
2021-12-23 06:00:00,26.763214,18.426422,1013.8219,-2.0402842,-2.7287693,0.02041626,60.27673,0.0
2021-12-23 12:00:00,26.097626,18.628693,1011.3119,-2.5087833,-3.052617,0.0,63.489456,0.0
2021-12-23 18:00:00,24.189117,19.119507,1012.9281,-2.7982922,-2.3235664,0.070251465,73.34626,0.0
2021-12-24 00:00:00,24.46231,19.143951,1011.2969,-1.8795881,-1.7855434,0.3574829,72.265305,0.0
2021-12-24 06:00:00,27.170929,19.689484,1013.9481,-2.420291,-3.082199,0.593152,63.67236,0.00085830106
2021-12-24 12:00:00,26.544037,19.336487,1011.6319,-3.100401,-2.0968828,0.00078582764,64.630035,0.0
2021-12-24 18:00:00,24.734772,19.917267,1013.2944,-2.6414776,-2.088891,0.0,74.596855,0.0
2021-12-25 00:00:00,23.99295,19.499573,1012.2344,-1.829874,-2.468319,0.3806076,75.99146,0.0
2021-12-25 06:00:00,26.897736,19.510162,1014.01373,-2.7579575,-2.6249304,0.6556915,63.985634,0.0
2021-12-25 12:00:00,26.569305,19.105316,1011.9844,-3.1034431,-1.9479866,0.09870148,63.611412,0.0
2021-12-25 18:00:00,24.888824,18.716827,1014.1269,-2.5177002,-1.9989948,0.082424164,68.59318,0.0
2021-12-26 00:00:00,24.723297,18.870697,1012.5425,-1.9859571,-2.1500406,0.4736786,69.94368,0.0
2021-12-26 06:00:00,27.810028,19.187714,1015.15125,-2.713665,-3.3393192,0.5857446,59.45065,0.0
2021-12-26 12:00:00,26.872772,20.438812,1013.1169,-2.9244308,-3.1056442,0.053379063,67.87247,0.0
2021-12-26 18:00:00,25.889557,19.677338,1015.51624,-1.9856186,-2.4525814,0.151268,68.61632,0.0
2021-12-27 00:00:00,25.537384,19.4747,1014.4,-3.0512705,-2.2381601,0.50741464,69.18821,0.0
2021-12-27 06:00:00,28.155853,19.738007,1015.5588,-3.7339458,-2.1950893,0.57229596,60.29126,0.0006677583
2021-12-27 12:00:00,27.522919,20.318207,1012.71124,-2.7546206,-2.689539,0.2830948,64.84827,0.0
2021-12-27 18:00:00,26.55777,20.286957,1014.16125,-3.3999891,-2.9911432,0.40001774,68.49756,0.0
2021-12-28 00:00:00,26.13919,19.843964,1012.775,-3.5772314,-2.584468,0.56847316,68.31252,9.534415e-05
2021-12-28 06:00:00,28.040985,20.646393,1014.6337,-4.0068903,-2.3204365,0.4047281,64.20218,0.0011446885
2021-12-28 12:00:00,27.165558,21.600739,1012.0975,-3.714798,-2.6011019,0.091458514,71.65157,0.0
2021-12-28 18:00:00,25.975983,21.289429,1012.7562,-3.322691,-2.235011,0.121369585,75.40349,0.0
2021-12-29 00:00:00,25.714386,21.061676,1011.8162,-3.2423668,-1.4552164,0.4324472,75.51846,0.006484799
2021-12-29 06:00:00,27.799896,20.336945,1013.8663,-2.6601133,-2.921072,0.8211426,63.880646,0.0
2021-12-29 12:00:00,27.166656,21.148407,1011.3775,-2.8365679,-3.6375685,0.69712794,69.68862,0.0
2021-12-29 18:00:00,25.593048,22.232452,1013.2419,-3.2679129,-4.8099155,0.4638207,81.70872,0.1135841
2021-12-30 00:00:00,24.264801,22.894867,1012.0062,-2.7157583,-3.7820683,0.35773748,92.0764,0.08344497
2021-12-30 06:00:00,25.939117,22.816193,1014.8206,-4.3347664,-3.4294176,0.73362064,82.938614,0.13494466
2021-12-30 12:00:00,25.162872,22.781158,1012.20435,-4.0379963,-3.680643,0.66605896,86.66662,0.16386643
2021-12-30 18:00:00,24.406067,23.084503,1014.53,-3.009859,-4.1786327,0.62261564,92.354294,0.0
2021-12-31 00:00:00,24.740326,22.727661,1013.1994,-3.0968056,-3.8292494,0.98928976,88.59075,0.5350831
2021-12-31 06:00:00,25.691498,23.29773,1015.42377,-5.136422,-2.0961761,0.8457991,86.652534,0.073914886
2021-12-31 12:00:00,25.047913,23.382782,1012.90314,-5.116254,-3.3910685,0.9471214,90.49607,0.0
2021-12-31 18:00:00,24.421844,23.14392,1015.21936,-4.778739,-4.7957706,0.97543037,92.59923,0.091368616
2022-01-01 00:00:00,24.798004,23.197327,1013.6169,-4.0855885,-3.2969656,0.9004973,90.83238,0.0
2022-01-01 06:00:00,25.298218,23.613281,1015.9844,-4.5377026,-4.9655695,0.77549887,90.40507,0.19772458
2022-01-01 12:00:00,25.276367,23.232452,1013.2438,-4.167156,-4.3905344,0.46638256,88.46659,0.0
2022-01-01 18:00:00,24.727203,23.129578,1015.4125,-4.045289,-4.3823185,0.9033698,90.84451,0.18408105
2022-01-02 00:00:00,24.318756,22.872498,1013.33563,-3.3129683,-3.9560928,0.93624866,91.654854,0.019347578
2022-01-02 06:00:00,26.99466,23.633759,1014.87,-4.373847,-4.4532347,0.6580577,81.87937,0.0
2022-01-02 12:00:00,26.974335,22.601013,1011.9425,-4.608739,-6.2798643,0.12513465,77.014404,0.0
2022-01-02 18:00:00,26.049774,22.404846,1013.70685,-5.458951,-5.404313,0.68777406,80.365364,0.06084062
2022-01-03 00:00:00,25.510345,21.912872,1012.0006,-4.4283886,-5.550205,0.7366942,80.52714,0.0
2022-01-03 06:00:00,27.2789,21.672577,1014.2225,-4.158537,-5.7996836,0.22257411,71.49022,0.0
2022-01-03 12:00:00,26.719452,21.539856,1012.6175,-4.042514,-5.75521,0.093021065,73.28143,0.0
2022-01-03 18:00:00,26.024567,21.243591,1014.02185,-3.985446,-4.7739487,0.33253288,74.97596,0.0
2022-01-04 00:00:00,25.128143,21.138245,1012.7419,-1.9696751,-4.853753,0.8588783,78.56465,0.002861023
2022-01-04 06:00:00,26.596344,21.43106,1015.0606,-3.8346577,-6.6801004,0.33884913,73.32465,0.026228838
2022-01-04 12:00:00,25.994232,21.008667,1012.4387,-3.128993,-6.179141,0.3825235,74.03532,0.0
2022-01-04 18:00:00,25.30362,19.981964,1014.5325,-3.174573,-4.5872984,0.4710935,72.399124,0.0
2022-01-05 00:00:00,24.839142,19.638062,1012.84064,-1.1296406,-4.544485,0.47532654,72.860794,0.0
2022-01-05 06:00:00,26.722137,21.834137,1014.8812,-0.018623352,-5.470237,0.21436949,74.5997,0.0
2022-01-05 12:00:00,26.585419,21.888763,1012.085,-2.6247187,-4.5557623,0.30158716,75.45399,9.534415e-05
2022-01-05 18:00:00,26.001373,22.070465,1013.79626,-3.4989529,-4.4866695,0.14144267,78.971985,0.0
2022-01-06 00:00:00,25.50357,22.191986,1012.40314,-2.8408804,-4.558943,0.47354102,81.94189,0.11215173
2022-01-06 06:00:00,26.810394,23.004303,1013.7463,-3.661911,-5.7746468,0.41241527,79.68446,0.0
2022-01-06 12:00:00,26.790619,23.052948,1010.5719,-2.9706964,-4.051675,0.34435624,80.012375,0.0
2022-01-06 18:00:00,25.724884,22.95404,1013.07874,-2.4349918,-3.756631,0.28998363,84.70249,0.081826
2022-01-07 00:00:00,25.278107,22.977325,1012.4194,-2.5506086,-2.8206654,0.36372548,87.10315,0.049211085
2022-01-07 06:00:00,26.338776,23.46164,1014.015,-4.119651,-3.9531212,0.7093621,84.22539,0.025372237
2022-01-07 12:00:00,26.742096,23.104187,1011.4994,-4.25844,-3.5595026,0.4514383,80.49024,0.0
2022-01-07 18:00:00,25.908417,22.570862,1014.125,-3.1526432,-2.8782663,0.4590183,81.86213,0.023649383
2022-01-08 00:00:00,25.278473,22.089783,1012.6863,-2.548357,-3.158143,0.23989034,82.53039,0.037668705
2022-01-08 06:00:00,27.428314,22.442932,1014.59,-4.766095,-4.30678,0.3974188,74.27411,0.0061076134
2022-01-08 12:00:00,27.228851,22.045807,1011.935,-4.0912848,-3.7214851,0.22461456,73.35266,0.0
2022-01-08 18:00:00,26.070587,21.725983,1013.4931,-3.8396673,-2.7856455,0.18826398,77.01311,0.0
2022-01-09 00:00:00,25.71347,21.488861,1011.4469,-3.3890018,-3.0356913,0.1916027,77.52684,0.0
2022-01-09 06:00:00,27.550385,21.603882,1013.14435,-3.347906,-3.6360645,0.17505473,70.0677,0.011920929
2022-01-09 12:00:00,26.911896,21.983429,1010.53314,-3.116169,-2.7764473,0.018701173,74.446785,0.0
2022-01-09 18:00:00,25.849396,21.950592,1012.7631,-2.7644367,-1.6583452,0.97460294,79.10553,0.0
2022-01-10 00:00:00,25.390411,21.91269,1011.2406,-2.4770613,-1.8614054,0.8621028,81.10219,0.0007627532
2022-01-10 06:00:00,27.8591,22.132568,1013.47186,-2.6907396,-3.0153131,0.3607754,71.071945,0.014116056
2022-01-10 12:00:00,27.214508,22.458038,1010.71185,-4.465143,-0.9789076,0.14040847,75.27968,0.0
2022-01-10 18:00:00,26.319794,22.562897,1012.14624,-3.6996956,-1.2663851,0.30010742,79.856255,0.033855904
2022-01-11 00:00:00,25.988922,22.664581,1011.0475,-1.7429886,-3.47781,0.34040004,81.93767,0.10280684
2022-01-11 06:00:00,27.372467,23.512787,1013.17,-1.936306,-3.2771702,0.18225384,79.50295,0.0
2022-01-11 12:00:00,27.15561,23.029358,1010.3669,-4.363553,-1.4103155,0.32636082,78.203125,0.0
2022-01-11 18:00:00,26.39383,23.127869,1011.8875,-3.1465673,-1.353159,0.109851986,82.277,0.0
2022-01-12 00:00:00,25.776154,22.678314,1010.64374,-1.6617451,-1.5221825,0.8256893,83.04598,0.017166138
2022-01-12 06:00:00,27.021515,23.536713,1012.8425,-2.74957,-1.8365221,0.33300263,81.27367,0.12768893
2022-01-12 12:00:00,26.836823,23.771698,1010.105,-3.15594,-1.275032,0.32123297,83.3317,0.0
2022-01-12 18:00:00,26.224213,23.636536,1012.10376,-4.0073023,0.11361176,0.12598988,85.6958,0.0
2022-01-13 00:00:00,26.02298,23.029633,1010.1806,-2.11279,0.5017997,0.20095342,83.60157,0.018311664
2022-01-13 06:00:00,28.121246,23.238739,1012.0419,-2.1972713,-0.70307827,0.18894178,74.85195,0.037292622
2022-01-13 12:00:00,27.896637,23.60556,1008.6919,-3.3206177,-0.078450084,0.3814486,77.535706,0.0
2022-01-13 18:00:00,26.67398,23.577362,1011.08563,-4.1580467,-0.2045865,0.105418585,83.1553,0.0069588423
2022-01-14 00:00:00,26.454254,23.282745,1009.7319,-2.8920774,0.9659156,0.79627675,82.75512,0.024306692
2022-01-14 06:00:00,28.150421,23.749237,1012.51624,-1.3506508,0.50338167,0.45377642,77.06078,0.04149732
2022-01-14 12:00:00,27.912018,23.834564,1008.6781,-2.82578,-0.51811314,0.16939452,78.54142,0.0
2022-01-14 18:00:00,26.439606,23.296661,1010.9419,-2.9095135,0.4076578,0.05740073,82.89628,0.0
2022-01-15 00:00:00,26.133148,23.393188,1009.8738,-1.9312887,-0.77639294,0.3080212,84.90343,0.0034330878
2022-01-15 06:00:00,28.215363,22.983246,1012.5119,-3.4200659,-1.1253128,0.34605074,73.30149,0.024890294
2022-01-15 12:00:00,27.812347,23.402283,1010.0775,-4.343647,-1.8217983,0.26129454,76.968994,0.0
2022-01-15 18:00:00,26.601166,23.251404,1012.04065,-4.005171,-2.7038136,0.23518091,81.88638,0.04234165
2022-01-16 00:00:00,25.46933,23.308716,1011.1962,-2.973093,-2.6152897,0.31178743,87.861206,0.047110215
2022-01-16 06:00:00,27.450348,23.727325,1013.91876,-3.068326,-4.5731287,0.73670614,80.170616,0.051124245
2022-01-16 12:00:00,27.818878,22.79242,1011.4394,-4.658743,-4.091196,0.29648018,74.153564,0.0
2022-01-16 18:00:00,26.27182,22.644531,1013.70123,-5.239024,-3.5782108,0.35246748,80.480644,0.148952
2022-01-17 00:00:00,25.483307,22.579468,1012.76373,-2.7897835,-4.127323,0.9782399,83.99641,0.0
2022-01-17 06:00:00,26.298492,23.356354,1015.85815,-2.1488533,-5.0970106,0.51868975,83.89131,0.11072203
2022-01-17 12:00:00,26.539215,22.128601,1012.84814,-3.8087063,-5.404273,0.2275393,76.77431,0.0
2022-01-17 18:00:00,25.690704,22.612152,1015.5481,-3.9327412,-4.7858257,0.19344604,83.133385,0.024984222
2022-01-18 00:00:00,25.426422,21.259247,1013.4581,-3.187705,-4.0361834,0.31345558,77.75772,0.033283606
2022-01-18 06:00:00,27.287262,21.250671,1014.82874,-4.1862154,-5.041315,0.39848876,69.632996,0.0
2022-01-18 12:00:00,26.77884,21.25528,1011.5325,-4.4773903,-3.5069332,0.14317727,71.76373,0.0
2022-01-18 18:00:00,25.246368,21.243378,1014.0375,-3.7227201,-3.220563,0.24471998,78.5184,0.113868855
2022-01-19 00:00:00,25.049103,21.11383,1011.8275,-2.1686726,-3.1457996,0.32814145,78.817314,0.0
2022-01-19 06:00:00,26.263214,22.238739,1014.1944,-1.3743258,-5.187811,0.29724073,78.559944,0.0
2022-01-19 12:00:00,26.37503,21.454315,1009.77814,-3.5220127,-4.1851664,0.31935897,74.393684,0.0
2022-01-19 18:00:00,25.542877,19.575897,1012.6,-3.7876081,-2.52497,0.0,69.60191,0.0
2022-01-20 00:00:00,24.464386,19.226044,1010.515,-2.5924368,-1.7484884,0.0,72.62679,0.0
2022-01-20 06:00:00,26.837067,19.73758,1012.54,-1.796051,-3.3423233,0.02013588,65.12744,0.0
2022-01-20 12:00:00,26.213287,20.565216,1008.92377,-3.4076643,-1.5891228,0.00089263916,71.11495,0.0
2022-01-20 18:00:00,25.26065,20.471527,1010.89185,-4.5331974,1.0799565,0.0,74.814186,0.0
2022-01-21 00:00:00,24.370026,20.00296,1010.105,-0.43424892,-0.010931015,0.033821106,76.64811,0.0
2022-01-21 06:00:00,27.208282,20.379059,1013.3738,-0.7141943,0.60507476,0.034431458,66.30332,0.0
2022-01-21 12:00:00,26.712921,21.32425,1008.97437,-2.368803,2.854396,0.025756836,72.34797,0.0
2022-01-21 18:00:00,25.10971,21.326813,1010.855,-1.2904453,3.2669883,0.83827543,79.56588,0.0
2022-01-22 00:00:00,24.21402,22.045837,1009.26874,2.9261808,2.004322,0.93799245,87.71331,0.0
2022-01-22 06:00:00,27.978424,22.613556,1010.4225,0.8771994,2.6836658,0.8951008,72.67364,0.0
2022-01-22 12:00:00,27.003815,23.29837,1006.815,-2.5139742,4.3698053,0.04516656,80.19667,0.0
2022-01-22 18:00:00,26.241608,23.408478,1008.9263,-3.3381205,3.6491427,0.0,84.43884,0.0
2022-01-23 00:00:00,25.517914,22.517181,1008.775,1.4072527,2.9294367,0.3062439,83.50744,0.0
2022-01-23 06:00:00,27.595612,21.59317,1010.545,0.07830405,3.1153965,0.13064575,69.83679,0.002289191
2022-01-23 12:00:00,27.333527,23.463226,1007.3225,-1.2460442,4.4661145,0.19338709,79.446754,0.0
2022-01-23 18:00:00,26.666595,23.164276,1008.8281,-2.8518867,4.456808,0.1209546,81.14306,0.0
2022-01-24 00:00:00,25.945282,22.80655,1007.97186,-0.48967457,3.63344,0.434911,82.8599,0.0009536743
2022-01-24 06:00:00,27.52481,22.278473,1010.33685,-1.8586311,3.325778,0.20924908,73.12078,0.014493242
2022-01-24 12:00:00,27.340607,21.879059,1007.14374,-3.0199642,3.3738422,0.32060248,72.13627,0.0
2022-01-24 18:00:00,26.232208,22.047638,1009.27875,-2.7168493,2.5792077,0.6701886,77.79311,0.0
2022-01-25 00:00:00,26.11258,21.838623,1008.15564,-1.5754871,3.3074121,0.93191594,77.35246,0.0
2022-01-25 06:00:00,28.092804,21.611237,1010.47565,-2.5153408,2.5400648,0.88941866,67.91395,0.007916242
2022-01-25 12:00:00,27.267609,21.309021,1007.48627,-4.2424946,2.3846397,0.97140074,69.96311,0.0
2022-01-25 18:00:00,26.11557,21.673096,1010.01373,-3.834034,1.7073398,0.18997753,76.560646,0.0
2022-01-26 00:00:00,25.29715,21.829193,1008.4988,-2.7182293,2.2899027,0.87132573,81.138664,0.08106418
2022-01-26 06:00:00,27.306427,21.551971,1011.21625,-3.7820292,1.5534536,0.66251993,70.85046,0.15516135
2022-01-26 12:00:00,27.08316,21.657318,1008.35376,-3.2565536,1.8238647,0.89507025,72.24845,0.0
2022-01-26 18:00:00,25.914825,21.408478,1011.23627,-2.4369268,0.369335,0.99999964,76.23109,0.0
2022-01-27 00:00:00,25.342804,21.6904,1009.3819,-3.1537724,-0.2212019,0.83445716,80.23541,0.0
2022-01-27 06:00:00,27.360992,21.620972,1011.6138,-4.460622,-2.360505,0.98268425,70.92301,0.017549843
2022-01-27 12:00:00,26.933075,21.540588,1008.2981,-4.8243523,-3.4434776,0.98851275,72.36967,0.0
2022-01-27 18:00:00,25.710052,21.4758,1011.4381,-5.0046225,-3.4810734,0.95497,77.48057,0.045776367
2022-01-28 00:00:00,25.42392,21.721863,1009.9244,-3.1700048,-3.2195616,0.9211792,80.00313,0.1116796
2022-01-28 06:00:00,26.978546,22.21463,1012.8869,-3.7567368,-5.3840313,0.24933338,75.20787,0.0
2022-01-28 12:00:00,27.23996,22.220612,1009.7125,-4.343074,-5.631034,0.23218584,74.08969,0.0
2022-01-28 18:00:00,26.62265,21.913574,1012.385,-4.5419483,-5.874524,0.99793434,75.40274,0.0053406693
2022-01-29 00:00:00,26.180206,22.132172,1010.6975,-3.7157478,-5.315976,0.9808453,78.43552,0.3814688
2022-01-29 06:00:00,27.352692,22.18985,1013.4288,-5.856921,-5.6251507,0.9230734,73.46403,0.0
2022-01-29 12:00:00,26.697845,23.229675,1010.6869,-5.139409,-5.032338,0.9950397,81.31464,0.08201418
2022-01-29 18:00:00,25.291626,23.48056,1013.47375,-3.914072,-4.925803,0.54698,89.71994,0.52213514
2022-01-30 00:00:00,25.603058,23.084381,1011.34064,-3.1798382,-4.3852243,0.9281355,85.99247,0.0
2022-01-30 06:00:00,26.279877,23.612885,1013.26624,-4.0686274,-4.062398,0.6846638,85.29288,0.0
2022-01-30 12:00:00,26.78537,23.346283,1009.7537,-2.9436874,-4.0045824,0.39965057,81.46854,0.0
2022-01-30 18:00:00,26.09848,22.501923,1012.0275,-3.7077093,-2.5593052,0.5868979,80.60832,0.0
2022-01-31 00:00:00,25.688812,22.438995,1009.90564,-2.6584148,-1.903719,0.1727876,82.272865,0.0
2022-01-31 06:00:00,27.776886,22.301788,1012.5731,-2.6245499,-2.6163645,0.8514803,72.153435,0.009155832
2022-01-31 12:00:00,27.220978,22.295593,1009.35565,-4.481408,-1.9463835,0.08806127,74.511475,0.0
2022-01-31 18:00:00,26.244904,22.269623,1011.65063,-4.8859835,-0.93148994,0.30907127,78.79293,0.0
2022-02-01 00:00:00,25.215485,21.481903,1009.7175,-2.3202896,-1.8330574,0.15875244,79.821,0.0
2022-02-01 06:00:00,27.331573,21.551483,1012.26,-2.7505026,-2.4825287,0.41430417,70.744,0.0
2022-02-01 12:00:00,26.737823,21.05661,1009.22186,-3.9425964,-2.0286455,0.0,71.06542,0.0
2022-02-01 18:00:00,25.465057,20.299835,1010.91437,-3.5778275,-0.6018772,0.0,73.13117,0.0
2022-02-02 00:00:00,24.646332,19.251007,1010.84436,-2.9189367,-1.0069866,0.0,71.95237,0.0
2022-02-02 06:00:00,26.855011,19.260956,1013.0144,-3.301773,-1.0602436,0.041461945,63.159912,0.0
2022-02-02 12:00:00,26.262115,19.165558,1010.0006,-3.4754086,-0.80174446,0.300354,65.01842,0.0
2022-02-02 18:00:00,24.309784,19.000366,1012.4494,-3.3985405,-0.65445995,0.0058288574,72.278564,0.0
2022-02-03 00:00:00,23.83023,18.96164,1011.1213,-3.062501,0.36445904,0.02533722,74.21027,0.0
2022-02-03 06:00:00,26.3367,19.228424,1013.24,-1.7555056,0.116475224,0.24458313,64.98667,0.0
2022-02-03 12:00:00,26.070343,19.42752,1009.1225,-2.8832035,0.69293433,0.026153564,66.84061,0.0
2022-02-03 18:00:00,24.9747,19.506683,1010.77435,-3.141224,1.5408854,0.02922821,71.68649,0.0
2022-02-04 00:00:00,24.978607,20.302155,1008.8781,-0.76525116,1.569655,0.0,75.29045,0.0
2022-02-04 06:00:00,27.83194,20.810394,1010.8425,-0.3749537,0.62560606,0.0,65.64947,0.0
2022-02-04 12:00:00,27.283356,21.63736,1007.16565,-4.0838604,2.239273,0.023029327,71.31784,0.0
2022-02-04 18:00:00,26.46402,22.090057,1009.595,-5.334873,2.5449498,0.0,76.93455,0.0
2022-02-05 00:00:00,25.553986,21.979095,1009.1175,-0.15208054,0.7122259,0.34874836,80.64386,0.0
2022-02-05 06:00:00,28.195831,21.942505,1012.04565,-1.5605822,1.2421564,0.31535012,68.887535,0.0007627532
2022-02-05 12:00:00,27.493317,22.446991,1008.1356,-4.0001936,-0.96821785,0.0020599365,74.01026,0.0
2022-02-05 18:00:00,26.397308,22.612885,1011.77563,-5.362363,-0.9306841,0.687244,79.73334,0.0
2022-02-06 00:00:00,25.649994,22.305939,1011.0206,-4.5419216,0.3441,0.2617727,81.79804,0.0009536743
2022-02-06 06:00:00,27.813873,21.908997,1014.0087,-4.8489304,-0.7661829,0.25816524,70.29508,0.001527369
2022-02-06 12:00:00,27.224518,21.446747,1011.4419,-5.0087376,-1.0484428,0.28956643,70.73444,0.0
2022-02-06 18:00:00,26.060455,21.34961,1014.1825,-5.055892,-2.2537193,0.6218994,75.304794,0.0
2022-02-07 00:00:00,25.286957,20.529266,1012.2775,-1.8295422,-3.6356344,0.91510993,74.963646,0.0
2022-02-07 06:00:00,27.64505,20.568207,1014.3237,-3.038559,-5.4032516,0.5236981,65.38757,0.0
2022-02-07 12:00:00,26.827423,20.974884,1011.5588,-4.9288054,-4.2974873,0.46857643,70.33772,0.0
2022-02-07 18:00:00,26.01712,19.989746,1013.1,-4.0835752,-2.9765053,0.9841371,69.43175,0.0
2022-02-08 00:00:00,25.258636,19.67398,1011.0019,-2.2654133,-2.690364,0.12397766,71.22033,0.0
2022-02-08 06:00:00,27.782867,19.856293,1013.44,-1.9345484,-4.7867537,0.7015032,62.070774,0.0
2022-02-08 12:00:00,26.999786,19.918,1010.105,-4.6731234,-3.7001858,0.96258616,65.233025,0.0
2022-02-08 18:00:00,25.40744,19.052338,1012.4269,-3.941947,-3.10083,1.0,67.91486,0.0
2022-02-09 00:00:00,24.855621,19.836304,1010.72687,-3.2378206,-4.193488,0.9578667,73.68986,0.0
2022-02-09 06:00:00,27.398712,19.419006,1013.5831,-4.241659,-4.4460163,0.48611218,61.781006,0.0
2022-02-09 12:00:00,26.891632,19.5737,1010.1369,-3.7226353,-3.9950962,0.8289589,64.26175,0.0
2022-02-09 18:00:00,25.49234,18.920044,1012.15936,-2.5976925,-3.3557549,0.2127708,67.01766,0.0
2022-02-10 00:00:00,25.161774,18.679962,1010.06,-0.65264416,-3.83852,0.37504756,67.33075,0.0
2022-02-10 06:00:00,27.050568,21.097687,1012.14124,-0.18447971,-6.705578,0.78783286,69.946976,0.0
2022-02-10 12:00:00,26.535065,22.656158,1009.135,-4.88791,-4.9757385,1.0000011,79.29618,0.13047457
2022-02-10 18:00:00,26.450287,23.136139,1011.5481,-4.288903,-4.2731276,0.9995057,82.044426,0.2526641
2022-02-11 00:00:00,24.983154,23.653473,1009.29315,-3.357211,-3.3452873,1.0000001,92.340805,4.0149455
2022-02-11 06:00:00,25.370972,23.949432,1012.39874,-1.407054,-2.674242,1.0,91.85384,0.0
2022-02-11 12:00:00,25.345734,23.952728,1009.0681,-3.0004883,-4.48582,0.99763733,92.010056,0.0
2022-02-11 18:00:00,24.990326,23.832794,1011.59,-4.2762127,-3.2390547,0.9996032,93.30292,0.0
2022-02-12 00:00:00,25.143494,23.717987,1009.1431,-3.4006433,-3.6287441,0.8973696,91.818634,1.058978
2022-02-12 06:00:00,25.549652,23.816437,1011.77625,-3.9677382,-4.4862804,0.82882816,90.160034,0.71131897
2022-02-12 12:00:00,26.46756,23.185944,1008.6269,-3.0709248,-5.504017,0.9983281,82.20799,0.0
2022-02-12 18:00:00,26.589203,21.548737,1010.66437,-4.4735737,-5.514221,0.99604404,73.88583,0.0
2022-02-13 00:00:00,26.506989,20.894196,1008.5806,-3.6111336,-4.5589933,0.98701847,71.32292,0.016214326
2022-02-13 06:00:00,27.418121,21.330475,1011.5744,-4.450301,-4.7543583,0.8845551,69.440056,0.008102506
2022-02-13 12:00:00,27.120026,21.577301,1007.7456,-4.268855,-3.5685472,0.59192264,71.74036,0.0
2022-02-13 18:00:00,26.196198,21.062103,1010.3694,-4.3133583,-2.9487648,0.8963824,73.39681,0.0
2022-02-14 00:00:00,25.681183,20.98996,1008.22626,-2.4296188,-2.6252375,0.57211006,75.334724,0.016212463
2022-02-14 06:00:00,26.84439,22.054901,1011.3694,-4.291457,-4.0055437,0.98268104,75.06925,0.19798547
2022-02-14 12:00:00,26.814667,21.911896,1008.1025,-5.0948954,-4.430544,0.49394262,74.54764,0.0
2022-02-14 18:00:00,25.846039,20.503265,1010.90936,-5.0527153,-3.0130072,0.9737214,72.400024,0.0
2022-02-15 00:00:00,24.982208,20.250397,1009.04315,-2.7118263,-3.64853,0.7583624,75.03398,0.0
2022-02-15 06:00:00,27.095245,20.331848,1012.03564,-2.6249437,-4.6623745,0.72040397,66.55028,0.0
2022-02-15 12:00:00,26.464142,19.581635,1008.1094,-3.9302912,-4.946989,0.30110735,65.93236,0.0
2022-02-15 18:00:00,25.527252,19.734924,1010.5325,-4.742028,-2.9939108,0.4209797,70.35763,0.0
2022-02-16 00:00:00,24.782623,19.825165,1008.0637,-1.283927,-2.7015562,1.0,73.96059,0.0
2022-02-16 06:00:00,27.173248,20.254608,1010.0056,-2.150961,-4.842387,0.8785258,65.93101,0.0
2022-02-16 12:00:00,26.55252,20.365997,1005.41125,-3.7699757,-3.6416807,0.6808381,68.85403,0.0
2022-02-16 18:00:00,25.274445,20.284943,1008.01685,-4.5867786,-2.8179579,1.0000002,73.89672,0.0
2022-02-17 00:00:00,24.598175,20.144318,1006.2438,-1.1746368,-2.2974243,0.99762076,76.2728,0.0
2022-02-17 06:00:00,26.90628,19.96939,1008.98627,-2.5841436,-3.675129,0.86184967,65.80156,0.0
2022-02-17 12:00:00,26.78714,20.547333,1005.0681,-2.9836931,-4.5579033,0.21309173,68.673294,0.0
2022-02-17 18:00:00,26.3378,20.21756,1007.93,-4.1679487,-4.399579,0.40666252,69.095146,0.0
2022-02-18 00:00:00,25.821442,21.641907,1006.9263,-3.3014889,-2.3483667,0.81502527,77.75687,0.109191984
2022-02-18 06:00:00,27.217438,22.524445,1009.8775,-3.2327394,-3.2852116,0.7404536,75.571014,0.06495139
2022-02-18 12:00:00,27.141754,22.824066,1007.34064,-4.313628,-3.731617,0.7667237,77.29977,0.0
2022-02-18 18:00:00,26.49295,22.382812,1010.4194,-4.0463734,-3.1950636,0.9980336,78.18435,0.002480112
2022-02-19 00:00:00,25.291534,22.240326,1009.64935,-2.629611,-2.9727812,0.9773593,83.225815,0.055696815
2022-02-19 06:00:00,27.132965,23.46463,1012.73065,-3.497655,-3.996251,1.0000001,80.39347,0.042528003
2022-02-19 12:00:00,27.285553,22.318115,1009.5506,-3.768896,-3.8483076,0.7791843,74.33168,0.0
2022-02-19 18:00:00,26.523834,22.202576,1011.635,-3.9534779,-3.603279,0.7639948,77.19095,0.0
2022-02-20 00:00:00,25.636993,21.738739,1009.2175,-1.6261215,-2.5733528,0.11730713,79.078636,0.0
2022-02-20 06:00:00,27.957672,21.840363,1012.42065,-1.289319,-2.7756128,0.48417112,69.41623,0.00085833017
2022-02-20 12:00:00,27.461456,22.391144,1008.0719,-4.29006,-0.9062319,0.20559071,73.897125,0.0
2022-02-20 18:00:00,26.618744,22.736694,1009.7537,-4.016591,0.37263012,0.46559143,79.29259,0.0
2022-02-21 00:00:00,25.562408,22.66977,1008.0481,0.65231323,-0.008215785,0.43065006,84.062164,0.0
2022-02-21 06:00:00,28.120026,23.149506,1010.8081,0.04397744,0.7096966,0.18196869,74.45467,0.0
2022-02-21 12:00:00,27.70108,23.378021,1006.9269,-3.1083202,2.351141,0.060268003,77.357544,0.0
2022-02-21 18:00:00,26.487274,23.316315,1009.6788,-3.0631676,1.852855,0.010009585,82.76171,0.0
2022-02-22 00:00:00,25.19101,22.8349,1009.0175,-0.010852814,1.1000292,0.3094716,86.80385,0.0019073486
2022-02-22 06:00:00,28.517365,22.959991,1012.49,-1.7130995,0.42139637,0.22746271,71.92409,0.0
2022-02-22 12:00:00,28.142487,22.686493,1009.36,-3.3823318,0.1436491,0.13732016,72.30132,0.0
2022-02-22 18:00:00,26.584198,22.645752,1012.89185,-3.9534025,-1.4515915,0.32650757,79.017,0.0
2022-02-23 00:00:00,26.211823,22.303375,1011.77313,-3.3712893,-1.3801813,0.14253737,79.109375,0.0036237761
2022-02-23 06:00:00,28.200592,22.098724,1014.675,-3.929926,-2.9027853,0.28275996,69.52753,0.0027664937
2022-02-23 12:00:00,27.76236,22.52005,1011.92,-4.4964314,-3.4419107,0.081536256,73.179245,0.0
2022-02-23 18:00:00,26.661407,22.374054,1014.4169,-4.588586,-2.8835516,0.13853237,77.37085,9.5460564e-05
2022-02-24 00:00:00,25.952179,21.922485,1013.5525,-3.7071657,-2.2908535,0.31257254,78.49077,0.0027655624
2022-02-24 06:00:00,27.611359,21.937042,1015.84625,-4.4749937,-3.6287107,0.39778483,71.25368,0.02489087
2022-02-24 12:00:00,27.384247,21.74118,1012.46063,-4.3263226,-3.5233107,0.13323003,71.3488,0.0
2022-02-24 18:00:00,26.21701,21.586212,1013.96124,-4.5446672,-1.9824963,0.002380371,75.699715,0.0
2022-02-25 00:00:00,25.459381,20.949097,1012.8169,-3.2597103,-2.528655,0.2735598,76.14186,0.0
2022-02-25 06:00:00,27.411896,20.82254,1014.9344,-2.9412613,-3.3755598,0.25512037,67.33215,0.0
2022-02-25 12:00:00,27.013702,20.533234,1011.66187,-4.655836,-2.346856,0.010269165,67.70586,0.0
2022-02-25 18:00:00,25.506866,20.604248,1013.115,-3.8157654,-1.8985844,0.36741668,74.332855,0.0
2022-02-26 00:00:00,26.270538,20.355743,1012.02374,-2.5432405,-1.9007874,0.5825615,69.964806,0.0009536743
2022-02-26 06:00:00,28.163239,22.03543,1014.7469,-3.5157433,-2.9803572,0.4738558,69.410645,0.022411346
2022-02-26 12:00:00,27.203156,22.921906,1011.40625,-4.217186,-4.450511,0.1703775,77.479675,0.0
2022-02-26 18:00:00,26.835846,22.8219,1014.0106,-4.6346397,-3.6897755,0.24641109,78.69117,0.03757514
2022-02-27 00:00:00,26.093414,22.504456,1012.2587,-3.6163368,-3.4914093,0.39445698,80.6449,0.0
2022-02-27 06:00:00,28.111603,22.77945,1014.57623,-4.5771027,-4.135954,0.19861382,72.84098,0.0
2022-02-27 12:00:00,27.850494,22.560028,1010.97125,-4.762697,-3.8073044,0.14708823,72.98056,0.0
2022-02-27 18:00:00,26.323273,21.9281,1013.6625,-4.024781,-2.9525204,0.04905706,76.81385,0.0
2022-02-28 00:00:00,26.052277,21.920929,1012.0444,-1.3853722,-3.4849234,0.3044889,78.01978,0.0
2022-02-28 06:00:00,28.039948,22.39212,1014.2575,-2.8494577,-3.8433132,0.22803497,71.44583,0.0
2022-02-28 12:00:00,27.891022,21.908417,1010.1937,-3.339635,-3.9002743,0.0,69.97673,0.0
2022-02-28 18:00:00,26.757416,22.776703,1013.39813,-3.945136,-3.3352823,0.0009880066,78.83881,0.0
2022-03-01 00:00:00,26.097198,22.214508,1011.35187,-2.079527,-3.5361156,0.42431706,79.2176,0.0
2022-03-01 06:00:00,28.371246,22.518463,1013.6925,-2.2217188,-5.4009123,0.86509806,70.621086,0.0
2022-03-01 12:00:00,28.007965,22.119781,1011.34686,-3.7037296,-4.841568,0.86788493,70.402504,0.0
2022-03-01 18:00:00,26.469757,21.471954,1012.9356,-3.44656,-4.770135,1.0,74.059044,0.0
2022-03-02 00:00:00,26.083405,21.539703,1011.14685,-1.8764334,-4.625991,1.0,76.083145,0.0
2022-03-02 06:00:00,28.001251,22.098541,1013.55,-3.81071,-4.965804,0.90423477,70.339,0.0
2022-03-02 12:00:00,28.15921,22.052399,1009.4938,-2.5417318,-4.995982,1.0,69.49877,0.0
2022-03-02 18:00:00,26.752045,22.571198,1012.1194,-4.445957,-4.2256994,1.0,77.88656,0.0
2022-03-03 00:00:00,26.364777,22.792755,1009.71313,-2.506793,-4.845763,0.9996095,80.762924,0.0016211998
2022-03-03 06:00:00,28.456818,22.386261,1012.1806,-4.378577,-6.2629967,0.9158581,69.70836,0.0
2022-03-03 12:00:00,27.949005,22.171051,1009.0062,-3.9444513,-6.4827986,0.9905124,70.865974,0.0
2022-03-03 18:00:00,27.194489,22.004547,1011.2319,-2.2122736,-7.2715826,1.0,73.31601,0.029848889
2022-03-04 00:00:00,26.077911,23.139923,1009.31,-2.075756,-6.7893744,0.9871097,83.88807,0.12197904
2022-03-04 06:00:00,26.832062,23.538483,1011.16626,-1.6653919,-8.991229,1.0,82.19246,0.21933001
2022-03-04 12:00:00,26.68692,23.722687,1008.8869,-2.8185005,-7.013053,1.0,83.82244,0.0
2022-03-04 18:00:00,26.17575,22.91745,1011.22375,-2.4854994,-7.372753,1.0,82.28898,0.0
2022-03-05 00:00:00,26.213226,21.99176,1009.0012,-1.736475,-6.1165543,1.0000001,77.61554,0.0
2022-03-05 06:00:00,28.14737,22.15335,1011.39685,-0.13989353,-5.847026,0.9985165,69.97584,0.0
2022-03-05 12:00:00,27.937408,22.26059,1008.1937,-3.8662653,-7.633439,0.9222422,71.301544,0.0
2022-03-05 18:00:00,27.069305,21.546478,1010.26624,-2.333908,-7.6558495,0.94835263,71.81872,0.0
2022-03-06 00:00:00,25.76767,22.293549,1008.3,-1.543088,-6.933096,0.91605353,81.167946,0.337027
2022-03-06 06:00:00,26.909943,23.179718,1010.485,-2.8052397,-7.496007,0.9121971,80.06429,0.0
2022-03-06 12:00:00,26.440216,23.403595,1007.96936,-3.0052166,-7.8238754,0.5564192,83.43008,0.0
2022-03-06 18:00:00,25.32306,22.983307,1011.34186,-3.6826468,-5.4759274,0.88897085,86.901955,0.6072992
2022-03-07 00:00:00,24.900421,22.948761,1008.66376,-5.4502087,-2.7906494,0.4224171,88.931564,0.0
2022-03-07 06:00:00,26.914337,23.841827,1011.08563,-5.30941,0.22527504,0.8940992,83.30349,0.0
2022-03-07 12:00:00,26.157684,23.966705,1008.9944,-4.399102,-1.6338482,0.98433185,87.759285,0.124823384
2022-03-07 18:00:00,26.71762,23.216583,1011.8663,-3.2649565,-2.5478544,0.7341069,81.155785,0.0
2022-03-08 00:00:00,26.19455,22.828033,1010.10626,-3.5648928,-1.5663834,0.6308093,81.75356,0.0
2022-03-08 06:00:00,27.978668,22.481415,1011.8631,-3.1539087,-2.525031,0.15267032,72.09175,0.0
2022-03-08 12:00:00,27.671295,22.424591,1008.5769,-3.3463802,-2.8032122,0.0012817383,73.14417,0.0
2022-03-08 18:00:00,26.53714,22.922516,1011.4313,-4.260494,-1.8817377,0.20639175,80.57703,0.0
2022-03-09 00:00:00,25.420563,22.21695,1009.4869,-1.4464684,-1.5983086,0.1890679,82.47228,0.0
2022-03-09 06:00:00,28.253937,22.464386,1011.505,-2.642458,-2.1761637,0.10986155,70.87145,0.0
2022-03-09 12:00:00,27.573395,22.578644,1007.8119,-3.4929028,-1.7690401,0.0027694702,74.255775,0.0
2022-03-09 18:00:00,26.035248,22.381317,1010.7294,-4.0608816,-2.188941,0.05744171,80.319466,0.0
2022-03-10 00:00:00,25.397858,21.65158,1008.96936,-1.8584976,-1.896658,0.24867126,79.78367,0.0
2022-03-10 06:00:00,27.83902,21.948029,1011.1375,-2.3726692,-1.2032843,0.23042911,70.35931,0.0
2022-03-10 12:00:00,27.486603,21.852692,1007.8056,-3.164175,-2.3885136,0.4793747,71.40712,0.0
2022-03-10 18:00:00,26.140778,22.478241,1010.33185,-3.4344425,-2.5134926,0.031126022,80.29137,0.0
2022-03-11 00:00:00,25.872223,22.642609,1008.9225,-2.2375546,-2.0593786,0.6074499,82.395874,0.0
2022-03-11 06:00:00,28.03421,22.513947,1010.71185,-2.4768019,-3.1759777,0.6815431,72.00083,0.0
2022-03-11 12:00:00,27.48404,22.358429,1007.1669,-3.7228966,-3.041607,0.012458801,73.652855,0.0
2022-03-11 18:00:00,26.033173,23.012909,1009.90063,-3.6868887,-2.046894,0.14059448,83.46666,0.0
2022-03-12 00:00:00,25.580963,22.821442,1008.475,-0.9243965,-2.4257917,0.6435701,84.74546,0.0058172736
2022-03-12 06:00:00,27.827667,22.370514,1010.10876,-1.2237301,-3.1768951,0.23236847,72.241135,0.0
2022-03-12 12:00:00,27.547028,22.190948,1006.6206,-4.012722,-3.616272,0.018310547,72.63776,0.0
2022-03-12 18:00:00,26.057953,22.248505,1009.7625,-3.4174032,-2.832508,0.0074272156,79.56618,0.0
2022-03-13 00:00:00,25.624176,22.574127,1007.8212,-2.3537903,-3.1041908,0.7732412,83.26974,0.0
2022-03-13 06:00:00,28.174225,22.456207,1010.4725,-3.124013,-3.470893,0.8942285,71.16574,0.0
2022-03-13 12:00:00,27.98233,22.337189,1007.8113,-3.1388216,-3.2926989,0.9967395,71.447174,0.0
2022-03-13 18:00:00,26.869415,22.944366,1010.1044,-2.732833,-3.6149378,0.97128165,79.120735,0.0
2022-03-14 00:00:00,26.230621,23.11905,1008.53876,-1.7337704,-3.1738987,0.6622705,83.029366,0.0003815003
2022-03-14 06:00:00,28.60794,22.629547,1011.205,-2.9402723,-3.7689524,0.82374895,70.12795,0.0
2022-03-14 12:00:00,27.788727,22.63858,1007.3837,-3.3410044,-2.0337,0.27029413,73.59434,0.0
2022-03-14 18:00:00,26.383148,22.916656,1010.03687,-3.0427637,-2.5459442,0.004962921,81.28331,0.0
2022-03-15 00:00:00,25.345856,22.29837,1007.8175,-1.6065149,-1.6141081,1.0000055,83.25093,0.0
2022-03-15 06:00:00,28.36502,21.818878,1009.4531,-0.79946995,-0.97161007,0.9990123,67.699905,0.0
2022-03-15 12:00:00,27.854767,21.646515,1006.1919,-3.2954035,-0.686286,0.6270687,69.01207,0.0
2022-03-15 18:00:00,26.225006,22.707977,1008.47125,-3.3431349,0.65829325,0.96925926,81.014725,0.0
2022-03-16 00:00:00,24.914215,22.630829,1007.0619,2.1673908,-0.22352314,0.98431396,87.16229,0.0
2022-03-16 06:00:00,28.083527,21.143341,1009.0062,-0.253918,0.67262936,1.0000001,66.03042,0.0
2022-03-16 12:00:00,27.890778,21.99173,1005.0706,-3.3496933,2.1975672,1.0,70.33428,0.0
2022-03-16 18:00:00,26.476715,22.571198,1007.60376,-2.0833921,2.5407753,0.99653333,79.16016,0.0
2022-03-17 00:00:00,25.277618,23.279022,1005.5062,2.9586372,0.338315,0.9634433,88.709206,0.0
2022-03-17 06:00:00,29.174957,22.1315,1007.72,-1.473527,1.1943378,0.82157,65.83765,0.0
2022-03-17 12:00:00,28.950104,22.63272,1004.6194,-3.3937054,2.162849,0.89307266,68.76376,0.0
2022-03-17 18:00:00,26.795074,23.087921,1007.43,-2.9301624,2.1241298,0.9375027,80.16081,0.0
2022-03-18 00:00:00,26.658844,23.97525,1006.26685,0.58022994,3.3664303,0.9965364,85.24611,0.0024791807
2022-03-18 06:00:00,29.42337,24.475983,1008.20874,-0.38077545,2.175842,0.1265357,74.77,0.0
2022-03-18 12:00:00,29.144073,25.182281,1003.7006,-2.0981092,2.4288886,0.0,79.25846,0.0
2022-03-18 18:00:00,27.697174,25.223053,1006.8569,-2.0884657,3.7021275,0.36873445,86.422554,0.0
2022-03-19 00:00:00,27.782684,25.355438,1005.8181,-1.2701836,3.5762491,0.48912704,86.67186,0.013827812
2022-03-19 06:00:00,30.373932,24.20877,1007.8144,0.38569266,1.944716,0.186362,69.668465,0.0
2022-03-19 12:00:00,29.472198,25.477203,1003.39685,-3.8975153,2.113832,0.06964308,79.14688,0.0
2022-03-19 18:00:00,28.516144,25.452972,1006.5675,-1.9529867,6.0094385,0.16848952,83.53003,0.0
2022-03-20 00:00:00,27.740204,25.317108,1005.185,1.6388025,1.5281944,0.16196501,86.68935,0.0015255064
2022-03-20 06:00:00,30.950714,23.995148,1007.5637,0.781746,1.2550707,0.09192702,66.54941,0.0
2022-03-20 12:00:00,29.605988,25.835114,1003.3925,-1.8083715,3.4766352,0.39202607,80.224365,0.07169694
2022-03-20 18:00:00,28.332397,25.757233,1007.0081,1.0297629,4.310466,0.16580951,85.96546,0.0
2022-03-21 00:00:00,27.884125,26.224762,1005.40875,2.13626,3.1700966,0.14104396,90.716,0.0
2022-03-21 06:00:00,31.209503,24.86502,1007.03186,1.0962414,3.045517,0.13121955,69.08081,0.0
2022-03-21 12:00:00,30.417633,26.004059,1003.2556,-0.85547066,5.185886,0.4553048,77.339096,0.0
2022-03-21 18:00:00,28.855865,26.078888,1006.8931,1.0053666,5.302186,0.6921194,84.99592,0.0
2022-03-22 00:00:00,27.601044,25.53189,1005.7631,2.7769313,1.8493614,0.93744785,88.52017,0.0
2022-03-22 06:00:00,30.885529,24.467316,1007.85065,-1.4300327,-0.7679119,0.5104525,68.71578,0.0
2022-03-22 12:00:00,29.405182,25.649323,1004.2125,-3.1129913,1.3986485,0.9496042,80.2696,0.0
2022-03-22 18:00:00,28.972778,25.970062,1007.16565,-2.035554,3.0829039,0.99415886,83.88044,0.0
2022-03-23 00:00:00,27.903687,25.299683,1006.09375,0.3976431,3.3135493,0.9730149,85.77686,0.138551
2022-03-23 06:00:00,30.368805,25.278717,1008.16,-0.6969023,4.0180197,0.9980343,74.28853,0.0
2022-03-23 12:00:00,29.59964,25.72226,1004.20874,-1.6200199,4.23324,0.11986653,79.71863,0.0
2022-03-23 18:00:00,28.499481,25.749542,1007.4125,-0.76750946,4.172496,0.25102937,85.09577,0.008201692
2022-03-24 00:00:00,27.485016,25.279633,1006.0588,0.71813864,3.6200235,0.26615846,87.79672,0.13256586
2022-03-24 06:00:00,29.563019,25.52652,1009.1069,-0.8899727,4.171232,0.18966275,78.964455,0.0
2022-03-24 12:00:00,29.353302,25.005402,1005.205,-1.1612396,4.9182673,0.035193186,77.48523,0.0
2022-03-24 18:00:00,28.366058,24.863281,1008.0575,-0.8697052,3.9195528,0.0035539472,81.35418,0.0010459917
2022-03-25 00:00:00,27.984222,24.518555,1006.9437,-0.4372759,3.7209034,0.21508712,81.48731,0.054360803
2022-03-25 06:00:00,29.304962,25.27713,1009.9906,-0.5185811,4.1291285,0.2555701,78.96956,0.0
2022-03-25 12:00:00,29.543243,25.022552,1007.0144,-1.900815,4.208643,0.052232064,76.71918,0.0
2022-03-25 18:00:00,28.174988,24.784302,1010.15686,-1.287446,3.6729918,0.026244119,81.876816,0.0
2022-03-26 00:00:00,27.440521,24.913391,1008.89935,-0.7084217,3.0751467,0.17300567,86.12577,0.13933936
2022-03-26 06:00:00,29.686554,25.096893,1012.09625,-1.584857,2.668745,0.16825542,76.426094,0.0
2022-03-26 12:00:00,29.644196,24.612915,1008.46185,-3.2407084,2.9569645,0.039916992,74.43135,0.0
2022-03-26 18:00:00,28.121613,25.089966,1011.22186,-2.3902626,3.5394268,0.11139512,83.643,0.0
2022-03-27 00:00:00,27.860962,24.983246,1009.53064,-0.7091932,3.5274894,0.25240815,84.38552,0.029373914
2022-03-27 06:00:00,29.801422,24.936615,1012.09564,-0.8025627,3.0980587,0.092336856,75.200424,0.0
2022-03-27 12:00:00,29.329498,24.944855,1007.8169,-3.3204794,2.9153178,0.015693665,77.312126,0.0
2022-03-27 18:00:00,28.276245,24.802582,1010.7575,-2.5576067,2.6183028,0.0,81.48449,0.0
2022-03-28 00:00:00,28.14508,24.877136,1009.3669,-1.2359695,3.9309273,0.22988099,82.47537,0.0014305115
2022-03-28 06:00:00,30.110016,24.815033,1011.2875,-1.7543402,3.620285,0.118254654,73.34424,0.0067725778
2022-03-28 12:00:00,29.812653,24.835724,1007.76373,-2.640091,2.8508081,0.0,74.70076,0.0
2022-03-28 18:00:00,28.251373,25.191437,1010.08185,-1.5568218,3.0144978,0.006664276,83.5166,0.0
2022-03-29 00:00:00,28.173523,25.019684,1008.15625,-0.34469032,3.9985733,0.30099946,83.041885,0.002194196
2022-03-29 06:00:00,30.36795,25.113068,1010.2425,-0.3619507,4.0816174,0.21119696,73.56311,0.018313527
2022-03-29 12:00:00,29.852081,25.880524,1006.3738,-1.2582512,5.315257,0.051841736,79.3088,0.0
2022-03-29 18:00:00,28.847229,26.000458,1008.9281,-0.20459461,4.984597,0.16321027,84.64477,0.0001906883
2022-03-30 00:00:00,28.391876,25.728455,1007.8181,0.99356145,4.6500225,0.31555426,85.52263,0.014017569
2022-03-30 06:00:00,31.289215,24.741302,1009.8425,0.36642033,4.6991806,0.09371281,68.26186,0.0
2022-03-30 12:00:00,30.18631,25.75882,1005.9531,-0.32129478,6.21194,0.008277893,77.241394,0.0
2022-03-30 18:00:00,28.696869,25.750397,1008.8606,1.1842028,6.4286814,0.054050177,84.13049,0.0
2022-03-31 00:00:00,28.028778,25.273254,1007.805,2.6461117,5.0042763,0.19329362,85.01956,9.5460564e-05
2022-03-31 06:00:00,31.216461,24.517242,1010.0594,0.08722013,4.017315,0.012514114,67.633095,0.0
2022-03-31 12:00:00,29.995026,25.642609,1005.7419,-0.95195675,5.2546635,0.0,77.55804,0.0
2022-03-31 18:00:00,28.80658,25.839691,1009.29065,-1.1391058,5.404499,0.04653269,84.04054,0.0
2022-04-01 00:00:00,28.149872,25.725464,1008.055,-0.3946085,4.3870764,0.563574,86.720184,0.05903095
2022-04-01 06:00:00,29.35318,25.524261,1010.83435,-0.58900166,4.9566984,0.20049655,79.91541,0.0
2022-04-01 12:00:00,29.715729,25.605743,1006.6069,-1.6878395,5.057502,0.007708505,78.64182,0.0
2022-04-01 18:00:00,28.627563,25.580353,1010.3831,-1.547615,5.7684097,0.049791202,83.62161,0.0021932647
2022-04-02 00:00:00,27.320923,25.037842,1009.365,-0.0017346144,5.144413,0.2470912,87.37731,0.24577695
2022-04-02 06:00:00,30.088531,24.876007,1011.9963,-0.24522811,4.2755404,0.21357942,73.70253,0.0
2022-04-02 12:00:00,29.459259,25.455963,1007.4263,-1.8285818,4.2888727,0.02393341,79.10608,0.0
2022-04-02 18:00:00,28.554352,25.257019,1010.3619,-1.1245813,4.909734,0.022247314,82.37938,0.0
2022-04-03 00:00:00,28.036469,24.700226,1009.075,-0.14713126,3.4403164,0.22073287,82.126785,0.05044788
2022-04-03 06:00:00,30.165192,24.603302,1010.84625,-1.7877064,2.839943,0.09149791,72.193184,0.0
2022-04-03 12:00:00,29.787506,24.847198,1006.8812,-2.8515186,2.6131935,0.06869507,74.86017,0.0
2022-04-03 18:00:00,28.405273,24.817108,1009.45874,-2.9853048,2.8861923,0.040203094,80.94543,0.0
2022-04-04 00:00:00,28.060455,24.713928,1008.9581,-1.4869375,2.3672767,0.1863636,82.07922,0.029376075
2022-04-04 06:00:00,30.167389,24.606049,1010.84814,-2.7826862,2.4386363,0.18013942,72.19592,0.007630959
2022-04-04 12:00:00,29.781769,25.043976,1008.39624,-4.490491,2.0710914,0.0014839172,75.76901,0.0
2022-04-04 18:00:00,28.47406,25.085144,1012.2025,-3.9589272,1.891023,0.0044670105,81.921745,0.00047683716
2022-04-05 00:00:00,27.8497,24.435272,1010.89374,-1.503808,2.3896608,0.18537682,81.72099,0.012015687
2022-04-05 06:00:00,30.102203,24.706879,1013.17126,-1.966299,2.2687597,0.19611287,72.90468,0.009539744
2022-04-05 12:00:00,29.59549,24.159943,1009.5563,-3.8678608,1.9119773,0.0014860509,72.64265,0.0
2022-04-05 18:00:00,28.22641,24.812988,1012.5769,-3.0559912,2.276495,0.04985428,81.772026,0.0
2022-04-06 00:00:00,27.554596,24.342743,1011.3162,-0.4924488,1.1873429,0.3242498,82.68302,0.004481524
2022-04-06 06:00:00,30.036163,24.161896,1013.40814,-2.080863,0.98397833,0.14982468,70.83227,0.03758073
2022-04-06 12:00:00,30.114044,23.91043,1008.98315,-3.0853148,2.3849914,0.19817722,69.45929,0.0
2022-04-06 18:00:00,28.428314,24.084595,1012.26874,-1.4402885,2.769803,0.3620038,77.36873,0.0
2022-04-07 00:00:00,27.852142,23.732147,1009.8775,0.68561816,1.4004772,0.2709198,78.33216,0.0021937303
2022-04-07 06:00:00,30.343292,23.974945,1011.65625,-1.634306,1.0395749,0.10114281,68.81815,0.014593359
2022-04-07 12:00:00,30.177155,24.580475,1007.81,-3.7997494,1.5964692,0.04487809,72.04521,0.0
2022-04-07 18:00:00,28.628693,24.774078,1010.47626,-2.8425255,1.8373513,0.8194627,79.6967,0.0
2022-04-08 00:00:00,27.07077,24.627563,1009.0513,-0.86004066,1.3784213,0.22020054,86.52356,0.26129553
2022-04-08 06:00:00,29.104279,24.994171,1010.77625,-1.4855127,1.3715543,0.22860575,78.55566,0.08060178
2022-04-08 12:00:00,28.79129,24.944916,1007.54126,-3.7065163,1.5567085,0.42536867,79.75768,0.0
2022-04-08 18:00:00,28.138092,24.645844,1010.21375,-0.34170437,2.6098762,0.97394425,81.37695,0.0146866925
2022-04-09 00:00:00,26.908478,23.830383,1008.1744,0.3839578,-0.91842747,0.9770553,83.27485,0.0
2022-04-09 06:00:00,29.9346,23.59555,1009.5012,-1.115632,-0.6228142,0.8581117,68.861664,0.0
2022-04-09 12:00:00,28.42392,24.858795,1006.4462,-3.3890057,1.456244,0.99999976,81.059235,0.1932378
2022-04-09 18:00:00,27.55606,24.52591,1008.8156,0.3819933,-0.22324753,0.95599097,83.58763,0.0
2022-04-10 00:00:00,25.853424,23.655212,1007.5087,0.0101614,-3.5810852,0.9985165,87.69506,2.4531384
2022-04-10 06:00:00,27.994781,24.707855,1009.375,-2.032257,-3.7038355,1.0,82.364174,0.0
2022-04-10 12:00:00,27.908966,25.284271,1006.20435,-1.8388224,-4.1060762,1.0,85.67185,0.0
2022-04-10 18:00:00,26.31894,24.599823,1008.2125,-2.5921535,-1.677577,1.0,90.28959,1.2012349
2022-04-11 00:00:00,26.467896,24.318634,1006.3856,-0.7128172,-1.9085598,0.98800087,88.00553,0.0
2022-04-11 06:00:00,27.922882,24.905304,1008.51,-0.7657299,-2.7284956,0.99218136,83.69119,0.40300465
2022-04-11 12:00:00,29.030975,24.845184,1004.8063,-2.7319555,-1.5288601,0.9874088,78.19141,0.0
2022-04-11 18:00:00,28.51004,24.76178,1007.9175,-2.4182653,0.91640955,1.0,80.18877,0.0
2022-04-12 00:00:00,27.089386,24.393799,1005.79315,0.19547844,-0.36602783,0.98313564,85.22846,0.018317543
2022-04-12 06:00:00,29.458282,25.155426,1008.14685,-1.0815907,0.41120166,0.9250014,77.70879,0.0
2022-04-12 12:00:00,29.355316,24.98529,1004.4369,-3.6942253,-0.4892494,0.7995615,77.38336,0.0
2022-04-12 18:00:00,27.46762,24.951202,1007.20374,-1.5681858,3.1317222,0.9852294,86.183395,0.55860287
2022-04-13 00:00:00,26.665924,24.436707,1005.01935,0.42791653,1.7212124,0.9936653,87.60189,0.9364486
2022-04-13 06:00:00,29.507782,24.678253,1007.61,-0.80642605,0.78456193,1.0000001,75.312454,0.0
2022-04-13 12:00:00,28.293549,24.696442,1004.72815,0.5286484,2.0261445,1.0,80.88804,0.0
2022-04-13 18:00:00,27.779572,24.649963,1007.545,1.6797926,5.1048384,1.0,83.117065,0.0
2022-04-14 00:00:00,27.263153,24.394226,1006.27124,3.4255066,2.3340437,0.9849371,84.3662,0.0
2022-04-14 06:00:00,28.899323,24.935455,1008.3244,1.7554356,2.6824694,0.99822414,79.215225,1.431329
2022-04-14 12:00:00,30.272308,25.102966,1004.96814,0.48956835,5.281847,0.65098876,73.92304,0.0
2022-04-14 18:00:00,28.859283,25.468842,1008.1,3.0127254,4.973263,0.31427312,81.96086,0.0040028244
2022-04-15 00:00:00,28.034027,24.978577,1006.02936,3.1667755,2.8231235,0.80007577,83.51468,0.0
2022-04-15 06:00:00,31.228058,24.660004,1008.0687,1.8359457,3.7003403,0.49552846,68.16798,0.0
2022-04-15 12:00:00,30.882233,25.422272,1003.815,-0.015510559,6.8843546,0.06424698,72.75714,0.0
2022-04-15 18:00:00,29.5018,25.858429,1006.84937,1.7943106,6.0379753,0.017222345,80.819214,0.0
2022-04-16 00:00:00,28.640778,25.400116,1004.9725,2.9728198,4.433899,0.18482849,82.66765,0.0064838678
2022-04-16 06:00:00,31.356476,25.654419,1006.595,1.8097339,4.0056047,0.21926686,71.80008,0.027087748
2022-04-16 12:00:00,31.029205,26.154327,1002.48,0.22048092,6.1009474,0.28012753,75.34912,0.0
2022-04-16 18:00:00,29.182129,26.28415,1006.2375,2.3592083,5.948059,0.4588343,84.424,0.0027641654
2022-04-17 00:00:00,28.238861,25.23349,1004.6156,2.2738147,5.104241,0.28138733,83.78693,0.041864812
2022-04-17 06:00:00,30.39505,25.893219,1007.2512,1.9852564,5.0907426,0.2304222,76.9327,0.002875924
2022-04-17 12:00:00,30.203827,25.871002,1004.5594,0.88892174,7.4402227,0.47710878,77.67848,0.0
2022-04-17 18:00:00,27.498016,24.97464,1008.3681,2.8606608,3.0815456,0.97836316,86.150536,0.06121397
2022-04-18 00:00:00,27.067291,24.38321,1006.8781,2.429088,2.3521962,0.67173856,85.284935,0.0
2022-04-18 06:00:00,30.976227,24.957672,1008.94,1.1961672,-0.058384895,0.30155683,70.393555,0.020891428
2022-04-18 12:00:00,30.90445,25.592651,1005.89813,-2.0127525,3.753254,0.3602333,73.40406,0.07209182
2022-04-18 18:00:00,28.512756,25.68637,1009.5669,1.9023545,2.563408,0.89652526,84.71219,0.0
2022-04-19 00:00:00,28.067535,25.385193,1008.29315,0.54354715,2.5277474,0.8287513,85.394325,0.0
2022-04-19 06:00:00,31.261139,25.075745,1009.8206,-0.01826495,0.9039192,0.89831835,69.74903,0.038914382
2022-04-19 12:00:00,30.94168,25.851654,1006.83185,-2.0644245,3.1218688,0.94838274,74.38197,0.0
2022-04-19 18:00:00,29.372253,26.596771,1008.8187,-1.8422632,3.3207507,0.059066772,85.05601,0.0
2022-04-20 00:00:00,28.420776,25.989838,1007.3862,-0.36843383,3.293779,0.27929926,86.71139,0.047303736
2022-04-20 06:00:00,30.54007,26.04898,1008.6238,-1.672102,2.4854808,0.11532112,77.0032,0.0
2022-04-20 12:00:00,30.348175,25.505219,1005.1962,-2.69732,2.9897928,0.0,75.38466,0.0
2022-04-20 18:00:00,29.101166,25.506378,1007.1863,-3.1888714,2.3651702,0.0,81.00164,0.0
2022-04-21 00:00:00,28.34668,25.33554,1006.65875,-2.7793894,2.7048237,0.13718808,83.770004,0.05416794
2022-04-21 06:00:00,30.409088,25.538452,1007.86127,-3.251007,2.6683087,0.19727862,75.27045,0.0033419207
2022-04-21 12:00:00,30.288116,25.644012,1004.8762,-3.3360205,2.7318716,0.023345947,76.27052,0.0
2022-04-21 18:00:00,28.985474,25.498474,1008.33124,-2.4193459,3.3074107,0.16387063,81.50742,0.016690698
2022-04-22 00:00:00,27.338623,25.211975,1007.5069,0.16601944,3.0715814,0.25436592,88.19682,0.23059833
2022-04-22 06:00:00,30.388458,24.98764,1009.3212,-2.3104343,0.92468023,0.100800864,72.9295,0.0
2022-04-22 12:00:00,30.037506,24.889496,1006.255,-3.5443134,1.5887525,0.01134491,73.978355,0.0
2022-04-22 18:00:00,28.665466,24.895386,1009.415,-1.5957365,3.5224454,0.9976251,80.10479,0.0
2022-04-23 00:00:00,26.758148,24.752594,1008.2381,1.1222451,3.2089245,0.9565666,88.789116,0.32577863
2022-04-23 06:00:00,29.865509,24.47107,1010.3131,0.789484,3.276825,0.8605868,72.86818,0.0
2022-04-23 12:00:00,29.4346,25.264801,1006.5706,-1.6811199,3.4050655,0.9784709,78.3233,0.0
2022-04-23 18:00:00,28.533813,25.343903,1009.90436,0.28112632,3.0254593,0.9709903,82.90506,0.0007599592
2022-04-24 00:00:00,27.71585,24.687134,1007.0425,1.534679,0.96846616,0.93961686,83.61258,0.0
2022-04-24 06:00:00,30.662994,24.528503,1008.4375,-0.61176986,0.3372118,0.8184074,69.85036,0.010206364
2022-04-24 12:00:00,30.25113,25.199432,1004.7375,-2.6569195,2.3900974,0.15307486,74.43931,0.0
2022-04-24 18:00:00,28.755096,25.788452,1007.5075,-2.0712576,1.8832731,0.44365525,84.03623,0.0
2022-04-25 00:00:00,28.717377,25.781525,1006.4869,-1.1529341,3.3602936,0.3267564,84.18566,0.0
2022-04-25 06:00:00,30.656036,25.49759,1008.0925,-1.1918135,2.8296309,0.120191306,74.03416,0.029757619
2022-04-25 12:00:00,30.404694,25.657745,1004.5469,-1.8798418,4.213129,0.023483276,75.82438,0.0
2022-04-25 18:00:00,29.166351,25.856506,1007.4356,-2.039773,2.894227,0.00049591064,82.39047,0.0
2022-04-26 00:00:00,28.422028,25.573212,1006.85065,-0.9241638,3.519951,0.1724671,84.59006,0.0009536743
2022-04-26 06:00:00,30.678375,25.699738,1008.5206,-1.5662642,3.1851108,0.2830289,74.832184,0.025276095
2022-04-26 12:00:00,30.186554,25.958405,1004.8725,-2.4306202,2.7364192,0.0047063828,78.15901,0.0
2022-04-26 18:00:00,29.116486,25.575043,1007.85126,-2.8016348,2.8300266,0.75764465,81.260544,0.0
2022-04-27 00:00:00,28.605316,25.251678,1006.6756,-1.4332047,2.5384142,0.5668121,82.10985,0.0007627532
2022-04-27 06:00:00,30.848053,25.10849,1007.97815,-2.054615,2.6191638,0.9074047,71.550766,0.012685545
2022-04-27 12:00:00,30.315216,25.11795,1004.78125,-3.3763475,2.8549976,0.10827637,73.80727,0.0
2022-04-27 18:00:00,28.946136,25.12149,1007.585,-2.0623283,3.0149422,0.0,79.8817,0.0
2022-04-28 00:00:00,28.710419,24.745056,1007.2469,-0.34462547,3.6746006,0.16117626,79.18233,0.0
2022-04-28 06:00:00,31.206818,25.070465,1008.92126,0.48522705,3.6441326,0.2325427,69.943085,0.00944268
2022-04-28 12:00:00,30.565216,26.07022,1005.5225,-0.9476757,3.9261303,0.07141256,76.98914,0.0
2022-04-28 18:00:00,29.732391,26.37677,1008.9294,1.0146685,5.312771,0.28283185,82.234665,0.0
2022-04-29 00:00:00,28.824066,26.057892,1007.4988,2.5156004,2.455648,0.7566347,85.047,0.014495105
2022-04-29 06:00:00,31.874664,25.736786,1008.53815,-0.58544254,4.0194,0.3185417,70.05958,0.0
2022-04-29 12:00:00,30.819,26.565094,1004.8013,0.06860161,6.3787546,0.79617393,78.12992,0.0
2022-04-29 18:00:00,29.731598,26.786469,1007.33813,1.0554198,6.4879436,0.10894506,84.24789,0.0
2022-04-30 00:00:00,29.496857,25.957,1005.77435,3.0362532,4.1698394,0.87416863,81.31555,0.0032419339
2022-04-30 06:00:00,32.278595,25.444855,1007.45685,0.86788666,1.1014566,0.88767433,67.29976,0.0
2022-04-30 12:00:00,31.00711,26.970245,1002.45374,-2.100873,4.556331,0.0,79.160484,0.0
2022-04-30 18:00:00,29.969269,27.292084,1004.9225,-0.5477228,6.19909,0.0,85.60852,0.0
2022-05-01 00:00:00,29.632172,26.741425,1003.8975,0.7511108,3.633571,0.9187682,84.5074,0.0041001476
2022-05-01 06:00:00,32.660065,26.071564,1005.4844,-0.6129894,2.750167,0.9189151,68.35977,0.0
2022-05-01 12:00:00,30.789337,27.25418,1001.73,-1.6545706,5.7373753,0.0038375854,81.49759,0.0
2022-05-01 18:00:00,29.717804,27.136993,1005.745,1.936058,4.770281,0.03588047,86.069435,0.0
2022-05-02 00:00:00,28.82669,25.747833,1003.6312,3.4373598,1.0048962,0.36369357,83.486885,0.0
2022-05-02 06:00:00,31.986359,25.316193,1004.77875,-1.6696453,-0.84804153,0.919998,67.90024,0.0
2022-05-02 12:00:00,30.727936,26.66275,1002.0325,-3.1302567,3.3029788,0.6164698,78.99061,0.0
2022-05-02 18:00:00,29.984406,27.43695,1005.22687,-0.25918293,4.236558,0.29257506,86.2631,0.00028603245
2022-05-03 00:00:00,29.296295,26.695343,1004.40314,-0.7060528,2.3376932,0.7815248,85.927284,9.580981e-05
2022-05-03 06:00:00,31.440704,26.832428,1006.2775,-2.7480183,2.397166,0.8115459,76.60664,0.0013350509
2022-05-03 12:00:00,30.967926,27.165802,1003.34937,-3.5941238,3.9375458,0.0011749268,80.253815,0.0
2022-05-03 18:00:00,29.827942,27.138824,1006.53436,-2.4009418,3.6493397,0.09986378,85.534744,0.0
2022-05-04 00:00:00,29.039062,26.530731,1005.6831,-0.1752491,3.6794338,0.20244026,86.372955,0.091651455
2022-05-04 06:00:00,31.367462,26.371735,1007.7544,-0.6387586,2.7908826,0.19885892,74.86654,0.0
2022-05-04 12:00:00,30.674225,26.52121,1004.34625,-3.3963757,2.4384341,0.014892578,78.5755,0.0
2022-05-04 18:00:00,29.30252,26.328217,1007.76624,-0.7788744,2.9797919,0.09939194,84.05724,0.0
2022-05-05 00:00:00,28.166962,25.539154,1005.6719,1.5722635,1.4501162,0.33786786,85.68135,0.04987791
2022-05-05 06:00:00,31.497223,24.681976,1007.28625,-1.7666988,-0.54016685,0.06586656,67.22033,0.0
2022-05-05 12:00:00,31.158966,25.43631,1003.3025,-3.810379,1.8818069,0.061279297,71.67766,0.0
2022-05-05 18:00:00,29.972687,26.083832,1007.0125,-1.1374626,3.5369282,0.18394658,79.71424,0.004864298
2022-05-06 00:00:00,29.046967,25.68277,1005.1381,1.0510209,3.5182707,0.59898555,82.111244,0.001524575
2022-05-06 06:00:00,30.926056,26.094025,1006.4356,0.13311672,1.7993984,0.9530153,75.524086,0.015357509
2022-05-06 12:00:00,30.959991,26.516632,1002.17,-1.9946632,4.309531,0.0074154665,77.28254,0.0
2022-05-06 18:00:00,30.182678,26.887665,1006.01373,-0.46606255,4.028989,0.34758443,82.58172,0.0
2022-05-07 00:00:00,28.74887,25.91391,1004.8781,1.8971312,1.1906614,0.18434113,84.69374,0.10986626
2022-05-07 06:00:00,32.493683,25.431793,1005.66376,0.25689656,1.7150621,0.03489093,66.43572,0.0
2022-05-07 12:00:00,30.66397,26.81314,1001.6213,-2.534543,4.6549935,0.6194973,79.98484,0.0
2022-05-07 18:00:00,30.063873,26.90036,1004.3644,1.7596499,3.8227496,1.0,83.20896,0.015069265
2022-05-08 00:00:00,28.948029,26.439117,1002.84814,1.1842566,2.277151,0.9999996,86.3615,0.0
2022-05-08 06:00:00,32.295807,24.624786,1003.1406,1.0223379,0.54398346,1.0,64.02684,0.0
2022-05-08 12:00:00,30.733063,27.480133,999.8694,-1.8563948,4.196446,1.0,82.84949,0.0
2022-05-08 18:00:00,30.362518,27.421051,1002.105,3.0530272,3.7108319,1.0,84.33295,0.0
2022-05-09 00:00:00,29.697296,23.592926,1000.845,3.678217,1.4846487,1.0,69.79729,0.0
2022-05-09 06:00:00,32.382233,24.08139,1001.5069,2.2053366,-0.26771545,1.0,61.674152,0.0
2022-05-09 12:00:00,31.466583,26.726349,998.5056,1.0737743,4.8611507,1.0,76.01807,0.0
2022-05-09 18:00:00,30.94339,26.084991,1000.78687,3.3206186,5.110172,1.0,75.40911,0.014491379
2022-05-10 00:00:00,29.46933,23.827118,1000.3237,4.2492723,2.4200006,1.0,71.724495,0.0
2022-05-10 06:00:00,31.560394,23.867706,1002.5706,3.3425865,-1.8271456,1.0,63.78856,0.0
2022-05-10 12:00:00,31.85086,24.773346,998.7175,2.184506,4.492978,1.0,66.24512,0.0
2022-05-10 18:00:00,29.947113,25.761993,1002.0006,4.3171635,4.0551114,1.0,78.324524,0.0
2022-05-11 00:00:00,29.10318,22.79544,1000.8475,3.8880315,2.226643,1.0,68.83331,0.0
2022-05-11 06:00:00,31.552704,23.863434,1002.6369,4.329673,3.2954645,1.0,63.80005,0.0
2022-05-11 12:00:00,31.265167,24.143463,1000.6475,2.8562865,2.8675995,0.99851656,65.95198,0.0
2022-05-11 18:00:00,29.556732,25.699982,1004.14874,2.9500065,3.4140823,0.9946492,79.810524,0.0
2022-05-12 00:00:00,28.577057,23.332977,1003.2319,3.5030446,2.3647482,0.78843,73.30972,0.018119812
2022-05-12 06:00:00,32.216217,23.163116,1004.5644,3.3833055,3.121691,0.13054322,58.905155,0.0
2022-05-12 12:00:00,30.655975,24.110626,1001.65186,1.3678801,4.5124283,0.64672333,68.15024,0.0011324883
2022-05-12 18:00:00,28.360016,25.997223,1004.66376,4.3934746,1.2266932,0.716592,87.05631,0.010311604
2022-05-13 00:00:00,27.624176,20.726837,1003.955,5.234074,0.2592733,0.9511215,66.11036,0.0
2022-05-13 06:00:00,30.634064,20.88089,1004.4819,3.855259,3.295999,0.5903701,56.07822,0.0
2022-05-13 12:00:00,31.066925,25.20523,1001.7562,1.1589816,2.8365102,0.8424715,71.07106,0.0
2022-05-13 18:00:00,29.74533,26.635529,1003.97314,0.9294487,6.359094,0.33230263,83.43662,0.124931335
2022-05-14 00:00:00,29.157501,24.088776,1002.7413,3.6749315,2.2575266,0.7443424,74.18504,0.0
2022-05-14 06:00:00,31.96988,24.076813,1004.5019,3.424696,3.318068,0.76192087,63.111965,0.031195581
2022-05-14 12:00:00,30.740753,26.217438,1002.5012,1.6710194,7.447852,0.65290004,76.886406,0.03594984
2022-05-14 18:00:00,28.367249,25.97464,1005.34937,2.9221048,5.9443383,0.44993842,86.90345,0.0
2022-05-15 00:00:00,28.555206,23.555511,1004.34375,4.0660725,3.3024485,0.84114915,74.394775,0.0
2022-05-15 06:00:00,31.506012,23.857178,1004.90686,2.8539705,3.0736487,0.91323245,63.94549,0.00087171793
2022-05-15 12:00:00,30.620514,25.794586,1002.5556,0.8303709,7.298111,0.55524015,75.50361,0.041477382
2022-05-15 18:00:00,29.55191,25.819,1005.8681,2.4251995,5.6926546,0.87551105,80.39799,0.0
2022-05-16 00:00:00,28.302032,23.177216,1004.0112,4.1723337,1.7398406,0.95403945,73.79338,9.685755e-05
2022-05-16 06:00:00,31.90689,23.880554,1005.39874,2.5063744,2.4874196,0.931834,62.595158,9.685755e-05
2022-05-16 12:00:00,29.988556,25.492584,1002.1744,0.8954172,5.2745495,0.9738771,76.898865,0.254479
2022-05-16 18:00:00,28.759735,25.935303,1004.8325,1.6580863,6.5079,0.9155279,84.74771,0.0
2022-05-17 00:00:00,28.80368,24.754303,1002.435,3.3605196,3.952524,0.94283783,78.79877,0.0
2022-05-17 06:00:00,31.096466,24.562195,1004.1575,1.4623237,5.2598658,0.97086394,68.28048,0.0947037
2022-05-17 12:00:00,30.049469,25.719147,1000.745,0.39187717,7.357607,0.40874195,77.667656,0.0
2022-05-17 18:00:00,29.24936,26.023254,1004.01874,2.6935732,6.623734,0.8454113,82.80968,0.007627677
2022-05-18 00:00:00,28.548218,25.08017,1002.7631,3.8278544,5.6612997,0.8585613,81.54541,0.00095352903
2022-05-18 06:00:00,31.482208,24.886261,1004.14874,1.8213053,6.2125473,0.78619176,68.10351,0.031857178
2022-05-18 12:00:00,30.092926,26.055573,1001.9075,2.048547,8.611344,0.4605446,79.03332,0.0
2022-05-18 18:00:00,28.953308,25.514984,1005.2,3.5396547,7.3225746,0.868264,81.73945,0.34276548
2022-05-19 00:00:00,28.556,24.409454,1004.89935,5.125684,5.870534,0.86974996,78.30743,0.0
2022-05-19 06:00:00,31.419586,24.202301,1006.03687,4.672059,5.1585846,0.9968449,65.60623,0.19436516
2022-05-19 12:00:00,29.553741,26.089752,1003.6331,3.1439981,6.990677,0.3576756,81.6884,0.0
2022-05-19 18:00:00,28.996124,25.356354,1006.7619,4.322176,5.777743,0.20435101,80.77205,0.0
2022-05-20 00:00:00,27.986847,24.02475,1006.2425,4.8700256,4.2033596,0.7996802,79.09832,0.0
2022-05-20 06:00:00,31.584381,24.525177,1006.855,3.0864344,4.67931,0.8308627,66.26403,0.03519375
2022-05-20 12:00:00,29.834015,25.913727,1004.135,3.0174394,7.2466474,0.35743243,79.54755,0.31648606
2022-05-20 18:00:00,29.251617,26.006989,1006.9525,2.9085445,4.45171,0.7263115,82.71921,0.0
2022-05-21 00:00:00,28.316925,24.14035,1005.97626,3.9510927,3.7367125,0.9211001,78.13251,0.0
2022-05-21 06:00:00,31.914948,23.939972,1006.2225,3.6568336,4.2563105,0.09238097,62.790424,0.0017168932
2022-05-21 12:00:00,31.047394,25.463654,1002.7175,1.9940878,6.353755,0.14460474,72.25223,0.015638303
2022-05-21 18:00:00,29.483002,25.480743,1005.2656,3.8970127,3.843505,0.08083767,79.11422,0.0
2022-05-22 00:00:00,28.642975,22.88205,1004.1325,5.2567663,3.083015,0.8542787,71.065216,0.0
2022-05-22 06:00:00,32.33133,23.386383,1004.1356,4.2468405,2.178812,0.19394326,59.317707,0.0
2022-05-22 12:00:00,32.11685,23.948517,1001.45624,2.7628021,4.910511,0.8756964,62.108604,0.0
2022-05-22 18:00:00,30.105255,22.826324,1004.09375,4.603613,2.7167199,0.79847145,65.09283,0.0
2022-05-23 00:00:00,29.264862,22.179718,1003.13,4.9261894,1.8558755,0.62617713,65.68911,0.0
2022-05-23 06:00:00,32.55545,23.653229,1003.6262,3.2834902,2.3409498,0.9999992,59.52193,0.00047680805
2022-05-23 12:00:00,30.518707,25.147491,1001.36127,1.3729143,6.801591,0.48847333,73.080376,0.015258818
2022-05-23 18:00:00,29.39743,26.445587,1003.7413,2.3962727,4.7903934,0.050387327,84.17893,0.0
2022-05-24 00:00:00,28.949005,24.342133,1004.2494,3.120758,3.528333,0.99703324,76.23498,0.0
2022-05-24 06:00:00,32.16861,24.8096,1006.1163,1.1862981,3.9945896,0.52961165,65.20495,0.0
2022-05-24 12:00:00,30.015045,26.335602,1004.5125,-0.039936066,7.459849,0.95674336,80.71228,0.025749207
2022-05-24 18:00:00,28.740204,26.272491,1007.5037,2.2429771,6.860859,0.9931957,86.55242,0.0
2022-05-25 00:00:00,28.728912,26.179352,1006.0538,2.6022477,4.48109,0.99715,86.133835,0.0
2022-05-25 06:00:00,31.509674,25.44461,1007.84314,0.43741715,3.6903486,0.88299966,70.29611,0.000762986
2022-05-25 12:00:00,29.802399,25.962677,1004.4994,-0.11416149,6.7610593,0.13853455,79.92368,0.0
2022-05-25 18:00:00,28.460999,25.709076,1008.2456,3.1655076,5.7957478,0.15920317,85.081825,0.018693507
2022-05-26 00:00:00,28.2818,25.72586,1007.15063,3.070315,5.564823,0.13923639,86.05868,0.0
2022-05-26 06:00:00,31.325592,25.474884,1008.1025,2.4622154,5.367587,0.37183225,71.16376,0.0036237761
2022-05-26 12:00:00,29.78128,25.642853,1005.0006,1.7811855,7.8197355,0.25994563,78.51836,0.0
2022-05-26 18:00:00,28.469757,25.776398,1008.1625,3.1612582,5.4022274,0.40001673,85.37868,0.0
2022-05-27 00:00:00,28.542145,24.471466,1006.66315,3.871099,4.5476375,0.38060862,78.66197,0.002097804
2022-05-27 06:00:00,31.78238,24.324188,1007.4338,1.7963932,3.2417874,0.83569574,64.7397,0.0
2022-05-27 12:00:00,30.766998,25.34372,1004.4981,1.266442,4.847719,0.31788015,72.89634,0.0056745484
2022-05-27 18:00:00,28.032867,24.525177,1006.71875,2.7787838,4.740834,0.30098873,81.288704,0.0
2022-05-28 00:00:00,28.67514,24.839447,1005.485,3.6025715,3.694243,0.41783237,79.79302,0.0
2022-05-28 06:00:00,31.774078,24.412018,1006.8225,2.6579762,4.2940993,0.08334486,65.11186,0.00085821375
2022-05-28 12:00:00,30.171783,25.876007,1003.7975,1.2780304,7.8268213,0.53744376,77.84452,0.15703449
2022-05-28 18:00:00,28.949402,26.202423,1006.4775,2.768994,6.2491817,0.09300703,85.15629,0.0
2022-05-29 00:00:00,28.624908,23.991058,1005.4269,4.086525,4.0775485,0.6257455,76.06184,0.0
2022-05-29 06:00:00,31.82132,23.661652,1006.29,2.7948494,4.000813,0.07537019,62.0764,0.002288958
2022-05-29 12:00:00,30.039825,25.64206,1003.91,0.9261532,7.2623396,0.8960212,77.356155,0.0046847854
2022-05-29 18:00:00,28.613708,26.184418,1006.17,2.1545992,6.834775,0.8619522,86.73746,0.0
2022-05-30 00:00:00,28.5195,25.279205,1004.6694,4.1926007,5.562878,0.56441146,82.65531,0.0
2022-05-30 06:00:00,31.42691,24.596771,1005.8425,2.454587,3.9832768,0.11221426,67.14666,0.00543613
2022-05-30 12:00:00,30.078766,25.891632,1002.7631,1.8893805,6.5547085,0.54860723,78.333786,0.0020144507
2022-05-30 18:00:00,28.64096,26.029205,1005.76874,3.7784054,5.192858,0.73716813,85.809204,0.06551668
2022-05-31 00:00:00,28.434906,24.264008,1003.5131,4.3582306,2.0924006,0.5404708,78.176,0.0
2022-05-31 06:00:00,31.914825,23.468048,1005.09814,3.509121,2.1329212,0.9177083,61.032,0.0
2022-05-31 12:00:00,30.159332,25.40982,1002.275,2.6945882,7.378375,0.5050868,75.77481,0.0
2022-05-31 18:00:00,28.82373,26.298004,1005.70624,3.0073488,5.942849,1.0000002,86.26417,0.0
2022-06-01 00:00:00,28.532562,24.117096,1003.7488,4.7542562,3.294633,0.9996091,77.051674,0.00028591603
2022-06-01 06:00:00,32.526276,23.59439,1004.59937,3.5705805,2.2022555,0.7419191,59.409016,0.0
2022-06-01 12:00:00,31.100983,25.803864,1001.26,0.53959656,5.472144,0.15206867,73.50081,0.18018484
2022-06-01 18:00:00,29.082916,26.503937,1005.3881,1.2417247,6.1622033,0.020130157,86.01811,0.0
2022-06-02 00:00:00,28.774445,24.062408,1004.09625,3.9134865,3.5233767,0.37138987,75.72869,0.0
2022-06-02 06:00:00,32.20523,24.136261,1004.33875,2.7193575,3.332364,0.15765527,62.499596,0.0
2022-06-02 12:00:00,30.275543,25.933258,1001.97815,0.043395042,7.090718,0.3196869,77.64537,0.0
2022-06-02 18:00:00,29.026031,26.280792,1004.1225,2.4819276,5.2964683,0.8824295,85.172806,0.0
2022-06-03 00:00:00,28.822845,23.002106,1003.13,3.5295544,2.4857256,0.41998667,70.84083,0.0
2022-06-03 06:00:00,32.228546,23.847076,1003.8825,1.6145327,3.255516,0.029797204,61.3423,0.0028607901
2022-06-03 12:00:00,30.496979,25.712067,1001.59875,0.90699196,7.0008373,0.038528442,75.66813,0.0
2022-06-03 18:00:00,28.681671,26.051544,1004.6994,1.8028126,5.464945,0.23640718,85.719955,0.0
2022-06-04 00:00:00,28.576416,25.01419,1003.15875,3.0358152,2.7413416,0.30381858,81.09247,0.0
2022-06-04 06:00:00,31.358063,25.143585,1004.1869,0.08870983,4.193546,0.10712561,69.64624,0.0019073486
2022-06-04 12:00:00,29.97647,25.89212,1002.28125,0.4788952,7.5027866,0.8402143,78.79773,0.0
2022-06-04 18:00:00,28.340546,26.108917,1004.7275,1.9372488,6.371814,0.957982,87.73273,0.0
2022-06-05 00:00:00,28.388123,26.317963,1003.9531,2.7115064,5.0887585,0.85883284,88.57767,0.0
2022-06-05 06:00:00,31.186676,25.704742,1004.31,2.0111706,5.369234,0.5982958,72.71423,0.011253171
2022-06-05 12:00:00,30.256989,25.86148,1001.9412,0.29758263,8.595579,0.89091784,77.39831,0.0
2022-06-05 18:00:00,27.711456,25.645416,1005.175,2.9763594,6.012858,0.9743867,88.54535,0.0
2022-06-06 00:00:00,27.741058,25.649567,1004.70374,3.0401049,3.0443404,0.99851674,88.414116,0.0
2022-06-06 06:00:00,30.869781,25.147614,1005.04565,1.2105777,3.379409,0.7458086,71.6288,0.010873191
2022-06-06 12:00:00,29.637848,26.013702,1003.01624,0.9856077,5.736116,0.9508855,80.92852,0.0
2022-06-06 18:00:00,27.52127,25.501923,1006.15875,1.2936747,5.483309,0.9923772,88.77606,0.0066533685
2022-06-07 00:00:00,27.287323,25.488617,1004.4331,4.117158,3.6364577,0.9991091,89.929726,0.0
2022-06-07 06:00:00,30.201935,25.110931,1006.1163,3.7125034,4.163563,0.99999994,74.25726,0.010777951
2022-06-07 12:00:00,29.389313,25.134674,1003.9406,1.892867,5.989443,1.000003,77.92229,0.0
2022-06-07 18:00:00,28.266144,25.9794,1006.0325,2.7885153,6.516863,0.9977297,87.44075,0.0
2022-06-08 00:00:00,28.182495,24.987823,1004.52875,3.9374561,3.354862,0.9575538,82.84102,0.0
2022-06-08 06:00:00,31.416779,24.134125,1005.2481,2.5617027,3.0962052,0.74231154,65.34886,0.0
2022-06-08 12:00:00,30.174469,25.888092,1002.7019,1.7573369,7.504785,0.3701113,77.88826,0.05888939
2022-06-08 18:00:00,28.551422,26.490631,1004.79626,2.3010483,6.6679583,0.0074424744,88.639595,0.0
2022-06-09 00:00:00,28.361847,25.067413,1003.7469,3.2579536,3.3685706,0.752565,82.37077,0.0
2022-06-09 06:00:00,31.233795,24.235199,1004.8225,0.432765,3.4414406,0.40138417,66.43446,0.0
2022-06-09 12:00:00,30.423492,25.652863,1002.78186,0.7349106,7.1480837,0.35883814,75.72085,0.0
2022-06-09 18:00:00,28.503998,26.390045,1005.4125,2.141325,5.7170324,0.9889038,88.35829,0.0
2022-06-10 00:00:00,28.547638,26.459991,1004.83124,2.9549038,5.725478,0.95375836,88.49904,0.0
2022-06-10 06:00:00,31.19522,25.128082,1005.9494,2.122385,3.7546546,0.94524443,70.22996,0.011445954
2022-06-10 12:00:00,29.964752,25.879547,1003.33813,1.7376418,7.8234687,0.99999964,78.79212,0.0
2022-06-10 18:00:00,27.976715,26.27774,1006.71814,2.1103277,6.882468,0.9138591,90.51013,0.0
2022-06-11 00:00:00,28.368744,25.231232,1006.3038,3.06387,3.8163195,0.99999994,83.145,0.0
2022-06-11 06:00:00,30.571808,24.493317,1006.77814,2.091835,5.1386347,0.29017788,70.067924,0.0002863817
2022-06-11 12:00:00,29.637848,25.584137,1004.21814,1.6886532,6.8408203,0.9145296,78.89413,0.0
2022-06-11 18:00:00,28.42569,26.159576,1006.7969,2.7128518,5.708002,0.7185235,87.56131,0.0
2022-06-12 00:00:00,28.116364,25.088165,1006.2675,2.6774092,4.017257,0.98514336,83.65959,0.0
2022-06-12 06:00:00,31.159698,24.39212,1006.85187,1.8005123,3.2855144,0.75340277,67.34578,0.0012398232
2022-06-12 12:00:00,29.979889,25.451141,1004.1025,1.0183434,6.760288,0.25475717,76.747955,0.0
2022-06-12 18:00:00,28.446045,25.480011,1007.60315,0.9205509,4.759797,0.9809112,84.00577,0.0003874302
2022-06-13 00:00:00,28.102478,23.131378,1007.1244,3.4297228,1.657381,0.97713107,74.44918,0.0019008294
2022-06-13 06:00:00,31.053253,23.49588,1007.53436,0.46065262,0.49143124,1.0000002,64.202866,0.0
2022-06-13 12:00:00,29.533112,25.87674,1004.285,-0.8464184,5.1161427,0.98611397,80.76097,0.012300909
2022-06-13 18:00:00,28.370117,26.095367,1007.28876,1.4488434,5.796135,0.19791234,87.5118,0.0
2022-06-14 00:00:00,28.096497,25.370758,1006.1406,2.894249,3.1839714,0.6651106,85.17716,0.0
2022-06-14 06:00:00,31.037872,25.020905,1006.11127,-0.8936203,1.2170582,0.8875612,70.41147,0.002097804
2022-06-14 12:00:00,30.201569,26.315094,1003.79565,-1.1357498,5.180494,0.9817414,79.755936,0.0
2022-06-14 18:00:00,28.21585,25.716644,1007.7344,2.8068416,4.3025885,0.9940492,86.34244,0.039100647
2022-06-15 00:00:00,26.404388,24.098633,1005.0075,2.7212443,2.0161145,0.9700316,87.17794,0.0
2022-06-15 06:00:00,31.042023,24.236298,1006.34937,1.1379231,0.59177303,0.5209339,67.16884,0.0
2022-06-15 12:00:00,29.978546,25.89975,1003.09314,-0.7471285,3.8034396,0.88171476,78.82394,0.017833663
2022-06-15 18:00:00,26.450653,24.483002,1007.46436,0.8020977,2.473757,0.9940818,88.96655,0.32472226
2022-06-16 00:00:00,26.728546,24.691193,1005.1312,1.7891924,1.7805102,0.98653096,88.61826,0.0
2022-06-16 06:00:00,30.023834,24.647308,1006.3081,0.61402875,1.487731,0.40837318,72.97327,0.02155453
2022-06-16 12:00:00,29.8721,25.6315,1003.4531,-1.3613291,5.0276012,0.8587929,78.056564,0.0
2022-06-16 18:00:00,26.545654,24.452545,1007.1912,3.5282898,2.4480693,0.94318736,88.30847,0.03563741
2022-06-17 00:00:00,26.883484,24.584564,1005.4356,2.3903131,0.91924,0.9987185,87.25621,0.25893128
2022-06-17 06:00:00,28.981964,24.894562,1006.90625,-0.52101344,4.08699,1.0,78.644936,0.0
2022-06-17 12:00:00,29.026398,24.867523,1003.9469,-0.40266228,4.8998327,0.9982246,78.31647,0.061601814
2022-06-17 18:00:00,27.98587,24.564972,1006.3869,1.4973625,5.0726614,0.83433926,81.70604,0.0
2022-06-18 00:00:00,27.35202,24.283417,1005.7569,0.9480528,2.6444967,0.7005785,83.37253,0.0037178397
2022-06-18 06:00:00,30.792511,23.968018,1007.0556,0.18080431,3.4773207,0.9500031,67.04387,0.0
2022-06-18 12:00:00,29.54361,25.19632,1003.9506,0.53481007,5.7700825,0.957102,77.515854,0.0009536743
2022-06-18 18:00:00,28.10263,24.841827,1006.78436,2.365229,4.792104,0.2448042,82.50554,0.11330233
2022-06-19 00:00:00,26.689728,24.381866,1005.9556,1.6899246,4.4571667,0.727941,87.19235,0.0
2022-06-19 06:00:00,30.447296,24.54599,1007.16064,1.7023592,1.9519186,0.95241106,70.7919,0.0
2022-06-19 12:00:00,29.492828,25.614868,1004.28815,-0.29007912,5.6641903,0.9025028,79.70164,0.057490185
2022-06-19 18:00:00,27.826447,24.78421,1006.51624,2.0299106,4.0447197,0.5525379,83.55739,0.0
2022-06-20 00:00:00,27.803986,25.460907,1005.5538,2.1387954,2.627563,0.8568821,87.10849,0.0
2022-06-20 06:00:00,31.101349,23.79898,1006.17126,1.4681892,1.5084643,0.9235485,65.20665,0.013445504
2022-06-20 12:00:00,30.227814,25.162262,1002.8825,0.6942337,5.387245,0.9478064,74.37413,0.0
2022-06-20 18:00:00,28.674042,25.391754,1005.6937,2.3874328,4.6079726,0.82404405,82.46723,0.0
2022-06-21 00:00:00,28.133453,23.759186,1004.1125,4.1218796,1.6073151,0.9063906,77.183174,0.08010864
2022-06-21 06:00:00,31.088165,23.141876,1004.4988,3.2861814,1.0616066,0.9672178,62.72021,0.0
2022-06-21 12:00:00,29.812042,24.824188,1002.1275,1.5490065,4.7895403,0.7933466,74.65195,0.060761347
2022-06-21 18:00:00,27.908478,24.963776,1004.8744,2.6243606,3.711726,0.91515505,84.054214,0.0
2022-06-22 00:00:00,27.919525,24.071747,1004.16437,3.0315766,2.0771818,1.0000002,79.63396,0.0016242266
2022-06-22 06:00:00,31.321808,22.553253,1005.715,3.0388021,0.47634995,0.9880307,59.722633,0.0
2022-06-22 12:00:00,29.748077,24.953949,1004.5087,1.098486,5.501662,0.9978333,75.50968,0.018966384
2022-06-22 18:00:00,28.014069,25.580597,1007.47064,1.5203185,5.9375324,0.986225,86.66109,0.012025237
2022-06-23 00:00:00,27.895538,25.830353,1006.0875,1.9954269,2.1883755,0.99315864,88.56454,0.0
2022-06-23 06:00:00,30.894562,24.069305,1007.035,2.523304,3.2769432,0.99950564,67.06101,0.0009536743
2022-06-23 12:00:00,29.902863,25.407196,1004.21686,-0.65587616,5.8979335,0.99683183,76.88746,0.0
2022-06-23 18:00:00,28.431183,25.810364,1006.78687,1.3151078,4.8914175,0.99414814,85.742744,0.00085681677
2022-06-24 00:00:00,27.907074,25.780304,1005.9919,2.0265143,2.221836,0.9247944,88.24282,0.018499792
2022-06-24 06:00:00,31.45816,23.829376,1006.315,3.6958761,2.777228,0.55658865,64.01251,0.0
2022-06-24 12:00:00,31.091827,25.33609,1002.27814,-0.29402637,5.9483557,0.9783766,71.52499,0.0005722977
2022-06-24 18:00:00,28.92746,25.906036,1005.23065,2.8164062,4.414893,0.9909795,83.78265,0.0
2022-06-25 00:00:00,28.570099,22.342743,1003.61127,5.260783,1.617509,0.9794125,69.06811,0.0
2022-06-25 06:00:00,31.200836,23.105438,1004.7413,4.977394,2.4980257,1.0,62.181686,0.0
2022-06-25 12:00:00,31.88266,22.708405,1001.51685,3.6899633,1.4641218,0.99999994,58.397694,0.0
2022-06-25 18:00:00,29.63089,21.65738,1004.2531,3.3596334,3.820653,1.0,62.298973,0.0
2022-06-26 00:00:00,28.815094,22.36142,1003.2006,3.5516505,1.4298375,1.0,68.1708,0.0
2022-06-26 06:00:00,31.267242,22.386017,1004.6369,4.2303486,1.6121812,1.0000002,59.30272,0.0
2022-06-26 12:00:00,30.892487,25.3909,1002.9338,-0.4869709,5.3876133,0.6472653,72.5791,0.0
2022-06-26 18:00:00,29.144348,26.055328,1005.9775,1.9838142,5.93248,0.942895,83.47203,0.0
2022-06-27 00:00:00,28.49588,21.990936,1004.9913,5.186083,0.9595168,0.7663912,67.89606,0.0
2022-06-27 06:00:00,32.172516,22.090424,1005.65314,3.6100283,0.844589,0.946003,55.328907,0.0
2022-06-27 12:00:00,30.583649,24.794708,1004.1781,-0.8410816,3.323327,1.0,71.2935,0.0
2022-06-27 18:00:00,29.20279,26.152008,1006.7369,2.0668178,5.0810633,0.9999999,83.66748,0.0019066501
2022-06-28 00:00:00,28.556976,21.90982,1005.5325,4.14738,0.62990284,0.9653381,67.321594,0.0
2022-06-28 06:00:00,31.836823,22.010529,1006.29626,1.5380554,0.6059508,0.64313483,56.1167,0.0
2022-06-28 12:00:00,30.895416,24.521637,1002.9325,-1.3136778,4.1656103,0.47515887,68.90062,0.0007599592
2022-06-28 18:00:00,29.141998,24.881989,1005.155,1.4312655,4.001957,0.13826632,77.861694,0.0
2022-06-29 00:00:00,28.421295,22.658234,1003.90063,4.6080036,0.84159946,0.06815942,71.015945,0.0
2022-06-29 06:00:00,32.5159,22.41745,1004.4338,1.7918236,0.68547314,0.11425401,55.35701,0.0024794135
2022-06-29 12:00:00,32.11905,24.260284,1000.6994,0.99556637,4.9404917,0.4420771,63.273914,0.0
2022-06-29 18:00:00,29.457611,23.07254,1004.15625,3.328932,3.9593983,0.31550056,68.57952,0.00010430813
2022-06-30 00:00:00,28.357208,22.879608,1002.5062,4.9685364,-0.31165028,0.98575014,72.24418,0.0
2022-06-30 06:00:00,32.09012,22.902374,1004.20435,3.3483772,0.54022443,0.9657171,58.39817,0.0008584466
2022-06-30 12:00:00,31.417633,24.519684,1001.5656,3.3655725,4.2810802,0.9990116,66.87299,0.0013357494
2022-06-30 18:00:00,28.580414,21.984772,1004.7681,5.9653835,0.42606163,0.9930024,67.53814,0.0047646463
2022-07-01 00:00:00,27.89743,23.206879,1003.04315,5.6290617,0.36556435,0.60747385,75.6893,0.0
2022-07-01 06:00:00,32.27713,23.036896,1003.66565,3.6929083,1.080945,0.44218224,58.256306,0.0
2022-07-01 12:00:00,31.518463,25.032745,1000.8713,0.6271188,4.3663855,0.5958455,68.55967,0.10031462
2022-07-01 18:00:00,28.610321,24.801056,1004.29877,3.893652,2.5225391,0.6733301,79.91037,0.0
2022-07-02 00:00:00,28.540192,22.273712,1002.9219,4.2920904,-0.3528986,0.98296434,68.89822,0.0
2022-07-02 06:00:00,31.700348,22.564423,1002.47565,3.2444868,-0.56067944,0.41056132,58.491283,0.0
2022-07-02 12:00:00,31.281647,25.050568,1000.0563,0.06414032,4.687005,0.46218067,69.563194,0.08326769
2022-07-02 18:00:00,27.664215,24.795929,1004.66437,3.8756442,3.0251722,0.9916884,84.412125,1.3668647
2022-07-03 00:00:00,28.531647,24.107391,1002.3094,2.79988,2.2921286,0.97662973,77.0109,0.0
2022-07-03 06:00:00,31.450958,23.702118,1004.22565,4.3874655,-0.17557323,0.9917006,63.55021,0.0014307443
2022-07-03 12:00:00,30.569977,24.764923,1001.40564,2.6504354,3.4675226,0.81020945,71.22249,0.3278954
2022-07-03 18:00:00,27.874084,23.541351,1004.4281,5.1322737,1.5586395,0.86111325,77.33799,0.0
2022-07-04 00:00:00,28.883148,21.224274,1003.25,8.330892,-0.37269402,0.9268821,63.346607,0.0
2022-07-04 06:00:00,31.208649,20.174957,1003.5469,5.7413626,-0.7379551,0.99999994,51.95741,0.0
2022-07-04 12:00:00,31.505035,23.201324,1001.22375,2.548067,1.0298104,0.9551813,61.47004,0.08267164
2022-07-04 18:00:00,28.271881,23.432404,1004.645,3.139134,4.632642,0.9883238,75.07089,0.3284216
2022-07-05 00:00:00,28.50296,22.080597,1003.2388,6.8630943,0.45567226,0.9999998,68.24013,0.0
2022-07-05 06:00:00,30.730743,21.586334,1003.78125,4.3771706,2.4243836,0.9981206,58.235065,0.0
2022-07-05 12:00:00,31.25528,23.565094,1001.35187,4.0001926,3.0835562,0.99950564,63.733437,0.023740344
2022-07-05 18:00:00,27.234833,22.806915,1004.84064,6.4418077,1.4310141,0.99752814,76.798996,0.008683652
2022-07-06 00:00:00,27.481354,22.527222,1003.8081,5.7849965,1.7240868,0.9904845,74.42401,0.13409631
2022-07-06 06:00:00,29.14566,22.905365,1005.78625,4.30803,3.0592782,1.0,69.123276,0.0
2022-07-06 12:00:00,30.653107,23.149078,1004.1831,1.718901,2.9092314,1.0,64.32563,0.0
2022-07-06 18:00:00,28.316559,22.542877,1007.0225,5.112215,1.9302864,0.99910957,70.9512,0.0
2022-07-07 00:00:00,28.190094,21.5784,1006.08936,5.9822083,1.5365925,0.99832374,67.39469,0.00066904665
2022-07-07 06:00:00,30.151154,22.33548,1007.60565,4.225648,3.2868254,0.9999999,63.015377,0.0029556607
2022-07-07 12:00:00,30.323517,22.8497,1005.41125,5.4590006,1.7940674,0.95194656,64.37398,0.048063383
2022-07-07 18:00:00,27.584198,22.607208,1007.03687,5.9298487,-0.47959042,0.99218726,74.337654,0.0
2022-07-08 00:00:00,27.210724,22.42923,1005.03564,4.885392,0.2317295,0.99604446,75.164665,0.0
2022-07-08 06:00:00,31.273346,22.263336,1006.5025,4.783435,0.069042206,0.99333733,58.841335,0.0
2022-07-08 12:00:00,31.075714,23.72232,1002.9981,0.59387404,3.8466587,0.98871577,65.001434,0.0009536743
2022-07-08 18:00:00,29.58023,22.217804,1005.79,3.858614,1.9880295,0.99732625,64.65431,0.0
2022-07-09 00:00:00,27.441498,22.277618,1003.9288,6.680913,0.96132404,0.9991092,73.47441,0.34331957
2022-07-09 06:00:00,29.141144,23.054962,1004.4969,5.7547817,1.3996598,0.92883044,69.770256,0.0
2022-07-09 12:00:00,30.123627,22.231781,1002.33124,4.909683,2.0746102,0.97141576,62.718033,0.0
2022-07-09 18:00:00,27.814606,21.9404,1005.0731,4.884615,1.9307398,0.99950594,70.42687,0.073042914
2022-07-10 00:00:00,28.049652,21.938995,1004.1194,6.065974,1.6269432,0.98375267,69.4618,0.0
2022-07-10 06:00:00,30.660675,21.801666,1005.3762,5.41722,2.6293738,1.0,59.243385,0.0
2022-07-10 12:00:00,30.937653,24.144073,1002.66315,1.6396526,5.2855115,1.0,67.19717,0.013642013
2022-07-10 18:00:00,29.086761,22.018585,1006.16064,5.1239433,1.7381334,0.9990113,65.72045,0.0
2022-07-11 00:00:00,28.15036,21.45987,1006.0112,5.6541615,2.2694645,0.9999999,67.06255,0.0
2022-07-11 06:00:00,31.255035,22.218048,1007.65814,4.7777967,3.6203961,0.99999994,58.740562,0.0
2022-07-11 12:00:00,30.57486,22.807526,1005.47876,2.6252575,2.5782735,1.0000001,63.292015,0.051110983
2022-07-11 18:00:00,28.790802,21.762848,1007.47186,4.990345,1.8906292,1.0,65.82113,0.0
2022-07-12 00:00:00,28.152985,22.121307,1006.34125,5.7921686,2.5866718,1.0,69.816536,0.0
2022-07-12 06:00:00,31.657623,22.016998,1006.2294,5.7944317,2.0256877,0.8652294,56.712467,0.0
2022-07-12 12:00:00,31.782257,23.402008,1003.04315,3.7520275,6.4366937,0.7064232,61.247902,0.0040065497
2022-07-12 18:00:00,29.639679,21.232208,1006.2562,5.47843,1.7673869,0.9999995,60.667175,0.0
2022-07-13 00:00:00,28.34018,21.955292,1004.3663,5.712083,4.2803726,0.9970276,68.36458,0.0
2022-07-13 06:00:00,32.054474,21.531769,1004.6887,6.780965,3.5401278,0.9884166,53.831516,0.0
2022-07-13 12:00:00,32.497833,22.253204,1001.14624,5.1881104,4.852696,0.9971261,54.862637,0.0
2022-07-13 18:00:00,29.644073,21.43985,1004.54565,6.903243,1.1673932,0.9197183,61.42857,0.0
2022-07-14 00:00:00,28.34726,22.255585,1002.815,5.1602106,4.0650654,0.9668934,69.5983,0.0018114224
2022-07-14 06:00:00,31.846466,22.199738,1003.1312,6.467,3.5454698,0.9985165,56.736393,0.00047590584
2022-07-14 12:00:00,32.437897,21.259918,1000.40686,4.6688957,4.3674135,1.0,51.807396,0.0
2022-07-14 18:00:00,29.855865,20.749298,1003.85126,7.030512,1.6099901,1.0000001,58.16505,0.0
2022-07-15 00:00:00,28.02304,21.999481,1003.2775,5.2059917,4.1737347,0.9961491,69.82677,0.0001906883
2022-07-15 06:00:00,31.330475,22.058258,1004.9519,5.322138,2.1580768,0.99006885,57.92231,0.00028614886
2022-07-15 12:00:00,31.450226,23.955841,1002.0012,2.2686596,4.465829,0.854279,64.530136,0.002861023
2022-07-15 18:00:00,29.918365,21.76944,1005.21375,4.752962,1.9386187,0.99999994,61.69777,0.0
2022-07-16 00:00:00,28.624664,21.459564,1004.3156,4.118099,2.6736543,0.9644677,65.237175,0.0
2022-07-16 06:00:00,31.638214,22.671051,1005.10626,2.6511393,3.8606822,0.9392185,59.079075,0.0
2022-07-16 12:00:00,29.935577,25.110382,1003.4175,2.3675296,5.7508116,0.8581215,75.39942,0.5311966
2022-07-16 18:00:00,28.238861,25.014801,1006.9425,2.7306468,1.8992844,0.88175035,82.70253,0.0
2022-07-17 00:00:00,28.358612,22.986969,1004.9825,2.8477914,3.1387439,0.99950576,72.709435,0.0
2022-07-17 06:00:00,31.506866,23.455963,1005.70685,1.6290693,3.3334556,1.0,62.41585,0.0005722977
2022-07-17 12:00:00,29.94925,25.129852,1003.7981,1.2027109,5.648846,1.0,75.427605,0.0026761554
2022-07-17 18:00:00,28.339722,25.078827,1006.2544,2.939396,5.0182385,0.99999994,82.53294,0.0018058345
2022-07-18 00:00:00,28.073883,25.197784,1005.5744,1.8958886,2.9592857,0.97098315,84.416275,0.0
2022-07-18 06:00:00,29.632355,23.164764,1006.885,1.4662567,1.7497082,0.9990114,68.27176,0.023551973
2022-07-18 12:00:00,29.486969,25.173004,1004.3731,-0.99601173,1.153573,1.0,77.66155,0.0
2022-07-18 18:00:00,29.143707,24.387482,1007.025,1.4076097,2.7635365,0.9346329,75.586006,0.0
2022-07-19 00:00:00,27.818878,22.389984,1005.9969,4.0335016,1.209321,0.87822235,72.363846,0.0
2022-07-19 06:00:00,31.46341,22.211517,1006.6881,-0.0833776,0.40149307,0.26470545,58.025253,0.0015255064
2022-07-19 12:00:00,30.067902,24.363129,1003.16376,-3.9651384,1.6757059,0.31512085,71.56141,0.0
2022-07-19 18:00:00,28.540619,24.9133,1007.3331,0.41864407,4.212306,0.96381235,80.77375,0.14848863
2022-07-20 00:00:00,27.457245,24.809113,1005.6144,2.0468931,2.9976892,0.6878373,85.50762,0.0
2022-07-20 06:00:00,30.973785,24.439362,1006.86127,-0.24329227,2.8302307,0.35958612,68.256226,0.011060387
2022-07-20 12:00:00,29.705719,25.479706,1003.57,-1.2191992,4.5265856,0.13713706,78.10045,0.018980354
2022-07-20 18:00:00,28.26297,24.685516,1006.3206,2.5123382,3.5255263,0.30514503,80.97922,0.008583069
2022-07-21 00:00:00,28.276459,24.786865,1005.0556,2.5903213,1.7472019,0.22393668,81.40709,0.0
2022-07-21 06:00:00,31.543243,24.031403,1005.4556,0.68702316,1.0167656,0.06593037,64.48193,0.014496967
2022-07-21 12:00:00,29.717926,25.557892,1003.405,-0.14380455,2.5273626,0.3229883,78.40884,0.0072475523
2022-07-21 18:00:00,26.233368,24.585907,1008.3006,3.9242716,2.7498581,0.9985116,90.671555,0.6405476
2022-07-22 00:00:00,26.532074,24.594574,1005.745,2.093018,2.027947,1.0,89.13347,0.0
2022-07-22 06:00:00,30.425323,24.312744,1006.72437,1.4972954,0.5775852,0.9796473,69.89802,0.0065831477
2022-07-22 12:00:00,30.184479,25.158966,1003.9519,-2.1267328,1.7524214,0.9268354,74.544624,0.08106104
2022-07-22 18:00:00,26.558289,24.660156,1007.70123,0.9604194,3.832653,1.0,89.3455,0.016190045
2022-07-23 00:00:00,26.632233,24.840088,1005.20935,2.9366455,2.2658944,1.0,89.918365,0.0
2022-07-23 06:00:00,30.957062,23.596893,1006.08563,2.2323837,2.0648377,0.97818154,64.95033,0.0
2022-07-23 12:00:00,29.899567,25.400055,1002.8744,1.8569727,4.0516357,0.40684038,76.86943,0.07460099
2022-07-23 18:00:00,26.981049,25.258698,1007.0687,2.0267172,4.4098835,0.99999994,90.31753,0.0
2022-07-24 00:00:00,26.857788,24.145111,1005.04,4.747858,1.7123096,1.0,85.11759,0.052936375
2022-07-24 06:00:00,29.471954,23.379242,1006.85815,2.6357422,0.04262638,0.99960345,69.80441,0.0
2022-07-24 12:00:00,29.355988,25.372833,1004.47375,1.0253162,3.9350617,0.99744284,79.1867,0.18722412
2022-07-24 18:00:00,28.074005,25.222046,1006.95374,1.46681,3.502639,0.9927007,84.53771,0.0
2022-07-25 00:00:00,27.907684,25.203644,1005.77124,2.911572,2.976135,0.9886956,85.26814,0.047963113
2022-07-25 06:00:00,30.790314,23.16922,1006.89185,1.9195232,-1.2062397,0.62997806,63.900906,0.0
2022-07-25 12:00:00,30.111115,24.528229,1004.5806,-2.7517548,0.54849815,0.9721443,72.093155,0.011539552
2022-07-25 18:00:00,28.255707,25.608368,1008.7025,0.32111835,0.85505867,0.95355386,85.590775,0.0005736947
2022-07-26 00:00:00,25.682983,23.412537,1007.715,3.8330503,1.251586,0.99950564,87.29916,0.11450857
2022-07-26 06:00:00,29.17337,23.686798,1007.9869,3.0228443,-1.6197205,0.9920676,72.34733,0.0
2022-07-26 12:00:00,29.064972,22.908783,1004.9244,-0.9096508,-1.9085655,0.97522646,69.46099,0.0
2022-07-26 18:00:00,26.865723,23.66034,1008.4425,1.248539,-0.70721436,0.957458,82.63439,0.0032067457
2022-07-27 00:00:00,26.07077,24.050507,1007.0469,0.36317444,-1.4144258,0.94682294,88.6566,0.0
2022-07-27 06:00:00,28.65628,24.677582,1007.8,-0.9166358,-2.99605,0.9255769,79.11179,0.04501676
2022-07-27 12:00:00,29.24057,24.002777,1005.4331,-3.5359573,-1.2688732,0.9819281,73.44945,0.0
2022-07-27 18:00:00,28.482635,24.299225,1007.85626,-0.62342167,1.5579662,0.9710746,78.12422,0.0005662441
2022-07-28 00:00:00,26.872345,23.99289,1006.90314,2.435274,0.16531157,0.94757605,84.27108,0.022988766
2022-07-28 06:00:00,29.48233,24.12143,1008.34814,-1.0346174,-0.3057413,0.84011865,72.94931,0.0
2022-07-28 12:00:00,29.444977,24.568207,1005.1194,-3.2026863,0.28781414,0.045669552,75.090065,0.0
2022-07-28 18:00:00,28.198395,24.650177,1008.58875,-1.2893076,1.4233798,0.99286604,81.11268,0.0
2022-07-29 00:00:00,27.758057,24.35794,1007.03125,0.087109506,1.169292,0.97087467,81.77984,0.022411346
2022-07-29 06:00:00,29.61734,24.584686,1008.40125,-1.6678352,0.878348,0.9991088,74.420845,0.0073452275
2022-07-29 12:00:00,29.242584,24.555328,1004.83875,-1.5051003,2.3013816,0.35330182,75.91415,0.0
2022-07-29 18:00:00,28.414856,25.007874,1007.53,0.53430516,3.6399088,0.6842447,81.826385,0.0
2022-07-30 00:00:00,28.0878,24.57666,1005.97565,2.1718624,2.1905713,0.7513033,81.27882,0.007722527
2022-07-30 06:00:00,30.540192,23.91504,1006.66626,0.63343155,1.1519594,0.71855575,67.80195,0.0025764164
2022-07-30 12:00:00,30.027863,25.193695,1003.58374,-2.042428,4.1508827,0.6513872,75.373665,0.0
2022-07-30 18:00:00,28.522858,24.503601,1005.7706,3.0518532,4.5964003,0.76237506,78.90176,0.14191581
2022-07-31 00:00:00,26.978973,23.942657,1003.8638,2.092331,0.44383812,0.98746675,83.49224,0.0
2022-07-31 06:00:00,30.735016,24.38733,1004.9169,0.56718653,2.7354822,0.49631774,68.97794,0.0081046
2022-07-31 12:00:00,30.242584,25.21103,1001.27875,-0.8506794,5.258069,0.95773524,74.527214,0.015450411
2022-07-31 18:00:00,28.409515,24.756317,1005.3656,2.9509935,4.736112,0.99822456,80.63224,0.58241117
2022-08-01 00:00:00,26.832306,24.167755,1003.95435,3.1546602,1.6287191,0.9754567,85.36116,0.0
2022-08-01 06:00:00,30.934479,24.167206,1004.6525,2.5442429,2.0997336,0.9266066,67.30268,0.007160008
2022-08-01 12:00:00,29.666779,25.325073,1001.16064,1.9559655,6.392948,0.9091018,77.5596,0.38411468
2022-08-01 18:00:00,27.912872,21.957916,1004.2075,2.7756371,2.9195497,0.9716486,70.098946,0.0
2022-08-02 00:00:00,27.107086,23.58786,1001.8212,3.7693129,1.953371,0.99634475,81.11601,0.0
2022-08-02 06:00:00,30.18863,23.19519,1003.2525,3.875493,0.6949077,0.9999998,66.24445,0.012204051
2022-08-02 12:00:00,30.180695,24.48288,1000.7025,0.6201887,4.9363756,1.0,71.61119,0.0
2022-08-02 18:00:00,28.62558,25.177704,1003.28564,1.8920498,3.8253582,1.0000001,81.652985,0.02105534
2022-08-03 00:00:00,27.411896,23.160461,1001.35376,5.066411,0.8208155,0.9975263,77.65029,0.0009983778
2022-08-03 06:00:00,29.815155,23.253448,1003.9963,3.7020106,0.40499496,0.9996094,67.92,0.0
2022-08-03 12:00:00,29.076874,24.111511,1001.03625,-0.7345895,-0.6613903,1.0,74.633575,0.16414991
2022-08-03 18:00:00,27.48471,24.509186,1003.9894,1.4038587,1.608624,0.9813371,83.853386,0.0
2022-08-04 00:00:00,27.032684,24.108429,1002.58813,3.5494728,3.1294122,0.9987186,84.062,0.38211438
2022-08-04 06:00:00,28.311005,24.153442,1004.0806,5.7883663,3.5994844,0.99921274,78.22086,0.040228367
2022-08-04 12:00:00,27.600677,24.674622,1002.10565,3.9801598,3.6763735,1.0,84.114494,0.0
2022-08-04 18:00:00,26.97232,24.220062,1004.7438,5.098201,2.454222,1.0,84.9275,0.0
2022-08-05 00:00:00,26.622345,23.013214,1003.26373,6.0051785,2.6237159,0.9878447,80.6149,0.04264149
2022-08-05 06:00:00,29.02774,22.743378,1005.3931,3.9598265,3.500288,1.0,68.9165,0.0
2022-08-05 12:00:00,29.87735,22.985321,1002.97437,4.5258856,2.9780054,1.0,66.58901,0.0
2022-08-05 18:00:00,27.819366,22.786774,1005.7081,5.449235,2.7283936,1.0,74.12606,0.124251045
2022-08-06 00:00:00,27.074188,22.70047,1003.90125,4.8652487,3.6421795,1.0,77.02754,0.0
2022-08-06 06:00:00,30.454498,22.629242,1004.8713,4.9226418,3.9639454,0.99214184,63.0442,0.0
2022-08-06 12:00:00,30.439362,23.740082,1002.295,3.5941696,4.016572,0.99910927,67.480606,0.046163797
2022-08-06 18:00:00,28.802216,23.217987,1004.58685,4.11273,3.057019,0.9999998,71.85758,0.08781254
2022-08-07 00:00:00,27.764923,22.38028,1003.03564,5.105669,2.6037216,1.0,72.54939,0.0
2022-08-07 06:00:00,30.720245,22.754913,1003.6994,4.9420595,4.4073696,1.0,62.568104,0.0
2022-08-07 12:00:00,30.757965,23.897614,1001.02,3.672471,5.8504505,1.0,66.89268,0.13172068
2022-08-07 18:00:00,29.026642,23.50528,1004.2562,4.533245,2.7221196,0.9990114,72.17026,0.0
2022-08-08 00:00:00,27.788727,22.912994,1002.8544,4.9522943,3.8142195,0.98246473,74.828896,0.0
2022-08-08 06:00:00,30.818024,22.854034,1003.6756,5.665206,4.8778896,0.99871236,62.594467,0.00057183206
2022-08-08 12:00:00,31.393585,23.834991,1000.4419,3.781434,5.882794,0.9888508,64.26968,0.0
2022-08-08 18:00:00,29.473297,21.917145,1003.9675,5.1544943,2.3199291,0.97919905,63.87292,0.0
2022-08-09 00:00:00,27.882172,22.59616,1003.8575,4.1897,3.9203053,0.9990117,73.00573,0.0
2022-08-09 06:00:00,31.016876,22.52835,1003.9169,5.6665487,4.245381,0.9999999,60.67736,0.00028614886
2022-08-09 12:00:00,31.620514,22.92398,1001.3894,3.9169464,4.5226727,0.9921625,60.05211,0.0
2022-08-09 18:00:00,28.946625,22.561188,1004.16815,3.7554636,2.8637977,0.99950576,68.47959,0.0
2022-08-10 00:00:00,27.011444,21.566376,1003.5531,3.9643917,3.5196152,0.98544335,72.15095,0.0
2022-08-10 06:00:00,31.270538,22.128448,1004.04877,4.8053217,4.4494724,0.9628698,58.36937,0.0
2022-08-10 12:00:00,31.372711,23.953766,1000.9994,2.2510817,6.4987535,0.98762023,64.80717,0.0
2022-08-10 18:00:00,29.113922,23.098541,1004.6575,3.4055815,3.2847579,0.93411905,70.06461,0.0
2022-08-11 00:00:00,27.87033,20.372345,1004.16,5.598276,1.257945,0.91495943,63.757717,0.0
2022-08-11 06:00:00,31.922394,21.687897,1005.1525,3.450533,2.377253,0.88806856,54.756027,0.0
2022-08-11 12:00:00,31.194489,23.58841,1002.64374,0.83025646,4.524563,0.78290766,64.044395,0.0
2022-08-11 18:00:00,28.984955,25.018707,1006.7512,2.79491,4.9682093,0.99999994,79.21569,0.0003813766
2022-08-12 00:00:00,28.402557,21.68814,1005.6044,4.3073683,0.4693241,0.9999984,67.01489,0.0
2022-08-12 06:00:00,32.293243,22.666046,1005.9963,1.7874907,0.9073188,0.58282924,56.910057,0.0
2022-08-12 12:00:00,31.09024,24.148102,1004.2394,-0.2672062,2.7484283,0.97701865,66.631004,0.006771181
2022-08-12 18:00:00,29.234283,25.605377,1006.9894,2.0168264,5.5769253,0.85858387,80.85454,0.0
2022-08-13 00:00:00,28.681427,23.062408,1005.6156,4.4458914,1.1880064,0.8989708,71.68525,0.0
2022-08-13 06:00:00,32.07364,21.624054,1005.7325,0.7895997,0.17654324,0.9999979,54.077595,0.0005722977
2022-08-13 12:00:00,30.85379,24.345978,1003.9437,0.1747303,3.499671,1.0,68.342,0.0008584466
2022-08-13 18:00:00,29.108002,24.770538,1006.2919,3.5101671,4.5201426,1.0,77.49758,0.0
2022-08-14 00:00:00,28.686493,21.585968,1005.52124,3.5712032,0.31427574,1.0,65.50835,0.0
2022-08-14 06:00:00,32.105743,20.94815,1007.1987,0.6881237,-0.5628462,0.99999994,51.788277,0.0
2022-08-14 12:00:00,30.131744,24.151154,1005.27435,-2.4122314,3.762515,1.0,70.39918,0.00085821375
2022-08-14 18:00:00,28.682037,24.972565,1007.3706,0.92723125,3.753397,0.9842605,80.3971,0.0
2022-08-15 00:00:00,28.129242,23.201874,1006.6819,3.3186522,3.2427943,1.0,74.65062,0.0
2022-08-15 06:00:00,31.6586,22.977203,1008.2031,0.8223185,2.61237,1.0,60.115795,0.0034337863
2022-08-15 12:00:00,30.434235,24.185455,1006.1075,-1.1323833,5.3768187,0.9846194,69.33118,0.0
2022-08-15 18:00:00,29.037262,25.487213,1008.21686,-1.0689802,3.9106512,0.99483657,81.209145,0.0
2022-08-16 00:00:00,28.078522,25.053497,1007.2125,0.07818985,3.4505808,0.4388066,83.67124,0.3388375
2022-08-16 06:00:00,30.271637,24.818756,1008.0712,-0.041233063,4.0946283,0.15237217,72.68339,0.0
2022-08-16 12:00:00,29.647247,25.116669,1005.345,0.1715746,5.804755,0.058978345,76.68963,0.02202249
2022-08-16 18:00:00,28.604218,24.598633,1008.71814,1.558114,5.7258368,0.64190155,78.9776,0.0
2022-08-17 00:00:00,27.886383,24.257172,1008.1744,2.716132,4.7757225,0.9188553,80.68067,0.03853324
2022-08-17 06:00:00,31.33487,23.418213,1008.1844,1.6748619,4.2317314,0.8437051,62.885944,0.0
2022-08-17 12:00:00,29.8638,25.357178,1004.79565,0.60671335,5.3665924,0.7877163,76.83159,0.24118367
2022-08-17 18:00:00,27.044159,24.69989,1008.23065,1.7091055,5.3886414,0.7447214,87.03432,3.5702953
2022-08-18 00:00:00,26.284698,24.434967,1006.6319,3.1966624,2.3008726,0.91931766,89.58423,0.0
2022-08-18 06:00:00,30.200104,24.704865,1007.16187,1.9637346,1.4501019,0.2742203,72.48744,0.0
2022-08-18 12:00:00,29.218536,25.765045,1004.59937,-0.4808817,3.873492,0.9854289,81.698296,0.062240288
2022-08-18 18:00:00,26.724945,25.06482,1007.475,3.7583916,3.6344538,0.9409812,90.63559,1.5449308
2022-08-19 00:00:00,26.343872,24.536407,1006.3688,2.916874,4.2310276,0.96819264,89.81545,0.0
2022-08-19 06:00:00,30.313507,24.191742,1006.78,2.7774553,-0.8731432,1.0,69.838806,0.0
2022-08-19 12:00:00,30.382477,25.314789,1004.6238,-0.9090862,1.2451496,1.0,74.38982,0.0
2022-08-19 18:00:00,28.583466,25.879852,1007.2675,2.3095808,5.470175,1.0,85.33817,0.0
2022-08-20 00:00:00,27.918793,25.329742,1007.1863,3.3485165,4.1216607,1.0,85.85466,0.0
2022-08-20 06:00:00,30.075104,24.080841,1007.54565,3.1724377,1.396671,0.992938,70.331055,0.0005722977
2022-08-20 12:00:00,30.2659,25.583527,1003.8706,-0.120910645,4.197452,1.0,76.09411,0.0
2022-08-20 18:00:00,28.626251,25.649567,1006.0469,2.2729168,5.059146,0.9122862,83.97223,0.0
2022-08-21 00:00:00,27.521912,25.108673,1006.4269,3.5532951,4.6251493,0.94257563,86.72017,0.0013355166
2022-08-21 06:00:00,31.15567,23.887909,1006.70374,1.9988623,3.28399,0.9394091,65.353676,0.0
2022-08-21 12:00:00,29.476593,25.718536,1003.2581,0.98936874,6.150462,0.48730838,80.26845,0.035479665
2022-08-21 18:00:00,27.807098,25.049164,1006.47565,0.7820751,5.6965647,0.613906,84.98463,0.0
2022-08-22 00:00:00,27.519745,24.498322,1004.3825,3.6373482,1.2391529,0.24927127,83.62727,9.5460564e-05
2022-08-22 06:00:00,31.27127,23.62326,1005.77936,3.3213282,1.4175426,0.30614114,63.89901,0.0015255064
2022-08-22 12:00:00,29.3096,24.887848,1003.85815,2.6604812,5.167082,0.612185,77.138214,0.10156609
2022-08-22 18:00:00,27.26529,24.352142,1008.0594,4.741126,3.1569202,1.0,84.14324,0.0
2022-08-23 00:00:00,26.37973,24.10907,1005.6094,5.0383997,3.8867552,0.98999023,87.3596,0.0
2022-08-23 06:00:00,30.369537,23.751678,1005.77,3.8037977,2.3559523,1.0000001,67.79836,0.03071735
2022-08-23 12:00:00,29.27127,25.58194,1004.58875,1.2543287,2.7871995,0.99705285,80.569786,0.53303826
2022-08-23 18:00:00,27.132843,23.84549,1008.52625,1.2432699,4.044444,0.90366346,82.25936,0.0
2022-08-24 00:00:00,25.981415,23.38211,1007.08435,4.1026373,0.1556902,0.96301657,85.611694,0.0
2022-08-24 06:00:00,28.960907,23.672394,1008.3181,2.3347206,-2.4118118,0.9272995,73.17857,0.0
2022-08-24 12:00:00,28.102936,24.734406,1005.0825,0.43241727,1.7092957,0.55810493,81.9765,0.941935
2022-08-24 18:00:00,27.866486,21.744171,1007.28564,4.997031,0.6964172,0.69698805,69.37773,0.0
2022-08-25 00:00:00,26.504333,22.0253,1005.8256,3.3194504,0.25067997,0.6456555,76.449524,0.0
2022-08-25 06:00:00,30.18399,22.731232,1007.405,1.5707254,-0.10452747,0.90097576,64.42684,0.0024791807
2022-08-25 12:00:00,28.684357,24.6362,1004.07623,1.596178,3.107703,0.6506835,78.7879,0.287557
2022-08-25 18:00:00,27.200226,24.369324,1006.53125,4.6774845,0.8555021,0.8990348,84.55187,0.0
2022-08-26 00:00:00,25.97107,23.630585,1004.7525,3.086957,-0.575346,0.97780675,86.95711,0.0
2022-08-26 06:00:00,29.735626,23.79422,1006.34625,-1.0215225,-1.2971478,0.9384935,70.492615,0.031754375
2022-08-26 12:00:00,28.826385,24.165253,1003.9437,-0.9025936,3.1343622,0.9987186,75.96851,0.0
2022-08-26 18:00:00,25.53006,23.98581,1007.53625,4.457443,3.475241,1.0,91.18872,1.9299451
2022-08-27 00:00:00,25.427094,23.605682,1005.2506,3.8885717,1.3767568,0.9966558,89.67387,0.0
2022-08-27 06:00:00,29.309845,23.239807,1006.4625,2.3086052,1.2418947,0.9559712,69.86986,0.06819144
2022-08-27 12:00:00,28.487823,25.00882,1003.48627,-0.14029789,4.7679334,0.99999994,81.48472,0.85785615
2022-08-27 18:00:00,26.876068,24.825897,1006.8713,2.9963338,3.165308,1.0,88.56222,0.0
2022-08-28 00:00:00,26.503387,23.229034,1005.0538,2.3555946,-0.40812778,0.5379229,82.2484,0.0010486692
2022-08-28 06:00:00,29.21817,23.734283,1006.51685,0.9909967,1.8908548,0.6212134,72.366776,0.057223033
2022-08-28 12:00:00,28.540741,24.314484,1002.91437,-1.3665619,2.383998,0.639315,77.932205,1.1958101
2022-08-28 18:00:00,26.423035,24.137299,1006.8906,3.0826683,1.9509974,0.9005056,87.28438,0.0
2022-08-29 00:00:00,26.152863,23.982239,1005.4981,2.2754636,1.2923689,0.48537344,87.866295,0.0
2022-08-29 06:00:00,29.353302,24.414825,1007.6425,0.84358263,-0.8334713,0.13548762,74.79862,0.004189711
2022-08-29 12:00:00,28.933807,24.491425,1004.2706,-2.6791306,1.0145342,0.19321422,76.98732,0.0
2022-08-29 18:00:00,28.026398,24.354218,1007.02686,-0.6419697,2.2082658,0.484218,80.49125,0.1604018
2022-08-30 00:00:00,27.008148,23.998535,1006.02124,0.47324675,1.6570797,0.5135337,83.62957,0.0
2022-08-30 06:00:00,29.236359,24.702423,1008.03436,-1.2006149,0.40438175,0.22024554,76.61228,0.0
2022-08-30 12:00:00,29.226715,24.827332,1004.51624,-3.2345772,-0.9609251,0.45341718,77.22902,0.0
2022-08-30 18:00:00,27.646149,24.559906,1007.6525,-2.5281343,1.2951813,0.5656389,83.317696,0.34927532
2022-08-31 00:00:00,26.244537,23.911407,1005.84436,0.642313,1.552319,0.94556963,87.02038,0.0
2022-08-31 06:00:00,27.96231,24.269928,1007.7969,-2.0194387,-0.25122154,0.99851674,80.38553,0.029654652
2022-08-31 12:00:00,27.463348,24.392609,1004.9844,-0.04631424,-0.30265808,0.985053,83.37442,0.2349661
2022-08-31 18:00:00,26.76297,24.186646,1007.1406,0.71662235,2.0940475,0.9837722,85.80725,0.0
2022-09-01 00:00:00,25.723907,23.528412,1005.6931,1.0206085,-0.11714554,0.9662533,87.69824,0.34321693
2022-09-01 06:00:00,26.763428,24.068146,1007.96313,1.5449177,-0.99704456,1.0,85.19689,0.27049205
2022-09-01 12:00:00,27.290497,24.07309,1005.1794,-0.9925995,0.48428416,0.9992126,82.62455,0.0
2022-09-01 18:00:00,26.050018,24.245972,1007.79565,1.3487955,2.2147663,0.9295475,89.81274,0.039178558
2022-09-02 00:00:00,26.168732,24.010956,1007.085,0.7993537,1.4059569,0.84548074,87.93544,0.0
2022-09-02 06:00:00,28.259186,24.50528,1008.4725,0.34537458,2.1568336,0.6532091,80.12869,0.0
2022-09-02 12:00:00,29.215363,24.323364,1006.2438,0.7967415,3.6221766,0.36128318,74.985,0.010965399
2022-09-02 18:00:00,27.675232,24.276215,1007.67377,3.0057855,5.503945,0.2909668,81.7751,0.0
2022-09-03 00:00:00,27.058075,24.125214,1007.045,3.309747,2.9698687,0.16424638,84.02134,0.0
2022-09-03 06:00:00,29.965485,23.78186,1007.83124,1.381809,2.4098494,0.8135821,69.515,0.039200686
2022-09-03 12:00:00,29.750885,24.754547,1004.66,0.45840073,6.2310095,0.97757596,74.60425,0.0
2022-09-03 18:00:00,28.064484,25.118378,1007.5712,2.1027315,5.179146,0.9815864,84.064064,0.25570393
2022-09-04 00:00:00,27.033356,24.856232,1006.2175,2.1912575,2.7191916,0.59932166,87.90649,0.0
2022-09-04 06:00:00,30.491974,24.81781,1006.62,1.1984138,1.602675,0.21077996,71.767494,0.02747039
2022-09-04 12:00:00,29.756378,25.479034,1003.71375,-0.46771526,4.8274236,0.25302505,77.86989,0.0
2022-09-04 18:00:00,26.509735,24.628662,1008.3244,2.4545107,4.688167,0.7619739,89.433044,1.857007
2022-09-05 00:00:00,26.62088,24.222565,1006.57874,2.7620993,0.5344372,0.14801335,86.714714,0.0
2022-09-05 06:00:00,29.647614,24.35907,1007.3725,-0.30969328,0.69133437,0.7172945,73.294624,0.042254463
2022-09-05 12:00:00,28.80832,25.160461,1003.6231,-0.19811916,5.077384,0.47049665,80.70919,0.5114615
2022-09-05 18:00:00,26.652283,24.895538,1007.22876,2.4045885,3.813612,1.0000002,90.109924,0.59978807
2022-09-06 00:00:00,27.603546,24.992004,1004.7475,3.077804,1.7254784,0.97545224,85.709,0.0
2022-09-06 06:00:00,30.136505,24.564941,1006.6731,1.8319283,2.7344542,0.9805561,72.146454,0.012208292
2022-09-06 12:00:00,29.082184,24.38385,1003.8156,1.5024774,6.634175,0.8918963,75.83896,0.0
2022-09-06 18:00:00,27.593842,24.77475,1006.6887,2.816281,3.82792,0.97576374,84.65302,0.0333637
2022-09-07 00:00:00,27.0419,23.280182,1005.53436,3.9745083,1.1011243,1.0,79.92964,0.0
2022-09-07 06:00:00,29.397003,23.259705,1007.40814,3.7326956,2.5175734,1.0,69.602776,0.001527369
2022-09-07 12:00:00,29.29123,24.108063,1004.9844,1.6610072,4.370711,1.0,73.69926,0.0
2022-09-07 18:00:00,28.0065,24.238434,1007.445,4.4810257,0.71901214,0.99921274,80.0274,0.042324696
2022-09-08 00:00:00,26.887177,22.866272,1006.2569,4.5477033,1.4298995,1.0,78.66523,0.03777189
2022-09-08 06:00:00,29.769318,23.27884,1006.6456,3.9564772,2.6228657,0.99851656,68.203926,0.0
2022-09-08 12:00:00,29.661102,24.361053,1004.0737,1.2382165,4.060425,1.0,73.24639,0.0
2022-09-08 18:00:00,28.093475,25.820587,1005.9075,1.7722254,5.9403124,0.9843493,87.49756,0.014305115
2022-09-09 00:00:00,27.547577,23.638153,1004.89685,4.27738,1.8921814,0.93460953,79.28885,0.003810972
2022-09-09 06:00:00,30.636627,23.456482,1006.95,3.0971365,3.5041285,0.6213088,65.59263,0.0
2022-09-09 12:00:00,29.327057,25.224396,1003.14374,2.05328,6.844686,0.5152549,78.62172,0.089263774
2022-09-09 18:00:00,28.342926,26.035675,1006.2344,2.6720724,4.435978,0.70006174,87.341385,0.0
2022-09-10 00:00:00,27.555817,22.91629,1005.33563,4.0765705,2.8126438,0.8567993,75.86972,0.0
2022-09-10 06:00:00,30.763092,23.275726,1006.8275,3.5397148,3.7167506,1.0,64.41354,0.0
2022-09-10 12:00:00,29.629059,25.262604,1003.1844,2.2767444,6.4149985,1.0,77.43997,0.05446351
2022-09-10 18:00:00,28.329803,25.722687,1006.6369,3.2229939,3.7574527,0.9265875,85.80254,0.0
2022-09-11 00:00:00,27.347382,22.599457,1005.27124,4.199605,2.5195289,0.9909547,75.33995,0.0
2022-09-11 06:00:00,30.496368,23.443848,1006.7081,3.3741875,4.767557,1.0000001,66.070816,0.0
2022-09-11 12:00:00,30.084381,25.152435,1003.3762,1.1913134,7.2238145,0.65006846,74.94503,0.0
2022-09-11 18:00:00,28.205963,25.749664,1006.47626,2.3385558,5.0747366,0.9819703,86.561485,0.08383021
2022-09-12 00:00:00,27.265472,22.924103,1005.02,3.6821527,2.887441,0.96127087,77.20735,0.0
2022-09-12 06:00:00,30.747223,23.049652,1006.10065,2.7932196,4.135508,0.81758225,63.596928,0.0
2022-09-12 12:00:00,29.729523,25.168976,1003.905,0.03353691,7.8883576,0.9903414,76.56527,0.016689766
2022-09-12 18:00:00,28.047974,25.821564,1007.4306,2.0929346,6.3340235,0.9754454,87.73495,0.0
2022-09-13 00:00:00,27.65805,24.574371,1007.04126,3.0344324,2.8892787,0.51754946,83.33181,0.0151619315
2022-09-13 06:00:00,30.924957,23.236725,1008.53876,2.4614716,3.1307912,0.11132793,63.670723,0.0
2022-09-13 12:00:00,29.375397,24.791412,1006.0025,0.39077377,6.564105,0.38612264,76.40463,0.0
2022-09-13 18:00:00,27.79831,25.371246,1008.8594,1.4691801,6.611766,0.12765893,86.67424,0.0
2022-09-14 00:00:00,27.537262,25.101837,1008.9994,2.3599024,4.3762455,0.98786473,86.60704,0.020120293
2022-09-14 06:00:00,30.188995,24.993073,1010.4581,0.79361945,4.1564445,0.84733343,73.792244,0.0096351225
2022-09-14 12:00:00,29.597198,24.88034,1007.6269,1.2551937,6.351223,0.22966562,75.83497,0.0
2022-09-14 18:00:00,27.860626,24.938873,1010.935,3.2783432,5.865508,0.48793977,84.16415,0.0
2022-09-15 00:00:00,27.469086,24.855804,1009.6725,2.913765,3.4204993,0.46586007,85.68689,0.0
2022-09-15 06:00:00,30.521393,24.012543,1011.0581,1.2444717,3.6024091,0.21440136,68.27374,0.0
2022-09-15 12:00:00,29.112701,25.35257,1007.6875,-0.9241829,5.0483427,0.16922836,80.21102,0.0013355166
2022-09-15 18:00:00,27.853363,25.323883,1009.9494,2.4126198,3.9224377,0.93942475,86.153076,0.0
2022-09-16 00:00:00,27.628387,24.621368,1008.6744,2.8942065,3.1570067,0.93634623,83.7114,0.0
2022-09-16 06:00:00,31.080719,22.641388,1008.8713,1.4931831,2.5910778,0.84429556,60.8732,0.0039106235
2022-09-16 12:00:00,29.632477,25.156769,1005.3669,-0.071894646,5.5130644,0.38935846,76.93845,0.0
2022-09-16 18:00:00,28.205261,25.231537,1007.6856,1.9289012,5.81931,0.93436396,83.941185,0.0
2022-09-17 00:00:00,27.958038,24.838776,1007.6694,3.0809278,4.9003153,0.95934534,83.18876,0.0019073486
2022-09-17 06:00:00,30.919342,24.08731,1008.6969,2.4514894,3.5911815,0.8405848,67.038635,0.041395426
2022-09-17 12:00:00,29.447906,25.604584,1006.0325,1.0726521,5.2625055,0.9728077,79.85965,0.0
2022-09-17 18:00:00,28.173859,25.803009,1007.84937,2.0382545,5.349273,0.99238336,86.99812,0.0
2022-09-18 00:00:00,27.81607,25.113007,1008.04626,2.905954,4.4506664,0.26023185,85.26386,0.0
2022-09-18 06:00:00,31.805328,23.197845,1008.71063,1.6021166,1.4708289,0.2605909,60.41835,0.00667572
2022-09-18 12:00:00,28.930817,25.582245,1006.1987,-0.6099472,5.114645,0.9976256,82.17352,0.108629465
2022-09-18 18:00:00,27.776947,24.8302,1008.5631,2.1262567,5.419468,1.0,84.02968,0.0
2022-09-19 00:00:00,27.641022,25.336823,1007.38,2.9919598,3.8395348,1.0,87.29559,0.0
2022-09-19 06:00:00,31.056427,23.000397,1008.5737,2.2625418,2.3576217,0.99999994,62.29836,0.0
2022-09-19 12:00:00,29.740387,25.099152,1005.7425,-0.05792427,5.80354,0.98801255,76.199814,0.0
2022-09-19 18:00:00,28.327728,26.012726,1008.0725,2.3547027,5.007677,0.9975467,87.299995,0.0
2022-09-20 00:00:00,27.998749,24.981354,1007.1238,3.4535866,2.812128,1.0,83.70048,0.0072456896
2022-09-20 06:00:00,31.162262,22.374542,1008.40564,0.9501832,1.8148448,0.93030655,59.616722,0.0
2022-09-20 12:00:00,30.051422,24.903107,1004.77435,0.5675671,4.717955,0.5105741,73.97931,0.0
2022-09-20 18:00:00,28.38507,25.517487,1008.15125,2.2896976,5.3379993,0.5594034,84.491936,0.0
2022-09-21 00:00:00,27.88736,24.404816,1007.1725,3.3774061,2.952345,0.2998435,81.39299,0.00686571
2022-09-21 06:00:00,31.917511,21.412018,1008.0531,1.8423748,1.053565,0.07866065,53.854378,0.0
2022-09-21 12:00:00,29.620026,24.975983,1004.52563,-0.36324024,6.971493,0.21135338,76.16862,0.0
2022-09-21 18:00:00,28.50113,25.330841,1008.1781,2.3371837,6.232293,0.2459895,82.99812,0.0
2022-09-22 00:00:00,27.821808,24.607819,1007.4356,4.277,2.732483,0.275904,82.70364,0.0378564
2022-09-22 06:00:00,32.09268,20.94461,1008.1119,2.218318,1.3437455,0.4107635,51.81529,0.0
2022-09-22 12:00:00,30.194977,24.473297,1005.4331,-1.2268562,4.789826,0.39760137,71.51152,0.0
2022-09-22 18:00:00,28.609406,25.53189,1009.1756,2.2728562,5.83955,0.26138467,83.46928,0.0
2022-09-23 00:00:00,27.929718,25.051422,1007.715,3.9605172,3.4571352,0.926538,84.389915,0.0
2022-09-23 06:00:00,32.20645,20.326324,1008.60565,1.790164,0.6009386,0.21267968,49.558598,0.0
2022-09-23 12:00:00,29.815094,24.698273,1005.7919,-2.3127508,4.341405,0.34109962,74.079605,0.0
2022-09-23 18:00:00,28.554596,25.285553,1008.2725,2.3622205,5.06901,0.7228181,82.518166,0.0
2022-09-24 00:00:00,28.20462,22.292389,1007.7438,3.5296583,1.1906376,0.78344333,70.33574,0.0
2022-09-24 06:00:00,31.798737,21.4805,1008.09686,1.1401167,-1.6527901,0.5391002,54.44603,0.0
2022-09-24 12:00:00,30.529938,24.036774,1004.95123,-3.2852077,3.148632,0.8036334,68.33974,0.0
2022-09-24 18:00:00,28.631256,25.011017,1007.8881,1.3810558,2.324285,0.76451164,80.81944,0.002194196
2022-09-25 00:00:00,28.13678,23.404694,1006.135,3.0011272,2.5328455,0.7143214,75.53731,0.0
2022-09-25 06:00:00,31.222565,22.83554,1006.9975,-0.33955067,-0.49778843,0.09698056,61.09833,0.010396354
2022-09-25 12:00:00,30.226227,23.686005,1004.21375,-2.1214085,0.51322556,0.26560014,68.088036,0.0
2022-09-25 18:00:00,29.360962,24.391937,1007.6287,-0.26378518,3.219304,0.37831306,74.663124,0.024128705
2022-09-26 00:00:00,26.52353,23.7901,1007.28564,3.8671534,1.0671415,0.49897075,84.97727,0.33577448
2022-09-26 06:00:00,28.817352,22.985687,1008.6887,4.391138,-0.4298563,0.5399982,70.79301,0.0
2022-09-26 12:00:00,30.03537,22.440887,1004.9175,2.7448807,0.18759441,0.5619134,63.84356,0.0
2022-09-26 18:00:00,26.766937,23.343475,1008.4575,2.6286218,4.147386,0.56475425,81.5431,0.7946491
2022-09-27 00:00:00,26.731293,24.65976,1006.8275,3.181219,2.1800995,0.9100853,88.437614,0.0
2022-09-27 06:00:00,31.130157,22.382355,1006.8663,1.8736258,-1.0547237,0.22689536,59.754246,0.0
2022-09-27 12:00:00,30.266876,24.191498,1003.8025,-2.051323,0.9454937,0.99127144,70.02476,0.00038114376
2022-09-27 18:00:00,29.267242,24.96634,1006.685,-0.8443403,4.2001495,0.6174736,77.690094,0.114255585
2022-09-28 00:00:00,28.064026,24.49887,1005.2706,3.5972857,4.636247,0.8063646,81.01356,0.248719
2022-09-28 06:00:00,31.480988,23.443695,1006.2981,3.2981453,1.7937503,0.6201911,62.461483,0.0
2022-09-28 12:00:00,30.421783,24.970856,1003.385,0.84514236,3.9831624,0.42588645,72.71757,0.01564622
2022-09-28 18:00:00,27.459381,24.855133,1007.03375,3.3584204,2.8418043,0.94521195,85.732155,0.7223125
2022-09-29 00:00:00,26.438873,24.097229,1004.3706,3.8744678,1.8010454,0.9409476,86.99345,0.0
2022-09-29 06:00:00,28.92508,23.196991,1005.8113,4.8378315,-0.89077854,1.0,71.2574,0.0
2022-09-29 12:00:00,30.477692,24.445587,1003.5175,0.27209282,2.5454478,1.0,70.24544,0.0
2022-09-29 18:00:00,28.646027,25.614288,1006.60065,2.565797,6.04283,0.97773814,83.7005,0.0
2022-09-30 00:00:00,27.734772,24.874664,1005.57874,4.4271708,1.4272556,0.9591383,84.460815,0.13387203
2022-09-30 06:00:00,31.02359,22.486176,1007.1106,4.022504,1.3321261,0.9982266,60.498928,0.0
2022-09-30 12:00:00,30.020172,24.34085,1003.8725,1.5714142,6.854329,0.93838227,71.662155,0.0
2022-09-30 18:00:00,28.696075,25.424591,1006.70935,3.9416094,4.1589136,0.97891235,82.5228,0.0
2022-10-01 00:00:00,27.542755,21.2966,1006.095,6.56909,0.59461784,0.9435842,68.79233,0.0
2022-10-01 06:00:00,31.046661,21.28653,1007.1937,7.12479,-0.08067322,0.99999964,56.153732,0.0
2022-10-01 12:00:00,31.214264,22.703156,1004.2631,4.561784,0.9395981,0.9961559,60.638577,0.06467104
2022-10-01 18:00:00,27.7742,23.352936,1006.77313,4.192912,1.7406435,1.0,76.91124,0.0
2022-10-02 00:00:00,27.921234,21.326202,1004.3006,5.8523054,0.24220371,0.91483545,67.41005,0.0
2022-10-02 06:00:00,31.7742,22.13565,1006.3275,4.501999,-1.6052456,0.9884027,56.74743,0.0
2022-10-02 12:00:00,29.818634,24.381744,1004.4306,0.26818067,1.2343426,1.0000002,72.675156,0.17320365
2022-10-02 18:00:00,28.858185,23.466827,1006.0719,5.846797,2.1874633,0.99196154,72.708916,0.0
2022-10-03 00:00:00,27.883331,22.321991,1004.5588,5.8953657,0.63392764,0.99999964,71.7946,0.0
2022-10-03 06:00:00,31.478912,22.869354,1005.84686,3.840682,-1.0550327,0.98067105,60.33718,0.0023841858
2022-10-03 12:00:00,31.173004,25.144562,1003.35626,1.0047774,-0.26923466,1.0,70.38795,0.003054738
2022-10-03 18:00:00,29.021301,25.220367,1006.3719,2.6196213,4.095638,0.98999006,80.004524,0.0
2022-10-04 00:00:00,28.147308,22.705048,1004.395,5.0910416,0.048538208,1.0,72.362404,0.0
2022-10-04 06:00:00,31.235748,22.977509,1005.6756,3.397419,-1.692112,1.0,61.579674,0.0008577481
2022-10-04 12:00:00,30.599396,25.387604,1002.9925,-0.5401605,0.80575943,1.0,73.79051,0.0
2022-10-04 18:00:00,28.95694,25.779938,1005.83685,2.5347726,3.9040792,0.99553216,83.01717,0.0017159618
2022-10-05 00:00:00,27.691742,23.463287,1005.0613,3.8782282,3.3561797,1.0,77.798965,0.06285307
2022-10-05 06:00:00,29.929047,23.133545,1005.9956,2.9775028,-0.018753052,1.0,66.98939,0.0
2022-10-05 12:00:00,29.911163,25.225616,1003.3038,-0.66508484,2.7054014,1.0,76.02522,0.0
2022-10-05 18:00:00,28.483551,24.834015,1006.2656,1.9460183,3.8768702,0.9985168,80.65942,0.022791326
2022-10-06 00:00:00,27.644562,24.623444,1004.8375,3.9253016,0.89729214,0.9985167,83.64263,0.0
2022-10-06 06:00:00,30.580475,22.485138,1006.6694,1.1588391,-0.9820242,0.9950623,62.045895,0.0
2022-10-06 12:00:00,29.112091,24.202484,1003.8713,-0.71585083,2.9077024,0.9978274,74.889336,0.008873409
2022-10-06 18:00:00,28.066803,24.738922,1007.5081,1.2319405,4.162574,0.59538305,82.171455,0.07856637
2022-10-07 00:00:00,27.579254,24.730743,1005.8,2.3284416,2.671094,0.9600783,84.50286,0.016212463
2022-10-07 06:00:00,29.329742,23.27597,1007.5069,1.5535439,-0.14894772,0.8711614,69.94222,0.0
2022-10-07 12:00:00,29.703827,22.623566,1005.235,-1.3378859,1.4091408,1.0000001,65.79864,0.0
2022-10-07 18:00:00,28.295685,24.078827,1008.0806,-1.9462242,2.8238106,0.9920831,77.94078,0.0
2022-10-08 00:00:00,26.552185,23.813934,1006.6163,1.0837431,1.3846933,0.9853209,84.95553,1.2711539
2022-10-08 06:00:00,29.3815,23.321198,1008.41815,-0.42962468,0.56859875,0.86104345,69.924255,0.0
2022-10-08 12:00:00,28.656036,24.23233,1005.46375,-1.8915844,-0.7242918,0.9045306,77.032005,0.0
2022-10-08 18:00:00,26.781158,24.034393,1008.15125,1.464117,-3.6276045,0.88816744,84.935745,0.34473836
2022-10-09 00:00:00,25.574188,23.458374,1007.22437,-0.9423399,-3.4852343,0.99960953,88.10793,1.0395509
2022-10-09 06:00:00,27.187653,23.681274,1009.22687,0.30603504,-2.960271,0.98875284,81.188995,0.0
2022-10-09 12:00:00,27.008148,24.31131,1006.3206,-2.365531,0.29157162,0.6306377,85.21381,1.8964546
2022-10-09 18:00:00,25.630768,24.260742,1009.5725,1.7534341,1.1518768,0.357853,92.153244,0.0
2022-10-10 00:00:00,25.580353,23.387848,1008.8669,1.4721935,0.45348775,0.82984114,87.701706,0.0
2022-10-10 06:00:00,28.739655,23.902557,1010.4075,0.5225348,0.62103933,0.84670347,75.15638,0.0
2022-10-10 12:00:00,28.351776,23.904266,1007.2556,-1.1103897,0.69540685,0.87967014,76.87648,0.00801184
2022-10-10 18:00:00,27.59555,23.729889,1010.1306,1.1122665,2.4926374,0.95471966,79.50459,0.08934736
2022-10-11 00:00:00,26.544403,23.849518,1008.66315,0.063995,2.121338,0.44855195,85.17663,0.0
2022-10-11 06:00:00,28.491364,24.105438,1010.3525,-1.7346096,1.8739436,0.57802397,77.18227,0.17300458
2022-10-11 12:00:00,28.75003,24.336792,1006.7469,-1.6602592,3.0431733,0.069662824,77.09439,0.0
2022-10-11 18:00:00,27.299591,24.924255,1009.4325,0.28125286,4.2565775,0.25862324,86.89608,0.13752072
2022-10-12 00:00:00,26.050018,24.135773,1009.0419,0.3406582,2.9250762,0.68354994,89.220985,0.0
2022-10-12 06:00:00,29.176544,23.962006,1010.72375,0.115205884,2.8716905,0.4378736,73.541374,0.0
2022-10-12 12:00:00,28.65445,24.557465,1006.98315,-1.4388809,3.455922,0.13611615,78.55399,0.0
2022-10-12 18:00:00,27.296143,24.539368,1009.86127,-1.2831545,4.117491,0.2639233,84.93794,0.34531072
2022-10-13 00:00:00,25.84616,24.129242,1008.32623,0.4439879,1.4012213,0.35507977,90.26895,0.0
2022-10-13 06:00:00,28.652985,24.160156,1009.8638,-0.8867245,1.259966,0.34236938,76.712845,0.022697888
2022-10-13 12:00:00,28.56839,24.12796,1006.59375,-2.767909,1.4077685,0.2740655,76.94167,0.0
2022-10-13 18:00:00,27.672028,24.226837,1009.47186,-0.96824265,3.429871,0.70290804,81.548645,0.002861023
2022-10-14 00:00:00,26.106781,23.7966,1007.6344,2.1489806,0.74091816,0.69154644,87.12815,0.039368868
2022-10-14 06:00:00,28.930695,23.93747,1008.35626,-0.531364,-1.6161041,0.56702524,74.48502,0.01306472
2022-10-14 12:00:00,28.486603,24.17334,1005.4194,-2.1982212,-1.6398382,0.570812,77.518845,0.18771353
2022-10-14 18:00:00,25.74881,24.174286,1008.52814,-0.06873703,0.92484283,0.9950687,91.03697,2.264066
2022-10-15 00:00:00,25.624176,23.520142,1006.77124,1.2405372,-1.7962484,0.90954614,88.17469,0.0
2022-10-15 06:00:00,29.24588,23.963226,1007.6956,-0.5665825,-1.2045145,0.38515562,73.252655,0.0
2022-10-15 12:00:00,29.074371,24.130585,1005.16315,-2.2299042,0.303133,0.09314942,74.72985,0.0
2022-10-15 18:00:00,26.10379,24.218445,1008.2981,-0.27636623,3.3119397,0.27438283,89.37989,0.51491946
2022-10-16 00:00:00,25.977753,24.07312,1007.4412,2.4546046,0.54683304,0.71482676,89.26703,0.0
2022-10-16 06:00:00,28.652618,24.288055,1009.8575,0.6466146,1.7698689,0.5103639,77.30512,0.018032566
2022-10-16 12:00:00,28.743744,24.772491,1008.0144,-0.25769138,2.8715093,0.7026611,79.15902,0.35673133
2022-10-16 18:00:00,26.483307,24.410126,1011.4231,-0.17418486,3.4971762,0.83835495,88.40882,0.5254276
2022-10-17 00:00:00,26.204163,24.351776,1010.17126,1.4442285,1.2235146,0.98044443,89.564064,0.0
2022-10-17 06:00:00,28.108063,24.751068,1011.8231,-1.776063,1.2603657,0.9977297,82.03364,0.0
2022-10-17 12:00:00,28.511536,23.933563,1008.7981,-0.19422436,2.8181412,0.9970387,76.30015,0.0
2022-10-17 18:00:00,27.325104,24.264465,1011.3131,1.7889023,1.7336843,0.96562165,83.40933,0.01449883
2022-10-18 00:00:00,26.821808,24.160156,1010.01,2.876328,0.9991268,0.99960804,85.37496,0.0
2022-10-18 06:00:00,30.13504,24.088348,1010.495,2.2462168,-1.2586145,0.8960847,70.121056,0.0
2022-10-18 12:00:00,27.588654,24.70639,1008.325,0.85487175,3.303471,0.9942806,84.33362,0.5202538
2022-10-18 18:00:00,26.01413,24.332916,1010.2506,2.815649,-1.550847,0.98444706,90.47389,0.0
2022-10-19 00:00:00,25.755615,24.003479,1009.09186,3.3342834,-0.7351837,0.9927797,90.071945,0.0
2022-10-19 06:00:00,29.62735,24.177887,1010.0581,1.5704793,-2.28471,0.98016965,72.58749,0.0
2022-10-19 12:00:00,28.196136,24.338562,1007.5094,-1.553422,0.76705074,0.81612825,79.62447,0.804016
2022-10-19 18:00:00,25.898468,24.029602,1010.81,3.049199,-0.48884106,0.8584054,89.45298,0.0
2022-10-20 00:00:00,26.10373,23.683868,1009.02625,1.2239414,-2.992879,0.9713647,86.55463,0.0
2022-10-20 06:00:00,28.618195,24.196106,1010.45374,-0.798728,-3.4486008,0.99793714,77.033844,0.22964491
2022-10-20 12:00:00,28.297699,24.681335,1008.2031,-1.6166315,-2.3710604,0.87835485,80.79556,0.0
2022-10-20 18:00:00,26.556396,24.553802,1011.14685,-1.5337477,-2.9879246,0.9744169,88.78898,0.0
2022-10-21 00:00:00,25.225037,23.78949,1010.1131,1.3345919,-2.600237,0.99417627,91.76799,3.1336987
2022-10-21 06:00:00,26.266205,24.443726,1012.12,-1.3903923,-4.230855,1.0,89.7292,0.0
2022-10-21 12:00:00,27.069977,24.691925,1009.6238,-2.063199,-2.3346329,0.8745034,86.86111,0.13278818
2022-10-21 18:00:00,26.024689,24.56305,1012.1,0.8915186,-1.8730211,0.9921621,91.67176,0.0
2022-10-22 00:00:00,26.814728,24.001617,1009.9869,0.95140934,-5.0387926,0.9648424,84.60147,0.0
2022-10-22 06:00:00,29.332916,24.560455,1011.96564,-0.6966028,-6.019373,0.93267703,75.54227,0.0
2022-10-22 12:00:00,27.493927,24.899261,1009.02435,-1.8491058,-5.4713116,0.9999978,85.78457,0.37755066
2022-10-22 18:00:00,26.6391,24.794464,1011.8063,-0.88711834,-5.060198,0.9996135,89.63749,0.097660094
2022-10-23 00:00:00,26.790314,24.165283,1009.5644,1.4190098,-4.042,0.8300591,85.55959,0.0
2022-10-23 06:00:00,29.548248,22.885895,1011.2125,0.5904175,-4.810608,0.5170416,67.45554,0.0
2022-10-23 12:00:00,29.534271,23.113922,1008.51935,-1.8503637,-0.73009586,0.80878145,68.44808,0.0
2022-10-23 18:00:00,27.99649,24.021393,1010.1369,1.6150098,4.0648184,0.44145125,79.037926,0.04034117
2022-10-24 00:00:00,26.823273,24.899017,1008.2356,3.6574235,1.5821896,0.93461573,89.22616,0.0
2022-10-24 06:00:00,29.874298,23.169952,1010.23126,1.1191375,-1.0571156,0.23820096,67.34869,0.0
2022-10-24 12:00:00,29.291473,22.690338,1007.21875,-2.502163,1.1275551,0.2749076,67.655685,0.0
2022-10-24 18:00:00,27.855316,24.72757,1009.58813,0.5758047,3.798,0.9091909,83.13494,0.004099682
2022-10-25 00:00:00,26.732697,24.592072,1008.8781,2.224954,1.3200083,0.16487941,88.07317,0.017067418
2022-10-25 06:00:00,29.475372,23.322906,1010.5519,-0.11476886,-0.49387646,0.4328782,69.55372,0.0017229468
2022-10-25 12:00:00,29.397308,22.70877,1008.4894,-2.976244,0.51600456,0.57291615,67.31876,0.0
2022-10-25 18:00:00,27.96408,22.736603,1011.4075,-3.0035,1.4574462,0.0859375,73.279465,0.0
2022-10-26 00:00:00,27.36795,22.299347,1010.6725,-1.3121662,0.7341509,0.018136345,73.8892,9.685755e-05
2022-10-26 06:00:00,29.415192,21.6763,1012.325,-1.9343939,-1.0793715,0.30253273,63.151627,0.0
2022-10-26 12:00:00,29.01535,21.637726,1009.2481,-3.9196253,-2.579729,0.5981341,64.475624,0.0
2022-10-26 18:00:00,27.886444,20.570587,1011.6819,-3.9035873,-2.9790993,0.22545844,64.48157,0.0
2022-10-27 00:00:00,26.830109,19.12857,1010.34125,-1.1504297,-2.7226467,0.08577718,62.733013,0.0
2022-10-27 06:00:00,29.014679,20.892365,1011.6925,-1.2017126,-3.8515291,0.039205723,61.597477,0.0
2022-10-27 12:00:00,28.492767,22.314178,1008.7081,-2.4123516,-3.5061874,0.002960205,69.2586,0.0
2022-10-27 18:00:00,27.275543,23.559418,1010.7469,-1.6435528,-5.115796,0.18343504,80.180855,0.15897676
2022-10-28 00:00:00,25.853485,24.03421,1009.51935,-0.64229107,-3.5680923,0.24137062,89.71648,0.0075288117
2022-10-28 06:00:00,28.986847,23.075653,1010.2056,-4.3215923,-2.882928,0.19483933,70.48404,0.0
2022-10-28 12:00:00,28.664032,21.882599,1007.3925,-3.4118938,-2.067068,0.008617401,66.79348,0.0
2022-10-28 18:00:00,25.998688,23.939331,1010.2175,-2.1829624,-4.0856667,0.50880504,88.44289,0.29114634
2022-10-29 00:00:00,25.532318,23.853516,1009.21375,-0.97434235,-3.8450518,0.99851286,90.45439,0.5155489
2022-10-29 06:00:00,27.290741,24.642914,1010.35126,-1.1710281,-3.9266348,0.9841118,85.49262,0.0
2022-10-29 12:00:00,26.47699,24.502136,1008.22626,-1.9784012,-3.4375563,0.9261005,88.93027,0.3372079
2022-10-29 18:00:00,25.603882,24.169098,1010.605,-2.1300488,-3.3913374,0.83288765,91.79445,1.5352757
2022-10-30 00:00:00,25.426971,24.023895,1009.27875,-0.32543564,-3.7871914,0.9369737,91.95907,0.0
2022-10-30 06:00:00,28.205353,24.738068,1010.35815,-1.1008244,-5.3603773,0.62915283,81.50679,0.0
2022-10-30 12:00:00,28.219635,23.302094,1007.69,-3.2691612,-6.413368,0.99851686,74.709625,0.0
2022-10-30 18:00:00,26.679474,23.718414,1010.16876,-0.71281815,-5.5084887,0.9988281,83.837616,1.0689621
2022-10-31 00:00:00,25.833282,23.530914,1008.9256,-1.1795702,-5.090828,1.0,87.144646,0.23626041
2022-10-31 06:00:00,26.530426,24.354523,1009.1456,0.47204208,-8.091921,0.9991095,87.87043,0.22107363
2022-10-31 12:00:00,26.014618,24.45108,1008.15375,-2.346734,-5.5293856,0.9948365,91.11384,0.42829275
2022-10-31 18:00:00,25.718506,23.705872,1009.91315,-0.18029404,-5.6752653,1.0000002,88.66921,0.0
2022-11-01 00:00:00,25.475616,23.518707,1008.6675,1.7411928,-6.0139303,1.0,88.94822,10.98912
2022-11-01 06:00:00,25.83731,24.253876,1010.29565,1.0724802,-2.6496906,1.0,90.994,0.0
2022-11-01 12:00:00,25.318268,23.916534,1008.8862,0.7483702,-3.4978151,1.0,91.96023,0.0
2022-11-01 18:00:00,24.724152,23.464233,1011.0469,0.1706419,-3.1741228,1.0,92.71596,0.0
2022-11-02 00:00:00,24.799957,23.201141,1009.3031,0.13326925,-5.2193403,0.9752915,90.84272,0.0
2022-11-02 06:00:00,26.84439,22.940369,1010.53815,1.0227215,-4.6199055,0.98455137,79.21811,0.006676346
2022-11-02 12:00:00,26.923065,23.082672,1007.88873,-1.0895634,-3.756464,0.97113746,79.53449,0.0
2022-11-02 18:00:00,25.125885,23.272614,1009.9275,-0.7991104,-1.0834036,0.99474394,89.47952,0.7446751
2022-11-03 00:00:00,24.60794,23.241425,1008.1,-0.9382992,-0.68843555,0.9996035,92.11495,0.0
2022-11-03 06:00:00,26.845062,24.272217,1010.3,-2.0282068,-0.43605232,0.9987187,85.83319,0.0
2022-11-03 12:00:00,25.725952,24.11731,1008.4525,-3.7711592,-0.72148705,0.99871814,90.849304,3.3910143
2022-11-03 18:00:00,25.217682,23.853699,1010.9913,-3.2760334,-1.0339527,0.9995057,92.16347,0.0
2022-11-04 00:00:00,25.704498,23.564087,1009.8875,-2.3860455,-2.803258,0.9738031,87.98824,0.0
2022-11-04 06:00:00,26.147186,23.996216,1011.47,-2.6584797,-3.2388182,0.9982204,87.96961,0.83131635
2022-11-04 12:00:00,25.757446,24.0195,1010.1,-3.62714,-2.0661507,1.0,90.14887,0.0
2022-11-04 18:00:00,25.522858,24.180786,1012.5669,-1.3783636,-2.7454767,0.98056036,92.30185,0.0
2022-11-05 00:00:00,25.235931,23.678375,1011.3056,-2.111556,-3.3905497,0.7811043,91.09721,0.0
2022-11-05 06:00:00,27.663483,24.900116,1013.3025,-2.9640417,-3.3801537,0.9482627,84.94232,0.31481373
2022-11-05 12:00:00,27.525421,24.593292,1010.8187,-3.4049158,-4.4376764,0.958126,84.075806,0.0
2022-11-05 18:00:00,25.9971,24.356445,1013.6231,-2.4793148,-3.8825874,0.99665385,90.69288,0.42123613
2022-11-06 00:00:00,25.554047,24.085297,1011.8675,-2.3738604,-3.317627,0.99833375,91.6046,0.10193795
2022-11-06 06:00:00,27.541656,24.55716,1013.23315,-1.5462494,-4.4992466,0.9578366,83.81467,0.0
2022-11-06 12:00:00,25.905304,24.309967,1011.4275,-3.0644445,-4.5144672,0.99901116,90.93347,1.3066144
2022-11-06 18:00:00,25.511261,24.251862,1013.2975,-2.2254343,-4.2635174,0.9522616,92.75996,0.0
2022-11-07 00:00:00,25.840973,23.981934,1011.1131,-0.7261505,-4.363987,0.93042666,89.50153,0.0
2022-11-07 06:00:00,27.42923,24.361237,1013.4556,-2.0738316,-5.3176193,0.91731215,83.38427,0.0
2022-11-07 12:00:00,27.204987,24.160522,1010.2488,-3.0943403,-4.736332,0.78234625,83.47676,0.05931598
2022-11-07 18:00:00,25.635986,24.26828,1012.6575,-2.9999075,-3.617485,0.9961426,92.16631,0.15486565
2022-11-08 00:00:00,25.172363,23.728973,1010.47,-0.5214968,-3.7594461,0.9995056,91.72157,0.5311129
2022-11-08 06:00:00,26.568512,24.492523,1012.90625,-1.6446657,-5.246748,0.99901146,88.4009,0.0
2022-11-08 12:00:00,27.338654,23.76715,1009.8013,-2.5087547,-5.9687805,0.99006957,80.89048,0.0
2022-11-08 18:00:00,26.559723,24.034271,1011.83624,-3.5539942,-5.236988,0.9999998,86.04988,0.0
2022-11-09 00:00:00,25.496857,23.955902,1009.9256,-0.25431538,-5.218193,0.99999994,91.20471,0.16669585
2022-11-09 06:00:00,27.707672,24.192627,1011.85187,-1.6043425,-6.1922846,0.9999999,81.21215,0.0
2022-11-09 12:00:00,27.230347,24.102905,1009.6906,-2.664279,-5.7380943,0.96714604,83.06497,0.0
2022-11-09 18:00:00,25.700897,24.266663,1011.1956,-1.9933987,-5.26406,0.9782169,91.80321,0.238128
2022-11-10 00:00:00,25.76297,23.97293,1010.1156,-0.6791668,-5.979869,0.9569549,89.86763,0.0
2022-11-10 06:00:00,28.312225,23.878082,1011.0019,-0.90442276,-6.2493124,0.76718897,76.93235,0.0
2022-11-10 12:00:00,27.838654,23.938171,1008.4194,-1.525754,-6.4637957,0.98512655,79.37132,0.0015250295
2022-11-10 18:00:00,26.020233,23.714447,1010.2656,-0.12899017,-7.8178234,1.0000001,87.14344,0.6504773
2022-11-11 00:00:00,24.87082,23.516388,1008.3956,1.2623243,-7.981019,1.0,92.19699,2.0245972
2022-11-11 06:00:00,25.468658,23.863434,1009.4981,2.7157774,-7.963786,1.0,90.85125,0.41975212
2022-11-11 12:00:00,25.457428,24.061005,1007.0206,0.35037136,-8.185179,1.0,91.99757,2.2506626
2022-11-11 18:00:00,25.45346,23.965424,1008.3625,-4.5095463,-2.9304142,0.98424125,91.49249,0.0
2022-11-12 00:00:00,25.870514,24.208832,1007.0506,1.7199488,1.5125799,0.9999998,90.57022,0.0
2022-11-12 06:00:00,26.78775,23.869537,1010.65063,2.2475014,1.027545,0.99723506,84.06589,0.0
2022-11-12 12:00:00,27.424164,23.752106,1008.06,-2.8224974,1.4221373,0.9007731,80.413475,0.0
2022-11-12 18:00:00,26.667572,23.390747,1011.07623,-2.1085968,0.61541367,0.24482995,82.25584,0.0
2022-11-13 00:00:00,25.25003,23.490631,1009.5756,-2.9514542,-0.12339878,0.8467621,89.996895,0.61567557
2022-11-13 06:00:00,26.31192,24.318146,1011.79065,-2.2486143,-1.7468338,0.9950631,88.81667,0.0
2022-11-13 12:00:00,26.604706,24.078918,1009.6206,-2.6996279,-3.1242094,0.98939085,86.0525,0.0
2022-11-13 18:00:00,26.024323,23.708588,1012.21814,-1.8704672,-2.2306519,1.0,87.09163,0.08925405
2022-11-14 00:00:00,25.415619,23.91922,1010.39124,-1.8149958,-4.1422157,0.99851143,91.444214,0.0
2022-11-14 06:00:00,27.007355,24.69986,1012.16437,-2.6354227,-1.8912878,0.8663461,87.222466,0.10633704
2022-11-14 12:00:00,26.7677,24.44986,1010.2531,-3.3041067,-2.926691,0.9946711,87.14719,0.0
2022-11-14 18:00:00,25.381744,23.852356,1013.03436,-2.4588919,-3.1729946,0.99960345,91.26095,0.33991328
2022-11-15 00:00:00,24.59433,23.313202,1012.105,-0.5630312,-3.2794104,0.92049485,92.59048,0.0
2022-11-15 06:00:00,27.357574,24.383026,1013.3825,-1.0056648,-3.5479593,0.7111557,83.84434,0.0
2022-11-15 12:00:00,27.375671,23.371368,1010.065,-1.913702,-3.5501623,0.3448698,78.81283,0.0
2022-11-15 18:00:00,26.908173,22.987946,1011.73315,-2.0142946,-4.529069,0.48538232,79.14921,0.0
2022-11-16 00:00:00,26.219635,22.612854,1010.28,-1.1635542,-4.1625547,0.18911532,80.574066,0.029467046
2022-11-16 06:00:00,27.918732,23.050446,1011.8656,-1.7140036,-4.5799723,0.9276555,74.88364,0.022698194
2022-11-16 12:00:00,27.467499,21.989655,1008.9313,-3.186143,-4.7771196,0.15056284,72.08693,0.0
2022-11-16 18:00:00,26.758087,21.561493,1011.0062,-3.558364,-4.6249733,0.4272592,73.21182,0.0
2022-11-17 00:00:00,25.671783,20.8107,1009.6994,0.42787743,-4.3958626,0.82083285,74.55047,0.0
2022-11-17 06:00:00,27.428497,21.111084,1011.02686,-1.1049042,-6.027418,0.9386966,68.47023,0.0
2022-11-17 12:00:00,27.458893,20.86676,1009.28876,-2.0811672,-4.8850965,0.9999997,67.33002,0.0
2022-11-17 18:00:00,26.522491,20.654877,1010.8219,-1.4462957,-5.2817106,1.0,70.215866,0.0
2022-11-18 00:00:00,25.360992,20.762848,1009.3681,0.5875048,-5.9929953,0.99187016,75.71605,0.0
2022-11-18 06:00:00,27.69516,21.282867,1011.2969,-0.38296604,-6.3040876,1.0000012,68.12462,0.0029560179
2022-11-18 12:00:00,28.101166,21.366486,1009.3719,-2.2088299,-6.502837,1.0,66.87144,0.0
2022-11-18 18:00:00,26.928131,21.275665,1011.27625,-1.3483477,-7.7027216,0.9692744,71.22545,0.0
2022-11-19 00:00:00,25.563019,21.883331,1010.03564,1.0620189,-7.4280443,1.0000002,80.13106,0.00057183206
2022-11-19 06:00:00,27.24936,21.992096,1010.8675,-0.40910912,-7.2103634,1.0,73.02498,0.00047683716
2022-11-19 12:00:00,27.843964,21.265045,1008.53186,-2.9938564,-6.9195995,1.0,67.46132,0.0
2022-11-19 18:00:00,26.62088,20.766388,1009.8731,-0.40893936,-6.6703167,1.0,70.29094,0.0
2022-11-20 00:00:00,25.079376,21.049469,1008.57623,0.50076723,-6.9961815,1.0,78.36492,0.0001906883
2022-11-20 06:00:00,26.980194,19.733795,1009.77435,1.5735335,-6.237749,1.0,64.566635,0.0
2022-11-20 12:00:00,27.37204,19.301666,1006.6756,0.5542078,-4.483596,0.68956107,61.427532,0.0007628696
2022-11-20 18:00:00,25.752838,19.68106,1008.78687,0.15416336,-5.0504093,0.99121785,69.19046,0.0
2022-11-21 00:00:00,23.83255,19.112213,1007.95685,1.822418,-4.7238817,0.9443736,74.89999,0.0
2022-11-21 06:00:00,27.967072,18.352325,1009.1219,3.13342,-2.078865,0.17375465,55.911793,0.0
2022-11-21 12:00:00,28.612274,19.561554,1007.1144,-1.817214,-3.277319,0.34897238,58.072693,0.0
2022-11-21 18:00:00,25.960724,21.203033,1009.0569,1.3701134,-3.6302567,0.028878316,75.072784,0.0
2022-11-22 00:00:00,24.564117,21.051056,1008.09064,2.7665997,-0.07525349,0.5809379,80.820915,0.004578382
2022-11-22 06:00:00,27.972076,21.265594,1009.51685,2.62683,-0.31472778,0.4150412,66.96117,0.0
2022-11-22 12:00:00,28.160553,23.031036,1006.9281,-0.78528404,2.0093079,0.30750716,73.7488,0.0
2022-11-22 18:00:00,26.181366,23.405792,1009.71936,1.7353373,2.9040742,0.08608066,84.72621,0.11939928
2022-11-23 00:00:00,25.305634,23.637604,1008.66815,3.478506,2.0707018,0.33087027,90.4977,0.0
2022-11-23 06:00:00,29.036285,22.387817,1009.8831,2.4372272,1.2361894,0.469207,67.41124,0.0
2022-11-23 12:00:00,28.356476,24.103851,1007.2463,-1.6038551,2.6883917,0.5976214,77.7824,0.0
2022-11-23 18:00:00,26.696808,24.2836,1010.21375,-1.350461,2.8419726,0.38045022,86.64432,0.0
2022-11-24 00:00:00,26.388458,23.436493,1009.0025,0.12573338,2.7694159,0.85742325,83.85148,0.0047683716
2022-11-24 06:00:00,28.2034,23.316559,1011.2981,-1.6031713,1.7323656,0.6144874,74.84561,0.03070943
2022-11-24 12:00:00,27.882294,23.562897,1008.65686,-2.7348118,0.4289686,0.91546816,77.4014,0.0
2022-11-24 18:00:00,26.244354,23.122498,1011.5744,-2.5585518,-0.67671967,0.9607908,82.979355,0.0
2022-11-25 00:00:00,26.006256,23.165588,1010.175,-1.8333368,-1.0759182,0.9356423,84.37526,0.0026710331
2022-11-25 06:00:00,28.306915,23.041779,1012.2006,-2.1443768,-1.1311646,0.7838043,73.17069,0.06856588
2022-11-25 12:00:00,27.70108,23.205963,1009.5712,-2.7574682,-1.9658709,0.44198757,76.55792,0.0
2022-11-25 18:00:00,26.323029,23.33963,1011.54,-2.1501207,-2.270897,0.33449507,83.68536,0.0808686
2022-11-26 00:00:00,26.12735,23.319092,1009.90063,-1.8626804,-1.9411716,0.5718703,84.55354,0.0
2022-11-26 06:00:00,27.452911,23.947113,1011.455,-1.7757082,-1.859211,0.81322926,81.225204,0.010215431
2022-11-26 12:00:00,27.230072,23.827087,1008.185,-2.7452822,-1.5485411,0.5255669,81.70106,0.0
2022-11-26 18:00:00,26.32779,23.85254,1009.86,-3.366067,-1.4056673,0.33881146,86.287674,0.0039079096
2022-11-27 00:00:00,26.086792,23.208069,1008.1312,-1.4609909,-1.1008005,0.5207107,84.190056,0.01135096
2022-11-27 06:00:00,27.706207,23.522552,1009.7919,-1.931242,-1.355917,0.85468614,78.0115,0.14944464
2022-11-27 12:00:00,27.243439,23.517609,1006.90814,-3.15934,-0.3406763,0.3379627,80.12974,0.0
2022-11-27 18:00:00,25.97293,23.956818,1009.22687,-2.1603603,-0.7738228,0.43314862,88.670906,0.051885843
2022-11-28 00:00:00,25.532013,23.194824,1007.9975,-1.1449032,-0.7238703,0.22985303,86.93451,0.14200486
2022-11-28 06:00:00,27.610748,23.750946,1010.4506,-1.4000607,-1.3470011,0.5363744,79.53468,0.0
2022-11-28 12:00:00,27.244354,23.52362,1007.91565,-3.4278584,-1.3522434,0.31186122,80.15449,0.0
2022-11-28 18:00:00,26.755219,22.776154,1010.60065,-3.2366304,-2.0301313,0.82572746,78.84638,0.0050514936
2022-11-29 00:00:00,26.16037,21.779877,1009.5513,-2.3998137,-2.8967323,0.25690204,76.85799,0.0
2022-11-29 06:00:00,28.033539,21.857208,1011.0425,-2.5044594,-4.1246862,0.9558531,69.18091,0.033289194
2022-11-29 12:00:00,27.083832,21.332,1008.5569,-3.7724752,-4.225975,0.8710353,70.82116,0.0
2022-11-29 18:00:00,26.150116,20.463104,1011.3656,-3.7821226,-4.2978516,0.11416626,70.93286,0.0
2022-11-30 00:00:00,25.433624,20.385376,1010.28314,-1.5727587,-3.7584572,0.9098799,73.65593,0.0
2022-11-30 06:00:00,27.922638,21.548004,1011.3775,-1.3319168,-4.3838654,0.7860494,68.32633,0.0001906883
2022-11-30 12:00:00,27.484924,23.396698,1009.1125,-2.4005022,-4.496314,0.24401295,78.43003,0.02736901
2022-11-30 18:00:00,26.053375,23.69522,1011.2525,-2.4621077,-3.4218187,0.48112,86.87212,0.1785293
2022-12-01 00:00:00,25.016998,23.697845,1010.35,-1.5870552,-2.1462994,0.5171187,92.40126,0.0074387193
2022-12-01 06:00:00,27.064728,24.311127,1011.455,-2.0032501,-2.0721693,0.44928575,84.93021,0.0
2022-12-01 12:00:00,27.392181,24.032318,1008.1769,-2.4293852,-2.788598,0.16319531,81.932884,0.0
2022-12-01 18:00:00,26.482758,23.986084,1010.3019,-1.5888052,-2.5321674,0.24407071,86.19137,0.09995258
2022-12-02 00:00:00,25.506561,23.801605,1009.28564,-1.4103642,-2.4906368,0.370776,90.310455,0.15419424
2022-12-02 06:00:00,27.378815,24.137177,1010.9856,-1.5435343,-2.9084282,0.37774062,82.51485,0.0
2022-12-02 12:00:00,27.723114,24.29068,1007.98376,-3.2692719,-2.8621292,0.76148874,81.61734,0.0
2022-12-02 18:00:00,25.907959,24.164917,1010.3787,-3.717659,-2.9480963,0.9454049,90.13183,0.42083728
2022-12-03 00:00:00,25.447754,23.963715,1009.0619,-2.2700596,-3.0637636,0.77126074,91.5141,0.0
2022-12-03 06:00:00,26.427277,23.79068,1010.8162,-3.2230558,-3.5451164,0.89126045,85.46393,0.3497758
2022-12-03 12:00:00,26.77533,24.078125,1008.6994,-2.310793,-2.5210161,0.66146225,85.18827,0.0
2022-12-03 18:00:00,25.797852,24.378601,1011.3688,-3.269024,-3.3238783,0.68624794,91.891304,0.6350394
2022-12-04 00:00:00,25.357056,23.954926,1009.5112,-1.7884264,-4.6626225,0.74462664,91.96025,0.0
2022-12-04 06:00:00,25.527435,23.731812,1011.9725,-2.7146368,-4.5626974,0.81584513,89.82056,1.0241252
2022-12-04 12:00:00,25.58664,23.983093,1009.0694,-4.171235,-3.5751696,0.8373698,90.86809,0.0
2022-12-04 18:00:00,25.078278,23.861298,1012.2919,-3.5953856,-3.8123121,0.8795742,92.974266,0.8126422
2022-12-05 00:00:00,25.375824,23.441956,1010.7975,-2.5951767,-3.1321573,0.80658424,89.06418,0.0
2022-12-05 06:00:00,28.005035,23.892181,1012.40564,-3.519415,-3.6697063,0.2656756,78.38756,0.0
2022-12-05 12:00:00,27.420593,23.293518,1009.64374,-2.6323757,-4.6767435,0.5110346,78.23717,0.0
2022-12-05 18:00:00,26.59262,23.061432,1011.51874,-3.0047264,-4.5069714,1.0,80.992134,0.020122156
2022-12-06 00:00:00,26.068146,22.94101,1009.83813,-2.2783747,-5.3588114,0.96748006,82.932434,0.005722046
2022-12-06 06:00:00,27.468536,23.294159,1011.3656,-1.7462587,-6.185298,1.0,78.02088,0.0
2022-12-06 12:00:00,27.019318,22.373016,1009.0,-1.9223833,-6.006073,1.0,75.754486,0.0
2022-12-06 18:00:00,26.834503,22.378204,1010.52625,-1.2392874,-6.2246523,1.0,76.60601,0.0
2022-12-07 00:00:00,25.855072,22.305054,1008.71185,0.6433014,-7.299488,1.0,80.80516,0.0
2022-12-07 06:00:00,26.259216,22.562592,1009.71686,0.38535035,-7.724037,1.0,80.14094,0.0104904175
2022-12-07 12:00:00,26.804443,21.897736,1008.11,2.3009381,-5.57961,1.0,74.52803,0.0
2022-12-07 18:00:00,26.029938,21.026703,1009.055,1.7458403,-6.93435,1.0,73.960945,0.0
2022-12-08 00:00:00,24.832733,19.146637,1006.83624,4.5104313,-6.55361,1.0,70.69451,0.0104904175
2022-12-08 06:00:00,25.570648,18.541412,1008.1844,5.3754005,-7.1923294,1.0,65.14637,0.057697296
2022-12-08 12:00:00,21.679962,18.53299,1005.2444,8.869373,-5.335862,1.0,82.309845,1.3122412
2022-12-08 18:00:00,21.975067,18.751923,1005.53125,7.7378445,-5.0963125,1.0,81.954735,0.0
2022-12-09 00:00:00,21.479279,18.365631,1001.605,9.824137,-7.311927,1.0,82.45747,0.0
2022-12-09 06:00:00,23.877106,18.808624,1003.39435,10.602069,-3.8816214,1.0,73.297745,0.15804243
2022-12-09 12:00:00,23.53653,20.14914,1002.4931,8.592733,0.29289722,0.9806413,81.316986,0.0
2022-12-09 18:00:00,24.143341,19.459137,1004.6781,7.8363514,3.7131202,0.45616788,75.11937,0.0
2022-12-10 00:00:00,24.922882,20.51529,1003.1962,6.185753,4.077799,0.57783526,76.54137,0.0
2022-12-10 06:00:00,27.038849,21.165558,1005.93,3.988737,2.4751308,0.9467306,70.287346,0.00667572
2022-12-10 12:00:00,27.028229,21.785736,1004.5631,-0.38771152,2.2549496,0.99604785,73.05289,0.0
2022-12-10 18:00:00,26.376373,23.081818,1007.1694,-0.1745224,3.3492928,0.98720306,82.13272,0.011054926
2022-12-11 00:00:00,25.672943,23.298462,1006.5444,-1.906951,2.9919262,0.99921316,86.7518,0.0
2022-12-11 06:00:00,28.253326,24.517853,1008.8194,0.6050684,2.666626,0.79081297,80.21636,0.08812534
2022-12-11 12:00:00,27.432068,23.880829,1006.15875,-0.66958237,1.4022055,0.9045462,81.00101,0.1357049
2022-12-11 18:00:00,25.389954,23.490875,1008.8162,-1.09373,1.639761,0.89150375,89.2523,0.0
2022-12-12 00:00:00,25.107391,23.38153,1007.4325,-0.08333206,2.6756382,1.0000007,90.16914,0.2803962
2022-12-12 06:00:00,26.170074,24.1828,1010.2425,-1.484559,3.4459743,0.86413425,88.84018,7.247925e-05
2022-12-12 12:00:00,26.46164,23.654175,1007.11,-1.8104744,4.46171,0.5264894,84.59297,0.0
2022-12-12 18:00:00,24.841492,23.213165,1010.4387,-2.142497,3.4741716,0.62757605,90.68359,1.5021286
2022-12-13 00:00:00,25.6185,23.545746,1009.05,-1.849616,3.5643644,0.4398057,88.340614,0.0
2022-12-13 06:00:00,27.498077,23.912994,1011.3075,-1.6133738,3.145258,0.46792376,80.8448,0.0
2022-12-13 12:00:00,26.737701,23.134583,1009.3713,-2.9358015,1.8459549,0.2879719,80.65917,0.0
2022-12-13 18:00:00,25.833527,23.23645,1012.1369,-3.135499,-0.8035383,0.43354756,85.608505,0.0008586794
2022-12-14 00:00:00,25.40982,22.996185,1010.46313,-1.4154005,-1.826293,0.6075876,86.52225,0.0065807253
2022-12-14 06:00:00,27.572845,23.229126,1011.79877,-3.512188,-2.5824223,0.94355285,77.2421,0.0
2022-12-14 12:00:00,27.287811,23.011108,1010.02374,-3.0753603,-1.8984499,0.32002917,77.51351,0.03661917
2022-12-14 18:00:00,25.917084,23.056702,1012.28314,-2.1399012,-1.390089,0.99851066,84.265144,0.009726733
2022-12-15 00:00:00,25.023285,22.976593,1010.2294,-1.5013237,-2.9085007,0.47853494,88.43118,0.09927766
2022-12-15 06:00:00,26.971954,22.598114,1011.67,-4.5127583,-4.5931864,0.34626293,77.011604,0.0
2022-12-15 12:00:00,26.585175,20.78769,1008.7525,-2.2759542,-3.9677181,0.065309346,70.53137,0.0
2022-12-15 18:00:00,26.38797,20.996277,1011.0087,-2.848549,-4.6585712,0.39351365,72.27749,0.0
2022-12-16 00:00:00,26.186066,21.340912,1009.1275,-1.4700012,-4.5693293,0.49854946,74.70775,0.0015255064
2022-12-16 06:00:00,27.628143,22.499237,1011.0131,-3.3868523,-4.474429,0.454526,73.6623,0.012017677
2022-12-16 12:00:00,27.328033,22.030792,1008.325,-2.8324442,-3.8703976,0.2082292,72.8607,0.0
2022-12-16 18:00:00,26.437775,21.805634,1010.3837,-0.9840069,-4.8824053,0.08342637,75.72831,0.00076297147
2022-12-17 00:00:00,25.933014,22.008545,1009.4888,-1.7282848,-4.838914,0.7534202,78.99346,0.0032422831
2022-12-17 06:00:00,27.474884,22.614899,1011.65814,-3.1859293,-6.3433228,0.86853284,74.84959,0.027847476
2022-12-17 12:00:00,27.289795,22.628906,1009.11,-3.3798075,-4.458065,1.0000031,75.729866,0.01087226
2022-12-17 18:00:00,26.664642,22.700165,1010.72565,-3.5568848,-5.2423973,0.9721788,78.90348,0.0
2022-12-18 00:00:00,25.676056,22.88681,1009.02,-2.8055153,-5.3740196,0.8737357,84.60297,0.17442554
2022-12-18 06:00:00,27.54123,22.61496,1010.6819,-4.6734657,-5.861905,0.9097154,74.55982,0.0
2022-12-18 12:00:00,26.754547,21.979828,1008.3862,-4.8878984,-5.0291367,0.99999905,75.12245,0.0
2022-12-18 18:00:00,26.048431,21.438263,1009.9475,-4.110754,-5.0940037,0.9999998,75.76874,0.0
2022-12-19 00:00:00,25.80191,20.789978,1008.39,-1.5800972,-5.391966,0.9986148,73.883194,0.0
2022-12-19 06:00:00,26.337189,22.221466,1009.7775,-1.5559444,-7.769449,0.9981204,78.13534,0.10747835
2022-12-19 12:00:00,25.817291,23.206879,1007.46185,-2.8015318,-5.558058,1.0,85.537926,0.20913407
2022-12-19 18:00:00,24.964813,23.413116,1009.15436,-3.3312082,-6.010233,0.87708694,91.11219,0.07066867
2022-12-20 00:00:00,24.831451,23.246246,1007.865,-1.5100899,-5.7147274,0.9970276,90.91951,0.0
2022-12-20 06:00:00,26.74179,23.620514,1009.41315,-2.8942423,-7.4941063,0.9509752,83.039635,0.0
2022-12-20 12:00:00,26.655273,23.454193,1007.015,-3.2152472,-7.0145445,0.47294182,82.631096,0.0
2022-12-20 18:00:00,25.529205,23.465729,1008.89624,-2.7552319,-6.4707985,0.9964352,88.38274,0.08831173
2022-12-21 00:00:00,24.621552,22.889801,1007.1794,-1.6355028,-6.2742577,0.99999845,90.10295,0.14362112
2022-12-21 06:00:00,25.88321,23.386017,1010.20685,-1.4609461,-6.4918404,0.99999964,86.13124,0.21801144
2022-12-21 12:00:00,25.964874,23.677399,1007.6325,-2.1619043,-6.0771627,1.0,87.23462,0.0
2022-12-21 18:00:00,25.946747,22.81247,1009.2531,-1.4013605,-6.605401,1.0000001,82.882454,0.0
2022-12-22 00:00:00,25.025787,22.27121,1007.5112,-2.1685438,-7.9307394,0.9775049,84.71248,0.596039
2022-12-22 06:00:00,27.112701,21.173004,1009.51874,-2.893855,-8.632922,0.9923645,70.01524,0.0
2022-12-22 12:00:00,26.839447,21.512299,1007.8006,-2.3887548,-6.8067064,0.9999998,72.643234,0.0
2022-12-22 18:00:00,26.03714,21.509125,1009.78125,-0.48930454,-6.7497015,0.9892889,76.14901,0.018024351
2022-12-23 00:00:00,24.921295,21.24936,1007.78815,1.4755511,-6.9739676,0.9468902,80.08345,0.0
2022-12-23 06:00:00,26.88028,22.258087,1009.2725,-0.19495958,-7.752737,0.90008676,75.84385,0.0
2022-12-23 12:00:00,27.305145,23.01944,1006.9263,-2.433012,-6.943962,0.9914863,77.47382,0.0
2022-12-23 18:00:00,26.04898,21.425873,1009.5875,-0.16368484,-7.1088,0.9113505,75.70879,0.017356128
2022-12-24 00:00:00,24.827057,20.920319,1008.51685,2.4609394,-6.201709,0.62806463,78.924324,0.0
2022-12-24 06:00:00,27.224274,22.335724,1010.0037,1.3075287,-7.680794,0.97838026,74.67915,0.0
2022-12-24 12:00:00,27.202545,23.169098,1006.91125,-0.46573257,-8.782971,0.8690875,78.64994,0.06693881
2022-12-24 18:00:00,25.786224,23.193024,1008.8575,-0.16332436,-8.426769,0.9935585,85.62384,0.232324
2022-12-25 00:00:00,25.123932,23.582,1007.3931,-1.3245487,-6.5689287,1.0,91.17591,0.056266785
2022-12-25 06:00:00,25.937775,24.304535,1009.7438,-4.455714,-5.3531322,0.9991091,90.72926,0.20487142
2022-12-25 12:00:00,26.518677,24.40979,1009.03,-5.0162277,-3.9945211,0.9991092,88.222885,0.0
2022-12-25 18:00:00,26.153473,24.172241,1010.74,-4.924444,-0.34398556,1.0,88.87109,0.102625474
2022-12-26 00:00:00,25.060913,23.408722,1010.28625,-4.0917654,-0.66248035,0.9444229,90.567635,0.14628914
2022-12-26 06:00:00,27.04306,24.1362,1012.8094,-6.0834923,-0.77877235,0.59746706,84.150925,0.0
2022-12-26 12:00:00,27.152954,24.54538,1010.7975,-5.111285,-0.80288315,0.25083172,85.68498,0.0
2022-12-26 18:00:00,25.889374,23.752258,1013.6831,-4.68244,-1.4425049,0.27572286,88.021255,0.587174
2022-12-27 00:00:00,25.429993,23.662323,1012.52124,-4.44899,-0.39046192,0.5906532,89.96483,0.0
2022-12-27 06:00:00,26.590485,24.270813,1014.60126,-3.1318827,0.7238609,0.4433928,87.12181,0.1420883
2022-12-27 12:00:00,26.439667,24.174255,1011.9556,-3.5353107,-1.4216852,0.42725176,87.39238,0.0
2022-12-27 18:00:00,26.23642,23.94284,1014.29376,-3.2266655,-2.008319,0.25077683,87.226746,0.0
2022-12-28 00:00:00,25.454254,23.56366,1013.22437,-2.507268,-1.5246048,0.29257387,89.302864,0.033560634
2022-12-28 06:00:00,27.53714,23.531464,1015.9369,-4.359027,-2.781457,0.26628453,78.82886,0.0
2022-12-28 12:00:00,27.089386,22.77121,1013.0125,-2.8992376,-2.439927,0.44924927,77.28969,0.0
2022-12-28 18:00:00,26.235016,22.984558,1015.9275,-3.3509798,-1.9173212,0.6590505,82.335175,0.0
2022-12-29 00:00:00,25.660004,23.00644,1014.59125,-2.3673306,-2.0906544,0.7208929,85.29919,0.0
2022-12-29 06:00:00,27.568756,22.809296,1016.92,-3.078003,-1.8957653,0.48288256,75.32247,0.026894733
2022-12-29 12:00:00,26.890594,22.684143,1014.3256,-3.3908014,-2.0136395,0.0,77.785805,0.0
2022-12-29 18:00:00,25.483368,22.61435,1016.60187,-2.951661,-1.2150879,0.00089263916,84.17414,0.0
2022-12-30 00:00:00,25.386688,22.612396,1016.02124,-1.7412071,-1.5563011,0.16546324,84.649124,0.01373142
2022-12-30 06:00:00,27.642365,22.628357,1017.5769,-2.144827,-2.6981153,0.07060259,74.18041,0.0
2022-12-30 12:00:00,26.976105,23.053375,1014.84875,-3.1690311,-2.3279524,0.5459892,79.1466,0.0
2022-12-30 18:00:00,25.738556,22.989044,1016.8688,-2.899208,-1.9957027,0.057769775,84.81335,0.0
2022-12-31 00:00:00,24.888947,22.638763,1015.6956,-1.3934517,-0.9798775,0.9995056,87.335846,0.007820083
2022-12-31 06:00:00,27.241364,22.295502,1017.135,-0.77325726,-1.916955,0.9549706,74.422035,0.004864298
2022-12-31 12:00:00,26.768707,22.631256,1013.90186,-2.8486757,-1.8961573,0.17658643,78.09443,0.0
2022-12-31 18:00:00,25.39029,22.228546,1015.7438,-2.0470858,-1.801961,0.039876528,82.67916,0.0
2023-01-01 00:00:00,24.743317,21.800995,1014.455,-1.0323648,-1.7480774,0.32523847,83.71795,0.0
2023-01-01 06:00:00,27.3555,22.042267,1016.38873,-1.3197489,-3.2874594,0.59298193,72.79445,0.0016214326
2023-01-01 12:00:00,26.85617,22.22171,1013.125,-3.0979996,-3.6773043,0.66390073,75.78345,0.0
2023-01-01 18:00:00,25.452911,21.974457,1015.7475,-4.236353,-2.0576868,0.41542074,81.10651,0.0
2023-01-02 00:00:00,24.798859,21.225677,1013.9994,-3.211031,-2.281991,0.9661198,80.55373,0.016022256
2023-01-02 06:00:00,27.48764,20.178986,1016.21875,-4.2567444,-2.6741734,0.80267614,64.425644,0.0
2023-01-02 12:00:00,26.930695,21.317413,1013.3837,-3.0256062,-1.7637329,0.33302474,71.397224,0.0
2023-01-02 18:00:00,25.768463,21.005005,1015.83624,-2.2645416,-3.751152,0.106585935,75.01514,0.0038146973
2023-01-03 00:00:00,25.24405,20.663239,1014.1525,-1.9908409,-3.4873934,0.26026362,75.778404,0.005435664
2023-01-03 06:00:00,27.181244,20.811432,1015.9919,-4.580923,-4.210058,0.31698465,68.20198,0.006009655
2023-01-03 12:00:00,26.787872,21.09665,1012.8088,-3.5511942,-4.2098722,0.12756932,71.030846,0.0
2023-01-03 18:00:00,25.687653,20.95691,1015.345,-4.1608305,-3.3643255,0.38539797,75.15304,0.030611409
2023-01-04 00:00:00,25.052155,20.640503,1013.8144,-2.535573,-3.099327,0.21438205,76.54213,0.009821728
2023-01-04 06:00:00,27.355682,20.381317,1014.96436,-4.955015,-3.5335712,0.9926027,65.742065,0.0
2023-01-04 12:00:00,27.143799,20.443054,1011.69,-3.8763046,-3.7334623,0.9996033,66.81801,0.0
2023-01-04 18:00:00,25.833527,20.54715,1014.09937,-3.6305084,-3.4316292,0.3440116,72.65004,0.0
2023-01-05 00:00:00,25.506378,20.15683,1012.5087,-3.1612778,-2.9237394,0.35291427,72.30997,0.00047683716
2023-01-05 06:00:00,26.657623,22.83554,1015.3425,-4.072832,-4.5028086,0.62658525,79.586655,0.2478562
2023-01-05 12:00:00,27.15274,21.852142,1012.56,-4.4847584,-5.200342,0.16870524,72.815544,0.0
2023-01-05 18:00:00,26.568634,21.248627,1014.83374,-4.4702435,-5.465743,0.12633198,72.62792,9.534415e-05
2023-01-06 00:00:00,26.2034,21.297028,1013.27435,-3.7168522,-5.4256268,0.93201894,74.43078,0.014971592
2023-01-06 06:00:00,27.321808,21.679413,1016.26624,-5.2143707,-6.14682,0.96051395,71.34048,0.011256307
2023-01-06 12:00:00,26.93982,21.535614,1013.3025,-3.9683514,-6.596586,0.9212009,72.31893,0.0
2023-01-06 18:00:00,26.475128,21.57254,1015.3044,-4.4141884,-6.1483135,0.63379043,74.492744,0.0
2023-01-07 00:00:00,25.850006,21.251007,1013.1994,-4.2393093,-6.0293036,0.3328293,75.78933,0.09012222
2023-01-07 06:00:00,27.533173,21.261719,1015.60565,-5.1683407,-6.5014133,0.3683226,68.68387,0.0
2023-01-07 12:00:00,26.860443,21.286041,1012.5719,-4.260483,-5.5685806,0.22962193,71.55494,0.0
2023-01-07 18:00:00,26.029388,21.443115,1015.08,-4.1995993,-4.6586742,0.24689966,75.87669,0.03366545
2023-01-08 00:00:00,24.496063,21.877228,1012.9394,-3.0362196,-4.877777,0.43783623,85.36119,0.31185523
2023-01-08 06:00:00,25.954376,22.26529,1015.1156,-3.4611807,-5.459401,0.26090252,80.137184,0.0
2023-01-08 12:00:00,26.003937,21.707306,1012.165,-4.3467493,-5.173585,0.129574,77.2292,0.0
2023-01-08 18:00:00,25.479523,20.598236,1014.6106,-4.3843536,-4.6436825,0.12013258,74.426094,0.0
2023-01-09 00:00:00,24.801422,19.878296,1013.9475,-3.251995,-5.11047,0.32638216,74.12132,0.0001906883
2023-01-09 06:00:00,26.484772,19.659454,1016.3744,-3.54031,-6.0473356,0.29743725,66.17114,0.0
2023-01-09 12:00:00,25.70755,19.134613,1013.9325,-3.0403748,-5.3941526,0.2448101,67.058464,0.0
2023-01-09 18:00:00,24.663849,18.732117,1015.8675,-3.2429838,-4.369849,0.7866612,69.5875,0.0
2023-01-10 00:00:00,24.24466,18.109833,1014.1975,-2.4474058,-4.965168,0.6798111,68.627075,0.0
2023-01-10 06:00:00,26.441376,18.989838,1015.95374,-3.7456703,-5.5360775,0.74819857,63.63312,0.009344891
2023-01-10 12:00:00,26.607635,18.956879,1012.54565,-2.8218098,-5.079816,0.2145284,62.883038,0.0
2023-01-10 18:00:00,25.426788,18.492767,1014.6887,-2.5198479,-4.9875555,0.6419015,65.50562,0.0
2023-01-11 00:00:00,24.462921,19.223602,1012.3844,-1.6346035,-4.4131603,0.7418897,72.6221,0.0139232725
2023-01-11 06:00:00,26.379486,20.068024,1014.32874,-2.8212261,-5.024637,0.3286708,68.290886,0.0
2023-01-11 12:00:00,26.1055,19.545746,1010.91876,-3.170473,-4.6476784,0.26455715,67.193695,0.0
2023-01-11 18:00:00,24.846344,19.055878,1013.1944,-2.4910908,-3.603013,0.2606659,70.238594,0.0
2023-01-12 00:00:00,24.048248,18.638885,1011.5075,-2.2647705,-3.6160908,0.29525757,71.7821,0.0
2023-01-12 06:00:00,26.699799,19.283356,1013.5031,-2.7667227,-4.439601,0.71930957,63.828312,9.533687e-05
2023-01-12 12:00:00,26.076813,19.4263,1010.21,-3.5884619,-2.8125076,0.25116104,66.80997,0.0
2023-01-12 18:00:00,24.199738,18.923523,1012.58185,-3.0398092,-2.0841007,0.3738429,72.408966,0.0
2023-01-13 00:00:00,23.56546,18.76062,1011.1219,-2.0487175,-2.9270182,0.69461334,74.46206,0.0
2023-01-13 06:00:00,26.473053,18.925323,1014.2631,-3.3895702,-2.5476112,0.98583436,63.259148,0.0
2023-01-13 12:00:00,26.070099,19.167816,1011.29126,-3.6569357,-2.0562077,0.26975292,65.76978,0.0
2023-01-13 18:00:00,23.906525,19.050629,1013.6025,-3.1244717,-2.0308514,0.46239102,74.281815,0.0
2023-01-14 00:00:00,23.657867,19.091736,1012.2469,-1.9708252,-2.6756706,0.7289228,75.59504,0.0
2023-01-14 06:00:00,25.712555,18.944427,1013.8812,-2.7811422,-3.618805,0.6607544,66.24814,0.0
2023-01-14 12:00:00,25.558624,18.904327,1010.59,-3.0597773,-2.108594,0.3646357,66.688896,0.0
2023-01-14 18:00:00,23.673492,19.306824,1012.8281,-3.0238647,-1.7057934,0.14571841,76.542595,0.0
2023-01-15 00:00:00,23.171051,19.523987,1010.9256,-2.1087475,-2.4009905,0.37168723,79.97103,0.0
2023-01-15 06:00:00,26.033966,19.599518,1013.15436,-3.1111355,-3.1610928,0.34189242,67.70436,0.0
2023-01-15 12:00:00,25.253937,18.924896,1010.23376,-3.2424831,-2.532014,0.062334426,67.99496,0.0
2023-01-15 18:00:00,23.299835,18.766052,1012.705,-2.9394798,-1.3482504,0.20310974,75.69055,0.0
2023-01-16 00:00:00,22.86026,18.480194,1010.8738,-1.4784136,-2.4399614,0.3044588,76.35219,0.0
2023-01-16 06:00:00,26.25827,19.374542,1013.9462,-2.954321,-3.2507658,0.9556758,65.88482,0.0
2023-01-16 12:00:00,25.526764,19.88028,1010.6669,-3.842229,-3.60703,0.000787735,70.99662,0.0
2023-01-16 18:00:00,23.863922,19.697723,1013.46686,-3.2230368,-2.1519794,0.20797004,77.53124,0.0
2023-01-17 00:00:00,23.215607,19.36972,1011.1163,-2.3474197,-2.0402908,0.47014767,78.99469,0.0001906883
2023-01-17 06:00:00,25.934723,19.49533,1015.03876,-2.8737516,-3.1094112,0.89779705,67.66383,0.0
2023-01-17 12:00:00,25.896942,19.111298,1012.09375,-3.880372,-1.8347807,0.96713454,66.213684,0.0
2023-01-17 18:00:00,24.004303,18.803192,1014.2075,-3.4290628,-2.5550966,0.988897,72.714905,0.0
2023-01-18 00:00:00,23.66397,18.943085,1012.51373,-2.4718895,-2.6511793,0.59025395,74.8698,0.0
2023-01-18 06:00:00,26.657501,19.22461,1016.20374,-4.8746214,-3.7914705,0.5373884,63.75387,0.0
2023-01-18 12:00:00,26.274323,18.992157,1012.79,-4.1972055,-3.259943,0.5923674,64.27293,0.0
2023-01-18 18:00:00,24.904083,18.551392,1015.8825,-4.4036074,-2.1690102,0.92520833,67.82516,0.0
2023-01-19 00:00:00,24.277252,18.309753,1013.51935,-2.5048122,-2.3041735,0.9417455,69.35795,0.00085833017
2023-01-19 06:00:00,26.695465,17.93753,1015.5681,-3.7824745,-3.869646,0.90093035,58.68849,0.0
2023-01-19 12:00:00,26.527008,18.10495,1012.47815,-3.8891249,-4.578888,0.24898076,59.900833,0.0
2023-01-19 18:00:00,25.626251,17.595123,1014.3894,-3.8536196,-4.202923,0.871892,61.183693,0.0
2023-01-20 00:00:00,24.896759,18.169067,1012.6181,-3.6460485,-2.8437443,0.5676203,66.247795,0.025844201
2023-01-20 06:00:00,27.185028,19.45932,1014.77936,-4.6035404,-3.2793446,0.50227326,62.716686,0.013351783
2023-01-20 12:00:00,26.983307,19.793732,1011.59125,-4.1133566,-3.69213,0.5868073,64.79525,0.0
2023-01-20 18:00:00,25.415192,19.468994,1014.03564,-3.344757,-3.3299274,0.22917163,69.6676,0.0
2023-01-21 00:00:00,24.76883,20.624725,1011.9,-2.0674105,-3.8804731,0.59587014,77.77133,0.0688564
2023-01-21 06:00:00,27.178741,21.22232,1013.8694,-3.5273314,-5.6056623,0.990039,69.955765,0.0
2023-01-21 12:00:00,26.628326,20.774628,1010.9219,-3.810584,-5.505294,1.0,70.295746,0.0
2023-01-21 18:00:00,25.881866,20.141815,1012.6894,-3.3983984,-4.7581034,0.9744315,70.65164,0.00028591603
2023-01-22 00:00:00,25.313385,21.111115,1011.4225,-4.3824253,-3.5535278,0.9889483,77.57382,0.0021932647
2023-01-22 06:00:00,26.85373,20.597748,1013.3775,-4.531312,-4.7400427,0.96436566,68.617775,0.0
2023-01-22 12:00:00,26.002777,21.022491,1010.885,-3.580059,-3.6449213,1.0,74.06074,0.0388138
2023-01-22 18:00:00,25.931793,20.998291,1011.8806,-3.3666544,-4.4033337,0.99404764,74.26209,0.0
2023-01-23 00:00:00,25.565582,21.622711,1009.8644,-3.2441502,-4.009322,0.94539124,78.8533,0.09049475
2023-01-23 06:00:00,26.688019,22.340118,1012.02313,-3.8379354,-4.0860453,0.83130527,77.09045,0.1280878
2023-01-23 12:00:00,26.229034,22.58374,1009.5575,-4.6964035,-4.366089,0.91254866,80.38713,0.0
2023-01-23 18:00:00,25.648895,22.7659,1011.6325,-4.5990133,-4.0056477,0.9734014,84.12078,0.0
2023-01-24 00:00:00,24.98944,22.526367,1010.3375,-3.829095,-3.05264,0.9322407,86.2235,0.0486345
2023-01-24 06:00:00,26.879425,22.091827,1013.26373,-4.7016363,-3.095049,0.5286772,75.083565,0.0
2023-01-24 12:00:00,26.400787,21.149384,1009.6881,-4.868675,-3.8898401,0.77542925,72.905075,0.0
2023-01-24 18:00:00,25.03061,20.820496,1012.15936,-4.934925,-3.3870554,0.6535282,77.49454,0.013160519
2023-01-25 00:00:00,24.435211,20.66748,1011.0731,-2.8043938,-3.242693,0.8727785,79.54775,0.0
2023-01-25 06:00:00,27.017853,20.402496,1012.76935,-4.384982,-4.1729193,0.9787132,67.14561,0.0007627532
2023-01-25 12:00:00,26.315826,20.443329,1010.3219,-4.686202,-3.5512943,0.0462522,70.156204,0.0
2023-01-25 18:00:00,24.796295,19.786835,1012.3856,-3.1267214,-2.2694511,0.45139945,73.724815,0.0
2023-01-26 00:00:00,24.529327,19.980133,1010.6694,-2.3771381,-3.4612675,0.76896024,75.813354,0.0018120045
2023-01-26 06:00:00,26.58786,19.609161,1013.0062,-4.174533,-3.572444,0.43502778,65.56526,0.0
2023-01-26 12:00:00,26.097198,19.936432,1010.2494,-4.153965,-2.9931068,0.0701517,68.87586,0.0
2023-01-26 18:00:00,24.991852,19.21344,1012.59686,-3.901083,-2.236146,0.9664667,70.31862,0.0
2023-01-27 00:00:00,24.633331,19.870789,1010.6875,-2.2454033,-2.629692,0.41994643,74.83464,0.0028607901
2023-01-27 06:00:00,26.603119,20.858612,1012.4875,-2.732112,-4.52382,0.82121783,70.76494,0.010872027
2023-01-27 12:00:00,26.481476,21.186432,1009.84436,-3.4889927,-4.738267,0.104323044,72.724045,0.0
2023-01-27 18:00:00,24.948273,19.792786,1011.7006,-3.607069,-2.8916817,0.2677931,73.086136,0.0
2023-01-28 00:00:00,24.10733,19.306244,1010.41125,-2.2102566,-2.9161816,0.34804624,74.56932,0.0
2023-01-28 06:00:00,26.503998,19.606354,1011.9231,-3.4747686,-5.4714947,0.5395103,65.87865,0.0
2023-01-28 12:00:00,26.667267,20.322906,1009.15436,-2.0797462,-4.933916,0.0390625,68.208405,0.0
2023-01-28 18:00:00,25.68277,20.171417,1010.46375,-1.4959269,-5.8786707,0.8524334,71.62139,0.0
2023-01-29 00:00:00,25.066437,20.540314,1008.4487,-1.4462919,-5.801238,0.9384645,76.006226,0.037097372
2023-01-29 06:00:00,26.101105,22.040375,1010.4175,-4.038889,-6.6108484,0.9999994,78.36357,0.08459883
2023-01-29 12:00:00,25.703644,22.75058,1008.1525,-4.357644,-4.2597685,0.859707,83.770164,0.011443019
2023-01-29 18:00:00,25.186737,22.819244,1010.985,-2.512866,-2.8860636,0.9825505,86.74359,0.0
2023-01-30 00:00:00,24.608063,22.707214,1009.4338,-0.9785509,-3.1680527,0.9510315,89.18319,0.29839575
2023-01-30 06:00:00,25.893402,23.40689,1011.66064,-2.957181,-4.6478167,0.91916966,86.18774,0.0
2023-01-30 12:00:00,26.518219,23.315674,1009.0706,-3.551715,-6.014821,1.0,82.60768,0.0
2023-01-30 18:00:00,25.976593,23.159546,1011.1931,-2.2176008,-6.3041058,1.0,84.49267,0.0
2023-01-31 00:00:00,25.582062,22.507965,1008.9075,-1.7424536,-6.5664625,1.0,83.14339,0.003909692
2023-01-31 06:00:00,25.98648,22.861603,1011.27374,-3.1798697,-7.5398016,1.0,82.93428,0.5070809
2023-01-31 12:00:00,26.131989,22.924713,1008.395,-3.0366726,-7.394781,1.0,82.53843,0.0
2023-01-31 18:00:00,25.620117,22.86612,1009.78314,-1.9787369,-7.2233095,1.0,84.77792,0.0
2023-02-01 00:00:00,25.578949,22.646149,1008.0656,-1.4457808,-6.403696,1.0,83.859375,0.05234778
2023-02-01 06:00:00,24.92752,23.309723,1010.38,-1.9035997,-6.711273,1.0,90.74698,1.3430947
2023-02-01 12:00:00,25.43283,23.413116,1008.1425,-2.1229267,-7.901287,1.0,88.60859,0.0
2023-02-01 18:00:00,25.001617,23.1622,1009.6731,-1.982461,-8.541841,0.9984312,89.54521,0.27019954
2023-02-02 00:00:00,25.070984,23.464752,1007.93,-4.2785797,-6.444866,1.0,90.81975,0.28239334
2023-02-02 06:00:00,25.480865,23.997406,1011.2644,-4.7778025,-5.5723104,0.9985167,91.51932,0.6888031
2023-02-02 12:00:00,25.107635,23.240997,1008.6756,-3.854022,-6.644,1.0,89.40594,0.0
2023-02-02 18:00:00,25.141937,23.112701,1011.51,-4.1651096,-6.6268463,0.9880583,88.53424,0.0
2023-02-03 00:00:00,24.876373,23.49997,1009.6275,-4.2773104,-3.6774416,0.97095585,92.07524,0.0
2023-02-03 06:00:00,26.462006,24.107086,1011.7825,-4.8133307,-2.504239,0.90431666,86.92622,0.11483058
2023-02-03 12:00:00,25.519012,23.812775,1009.1781,-4.0170975,-4.0429745,0.9929473,90.30434,0.54773015
2023-02-03 18:00:00,25.33786,23.052277,1011.7294,-4.136116,-4.626302,0.8472497,87.18866,0.0
2023-02-04 00:00:00,24.930084,23.191193,1009.34375,-2.9241362,-4.480995,0.99458337,90.085754,0.058823764
2023-02-04 06:00:00,26.327423,24.034943,1011.8475,-3.693861,-4.6487293,0.49317312,87.240585,1.0835586
2023-02-04 12:00:00,26.69107,22.238922,1008.76373,-3.4111032,-5.5053873,0.13615729,76.603455,0.0
2023-02-04 18:00:00,25.475922,22.093475,1011.4938,-3.3954277,-3.8452616,0.10535236,81.58552,0.0
2023-02-05 00:00:00,24.974518,21.80368,1009.15875,-1.6303387,-3.8597136,0.9161089,82.58418,0.0
2023-02-05 06:00:00,26.836945,21.655426,1011.6838,-3.0613031,-3.9267025,0.9892333,73.29282,0.0
2023-02-05 12:00:00,26.337067,21.216705,1009.6256,-3.2210798,-4.0360794,0.87107265,73.48268,0.0
2023-02-05 18:00:00,25.233795,21.365265,1011.46313,-2.8615494,-4.7178383,1.0,79.16648,0.0
2023-02-06 00:00:00,24.680084,20.860382,1010.53564,-2.6288328,-3.973279,0.20062917,79.32732,0.0
2023-02-06 06:00:00,26.622223,21.173492,1012.9194,-3.5008678,-2.756938,0.92681646,72.06603,0.0
2023-02-06 12:00:00,26.168243,21.590363,1009.025,-2.2955399,-3.5375233,1.0,75.93745,0.0
2023-02-06 18:00:00,24.623077,21.779144,1011.2994,-2.9047966,-2.152524,0.1684263,84.20926,0.0
2023-02-07 00:00:00,24.264069,21.032074,1010.46,-1.2756319,-2.2456903,0.24455607,82.19034,0.0
2023-02-07 06:00:00,26.841705,21.617706,1012.84875,-1.5184469,-3.6659184,0.442257,73.10351,0.0
2023-02-07 12:00:00,26.558868,21.859406,1008.9394,-3.6055603,-1.5431223,0.05618286,75.43683,0.0
2023-02-07 18:00:00,24.75473,22.219452,1011.01874,-3.5177193,-1.0391092,0.024093628,85.82299,0.0
2023-02-08 00:00:00,24.912994,21.989838,1010.20123,-2.39147,-2.2254982,0.9725337,83.83483,0.00066752546
2023-02-08 06:00:00,27.377167,21.780304,1012.7344,-2.3078527,-3.0338964,0.45953465,71.549194,0.0
2023-02-08 12:00:00,26.96878,22.31009,1009.2825,-3.034196,-1.9985123,0.9407057,75.68948,0.0
2023-02-08 18:00:00,24.961456,22.306793,1011.91187,-3.004713,-1.5359974,0.982535,85.22237,0.0
2023-02-09 00:00:00,24.745148,22.206085,1010.08875,-1.4123287,-2.2301073,0.81238616,85.80229,0.010109041
2023-02-09 06:00:00,26.811066,21.783234,1013.245,-1.8330917,-1.8026972,0.89736265,73.98003,0.0
2023-02-09 12:00:00,26.58487,21.809967,1010.52313,-2.8559456,-2.311058,0.9510876,75.094315,0.0
2023-02-09 18:00:00,24.845612,21.762726,1013.04315,-2.7719927,-2.5647573,0.9873204,83.01386,0.0
2023-02-10 00:00:00,24.499054,21.76242,1011.845,-2.0981846,-2.3057995,0.6366692,84.74969,0.0
2023-02-10 06:00:00,27.051422,21.667267,1014.4394,-2.1696024,-2.9299612,0.33879125,72.427246,0.0
2023-02-10 12:00:00,26.60379,21.12918,1010.9263,-3.0990763,-2.1089153,0.35948887,71.94842,0.0
2023-02-10 18:00:00,24.889557,20.953156,1013.4125,-3.9065332,-1.8459349,0.62593806,78.78934,0.0
2023-02-11 00:00:00,23.970856,20.208527,1011.82623,-3.037115,-1.6516314,0.99921286,79.510475,0.0
2023-02-11 06:00:00,26.24173,20.2742,1014.1863,-1.9636068,-2.6800728,0.99244976,69.73189,0.0
2023-02-11 12:00:00,26.335724,20.361359,1011.265,-2.2876253,-2.5485163,0.4849109,69.7202,0.0
2023-02-11 18:00:00,24.610992,19.941864,1013.8681,-3.2656422,-0.33571053,0.8018103,75.26535,0.0
2023-02-12 00:00:00,23.550446,19.564728,1012.15875,-1.8904133,-0.7614393,0.24206305,78.35861,0.0
2023-02-12 06:00:00,26.8096,20.273712,1014.46814,-1.8716984,-1.5195713,0.7885928,67.43418,0.0
2023-02-12 12:00:00,26.657745,20.294342,1011.08435,-3.0171394,-1.8401585,0.018852234,68.126366,0.0
2023-02-12 18:00:00,24.215485,19.882843,1013.0588,-3.4314766,-1.8508406,0.20188904,76.78798,0.0
2023-02-13 00:00:00,23.55484,20.083344,1012.26624,-2.5166788,-1.0241175,0.44415915,80.897385,0.0
2023-02-13 06:00:00,26.882355,20.366974,1014.2594,-2.407055,-1.4529066,0.1211853,67.534134,0.0
2023-02-13 12:00:00,26.54483,20.77652,1011.3594,-3.146308,-2.5766563,0.35775793,70.650665,0.0
2023-02-13 18:00:00,24.686188,20.942047,1013.85315,-3.4186668,-2.3878946,0.0,79.697586,0.0
2023-02-14 00:00:00,23.692413,20.417389,1012.5025,-2.3725176,-0.99118423,0.24835855,81.903015,0.0
2023-02-14 06:00:00,26.793365,20.617828,1014.78125,-2.074171,-1.0006323,0.20317781,68.94709,0.0
2023-02-14 12:00:00,26.465729,20.022125,1010.65125,-3.028967,0.010097504,0.0,67.75158,0.0
2023-02-14 18:00:00,24.409698,20.17221,1012.5056,-3.008586,-0.9906826,0.0,77.27111,0.0
2023-02-15 00:00:00,23.562408,19.915863,1010.40436,-0.8509579,-1.587944,0.010406494,80.02641,0.0
2023-02-15 06:00:00,26.981842,20.913239,1012.97437,-2.4082537,-1.9438066,0.1387291,69.43852,0.0
2023-02-15 12:00:00,26.756256,20.369415,1009.4856,-2.9718838,-2.6562996,0.0,68.04717,0.0
2023-02-15 18:00:00,24.8013,20.021515,1011.58563,-3.7004395,-1.494461,0.0,74.78224,0.0
2023-02-16 00:00:00,23.950348,19.579498,1010.3244,-2.3585339,-1.6664877,0.12452698,76.56546,0.0
2023-02-16 06:00:00,26.939972,20.298492,1013.41626,-3.8570395,-1.9180708,0.27346185,67.02176,0.0
2023-02-16 12:00:00,26.695587,20.057648,1010.3225,-4.1808243,-2.4548225,0.0043320656,66.98722,0.0
2023-02-16 18:00:00,24.772491,20.351929,1012.6312,-3.148384,-1.8862343,0.082099915,76.456955,0.0
2023-02-17 00:00:00,24.42569,20.294342,1011.8325,-2.4561596,-1.3572578,0.67583203,77.78202,0.024414621
2023-02-17 06:00:00,27.279327,19.53543,1013.96686,-3.2083101,-1.2186565,0.31774214,62.666553,0.0
2023-02-17 12:00:00,27.148712,19.994415,1010.65375,-2.9725323,-2.1041794,0.0,64.97192,0.0
2023-02-17 18:00:00,24.778473,20.157806,1013.09564,-3.13406,-1.5246592,0.0,75.51835,0.0
2023-02-18 00:00:00,24.732697,20.748932,1011.535,-1.9112129,-1.4786053,0.27056885,78.537865,0.0
2023-02-18 06:00:00,27.81009,21.584747,1013.84814,-2.318369,-2.2533255,0.18567175,68.93143,0.0041965395
2023-02-18 12:00:00,27.526276,22.549347,1010.2619,-3.8912811,-1.9627104,0.0,74.32841,0.0
2023-02-18 18:00:00,26.202423,22.78366,1013.5019,-4.1697407,-1.2476301,0.1368866,81.49603,0.0
2023-02-19 00:00:00,25.239777,22.260223,1011.7481,-3.5340967,-1.339819,0.18610823,83.5837,0.0
2023-02-19 06:00:00,27.888824,21.99173,1013.90936,-3.4427614,-2.2917366,0.20529777,70.34231,0.008869683
2023-02-19 12:00:00,27.441437,22.552399,1010.90314,-4.464966,-2.6053581,0.5149198,74.71227,0.0
2023-02-19 18:00:00,25.72995,22.319702,1013.185,-3.713256,-1.386199,0.0017757416,81.47924,0.0
2023-02-20 00:00:00,24.639069,21.530518,1011.03815,-2.7365484,-1.8903255,0.4521448,82.85965,0.0
2023-02-20 06:00:00,27.573761,22.138092,1014.2925,-2.5339832,-3.0465631,0.23761104,72.29115,0.0
2023-02-20 12:00:00,27.190338,21.915314,1011.1131,-4.0892677,-1.6589298,0.76989293,72.935776,0.0
2023-02-20 18:00:00,25.241669,21.366486,1013.4419,-3.9698172,0.1523695,0.06817627,79.13534,0.0
2023-02-21 00:00:00,24.105865,20.264252,1011.79565,-2.3075037,-1.6257019,0.09946671,79.140526,0.0
2023-02-21 06:00:00,27.596222,19.921417,1014.3144,-2.0502243,-2.4003897,0.14357078,63.0053,0.0
2023-02-21 12:00:00,27.32254,19.466583,1011.2031,-3.2595634,-2.2311077,0.004650116,62.24115,0.0
2023-02-21 18:00:00,25.154205,20.460724,1013.0569,-3.1677876,-1.249774,0.0,75.23961,0.0
2023-02-22 00:00:00,24.398834,20.770782,1011.54065,-2.364418,-1.9069176,0.0016727448,80.22988,0.0
2023-02-22 06:00:00,27.503082,20.218292,1013.3137,-3.7496424,-2.1376495,0.042850494,64.52404,0.0
2023-02-22 12:00:00,27.20047,18.96634,1010.95624,-3.9642105,-2.0917692,0.030830383,60.76522,0.0
2023-02-22 18:00:00,25.83255,18.287994,1013.1931,-3.585454,-1.3368177,0.016921997,63.13169,0.0
2023-02-23 00:00:00,24.934235,18.593567,1011.6231,-2.2603378,0.056563377,0.53306514,67.88221,0.0
2023-02-23 06:00:00,27.690094,20.216461,1013.40436,-3.0416489,-2.3351154,0.99049205,63.81495,0.009155832
2023-02-23 12:00:00,27.147003,22.470856,1010.60376,-3.6592617,-3.0070143,0.79038346,75.63727,0.0
2023-02-23 18:00:00,25.813873,22.231293,1012.58685,-3.7501163,-0.42147446,0.10972595,80.639854,0.001906883
2023-02-24 00:00:00,25.08731,20.541962,1011.46375,-3.3643827,-0.17896271,0.1856125,75.91943,0.0
2023-02-24 06:00:00,27.964264,19.882477,1014.59186,-3.208477,-1.5326109,0.12812805,61.516834,0.0
2023-02-24 12:00:00,27.74002,19.877106,1011.1912,-3.5835943,-0.7039757,0.0,62.30663,0.0
2023-02-24 18:00:00,25.332916,20.42398,1014.5756,-3.2263393,-0.38416672,0.0,74.27503,0.0
2023-02-25 00:00:00,24.608429,20.784332,1013.4437,-2.5013132,-1.895318,0.11920166,79.295944,0.0
2023-02-25 06:00:00,27.536163,20.971588,1015.24,-2.0060215,-2.2459593,0.089336395,67.45958,0.0
2023-02-25 12:00:00,27.055206,20.661285,1012.60187,-3.612667,-2.4798498,0.0009880066,68.076164,0.0
2023-02-25 18:00:00,25.049408,20.042267,1015.5012,-2.9569092,-2.3867788,0.0,73.778244,0.0
2023-02-26 00:00:00,24.441193,19.604156,1014.7625,-3.5018082,-2.8911514,0.12238312,74.458046,0.0
2023-02-26 06:00:00,27.494415,20.371124,1016.3525,-4.2887363,-3.1241589,0.3047576,65.16912,0.0
2023-02-26 12:00:00,27.226837,20.38211,1014.07623,-5.085638,-3.222292,0.24274445,66.2437,0.0
2023-02-26 18:00:00,25.591217,19.86737,1016.3756,-2.7742033,-2.4187975,0.16011047,70.66891,0.0
2023-02-27 00:00:00,25.44754,19.372467,1015.3013,-0.88621235,-3.144432,0.46301734,69.11766,0.0
2023-02-27 06:00:00,28.01358,20.828033,1016.71436,-1.7698526,-4.8135147,0.078677654,65.02796,0.0
2023-02-27 12:00:00,27.643585,22.044464,1013.31,-3.3078861,-4.6167116,0.0043563843,71.58698,0.001048902
2023-02-27 18:00:00,26.630157,22.537994,1014.9625,-3.933814,-4.2565174,0.17726898,78.28948,0.002575107
2023-02-28 00:00:00,26.523956,22.605988,1013.8375,-3.7036629,-4.007085,0.86684626,79.10687,0.011448516
2023-02-28 06:00:00,27.199493,23.220917,1016.6956,-4.9765816,-4.3598366,0.41231817,78.91074,0.25891677
2023-02-28 12:00:00,27.5419,22.969147,1013.28,-4.988495,-4.1465874,0.27160162,76.17491,0.0
2023-02-28 18:00:00,26.500214,23.65274,1015.5588,-3.9291105,-3.0342388,0.34043592,84.39344,0.15384704
2023-03-01 00:00:00,26.133667,23.468597,1013.5625,-3.4518652,-3.0225887,0.5226236,85.287926,0.0
2023-03-01 06:00:00,28.390045,22.818878,1016.4263,-4.9500065,-4.4331055,0.15131766,71.841545,0.0
2023-03-01 12:00:00,27.75418,22.586578,1012.9906,-4.773675,-4.2329626,0.42166376,73.51058,0.0
2023-03-01 18:00:00,26.583466,22.599213,1016.29877,-4.9372396,-3.0958538,0.24221118,78.79751,0.0
2023-03-02 00:00:00,25.51889,22.407745,1014.3088,-2.64334,-3.863329,0.7682282,82.94913,0.013637589
2023-03-02 06:00:00,27.905914,21.443634,1017.0425,-3.591835,-3.9022636,0.9358218,67.95749,0.0
2023-03-02 12:00:00,27.74649,19.72403,1013.58435,-3.8834267,-3.3181095,0.5129014,61.69474,0.0
2023-03-02 18:00:00,26.179352,19.38736,1016.4125,-3.4126978,-3.0892944,0.23309845,66.24553,0.0
2023-03-03 00:00:00,25.446808,19.749176,1015.22125,-2.490859,-3.8821173,0.36635834,70.75717,0.0
2023-03-03 06:00:00,27.896027,20.7471,1017.67377,-3.9277925,-2.9985647,0.1758486,65.15006,0.0
2023-03-03 12:00:00,27.602325,20.385406,1014.02625,-4.1080008,-3.6273184,0.058215197,64.81611,0.0
2023-03-03 18:00:00,26.021637,21.065216,1016.2381,-4.217655,-3.0800333,0.46074194,74.17252,0.0
2023-03-04 00:00:00,25.938385,21.33142,1015.21936,-3.1286287,-3.672596,0.230459,75.766266,0.0
2023-03-04 06:00:00,28.572662,21.62149,1017.03186,-3.310152,-3.5373964,0.09106841,66.08599,0.0
2023-03-04 12:00:00,27.85904,22.428986,1013.6944,-3.5944977,-3.9590092,0.030494742,72.365746,0.0
2023-03-04 18:00:00,26.665253,23.184967,1016.1831,-3.2346087,-2.953024,0.69697016,81.25103,0.0
2023-03-05 00:00:00,26.110199,23.015167,1014.54315,-2.365962,-2.8045626,0.692444,83.0986,0.0
2023-03-05 06:00:00,28.390045,22.48587,1016.41187,-3.7102852,-3.5693817,0.2917784,70.404396,0.0
2023-03-05 12:00:00,27.866974,22.191925,1013.04315,-3.892375,-3.6624422,0.89208233,71.296555,0.0
2023-03-05 18:00:00,26.114777,22.604462,1015.34125,-3.5019789,-3.1738052,0.9517968,81.03369,0.0
2023-03-06 00:00:00,25.717072,22.453217,1013.49,-3.7398157,-2.696415,0.32190943,82.206116,0.0015258556
2023-03-06 06:00:00,27.894928,21.243439,1015.65686,-3.3878393,-1.9532957,0.20339441,67.17189,0.0
2023-03-06 12:00:00,27.660309,21.193146,1011.54626,-3.7294788,-3.046091,0.0014891624,67.88893,0.0
2023-03-06 18:00:00,26.08139,22.184967,1013.96564,-4.1276484,-1.6471176,0.14136505,79.149185,0.0
2023-03-07 00:00:00,25.997711,22.059296,1012.1806,-3.1748285,-1.8864946,0.40477002,78.93533,0.000762986
2023-03-07 06:00:00,28.366364,21.94754,1014.7019,-3.146803,-2.688714,0.1569205,68.22827,0.0
2023-03-07 12:00:00,27.88321,23.076813,1011.8119,-4.6957684,-3.4042053,0.06719281,75.158806,0.0
2023-03-07 18:00:00,26.771393,22.980286,1013.78564,-4.752261,-3.0078888,0.18848589,79.751495,0.0049592927
2023-03-08 00:00:00,26.141998,22.516144,1012.3113,-3.777526,-3.4800158,0.32536125,80.470665,0.061894767
2023-03-08 06:00:00,27.856598,22.72696,1014.65436,-4.8905087,-4.0306826,0.550427,73.697365,0.20114619
2023-03-08 12:00:00,27.865265,22.63028,1011.485,-4.6975565,-3.66679,0.08631067,73.22931,0.0
2023-03-08 18:00:00,26.609467,22.854523,1013.14935,-4.457466,-2.7803106,0.081451416,79.904564,0.00019092113
2023-03-09 00:00:00,26.035492,22.689606,1011.17126,-3.0948553,-3.157938,0.22109288,81.83632,0.008678064
2023-03-09 06:00:00,28.156036,22.338776,1013.805,-4.3696136,-4.1889954,0.11660023,70.734344,0.0
2023-03-09 12:00:00,28.022736,22.54898,1010.76373,-3.9729004,-4.7194176,0.07292889,72.20248,0.0
2023-03-09 18:00:00,26.464935,23.222443,1013.355,-4.320339,-3.3546534,0.1934275,82.40228,0.0
2023-03-10 00:00:00,26.007416,22.483154,1011.21564,-1.9954338,-3.0298643,0.6967822,80.951385,0.01001358
2023-03-10 06:00:00,28.123444,22.431793,1013.15,-3.63241,-2.339116,0.926937,71.27072,0.0050542876
2023-03-10 12:00:00,27.50882,23.090973,1010.1281,-3.8296204,-3.9085503,0.97381836,76.88719,0.0
2023-03-10 18:00:00,26.930695,22.951141,1012.51,-4.1783924,-2.733036,0.92638195,78.868576,0.00028591603
2023-03-11 00:00:00,26.023346,22.887787,1011.0563,-2.4877834,-2.7103233,0.7209355,82.884926,0.09612832
2023-03-11 06:00:00,28.009308,22.87796,1013.42126,-3.8607483,-3.297102,0.38610345,73.71531,0.020121723
2023-03-11 12:00:00,28.036041,22.884674,1010.2875,-4.848504,-3.7615442,0.26721358,73.630455,0.0
2023-03-11 18:00:00,26.746185,22.697052,1012.8237,-4.7362766,-2.374363,0.11000949,78.5108,0.0
2023-03-12 00:00:00,26.052887,22.377625,1011.1044,-2.2264957,-2.6241446,0.25035655,80.217705,0.010012649
2023-03-12 06:00:00,28.74466,22.532684,1013.0975,-4.6478624,-3.8686733,0.25376773,69.16593,0.008297153
2023-03-12 12:00:00,28.332672,23.159454,1009.7056,-4.75399,-3.5537262,0.087127395,73.58296,0.0
2023-03-12 18:00:00,27.154755,23.027313,1012.53625,-4.07452,-2.546094,0.1695743,78.19735,0.0
2023-03-13 00:00:00,26.37677,23.391388,1010.1406,-2.500966,-3.3307705,0.20296848,83.6813,0.0024791807
2023-03-13 06:00:00,28.616241,23.036285,1012.0775,-3.7101126,-3.345768,0.14350085,71.843285,0.0
2023-03-13 12:00:00,28.458038,22.729523,1008.8025,-3.6515656,-3.2340717,0.010504397,71.17157,0.0
2023-03-13 18:00:00,26.538239,23.635529,1010.65875,-3.2809114,-2.8108187,0.010755539,84.11724,0.0
2023-03-14 00:00:00,26.412323,23.82071,1009.4506,-2.9158583,-2.0778828,0.37979525,85.69404,0.00047683716
2023-03-14 06:00:00,28.42215,22.78543,1010.6025,-3.3129997,-1.4650383,0.18705672,71.56235,0.0
2023-03-14 12:00:00,27.935944,23.067413,1007.09125,-4.492796,-0.32997787,0.22276807,74.885315,0.0
2023-03-14 18:00:00,26.36734,23.092926,1009.6875,-3.824586,0.99526656,0.22557284,82.23176,0.0
2023-03-15 00:00:00,26.13144,22.315155,1007.90125,-1.5285931,0.39823055,0.43180084,79.5431,0.0
2023-03-15 06:00:00,28.780792,23.321991,1010.2681,-2.8112984,1.9504423,0.49052584,72.400246,0.016212929
2023-03-15 12:00:00,28.570587,24.563324,1006.78,-4.0089912,1.7096274,0.29627293,78.96498,0.0
2023-03-15 18:00:00,27.253174,23.86554,1010.4825,-3.8696957,1.5010769,0.4550864,81.779335,0.00018719584
2023-03-16 00:00:00,26.806427,23.839508,1008.7587,-3.059595,2.753684,0.2494753,83.82205,0.005531125
2023-03-16 06:00:00,29.103668,24.031708,1011.385,-3.710804,1.5434437,0.2760511,74.16179,0.20229298
2023-03-16 12:00:00,29.054474,24.253265,1007.83435,-4.506049,1.4828598,0.1822474,75.368515,0.0
2023-03-16 18:00:00,27.421387,24.003418,1011.1869,-3.5073566,2.3744366,0.17249656,81.651024,0.0
2023-03-17 00:00:00,26.864532,24.23706,1009.7594,-2.0948896,2.336971,0.21403301,85.55444,0.01363773
2023-03-17 06:00:00,29.13504,23.689362,1011.27435,-2.8298082,0.8685113,0.12268616,72.51901,0.0
2023-03-17 12:00:00,28.76358,24.220978,1007.6475,-5.3151684,-0.5052347,0.1997913,76.50088,0.0
2023-03-17 18:00:00,27.506348,24.400421,1010.165,-4.855789,-0.2265979,0.25019413,83.20373,0.040435232
2023-03-18 00:00:00,27.106537,24.14978,1009.2275,-2.9887104,0.53131104,0.36182743,83.906265,0.05245571
2023-03-18 06:00:00,29.061066,24.14621,1011.1044,-2.854803,1.1767557,0.43151563,74.85755,0.054736517
2023-03-18 12:00:00,28.84842,24.516235,1006.4344,-3.344264,2.7174625,0.40438843,77.48403,0.0
2023-03-18 18:00:00,27.53952,24.376953,1009.66565,-2.039918,3.9500313,0.24052225,82.92576,0.0
2023-03-19 00:00:00,26.67221,24.028687,1007.8738,1.2602265,3.7414694,0.6026608,85.4529,0.021830201
2023-03-19 06:00:00,29.546906,23.413055,1009.8794,-0.3875637,2.4052057,0.42615187,69.6453,0.04033695
2023-03-19 12:00:00,28.886139,24.845795,1005.1375,-3.0731792,3.2943602,0.6745083,78.85275,0.05218436
2023-03-19 18:00:00,25.917023,23.82898,1009.6344,-0.08007717,2.1864662,0.7970979,88.28382,0.7892115
2023-03-20 00:00:00,24.819489,23.00119,1007.925,1.6987448,1.3551731,1.0000002,89.64624,0.4823954
2023-03-20 06:00:00,29.290558,23.6138,1009.77313,-0.95996666,4.196381,0.8628281,71.54383,0.0
2023-03-20 12:00:00,28.646393,24.31601,1005.84375,-1.687665,4.477006,0.6797407,77.46273,0.0
2023-03-20 18:00:00,27.787506,24.51297,1008.7569,1.3263209,4.8283567,0.8810895,82.40063,0.014876947
2023-03-21 00:00:00,27.07016,24.693146,1006.7581,0.17703533,2.9790945,0.9549589,86.8665,0.020595267
2023-03-21 06:00:00,29.52359,25.232819,1008.7825,-1.9380302,2.5367389,0.98822093,77.77416,0.0
2023-03-21 12:00:00,29.669342,25.206512,1005.9981,-3.150259,3.0004601,0.81829405,77.00297,0.0
2023-03-21 18:00:00,28.348724,25.248962,1009.3781,-2.8939228,5.3140574,0.54890496,83.329765,0.0
2023-03-22 00:00:00,27.14267,24.302307,1007.97314,1.4087601,2.0257206,0.761962,84.49789,0.22753654
2023-03-22 06:00:00,29.69986,24.724884,1009.85065,-0.91189504,0.76414853,0.6691557,74.69127,0.0
2023-03-22 12:00:00,29.380402,25.397552,1005.51624,-3.4421406,2.5087118,0.30395663,79.19147,0.0
2023-03-22 18:00:00,28.253052,25.566559,1008.79565,-3.0028276,4.2050266,0.8292204,85.3918,0.0
2023-03-23 00:00:00,27.881775,25.029999,1007.65,-0.49163532,3.8047128,0.9553511,84.51832,0.08304417
2023-03-23 06:00:00,29.119171,25.201447,1010.4025,-2.2169275,3.2348194,0.94466364,79.46329,0.07230921
2023-03-23 12:00:00,29.51297,24.969055,1006.2625,-3.224846,3.4383478,0.96721816,76.60846,0.0
2023-03-23 18:00:00,27.771423,25.228058,1010.2025,-0.52192307,4.385435,0.9048068,86.07411,0.0
2023-03-24 00:00:00,27.35553,24.72116,1007.4856,1.0661228,3.777636,0.6510844,85.56784,0.05922094
2023-03-24 06:00:00,30.356964,24.386444,1010.1156,0.17961115,3.0884485,0.30915105,70.48282,0.0
2023-03-24 12:00:00,29.36319,25.355133,1006.9288,-2.6741858,3.7089689,0.99187684,79.070496,0.0
2023-03-24 18:00:00,28.193207,25.317719,1010.8719,-2.2455654,4.0840626,0.9388087,84.43199,0.0014305115
2023-03-25 00:00:00,27.523163,24.692535,1009.755,-0.37701035,4.499443,0.9570143,84.58729,0.0058161095
2023-03-25 06:00:00,29.733429,24.549347,1011.9969,-0.50086886,1.7560272,0.9330573,73.76882,0.026135705
2023-03-25 12:00:00,29.457916,24.747284,1007.645,-3.214898,2.9009166,0.27024823,75.84154,0.0
2023-03-25 18:00:00,28.170807,24.882812,1010.355,-2.7301817,2.2330227,0.9999988,82.3798,0.0
2023-03-26 00:00:00,27.622955,24.854187,1008.91876,-1.8952074,2.9546323,0.9481526,84.9108,0.008107163
2023-03-26 06:00:00,29.632965,24.600739,1011.175,-1.4032106,3.3440132,0.95311254,74.425285,0.060090303
2023-03-26 12:00:00,29.504913,24.674103,1006.8044,-2.5437984,3.199521,0.9918701,75.30621,0.0
2023-03-26 18:00:00,27.860748,24.977081,1009.5781,-2.146614,2.922678,0.9594018,84.355576,0.0
2023-03-27 00:00:00,27.56845,24.722992,1008.4988,1.7535453,1.9344281,0.29222807,84.517136,0.06637536
2023-03-27 06:00:00,30.441803,24.641937,1010.28876,-0.99129295,1.6443906,0.8934766,71.221664,0.0
2023-03-27 12:00:00,29.465485,25.807404,1006.4363,-3.9088593,2.8149877,0.4351598,80.74418,0.0
2023-03-27 18:00:00,28.345734,25.401886,1008.3206,-3.7040243,2.962131,0.09436363,84.10577,0.0
2023-03-28 00:00:00,28.047028,24.90451,1008.02313,-0.24456024,2.5981092,0.57291996,83.083534,0.0017136335
2023-03-28 06:00:00,30.034454,25.388763,1010.35376,-1.5964022,3.4589014,0.26513577,76.22462,0.012971461
2023-03-28 12:00:00,29.693268,25.25882,1007.1931,-4.7835293,2.6466978,0.3047778,77.136696,0.0
2023-03-28 18:00:00,27.843964,24.637665,1010.7394,-2.98804,2.5586658,0.874908,82.74426,0.0
2023-03-29 00:00:00,27.27182,24.080963,1009.63,-1.6672258,2.5865564,0.8534117,82.75415,0.0
2023-03-29 06:00:00,29.600616,24.291168,1011.6169,-3.1169624,2.6102047,0.9543112,73.194916,0.045303255
2023-03-29 12:00:00,29.478668,23.750336,1007.8169,-4.087661,1.3924342,0.00089263916,71.35548,0.0
2023-03-29 18:00:00,27.540894,23.387695,1010.39874,-3.0157967,2.1211133,0.0,78.13112,0.0
2023-03-30 00:00:00,26.834564,23.225159,1009.6425,-2.4611254,2.632955,0.19154209,80.64106,0.0
2023-03-30 06:00:00,29.612091,23.061707,1010.8725,-1.9606781,1.4388635,0.34558412,67.92691,0.0
2023-03-30 12:00:00,29.046295,23.146637,1006.86,-4.417197,2.2171302,0.15778351,70.54411,0.0
2023-03-30 18:00:00,27.637726,22.746643,1009.8787,-3.016199,2.8485317,0.07544131,74.734886,0.0
2023-03-31 00:00:00,27.127777,23.328766,1008.34314,1.1767073,3.2346034,0.26943952,79.76134,0.0
2023-03-31 06:00:00,30.319244,23.758026,1010.01685,-1.7436781,2.8410873,0.70241344,68.020065,0.00085821375
2023-03-31 12:00:00,29.555084,25.121979,1006.02563,-4.847102,2.3542767,0.06415558,77.12238,0.0
2023-03-31 18:00:00,28.48526,24.921997,1008.4775,-4.108326,3.521417,0.03729248,81.07599,0.0
2023-04-01 00:00:00,28.325195,24.73117,1008.45935,-1.5972958,4.4912224,0.14282212,80.90695,0.032901764
2023-04-01 06:00:00,30.485748,24.195099,1010.14374,-1.6746626,5.238741,0.09381265,69.166954,0.0
2023-04-01 12:00:00,29.844513,24.944489,1006.0769,-3.8813362,3.126811,0.06677246,75.04946,0.0
2023-04-01 18:00:00,28.467072,25.165497,1009.5006,-2.0424757,3.9001074,0.20311964,82.34821,0.0
2023-04-02 00:00:00,27.50824,25.223083,1008.2475,1.392499,4.7909927,0.32501125,87.382904,0.15849993
2023-04-02 06:00:00,30.161774,24.813324,1010.21814,0.19554788,4.731927,0.15913506,73.11919,0.0
2023-04-02 12:00:00,30.128815,24.87674,1005.54565,-2.466999,4.0622373,0.34573975,73.53547,0.0
2023-04-02 18:00:00,29.008759,25.123077,1009.08124,-2.1663723,5.031081,0.44479263,79.60017,0.0
2023-04-03 00:00:00,28.369476,24.558136,1007.08813,0.7141049,4.641206,0.21370381,79.868416,0.0312794
2023-04-03 06:00:00,30.567657,24.904083,1009.8837,-1.0019798,4.0245476,0.43548113,71.82616,0.0
2023-04-03 12:00:00,29.651031,25.089996,1006.2675,-2.6712627,3.375968,0.3022822,76.55118,0.0
2023-04-03 18:00:00,28.51709,24.746582,1009.5556,-2.0536728,3.898838,0.19107568,80.08319,0.0
2023-04-04 00:00:00,27.172394,24.930023,1008.20685,1.3085108,4.96047,0.4001764,87.576744,0.1248382
2023-04-04 06:00:00,30.444366,24.150604,1011.23065,0.09907584,3.663638,0.1428284,69.146225,0.0
2023-04-04 12:00:00,29.743073,25.08017,1007.4981,-0.4531479,4.742587,0.23550376,76.10192,0.0
2023-04-04 18:00:00,28.31128,25.075989,1010.62,0.107149124,4.347412,0.3778075,82.65565,0.0011445954
2023-04-05 00:00:00,27.522797,25.023987,1007.8862,0.09652954,3.0559196,0.2799744,86.27918,0.0020979205
2023-04-05 06:00:00,30.29544,24.524994,1010.4925,-2.5497646,3.7307425,0.17743796,71.32094,0.008775271
2023-04-05 12:00:00,29.961456,24.407623,1006.84564,-2.9214592,3.6068,0.07736215,72.19252,0.0
2023-04-05 18:00:00,28.64267,24.650787,1010.16815,-2.8192053,3.0117006,0.2143117,79.0476,0.0
2023-04-06 00:00:00,27.919952,24.71759,1008.71124,-0.78570557,4.090938,0.31268656,82.7726,0.032614917
2023-04-06 06:00:00,30.618073,24.443878,1010.53937,-1.1350107,2.9535713,0.05745549,69.67622,0.0
2023-04-06 12:00:00,29.998688,25.294098,1006.96625,-4.0069885,2.9223928,0.002380371,75.95261,0.0
2023-04-06 18:00:00,28.528137,24.944305,1010.5069,-3.7976456,2.2747796,0.05353546,80.98195,0.0
2023-04-07 00:00:00,27.71817,24.478516,1009.7525,-2.4154034,2.5967512,0.20692247,82.564644,0.00047683716
2023-04-07 06:00:00,30.57779,23.693146,1012.14685,-3.8935146,1.9032049,0.20051938,66.7591,0.00085821375
2023-04-07 12:00:00,30.065704,23.725128,1009.15875,-4.2478952,0.6373081,0.012397766,68.88032,0.0
2023-04-07 18:00:00,28.37143,23.652802,1011.8544,-3.9251976,-1.2002802,0.014282227,75.63557,0.0
2023-04-08 00:00:00,27.931366,23.668182,1011.39374,-4.1685,-0.36408806,0.2222454,77.67117,0.0
2023-04-08 06:00:00,30.328278,23.137543,1013.5556,-4.766679,-0.19660592,0.13430649,65.48743,0.0001906883
2023-04-08 12:00:00,29.85733,23.835968,1011.39374,-3.8024206,-1.6303053,0.69780415,70.17666,0.0
2023-04-08 18:00:00,28.301239,23.650238,1013.5538,-3.2782354,-0.84990215,0.9597826,75.93326,0.0001906883
2023-04-09 00:00:00,27.871307,23.641998,1011.8144,-2.975564,-1.2480574,0.22250602,77.821045,0.019836472
2023-04-09 06:00:00,29.941315,23.763824,1014.09937,-4.2320175,-2.4686728,0.41547918,69.53611,0.051120296
2023-04-09 12:00:00,29.801788,23.934845,1010.46063,-4.8097153,-1.4677696,0.083796464,70.821014,0.0
2023-04-09 18:00:00,28.591766,23.742828,1012.3756,-4.1028757,-0.47081947,0.30539972,75.07927,0.0
2023-04-10 00:00:00,27.88443,23.7818,1010.16876,-2.4463425,-0.9803667,0.28161883,78.41867,0.02117129
2023-04-10 06:00:00,30.534576,24.193817,1012.71686,-4.2619696,-0.35134846,0.16810885,68.96858,0.0
2023-04-10 12:00:00,30.190704,24.768646,1009.21124,-4.8488464,-1.1333847,0.22249486,72.80343,0.0
2023-04-10 18:00:00,28.502167,24.854004,1011.4825,-3.7269125,-0.67084694,0.21179962,80.66844,0.0
2023-04-11 00:00:00,27.67035,24.525085,1010.1094,-2.5078878,-0.75626945,0.2832172,83.02677,0.012016855
2023-04-11 06:00:00,30.350739,24.052948,1012.4725,-3.0593386,-0.6504841,0.050273184,69.11183,0.0
2023-04-11 12:00:00,30.18509,24.245148,1009.3475,-4.134403,-1.069727,0.0,70.58078,0.0
2023-04-11 18:00:00,28.240723,24.757355,1011.84064,-3.6081047,0.3073514,0.0,81.4329,0.0
2023-04-12 00:00:00,27.624542,24.287811,1009.7481,-1.4468126,1.0996735,0.13746643,82.07483,0.0
2023-04-12 06:00:00,30.690094,24.111725,1012.1306,-2.339342,0.44644624,0.08507712,68.02192,0.0
2023-04-12 12:00:00,30.46109,23.560577,1008.45435,-4.3121367,0.2515154,0.22737885,66.67199,0.0
2023-04-12 18:00:00,27.826202,24.265656,1010.8225,-2.55134,1.3645152,0.0,81.00578,0.0
2023-04-13 00:00:00,27.156952,24.260895,1009.63873,-0.27184486,1.3062311,0.20413208,84.217766,0.0
2023-04-13 06:00:00,30.478546,24.064728,1011.27814,-1.6368408,1.5733011,0.098041534,68.65624,0.0
2023-04-13 12:00:00,30.246246,24.406158,1007.7556,-3.5543766,2.3280413,0.0,71.01546,0.0
2023-04-13 18:00:00,28.22934,24.585968,1010.40814,-2.446804,1.7957673,0.030317307,80.656425,0.0
2023-04-14 00:00:00,27.309967,24.607208,1009.9919,-0.7456598,2.7743096,0.41251576,85.21422,0.0
2023-04-14 06:00:00,31.12088,24.154083,1011.2125,-1.5650063,2.6820247,0.08751815,66.538635,0.0
2023-04-14 12:00:00,30.680817,23.694977,1006.9531,-1.674984,3.389449,0.21856134,66.37418,0.0
2023-04-14 18:00:00,28.544708,24.295074,1009.47186,-1.398776,3.0801358,0.9617737,77.823654,0.0
2023-04-15 00:00:00,28.068573,25.624786,1009.27185,0.9305153,3.210444,0.9734556,86.61307,0.0016209669
2023-04-15 06:00:00,31.884552,24.779816,1010.5175,-1.117013,3.0623817,0.9481447,66.14431,0.0
2023-04-15 12:00:00,30.52127,25.623444,1006.8375,-1.9001083,3.177775,0.9986151,75.16676,0.0
2023-04-15 18:00:00,28.734344,26.066986,1008.84314,-1.8552151,3.3214765,0.06703283,85.536545,0.0
2023-04-16 00:00:00,28.095734,25.758087,1007.90314,0.5281048,3.5472782,0.37992102,87.16255,0.0022887252
2023-04-16 06:00:00,31.64151,24.232819,1009.70685,-0.838048,3.4880428,0.08699061,64.90281,0.0
2023-04-16 12:00:00,30.872467,24.787994,1005.9306,-2.0636091,3.8452313,0.0,70.098206,0.0
2023-04-16 18:00:00,28.718231,24.785187,1008.22125,-1.4646683,4.0614014,0.010008525,79.33637,0.0
2023-04-17 00:00:00,28.03769,25.238922,1007.4988,1.8555186,3.074377,0.40590465,84.80194,0.018310733
2023-04-17 06:00:00,31.206207,24.547882,1009.4275,-1.6374502,2.4070792,0.024665833,67.79679,0.0
2023-04-17 12:00:00,30.64029,25.379547,1006.9456,-2.7158737,3.560058,0.086358465,73.582855,0.0
2023-04-17 18:00:00,28.822052,25.502472,1009.4219,-2.628746,2.7304983,0.0,82.30216,0.0
2023-04-18 00:00:00,28.55838,25.788422,1008.3688,-0.76649857,3.2567532,0.33132964,85.00082,0.0042915344
2023-04-18 06:00:00,31.295929,25.291168,1010.92126,-2.0375843,3.2175083,0.026127456,70.50963,0.0
2023-04-18 12:00:00,30.790924,25.69754,1007.08624,-2.7493238,3.0492227,0.31191927,74.34269,0.0
2023-04-18 18:00:00,28.799957,25.262115,1009.1819,-3.1478872,1.6647809,0.009487152,81.23841,0.0
2023-04-19 00:00:00,28.464691,25.21521,1007.7081,-0.58637714,2.9552665,0.34371966,82.60377,0.0
2023-04-19 06:00:00,31.468658,24.612823,1008.73065,-1.6577501,3.0604744,0.022071935,67.051796,0.0
2023-04-19 12:00:00,30.983307,26.873566,1004.2425,-1.7252312,4.4641895,0.0,78.81887,0.0
2023-04-19 18:00:00,29.902954,26.619171,1006.6138,-0.09031582,5.221072,0.0077323914,82.60376,0.0
2023-04-20 00:00:00,29.208588,26.544403,1005.2463,2.521167,3.8760624,0.37101746,85.59931,0.01106225
2023-04-20 06:00:00,32.830963,24.290436,1006.8894,0.70196927,4.786972,0.0061206818,60.892296,0.0
2023-04-20 12:00:00,31.398834,26.363678,1002.3425,-0.5648804,6.4693785,0.0597229,74.69753,0.0
2023-04-20 18:00:00,29.654846,26.591583,1005.21185,0.7045214,6.5038414,0.045339584,83.65564,0.0
2023-04-21 00:00:00,29.394165,26.245636,1004.41376,2.251093,5.7109556,0.1649475,83.206894,0.030995347
2023-04-21 06:00:00,32.698273,25.336517,1006.58875,0.61838865,5.595201,0.011219025,65.30285,0.0
2023-04-21 12:00:00,31.160553,26.643219,1003.0087,0.27636433,5.8524227,0.13371302,76.97589,0.0
2023-04-21 18:00:00,29.687286,25.948883,1005.98315,0.55410385,6.277625,0.06991072,80.38939,0.0
2023-04-22 00:00:00,29.325714,26.254913,1004.72815,1.0947125,4.5100384,0.18056405,83.58213,0.010680407
2023-04-22 06:00:00,31.723663,25.851227,1007.38873,-1.3184109,3.888588,0.18537807,71.143005,0.012783334
2023-04-22 12:00:00,30.932037,25.915558,1003.1256,-3.0702572,4.790815,0.12074272,74.70514,0.0
2023-04-22 18:00:00,29.86325,26.318207,1005.9294,0.74529415,5.0591774,0.56190455,81.33607,0.0009536743
2023-04-23 00:00:00,29.015503,25.871674,1005.5625,0.8267507,4.3322206,0.33252043,83.187195,0.0020023435
2023-04-23 06:00:00,32.103912,25.382782,1006.8894,-1.3518991,3.923537,0.13510513,67.717514,0.0
2023-04-23 12:00:00,31.163849,25.740753,1003.41876,-3.528203,3.9590704,0.5003582,72.96451,0.0
2023-04-23 18:00:00,29.274933,25.323883,1008.0544,-1.261323,4.541808,0.9716429,79.32694,0.27275354
2023-04-24 00:00:00,26.937866,24.212677,1007.4819,0.6565609,1.7807744,1.0000002,85.06191,0.0
2023-04-24 06:00:00,30.567047,25.061554,1008.9075,-2.168892,2.9832115,0.79329973,72.50632,0.05779859
2023-04-24 12:00:00,30.831207,25.46634,1005.6819,-4.309124,1.3746254,0.7396033,73.160774,0.0
2023-04-24 18:00:00,29.462677,25.855286,1008.5119,-3.4266167,3.091654,0.94017637,80.98672,0.33508468
2023-04-25 00:00:00,27.7742,25.572662,1008.40564,-2.2593498,1.7941623,0.9560367,87.841255,0.6759871
2023-04-25 06:00:00,30.254425,25.009277,1010.15186,-2.5808296,2.5191803,0.99397635,73.58686,0.0
2023-04-25 12:00:00,28.809174,25.246613,1006.32935,-2.6313553,1.3108552,1.0000002,81.120155,0.0
2023-04-25 18:00:00,28.773834,25.38858,1008.7875,-1.8079901,1.471003,0.98513246,81.97583,0.0
2023-04-26 00:00:00,28.313873,25.491913,1007.8156,-1.769516,0.9554107,0.9047221,84.71375,0.041287046
2023-04-26 06:00:00,28.937286,25.179169,1009.7494,-3.0922766,-1.9121723,0.799324,80.197655,0.5665774
2023-04-26 12:00:00,29.46103,25.399506,1005.8738,-3.474081,-0.88921165,0.76766515,78.833046,0.0
2023-04-26 18:00:00,28.834167,25.650818,1008.26,-2.9397278,0.6810393,0.6702147,82.97189,0.104911625
2023-04-27 00:00:00,28.906464,25.02414,1007.105,-1.4168644,0.8524448,0.9093555,79.602325,0.0
2023-04-27 06:00:00,30.972443,24.841705,1009.6375,-2.5215063,0.3342656,0.9650192,69.923256,0.01974312
2023-04-27 12:00:00,29.930695,25.530304,1006.88873,-3.2016363,0.23445117,0.9625377,77.32807,0.0
2023-04-27 18:00:00,28.963287,25.854828,1009.58936,-3.5541458,2.3510451,0.084509715,83.3558,0.1765415
2023-04-28 00:00:00,28.972015,25.47934,1008.5588,-2.3321676,2.288216,0.89561343,81.47827,0.0
2023-04-28 06:00:00,29.582062,25.712738,1010.0594,-2.428258,1.9708767,0.72732234,79.75438,0.051771827
2023-04-28 12:00:00,30.17569,25.924652,1006.0775,-4.091861,1.6202393,0.55212015,78.05161,0.0
2023-04-28 18:00:00,28.721405,25.791687,1009.1163,-2.7442493,1.8664598,0.19410813,84.21673,0.1795739
2023-04-29 00:00:00,28.194489,25.18393,1008.0019,-1.3284321,1.8869121,0.73689723,83.75617,0.0
2023-04-29 06:00:00,29.203033,24.977173,1010.02563,-3.154005,-0.018440545,0.9543032,78.02927,0.17374623
2023-04-29 12:00:00,29.353668,24.951569,1006.39624,-4.3257113,1.8969842,0.7903935,77.23524,0.0
2023-04-29 18:00:00,27.37143,24.831055,1008.10876,-1.5412731,1.5572703,0.99306023,86.05111,0.55657625
2023-04-30 00:00:00,27.107391,24.523804,1007.15564,-1.336525,2.8038375,0.99497634,85.80362,0.0
2023-04-30 06:00:00,29.548615,24.715607,1008.3975,-1.6804819,1.9869432,0.9715594,75.30326,0.05149416
2023-04-30 12:00:00,29.99881,24.709381,1004.60126,-1.9726381,1.9878907,0.89606106,73.34987,0.0
2023-04-30 18:00:00,27.65915,24.91745,1007.275,-1.8262215,3.771646,0.75346404,85.05177,0.52065843
2023-05-01 00:00:00,27.713928,24.617218,1006.2644,-0.10309219,2.8482554,0.9830695,83.27321,0.046777964
2023-05-01 06:00:00,28.420319,24.754852,1007.66376,0.044960737,1.2076969,1.0000002,80.57457,0.0
2023-05-01 12:00:00,29.082,24.59076,1005.075,-1.7624531,1.715421,0.99148595,76.784775,0.14330071
2023-05-01 18:00:00,26.294037,24.66153,1008.59814,1.0886269,3.0040176,1.0,90.756645,0.9117
2023-05-02 00:00:00,25.506317,24.256409,1007.0225,2.6567383,2.106762,1.0,92.812546,1.0621195
2023-05-02 06:00:00,26.65506,24.262177,1009.8144,1.3640261,2.2361887,1.0,86.74611,1.684511
2023-05-02 12:00:00,28.933136,25.080505,1005.7319,-2.0859356,0.45282465,1.0,79.74692,0.0
2023-05-02 18:00:00,27.32132,25.461426,1009.3638,0.32998496,3.6526241,0.98787403,89.605835,0.93378335
2023-05-03 00:00:00,27.055206,24.757172,1007.6269,3.0311863,1.9180766,0.9981265,87.27602,0.0
2023-05-03 06:00:00,30.05838,23.419586,1010.04,1.2061056,1.9366589,0.9935547,67.65209,0.0
2023-05-03 12:00:00,28.784882,24.904205,1005.96625,-2.4217377,3.1523252,0.98640925,79.593796,0.36606845
2023-05-03 18:00:00,26.868927,24.827057,1009.28815,2.804603,1.2210264,0.6849193,88.60554,0.35101175
2023-05-04 00:00:00,26.289581,24.33368,1006.97375,3.5300636,-0.5053752,0.99762255,89.01674,0.0
2023-05-04 06:00:00,29.636139,24.42987,1008.98126,-0.29384,-0.5490465,0.99910915,73.654755,0.0038104337
2023-05-04 12:00:00,29.308624,24.710388,1005.0025,-2.3716774,1.4939725,0.8198278,76.329475,0.0
2023-05-04 18:00:00,26.888763,24.984924,1008.53186,2.147103,2.203618,0.9769294,89.33982,1.7257218
2023-05-05 00:00:00,26.513977,24.346466,1006.28687,1.3502266,0.9822714,1.0,87.913216,0.0
2023-05-05 06:00:00,29.823273,23.828949,1008.2575,3.3714814,3.1396537,1.0,70.284584,0.0
2023-05-05 12:00:00,28.911285,22.312103,1004.5419,1.4153832,2.4533768,1.0,67.588875,0.0
2023-05-05 18:00:00,28.189117,24.80307,1007.5631,0.9835247,0.8063545,1.0,81.90122,0.1888332
2023-05-06 00:00:00,27.518097,24.202637,1005.6725,-0.25746465,-0.91932964,0.9988279,82.16676,0.0
2023-05-06 06:00:00,30.139679,23.78482,1007.77435,-1.732049,0.727478,1.0,68.8352,0.0
2023-05-06 12:00:00,28.53775,25.844452,1004.5425,-0.43202305,2.260808,1.0,85.38577,0.10257959
2023-05-06 18:00:00,28.203217,25.885223,1008.15375,1.9930013,2.848938,0.9983334,87.2736,0.0
2023-05-07 00:00:00,26.09488,24.099365,1005.33875,4.6499968,-0.15687472,1.0,88.79037,0.32733378
2023-05-07 06:00:00,28.698212,23.9646,1008.0006,2.9147825,1.2752428,1.0,75.618706,0.0
2023-05-07 12:00:00,29.08554,24.809967,1004.3925,1.407803,2.18197,1.0,77.78126,0.0850648
2023-05-07 18:00:00,27.024017,24.588287,1007.47064,3.3054743,-1.4049158,1.0,86.55789,0.0
2023-05-08 00:00:00,26.359161,24.004242,1004.8212,2.2775662,0.56645584,0.97548515,86.91687,0.0
2023-05-08 06:00:00,30.236115,24.185059,1006.8619,1.8123688,0.8579848,0.6986116,70.12134,0.010874122
2023-05-08 12:00:00,30.458832,24.72232,1003.0119,-0.60835457,3.1523426,0.9890294,71.49489,0.0
2023-05-08 18:00:00,28.888885,25.58731,1006.8869,2.3981905,3.361145,1.0,82.398125,0.0
2023-05-09 00:00:00,27.916046,25.183136,1005.21686,3.267067,0.8218088,0.61524934,85.12255,0.0026691705
2023-05-09 06:00:00,31.294342,25.011292,1006.745,-0.59997725,-0.7042141,1.0000014,69.35039,0.006582588
2023-05-09 12:00:00,31.123688,25.857635,1004.1375,-3.0751934,1.4975389,1.0,73.64002,0.0
2023-05-09 18:00:00,27.919739,25.28482,1006.9244,2.3403988,2.5548553,1.0,85.62081,0.0
2023-05-10 00:00:00,28.30368,25.249298,1004.7369,3.1549168,0.749576,1.0000052,83.55005,0.00038184226
2023-05-10 06:00:00,31.318634,25.209106,1005.77313,0.39922625,-1.335352,1.0,70.07553,0.00333786
2023-05-10 12:00:00,31.027374,26.346954,1002.8656,-1.4420052,3.4598987,1.0,76.21934,0.0
2023-05-10 18:00:00,29.58252,26.516876,1007.4269,2.423314,5.0021896,1.0,83.63594,0.030325294
2023-05-11 00:00:00,28.632507,26.365509,1005.28125,3.2676592,2.076011,0.9987203,87.57451,0.0
2023-05-11 06:00:00,32.068634,26.005615,1006.15625,4.188361,1.7901583,0.9797964,70.40644,0.0
2023-05-11 12:00:00,31.584747,26.78543,1004.3269,1.2481422,5.451478,1.0,75.77237,0.0
2023-05-11 18:00:00,29.298492,27.019806,1006.66125,3.891262,5.452035,1.0,87.5714,0.0
2023-05-12 00:00:00,28.77591,25.076935,1005.64374,4.790617,2.7874813,1.0,80.45962,0.0
2023-05-12 06:00:00,31.873688,25.317474,1007.21185,3.7345514,4.250054,1.0,68.34027,0.0
2023-05-12 12:00:00,30.9169,27.092194,1004.4869,2.791273,6.9284434,1.0,80.14087,0.16513467
2023-05-12 18:00:00,29.690552,27.28543,1007.8269,4.220482,7.2094307,1.0,86.95835,0.0
2023-05-13 00:00:00,28.992767,25.877716,1006.2656,5.6114874,5.160219,1.0,83.32657,0.0
2023-05-13 06:00:00,31.39383,25.417328,1007.9313,4.8468256,5.025297,0.99507976,70.645996,0.0
2023-05-13 12:00:00,31.626984,26.996002,1004.9581,2.6003559,6.0517673,0.9227979,76.53243,0.0
2023-05-13 18:00:00,29.737762,27.340302,1007.46814,4.481331,6.786289,1.0,87.00164,0.0
2023-05-14 00:00:00,29.170776,26.175018,1005.4281,5.275938,5.5452933,0.99999994,83.936516,0.0
2023-05-14 06:00:00,32.33145,25.37088,1006.51874,3.8123932,2.7599735,0.9788693,66.80468,0.0
2023-05-14 12:00:00,31.25821,27.261139,1003.47064,1.9785588,7.6796193,0.8290265,79.37959,0.0
2023-05-14 18:00:00,29.839203,27.619354,1005.78625,4.1783557,7.384163,0.8030065,87.91963,0.0
2023-05-15 00:00:00,29.17218,26.318207,1005.72815,4.2773237,5.42745,0.99960417,84.64262,0.0
2023-05-15 06:00:00,32.401764,25.690948,1007.4294,3.576394,4.2116294,1.0,67.816795,0.0
2023-05-15 12:00:00,31.342926,27.168365,1004.08374,0.8431635,5.8985906,0.9958437,78.56913,0.0
2023-05-15 18:00:00,29.4628,27.63266,1007.41315,2.114324,6.6866837,0.99999994,89.91675,0.0
2023-05-16 00:00:00,29.179474,27.415314,1006.60065,3.208764,4.486998,0.9999993,90.244896,0.0
2023-05-16 06:00:00,32.81253,26.036163,1008.15814,2.995716,3.1180797,0.9645375,67.63345,0.0
2023-05-16 12:00:00,31.416412,26.928741,1005.16064,-1.34764,5.2387457,0.97523165,77.148155,0.0
2023-05-16 18:00:00,29.424927,27.393341,1007.9963,0.84039587,6.0374985,0.9773377,88.86019,0.0
2023-05-17 00:00:00,29.30542,27.018951,1007.595,1.8477136,4.700144,0.5569801,87.531944,0.0026701018
2023-05-17 06:00:00,31.392853,26.847687,1009.5112,0.17203468,4.9000216,0.43276554,76.88435,0.0
2023-05-17 12:00:00,30.84317,27.073029,1006.53876,-0.29984093,6.0118184,0.014945984,80.38841,0.0
2023-05-17 18:00:00,29.576813,26.847015,1010.4406,-0.93723774,6.3812294,0.98013556,85.30571,0.0
2023-05-18 00:00:00,29.365509,26.757935,1009.1788,1.540006,5.7773514,0.369025,85.90049,0.0
2023-05-18 06:00:00,32.165802,26.436554,1010.5563,0.8441174,4.4452915,0.67775,71.82611,0.0
2023-05-18 12:00:00,30.608185,26.867645,1007.4294,0.26599407,6.5893536,0.098725006,80.498085,0.0
2023-05-18 18:00:00,29.456818,26.536896,1010.19,1.9874699,6.986351,0.14304337,84.34384,0.0
2023-05-19 00:00:00,28.963348,25.855194,1008.42,2.677207,6.3834057,0.23984075,83.357315,0.0
2023-05-19 06:00:00,31.69986,25.734406,1009.7562,2.7848034,5.4721146,0.05875879,70.74759,0.004578382
2023-05-19 12:00:00,30.772491,26.741486,1006.1131,0.64197826,7.2486115,0.0062332153,79.15582,0.0
2023-05-19 18:00:00,29.369415,26.826813,1008.6163,1.9819787,6.710105,0.004644394,86.22982,0.0
2023-05-20 00:00:00,28.909851,26.299103,1006.9875,3.3735557,4.2832584,0.19133925,85.84038,0.0
2023-05-20 06:00:00,31.705475,26.05539,1008.58624,1.1836901,4.148548,0.05443982,72.082436,0.0005722977
2023-05-20 12:00:00,30.64981,27.135773,1005.54065,0.010501862,7.0385275,0.10267366,81.581505,0.0
2023-05-20 18:00:00,29.313446,26.91629,1008.45374,1.8368536,7.0094995,0.10062821,86.965256,0.0
2023-05-21 00:00:00,29.178955,26.462921,1007.84686,2.0804532,5.3461437,0.3146066,85.335106,0.0009536743
2023-05-21 06:00:00,31.74881,26.524872,1009.16315,0.78429747,4.9713564,0.08088477,73.926834,0.002480112
2023-05-21 12:00:00,30.773712,26.704132,1006.6675,0.4814577,6.9263344,0.03312683,78.97647,0.0
2023-05-21 18:00:00,29.213165,26.317932,1009.91815,2.513321,6.601198,0.041160617,84.441025,0.0
2023-05-22 00:00:00,28.903595,25.886505,1008.68,2.3902047,5.5133023,0.22608194,83.80154,0.005817041
2023-05-22 06:00:00,31.31131,26.092499,1010.3781,0.88895136,5.2564287,0.083352126,73.87728,0.01497753
2023-05-22 12:00:00,30.3992,26.27182,1007.8725,0.7501373,6.465789,0.13150024,78.6561,0.0
2023-05-22 18:00:00,28.780457,25.970123,1010.84625,2.8131166,5.7332497,0.103467256,84.82057,0.0
2023-05-23 00:00:00,28.40335,25.768219,1009.9425,2.3084908,3.591343,0.16296428,85.6673,0.0013350509
2023-05-23 06:00:00,31.784698,25.86081,1010.97064,0.8272069,4.130424,0.08753885,70.93735,0.0
2023-05-23 12:00:00,30.60733,26.044342,1007.42126,0.8500862,6.99071,0.09486389,76.68636,0.0
2023-05-23 18:00:00,29.35431,26.212616,1009.8837,3.0263355,6.6168175,0.08220741,83.235985,0.0
2023-05-24 00:00:00,28.805756,25.738434,1008.9319,3.638963,4.6296663,0.07093108,83.541664,0.0
2023-05-24 06:00:00,31.97403,25.37033,1010.1981,2.1821847,5.1587734,0.06049533,68.16677,0.0008584466
2023-05-24 12:00:00,30.5961,26.239777,1007.0037,1.205203,6.986417,0.0981075,77.62736,0.0
2023-05-24 18:00:00,29.35434,26.075104,1009.7019,2.972525,6.7922955,0.042278394,82.561966,0.0
2023-05-25 00:00:00,28.893768,26.009308,1008.8169,3.8107252,4.8726444,0.09014934,84.46109,0.0
2023-05-25 06:00:00,32.279327,25.523224,1009.945,2.265541,3.438852,0.07989502,67.611015,0.0001906883
2023-05-25 12:00:00,31.19217,26.384064,1006.7456,0.79917467,7.114283,0.21322632,75.672356,0.023643719
2023-05-25 18:00:00,29.600708,27.152863,1009.4975,2.9775968,6.0336504,0.12071897,86.732635,0.0
2023-05-26 00:00:00,29.413727,25.890045,1008.6969,3.4660254,4.0860963,0.076974615,81.38315,0.0
2023-05-26 06:00:00,32.96817,24.63272,1009.91376,2.1199045,3.059723,0.016311646,61.674953,0.00085821375
2023-05-26 12:00:00,31.314423,26.536774,1007.83936,2.318914,4.8175697,0.5492851,75.82735,0.0
2023-05-26 18:00:00,29.309906,25.88675,1009.39813,3.3166275,2.231867,0.89960223,81.8564,0.0
2023-05-27 00:00:00,28.63919,24.094147,1007.445,3.3182163,1.9971342,0.3008713,76.47074,0.0
2023-05-27 06:00:00,32.85379,24.572662,1008.33563,2.0552614,1.9809644,0.22500236,61.850525,0.0026696362
2023-05-27 12:00:00,31.96817,26.178497,1005.22565,-0.84795284,5.1069803,0.7189617,71.535706,0.042898115
2023-05-27 18:00:00,30.003876,25.952972,1007.27435,2.204914,5.8248405,0.92292917,78.957756,0.0
2023-05-28 00:00:00,29.417877,27.252716,1006.15875,3.1626306,4.948735,0.7357907,88.16677,0.0
2023-05-28 06:00:00,31.975128,26.378204,1007.3044,1.8296671,3.1072645,0.9149777,72.35589,0.0067716464
2023-05-28 12:00:00,31.971222,26.654816,1004.34,-0.3019228,5.371951,0.9950554,73.56176,0.0
2023-05-28 18:00:00,29.95047,27.164886,1007.66815,1.7210958,5.2023067,0.9851584,85.06417,0.0
2023-05-29 00:00:00,29.458862,27.042938,1006.2475,2.280862,4.3694167,0.82445693,86.88244,0.0
2023-05-29 06:00:00,32.15274,26.860382,1007.85315,-0.11259788,4.038862,0.16866885,73.69598,0.0
2023-05-29 12:00:00,30.718658,27.119171,1005.2612,-0.48391724,6.2953863,0.589177,81.18189,0.0
2023-05-29 18:00:00,29.379791,27.154327,1008.9444,0.5333227,5.987137,0.82306117,87.852325,0.0
2023-05-30 00:00:00,29.066864,26.486572,1007.6825,0.7358836,5.5890083,0.94654495,86.00995,0.0
2023-05-30 06:00:00,31.915558,25.977509,1008.46686,0.23854041,4.571007,0.939404,70.90135,0.0
2023-05-30 12:00:00,30.414703,26.419708,1006.03125,-1.4622326,5.462192,0.94895685,79.27531,0.0
2023-05-30 18:00:00,28.52768,26.315948,1009.325,3.4991312,3.791284,0.9365731,87.85177,0.0
2023-05-31 00:00:00,28.474274,26.028229,1007.5619,1.7276711,2.9559178,0.8907513,86.63883,0.006293878
2023-05-31 06:00:00,31.622223,26.096588,1007.97565,0.7744676,2.8832173,0.47545105,72.600586,0.0
2023-05-31 12:00:00,31.457672,26.392609,1004.7275,-0.76409435,5.0255795,0.48869073,74.57527,0.0
2023-05-31 18:00:00,29.68216,26.08963,1008.03937,1.5867958,6.0708685,0.73213744,81.0856,0.008009374
2023-06-01 00:00:00,29.180756,26.436554,1006.14435,2.4138298,4.653131,0.8713815,85.19365,0.0
2023-06-01 06:00:00,32.301178,25.641388,1007.4275,1.8451637,4.7026873,0.9935745,68.00294,0.0
2023-06-01 12:00:00,31.25113,26.560577,1004.0719,0.7219165,6.733344,0.84715456,76.20787,0.0
2023-06-01 18:00:00,29.648224,26.994781,1007.40314,2.5328877,5.62834,0.62544096,85.696465,0.0
2023-06-02 00:00:00,29.302734,24.513947,1005.785,4.208294,2.6212132,0.8117852,75.46377,0.0
2023-06-02 06:00:00,32.457916,24.82901,1007.2625,2.6111689,3.6431708,0.7118829,64.22218,0.0015255064
2023-06-02 12:00:00,30.92276,26.093903,1004.4494,1.4390552,6.648508,0.6260372,75.53775,0.15714206
2023-06-02 18:00:00,29.69748,26.990387,1007.08,3.0325305,7.5493116,0.48159462,85.43163,0.0
2023-06-03 00:00:00,29.418701,26.509186,1006.0075,3.7592607,4.778749,0.96066415,84.391525,0.0
2023-06-03 06:00:00,32.621735,25.84726,1006.8281,2.0524502,4.1167607,0.9932025,67.60396,0.0
2023-06-03 12:00:00,30.998688,26.884674,1003.3956,0.8765793,7.321892,0.99911004,78.8012,0.0074505806
2023-06-03 18:00:00,29.631866,27.067413,1006.72375,3.003263,7.58451,0.8079217,86.14394,0.0
2023-06-04 00:00:00,29.41098,26.989594,1005.225,3.309657,5.513449,0.20459157,86.85027,0.0
2023-06-04 06:00:00,32.282135,25.935333,1007.1319,2.272295,3.3344889,0.1062244,69.272644,0.0028614886
2023-06-04 12:00:00,30.968414,26.808014,1003.6262,0.40146935,5.5411997,0.16233881,78.58234,0.22774889
2023-06-04 18:00:00,29.461212,26.703888,1007.22125,2.086754,6.3102107,0.8614612,85.15606,0.0
2023-06-05 00:00:00,29.190033,26.85379,1005.2006,3.014352,4.7171726,0.73184407,87.26629,0.0
2023-06-05 06:00:00,32.54471,24.778961,1006.26373,2.353076,4.4368105,0.52858007,63.717796,0.0
2023-06-05 12:00:00,30.671295,26.349152,1003.64874,0.49226165,7.008214,0.38521743,77.79507,0.049196184
2023-06-05 18:00:00,28.905975,26.780182,1007.46063,1.9640875,4.653276,0.9121791,88.329185,0.0
2023-06-06 00:00:00,28.679657,26.422272,1005.22815,3.291977,2.1432338,0.9960442,87.62825,0.0
2023-06-06 06:00:00,32.528595,24.459503,1005.9431,3.149047,2.5777605,0.8504772,62.56912,0.0
2023-06-06 12:00:00,30.94522,26.378693,1002.74,0.69377327,7.2566195,0.4077226,76.72095,0.0
2023-06-06 18:00:00,29.56839,27.168732,1006.1,2.6207743,6.0647798,0.95296717,86.9753,0.0
2023-06-07 00:00:00,29.500916,25.463348,1004.14435,3.4316244,2.5201542,0.99999994,78.95087,0.0
2023-06-07 06:00:00,32.597565,25.279816,1005.7625,2.4470625,2.576098,0.9461983,65.45341,0.0027657952
2023-06-07 12:00:00,30.67044,26.378937,1003.3775,0.095817566,5.507749,0.50551003,77.93574,0.39436567
2023-06-07 18:00:00,29.104797,27.003326,1006.7081,3.147335,4.26005,0.3888352,88.47155,0.0
2023-06-08 00:00:00,29.37442,23.03543,1005.4956,5.042239,1.426508,0.9987188,68.75498,0.0
2023-06-08 06:00:00,32.412384,24.34964,1006.33,2.8374224,3.5046225,0.9999992,62.567772,0.0009536743
2023-06-08 12:00:00,31.731842,26.041779,1003.04565,0.46427506,6.868511,0.96197647,71.916756,0.0
2023-06-08 18:00:00,29.625305,27.376251,1006.15314,2.815514,3.9822474,0.9820673,87.75154,0.0
2023-06-09 00:00:00,29.415558,22.675201,1004.2356,4.5446177,2.3761957,0.98317987,67.11109,0.0
2023-06-09 06:00:00,32.15396,24.006927,1004.73376,3.1398783,4.0186396,0.67083764,62.196236,0.0
2023-06-09 12:00:00,31.63321,25.286896,1002.66315,2.2299392,5.8612313,0.74785846,69.15302,0.005722046
2023-06-09 18:00:00,29.890717,26.39981,1004.6431,3.7858858,3.1536055,0.9828744,81.59977,0.0
2023-06-10 00:00:00,29.316986,22.184662,1003.8244,4.8656197,2.191145,0.96938944,65.51137,0.0
2023-06-10 06:00:00,32.74832,23.605377,1004.22437,3.669238,3.1933856,0.9110529,58.708973,0.0
2023-06-10 12:00:00,32.000397,24.802032,1002.3094,2.8969278,5.314865,0.8981338,65.79887,0.0
2023-06-10 18:00:00,30.149017,24.53714,1004.96436,3.0942051,3.4307995,0.62782305,71.97484,0.0
2023-06-11 00:00:00,29.08603,21.366241,1004.28876,4.5094423,1.3407797,0.22471619,63.154266,0.0
2023-06-11 06:00:00,32.759674,23.521881,1005.16437,2.2285442,2.6331768,0.4840843,58.376938,0.009728596
2023-06-11 12:00:00,31.820099,25.406769,1002.4819,2.481707,6.4735956,0.89030576,68.91313,0.000404194
2023-06-11 18:00:00,29.827545,26.609161,1005.16064,2.024006,5.007582,0.43929917,82.9139,0.0
2023-06-12 00:00:00,29.474731,24.793365,1003.58563,3.6397343,2.2035077,0.4379351,75.97681,0.0
2023-06-12 06:00:00,33.411407,24.144928,1004.9938,2.965376,3.5455475,0.784331,58.42703,0.0024798792
2023-06-12 12:00:00,31.227875,26.170807,1002.2606,3.2191515,5.452597,0.9835142,74.57348,0.001692446
2023-06-12 18:00:00,30.114105,24.35196,1005.4275,4.334528,1.1008177,0.51276857,71.32406,0.0
2023-06-13 00:00:00,29.064117,22.386505,1004.5775,4.281785,2.9067497,0.4168352,67.2974,0.0
2023-06-13 06:00:00,33.18802,23.976654,1005.6475,4.4627285,2.40548,0.18735564,58.56903,0.0011445954
2023-06-13 12:00:00,31.88504,25.434845,1002.85187,1.2972068,5.139715,0.6335542,68.77456,0.0
2023-06-13 18:00:00,29.772858,25.956207,1006.4406,2.986763,3.087346,0.96147704,80.029,0.0
2023-06-14 00:00:00,29.25827,22.386505,1005.33875,4.478547,1.9285637,0.8887158,66.546234,0.0
2023-06-14 06:00:00,32.86441,24.092743,1006.97687,4.1920185,1.6468866,0.3019352,60.061325,0.0
2023-06-14 12:00:00,32.668976,24.633698,1004.1025,0.61355734,2.589569,1.0000008,62.72611,0.0
2023-06-14 18:00:00,30.816925,25.281158,1006.6356,3.0731,4.317449,0.59094256,72.418724,0.0
2023-06-15 00:00:00,29.91922,24.088531,1005.775,3.3180437,3.0998027,0.7173769,70.99661,0.0
2023-06-15 06:00:00,33.36685,23.707794,1006.91626,1.7190667,1.1204481,0.82413286,57.054306,0.0
2023-06-15 12:00:00,32.619415,26.03653,1004.16565,-0.52385235,3.909113,0.8375834,68.37472,0.0
2023-06-15 18:00:00,30.478088,27.02359,1006.2725,3.0724957,6.2712803,0.9995043,81.84627,0.0
2023-06-16 00:00:00,30.105621,25.703644,1004.8669,3.7247648,2.0461588,0.93076384,77.34647,0.0
2023-06-16 06:00:00,33.913116,24.05362,1005.67065,1.1226134,0.5058489,0.4111032,56.49931,0.0
2023-06-16 12:00:00,32.54532,27.018707,1002.7388,-0.62721634,5.1368814,0.9914738,72.75363,0.0
2023-06-16 18:00:00,30.505249,27.506744,1005.91815,2.8249764,5.3848495,0.9996035,84.06697,0.0
2023-06-17 00:00:00,29.958527,22.01529,1004.77124,5.133233,1.5145464,1.0,62.486046,0.0
2023-06-17 06:00:00,33.10074,23.655975,1006.4994,2.1967669,2.0707655,0.99882805,57.732357,0.0
2023-06-17 12:00:00,30.494781,26.155426,1005.0825,1.710082,4.0552025,1.0,77.69057,0.20561802
2023-06-17 18:00:00,29.679108,26.696747,1006.9819,0.73468614,4.632535,0.9996034,84.05786,0.0
2023-06-18 00:00:00,29.355865,24.254791,1005.40314,3.4445496,3.1818764,0.99604416,74.073814,0.0
2023-06-18 06:00:00,28.674957,22.852081,1008.0519,2.1695955,1.6645536,1.0,70.8048,0.16459823
2023-06-18 12:00:00,28.940704,24.551056,1005.1525,2.9497356,2.5173473,1.0,77.23164,0.0
2023-06-18 18:00:00,28.242767,24.938446,1007.0081,0.3320138,3.947649,1.0,82.30811,0.5895407
2023-06-19 00:00:00,27.900543,25.266418,1005.40814,4.1039524,3.8337333,1.0,85.622986,1.2367531
2023-06-19 06:00:00,28.258392,24.795532,1006.455,3.0804443,-0.86447906,0.99416023,81.53489,0.0
2023-06-19 12:00:00,30.24112,23.785004,1003.2431,0.37107176,0.1468296,0.8293865,68.43646,0.0
2023-06-19 18:00:00,28.073578,24.509369,1005.1775,1.2175179,1.4106934,0.73263764,81.01937,0.1964262
2023-06-20 00:00:00,27.050812,25.139374,1004.65625,0.012881279,0.7760191,0.9996035,89.31151,0.23552887
2023-06-20 06:00:00,28.922516,25.570038,1005.6725,0.6239893,1.1044074,0.9999998,82.15347,0.0
2023-06-20 12:00:00,29.63034,25.66507,1002.7431,-0.39979392,3.637087,1.0,79.30825,0.0
2023-06-20 18:00:00,28.053131,25.917175,1005.5056,2.037952,4.5602307,0.983717,88.20678,0.0
2023-06-21 00:00:00,28.108856,25.76883,1004.33185,2.5555902,3.2664986,0.9979316,87.151405,0.54991245
2023-06-21 06:00:00,30.178497,25.03067,1006.6969,1.4781778,3.2681968,1.0,74.00241,0.0
2023-06-21 12:00:00,29.784088,26.007355,1003.91187,0.79858977,4.977127,1.0,80.21977,0.07495284
2023-06-21 18:00:00,28.30838,25.732452,1006.45685,2.692705,4.710916,0.99269325,85.9593,0.105291605
2023-06-22 00:00:00,28.252594,25.460114,1005.3725,2.0866725,4.937644,0.9991091,84.85591,0.0
2023-06-22 06:00:00,31.39798,24.000336,1005.8144,2.202341,2.5064867,0.9991089,64.89538,0.0
2023-06-22 12:00:00,30.321198,26.078583,1003.7537,-0.46343994,5.2147436,0.73733294,78.11125,0.09052828
2023-06-22 18:00:00,27.753815,25.861206,1007.065,2.9426174,5.375897,0.8941212,89.46383,0.6250143
2023-06-23 00:00:00,28.034943,25.536469,1005.89935,2.4427407,3.3871694,0.9991092,86.32918,0.0
2023-06-23 06:00:00,31.175568,24.53006,1006.3837,3.0339317,2.069572,0.8865537,67.84284,0.0
2023-06-23 12:00:00,30.959381,26.339142,1004.15125,-0.020570338,4.127955,0.74783725,76.480255,0.09948015
2023-06-23 18:00:00,29.172546,26.845001,1006.5175,2.078528,5.7856755,0.983361,87.30938,0.0
2023-06-24 00:00:00,28.740814,25.602814,1004.8275,3.5918407,1.9263,0.9970521,83.18484,0.07894635
2023-06-24 06:00:00,31.976715,22.794586,1005.48126,3.033556,-0.011412859,0.57493967,58.391685,0.0
2023-06-24 12:00:00,30.675812,25.996979,1003.3631,-0.50990677,5.242328,0.9172709,76.172844,0.008776784
2023-06-24 18:00:00,29.282623,26.120758,1006.02374,1.9430552,4.573652,0.8440106,83.128716,0.0
2023-06-25 00:00:00,28.728424,26.295563,1004.59186,1.8530205,3.1807785,0.9522567,86.72966,0.0
2023-06-25 06:00:00,32.114166,23.13089,1006.1475,0.92642695,4.5269337,0.70311815,59.130806,0.0
2023-06-25 12:00:00,30.450104,25.730865,1003.9888,0.50373363,6.470233,0.983745,75.95614,0.0005736947
2023-06-25 18:00:00,29.200104,26.065247,1006.4369,2.318132,6.22215,1.0,83.25228,0.043287873
2023-06-26 00:00:00,28.613617,22.094635,1005.5519,5.556779,0.8615265,0.9890208,67.86105,0.0
2023-06-26 06:00:00,31.746002,23.087067,1006.5744,3.0310307,1.1610949,0.99244404,60.21733,0.015728176
2023-06-26 12:00:00,30.758453,25.400665,1004.0006,0.6852431,4.724966,0.9635026,73.179306,0.0
2023-06-26 18:00:00,29.221344,26.31424,1006.6944,2.327856,5.3010426,0.99882793,84.382706,0.0
2023-06-27 00:00:00,28.80954,23.526886,1005.4269,3.575595,3.4747422,0.99999994,73.17871,0.0
2023-06-27 06:00:00,32.233307,23.491425,1006.91437,3.067174,2.907657,0.9249881,60.026337,0.0008584466
2023-06-27 12:00:00,30.776764,25.620758,1004.85565,1.3753321,6.891621,0.9999996,74.0647,0.02605305
2023-06-27 18:00:00,29.3815,23.32901,1008.0712,4.912383,-0.3057413,0.9440713,69.95725,0.0
2023-06-28 00:00:00,28.29898,21.490692,1007.02814,5.0464478,2.7806652,0.9314776,66.61043,0.0
2023-06-28 06:00:00,31.65335,22.4617,1007.9775,2.622448,3.6256928,0.2353183,58.282707,0.0
2023-06-28 12:00:00,31.334991,25.386627,1005.39185,0.87295747,7.157806,0.2702027,70.7536,0.0043865293
2023-06-28 18:00:00,29.394989,25.886383,1008.8162,2.6493616,5.863558,0.20555729,81.45353,1.166958
2023-06-29 00:00:00,29.052704,22.549286,1006.89935,4.6322165,1.6759429,0.18004346,68.011246,0.0
2023-06-29 06:00:00,32.610626,23.334991,1007.84125,3.441596,2.1770458,0.5012781,58.20927,0.0
2023-06-29 12:00:00,29.94217,25.178497,1006.1194,3.6837695,4.988977,0.39276844,75.67725,0.3496643
2023-06-29 18:00:00,27.276276,23.123077,1009.0206,6.728755,0.8940521,0.9451645,78.09307,0.40737346
2023-06-30 00:00:00,28.94693,20.930328,1007.48627,4.2416906,1.519145,0.7535855,61.984055,0.0
2023-06-30 06:00:00,31.862457,22.4935,1008.78625,3.7865114,2.458078,0.6427372,57.706852,0.0
2023-06-30 12:00:00,30.884308,25.453522,1004.915,0.52811146,6.5425787,0.44457728,72.88376,0.012397766
2023-06-30 18:00:00,29.44345,26.725983,1007.535,2.798521,6.2641788,0.89337337,85.3543,0.0
2023-07-01 00:00:00,29.336823,24.37674,1006.8425,3.6813965,1.7262259,0.99106354,74.69923,0.0
2023-07-01 06:00:00,32.434723,23.26297,1007.9931,1.8718815,0.68204427,1.0,58.53463,0.0014305115
2023-07-01 12:00:00,31.269806,26.250153,1005.1456,-0.16117477,5.7963324,1.0,74.74527,0.0027418137
2023-07-01 18:00:00,29.504547,26.289642,1007.89935,2.122089,5.9795427,1.0,82.8939,0.0
2023-07-02 00:00:00,29.317596,25.724274,1005.27686,3.9846973,3.1002913,1.0,81.03596,0.58698654
2023-07-02 06:00:00,31.829315,23.430084,1007.52185,2.5894394,-0.2868452,1.0,61.18825,0.0
2023-07-02 12:00:00,30.778107,24.693878,1005.185,-2.3450413,-0.6272993,1.0,70.08187,0.022798777
2023-07-02 18:00:00,28.302094,25.61728,1007.0875,2.1136389,4.2243276,0.9939453,85.40522,0.45613644
2023-07-03 00:00:00,28.669586,24.034332,1004.77686,3.8691769,1.0396366,1.0,76.062325,0.0
2023-07-03 06:00:00,31.059357,23.166351,1006.2381,2.7905092,0.9201453,1.0,62.91633,0.0
2023-07-03 12:00:00,28.35086,25.230865,1003.8625,3.0623991,4.001498,0.99851656,83.22969,0.96590835
2023-07-03 18:00:00,27.933624,23.523834,1005.8,5.306554,0.75288296,0.99020183,76.98845,0.0
2023-07-04 00:00:00,28.128143,21.959198,1003.84625,5.633029,2.4242427,0.98581356,69.230095,0.0
2023-07-04 06:00:00,32.005768,22.674469,1004.655,3.8386583,4.626748,0.99921286,57.87259,0.008676201
2023-07-04 12:00:00,31.250885,22.756012,1001.8862,5.4070196,3.7866218,1.0,60.706528,0.030621305
2023-07-04 18:00:00,28.338654,22.351166,1004.8088,6.0254154,1.8839735,1.0,70.03925,0.005053669
2023-07-05 00:00:00,27.72519,22.920746,1002.8081,5.000474,2.581039,0.99843127,75.1424,0.07180499
2023-07-05 06:00:00,29.604034,24.160614,1003.70123,6.991844,2.726287,0.99693656,72.609795,0.70371735
2023-07-05 12:00:00,29.947906,24.175507,1001.6887,2.94524,2.5372336,1.0000001,71.25055,0.0
2023-07-05 18:00:00,28.183075,24.313263,1005.54626,5.6161995,4.2101555,0.9996034,79.56433,0.0
2023-07-06 00:00:00,27.788483,24.174652,1004.5575,4.4647274,3.9955177,0.9992128,80.742546,0.06639092
2023-07-06 06:00:00,29.690094,23.995148,1006.6244,4.3909073,2.9983108,1.0,71.53657,0.0
2023-07-06 12:00:00,31.81717,23.233917,1004.2612,4.7820435,1.2211603,1.0,60.509544,0.0
2023-07-06 18:00:00,29.20755,22.410614,1007.6744,5.4860497,1.5275211,0.9977296,66.83944,0.0
2023-07-07 00:00:00,27.640411,23.481415,1007.3713,4.335272,1.5105157,1.0000005,78.11809,0.0044852495
2023-07-07 06:00:00,31.493195,23.438751,1008.78186,4.2753496,2.793499,0.99950576,62.39956,0.000949949
2023-07-07 12:00:00,31.639313,23.800629,1005.8113,2.256183,3.5749776,1.0,63.247635,0.0
2023-07-07 18:00:00,29.732086,22.799408,1008.7631,3.1787903,3.981812,1.0,66.39604,0.00047672074
2023-07-08 00:00:00,28.964447,22.84842,1008.3894,4.1299586,1.6902437,0.96112305,69.611275,9.697396e-05
2023-07-08 06:00:00,31.99002,23.044647,1009.3663,2.8306408,1.2078111,0.8694385,59.238,0.00057090074
2023-07-08 12:00:00,31.091461,24.664825,1006.9381,3.0272422,3.049534,0.8966266,68.720375,0.06990414
2023-07-08 18:00:00,28.828156,22.835175,1008.9425,3.9746737,2.977374,0.97671646,70.10672,0.0
2023-07-09 00:00:00,28.53061,22.593658,1007.33685,3.7240314,1.635745,0.9796204,70.29026,0.0
2023-07-09 06:00:00,32.160553,22.932037,1007.3956,2.9964714,0.38971424,0.92862797,58.2705,0.0
2023-07-09 12:00:00,31.14981,25.524078,1004.7431,-2.1576223,4.9239693,0.99802214,72.08994,0.047966838
2023-07-09 18:00:00,28.797333,25.462921,1008.2494,3.560852,2.7465212,0.990192,82.22675,0.094369054
2023-07-10 00:00:00,28.504303,25.01596,1006.65814,3.5608,0.80085754,1.0,81.44142,0.0
2023-07-10 06:00:00,30.867706,24.071625,1007.27313,1.2264528,0.60427,1.0,67.17326,0.002859847
2023-07-10 12:00:00,29.57138,25.35025,1005.275,-1.2068243,3.235461,1.0,78.10395,0.0
2023-07-10 18:00:00,27.563751,24.7659,1008.65,1.7169342,4.5195246,1.0,84.757324,0.0
2023-07-11 00:00:00,26.963776,25.243134,1006.22375,1.5420694,3.5028706,1.0,90.32555,0.50745636
2023-07-11 06:00:00,28.891571,24.973969,1007.2081,2.8002386,3.196952,1.0,79.43306,0.0
2023-07-11 12:00:00,30.626617,25.349396,1005.0225,0.88736176,4.2680173,1.0,73.508514,0.0
2023-07-11 18:00:00,28.650116,25.974823,1007.78,2.1774504,6.1722865,1.0,85.48805,8.940697e-05
2023-07-12 00:00:00,27.975983,25.279816,1005.76,3.2207434,3.41889,0.9936459,85.314964,0.063702464
2023-07-12 06:00:00,30.907013,23.613922,1007.04626,2.16467,2.6515813,1.0,65.20297,0.0
2023-07-12 12:00:00,29.926788,25.816925,1004.67377,-0.55848885,5.408262,1.0000011,78.67183,0.009536743
2023-07-12 18:00:00,28.615936,26.045685,1007.4675,2.5735824,6.5753336,0.99293816,86.01776,0.0
2023-07-13 00:00:00,27.803131,25.408112,1006.155,2.5815678,3.869131,0.9521048,86.83995,0.08125021
2023-07-13 06:00:00,31.460114,24.383575,1007.27936,2.0918055,3.7718556,0.19378954,66.170296,0.0
2023-07-13 12:00:00,29.844513,25.552582,1005.3244,1.8732817,5.0934734,0.69682527,77.81515,0.20294264
2023-07-13 18:00:00,28.193695,25.94815,1007.9481,2.4871793,4.822345,0.691786,87.647995,0.0
2023-07-14 00:00:00,28.543243,22.918793,1007.64,3.2919464,1.8280563,0.7261979,71.63712,0.0
2023-07-14 06:00:00,31.937653,22.62381,1007.975,2.8912954,1.3679013,0.56612784,57.917965,0.0
2023-07-14 12:00:00,31.278961,25.567535,1005.2562,-0.4137087,4.5465164,0.81470716,71.74659,0.009733485
2023-07-14 18:00:00,29.150177,26.186066,1008.72437,2.2899184,5.3735685,0.9036304,84.09146,0.0
2023-07-15 00:00:00,28.931488,24.095978,1007.075,4.0325785,3.0269241,0.8132866,75.1941,0.0
2023-07-15 06:00:00,32.462067,22.33078,1007.84937,2.2357988,0.31613445,0.6912859,55.233543,0.0
2023-07-15 12:00:00,31.77359,25.86673,1004.2438,-0.61166,5.2304993,0.88859665,71.00698,0.0014307443
2023-07-15 18:00:00,29.396881,25.977692,1007.7019,3.244947,5.430659,0.9452602,81.88612,0.0
2023-07-16 00:00:00,28.891571,26.069977,1006.6169,2.4969115,4.634968,0.9948619,84.77558,0.013917685
2023-07-16 06:00:00,32.11905,24.026886,1007.3956,2.4324226,1.7143047,0.98706156,62.393944,0.0
2023-07-16 12:00:00,30.802765,25.871979,1004.43,0.32137203,3.926103,0.9112789,75.06457,0.034034252
2023-07-16 18:00:00,29.136993,26.056305,1007.2419,2.6893177,5.479447,0.85560626,83.512375,0.0
2023-07-17 00:00:00,28.575897,25.216461,1006.1075,3.1563728,3.22709,0.8293049,82.07799,0.0005720649
2023-07-17 06:00:00,32.48062,23.605865,1006.35315,2.046771,2.5436835,0.9299599,59.603428,0.0
2023-07-17 12:00:00,31.158722,25.619415,1003.91125,2.0727775,5.315242,0.43036205,72.46236,0.13388693
2023-07-17 18:00:00,29.293488,26.650665,1006.51373,2.4492643,5.4500575,0.99801713,85.715416,0.0
2023-07-18 00:00:00,28.940643,21.898956,1005.51935,4.6581287,1.8539993,0.98277026,65.79671,0.0
2023-07-18 06:00:00,32.29959,22.792511,1006.5062,4.7270594,3.2487576,0.98999035,57.327633,0.0
2023-07-18 12:00:00,32.073883,24.144684,1002.26373,2.1490037,6.9443493,0.9936,62.997543,0.0
2023-07-18 18:00:00,30.381317,21.803741,1005.8187,6.240962,1.1000426,0.9960512,60.20597,0.0
2023-07-19 00:00:00,28.728912,22.227509,1004.4325,5.781069,2.5042582,0.9062932,67.95633,0.0
2023-07-19 06:00:00,32.559357,22.111359,1004.8575,5.464635,2.524587,0.80103976,54.202343,0.0
2023-07-19 12:00:00,31.741241,24.500885,1001.7438,3.1636019,6.5965524,0.9427118,65.58124,0.0001899898
2023-07-19 18:00:00,30.310394,21.415192,1004.6287,6.8523817,0.79627997,0.9830845,59.03159,0.0
2023-07-20 00:00:00,28.90866,22.147064,1003.6838,4.5822735,2.1665149,0.8655095,66.9234,0.0
2023-07-20 06:00:00,32.651398,22.215973,1004.5106,6.0147343,2.6903038,0.52808666,54.266453,0.0
2023-07-20 12:00:00,33.322296,22.621735,1001.02875,4.12459,3.802726,0.88302904,53.562675,0.0
2023-07-20 18:00:00,30.810638,21.029694,1005.21436,6.065852,2.0390997,0.96868056,56.025177,0.0
2023-07-21 00:00:00,28.786652,21.713959,1004.3137,6.2366743,0.89738107,0.428707,65.640594,0.0
2023-07-21 06:00:00,32.64444,22.141144,1005.2381,5.1050224,2.8265975,0.987727,54.04092,0.0
2023-07-21 12:00:00,32.16922,23.79837,1003.2406,1.5378485,6.2799516,1.0000002,61.368378,0.0
2023-07-21 18:00:00,30.505768,21.944244,1006.5606,6.111992,1.5261726,0.9990112,60.293232,0.0
2023-07-22 00:00:00,29.497528,21.93045,1005.91315,5.5745344,1.2726111,0.98090786,63.835533,0.0
2023-07-22 06:00:00,32.25186,22.108429,1007.1144,4.653039,2.561303,0.99999994,55.141716,0.0
2023-07-22 12:00:00,30.82547,24.748077,1005.3,0.65180737,3.7889738,0.9999998,70.11923,0.0782907
2023-07-22 18:00:00,29.84732,22.888702,1008.2825,5.2245827,1.7019062,1.0,66.31504,0.0
2023-07-23 00:00:00,29.21408,21.460724,1006.5019,6.1888084,0.66173697,0.9973392,63.05225,0.0
2023-07-23 06:00:00,31.74881,22.608734,1007.45123,2.881938,2.7582536,0.99910915,58.487804,0.0003813766
2023-07-23 12:00:00,29.90628,24.829742,1005.3606,1.7398777,2.928588,1.0,74.273026,0.8000494
2023-07-23 18:00:00,29.178741,23.504547,1007.7381,3.5388565,1.084055,1.0,71.53499,0.0
2023-07-24 00:00:00,28.45932,22.528229,1005.4313,5.7875614,0.34441572,1.0,70.30213,0.004575642
2023-07-24 06:00:00,30.220123,22.005219,1007.09875,4.6950626,2.512524,0.9996099,61.516644,0.0
2023-07-24 12:00:00,30.837555,22.894928,1005.2506,1.876266,3.6889727,1.0,62.679768,0.07188983
2023-07-24 18:00:00,29.170685,21.498444,1007.2944,5.1317997,1.3642836,1.0,63.356735,0.0
2023-07-25 00:00:00,27.408905,23.362091,1005.3644,5.6533813,2.053618,1.0,78.61553,0.05016476
2023-07-25 06:00:00,31.082794,22.813263,1007.04315,4.151947,1.8659573,1.0,61.50377,0.0
2023-07-25 12:00:00,29.43277,24.434357,1005.73315,1.7019259,1.6016302,1.0,74.543465,0.5640939
2023-07-25 18:00:00,28.986847,22.861359,1007.7969,3.599821,1.3472223,1.0,69.57557,0.0
2023-07-26 00:00:00,28.431854,21.65805,1006.6344,5.290864,1.1779833,0.99732625,66.77792,0.0001876615
2023-07-26 06:00:00,31.327545,22.539093,1008.16315,3.3468237,3.0922875,1.0,59.651817,0.020793173
2023-07-26 12:00:00,29.965607,24.346344,1006.6131,3.3439503,4.2939615,0.99960315,71.910866,0.3095237
2023-07-26 18:00:00,28.900055,24.564484,1008.3906,3.55472,2.6698542,0.994301,77.47589,0.0
2023-07-27 00:00:00,28.66684,22.010773,1007.71814,3.814664,1.2574792,0.64487517,67.306816,0.0
2023-07-27 06:00:00,31.77591,22.699982,1008.4675,2.901064,2.8120754,0.7273388,58.7222,0.0
2023-07-27 12:00:00,31.197662,25.029938,1005.53687,1.5440409,5.4033513,0.6538379,69.810715,0.0
2023-07-27 18:00:00,29.12265,25.54129,1008.53125,2.9170141,3.540513,0.9007822,81.06896,0.0
2023-07-28 00:00:00,28.887054,22.108551,1007.7175,4.0406456,0.043631554,0.6559521,66.85019,0.0001906883
2023-07-28 06:00:00,32.335114,22.754364,1007.3281,3.394106,0.7929456,0.34209692,57.080536,0.0
2023-07-28 12:00:00,31.478668,24.916046,1004.7275,1.2551535,5.6734653,0.9999974,68.23838,0.14936924
2023-07-28 18:00:00,29.681244,25.179962,1007.6975,3.524776,4.492838,0.96472526,76.828674,0.0
2023-07-29 00:00:00,28.986542,21.738922,1006.53815,4.6216764,-0.06981373,0.8074597,64.98394,0.0
2023-07-29 06:00:00,32.62967,22.566254,1007.1375,3.0187883,-1.5893593,0.8028046,55.50252,0.0
2023-07-29 12:00:00,31.9805,24.354279,1004.60126,0.42970937,2.7590227,0.68344617,64.13238,0.0
2023-07-29 18:00:00,30.185028,24.854034,1007.78876,3.7554045,4.3980684,0.37645137,73.19937,0.0009534415
2023-07-30 00:00:00,29.295258,21.968292,1006.1138,4.5569115,-0.040462494,0.09002073,64.73435,0.0
2023-07-30 06:00:00,32.917633,21.914703,1006.6175,3.0193157,-1.4815073,0.9931871,52.48639,0.0
2023-07-30 12:00:00,32.11978,24.418488,1003.7606,0.4273886,3.4351244,1.0,63.87391,0.0
2023-07-30 18:00:00,30.02243,24.800201,1006.8594,3.5153363,5.355017,0.9924741,73.64886,0.0
2023-07-31 00:00:00,29.329803,22.12918,1005.66125,3.763279,1.5424957,0.99801654,65.24205,0.0
2023-07-31 06:00:00,32.82486,22.410309,1006.28125,2.176324,-0.7301626,1.0000001,54.37798,0.0
2023-07-31 12:00:00,31.095612,25.623077,1004.105,-0.3426838,4.7006493,1.0,72.73924,0.0
2023-07-31 18:00:00,29.680573,25.256134,1007.21063,3.050281,5.619442,1.0,77.18079,0.0
2023-08-01 00:00:00,29.229889,22.468048,1005.7525,5.2172937,0.023579597,1.0000002,66.986626,0.0
2023-08-01 06:00:00,32.593903,23.891022,1006.325,3.3581,-0.18278694,1.0,60.24894,0.0
2023-08-01 12:00:00,31.131256,25.204498,1004.84937,1.0560606,5.2732773,1.0,70.80784,0.01782924
2023-08-01 18:00:00,29.61795,25.824371,1007.45624,2.275796,4.6579294,1.0,80.11806,0.0
2023-08-02 00:00:00,28.93985,20.673004,1006.84937,4.9436216,0.15232277,1.0,61.035328,0.0
2023-08-02 06:00:00,32.588287,22.199493,1008.27435,1.9522619,0.78225666,0.99333453,54.40526,0.0
2023-08-02 12:00:00,31.329742,24.197906,1005.04,0.9865601,5.8129845,0.9878058,65.92499,0.0
2023-08-02 18:00:00,29.288239,25.8096,1007.70624,2.5485315,5.200017,1.0,81.58513,0.0
2023-08-03 00:00:00,28.774078,20.401642,1006.70624,5.3780947,0.5927973,0.9674255,60.60192,0.0
2023-08-03 06:00:00,32.5419,22.588654,1007.03125,2.616393,2.4108353,0.15675354,55.85378,0.0
2023-08-03 12:00:00,31.48941,24.850128,1004.70624,0.022089958,7.2773876,0.45874828,67.928986,0.0
2023-08-03 18:00:00,29.042755,26.193878,1008.45874,2.7448251,5.860968,0.01043832,84.65465,0.0
2023-08-04 00:00:00,29.03592,23.748077,1008.045,3.2440395,2.1590328,0.15958375,73.19425,0.0
2023-08-04 06:00:00,32.564117,22.106354,1009.46686,0.16679114,1.4557031,0.46606505,54.17127,0.0
2023-08-04 12:00:00,30.968658,25.192291,1006.8706,-0.17971611,6.1072903,0.9981193,71.415436,0.022891909
2023-08-04 18:00:00,29.310272,26.01651,1010.09814,2.451677,5.083181,0.9119448,82.48587,0.0
2023-08-05 00:00:00,29.200409,25.199371,1009.7031,1.9614977,3.478445,0.67725253,79.08118,0.0
2023-08-05 06:00:00,32.70804,21.85904,1010.1781,0.62054014,1.018836,0.18354887,52.92921,0.0
2023-08-05 12:00:00,31.172516,25.464142,1007.5069,-2.099743,4.8902836,0.6380225,71.74089,0.0007630006
2023-08-05 18:00:00,29.882477,25.75528,1010.34875,1.7126704,4.260263,0.82478374,78.58485,0.0
2023-08-06 00:00:00,29.50589,24.408356,1009.70624,2.695435,2.4350739,0.55455005,74.114235,0.0012393575
2023-08-06 06:00:00,32.87686,23.019806,1009.08875,1.0436883,1.2264919,0.9957512,56.26089,0.0
2023-08-06 12:00:00,31.53653,25.542389,1005.2587,-2.0156202,5.250041,0.4733656,70.59779,0.0
2023-08-06 18:00:00,29.139374,26.067047,1008.39124,1.7983975,5.9556093,0.45080578,83.55395,0.0045746565
2023-08-07 00:00:00,29.137543,24.893585,1007.985,1.5242515,2.501007,0.680934,77.93569,0.0
2023-08-07 06:00:00,32.511383,23.345367,1007.055,-0.29882282,1.939626,0.918883,58.57265,0.0
2023-08-07 12:00:00,30.8378,26.305206,1004.5175,-1.4192133,4.6337533,0.44340503,76.85874,0.00877399
2023-08-07 18:00:00,29.152313,25.460968,1007.52814,1.8706758,6.086133,0.6644484,80.54483,0.03337767
2023-08-08 00:00:00,28.579132,25.212677,1006.51,1.4538563,3.8172073,0.92572534,82.0441,0.0
2023-08-08 06:00:00,32.098053,23.052399,1007.7025,-0.44931346,2.2758932,0.995954,58.904446,0.0
2023-08-08 12:00:00,29.996124,26.343658,1006.02563,-0.4682684,5.3319364,0.97326666,80.83851,0.034134835
2023-08-08 18:00:00,29.000763,26.26004,1008.9487,1.8433043,4.3154078,1.0,85.19297,0.0
2023-08-09 00:00:00,28.41455,25.78653,1008.2325,3.1867235,2.6184177,0.9885849,85.70449,0.0
2023-08-09 06:00:00,32.223175,24.168976,1009.4725,-0.12702471,0.6593647,0.79681367,62.558876,0.00095379073
2023-08-09 12:00:00,30.666412,26.005646,1006.8762,0.013791084,2.67794,0.9919492,76.2529,0.014185789
2023-08-09 18:00:00,27.103546,24.536346,1010.4356,0.9205442,3.7582932,0.9307933,85.88738,0.8049258
2023-08-10 00:00:00,26.726776,24.110962,1009.78564,3.5157332,2.4876275,0.9940491,85.60063,0.0
2023-08-10 06:00:00,31.062653,23.800232,1009.6163,1.5451725,0.777092,0.9863215,65.35557,0.007532537
2023-08-10 12:00:00,29.648834,25.332245,1007.5069,-0.36780453,2.8122816,0.60246414,77.672905,0.0
2023-08-10 18:00:00,27.37796,24.91867,1010.58875,2.4312508,1.864811,0.99616194,86.469124,4.2484283
2023-08-11 00:00:00,27.544037,24.82666,1008.315,1.0900308,1.8333398,0.8643394,85.16359,0.0
2023-08-11 06:00:00,30.236237,24.98825,1009.275,0.6919345,1.7656479,0.9752318,73.57136,0.013354465
2023-08-11 12:00:00,29.002777,25.43106,1006.4556,-0.8363733,2.6991844,0.98001117,81.10031,0.49510294
2023-08-11 18:00:00,26.0112,24.239471,1010.66376,4.2721057,3.6569633,0.99295384,89.98414,2.6161163
2023-08-12 00:00:00,26.415009,24.257141,1007.1475,2.9318037,0.6059764,0.922865,87.955734,0.0
2023-08-12 06:00:00,31.319122,24.35382,1008.47186,1.8689146,1.8333912,0.36496234,66.58428,0.006771181
2023-08-12 12:00:00,29.773956,26.191925,1005.0687,0.3888616,3.92045,0.20123577,81.14745,0.3279089
2023-08-12 18:00:00,27.169647,25.289581,1009.84875,0.20306778,3.3813381,0.98692465,89.487305,1.5675426
2023-08-13 00:00:00,27.165741,25.336212,1007.3638,3.3511171,2.9515142,0.9804162,89.75644,0.0
2023-08-13 06:00:00,31.65738,24.049957,1008.3187,3.8188572,1.4854333,0.99762547,64.13675,0.002003042
2023-08-13 12:00:00,30.26004,26.195831,1005.28687,0.80414796,4.1681013,0.9707572,78.93089,0.03757444
2023-08-13 18:00:00,28.986145,26.312408,1008.0606,1.6800878,5.1165476,0.2141903,85.529175,0.0
2023-08-14 00:00:00,28.127716,25.313263,1007.915,2.2634907,2.9742937,0.82456726,84.7322,0.0040084124
2023-08-14 06:00:00,31.038727,24.750885,1008.95624,1.2257748,2.9010494,0.77973396,69.28265,0.0
2023-08-14 12:00:00,29.303253,26.007843,1006.4425,0.5981083,4.086925,0.17776525,82.47703,0.06465241
2023-08-14 18:00:00,28.284607,25.253632,1009.39935,2.630786,5.31326,0.4586299,83.66437,0.0
2023-08-15 00:00:00,27.764435,25.066498,1008.18,2.994639,3.8026092,0.67917246,85.28469,0.0062957406
2023-08-15 06:00:00,30.905426,24.273224,1009.1044,2.4953165,2.456227,0.42461416,67.84435,0.0014305115
2023-08-15 12:00:00,29.600128,25.672272,1006.7556,1.0326309,6.5175133,0.24756163,79.480385,0.0
2023-08-15 18:00:00,28.515839,24.631317,1009.64813,2.945021,6.0458546,0.9733615,79.53923,0.0
2023-08-16 00:00:00,28.124481,24.673004,1008.6213,3.271844,4.460679,0.8675326,81.57382,0.000762986
2023-08-16 06:00:00,30.983917,23.571075,1009.3219,2.600545,3.7800655,0.87341183,64.750084,0.007249182
2023-08-16 12:00:00,29.891388,24.223236,1005.8094,1.0214062,7.000826,0.9945407,71.687386,0.0
2023-08-16 18:00:00,28.022888,24.947174,1009.1475,2.6032996,7.465973,0.95702904,83.41254,0.0
2023-08-17 00:00:00,27.612396,25.038422,1008.1144,4.4214334,4.424304,0.92092663,85.90204,9.534415e-05
2023-08-17 06:00:00,31.506989,22.880096,1008.5087,2.5498695,2.6423368,0.82730067,60.280205,0.0
2023-08-17 12:00:00,29.617828,25.748444,1005.9025,1.2667704,8.540092,0.9970334,79.75887,0.0
2023-08-17 18:00:00,28.662018,25.549591,1008.0062,3.3369865,6.7304807,1.0,83.30232,0.0
2023-08-18 00:00:00,28.577057,22.949615,1006.985,3.9639196,2.9692163,1.0,71.630165,0.0
2023-08-18 06:00:00,31.358063,23.059967,1007.6525,3.1959066,4.071402,1.0,61.458374,0.0
2023-08-18 12:00:00,30.160675,25.473541,1004.7775,0.5947473,7.167129,0.9887087,76.05641,0.0
2023-08-18 18:00:00,29.171295,25.854156,1007.5475,2.8254528,5.422722,1.0,82.35543,0.00047683716
2023-08-19 00:00:00,28.718475,21.763336,1006.3088,4.34785,3.1130662,0.9985165,66.09973,0.0
2023-08-19 06:00:00,31.349152,22.514984,1007.15564,3.1899242,3.2367663,0.94528794,59.49134,0.0
2023-08-19 12:00:00,30.725128,25.125153,1003.72314,0.45351642,5.8916407,0.45414627,72.126564,0.0
2023-08-19 18:00:00,28.910126,25.876495,1007.175,2.5847123,5.254367,0.8659362,83.72021,0.0
2023-08-20 00:00:00,28.616913,22.307526,1006.47687,3.4207497,1.0509951,0.14348823,68.73326,0.0
2023-08-20 06:00:00,31.622345,22.030853,1007.3063,0.89289016,1.1627421,0.010608044,56.8742,0.0
2023-08-20 12:00:00,30.108917,25.339264,1003.715,-1.3134089,4.261257,0.8805627,75.676285,0.0
2023-08-20 18:00:00,29.251373,24.985992,1006.3569,2.9817164,5.1032534,0.38300538,77.85254,0.0
2023-08-21 00:00:00,28.474579,24.763092,1005.9231,1.8071209,3.235261,0.56863743,80.36043,0.0
2023-08-21 06:00:00,31.310333,24.470184,1007.22815,0.84389323,2.262189,0.6615367,67.08343,0.0
2023-08-21 12:00:00,30.479645,26.182648,1003.5694,-3.4017181,2.831586,0.267423,77.88313,0.008008443
2023-08-21 18:00:00,28.935577,25.964264,1006.41187,-1.152874,4.720523,0.6719695,84.032486,0.15384051
2023-08-22 00:00:00,28.106201,24.650787,1005.8187,0.7431197,3.84922,0.41176528,81.55235,0.0
2023-08-22 06:00:00,30.408356,25.017548,1007.0556,0.7002359,3.10304,0.6893763,72.97641,0.0
2023-08-22 12:00:00,30.409332,26.300934,1004.2612,-1.7469654,2.3710718,0.04907469,78.74572,0.0056261197
2023-08-22 18:00:00,28.514679,25.57904,1008.3663,3.221083,4.958773,0.2932061,84.165016,0.02002716
2023-08-23 00:00:00,27.707367,24.572723,1006.8756,1.5232749,2.4831538,0.92874837,83.08376,0.0
2023-08-23 06:00:00,31.442902,24.384369,1007.33,0.69629914,1.5099356,0.80161685,66.23823,0.0
2023-08-23 12:00:00,30.056671,26.450104,1004.12,-0.8230772,4.500866,0.17866558,81.06538,0.01907337
2023-08-23 18:00:00,29.283813,25.995087,1007.29126,1.2409451,5.961931,0.3732171,82.50734,0.0
2023-08-24 00:00:00,28.039307,25.56668,1006.6763,1.6666718,4.076638,0.9568562,86.4622,0.0
2023-08-24 06:00:00,31.804718,23.88919,1006.97565,1.0458188,2.2879727,0.50660115,62.99142,0.00028591603
2023-08-24 12:00:00,30.276764,26.080109,1004.2975,-0.19856262,6.698832,0.5500493,78.31757,0.0
2023-08-24 18:00:00,28.83371,25.451385,1007.2394,2.184487,6.561364,0.9778798,81.99732,0.0
2023-08-25 00:00:00,28.480011,25.641388,1006.1987,2.8754392,3.7835388,0.997034,84.64732,0.0
2023-08-25 06:00:00,31.865265,23.005524,1007.0637,1.4919109,3.1751072,0.904569,59.517117,0.0
2023-08-25 12:00:00,30.394196,25.51883,1005.1225,-0.29958153,6.346217,0.5665449,75.24695,0.0
2023-08-25 18:00:00,28.71045,25.417755,1008.3269,1.465239,7.4254713,0.15907308,82.42051,0.0
2023-08-26 00:00:00,28.382935,25.41275,1007.2875,2.3162093,5.282891,0.9827631,83.9782,0.0009536743
2023-08-26 06:00:00,31.509064,24.088348,1008.1856,0.9298243,4.1058397,0.9804813,64.82857,0.0
2023-08-26 12:00:00,30.040802,25.326569,1005.3725,-0.033266068,6.590552,0.39445162,75.91556,0.0
2023-08-26 18:00:00,28.629608,25.03543,1009.0094,1.4155284,6.7907457,0.112412244,80.9449,0.0
2023-08-27 00:00:00,28.078308,24.772675,1008.20624,2.5607588,3.9672315,0.24298334,82.28209,0.0
2023-08-27 06:00:00,31.30716,24.777496,1008.78937,1.0267009,2.343233,0.917868,68.33975,0.0011445954
2023-08-27 12:00:00,29.974274,26.21756,1006.09436,-0.65511036,4.0203047,0.91288537,80.339554,0.0038156286
2023-08-27 18:00:00,29.039154,25.722198,1009.0419,1.7022406,6.6454697,0.81005394,82.340706,0.0026691705
2023-08-28 00:00:00,28.145172,25.402374,1007.3187,2.2821417,2.6647139,0.69877565,85.0958,0.0
2023-08-28 06:00:00,31.532135,25.01004,1008.5025,0.674313,2.411782,0.8236531,68.41377,0.0
2023-08-28 12:00:00,29.911041,25.9169,1005.46313,1.0706596,4.9621577,0.5921204,79.21081,0.0
2023-08-28 18:00:00,28.78012,25.60257,1008.165,2.0855997,6.276327,0.95888585,82.99428,0.00038230792
2023-08-29 00:00:00,28.234375,25.114471,1006.02374,3.7585664,4.2540207,1.0000001,83.21694,0.0
2023-08-29 06:00:00,31.566437,24.785736,1007.6163,0.10757959,2.4144773,0.9245368,67.37282,0.011064112
2023-08-29 12:00:00,29.63089,26.264862,1004.72876,1.0963845,5.6817884,0.86953706,82.17206,0.0151619315
2023-08-29 18:00:00,27.408722,25.175323,1008.76373,4.8127713,2.4389896,0.9921694,87.643936,0.8346079
2023-08-30 00:00:00,26.749207,24.224792,1006.28125,4.3840227,-0.11664963,1.0,86.07346,0.0
2023-08-30 06:00:00,30.97818,24.780762,1007.265,2.6602983,-0.4486208,0.83605105,69.6465,0.0
2023-08-30 12:00:00,29.686066,25.552155,1005.3044,1.7888371,2.849934,0.9497183,78.52605,0.049866736
2023-08-30 18:00:00,28.624176,25.459686,1008.34937,3.328495,3.2417626,0.9748957,83.04082,0.09833276
2023-08-31 00:00:00,27.4617,24.012909,1006.4575,3.157463,0.6350871,0.65544796,81.504974,0.0
2023-08-31 06:00:00,31.28421,24.46634,1007.4525,1.1703281,2.0894594,0.30878082,67.167786,0.0064838678
2023-08-31 12:00:00,29.643219,25.702179,1005.445,1.115818,3.3264294,0.4713779,79.42408,0.01555495
2023-08-31 18:00:00,27.952301,25.898407,1008.7581,3.3495145,2.2145767,0.69896466,88.62831,0.0
2023-09-01 00:00:00,26.642853,24.593414,1006.96375,2.0969572,0.8842182,0.22612822,88.54742,0.0
2023-09-01 06:00:00,30.674591,24.503784,1008.3719,0.7332731,3.2601354,0.07281411,69.70089,0.01783669
2023-09-01 12:00:00,30.141388,25.609528,1005.1825,1.9660845,6.293641,0.32313216,76.758,0.031039119
2023-09-01 18:00:00,28.40866,25.361206,1008.975,3.2698526,5.18614,0.9681385,83.596176,0.0
2023-09-02 00:00:00,27.967682,25.244232,1006.7562,3.618287,3.3277273,0.8086184,85.175735,0.03413194
2023-09-02 06:00:00,31.37857,24.805115,1008.09125,2.81816,4.4505076,0.34281254,68.17501,0.0
2023-09-02 12:00:00,29.736969,25.6492,1004.3375,2.273292,6.6107607,0.049781162,78.74854,0.008750707
2023-09-02 18:00:00,28.46756,25.601532,1008.1456,3.1547518,4.9330316,0.2773593,84.508446,0.0
2023-09-03 00:00:00,27.818634,24.649689,1006.125,4.0210195,3.5627341,0.41993982,82.926315,0.0
2023-09-03 06:00:00,30.800323,24.795654,1006.7575,2.7313032,5.2175674,0.8905254,70.41984,0.0025760382
2023-09-03 12:00:00,29.762543,25.200806,1003.04376,1.9068238,6.0856104,0.5532706,76.56483,0.00352785
2023-09-03 18:00:00,28.287811,25.01419,1005.32,2.4518719,3.3844218,0.9775931,82.46429,0.039570034
2023-09-04 00:00:00,27.855194,22.876007,1003.61127,4.808572,2.5229576,0.99960333,74.37227,0.0
2023-09-04 06:00:00,31.203888,23.646576,1004.91437,4.0745754,2.8090491,0.93225765,64.2348,0.0
2023-09-04 12:00:00,29.705353,26.011261,1002.6394,2.6675813,5.0523157,1.0,80.60284,0.6252229
2023-09-04 18:00:00,28.78543,24.641998,1004.6219,4.2190323,3.0112996,1.0,78.354576,0.0
2023-09-05 00:00:00,28.619843,22.133392,1003.6975,5.1492214,2.46564,0.9924563,67.996925,0.0
2023-09-05 06:00:00,28.614471,22.848358,1005.5156,4.6604013,3.6535146,1.0000001,71.03774,0.05493313
2023-09-05 12:00:00,30.504303,25.179962,1002.4075,3.0078652,4.3860636,0.9983223,73.2822,0.0
2023-09-05 18:00:00,28.882782,24.8721,1005.51935,4.2932234,2.5088959,0.9648548,78.99202,0.0006556511
2023-09-06 00:00:00,27.830597,22.63858,1004.91626,4.1615973,4.127079,0.9791863,73.41463,0.009274451
2023-09-06 06:00:00,30.867584,23.98059,1006.64124,4.183178,5.0953426,0.97923946,66.80747,0.0
2023-09-06 12:00:00,29.726349,25.971039,1004.4894,3.3860197,6.080724,0.9559662,80.31405,0.11569198
2023-09-06 18:00:00,27.941803,25.841766,1006.95374,3.2265167,5.3596077,0.9950683,88.385544,0.34124282
2023-09-07 00:00:00,27.7471,24.105621,1005.96436,4.5332117,4.2988796,0.99910915,80.60336,0.0
2023-09-07 06:00:00,30.329987,24.049896,1007.54315,3.722311,4.9044733,0.99077225,69.181404,0.0
2023-09-07 12:00:00,29.225494,26.025116,1004.65314,3.5735018,5.6798773,0.757679,82.93306,0.19059144
2023-09-07 18:00:00,27.920685,25.003265,1008.0181,3.8422375,5.7536373,0.9972598,84.19238,0.0
2023-09-08 00:00:00,27.853119,23.9935,1007.5656,2.8441722,4.3459277,0.99812037,79.5684,0.00027567148
2023-09-08 06:00:00,31.042755,24.099884,1008.53625,3.7106247,4.735856,0.35620397,66.6186,0.01794193
2023-09-08 12:00:00,29.64383,25.883698,1005.8225,1.9672725,5.0802517,0.73887044,80.28037,0.08879509
2023-09-08 18:00:00,28.912079,26.11673,1008.03,3.2932587,4.496182,0.9788619,84.909386,0.0
2023-09-09 00:00:00,28.226135,24.193695,1006.9494,3.556534,4.589916,0.5198326,78.79818,0.0
2023-09-09 06:00:00,30.836334,23.936676,1007.40436,2.507307,4.4556212,0.19854373,66.75041,0.0
2023-09-09 12:00:00,29.73233,25.638214,1005.21564,1.6964235,6.7158546,0.9077868,78.71823,0.018119812
2023-09-09 18:00:00,28.221039,25.464264,1007.0206,2.678338,5.9928665,0.9421554,85.032875,0.0
2023-09-10 00:00:00,28.148315,24.394012,1005.57935,4.3660755,3.4210725,0.87034196,80.11215,0.018499792
2023-09-10 06:00:00,30.830475,24.271576,1006.6262,3.5928812,3.3293529,0.94718367,68.12857,0.0
2023-09-10 12:00:00,30.220367,26.290192,1003.66376,1.1058059,6.137721,0.91015965,79.55291,0.06859284
2023-09-10 18:00:00,28.688202,25.886993,1006.6119,2.2013435,6.1064386,0.91356903,84.85692,0.0
2023-09-11 00:00:00,28.489502,22.956268,1005.1975,5.025728,1.8164066,0.58309287,72.024345,9.49949e-05
2023-09-11 06:00:00,31.174347,24.066315,1006.8656,4.268548,3.1835923,0.9090857,65.987686,0.00381656
2023-09-11 12:00:00,29.981842,25.163483,1003.84875,3.2572138,4.869467,0.97769755,75.43739,0.33240765
2023-09-11 18:00:00,28.543488,23.050598,1007.16376,3.9497309,0.79500365,0.98762155,72.209915,0.0
2023-09-12 00:00:00,28.614105,22.451752,1005.5538,4.5755014,2.488072,0.98960036,69.34998,0.0001899898
2023-09-12 06:00:00,31.368439,23.357452,1007.4919,1.3027428,3.2425308,0.85624856,62.53623,0.0
2023-09-12 12:00:00,29.033722,25.668976,1004.97687,1.63198,5.1702337,0.982684,82.10699,1.4691353
2023-09-12 18:00:00,28.30185,25.954742,1008.1981,1.2647121,4.794626,0.9995054,87.13199,0.0
2023-09-13 00:00:00,28.05893,25.739471,1005.895,2.5782719,3.3463333,1.0000001,87.253334,0.0
2023-09-13 06:00:00,31.054962,24.344574,1007.6831,2.62368,2.9451394,0.99345094,67.55633,0.0
2023-09-13 12:00:00,29.53189,26.30069,1004.4931,0.82644176,5.837884,0.98310626,82.8173,0.22891164
2023-09-13 18:00:00,28.49768,26.092804,1007.7381,2.9893267,5.2123537,1.0,86.852196,0.0
2023-09-14 00:00:00,28.170837,24.5336,1006.4875,2.9749575,3.5595756,0.99497074,80.678474,0.0
2023-09-14 06:00:00,30.862457,23.914398,1007.5656,1.960637,5.0138984,0.9996095,66.56174,0.0
2023-09-14 12:00:00,29.33487,25.858185,1005.2469,2.175066,6.532387,0.8432514,81.60029,0.07496029
2023-09-14 18:00:00,28.33081,25.81961,1007.78436,3.2654123,6.2068515,0.5049759,86.29187,0.0
2023-09-15 00:00:00,27.967743,24.371002,1006.97626,3.5464392,5.7285557,0.4654128,80.84827,0.0052452087
2023-09-15 06:00:00,30.492218,24.359161,1008.6362,3.6549406,6.2361603,0.29715735,69.82469,0.0
2023-09-15 12:00:00,29.490875,25.228912,1005.63,2.2973688,7.881173,0.50178826,77.90291,0.034354627
2023-09-15 18:00:00,28.3992,25.173004,1008.69,2.8823225,6.624967,0.41424817,82.71067,0.0817247
2023-09-16 00:00:00,28.031403,24.580353,1007.7175,3.5103726,3.1152864,0.34245473,81.56444,0.0
2023-09-16 06:00:00,30.784088,24.307098,1008.4725,3.5805197,5.3379993,0.64021873,68.45492,0.0
2023-09-16 12:00:00,29.894684,25.556183,1005.4875,2.285989,6.7857146,0.2729038,77.60752,0.005614452
2023-09-16 18:00:00,27.518097,25.148651,1008.53687,3.928853,5.6814375,0.82686096,86.946335,0.0
2023-09-17 00:00:00,27.87613,24.47818,1007.195,2.735806,2.7117853,1.0,81.804886,0.0029510548
2023-09-17 06:00:00,29.867218,23.863281,1008.5075,2.0257566,1.9710813,0.99999994,70.25206,0.0
2023-09-17 12:00:00,29.471344,24.991547,1004.2125,0.33860874,6.728178,0.5658186,76.895645,0.12719631
2023-09-17 18:00:00,26.63321,24.917084,1008.1975,3.714088,3.5963328,0.99328774,90.32728,0.36383507
2023-09-18 00:00:00,26.680145,24.488922,1006.2444,3.2360435,4.2734103,1.0,87.80256,0.0
2023-09-18 06:00:00,29.0253,24.636505,1008.4406,3.7524452,4.5769196,0.98064524,77.24811,0.069436185
2023-09-18 12:00:00,29.246857,25.098816,1005.22687,1.3996415,6.9935064,0.9970333,78.398315,0.0
2023-09-18 18:00:00,27.88095,25.162659,1009.0544,4.2524643,4.376395,1.0,85.193115,0.0
2023-09-19 00:00:00,26.082336,24.101349,1007.33124,3.6129189,3.7618122,1.0000074,88.8668,0.18597235
2023-09-19 06:00:00,28.4794,24.847382,1009.1238,3.333147,3.4321399,0.9781197,80.74327,0.0
2023-09-19 12:00:00,29.098907,25.268097,1005.9881,0.9485643,5.2018385,0.9995039,79.872696,0.015161077
2023-09-19 18:00:00,27.649445,25.440948,1009.72,2.8339531,3.8496137,0.99443966,87.79441,0.0
2023-09-20 00:00:00,26.804596,24.419586,1008.3688,3.6403375,4.658785,0.95148325,86.80075,0.0
2023-09-20 06:00:00,30.976349,24.76358,1009.03815,2.802865,3.1645641,0.83426833,69.58232,0.002289191
2023-09-20 12:00:00,29.678741,25.762482,1005.6919,0.80967045,3.9939177,0.79960614,79.545654,0.003909692
2023-09-20 18:00:00,28.366394,25.81723,1009.5062,2.4424446,6.3296146,0.62457633,86.10132,0.0
2023-09-21 00:00:00,27.577423,25.606476,1008.2919,2.9361858,2.611675,0.95869684,89.03592,0.0
2023-09-21 06:00:00,30.734406,25.184296,1009.4475,0.37234747,2.5111694,0.9893976,72.34268,0.0053416006
2023-09-21 12:00:00,29.527252,25.91629,1006.2475,-0.19924545,4.942816,0.15657562,80.97772,0.0
2023-09-21 18:00:00,28.367401,25.679047,1009.12,1.4586893,5.1907206,0.6234163,85.3938,0.0007599592
2023-09-22 00:00:00,27.446014,25.482605,1008.35876,2.0026045,4.294152,0.416992,89.06575,0.0211671
2023-09-22 06:00:00,30.281158,24.99942,1009.3688,0.94294393,3.8798013,0.62201804,73.430954,0.0
2023-09-22 12:00:00,29.217438,25.190826,1006.3131,0.9133549,6.5491734,0.7641423,78.9632,0.0
2023-09-22 18:00:00,28.143982,25.174927,1008.9869,1.4099272,6.832162,0.82248735,83.95787,0.05170703
2023-09-23 00:00:00,28.051147,24.86792,1007.96564,2.5323138,4.505921,0.195391,82.8824,0.01001358
2023-09-23 06:00:00,31.217804,24.412292,1009.13,1.6484194,3.8810081,0.18166187,67.20441,0.0
2023-09-23 12:00:00,29.573761,25.222382,1005.87,0.062983334,6.4324307,0.030037599,77.50139,0.05434018
2023-09-23 18:00:00,27.814514,25.303192,1009.405,3.0389647,5.3384066,0.86406577,86.242485,0.61491203
2023-09-24 00:00:00,27.822968,24.358246,1008.3,3.6348667,0.58953,0.9064456,81.471924,0.0
2023-09-24 06:00:00,31.445953,23.863129,1008.8056,1.5639143,1.0878706,0.76129305,64.18711,0.0
2023-09-24 12:00:00,30.309723,26.024261,1005.2575,0.63322663,5.0492163,0.51454204,77.91191,0.18781424
2023-09-24 18:00:00,28.65976,25.786163,1008.1806,1.5491219,4.866369,0.40589207,84.490776,0.0
2023-09-25 00:00:00,27.737274,23.904083,1007.555,2.8888648,-1.1992521,0.9509896,79.67922,0.0061020255
2023-09-25 06:00:00,30.72879,23.449554,1008.0062,1.3092413,0.8877426,0.8223742,65.22065,0.0
2023-09-25 12:00:00,29.68106,25.978546,1004.03064,-0.57330036,3.92311,0.8068216,80.55955,0.7167875
2023-09-25 18:00:00,28.690094,25.889313,1007.6931,3.0529528,5.195099,0.6553656,84.859245,0.0
2023-09-26 00:00:00,27.656769,24.325836,1006.54376,1.7187424,2.4499836,0.9563297,82.10724,0.0
2023-09-26 06:00:00,30.438019,22.882416,1008.16,1.703536,0.9304123,0.9944397,64.07988,0.01544971
2023-09-26 12:00:00,28.544708,25.031158,1005.47687,-1.4114561,2.6511612,0.9985165,81.32416,0.14724118
2023-09-26 18:00:00,28.281097,25.927826,1007.7625,2.3807325,4.9787555,0.97912556,87.098335,0.0
2023-09-27 00:00:00,27.661652,25.673553,1006.6869,2.8812654,0.9511719,0.98842746,88.951836,0.02001971
2023-09-27 06:00:00,31.621613,23.803925,1007.3706,1.3052721,2.3114738,0.3030349,63.323776,0.0
2023-09-27 12:00:00,29.268524,25.536041,1004.64813,1.5623171,5.183282,0.9376443,80.36326,0.12207031
2023-09-27 18:00:00,28.017548,25.464874,1007.9881,1.8969536,2.9233441,0.7376405,86.05007,0.0
2023-09-28 00:00:00,27.397797,24.949677,1006.1175,3.5071542,2.7232652,0.9893862,86.52861,0.022888184
2023-09-28 06:00:00,31.318512,23.879425,1008.33,3.0435839,3.706803,0.9940669,64.717476,0.0
2023-09-28 12:00:00,29.512604,25.638428,1004.8081,1.8776531,4.1319103,0.95862544,79.722176,1.0485741
2023-09-28 18:00:00,27.960602,25.341461,1008.10815,3.3774843,3.2779808,0.828453,85.70524,0.0
2023-09-29 00:00:00,27.66452,22.926605,1006.6262,4.3864536,3.9716446,0.5644609,75.43607,0.0
2023-09-29 06:00:00,31.06961,23.860199,1008.47626,4.722973,5.0501537,0.1922915,65.5657,0.005636364
2023-09-29 12:00:00,29.993439,24.494781,1005.65436,4.6153154,5.0046825,0.66658413,72.43694,0.24104127
2023-09-29 18:00:00,28.721893,24.66098,1009.035,4.260668,5.149582,0.9314849,78.73308,0.0
2023-09-30 00:00:00,27.888489,24.653595,1007.58813,4.304232,4.0457726,0.9295788,82.60813,0.0
2023-09-30 06:00:00,31.572906,24.484528,1008.7606,3.6905375,4.5349874,0.23210263,66.14613,0.0
2023-09-30 12:00:00,28.484406,25.65622,1006.1794,2.8172588,6.0020733,0.9140519,84.70021,0.15035734
2023-09-30 18:00:00,28.216095,24.702179,1009.10065,4.462613,5.0515957,0.98069715,81.28136,0.0
2023-10-01 00:00:00,27.598236,24.295197,1007.3825,4.425563,3.9463797,0.9245307,82.23757,0.009816838
2023-10-01 06:00:00,30.220367,24.500458,1009.1269,3.9241972,5.0821667,0.72853243,71.5236,0.0030586608
2023-10-01 12:00:00,30.105133,24.749573,1005.76,2.5849972,5.998187,0.3113137,73.07859,0.0
2023-10-01 18:00:00,28.649384,24.678314,1009.16187,3.74014,5.9524784,0.47389978,79.14695,0.004288003
2023-10-02 00:00:00,27.597351,24.110077,1008.0606,3.8749588,3.8117533,0.9324226,81.33371,0.0
2023-10-02 06:00:00,30.94046,24.349762,1009.08,3.9337053,5.3516636,0.358132,68.02012,0.019072805
2023-10-02 12:00:00,29.30252,25.566803,1006.5325,2.7384226,6.7010584,0.15105253,80.35224,0.08156252
2023-10-02 18:00:00,28.238037,25.327148,1009.0444,3.7233658,6.960739,0.30836064,84.259155,0.0
2023-10-03 00:00:00,27.60028,24.621674,1008.1306,3.9322996,5.015253,0.45548493,83.8506,0.00066752546
2023-10-03 06:00:00,30.779694,24.595978,1009.6813,2.525261,4.1432652,0.27277043,69.6666,0.05960255
2023-10-03 12:00:00,29.824493,25.309967,1006.86127,2.261642,7.2598047,0.4862011,76.78959,0.0
2023-10-03 18:00:00,28.311066,25.48996,1009.83185,2.60311,7.067192,0.12059028,84.717766,0.0
2023-10-04 00:00:00,27.757294,25.515228,1007.975,3.6189184,5.3151813,0.43193054,87.62868,0.0009536743
2023-10-04 06:00:00,31.123688,24.217377,1009.20435,2.2174978,4.8661685,0.6449674,66.78105,0.011064112
2023-10-04 12:00:00,29.551422,25.901642,1006.9444,1.5507376,6.5033092,0.2686702,80.79485,0.0
2023-10-04 18:00:00,28.227386,25.763092,1009.8056,2.72642,6.54799,0.93611413,86.52244,0.0
2023-10-05 00:00:00,27.53534,24.357086,1007.97,3.6764345,3.531927,0.03637221,82.84737,0.0
2023-10-05 06:00:00,31.089264,24.542206,1008.58624,1.0056648,3.385643,0.12918127,68.22685,0.0013350509
2023-10-05 12:00:00,29.743805,25.861725,1006.14185,0.034230232,5.8384824,0.24403435,79.71567,0.0029564835
2023-10-05 18:00:00,28.403656,25.94748,1008.27686,1.8889341,5.976837,0.48305997,86.58039,0.0
2023-10-06 00:00:00,27.703644,25.5867,1007.6369,2.8524766,0.5546823,0.7775867,88.27764,0.038050115
2023-10-06 06:00:00,31.666412,22.26529,1008.405,2.298874,2.6657257,0.44159573,57.54801,0.0
2023-10-06 12:00:00,30.118439,25.426544,1005.5725,-0.17468452,4.143729,0.89404386,76.02843,0.0
2023-10-06 18:00:00,28.538666,26.379059,1007.8663,1.5312004,4.811241,0.31120571,88.1234,0.0
2023-10-07 00:00:00,28.289001,26.108307,1006.6431,2.0313554,3.0383778,0.18411613,87.993,0.0001899898
2023-10-07 06:00:00,30.933746,25.818634,1008.23126,0.66944027,3.7970915,0.1917592,74.27021,0.0015269034
2023-10-07 12:00:00,29.063019,26.148712,1007.0588,1.5311518,3.7602131,0.3335452,84.330025,0.71401566
2023-10-07 18:00:00,28.322601,25.678467,1009.77686,-0.051403105,5.1048822,0.62572455,85.61366,0.0
2023-10-08 00:00:00,27.89862,25.393219,1009.1131,2.6987982,4.3614397,0.5698921,86.28081,0.0307085
2023-10-08 06:00:00,30.642487,25.597748,1010.1069,0.08707142,4.5723553,0.15436089,74.53349,0.0
2023-10-08 12:00:00,29.375763,25.290436,1007.9375,0.15817642,4.9812145,0.21314189,78.70968,0.0
2023-10-08 18:00:00,28.220123,25.579834,1011.48627,1.6857853,5.6238127,0.048123274,85.62311,0.0067772344
2023-10-09 00:00:00,27.912018,25.07077,1010.35187,1.7026715,3.762957,0.45625532,84.57459,0.0
2023-10-09 06:00:00,30.812164,25.128082,1011.66437,0.6954774,3.3860362,0.17876358,71.78131,0.0
2023-10-09 12:00:00,29.209137,25.883759,1009.2625,-0.17792416,4.6691275,0.32933706,82.319725,0.17453358
2023-10-09 18:00:00,28.38858,25.760376,1012.0606,2.6538687,4.7505674,0.6160638,85.701065,0.0
2023-10-10 00:00:00,27.730469,24.87918,1010.275,1.5946381,3.2203524,0.5280209,84.50482,0.0011436641
2023-10-10 06:00:00,30.617462,25.070282,1011.21875,0.66317,3.7711356,0.23026127,72.3351,0.0
2023-10-10 12:00:00,29.40152,25.360565,1007.5588,-0.07695484,4.8012705,0.07107549,78.92126,0.0017136335
2023-10-10 18:00:00,28.564148,25.402588,1010.67065,2.174674,4.807043,0.8511006,83.04842,0.0003837049
2023-10-11 00:00:00,27.049896,24.866547,1009.72437,2.2018862,3.354475,0.75535965,87.87521,0.030416995
2023-10-11 06:00:00,31.116852,24.523712,1010.4462,1.5957563,2.2238219,0.42902356,68.044334,0.0
2023-10-11 12:00:00,28.460846,25.684845,1007.7325,0.013401985,4.75858,0.29345006,84.960396,0.8459212
2023-10-11 18:00:00,27.110748,25.170624,1011.3194,3.1801543,4.0181932,0.7231353,89.163574,0.0
2023-10-12 00:00:00,26.473694,24.557281,1009.86127,2.265505,3.2207365,0.96251744,89.2415,0.0
2023-10-12 06:00:00,29.640778,24.32132,1011.6838,-0.5206013,1.7414465,0.9888918,73.157814,0.045686543
2023-10-12 12:00:00,29.12326,25.230682,1009.3725,-1.0535345,1.6822155,0.9728214,79.58286,0.03911969
2023-10-12 18:00:00,27.561005,24.975403,1012.14185,-0.3030529,1.9980888,0.971996,85.83752,0.0
2023-10-13 00:00:00,27.33432,24.867737,1011.1225,-0.47615474,2.4318953,0.49974447,86.427444,0.0
2023-10-13 06:00:00,29.68753,24.450714,1012.9319,-0.7357111,2.4666138,0.797352,73.52874,0.016788952
2023-10-13 12:00:00,29.076202,24.495758,1009.335,-1.054307,0.7284508,0.5993448,76.375206,0.00085681677
2023-10-13 18:00:00,27.838318,24.675568,1012.71814,-2.2457752,2.4600592,0.6825798,82.959274,0.0
2023-10-14 00:00:00,26.473938,24.297943,1011.8256,0.6025543,3.311516,0.9773313,87.86514,0.15818404
2023-10-14 06:00:00,28.162628,24.57077,1012.60565,1.0604498,-0.77404785,0.9999998,80.89675,0.0
2023-10-14 12:00:00,28.26297,24.37854,1009.35876,-1.2786684,1.1031542,0.95289135,79.50547,0.019662634
2023-10-14 18:00:00,27.19284,24.207886,1012.545,0.3243971,1.4609518,1.0,83.77394,0.4146459
2023-10-15 00:00:00,25.589813,23.675476,1009.875,2.0291593,-0.530303,0.99961025,89.1855,0.0
2023-10-15 06:00:00,28.947418,23.717438,1011.2,2.1174488,2.007224,0.99475104,73.43462,0.0
2023-10-15 12:00:00,27.378448,25.228973,1007.2494,-1.4901953,1.5204668,0.8979774,88.08035,1.9288249
2023-10-15 18:00:00,27.239044,25.301361,1010.4412,1.3591518,3.237361,0.97052747,89.18628,0.0
2023-10-16 00:00:00,25.922394,24.063293,1009.4462,1.7125998,-0.14426899,0.8468854,89.50725,0.0
2023-10-16 06:00:00,28.433441,24.360687,1010.8525,-0.33155143,0.18085003,0.9120973,78.63696,0.0
2023-10-16 12:00:00,27.897644,24.542114,1008.8781,-1.5240602,0.7060299,0.77250254,82.01541,0.0
2023-10-16 18:00:00,27.294464,24.558868,1011.41,0.22629261,0.054050446,0.975908,85.04545,0.13743871
2023-10-17 00:00:00,25.924316,23.86911,1010.45624,0.8167882,-3.0449028,0.9954653,88.45888,0.0
2023-10-17 06:00:00,29.173126,24.39563,1011.71564,-1.4162455,-2.8066225,0.9735422,75.494415,0.021936186
2023-10-17 12:00:00,28.853058,24.092041,1008.9475,-2.6785116,-2.6142712,0.8425106,75.518654,0.0
2023-10-17 18:00:00,28.08902,24.33548,1011.42065,-3.3602448,-4.137352,0.96138465,80.108025,0.0010486692
2023-10-18 00:00:00,27.949554,23.901978,1010.54,-2.3620825,-4.133918,0.97039324,78.68793,0.0
2023-10-18 06:00:00,29.657318,23.58191,1012.39185,-3.842967,-2.4639215,0.99999887,69.91178,0.003051944
2023-10-18 12:00:00,29.199677,23.86148,1009.9169,-2.3704605,-2.8098764,0.9999988,73.00066,0.0
2023-10-18 18:00:00,27.808136,24.059052,1012.2969,-1.9957552,-1.2524891,0.986529,80.09232,9.533687e-05
2023-10-19 00:00:00,27.494781,23.95578,1010.5581,-0.34941292,-1.8526583,0.9295963,81.068596,0.0016220219
2023-10-19 06:00:00,28.966217,24.24997,1013.0613,-2.230627,-2.6853657,0.7040911,75.7395,0.28601333
2023-10-19 12:00:00,28.431366,24.892487,1009.7225,-1.7532473,-2.1030865,0.43199587,81.18723,0.0
2023-10-19 18:00:00,27.182709,24.779694,1012.1306,-1.4832497,-0.27125645,0.263824,86.74197,0.005335547
2023-10-20 00:00:00,27.26352,23.380096,1011.0,0.03971672,-1.4041033,0.07016216,79.37434,0.0
2023-10-20 06:00:00,29.737823,22.591583,1012.1756,-1.684372,-1.5592337,0.38597578,65.54261,0.00028591603
2023-10-20 12:00:00,29.110748,22.612823,1008.895,-2.9460897,-1.4944315,0.0070266724,68.04524,0.0
2023-10-20 18:00:00,27.969025,23.868683,1012.20435,-1.4959679,0.8375416,0.80513483,78.441444,0.0
2023-10-21 00:00:00,26.119415,23.802032,1010.9075,1.6345072,-2.0226831,0.97122204,87.091545,0.34104407
2023-10-21 06:00:00,29.181671,24.088501,1012.3894,-0.4490013,-3.5107698,0.3963232,74.080246,0.0
2023-10-21 12:00:00,29.241669,24.717926,1010.09064,-3.4036274,-3.0057306,0.22454143,76.65976,0.0
2023-10-21 18:00:00,27.828949,25.041504,1012.4981,-0.1389513,-0.18404293,0.94255966,84.83752,0.0043809414
2023-10-22 00:00:00,26.388275,24.164001,1011.60376,0.79017895,-2.2517166,0.98090065,87.60384,0.10394901
2023-10-22 06:00:00,29.725494,23.908417,1012.40186,0.048101425,-3.0667849,0.9281855,71.01976,0.0
2023-10-22 12:00:00,29.66269,24.158234,1009.1375,-2.4717274,-2.6540804,0.33380568,72.35452,0.0
2023-10-22 18:00:00,28.709778,24.627472,1011.9363,-2.147396,-0.07237053,0.38818753,78.63075,0.0
2023-10-23 00:00:00,26.508331,23.604462,1011.33563,1.0196474,-1.4671764,0.9868852,84.10811,0.23535752
2023-10-23 06:00:00,29.948761,22.74295,1012.0425,0.287282,0.44123393,0.6671897,65.34954,0.0
2023-10-23 12:00:00,28.407257,24.414398,1009.13873,-0.22117233,4.3399386,0.17619962,79.010506,0.04921481
2023-10-23 18:00:00,27.766754,24.941315,1011.29565,2.2603135,4.6589785,0.13319176,84.63908,0.0
2023-10-24 00:00:00,27.243591,24.401672,1010.72815,1.5712346,2.063673,0.24876016,84.500656,0.00333786
2023-10-24 06:00:00,30.164215,23.120087,1011.49,0.5161227,1.6428163,0.28101295,66.036835,0.019744039
2023-10-24 12:00:00,29.282501,24.418915,1008.925,-0.97202396,3.415467,0.513089,75.12344,0.0
2023-10-24 18:00:00,28.46286,24.542908,1012.02686,-0.1062088,3.3734703,0.67400306,79.363716,0.0
2023-10-25 00:00:00,27.421173,24.613708,1011.1937,2.2880418,2.4174807,0.38497758,84.693794,0.045970082
2023-10-25 06:00:00,29.95816,24.293488,1012.9869,0.25536743,0.36431736,0.23732094,71.714134,0.0
2023-10-25 12:00:00,29.171967,24.401886,1010.25,-1.9899778,2.1896079,0.24748555,75.527756,0.0
2023-10-25 18:00:00,28.04129,24.210358,1012.5556,-1.2631779,2.2914588,0.16138196,79.73087,0.0
2023-10-26 00:00:00,27.258392,23.98233,1011.41876,0.34284973,0.044310927,0.22599292,82.33021,0.000762986
2023-10-26 06:00:00,29.87564,23.07077,1013.2875,-0.96598244,-2.2113123,0.30992573,66.94079,0.004387228
2023-10-26 12:00:00,28.948883,23.28012,1009.77185,-3.3675013,-2.4994202,0.06364738,71.51753,0.0
2023-10-26 18:00:00,28.38205,23.463928,1012.0875,-4.0103407,-1.252573,0.018704116,74.73332,0.0
2023-10-27 00:00:00,27.58023,23.452484,1010.22064,-2.412322,-1.5667934,0.36039853,78.25683,0.032043085
2023-10-27 06:00:00,29.265778,23.65335,1011.7006,-3.0407543,-1.8501492,0.30993962,71.817215,0.032906473
2023-10-27 12:00:00,29.044891,23.645203,1008.41,-3.7097483,-2.1144428,0.08874848,72.70458,0.0
2023-10-27 18:00:00,27.838348,23.508911,1011.70435,-3.3803282,-0.3130741,0.3077947,77.34809,0.0
2023-10-28 00:00:00,27.177094,23.747986,1010.10126,-1.9933004,-0.07421398,0.9467224,81.566216,0.112149864
2023-10-28 06:00:00,29.494781,24.585602,1012.055,-3.676135,0.4084096,0.17538932,74.9526,0.0
2023-10-28 12:00:00,29.090118,23.917389,1008.6181,-3.4842615,-0.94822884,0.6188089,73.711914,0.0
2023-10-28 18:00:00,28.098541,23.90335,1011.4888,-2.7955208,-1.4488611,0.9985166,78.01386,0.00026077032
2023-10-29 00:00:00,26.85788,23.846222,1010.28314,-1.4814253,-2.8120756,0.99882686,83.60255,0.34815228
2023-10-29 06:00:00,27.666534,24.619995,1012.1931,-3.6529007,-0.8342829,0.9988282,83.518074,0.16817039
2023-10-29 12:00:00,27.003082,24.196075,1009.5475,-3.7690172,-1.856677,0.9878251,84.65229,0.0
2023-10-29 18:00:00,27.421478,24.194641,1011.6044,-2.7248297,-1.5620232,0.99822384,82.59319,0.034123287
2023-10-30 00:00:00,25.896454,24.117584,1010.01,-2.015709,-1.8747587,0.93211013,89.93746,1.5718514
2023-10-30 06:00:00,26.696014,24.759369,1012.2056,-3.009965,-0.8681202,0.99960935,89.15052,0.0
2023-10-30 12:00:00,27.701508,24.34372,1008.9306,-2.4319696,-2.7147903,0.91833395,81.98061,0.0
2023-10-30 18:00:00,26.58255,24.340332,1012.0019,-1.5935812,-3.557808,0.9996035,87.526474,0.0
2023-10-31 00:00:00,26.57254,24.1391,1010.02563,-1.1328335,-4.321479,0.9939892,86.52772,0.035952777
2023-10-31 06:00:00,29.513824,24.10315,1011.8044,-2.9027138,-4.099062,0.41879147,72.73711,0.0
2023-10-31 12:00:00,28.790833,24.219635,1008.8162,-3.7588663,-4.8761683,0.60420144,76.37394,0.0
2023-10-31 18:00:00,27.441193,24.368652,1011.5925,-4.0133734,-3.367402,0.9139845,83.36292,0.06665866
2023-11-01 00:00:00,26.539032,24.412384,1010.43,-0.66545486,-3.096074,0.96222514,88.13078,0.061224766
2023-11-01 06:00:00,28.007599,24.78601,1011.6994,-2.4428225,-3.471487,1.0000024,82.68778,0.8409569
2023-11-01 12:00:00,27.937836,24.599548,1009.64935,-2.0255823,-3.7576513,0.99495167,82.10491,0.0
2023-11-01 18:00:00,26.144592,24.374725,1011.85565,-2.23878,-2.402295,1.0,90.00362,1.4197035
2023-11-02 00:00:00,25.92389,24.294312,1010.3631,-0.26253033,-2.7467031,0.99483633,90.74828,0.0
2023-11-02 06:00:00,28.073944,25.108673,1011.09,-1.7576046,-3.135625,1.0000005,83.969185,0.0
2023-11-02 12:00:00,27.865753,24.89856,1008.65686,-2.7652798,-2.6263094,0.99028224,83.93688,0.25625557
2023-11-02 18:00:00,26.667267,24.668854,1010.4219,-1.7606964,-2.4615583,1.0,88.81988,0.0
2023-11-03 00:00:00,25.835663,24.237,1008.90436,-0.9746618,-1.468195,1.0,90.91087,1.3451939
2023-11-03 06:00:00,27.765533,24.67276,1009.5062,-1.7937069,-2.3075123,1.0,83.29866,0.0
2023-11-03 12:00:00,27.261993,24.53244,1007.71814,-2.951087,0.110482216,1.0,85.07286,0.0
2023-11-03 18:00:00,25.903503,24.455261,1009.89935,-1.8843908,0.8301697,1.0,91.73809,1.6875888
2023-11-04 00:00:00,25.69165,23.946198,1008.23315,0.77636117,0.24909687,1.0,90.10363,0.12794423
2023-11-04 06:00:00,27.162567,24.460358,1009.875,-1.6136589,0.3412714,1.0,85.20207,0.0
2023-11-04 12:00:00,27.470947,24.214508,1007.8844,0.062316895,1.2578564,1.0,82.452484,0.0
2023-11-04 18:00:00,26.813873,23.888214,1010.7025,1.6440432,2.199771,1.0,84.031105,0.0
2023-11-05 00:00:00,25.795807,23.92569,1009.695,2.5017843,0.9069504,0.9987187,89.438614,0.0
2023-11-05 06:00:00,27.785553,24.269318,1011.3119,-0.14288622,0.67941225,0.92346674,81.216125,0.5171573
2023-11-05 12:00:00,27.538208,24.503906,1009.5588,-2.5151625,1.561485,0.9084963,83.56489,0.0
2023-11-05 18:00:00,26.809296,24.336212,1011.8862,-1.7595091,2.1605062,0.9557055,86.34447,0.0
2023-11-06 00:00:00,26.322662,24.367645,1010.4975,0.3773718,-0.99259186,0.86106575,89.02399,0.51725274
2023-11-06 06:00:00,29.243195,24.47461,1012.3019,-1.5011997,-1.855422,0.8864456,75.545715,0.0
2023-11-06 12:00:00,28.696533,24.648163,1010.09436,-3.768076,-1.698205,0.8929185,78.788574,0.0
2023-11-06 18:00:00,27.32022,24.6073,1012.64374,-2.3365488,-0.6334686,0.99326164,85.16351,0.27444947
2023-11-07 00:00:00,25.9458,24.241089,1011.2356,2.2903004,-3.0402927,0.9974372,90.34191,0.5660883
2023-11-07 06:00:00,27.284119,24.80185,1012.28314,-2.6497803,-3.772812,0.9995056,86.34178,0.0
2023-11-07 12:00:00,27.70346,24.636475,1009.73376,-4.7202272,-1.8393822,1.0,83.420166,0.0
2023-11-07 18:00:00,26.469147,24.441742,1012.805,-1.1450195,1.9020452,1.0,88.65036,0.0169736
2023-11-08 00:00:00,25.560852,23.85492,1010.73065,-1.1439075,-1.5297985,1.0,90.30888,0.80477357
2023-11-08 06:00:00,28.87442,24.318268,1011.71124,-1.3009615,-2.2761517,1.0,76.45562,0.0
2023-11-08 12:00:00,28.044464,24.567474,1008.85565,-4.4471493,-2.79918,0.98347193,81.43959,0.07543476
2023-11-08 18:00:00,26.122803,24.650177,1012.23315,-3.534562,-0.7211075,0.99704635,91.61738,2.2953644
2023-11-09 00:00:00,25.830383,24.222565,1010.96436,0.041965485,-2.3559265,0.9863157,90.86061,0.0
2023-11-09 06:00:00,27.68631,24.936493,1012.6119,-1.5528326,-2.3828363,1.0,85.013374,0.0
2023-11-09 12:00:00,28.46286,24.350586,1009.16315,-2.8123283,-3.7464495,0.9544614,78.45515,0.0
2023-11-09 18:00:00,26.295135,24.575592,1013.1431,-2.5174322,-2.131362,1.0,90.285645,0.49789977
2023-11-10 00:00:00,26.334442,24.637604,1012.29877,-2.6379614,-3.6158934,1.0,90.41101,0.0
2023-11-10 06:00:00,28.827911,24.9003,1013.2625,-4.2945604,-2.9101038,0.96677756,79.377,0.0
2023-11-10 12:00:00,27.194519,24.69162,1010.7981,-2.7632103,-4.0008326,0.6354923,86.22697,0.76350033
2023-11-10 18:00:00,26.178894,24.568268,1014.2175,-4.1093807,-2.7253876,0.978946,90.86794,0.8460473
2023-11-11 00:00:00,26.858429,24.779755,1011.27814,-2.9024897,-4.386429,0.43550265,88.410194,0.0
2023-11-11 06:00:00,27.664032,24.86972,1013.3212,-3.5117168,-4.657567,0.9095297,84.78568,0.367854
2023-11-11 12:00:00,28.50235,24.173798,1010.95874,-3.4235125,-6.130989,0.6498588,77.45007,0.0
2023-11-11 18:00:00,27.663849,23.652008,1013.59937,-3.677309,-4.4814873,0.98967963,78.81728,0.0
2023-11-12 00:00:00,27.284332,22.747284,1011.39874,-2.275938,-5.0446653,0.6905922,76.30009,0.0
2023-11-12 06:00:00,29.285858,23.15384,1013.03375,-3.8013296,-6.298628,0.69417185,69.60415,0.0247024
2023-11-12 12:00:00,28.864868,22.958527,1011.0825,-3.0979376,-6.0842495,0.8799193,70.48236,0.0
2023-11-12 18:00:00,27.978607,22.413422,1012.7725,-2.2507706,-6.2883406,0.9628392,71.794716,0.0019064173
2023-11-13 00:00:00,27.329498,22.970428,1010.82935,-1.6611757,-6.4346943,0.823843,77.13417,0.0
2023-11-13 06:00:00,28.624054,23.619537,1012.4581,-3.8823004,-5.762431,0.98928833,74.38441,0.11863702
2023-11-13 12:00:00,26.278168,24.508331,1010.1987,-2.4953928,-5.701518,1.0,90.01322,3.1123276
2023-11-13 18:00:00,26.139954,24.532593,1012.1456,-2.8694725,-6.7104254,1.0,90.883194,0.0
2023-11-14 00:00:00,25.733673,24.168427,1010.1188,-0.7367945,-4.8665905,1.0,91.0867,2.3109949
2023-11-14 06:00:00,26.429413,24.805267,1011.6331,-2.564705,-3.4549675,0.99999994,90.810844,0.0
2023-11-14 12:00:00,26.162262,23.683197,1008.76874,-1.4609566,-7.577276,1.0,86.25212,0.35173273
2023-11-14 18:00:00,24.646515,22.55191,1011.1731,-3.016715,-7.7438707,1.0,88.14363,0.0
2023-11-15 00:00:00,24.983368,23.266693,1009.6994,1.9466524,-6.4833994,0.9996096,90.21052,2.0371833
2023-11-15 06:00:00,26.575897,23.699127,1011.40314,-0.66326046,-3.613062,1.0,84.25281,0.0
2023-11-15 12:00:00,26.09085,23.578827,1009.3844,0.23139668,-5.068919,1.0,86.07421,0.0
2023-11-15 18:00:00,25.999725,23.941772,1011.27435,-0.25390244,-4.861621,0.99921286,88.45042,0.0
2023-11-16 00:00:00,25.826508,24.05185,1010.0925,-1.2309799,-4.1955547,0.8008331,89.95523,1.5010471
2023-11-16 06:00:00,27.446503,24.887726,1012.08563,-0.5963068,-4.6513357,0.9227863,85.96386,0.0
2023-11-16 12:00:00,28.053833,24.330078,1009.9194,-1.2382879,-4.6384497,0.9988163,80.24648,0.0
2023-11-16 18:00:00,26.776154,24.742828,1012.1381,-2.8501253,-3.9788733,0.99999994,88.64339,0.63560617
2023-11-17 00:00:00,26.302704,24.607483,1011.15375,-0.9885454,-4.1527023,0.99404895,90.41762,0.20028341
2023-11-17 06:00:00,28.85672,24.665985,1012.22314,-1.6610641,-4.924677,0.5360949,78.143456,0.0
2023-11-17 12:00:00,28.219269,24.817017,1009.5112,-2.3558207,-4.452181,0.9854246,81.825676,0.0
2023-11-17 18:00:00,27.025269,24.867676,1011.91125,-2.187869,-3.757391,0.9591687,88.00832,0.17108396
2023-11-18 00:00:00,26.124634,24.661194,1010.5025,-2.2417936,-3.8927164,0.8608868,91.66782,0.044442713
2023-11-18 06:00:00,28.121857,25.000153,1011.765,-3.5999699,-2.1372309,0.7466857,83.19526,0.0
2023-11-18 12:00:00,28.114716,24.266815,1009.53564,-2.3908653,-5.04434,0.5728603,79.65967,0.0
2023-11-18 18:00:00,26.234406,24.564392,1011.9875,-3.1683483,-4.3069677,0.94922066,90.54941,0.3033527
2023-11-19 00:00:00,26.45935,24.651764,1010.3619,-1.1940556,-3.7359257,0.9971316,89.82308,0.0
2023-11-19 06:00:00,27.438751,24.840973,1012.22876,-3.8342857,-3.520462,0.98116535,85.76324,0.17814742
2023-11-19 12:00:00,27.646454,25.039215,1009.83185,-1.9581537,-5.376685,0.9983219,85.7352,0.0
2023-11-19 18:00:00,26.411713,24.689545,1011.52435,-1.9543924,-3.5818367,0.8574644,90.2795,0.43860078
2023-11-20 00:00:00,25.67807,24.018951,1009.9256,0.3845682,-4.101821,0.9973298,90.57127,2.0816684
2023-11-20 06:00:00,26.502533,24.640137,1011.6475,1.4155693,-5.057396,1.0,89.53243,0.29345274
2023-11-20 12:00:00,26.538177,23.876007,1009.8019,-1.8422441,-4.8366137,1.0,85.343735,0.0
2023-11-20 18:00:00,26.076843,24.072205,1011.48,-0.19759846,-1.3174601,1.0,88.740295,0.0
2023-11-21 00:00:00,25.334625,24.300018,1009.21564,1.9829452,-3.4849644,1.0,94.009926,0.2883957
2023-11-21 06:00:00,27.954254,24.905396,1010.7925,-0.9595108,-1.4378672,0.9936458,83.53862,0.0
2023-11-21 12:00:00,27.977692,24.776306,1008.33563,-2.576498,-0.51241684,0.9839346,82.78413,0.0
2023-11-21 18:00:00,26.08142,24.389496,1011.0419,-1.2499762,0.778244,0.9941466,90.42038,0.7304928
2023-11-22 00:00:00,26.142395,24.248352,1009.0525,-0.49013042,0.48931694,1.0,89.33616,0.0
2023-11-22 06:00:00,26.791473,24.414886,1010.88,-3.9733667,1.7315645,1.0,86.84334,0.0
2023-11-22 12:00:00,26.864471,24.531372,1008.5494,-4.1838694,0.5505924,1.0,87.076324,0.1293045
2023-11-22 18:00:00,26.433746,24.238495,1010.7775,-1.5589771,3.1784143,1.0,87.76037,0.0
2023-11-23 00:00:00,26.386017,23.955841,1009.165,-0.59366035,0.24198818,1.0,86.52726,0.0
2023-11-23 06:00:00,28.055817,23.959808,1010.9419,-1.8186378,-0.5051562,0.99435955,78.47417,0.007873308
2023-11-23 12:00:00,27.895538,24.660126,1007.3775,-2.2033062,-1.5708399,0.8041103,82.6064,0.0
2023-11-23 18:00:00,27.049652,24.599274,1009.8656,-2.9582872,-2.2000132,0.94734186,86.48448,0.050830655
2023-11-24 00:00:00,26.441864,24.869751,1008.3081,-2.5622845,-1.8826876,0.6992731,91.09417,0.23565811
2023-11-24 06:00:00,27.62027,24.65158,1011.09125,-2.578001,-2.0425444,0.68285215,83.90254,0.18515185
2023-11-24 12:00:00,27.43399,24.590607,1008.8038,-2.5773287,-2.0224771,0.81776094,84.513405,0.0
2023-11-24 18:00:00,26.437927,24.883942,1011.4263,-2.2703676,-2.575759,0.9988164,91.192474,0.22725758
2023-11-25 00:00:00,26.17398,24.61258,1009.90875,-3.2301836,-3.3167744,0.9940869,91.13556,0.074606955
2023-11-25 06:00:00,28.191925,25.213226,1011.8063,-3.061143,-3.1992025,0.98464245,83.91492,0.0
2023-11-25 12:00:00,26.961578,25.046387,1009.8663,-5.0499163,-3.40977,1.0,89.28485,0.30184257
2023-11-25 18:00:00,26.094452,24.430878,1012.6306,-6.232522,-2.5496778,1.0,90.574936,0.35043848
2023-11-26 00:00:00,25.580688,24.059418,1011.32874,-3.9013834,-3.5243206,0.999506,91.31781,0.0
2023-11-26 06:00:00,27.66269,25.01648,1012.7681,-3.5667086,-4.477499,0.9350683,85.53788,0.0
2023-11-26 12:00:00,27.486053,25.01178,1010.1069,-4.081608,-3.7906733,0.85102576,86.402016,0.0
2023-11-26 18:00:00,26.566376,24.735199,1012.1188,-3.022522,-3.7540789,0.9722844,89.704285,0.062939286
2023-11-27 00:00:00,26.462982,24.27359,1009.6375,-4.0158253,-0.31857395,0.89912087,87.79369,0.0
2023-11-27 06:00:00,28.017242,25.094818,1011.41876,-4.164172,-1.7559261,0.3487401,84.17766,0.0
2023-11-27 12:00:00,28.714874,24.464355,1008.66815,-4.394371,-3.3915005,0.11325882,77.84418,0.0
2023-11-27 18:00:00,27.47647,24.39975,1010.8806,-3.615244,-2.9135323,0.6783608,83.34602,0.014292583
2023-11-28 00:00:00,25.952362,24.310913,1008.9325,-3.264987,-3.4293928,0.7578022,90.68563,0.049018383
2023-11-28 06:00:00,27.94571,25.138336,1010.6675,-3.0881329,-3.5088215,0.9574108,84.74896,0.08745414
2023-11-28 12:00:00,26.915924,24.638306,1007.97815,-3.0017939,-2.928195,0.96148664,87.37031,0.070678666
2023-11-28 18:00:00,26.16565,24.536774,1010.6456,-2.9854202,-2.4136553,0.9909898,90.76793,0.0
2023-11-29 00:00:00,25.75595,23.668152,1009.09375,-0.43842316,-2.0398617,0.99394524,88.27188,0.3167041
2023-11-29 06:00:00,27.16397,24.293243,1010.7706,-2.5929594,-3.451952,1.0,84.34649,0.32063776
2023-11-29 12:00:00,26.700165,24.175476,1009.2344,-3.4880276,-2.3388681,0.9996025,86.06737,0.0
2023-11-29 18:00:00,25.715485,24.323181,1011.27814,-3.3612194,-1.663002,1.0,92.03507,0.7779416
2023-11-30 00:00:00,25.883514,23.9823,1009.59375,-2.8349113,-2.762271,0.99950564,89.27824,0.20604265
2023-11-30 06:00:00,26.240387,24.48117,1011.825,-1.840579,-4.010974,1.0,90.06778,0.0
2023-11-30 12:00:00,26.954376,23.943146,1009.8131,-2.2473888,-3.9225235,0.9948356,83.61544,0.0
2023-11-30 18:00:00,25.771149,24.07138,1010.98065,-2.8622131,-4.2586327,0.9896735,90.35675,0.77140945
2023-12-01 00:00:00,25.959381,23.636108,1009.4125,-0.14980888,-5.362359,0.9146404,87.046295,0.0
2023-12-01 06:00:00,27.566925,24.478485,1010.16315,-0.18285751,-5.852234,0.95788926,83.297775,0.0
2023-12-01 12:00:00,26.52127,24.600586,1007.63,-1.9032431,-5.101466,0.9812678,89.222336,2.887231
2023-12-01 18:00:00,25.961426,24.567688,1009.58124,-0.6705713,-6.099018,1.0,92.041145,0.0
2023-12-02 00:00:00,26.283783,24.18399,1007.0737,1.9053621,-6.294427,1.0,88.25165,0.0
2023-12-02 06:00:00,27.127594,24.777863,1008.0625,2.5006547,-7.009719,1.0,87.01341,0.45995355
2023-12-02 12:00:00,26.953949,24.479706,1005.47437,0.869548,-7.905654,1.0,86.35211,0.036031604
2023-12-02 18:00:00,26.337677,23.940521,1007.3631,3.0621006,-6.947777,1.0,86.694626,0.0
2023-12-03 00:00:00,25.168274,23.894745,1005.84375,5.0406785,-5.486827,1.0,92.66333,0.78925276
2023-12-03 06:00:00,27.901886,24.282684,1007.6925,5.842205,-4.2188425,1.0,80.7311,0.0
2023-12-03 12:00:00,27.040985,24.107666,1005.20874,5.196298,-3.6351748,1.0,84.0172,0.14502913
2023-12-03 18:00:00,26.389282,23.918488,1006.4938,5.339178,-0.46529198,1.0,86.316605,0.12968689
2023-12-04 00:00:00,26.555206,23.898773,1004.73315,5.342347,2.019457,1.0,85.37488,0.0
2023-12-04 06:00:00,29.188263,24.1521,1006.2494,5.9726095,4.0603843,1.0,74.33523,0.12282452
2023-12-04 12:00:00,28.610992,25.17575,1005.15063,2.3087473,5.2900343,1.0,81.71264,0.0
2023-12-04 18:00:00,27.50772,25.98581,1006.3187,2.1951253,6.046359,0.99244356,91.43251,0.0
2023-12-05 00:00:00,27.23172,25.991241,1005.16125,2.5518475,4.3230476,0.99999994,92.95275,0.007627532
2023-12-05 06:00:00,29.768097,25.72879,1007.0538,1.9412308,2.6870415,0.99999994,78.97954,0.0
2023-12-05 12:00:00,28.822418,26.054718,1005.41187,-0.39077568,5.2836885,0.93537915,85.039154,9.5926225e-05
2023-12-05 18:00:00,27.759552,26.233368,1008.64813,1.0497311,4.972438,0.85199225,91.42468,0.0
2023-12-06 00:00:00,27.443817,25.042511,1007.725,1.8052881,4.0518236,0.8338662,86.77473,0.03928831
2023-12-06 06:00:00,29.246002,25.657013,1009.355,0.20533508,3.468368,0.36507946,81.04778,0.010589678
2023-12-06 12:00:00,28.896942,25.518402,1006.995,-0.5509186,3.137645,0.4759819,82.02339,0.0
2023-12-06 18:00:00,27.510345,25.661957,1010.1944,-0.742795,3.792591,0.34193373,89.6808,0.10833517
2023-12-07 00:00:00,26.942535,24.938324,1008.90063,0.38369578,3.2115011,0.54042214,88.810715,0.0
2023-12-07 06:00:00,28.967072,25.150177,1010.4431,-1.0494947,2.3030353,0.47232908,79.92139,0.07810279
2023-12-07 12:00:00,28.861053,24.756348,1008.21686,-0.6617956,1.2948058,0.39081168,78.54682,0.0
2023-12-07 18:00:00,27.554535,25.043854,1010.98126,-2.1798458,0.66892433,0.47092187,86.22113,0.0
2023-12-08 00:00:00,26.286652,24.199036,1009.7325,-0.44557476,-1.0648546,0.27462578,88.31636,0.06122426
2023-12-08 06:00:00,28.256378,24.951447,1011.9075,-1.4693079,-0.8971844,0.5127658,82.30673,0.08716599
2023-12-08 12:00:00,28.491241,24.435883,1009.1244,-2.9980326,-2.4973803,0.21459103,78.72701,0.0
2023-12-08 18:00:00,27.759613,24.540833,1011.68,-3.1311464,-1.862895,0.09391606,82.67269,0.0
2023-12-09 00:00:00,26.783783,24.717285,1011.1725,-2.0509777,-2.2936783,0.3791237,88.46851,0.1705254
2023-12-09 06:00:00,26.950958,24.386383,1013.5125,-1.8198357,-3.4449759,0.44183338,85.88604,0.3459612
2023-12-09 12:00:00,27.879974,24.413147,1009.7275,-3.6392012,-3.915434,0.5052549,81.46872,0.0
2023-12-09 18:00:00,26.635193,24.875061,1011.53687,-3.2519217,-3.275136,0.8359427,90.090515,0.48694265
2023-12-10 00:00:00,26.361603,24.689148,1009.8169,-1.9426231,-4.374444,0.40261132,90.5447,0.0
2023-12-10 06:00:00,28.482147,24.82138,1011.8694,-2.912961,-4.972415,0.6696335,80.605194,0.0
2023-12-10 12:00:00,28.185303,23.937805,1009.0769,-4.027588,-5.1742525,0.9771017,77.7815,0.0
2023-12-10 18:00:00,27.400116,24.005066,1012.3156,-3.8103857,-3.498662,1.0000007,81.7609,0.039103415
2023-12-11 00:00:00,26.832855,23.78305,1010.72314,-3.027048,-3.8569765,0.98614585,83.40811,0.018790364
2023-12-11 06:00:00,28.13089,23.95462,1012.4525,-3.5860252,-4.7407312,0.80355775,78.107285,0.051106542
2023-12-11 12:00:00,27.763824,23.43628,1009.6744,-4.200386,-4.8713427,0.5595701,77.345894,0.0
2023-12-11 18:00:00,26.733307,23.464752,1012.0544,-3.7503843,-4.3785276,0.84517944,82.30474,0.18272069
2023-12-12 00:00:00,26.842072,23.031921,1009.4675,-3.320053,-4.93795,0.90941787,79.669174,0.0
2023-12-12 06:00:00,27.697418,22.9346,1012.1144,-4.0229483,-4.3912582,0.99476355,75.32763,0.12750562
2023-12-12 12:00:00,27.635529,22.264862,1009.7225,-3.767768,-4.0682526,0.67396224,72.58864,0.0
2023-12-12 18:00:00,26.69632,21.712158,1011.5875,-4.2063637,-3.2832346,0.022159219,74.15857,0.0
2023-12-13 00:00:00,26.298737,21.391388,1009.9894,-2.89503,-4.095932,0.82940114,74.44204,0.0
2023-12-13 06:00:00,28.143402,21.606781,1012.6094,-3.8191233,-6.174122,0.439247,67.695595,0.0034333207
2023-12-13 12:00:00,27.51831,21.543488,1010.1213,-4.217181,-4.9917793,0.6263043,69.940414,0.0
2023-12-13 18:00:00,26.35788,21.361938,1012.71124,-3.6687803,-5.2409945,0.34545422,74.04885,0.0
2023-12-14 00:00:00,26.250275,21.285645,1011.34436,-2.501709,-5.999566,0.59181666,74.173164,0.0
2023-12-14 06:00:00,28.008636,21.944,1013.35815,-3.0080957,-7.591242,0.85182106,69.64935,0.003909692
2023-12-14 12:00:00,27.784424,22.35196,1011.10187,-3.4128199,-6.487879,0.9391265,72.34211,0.002766028
2023-12-14 18:00:00,26.185822,23.452484,1013.7006,-3.0745382,-5.734166,0.98319143,84.94282,0.76043606
2023-12-15 00:00:00,25.623749,24.087555,1011.71063,-2.9209366,-5.4198837,0.71259385,91.23873,0.0
2023-12-15 06:00:00,26.69638,24.643402,1013.4944,-1.967206,-5.4171543,0.9896623,88.53296,0.29475677
2023-12-15 12:00:00,26.476532,24.146942,1011.145,-1.8832359,-5.311013,0.9722373,87.05977,0.0
2023-12-15 18:00:00,25.911346,24.254974,1012.5544,-1.2177067,-5.80573,0.99950606,90.60181,0.21066736
2023-12-16 00:00:00,25.09439,23.980621,1010.66876,-1.8893394,-4.3751698,0.9921853,93.55362,0.16154337
2023-12-16 06:00:00,26.366425,24.562836,1012.625,-4.0890684,-3.889059,0.9999991,89.837906,0.49405468
2023-12-16 12:00:00,25.93509,24.269531,1010.5675,-4.755603,-4.990451,1.0,90.55351,0.075136065
2023-12-16 18:00:00,26.08432,24.316895,1011.9944,-4.929488,-4.8674316,1.0000001,90.012535,0.0
2023-12-17 00:00:00,25.96347,24.309967,1009.9369,-5.9301167,-4.6785536,0.99851656,90.62084,0.4820063
2023-12-17 06:00:00,27.628326,24.011505,1012.33,-6.358306,-3.716319,0.97464764,80.70747,0.0
2023-12-17 12:00:00,27.465424,23.554169,1009.70935,-5.606077,-4.835541,0.9991093,79.26883,0.0
2023-12-17 18:00:00,26.082977,23.81363,1012.09064,-6.779604,-4.1311016,0.9968332,87.3403,0.5074794
2023-12-18 00:00:00,26.025848,23.921783,1011.20435,-5.2324886,-4.5431767,1.0,88.207756,0.0
2023-12-18 06:00:00,27.143585,23.56131,1013.7587,-5.858733,-5.546275,1.0,80.81304,0.0
2023-12-18 12:00:00,26.374725,22.326233,1011.3806,-4.630477,-6.0959044,1.0,78.46107,0.48731998
2023-12-18 18:00:00,25.800934,22.598785,1013.6381,-3.645256,-5.803361,0.98181456,82.52485,0.54593635
2023-12-19 00:00:00,26.022064,22.511627,1011.59314,-2.764677,-6.6761703,1.0000025,81.02126,0.0
2023-12-19 06:00:00,27.395782,22.304474,1013.7775,-3.7551374,-6.48145,0.96499574,73.791855,0.0
2023-12-19 12:00:00,27.184998,22.711914,1011.2825,-3.6320353,-7.370764,0.6902372,76.5814,0.0
2023-12-19 18:00:00,26.174896,23.220001,1013.6175,-3.6799784,-5.9881363,0.6551605,83.8131,0.29229
2023-12-20 00:00:00,25.76947,23.635406,1012.09564,-2.8224993,-5.6603327,0.9171763,88.02734,0.42249262
2023-12-20 06:00:00,26.577606,24.41684,1013.3606,-4.625106,-5.0576515,0.537832,87.954124,0.0
2023-12-20 12:00:00,26.480804,23.999237,1011.0719,-3.1357298,-6.6652937,0.9995055,86.26942,0.0
2023-12-20 18:00:00,26.166595,23.453094,1013.5131,-3.2044668,-6.6266747,0.97187585,85.042534,0.0
2023-12-21 00:00:00,25.526215,24.052887,1011.72,-4.139903,-3.7641735,0.53470623,91.57775,0.23452193
2023-12-21 06:00:00,25.776611,24.435272,1013.71436,-4.2732735,-3.6272507,0.5334858,92.31984,0.8927807
2023-12-21 12:00:00,26.38617,24.190155,1010.85626,-3.9576464,-4.5673027,0.29288912,87.75227,0.0
2023-12-21 18:00:00,25.78955,23.320587,1013.9944,-2.488968,-5.418502,0.41339827,86.26915,0.027851015
2023-12-22 00:00:00,25.632965,22.696442,1012.1269,-2.6623497,-4.9333706,0.48697054,83.84642,0.0
2023-12-22 06:00:00,27.11795,22.80832,1013.91125,-2.639144,-6.6731367,0.73655784,77.33396,0.041203573
2023-12-22 12:00:00,26.777313,22.537506,1011.4281,-3.3472452,-5.3869944,0.99676,77.611885,0.0
2023-12-22 18:00:00,25.821075,21.920471,1013.77936,-2.7705069,-5.3702974,0.4662308,79.092926,0.0
2023-12-23 00:00:00,25.023224,21.28012,1012.82935,-0.784235,-4.9564285,0.97622585,79.74843,0.0
2023-12-23 06:00:00,27.087982,21.973053,1015.23627,-1.1949015,-6.0402803,0.99394476,73.63408,0.00047683716
2023-12-23 12:00:00,26.890106,22.403534,1012.09436,-3.2061634,-5.132118,0.6517583,76.47363,0.0
2023-12-23 18:00:00,25.800812,21.862335,1014.8219,-2.5351906,-5.832613,0.29318827,78.90748,0.00028684735
2023-12-24 00:00:00,25.421417,21.745087,1013.8175,-0.65394115,-6.968711,0.7660415,80.12863,0.0
2023-12-24 06:00:00,26.530945,22.804962,1015.9406,-2.258192,-6.832056,0.965086,80.03442,0.23306906
2023-12-24 12:00:00,26.093811,24.169098,1013.305,-3.599059,-5.825654,0.5483253,89.16828,0.53426623
2023-12-24 18:00:00,25.421112,24.05716,1014.91565,-3.6772642,-3.6611395,0.40034032,92.17504,0.0
2023-12-25 00:00:00,24.889374,23.86789,1013.34125,-2.087532,-4.0654974,0.2995826,94.06475,0.0
2023-12-25 06:00:00,27.22232,24.812347,1014.7569,-3.5550776,-4.590555,0.4992764,86.70956,0.0
2023-12-25 12:00:00,27.407257,24.486908,1012.1163,-4.878725,-3.9504433,0.21966225,84.12228,0.0
2023-12-25 18:00:00,26.540741,23.72815,1014.2031,-4.804204,-4.8150005,0.101181805,84.57521,0.0
2023-12-26 00:00:00,25.239777,22.615265,1013.1769,-2.485076,-5.6553764,0.48149878,85.40696,0.070761316
2023-12-26 06:00:00,26.48233,23.206573,1014.785,-2.5516472,-7.72548,0.7461034,82.2389,0.29936433
2023-12-26 12:00:00,26.993134,23.224213,1012.3819,-4.7412577,-6.610325,0.43629998,79.88837,0.0
2023-12-26 18:00:00,26.232819,22.547028,1015.3575,-3.0531015,-6.059495,0.6790939,80.190186,0.0
2023-12-27 00:00:00,25.811554,22.36441,1013.7375,-1.1390877,-6.1290913,0.8617425,81.30681,0.118348286
2023-12-27 06:00:00,27.51181,23.024078,1015.36,-3.2189417,-8.38294,0.6291589,76.56327,0.0
2023-12-27 12:00:00,27.35318,23.28894,1011.67065,-4.1412563,-7.499337,0.91663873,78.525024,0.005522743
2023-12-27 18:00:00,25.773926,23.982452,1014.1981,-5.011405,-4.9398727,0.5694713,89.86066,0.3366567
2023-12-28 00:00:00,25.384064,24.26889,1012.405,-3.4898424,-5.0921726,0.6275976,93.55923,0.0
2023-12-28 06:00:00,26.785004,24.728668,1014.1075,-4.886902,-4.7305317,0.48350894,88.52232,0.0
2023-12-28 12:00:00,26.761017,24.62796,1011.4506,-4.877928,-5.3013954,0.9361513,88.1154,0.0
2023-12-28 18:00:00,25.883636,24.294434,1013.595,-4.219015,-4.7777157,0.5195953,90.96553,0.023647465
2023-12-29 00:00:00,25.036499,23.79776,1012.21814,-5.128525,-4.853177,0.99999994,92.85053,0.11806911
2023-12-29 06:00:00,26.777008,24.778717,1014.1731,-5.086175,-3.7079086,0.8349052,88.82913,0.0
2023-12-29 12:00:00,27.709137,24.582,1011.6069,-4.8062744,-4.665269,0.4070654,83.121284,0.0
2023-12-29 18:00:00,26.23758,24.257141,1014.23065,-3.7358217,-5.0643244,0.9578989,88.88189,0.048345696
2023-12-30 00:00:00,25.187592,23.557465,1012.20685,-2.5801535,-4.8288774,0.94913703,90.69669,0.12826937
2023-12-30 06:00:00,26.791718,24.196869,1014.29,-3.3504333,-5.6580753,0.93915164,85.71478,0.0
2023-12-30 12:00:00,27.015808,23.335968,1011.6325,-4.3523254,-5.445204,0.92736274,80.3223,0.0
2023-12-30 18:00:00,26.411407,22.968689,1013.59937,-4.2263927,-4.553643,0.9269363,81.40396,0.0
2023-12-31 00:00:00,25.910675,22.762115,1012.2581,-3.4068956,-4.845047,0.28775293,82.80652,0.023269676
2023-12-31 06:00:00,27.62967,22.769196,1013.65625,-4.758464,-4.8851967,0.50823236,74.8724,0.00667572
2023-12-31 12:00:00,27.157684,23.091217,1010.5475,-4.9355,-5.7643547,0.47243553,78.486755,0.0
2023-12-31 18:00:00,26.083649,22.239136,1013.3069,-4.16965,-4.124463,0.6258703,79.40006,0.0
2024-01-01 00:00:00,25.363556,22.377045,1012.39,-1.4558554,-5.4063597,0.97135115,83.562256,0.0
2024-01-01 06:00:00,27.097382,22.07315,1014.2594,-3.156024,-6.188182,0.9774181,74.04397,0.0027678907
2024-01-01 12:00:00,26.96048,21.807465,1011.5925,-3.4648771,-4.3063354,0.40265602,73.44161,0.0
2024-01-01 18:00:00,26.214874,21.626923,1013.40564,-4.6189213,-3.5826397,1.0000001,75.897995,0.0
2024-01-02 00:00:00,25.728851,21.952179,1011.385,-2.9600239,-3.163125,0.9910834,79.68049,9.5460564e-05
2024-01-02 06:00:00,27.373077,22.45755,1013.13873,-3.5164633,-4.0951195,0.947277,74.58102,0.083449244
2024-01-02 12:00:00,26.351837,22.875671,1011.03687,-3.4788446,-3.5841923,0.99457127,81.23177,0.20618603
2024-01-02 18:00:00,25.661469,22.390076,1012.7356,-3.9073696,-3.17274,0.39991897,82.16176,0.0
2024-01-03 00:00:00,25.408356,22.186249,1011.1925,-2.1979666,-3.7180395,0.5674667,82.378006,0.036618553
2024-01-03 06:00:00,27.488129,22.574677,1013.10376,-3.125618,-4.1565437,0.54654664,74.6092,0.0
2024-01-03 12:00:00,27.185364,22.197662,1010.2419,-4.0432215,-3.4718742,0.4239518,74.2235,0.0
2024-01-03 18:00:00,26.409515,21.945465,1012.0419,-3.9558697,-1.5919743,0.5258854,76.50485,0.00038091093
2024-01-04 00:00:00,26.21109,21.953674,1011.02435,-2.207593,-1.7839346,0.32183307,77.44521,0.022982247
2024-01-04 06:00:00,27.930939,22.491302,1012.7944,-3.6839037,-2.812397,0.51208323,72.336174,0.07000752
2024-01-04 12:00:00,26.81955,22.896088,1010.02313,-4.04576,-2.4599895,0.9521762,79.12146,0.0
2024-01-04 18:00:00,26.393158,22.925293,1012.1075,-3.6234245,-2.1377,0.93565536,81.27783,0.025082793
2024-01-05 00:00:00,26.084015,22.842346,1010.8119,-1.6602373,-2.1381073,0.9880318,82.36095,0.018305868
2024-01-05 06:00:00,27.795013,23.252045,1012.28314,-2.1190834,-3.5407362,0.89667743,76.35124,0.0
2024-01-05 12:00:00,27.510101,23.2005,1010.4456,-2.4939022,-4.030388,0.71301,77.39218,0.0
2024-01-05 18:00:00,27.001556,23.318726,1011.90936,-3.9497757,-4.410344,0.9097927,80.30596,0.0
2024-01-06 00:00:00,26.292877,23.046783,1010.3706,-1.0598669,-3.198717,1.0000005,82.36383,0.06952137
2024-01-06 06:00:00,26.60611,24.160797,1012.4963,-2.3047218,-3.5309038,0.99881613,86.46923,0.5494293
2024-01-06 12:00:00,26.940918,23.790375,1010.1287,-2.2593307,-4.2996206,0.97285044,82.91639,0.0
2024-01-06 18:00:00,25.590973,23.915375,1012.41876,-2.6029263,-1.8040342,0.97520864,90.47578,0.6379488
2024-01-07 00:00:00,25.717224,23.763916,1011.03436,-1.6289606,-1.8428526,0.85165334,88.98629,0.25711393
2024-01-07 06:00:00,26.779999,24.19339,1012.95435,1.2507858,-4.513011,0.9866125,85.75601,0.0
2024-01-07 12:00:00,26.635834,24.18634,1009.71185,-3.572197,-3.3203363,0.9359072,86.45035,0.0
2024-01-07 18:00:00,25.013031,23.911072,1012.58936,-3.0674572,-0.4124813,0.93971103,93.6163,0.23344323
2024-01-08 00:00:00,25.142792,23.836517,1011.2344,-2.1047754,0.33424473,0.999213,92.47974,1.4639355
2024-01-08 06:00:00,26.582489,24.230652,1013.83124,-3.9094791,-1.5552206,0.895942,86.95325,0.0
2024-01-08 12:00:00,25.802979,24.074371,1011.1912,-4.8144436,-3.5993004,1.0,90.20263,0.41596192
2024-01-08 18:00:00,25.416382,23.862976,1013.0669,-5.247757,-1.7651157,1.0,91.13141,0.0
2024-01-09 00:00:00,25.901154,24.000793,1010.195,-4.920416,-2.6989946,0.999603,89.28414,0.0
2024-01-09 06:00:00,25.877228,24.466217,1014.41437,-4.0162554,-2.815299,0.9999999,91.94123,0.56143594
2024-01-09 12:00:00,26.934814,23.595856,1011.3006,-4.177803,-5.1019096,1.0,81.98038,0.0
2024-01-09 18:00:00,26.50113,22.928223,1012.7425,-4.603286,-5.0133715,1.0,80.7762,0.03453344
2024-01-10 00:00:00,26.439056,22.711884,1010.7631,-2.7625132,-4.676009,0.9962653,80.0164,0.0
2024-01-10 06:00:00,27.64151,22.9711,1013.0594,-5.2535543,-4.6484137,1.0,75.74137,0.0292857
2024-01-10 12:00:00,27.021332,23.178009,1010.9175,-3.7010584,-4.443819,1.0,79.53376,0.0
2024-01-10 18:00:00,26.74997,22.771667,1013.91376,-5.2922363,-4.042095,0.968169,78.84932,0.0
2024-01-11 00:00:00,26.198212,22.557922,1012.36127,-3.7602806,-3.8336992,0.3718953,80.40751,0.00066752546
2024-01-11 06:00:00,27.891144,22.287842,1013.96875,-3.9980488,-6.113329,0.474038,71.612946,0.0
2024-01-11 12:00:00,27.325592,21.80951,1011.15814,-4.6179714,-4.3211946,0.6959421,71.89386,0.0
2024-01-11 18:00:00,26.636383,21.446106,1013.61127,-4.432124,-4.1622286,0.933952,73.21935,0.0017166603
2024-01-12 00:00:00,26.297516,22.099335,1011.7456,-4.7022877,-3.9322987,0.93048507,77.73816,0.019454986
2024-01-12 06:00:00,27.967072,22.02353,1014.15564,-5.5960274,-3.5289984,0.813271,70.15783,0.0
2024-01-12 12:00:00,27.554535,22.004486,1011.1669,-3.2016058,-3.892826,0.35188788,71.78558,0.0
2024-01-12 18:00:00,26.62503,21.901642,1013.8069,-3.9256268,-3.2437048,0.35099936,75.33729,0.010299729
2024-01-13 00:00:00,25.96402,22.315216,1012.39874,-2.2359037,-2.9382925,0.432742,80.335144,0.037956752
2024-01-13 06:00:00,27.747833,22.90683,1014.9981,-4.326251,-3.564063,0.75372404,74.97984,0.020791776
2024-01-13 12:00:00,27.42331,22.853119,1012.29376,-3.4476948,-3.3242416,0.63854265,76.168396,0.0
2024-01-13 18:00:00,26.15207,22.639557,1014.6744,-3.1549368,-2.5769691,0.6661173,81.02764,0.013637822
2024-01-14 00:00:00,25.826874,22.594757,1012.51935,-2.085495,-3.3142462,0.15267573,82.377945,0.0
2024-01-14 06:00:00,27.61081,22.530731,1013.9519,-3.7053394,-4.157694,0.19737454,73.87819,0.0
2024-01-14 12:00:00,27.098785,22.975739,1011.0131,-4.241249,-2.8971815,0.29891586,78.21014,0.0
2024-01-14 18:00:00,25.941132,21.853119,1013.41565,-3.6382103,-2.5562477,0.1299062,78.2103,0.0011441298
2024-01-15 00:00:00,25.34488,21.328003,1012.1369,-2.4835386,-2.8004417,0.45018327,78.46567,0.006674789
2024-01-15 06:00:00,27.675262,21.163788,1014.2612,-4.278908,-2.859005,0.4093265,67.70753,0.028327573
2024-01-15 12:00:00,27.163544,20.183868,1010.295,-3.8526602,-1.8076534,0.100227416,65.680756,0.0
2024-01-15 18:00:00,25.262238,19.092499,1012.6856,-3.477127,-1.8559532,0.113869704,68.675644,0.0
2024-01-16 00:00:00,24.777985,17.72818,1011.3706,-2.731905,-1.8322363,0.5002976,64.894714,0.0
2024-01-16 06:00:00,27.134064,17.992401,1013.265,-2.1470003,-2.4591112,0.19016413,57.39247,0.0
2024-01-16 12:00:00,26.75296,18.592072,1009.47437,-3.104765,-1.3893576,0.017269135,60.941982,0.0
2024-01-16 18:00:00,24.271637,18.561584,1011.8106,-2.5442915,-0.376194,0.0029502832,70.48468,0.0
2024-01-17 00:00:00,24.942291,19.442383,1010.71375,-0.25002003,-1.6001406,0.058330588,71.538704,0.0
2024-01-17 06:00:00,27.360931,20.261993,1012.3594,-1.0213375,-1.7491779,0.074750796,65.239296,0.0
2024-01-17 12:00:00,27.550812,21.990509,1009.65,-3.5434303,-0.69275,0.0004940033,71.74005,0.0
2024-01-17 18:00:00,26.04837,22.480377,1011.5519,-3.722211,-0.21160316,0.07908821,80.741806,0.0
2024-01-18 00:00:00,25.636993,22.59433,1010.8025,-2.1810675,-1.4040899,0.36331862,83.30853,0.054068863
2024-01-18 06:00:00,27.246613,23.074127,1013.09686,-2.265026,-2.7901907,0.43948233,77.99776,0.08174315
2024-01-18 12:00:00,27.733734,22.898438,1009.96185,-3.4728804,-2.6411924,0.38623607,75.0035,0.0
2024-01-18 18:00:00,26.923859,23.084747,1012.2025,-4.388356,-2.6959705,0.5528575,79.54078,0.033762306
2024-01-19 00:00:00,26.746613,23.259796,1010.84064,-2.9400892,-0.9112091,0.95392716,81.2292,0.0
2024-01-19 06:00:00,28.41507,23.217072,1013.3738,-2.5072823,-1.6036072,0.97173977,73.48668,0.08468604
2024-01-19 12:00:00,27.010498,23.575592,1010.34937,-3.4007816,-2.920453,0.8621203,81.517044,0.0
2024-01-19 18:00:00,26.939423,23.477814,1012.1375,-4.0225325,-1.3332901,1.0000024,81.3771,0.002000481
2024-01-20 00:00:00,26.593842,23.518097,1011.72876,-3.660717,-2.712329,0.9924956,83.25085,0.062850624
2024-01-20 06:00:00,27.749847,23.559967,1014.42126,-3.2137136,-3.0559158,0.92734057,77.98852,0.0
2024-01-20 12:00:00,27.685822,23.30893,1011.0375,-2.279252,-3.3385754,0.99752,77.10429,0.0
2024-01-20 18:00:00,27.181915,23.619232,1013.555,-3.4202623,-3.3012886,0.9010793,80.9134,0.014591031
2024-01-21 00:00:00,26.38205,23.327118,1012.22876,-3.0694551,-1.6702957,0.85871875,83.331345,0.14086533
2024-01-21 06:00:00,28.472076,23.962067,1014.33435,-3.9660826,-2.573203,0.26255524,76.606384,0.0
2024-01-21 12:00:00,27.825226,23.84665,1010.9525,-4.4159994,-2.4316826,0.24196187,78.99769,0.0
2024-01-21 18:00:00,26.237335,23.733429,1013.8756,-2.5567942,-1.7119894,0.5589227,86.1304,0.0027657952
2024-01-22 00:00:00,25.833038,23.481415,1013.04626,-2.3032618,-2.0870237,0.19243437,86.8862,0.023460248
2024-01-22 06:00:00,27.761383,22.89859,1015.7325,-2.7399235,-3.55939,0.23516357,74.88314,0.0
2024-01-22 12:00:00,27.16275,21.84372,1012.22626,-3.6618853,-3.4323654,0.0,72.73538,0.0
2024-01-22 18:00:00,25.564606,21.732025,1014.4913,-3.3031693,-1.7551289,0.43588257,79.38659,0.0
2024-01-23 00:00:00,25.896393,21.792145,1013.65314,-3.6310167,-1.3667603,0.40407634,78.12637,0.0
2024-01-23 06:00:00,27.879242,21.753265,1015.3187,-4.1805058,-0.85571957,0.44843632,69.36464,0.0
2024-01-23 12:00:00,27.618866,21.234344,1011.90936,-3.546132,-1.2668533,0.14045459,68.225815,0.0
2024-01-23 18:00:00,25.90689,20.869354,1013.8219,-3.0697289,-0.6220379,0.16545105,73.78454,0.0
2024-01-24 00:00:00,26.3367,20.963104,1012.9906,-2.1417227,0.54125744,0.4380849,72.348854,0.0
2024-01-24 06:00:00,28.221039,19.854828,1015.1856,-2.7540255,0.5872864,0.23512322,60.49952,0.0
2024-01-24 12:00:00,27.639252,20.333466,1011.3131,-3.0285072,0.6915194,0.014739758,64.46922,0.0
2024-01-24 18:00:00,25.816437,20.3844,1014.0619,-2.9350548,-0.06681919,0.66356295,71.99714,0.0
2024-01-25 00:00:00,25.655426,20.72879,1012.7656,-3.6895256,-0.10756016,0.5606619,74.2476,0.0
2024-01-25 06:00:00,28.236664,20.884613,1015.78186,-3.6373014,0.8431715,0.06319194,64.4121,0.00057183206
2024-01-25 12:00:00,28.028412,20.714508,1012.9844,-3.3234024,-1.038991,0.005645752,64.51935,0.0
2024-01-25 18:00:00,26.104279,20.773407,1015.555,-3.3333273,-1.3236189,0.058338962,72.49843,0.0
2024-01-26 00:00:00,25.858551,20.602783,1014.22437,-3.5677776,-3.351962,0.3452399,72.791626,0.0
2024-01-26 06:00:00,28.377472,19.890167,1017.04376,-4.36563,-3.6874866,0.09851225,60.08281,0.0005722977
2024-01-26 12:00:00,27.583282,21.904327,1014.22,-3.7339344,-4.9508085,0.2546141,71.22846,0.0
2024-01-26 18:00:00,26.284943,21.342316,1016.4419,-4.8817577,-3.9434338,0.17749457,74.27903,0.0003813766
2024-01-27 00:00:00,25.995636,20.058563,1015.21625,-3.5512056,-2.965889,0.1366272,69.81684,0.0
2024-01-27 06:00:00,28.2471,19.752594,1016.7388,-3.9875002,-3.5656872,0.16660035,60.026104,0.0
2024-01-27 12:00:00,27.72879,21.501678,1013.45935,-3.6706944,-4.6470966,0.6806887,68.90837,0.0
2024-01-27 18:00:00,26.473663,21.504211,1016.16626,-4.4895496,-3.3494453,0.41003323,74.18835,0.0
2024-01-28 00:00:00,26.049835,21.673615,1014.09375,-3.9464817,-3.2213907,0.8896015,76.86131,0.0014305115
2024-01-28 06:00:00,28.246002,21.654816,1016.57623,-4.5634193,-3.442955,0.21442807,67.490364,0.0
2024-01-28 12:00:00,27.751434,21.943085,1013.0,-3.9341297,-4.365982,0.5991691,70.69878,0.0
2024-01-28 18:00:00,26.330719,21.758087,1015.87,-4.752946,-4.010908,0.76737446,75.98726,0.0
2024-01-29 00:00:00,25.68814,21.305481,1013.64374,-3.395381,-4.905712,0.8453807,76.776085,0.0009536743
2024-01-29 06:00:00,27.511505,21.02951,1016.0506,-3.6391096,-5.346344,0.2524755,67.79784,0.0
2024-01-29 12:00:00,26.935455,20.51413,1012.89813,-3.674818,-4.304303,0.14109421,67.93776,0.0
2024-01-29 18:00:00,26.035675,20.88681,1015.42,-3.6522045,-4.207714,1.0,73.30286,0.0
2024-01-30 00:00:00,25.65567,20.750092,1013.5131,-1.7215471,-5.045967,0.6156562,74.34394,0.0
2024-01-30 06:00:00,27.758575,21.771332,1014.8794,-2.0874271,-4.9466047,0.7182784,69.9322,0.0
2024-01-30 12:00:00,27.502716,22.404938,1011.77563,-4.303117,-4.4243526,0.42666566,73.78072,0.0
2024-01-30 18:00:00,26.562897,22.437134,1014.5538,-4.1625586,-3.356227,0.7146764,78.12019,0.0
2024-01-31 00:00:00,26.475067,22.514862,1012.725,-2.8749065,-3.2275248,0.6342328,78.89746,0.003432855
2024-01-31 06:00:00,28.219635,23.494598,1014.9456,-2.5370884,-3.7651052,0.32280928,75.582504,0.05712919
2024-01-31 12:00:00,27.703156,23.870941,1011.83685,-3.687314,-2.8664265,0.24134117,79.67928,0.0
2024-01-31 18:00:00,27.104279,24.155975,1014.04565,-4.442464,-0.7705412,0.88059187,83.94856,0.0
2024-02-01 00:00:00,26.28009,24.125214,1013.1188,-1.0204659,-1.6254025,0.99999934,87.96011,0.13713832
2024-02-01 06:00:00,28.417633,24.148163,1015.56,-1.850503,-1.1073008,0.95981854,77.71271,0.0
2024-02-01 12:00:00,28.433197,24.342743,1011.915,-4.3352757,-1.0945015,0.97174704,78.55358,0.0
2024-02-01 18:00:00,27.23349,24.60379,1013.77185,-3.7732048,0.23005712,0.9269354,85.57964,0.0
2024-02-02 00:00:00,26.254303,24.279358,1013.03937,-2.9136848,0.09236717,0.9999998,88.912476,0.12825872
2024-02-02 06:00:00,28.24942,24.805756,1015.10876,-2.671463,-0.68730545,0.9095898,81.62729,0.0
2024-02-02 12:00:00,28.353119,24.144257,1011.15686,-4.4006977,-0.8707495,0.7136573,77.986465,0.0
2024-02-02 18:00:00,26.744293,24.149353,1013.6719,-3.6624126,-0.5817604,0.8830501,85.70966,0.0
2024-02-03 00:00:00,26.095673,23.513733,1012.9494,-2.9819908,-0.43969345,0.23330462,85.71272,0.0011443626
2024-02-03 06:00:00,28.427032,23.257843,1015.1175,-3.788288,-1.9217243,0.27115643,73.6167,0.0010484364
2024-02-03 12:00:00,27.764923,23.286224,1012.3044,-4.739089,-2.913765,0.15659475,76.6436,0.0
2024-02-03 18:00:00,26.586334,23.012878,1015.4256,-3.47793,-2.2606678,0.27226752,80.784485,0.0
2024-02-04 00:00:00,26.12381,22.668793,1014.2544,-2.6321383,-2.3053846,0.24855483,81.30723,0.0
2024-02-04 06:00:00,28.236359,22.369781,1016.9525,-3.1287546,-4.21529,0.15280497,70.5372,0.0
2024-02-04 12:00:00,27.808014,22.676605,1013.86127,-4.253598,-3.8874216,0.5044803,73.681305,0.0
2024-02-04 18:00:00,26.429596,22.719818,1015.9344,-3.7105856,-3.4547167,0.4887553,80.099625,0.0
2024-02-05 00:00:00,26.320038,22.538025,1014.115,-3.0048666,-3.4655876,0.38506246,79.7346,0.015067868
2024-02-05 06:00:00,28.119293,22.313873,1017.35,-3.3476057,-4.203948,0.08553767,70.77861,0.0
2024-02-05 12:00:00,27.6492,21.352081,1014.1969,-3.6724901,-3.2981167,0.0019836426,68.59827,0.0
2024-02-05 18:00:00,26.172272,21.742767,1016.73315,-3.6766691,-2.5309353,0.20975494,76.63003,0.0
2024-02-06 00:00:00,25.706207,21.61734,1013.9925,-3.180009,-2.5285149,0.36899304,78.17234,0.0
2024-02-06 06:00:00,28.333405,21.23111,1016.7456,-4.611412,-2.6742983,0.58867216,65.42816,0.0
2024-02-06 12:00:00,27.612213,22.22293,1012.9506,-4.406762,-3.513873,0.28750765,72.50239,0.0
2024-02-06 18:00:00,25.849396,21.922455,1015.4444,-3.467929,-3.1571226,0.5467987,78.96986,0.0
2024-02-07 00:00:00,25.021149,22.43332,1013.8013,-2.244894,-2.3239946,0.6944134,85.575485,0.010299496
2024-02-07 06:00:00,27.451447,22.055206,1016.41125,-2.3509197,-2.3004818,0.2191534,72.44365,0.0
2024-02-07 12:00:00,27.681671,21.89981,1013.1475,-3.548604,-2.3398037,0.11225128,70.800354,0.0
2024-02-07 18:00:00,26.025055,21.700958,1015.14435,-3.2125883,-0.6347885,0.039447784,77.10281,0.0
2024-02-08 00:00:00,25.384674,22.26413,1012.14374,-1.2988949,-1.9828424,0.5363312,82.886086,0.0
2024-02-08 06:00:00,28.257599,22.330353,1015.2969,-2.7266989,-2.4295378,0.6317148,70.28131,0.0
2024-02-08 12:00:00,27.913483,23.24179,1011.29376,-3.1938019,-1.9539537,0.54230094,75.77813,0.0
2024-02-08 18:00:00,25.884003,22.601593,1014.66437,-2.8574467,-0.3714037,0.07698822,82.13368,0.0
2024-02-09 00:00:00,25.985016,23.315643,1013.04626,-2.1271906,-1.1535606,0.62204856,85.2507,0.009346055
2024-02-09 06:00:00,28.068634,22.97696,1015.795,-3.4989948,-3.1604843,0.24869996,73.902534,0.0
2024-02-09 12:00:00,27.844147,22.696747,1012.40814,-4.181264,-2.9171286,0.2610321,73.61592,0.0
2024-02-09 18:00:00,27.079865,22.618256,1015.9281,-4.7534475,-2.71286,0.49398497,76.618706,0.00047683716
2024-02-10 00:00:00,26.157318,23.023712,1015.02435,-2.8878355,-1.8427458,0.23154533,82.91029,0.07810444
2024-02-10 06:00:00,28.522491,22.998077,1016.9481,-5.3123837,-2.6844225,0.18993849,72.06863,0.0
2024-02-10 12:00:00,28.307587,23.182343,1013.29376,-4.4447947,-2.7311096,0.13450587,73.79242,0.0
2024-02-10 18:00:00,27.13852,23.153046,1016.21124,-4.9184,-1.4614391,0.19195953,78.86936,0.007248018
2024-02-11 00:00:00,26.012238,23.25119,1014.42377,-4.2057343,-2.9717903,0.8614745,84.78281,0.007724855
2024-02-11 06:00:00,27.877228,22.50888,1017.89685,-5.079874,-3.6458406,0.9220403,72.64076,0.0
2024-02-11 12:00:00,27.497833,22.384247,1014.3725,-4.263158,-4.117388,0.20455962,73.70902,0.0
2024-02-11 18:00:00,26.243927,21.87204,1016.15936,-4.227087,-2.8547907,0.27383283,76.91104,0.0
2024-02-12 00:00:00,25.846832,20.964233,1014.54877,-3.0795937,-2.7079306,0.4538824,74.48071,0.0
2024-02-12 06:00:00,28.274933,20.878632,1016.9,-4.609968,-4.0204935,0.8641322,64.24515,0.003910036
2024-02-12 12:00:00,28.195953,21.755646,1013.5175,-4.1981974,-3.8572588,0.48114157,68.10566,0.0
2024-02-12 18:00:00,27.12564,21.688019,1015.98315,-3.506958,-3.3666296,0.8156694,72.2039,0.0
2024-02-13 00:00:00,26.619293,21.915863,1013.28314,-2.7311487,-3.0165796,0.48766476,75.428185,0.056744553
2024-02-13 06:00:00,28.071564,23.219147,1015.5687,-2.9294014,-5.2727575,0.6630125,74.98015,0.09279605
2024-02-13 12:00:00,28.014435,24.542206,1012.4425,-5.631934,-4.2100916,0.56665593,81.459045,0.0
2024-02-13 18:00:00,27.072113,24.448517,1014.60376,-5.1583433,-3.5413027,0.368725,85.5949,0.057300903
2024-02-14 00:00:00,26.53714,23.708862,1013.46124,-4.2322874,-4.0226765,0.43863797,84.49501,0.0
2024-02-14 06:00:00,28.532867,23.471954,1014.9975,-4.992421,-4.3999624,0.1632477,74.11705,0.0
2024-02-14 12:00:00,28.170319,23.266266,1011.6875,-4.225024,-4.4744167,0.22043818,74.76252,0.0
2024-02-14 18:00:00,26.879425,23.298248,1014.23,-4.0727158,-2.956727,0.21297738,80.784454,0.0001907174
2024-02-15 00:00:00,26.547272,23.065216,1013.02875,-3.4290705,-1.9935341,0.24842101,81.22748,0.019455325
2024-02-15 06:00:00,28.603546,22.689056,1015.0506,-4.9843283,-3.988081,0.23772609,70.39958,0.0
2024-02-15 12:00:00,28.336945,22.385895,1012.16,-5.1276875,-3.591466,0.28665143,70.19431,0.0
2024-02-15 18:00:00,27.50113,21.897888,1014.2925,-5.2015915,-2.3831692,0.42850202,71.54354,0.0
2024-02-16 00:00:00,26.722626,22.27649,1013.0875,-3.779645,-2.9019337,0.30998015,76.63632,0.003432855
2024-02-16 06:00:00,28.648346,23.072113,1015.7544,-4.1729345,-4.568117,0.47478056,71.86515,0.042915884
2024-02-16 12:00:00,28.560822,23.414703,1012.40686,-4.1764774,-4.5161686,0.0595607,73.74171,0.0
2024-02-16 18:00:00,27.159454,23.46585,1014.46375,-3.2186499,-3.7168503,0.024170417,80.2745,0.0
2024-02-17 00:00:00,26.840363,22.505402,1012.3756,-1.8174877,-4.3521204,0.64791065,77.17392,0.0
2024-02-17 06:00:00,28.881012,22.457794,1014.0613,-3.7140245,-4.7709255,0.90991586,68.309944,0.0
2024-02-17 12:00:00,28.375275,23.124176,1010.8113,-4.5714197,-3.384758,0.25918692,73.24446,0.0
2024-02-17 18:00:00,26.861359,23.316132,1013.53314,-2.9618845,-2.2398224,0.09435563,80.957695,0.0
2024-02-18 00:00:00,26.17862,22.655182,1011.16125,-2.018198,-1.9940462,0.56854296,80.97732,0.0
2024-02-18 06:00:00,28.56839,22.810211,1014.0044,-3.3373137,-2.6980705,0.75007415,71.063576,0.0
2024-02-18 12:00:00,28.167877,23.247223,1010.355,-5.0171347,-1.4639683,0.8634768,74.68718,0.0
2024-02-18 18:00:00,26.664154,23.299011,1013.1175,-4.5563297,-0.19799423,0.28047597,81.81805,0.0
2024-02-19 00:00:00,25.935333,22.944519,1011.70685,-2.6063414,-0.65320873,0.3518391,83.6046,0.00047683716
2024-02-19 06:00:00,28.735626,22.861908,1014.5538,-4.144638,0.084132075,0.14974219,70.59807,0.0023846515
2024-02-19 12:00:00,28.415314,23.112091,1010.48376,-4.4095516,-1.1537218,0.028615728,73.02079,0.0
2024-02-19 18:00:00,26.773956,23.39804,1013.82,-4.054346,-0.49882793,0.26777443,81.77832,0.0
2024-02-20 00:00:00,26.131317,23.315979,1011.685,-3.6304998,0.57644176,0.3131116,84.51783,0.006770948
2024-02-20 06:00:00,28.657623,23.368378,1014.21124,-4.6964064,0.37996292,0.22824723,73.12381,0.0
2024-02-20 12:00:00,28.294342,22.864655,1010.35187,-4.662835,0.39080435,0.21394378,72.4432,0.0
2024-02-20 18:00:00,26.698273,22.722809,1013.1325,-4.0075607,1.254937,0.08964285,78.85563,0.0
2024-02-21 00:00:00,25.847382,22.609863,1010.97815,-1.2389679,1.2849663,0.47235668,82.353386,0.0034333207
2024-02-21 06:00:00,28.703522,22.713654,1013.1894,-1.8777351,1.3263084,0.2450633,70.09687,0.0
2024-02-21 12:00:00,28.328888,22.982086,1008.65,-3.467865,2.4668036,0.0,72.81373,0.0
2024-02-21 18:00:00,27.013794,23.631897,1011.3744,-4.370699,3.8280005,0.023448694,81.77824,0.0
2024-02-22 00:00:00,26.303436,23.49289,1010.615,-0.40952396,3.5688055,0.8348241,84.56052,0.0
2024-02-22 06:00:00,29.257477,23.765106,1013.1225,-1.1648121,4.223172,0.19988853,72.33668,0.0019073486
2024-02-22 12:00:00,29.035553,25.01004,1009.52686,-2.4211912,3.9309282,0.8179489,78.94325,0.093095005
2024-02-22 18:00:00,27.96106,24.963715,1012.20874,-2.4151678,4.958254,0.31072256,83.79644,0.0
2024-02-23 00:00:00,27.463104,24.961395,1010.9531,0.65155697,4.700803,0.30435735,86.25861,0.0072475523
2024-02-23 06:00:00,29.78897,24.644867,1012.17126,-1.3865347,3.511756,0.32726586,73.9546,0.018979033
2024-02-23 12:00:00,28.99173,25.675812,1008.6525,-4.110817,3.497078,0.17136085,82.34016,0.0
2024-02-23 18:00:00,27.856628,25.434296,1011.1,-3.5379658,3.364376,0.13203724,86.703964,0.0
2024-02-24 00:00:00,27.613953,24.891632,1010.0181,-1.3466425,3.3075192,0.7617578,85.14553,0.0003874302
2024-02-24 06:00:00,29.501984,24.565948,1012.77313,-2.3338833,2.691266,0.20001715,74.833466,0.0072419643
2024-02-24 12:00:00,28.74527,23.946625,1009.3088,-4.7538385,2.3417187,0.013023376,75.33118,0.0
2024-02-24 18:00:00,27.399261,23.193329,1011.92126,-5.286792,1.2676961,0.00945282,77.86228,0.0
2024-02-25 00:00:00,26.754486,22.778229,1009.5681,-4.0753136,0.4090805,0.4347638,78.859695,0.0
2024-02-25 06:00:00,29.08731,22.253143,1012.09814,-4.2218323,-0.22278118,0.35853648,66.664116,0.0
2024-02-25 12:00:00,28.629059,23.008942,1008.4581,-4.8804483,-2.15246,0.30449224,71.67117,0.0
2024-02-25 18:00:00,27.600006,22.986938,1011.47565,-5.5091915,-1.4133396,0.46781296,75.99825,0.009918353
2024-02-26 00:00:00,26.718414,23.569244,1010.1863,-4.994232,-1.5593252,0.32051748,82.8975,0.12769209
2024-02-26 06:00:00,28.775726,23.652863,1012.79,-6.2810326,-2.4719849,0.61104923,73.88098,0.0
2024-02-26 12:00:00,28.94046,23.766693,1009.39813,-5.110196,-4.5521126,0.22572458,73.68232,0.0
2024-02-26 18:00:00,27.6987,23.834015,1012.52185,-5.8883514,-4.1984653,0.1855194,79.52326,0.0
2024-02-27 00:00:00,27.207672,23.57544,1010.71625,-4.3999653,-4.4344482,0.5355468,80.578384,0.06828271
2024-02-27 06:00:00,29.201324,23.296906,1013.33374,-6.396572,-4.296748,0.9067597,70.55218,0.0
2024-02-27 12:00:00,28.763336,23.487396,1010.0181,-4.705676,-5.662134,0.54380274,73.2005,0.0
2024-02-27 18:00:00,27.405548,23.667328,1012.4356,-4.20267,-3.184044,0.39060694,80.09138,0.0
2024-02-28 00:00:00,26.681305,23.919037,1010.7619,-1.592968,-4.608013,0.3994524,84.84634,0.022698194
2024-02-28 06:00:00,28.702667,23.647003,1012.6719,-4.1291094,-5.4654913,0.27346313,74.16849,0.0
2024-02-28 12:00:00,28.809845,23.332855,1009.3837,-3.9957685,-4.015195,0.0,72.32585,0.0
2024-02-28 18:00:00,27.187592,23.62088,1011.7438,-3.24193,-3.1630468,0.10916138,80.894485,0.0
2024-02-29 00:00:00,26.581451,23.397491,1009.76685,-1.636939,-3.3532057,0.6700248,82.70783,0.0
2024-02-29 06:00:00,29.140411,23.314972,1013.33875,-4.476551,-2.7403564,0.29336238,70.87833,9.5460564e-05
2024-02-29 12:00:00,29.056915,23.421234,1009.9412,-3.7645636,-1.9718885,0.3627263,71.679695,0.0
2024-02-29 18:00:00,27.284088,23.88736,1013.52563,-3.238513,-2.0722408,0.89261705,81.73842,0.0
2024-03-01 00:00:00,26.7659,24.08017,1011.3069,-2.543128,-2.7962542,0.99832815,85.246025,9.5460564e-05
2024-03-01 06:00:00,29.25467,23.37381,1014.1744,-5.0126944,-2.6072063,0.9991092,70.66233,0.0
2024-03-01 12:00:00,28.969269,23.56607,1010.77814,-3.9052687,-2.7615538,0.9926639,72.67617,0.0
2024-03-01 18:00:00,27.28476,24.428864,1013.64,-3.574561,-0.9086304,0.9891103,84.43435,0.0
2024-03-02 00:00:00,26.554535,23.888458,1011.5181,-1.2419748,-0.92065716,0.97067845,85.32533,0.0
2024-03-02 06:00:00,28.963165,23.392487,1014.02313,-1.4963646,-0.4654169,0.65933776,71.944786,0.0
2024-03-02 12:00:00,28.756378,23.45108,1009.7419,-4.4756002,-0.71621895,0.96065295,73.06982,0.0
2024-03-02 18:00:00,27.083496,23.767365,1012.67126,-4.977216,0.62997115,0.054718018,82.11115,0.0
2024-03-03 00:00:00,26.048859,23.143158,1010.625,-4.255475,-0.5179491,0.2674749,84.04879,0.0
2024-03-03 06:00:00,28.749298,23.044891,1013.71936,-3.7473497,-0.11591905,0.50509065,71.32795,0.0
2024-03-03 12:00:00,28.298615,22.723663,1009.26373,-4.518962,0.5025327,0.0,71.80886,0.0
2024-03-03 18:00:00,26.327515,22.727386,1011.96185,-2.9621553,1.1997788,0.03465271,80.62058,0.0
2024-03-04 00:00:00,25.777191,22.016663,1010.70874,-2.3922863,0.009420395,0.12487221,79.76553,0.0
2024-03-04 06:00:00,28.348175,21.985931,1012.97876,-2.7014513,-0.043748915,0.24148543,68.46062,0.0
2024-03-04 12:00:00,28.201447,21.954315,1009.595,-4.011759,0.55503845,0.52305603,68.914635,0.0
2024-03-04 18:00:00,26.512054,22.493408,1012.76624,-4.31689,0.41149312,0.05581665,78.62306,0.0
2024-03-05 00:00:00,25.72763,21.88861,1010.7225,-1.5491066,0.26098537,0.6392181,79.377785,0.0
2024-03-05 06:00:00,28.435577,21.892426,1012.8694,-2.892664,0.061947703,0.9443166,67.72615,0.0
2024-03-05 12:00:00,28.425568,22.493378,1009.4231,-3.9716482,1.0915082,0.9985108,70.29121,0.0
2024-03-05 18:00:00,26.595978,22.824677,1012.52875,-2.9856129,0.7330658,0.99322873,79.82358,0.0
2024-03-06 00:00:00,25.927399,22.640167,1010.51373,-1.6704044,0.10892105,0.99240035,82.11488,0.00047683716
2024-03-06 06:00:00,28.46939,22.025269,1013.29315,-2.1950073,0.46063316,0.98163295,68.14316,0.0
2024-03-06 12:00:00,28.40921,22.501007,1009.4888,-3.5265617,1.2404103,0.32684022,70.390686,0.0
2024-03-06 18:00:00,26.774323,23.055511,1011.935,-4.0359726,0.88749385,0.9991078,80.10155,0.0
2024-03-07 00:00:00,26.0466,22.571503,1010.1181,-2.0685282,1.3930438,0.9836545,81.19846,0.0
2024-03-07 06:00:00,28.942657,22.751984,1012.28064,-2.037755,0.9638232,0.77968395,69.29293,0.0
2024-03-07 12:00:00,28.568512,22.744781,1008.4437,-3.3322496,2.0230665,0.39315796,70.78176,0.0
2024-03-07 18:00:00,26.467255,22.841888,1011.77313,-2.6705828,-0.30207157,0.7919102,80.515526,0.0
2024-03-08 00:00:00,26.396149,23.111542,1009.8237,-2.8368616,1.5976691,0.54268783,82.18454,0.0
2024-03-08 06:00:00,29.4971,23.394684,1012.59436,-1.8578186,3.3946667,0.52638817,69.76821,0.0
2024-03-08 12:00:00,29.206085,23.580597,1008.6025,-2.9804916,3.0292974,0.0,71.75018,0.0
2024-03-08 18:00:00,27.376678,24.295868,1011.9888,-3.647602,3.4241152,0.0062217712,83.31432,0.0
2024-03-09 00:00:00,27.036102,24.213104,1009.6069,-0.8028221,1.977182,0.4807666,84.57462,0.0
2024-03-09 06:00:00,29.778961,23.742096,1012.2006,-1.2198515,2.2538934,0.22581887,70.09678,0.0
2024-03-09 12:00:00,29.240753,23.524078,1008.95874,-5.0790834,1.6267155,0.09971309,71.36307,0.0
2024-03-09 18:00:00,27.93872,24.12088,1012.39185,-5.049103,1.0276489,0.14907938,79.77976,0.0
2024-03-10 00:00:00,26.9169,23.525513,1011.5806,-3.4286203,1.7588838,0.14728698,81.71959,0.0
2024-03-10 06:00:00,29.597687,23.259827,1014.2375,-2.4351292,1.9080687,0.1324352,68.80236,0.0
2024-03-10 12:00:00,29.23111,22.741425,1010.90125,-4.951502,-0.3615923,0.0,68.102715,0.0
2024-03-10 18:00:00,27.502777,24.116425,1014.5538,-5.184944,-0.7532091,0.030495869,81.816154,0.0
2024-03-11 00:00:00,26.960663,23.262115,1013.0056,-4.375457,0.37421894,0.09571518,80.224396,0.0
2024-03-11 06:00:00,29.62259,23.194855,1015.7375,-3.6477509,-0.13576037,0.21356755,68.43454,0.0
2024-03-11 12:00:00,29.061798,22.985138,1011.7925,-3.9004993,0.5056895,0.09785354,69.79566,0.0
2024-03-11 18:00:00,27.208862,23.805695,1015.2369,-3.1826754,0.449251,0.7766571,81.69751,0.0
2024-03-12 00:00:00,26.434418,23.0029,1013.205,-1.7905064,0.06796968,0.94408524,81.46203,0.0
2024-03-12 06:00:00,29.539215,22.620026,1014.84937,-2.6257477,0.65632856,0.36181745,66.411415,0.0
2024-03-12 12:00:00,28.815826,22.904877,1011.1962,-4.0116854,0.7832746,0.0,70.453705,0.0
2024-03-12 18:00:00,26.911285,23.661224,1013.4556,-3.1848593,1.8916211,0.0139045715,82.41773,0.0
2024-03-13 00:00:00,26.26828,23.64267,1011.46686,-1.4620209,2.2474217,0.6519419,85.50457,0.0
2024-03-13 06:00:00,29.530182,23.327301,1013.7606,-1.5724716,3.1690235,0.44561702,69.352615,0.0
2024-03-13 12:00:00,28.936676,22.627594,1009.60187,-2.9155855,3.7148447,0.46114612,68.795845,0.0
2024-03-13 18:00:00,27.385162,22.78128,1012.9331,-3.7978325,2.3724296,0.6995281,76.007126,0.0
2024-03-14 00:00:00,26.347748,22.363281,1011.4412,-2.068942,3.0983744,0.877949,78.763374,0.0
2024-03-14 06:00:00,29.685333,22.155182,1013.2587,-0.61920446,2.4272852,0.0114684105,64.019394,0.0
2024-03-14 12:00:00,29.299713,22.128326,1009.0681,-4.2197313,2.5839777,0.0,65.352104,0.0
2024-03-14 18:00:00,27.612885,22.265045,1011.46814,-3.6685705,2.1928935,0.0029449463,72.685616,0.0
2024-03-15 00:00:00,26.687653,22.957916,1010.2825,-0.23415375,2.9819236,0.39261788,80.0371,0.0
2024-03-15 06:00:00,30.144928,23.049164,1012.20685,-1.0892897,2.3543394,0.18527195,65.82698,0.0
2024-03-15 12:00:00,29.695465,23.52243,1008.675,-3.9005032,3.3514519,0.0,69.508705,0.0
2024-03-15 18:00:00,28.087982,24.917694,1012.0144,-3.7529383,3.3777463,0.056708712,82.95068,0.0
2024-03-16 00:00:00,28.045319,24.545929,1010.34375,-3.4709673,5.4025493,0.26238436,81.33064,0.0
2024-03-16 06:00:00,30.0336,24.245483,1012.72186,-2.8392105,3.4351482,0.22389708,71.198746,0.018503297
2024-03-16 12:00:00,29.507233,25.022003,1008.98126,-4.584485,2.4876652,0.0,76.87611,0.0
2024-03-16 18:00:00,27.90152,24.08603,1011.6806,-4.9086876,1.1539383,0.030859342,79.78604,0.0
2024-03-17 00:00:00,26.984955,24.106842,1010.785,-3.9908104,2.0907733,0.14675546,84.28997,0.0020981533
2024-03-17 06:00:00,29.199615,23.541107,1013.35187,-3.527687,1.8732603,0.18894452,71.60638,0.0
2024-03-17 12:00:00,28.996002,22.838226,1009.8619,-4.30095,1.5425792,0.0044612885,69.44132,0.0
2024-03-17 18:00:00,26.64328,22.913025,1012.6937,-3.5567245,-0.3082829,0.0067329407,80.0287,0.0
2024-03-18 00:00:00,26.33432,22.838257,1010.40186,-3.7988358,0.60572624,0.17513682,81.1317,0.0
2024-03-18 06:00:00,29.388214,22.983307,1013.2519,-3.5730953,1.2171489,0.1425541,68.483894,0.0
2024-03-18 12:00:00,29.144806,22.934723,1008.79315,-3.3896027,1.8819227,0.0,69.2497,0.0
2024-03-18 18:00:00,26.850372,23.279327,1011.8269,-3.2780895,1.0108252,0.0,80.83018,0.0
2024-03-19 00:00:00,26.199982,23.227509,1009.95435,-3.71836,0.1222105,0.19351041,83.7269,0.0
2024-03-19 06:00:00,29.286041,23.335602,1012.0681,-3.6630554,1.239212,0.097227454,70.37189,0.0
2024-03-19 12:00:00,28.8555,22.969513,1009.2225,-4.63818,0.91417116,0.0,70.567566,0.0
2024-03-19 18:00:00,26.973602,23.314606,1011.7875,-4.273143,0.90954196,0.0,80.41793,0.0
2024-03-20 00:00:00,26.450836,22.714447,1009.83435,-2.9693184,0.14887714,0.033966064,79.97327,0.0
2024-03-20 06:00:00,29.792877,22.472198,1012.0631,-3.205387,1.0845515,0.13861306,64.86322,0.0
2024-03-20 12:00:00,29.491241,23.855988,1008.9169,-5.34863,0.6343256,0.03703308,71.758385,0.0
2024-03-20 18:00:00,28.176788,24.516876,1011.515,-5.1078157,-0.15042692,0.10283661,80.569885,0.0
2024-03-21 00:00:00,27.123383,23.891266,1010.2594,-6.0778065,-1.3452826,0.5932473,82.53191,0.19092858
2024-03-21 06:00:00,29.104645,24.766998,1011.945,-4.4692373,-0.41471386,0.19197518,77.49623,0.0
2024-03-21 12:00:00,29.21524,24.967926,1008.3606,-5.4862776,-2.1153278,0.17594522,77.93123,0.0074488074
2024-03-21 18:00:00,28.222382,24.805878,1010.78625,-4.744417,-1.281456,0.13403258,81.756454,0.0
2024-03-22 00:00:00,27.413574,24.556976,1008.52936,-4.2670174,-1.262702,0.35129964,84.44446,0.14210124
2024-03-22 06:00:00,29.963654,24.38272,1010.4475,-4.8862114,-2.2866936,0.120196946,72.07583,0.0
2024-03-22 12:00:00,29.756744,24.809357,1007.09186,-5.4876842,-0.853179,0.07768734,74.82361,0.0
2024-03-22 18:00:00,28.292084,24.816925,1009.51624,-4.6270523,0.7086253,0.2612471,81.479195,0.0
2024-03-23 00:00:00,27.259186,24.317444,1007.66626,-2.5994139,-0.80475616,0.42673063,83.99853,0.006866394
2024-03-23 06:00:00,30.112213,23.860504,1010.71814,-3.4240017,-1.0836306,0.11325361,69.25838,0.0
2024-03-23 12:00:00,29.75467,24.653229,1007.3869,-4.927182,0.45498252,0.006345749,74.13781,0.0
2024-03-23 18:00:00,28.106537,24.333618,1010.93,-4.0712967,1.2016027,0.3831284,80.01738,0.0
2024-03-24 00:00:00,26.954987,23.87555,1009.57,-2.7500782,0.34817505,0.91427255,83.27341,0.0020026928
2024-03-24 06:00:00,29.848907,23.677887,1012.85065,-3.6216516,0.35671455,0.36755294,69.5459,0.0
2024-03-24 12:00:00,29.638458,23.495148,1009.1194,-4.0242186,-0.8163862,0.14481024,69.62271,0.0
2024-03-24 18:00:00,27.571747,24.219757,1012.3113,-3.7462301,-0.51947117,0.110328674,81.993416,0.0
2024-03-25 00:00:00,27.200714,23.566376,1010.14685,-2.4597454,-0.16762066,0.2711172,80.56722,0.0
2024-03-25 06:00:00,29.562042,23.173737,1012.40686,-2.9559546,-0.76024914,0.16127579,68.58615,0.0
2024-03-25 12:00:00,29.387726,23.024445,1009.4575,-4.9017696,-1.3422146,0.013259888,68.656555,0.0
2024-03-25 18:00:00,27.3945,23.188507,1012.1769,-3.1809616,-0.569821,0.14729309,77.86131,0.0
2024-03-26 00:00:00,26.687408,22.839691,1010.91125,-3.130167,-0.7982197,0.5453355,79.46716,0.006484799
2024-03-26 06:00:00,29.37381,21.752197,1013.16815,-3.1356068,-0.4100256,0.041793823,63.596928,0.0
2024-03-26 12:00:00,29.408722,22.788849,1010.0687,-4.9160814,0.1748504,0.00048828125,67.60189,0.0
2024-03-26 18:00:00,28.168793,23.835358,1013.47565,-4.2716827,1.5610231,0.0009889603,77.378265,0.0
2024-03-27 00:00:00,27.324066,24.381134,1012.5069,-2.5007887,-0.4386587,0.30640107,83.99959,0.106148615
2024-03-27 06:00:00,29.400421,24.3591,1014.8619,-3.656623,0.012689173,0.5377542,74.34689,0.010877654
2024-03-27 12:00:00,30.0159,25.021515,1011.14685,-5.038353,1.6130235,0.094470136,74.65577,0.0
2024-03-27 18:00:00,28.587067,25.092224,1013.1813,-2.4939299,0.025853515,0.32973772,81.42015,0.045394525
2024-03-28 00:00:00,27.91861,24.79654,1011.4581,-2.9550524,1.0327702,0.36215502,83.170334,0.0
2024-03-28 06:00:00,30.655792,24.471344,1012.4462,-2.827218,-0.0998503,0.06675802,69.64049,0.0
2024-03-28 12:00:00,30.350739,24.267242,1008.3644,-4.358157,0.33476543,0.18025798,70.00616,0.0
2024-03-28 18:00:00,28.412231,24.949799,1011.5925,-4.1870804,1.5854439,0.0020599365,81.55594,0.0
2024-03-29 00:00:00,27.697418,24.884796,1009.5806,-3.4373684,2.508421,0.30927503,84.69657,0.0
2024-03-29 06:00:00,30.631744,24.361176,1012.0706,-2.119217,3.070093,0.20789117,69.27776,0.008012168
2024-03-29 12:00:00,29.898468,24.652374,1008.71,-3.7004423,2.436648,0.0,73.52324,0.0
2024-03-29 18:00:00,28.268036,24.56839,1011.4525,-3.1684456,2.0280375,0.0,80.39042,0.0
2024-03-30 00:00:00,27.906769,24.130646,1010.58685,-3.2210846,2.5855117,0.49437594,79.975494,0.0
2024-03-30 06:00:00,30.40152,23.766266,1012.55,-2.532095,2.1690273,0.9561728,67.73369,0.0
2024-03-30 12:00:00,29.781647,24.153473,1009.705,-3.9896564,1.8633997,0.90862393,71.84011,0.0
2024-03-30 18:00:00,28.727753,25.45401,1012.8013,-4.0667667,2.661484,0.8680323,82.515434,0.0
2024-03-31 00:00:00,28.001617,24.996124,1012.14685,-2.9764128,3.2844357,0.48779327,83.76022,0.25920853
2024-03-31 06:00:00,30.313507,25.577301,1013.91064,-2.6016397,2.78512,0.29293504,75.85863,0.0
2024-03-31 12:00:00,30.430573,25.449371,1009.4869,-4.453104,1.9051625,0.0,74.781075,0.0
2024-03-31 18:00:00,28.891632,25.569275,1011.41,-3.7527103,1.6250849,0.056268692,82.29685,0.0
2024-04-01 00:00:00,28.415924,25.325043,1009.8575,-2.1584826,2.0861614,0.29486722,83.38134,0.030137599
2024-04-01 06:00:00,30.947418,25.120178,1011.3575,-1.9607859,3.0091639,0.16870396,71.19565,0.0003799796
2024-04-01 12:00:00,30.53299,25.624542,1007.0481,-4.342022,2.4183502,0.033988953,75.121254,0.0
2024-04-01 18:00:00,28.96051,25.243256,1009.6213,-2.8732824,2.3579164,0.0041570663,80.396,0.0
2024-04-02 00:00:00,28.279266,24.829529,1007.4331,-0.43972778,3.3418355,0.18179184,81.6014,0.0
2024-04-02 06:00:00,31.3638,24.757355,1009.3575,-1.5438805,3.815552,0.0886832,68.03798,0.0017168932
2024-04-02 12:00:00,30.940338,24.877838,1005.1431,-3.9212036,3.4355893,0.024881428,70.20268,0.0
2024-04-02 18:00:00,29.339294,26.62967,1008.7656,-4.1098986,4.975809,0.121664725,85.38332,0.0
2024-04-03 00:00:00,28.799469,26.188171,1008.65,-1.1517067,4.36724,0.49843508,85.82692,0.06742099
2024-04-03 06:00:00,31.35733,25.674103,1010.3575,-0.28414613,3.7869606,0.5669162,71.88047,0.0
2024-04-03 12:00:00,30.637848,26.213654,1006.15814,-3.5178165,4.1738415,0.4209442,77.322784,0.0
2024-04-03 18:00:00,29.48227,26.460358,1009.1175,-2.4108124,4.26178,0.44111633,83.840904,0.0017164275
2024-04-04 00:00:00,28.861511,26.160828,1008.47125,-0.7095175,3.503117,0.29354483,85.38077,0.10538194
2024-04-04 06:00:00,31.093292,25.95694,1010.7325,-1.9675121,3.400793,0.49570787,74.2028,0.0
2024-04-04 12:00:00,30.873444,25.922638,1006.5444,-3.4595299,2.2030866,0.6871013,74.986855,0.0
2024-04-04 18:00:00,28.963501,26.593842,1009.33685,-2.1883287,4.276952,0.24323326,87.07481,0.0
2024-04-05 00:00:00,29.019348,26.2919,1007.97565,1.9135871,0.9407183,0.7720935,85.261635,0.028705224
2024-04-05 06:00:00,32.143585,24.559418,1010.20624,-2.1000433,2.7660868,0.61298317,64.328255,0.0
2024-04-05 12:00:00,30.834625,26.304474,1005.71936,-3.3332882,3.1392946,0.4898128,76.869354,0.0
2024-04-05 18:00:00,28.854126,26.170135,1008.10876,-2.9768543,2.5080643,0.1795044,85.4643,0.0
2024-04-06 00:00:00,28.911102,26.2583,1006.97064,-0.8886013,3.816247,0.39370078,85.6276,0.01087226
2024-04-06 06:00:00,31.599152,25.568512,1009.14874,-1.5499735,3.5452776,0.06837269,70.4563,0.0
2024-04-06 12:00:00,31.162018,24.956451,1005.0631,-2.514061,3.6184492,0.04307556,69.6468,0.0
2024-04-06 18:00:00,28.946808,25.450714,1007.71625,-3.6021662,3.4803743,0.0,81.45862,0.0
2024-04-07 00:00:00,28.322052,25.072052,1006.8769,-0.10072231,2.791831,0.002960205,82.58448,0.0
2024-04-07 06:00:00,32.434113,25.146393,1008.51685,-0.6210607,2.6128187,0.044208962,65.53716,0.0
2024-04-07 12:00:00,31.155426,26.473297,1004.65936,-2.8994255,4.096627,0.49336284,76.231155,0.0
2024-04-07 18:00:00,29.010834,26.741852,1007.65625,-2.2310696,4.321225,0.871727,87.59674,0.0
2024-04-08 00:00:00,29.08548,26.743256,1007.2,-0.7768965,3.5856304,0.92059875,87.22641,0.018309802
2024-04-08 06:00:00,31.437775,26.11673,1009.72876,-3.117197,4.477787,0.3198471,73.45292,0.0
2024-04-08 12:00:00,30.708405,26.874176,1007.1044,-3.8644114,2.1701791,0.24018973,80.068794,0.0
2024-04-08 18:00:00,28.84201,25.937408,1009.9919,-4.3452024,0.86235034,0.15639319,84.35498,0.0
2024-04-09 00:00:00,28.08136,25.298248,1008.6987,-3.7853794,-0.059848785,0.6507315,84.88549,0.0027661247
2024-04-09 06:00:00,30.509796,24.635834,1010.76373,-4.6562796,-0.56010246,0.7653039,70.91905,0.0
2024-04-09 12:00:00,30.019928,24.38089,1007.21564,-5.159911,-1.2578659,0.8734136,71.83526,0.0
2024-04-09 18:00:00,29.011017,24.216248,1010.3713,-4.0136795,-0.9690428,0.58395356,75.39075,0.0
2024-04-10 00:00:00,28.06784,24.418213,1009.1669,-2.302743,-2.036704,0.5399479,80.60544,0.0
2024-04-10 06:00:00,30.959991,23.810577,1010.9306,-3.9146385,-2.562172,0.28364253,65.78029,0.0
2024-04-10 12:00:00,30.596954,24.282867,1007.2381,-4.9324875,-0.6481266,0.024162292,69.0908,0.0
2024-04-10 18:00:00,29.306244,24.583618,1009.7319,-2.9316778,-0.65098286,0.71015,75.76363,0.0
2024-04-11 00:00:00,28.651215,24.929169,1008.8975,-1.9069796,-1.9323788,0.96982926,80.332825,0.06962009
2024-04-11 06:00:00,30.978912,24.63211,1010.8831,-4.20415,0.099160194,0.91748035,69.027725,0.0
2024-04-11 12:00:00,30.549713,25.864655,1007.16187,-5.893877,-0.84461117,0.54467815,76.125465,0.0
2024-04-11 18:00:00,28.203033,25.48999,1010.58875,-4.6286564,0.23519838,0.85717285,85.25227,0.31577507
2024-04-12 00:00:00,27.929352,25.801697,1008.8125,-3.6168785,-1.1703787,0.9999987,88.24002,0.2246559
2024-04-12 06:00:00,30.335968,25.748383,1010.91626,-3.7707062,0.25244522,0.98576057,76.53391,0.0
2024-04-12 12:00:00,29.845245,25.054108,1008.32935,-5.0792484,-0.02563548,0.97833914,75.538376,0.0
2024-04-12 18:00:00,29.309021,25.490753,1010.1794,-3.5428085,0.40720186,0.9878183,79.96012,0.0
2024-04-13 00:00:00,28.927216,25.663635,1008.79626,-2.4975433,1.1044009,0.9895997,82.588646,0.0267042
2024-04-13 06:00:00,30.880524,25.672028,1011.3063,-3.1410189,-0.3942051,0.74270326,73.85142,0.12435729
2024-04-13 12:00:00,30.660797,26.004242,1007.22876,-3.9907246,-1.0834942,0.10524792,76.27105,0.0
2024-04-13 18:00:00,29.26123,25.85788,1010.1219,-3.940898,-0.7271004,0.50862795,81.94656,0.0
2024-04-14 00:00:00,28.552094,25.427124,1008.6306,-4.0623693,-1.6632681,0.32232344,83.22788,0.014496967
2024-04-14 06:00:00,30.918976,24.643585,1011.4331,-4.4744024,-2.4919825,0.95139426,69.31174,0.0
2024-04-14 12:00:00,30.288116,24.81131,1007.86127,-4.569809,-2.5071526,0.9759543,72.58246,0.0
2024-04-14 18:00:00,29.252533,25.453949,1010.5569,-3.7787352,-0.7421951,0.9521424,80.04625,0.007437542
2024-04-15 00:00:00,28.552765,25.581696,1009.3681,-3.0666695,-1.5363741,0.8703772,83.99225,0.14372729
2024-04-15 06:00:00,30.519928,25.70108,1012.08185,-3.4534035,-1.2204952,0.92040676,75.51958,0.0
2024-04-15 12:00:00,30.703766,26.157928,1008.2587,-5.688074,-0.17033386,0.20258534,76.77862,0.0
2024-04-15 18:00:00,29.307648,26.091248,1010.63,-3.2330809,0.4638077,0.3905125,82.86395,0.008201227
2024-04-16 00:00:00,27.917389,25.60794,1009.3237,-0.8157759,-0.21234417,0.519891,87.29271,0.02880115
2024-04-16 06:00:00,30.941559,24.555328,1010.96814,-3.036663,-0.08259934,0.8982155,68.85807,0.0
2024-04-16 12:00:00,30.708038,25.250397,1007.29376,-3.6073475,1.9293084,0.6174774,72.73743,0.0
2024-04-16 18:00:00,28.892853,26.093048,1009.60376,-3.3399982,2.2143755,0.4528011,84.88504,0.0
2024-04-17 00:00:00,28.317291,25.821503,1008.4844,-0.8358793,3.1080356,0.77763695,86.369446,0.0
2024-04-17 06:00:00,31.415558,25.209503,1009.6281,-1.6489601,3.455337,0.6800648,69.69186,0.0014307443
2024-04-17 12:00:00,31.149445,26.350739,1006.0525,-2.9404373,2.9385152,0.8866331,75.70772,0.0
2024-04-17 18:00:00,29.783844,26.575653,1008.8781,-2.1307497,4.6964235,0.4638646,82.95871,0.0
2024-04-18 00:00:00,29.010956,26.385529,1007.35126,1.2289008,4.665118,0.63472867,85.775856,0.05779229
2024-04-18 06:00:00,32.01358,25.707916,1008.58124,-0.66886234,3.849041,0.91251415,69.39149,0.0
2024-04-18 12:00:00,31.34024,26.506012,1004.3713,-2.2861052,5.2670317,0.9314222,75.57882,0.0
2024-04-18 18:00:00,30.1904,26.751495,1007.3181,-1.2947636,6.0161963,0.91282964,81.88667,0.0
2024-04-19 00:00:00,29.914215,26.651642,1005.7562,1.775717,3.011388,0.96374637,82.70835,0.0072475523
2024-04-19 06:00:00,32.568512,25.976044,1006.7175,-0.97224903,4.157489,0.95722115,68.32623,0.0
2024-04-19 12:00:00,31.495758,27.190094,1002.77185,-1.9413586,5.7851353,0.4919842,77.98861,0.0
2024-04-19 18:00:00,30.445496,27.930206,1006.27374,-1.739295,6.0455027,0.70815235,86.46835,0.0001906883
2024-04-20 00:00:00,29.927734,27.56491,1004.6381,-0.28037262,4.821217,0.32198894,87.19505,0.016593607
2024-04-20 06:00:00,32.402985,26.889923,1006.95935,-1.9299469,4.258187,0.3962316,72.787445,0.0
2024-04-20 12:00:00,31.411041,27.190704,1002.9975,-3.6746378,3.9660387,0.4155585,78.36791,0.0
2024-04-20 18:00:00,30.65274,27.399689,1006.6025,-3.033702,4.8598394,0.7024561,82.83971,0.0
2024-04-21 00:00:00,29.700958,27.042755,1005.8044,-1.5681458,4.3159204,0.5321799,85.67766,0.06484985
2024-04-21 06:00:00,32.028595,26.683868,1007.39124,-2.4980192,3.5170524,0.17286249,73.448715,0.0062007457
2024-04-21 12:00:00,31.501251,27.195587,1004.3975,-3.8886204,3.0675652,0.13645136,77.989395,0.0
2024-04-21 18:00:00,30.003601,26.582306,1007.40436,-3.257101,4.4501553,0.10420227,81.94908,0.0
2024-04-22 00:00:00,29.68277,26.239838,1006.3931,-0.5565567,3.289047,0.3464167,81.805855,0.010300428
2024-04-22 06:00:00,32.043365,25.609772,1008.6987,-2.6241846,3.1679802,0.25087485,68.87238,0.0
2024-04-22 12:00:00,31.220734,26.744781,1005.2525,-4.3262377,2.5223525,0.1269226,77.172554,0.0
2024-04-22 18:00:00,29.734558,26.11261,1008.0719,-2.8780823,3.378819,0.10717227,80.95125,0.0
2024-04-23 00:00:00,28.709381,25.995728,1006.0525,-0.8780365,2.3214936,0.7066234,85.3001,0.0032428652
2024-04-23 06:00:00,31.46048,25.065582,1007.9956,-2.8983793,2.70191,0.49198014,68.92074,0.0
2024-04-23 12:00:00,31.000885,25.320099,1003.97375,-3.614686,3.1892052,0.6111347,71.82852,0.0
2024-04-23 18:00:00,29.330475,25.172455,1006.865,-3.5343761,2.0556445,0.78964186,78.36352,0.0
2024-04-24 00:00:00,29.276459,24.620453,1005.4856,0.7190323,2.55579,0.57844985,76.06141,0.0
2024-04-24 06:00:00,32.062775,24.801544,1007.6525,-2.390396,0.97777224,0.13258246,65.56502,0.0
2024-04-24 12:00:00,31.202545,27.037628,1003.93,-3.179325,3.2169466,0.004737854,78.59406,0.0
2024-04-24 18:00:00,29.415009,26.142853,1007.1169,-1.8674936,2.9383855,0.0,82.60362,0.0
2024-04-25 00:00:00,29.389557,27.185638,1005.59375,-2.1828508,2.4958084,0.55634737,87.964264,0.0059125014
2024-04-25 06:00:00,31.730743,26.449371,1007.8837,-3.8329391,3.7594175,0.7860906,73.67393,0.0
2024-04-25 12:00:00,31.061798,26.422882,1004.945,-3.8622055,3.2149353,0.3013767,76.411476,0.0
2024-04-25 18:00:00,29.271088,26.067108,1006.7537,-2.3240738,2.4820573,0.9818167,82.92064,0.0
2024-04-26 00:00:00,28.672455,26.10492,1005.4981,-1.5078039,2.5932486,0.6855424,86.036995,0.0
2024-04-26 06:00:00,31.363678,25.378815,1007.9244,-3.1198034,3.343299,0.43085748,70.605415,0.0
2024-04-26 12:00:00,30.933746,24.951935,1004.335,-3.9780731,2.4167333,0.9781263,70.54025,0.0
2024-04-26 18:00:00,29.26413,24.952362,1006.5581,-3.5464916,2.1406808,0.95891875,77.63931,0.0
2024-04-27 00:00:00,28.93222,25.567657,1005.5469,-2.7447443,2.5319264,0.8998425,82.09572,0.0017166603
2024-04-27 06:00:00,31.648224,25.086456,1008.0469,-3.4610128,3.068914,0.5165909,68.27444,0.0
2024-04-27 12:00:00,31.257233,25.382477,1004.15936,-4.490074,1.9064167,0.75595796,71.0499,0.0
2024-04-27 18:00:00,29.61081,25.858185,1007.6181,-3.2933178,2.9209096,0.05519715,80.31178,0.0
2024-04-28 00:00:00,29.124786,25.398438,1005.8162,-1.5121403,2.1831398,0.84456253,80.37389,0.0
2024-04-28 06:00:00,32.240997,25.62381,1007.90875,-1.9920397,3.926836,0.9882713,68.163475,0.002003042
2024-04-28 12:00:00,31.301544,26.553375,1004.9525,-4.1609497,2.02597,0.94827014,75.95723,0.0
2024-04-28 18:00:00,30.107971,27.250946,1008.555,-4.32345,2.829481,0.9234836,84.72455,0.0
2024-04-29 00:00:00,29.744781,26.928558,1007.78564,-2.47783,3.3734813,0.791249,84.89033,0.0
2024-04-29 06:00:00,31.994415,26.13919,1009.47,-3.0554762,3.4067574,0.30427426,71.2637,0.008965842
2024-04-29 12:00:00,31.730743,26.43631,1005.15186,-5.095066,1.8161577,0.89169306,73.61719,0.0
2024-04-29 18:00:00,30.338074,27.231323,1008.15314,-3.1732616,3.5288906,0.92761785,83.51742,0.0
2024-04-30 00:00:00,29.675385,27.01883,1006.3144,-0.13525581,2.7466545,0.81782,85.68346,0.06790155
2024-04-30 06:00:00,32.75638,26.166412,1008.1694,-1.4857845,3.6659222,0.91921735,68.37224,0.0
2024-04-30 12:00:00,31.996979,26.788605,1003.9169,-3.9900608,4.2525587,0.89771223,74.03527,0.0
2024-04-30 18:00:00,30.460602,27.386566,1007.27124,1.3792915,6.89824,0.8184283,83.691216,0.02670288
2024-05-01 00:00:00,29.718353,26.79483,1004.5644,3.6770084,4.0928164,0.32783198,84.35365,0.0
2024-05-01 06:00:00,34.060944,24.937286,1005.3181,0.5052351,3.9357243,0.5085337,59.07821,0.0
2024-05-01 12:00:00,32.594635,27.425812,1001.2606,-1.4829512,6.755848,0.8845122,74.30462,0.0
2024-05-01 18:00:00,31.095642,27.78543,1004.7644,-0.41547298,8.263471,0.9449383,82.61419,0.0
2024-05-02 00:00:00,30.821869,27.573944,1004.2981,1.5891048,6.0677395,0.855163,82.88394,0.015448779
2024-05-02 06:00:00,33.892975,26.624481,1005.9169,0.1390295,6.613165,0.8698775,65.90735,0.0
2024-05-02 12:00:00,32.247345,27.62918,1003.3544,-0.18792629,6.182576,0.8175091,76.68288,0.0
2024-05-02 18:00:00,30.8331,28.09793,1005.9462,1.3198692,5.5182753,0.8208637,85.403786,0.0
2024-05-03 00:00:00,30.30832,27.585907,1004.0275,2.4131727,3.9550953,0.9948362,85.41544,0.0003813766
2024-05-03 06:00:00,33.322906,26.437408,1006.9531,1.0453724,6.5014524,0.99624664,67.29792,0.0
2024-05-03 12:00:00,32.20523,26.904572,1004.33813,-0.6205883,6.3637714,0.99266416,73.6687,0.0
2024-05-03 18:00:00,31.01764,27.626251,1007.49,0.37784928,6.9059477,0.991656,82.214096,0.0
2024-05-04 00:00:00,30.644958,27.223053,1005.58435,1.3226298,4.4906693,0.88872415,82.02305,0.0
2024-05-04 06:00:00,33.68338,26.365997,1007.34064,0.74193466,5.4416895,0.92273945,65.67542,0.0
2024-05-04 12:00:00,32.14102,26.477081,1003.27563,-0.9530964,7.159601,0.95412946,72.098976,0.0
2024-05-04 18:00:00,30.904022,27.657623,1005.8675,1.4505465,6.17455,0.971704,82.90071,0.0
2024-05-05 00:00:00,30.81778,27.358002,1004.58936,0.6953472,5.299752,0.8979763,81.861885,0.0
2024-05-05 06:00:00,33.710968,26.854523,1005.9169,-0.4833908,4.7897377,0.49368536,67.48882,0.003051944
2024-05-05 12:00:00,32.469147,27.354645,1002.4925,-1.418952,7.8103714,0.15421255,74.52114,0.0
2024-05-05 18:00:00,31.064789,27.75943,1006.4075,1.6096554,4.7291822,0.46196687,82.63404,0.0
2024-05-06 00:00:00,30.911041,28.138336,1004.57,1.2032621,5.20369,0.7958098,85.22495,0.0
2024-05-06 06:00:00,33.523956,27.610016,1006.28314,-0.78980255,5.190515,0.07629625,71.288216,0.0
2024-05-06 12:00:00,32.823517,27.345367,1003.1119,-0.1906414,7.100685,0.004928589,73.00784,0.0
2024-05-06 18:00:00,31.122711,27.603119,1006.78687,-1.2497005,7.148781,0.35289532,81.612625,0.0
2024-05-07 00:00:00,30.510101,27.312408,1007.115,0.023395538,2.5527887,0.39544934,83.09254,0.018310267
2024-05-07 06:00:00,32.917877,26.551544,1008.28186,-0.7897873,5.827614,0.2161308,69.31132,0.0
2024-05-07 12:00:00,32.152252,27.44461,1004.1306,-1.0856018,6.1378,0.01979065,76.268196,0.0
2024-05-07 18:00:00,31.0141,27.326874,1008.3,-2.3259592,6.2688274,0.06548838,80.802216,0.0
2024-05-08 00:00:00,28.541168,26.465668,1007.79376,0.07348919,1.2142665,0.6136654,88.56194,0.1567863
2024-05-08 06:00:00,31.57315,25.685822,1008.7512,-2.078971,-0.77029896,0.41345876,71.053375,0.0
2024-05-08 12:00:00,31.252106,26.437714,1004.8006,-5.155838,0.47867817,0.43064344,75.6536,0.0
2024-05-08 18:00:00,29.883575,26.57016,1006.8819,-2.4963837,3.797465,0.49274987,82.45742,0.0012218952
2024-05-09 00:00:00,29.05841,25.994202,1006.1256,-0.120298386,2.3743823,0.7062545,83.58511,0.068575144
2024-05-09 06:00:00,31.913116,25.965485,1008.4575,-2.792467,2.0719373,0.93584406,70.86072,0.012025103
2024-05-09 12:00:00,31.501373,26.40976,1004.46185,-4.1989956,1.6326492,0.6800543,74.46556,0.0
2024-05-09 18:00:00,30.167267,26.285004,1008.27185,-2.381546,4.033677,0.91108686,79.77122,0.07974192
2024-05-10 00:00:00,28.378448,25.996674,1007.77313,-1.1683016,3.4787903,0.9964413,86.96021,0.0
2024-05-10 06:00:00,30.976837,26.032928,1008.77313,-0.7340622,0.6797177,0.9999999,75.03391,0.00495559
2024-05-10 12:00:00,30.698212,26.575958,1005.9775,-4.129545,2.3516965,0.99605614,78.72144,0.0
2024-05-10 18:00:00,29.813507,26.49704,1008.91626,-0.8145008,3.9561882,0.82277286,82.434364,0.12607774
2024-05-11 00:00:00,28.482635,25.876862,1008.0525,0.4670143,3.1333032,0.96562773,85.82421,0.23824075
2024-05-11 06:00:00,30.743805,25.77353,1009.53064,-1.8449879,1.7080851,0.99851704,74.87976,0.0
2024-05-11 12:00:00,30.965668,26.510162,1006.1381,-2.977106,2.3993912,0.7649947,77.22807,0.0
2024-05-11 18:00:00,29.973022,26.517822,1009.6425,-1.4625635,2.8312616,0.787536,81.78183,0.010102987
2024-05-12 00:00:00,28.89267,26.161194,1007.715,-1.3915825,2.7550738,0.6144622,85.22865,0.218492
2024-05-12 06:00:00,31.0419,25.881989,1009.71375,0.519186,1.521105,0.9427289,74.09097,0.0
2024-05-12 12:00:00,31.097076,26.19748,1005.6731,-4.0805626,2.9976654,0.7549182,75.24978,0.0
2024-05-12 18:00:00,29.924347,26.39914,1008.71,-0.37879848,3.6167653,0.9980366,81.438896,0.010088086
2024-05-13 00:00:00,29.198639,25.35672,1006.7644,1.1553905,1.8171012,0.9095801,79.833176,0.10155141
2024-05-13 06:00:00,30.881744,25.606201,1009.1131,-3.0952492,0.9486408,0.95773214,73.55839,0.0
2024-05-13 12:00:00,30.141632,26.056488,1005.8869,-2.9564075,1.0246134,0.9910836,78.81692,0.0
2024-05-13 18:00:00,29.846466,26.318512,1007.4725,-2.7465258,1.9350764,0.988397,81.4161,0.045788895
2024-05-14 00:00:00,27.75882,25.789001,1006.67,-0.52150154,0.07599312,0.927477,89.05581,0.24334745
2024-05-14 06:00:00,30.523102,25.680359,1008.4475,-1.1789284,0.77318096,0.8426304,75.41314,0.0
2024-05-14 12:00:00,29.978119,26.106049,1005.5225,-3.5915852,-0.5550578,0.87178934,79.79412,0.0
2024-05-14 18:00:00,29.235565,25.899261,1008.875,-0.922431,1.609639,0.994952,82.2696,0.17586441
2024-05-15 00:00:00,27.687805,25.384369,1006.6962,1.0572298,0.6360464,1.0,87.303665,0.0
2024-05-15 06:00:00,31.156647,25.315125,1008.26685,-1.4112005,-1.1335621,0.7747785,71.17246,0.0
2024-05-15 12:00:00,28.615967,26.469574,1005.92065,-5.1353903,-0.98915577,0.9805049,88.19845,2.705383
2024-05-15 18:00:00,28.15207,25.813477,1009.2481,-0.8124466,1.0290583,1.0,87.16267,0.0
2024-05-16 00:00:00,26.642181,25.365875,1007.6956,1.3469105,0.8740018,1.0,92.72524,1.139056
2024-05-16 06:00:00,27.553741,25.851715,1009.78876,2.797771,0.07885742,1.0,90.46544,0.0
2024-05-16 12:00:00,28.638092,25.22702,1005.95685,-2.2933702,-0.42956066,1.0,81.83361,0.4020661
2024-05-16 18:00:00,28.236938,25.408539,1007.8031,-2.0957804,0.052265167,0.9865106,84.67331,0.0
2024-05-17 00:00:00,28.295502,24.763336,1006.59,-0.041178703,1.8833711,1.0,81.20271,0.0
2024-05-17 06:00:00,28.386871,25.524597,1007.95935,1.6359587,1.8182154,1.0,84.51881,1.6321433
2024-05-17 12:00:00,27.686737,24.852753,1005.6175,-2.0088081,-0.44727087,1.0,84.58754,0.0
2024-05-17 18:00:00,27.945343,25.287262,1007.09564,2.0427268,1.4558398,1.0,85.50543,0.0
2024-05-18 00:00:00,27.463959,25.293,1005.60126,0.6543026,0.6879549,1.0,87.974945,0.0
2024-05-18 06:00:00,30.107086,25.546112,1006.3194,-0.48970103,2.0755172,1.0,76.62031,0.030422583
2024-05-18 12:00:00,29.690765,26.16803,1002.7481,-1.130229,3.3260326,1.0,81.42199,0.04561189
2024-05-18 18:00:00,27.874878,26.10257,1005.4969,0.12578839,3.3499343,1.0,90.11177,0.15825649
2024-05-19 00:00:00,27.573578,25.634247,1003.4356,1.721678,0.017269135,1.0,89.20285,0.0
2024-05-19 06:00:00,29.5065,25.893127,1004.9169,3.6617815,-0.8166685,1.0,80.96356,0.057787664
2024-05-19 12:00:00,28.329254,25.568756,1000.9869,1.3072596,-0.18799996,1.0,85.02512,0.58653736
2024-05-19 18:00:00,27.035248,25.189453,1004.3525,2.6955986,2.0889952,1.0,89.660164,1.0266682
2024-05-20 00:00:00,27.06009,25.01474,1002.285,2.3786273,-0.70419425,1.0,88.60239,0.0
2024-05-20 06:00:00,29.496979,25.045715,1005.0588,1.9711713,1.8235528,1.0,77.03039,0.0
2024-05-20 12:00:00,27.563232,25.351715,1002.21,1.8413084,1.7411705,1.0,87.77129,3.2945583
2024-05-20 18:00:00,27.030548,25.198425,1004.3925,3.7699099,1.949064,1.0000004,89.732834,0.0
2024-05-21 00:00:00,27.130157,23.316437,1002.46063,4.5820494,0.6482751,1.0000002,79.69086,0.0
2024-05-21 06:00:00,30.340668,24.186554,1003.83813,2.7815275,0.21864891,1.0,69.70846,0.0
2024-05-21 12:00:00,28.849457,25.299225,1001.2825,-0.39816952,-0.40206337,1.0,81.18473,0.27150723
2024-05-21 18:00:00,29.029755,25.813507,1003.9344,1.220067,0.3128767,1.0,82.83267,0.0
2024-05-22 00:00:00,28.149323,25.903137,1001.83374,1.0279987,-2.3150349,1.0,87.6409,0.1922606
2024-05-22 06:00:00,29.866974,25.943756,1002.89,1.6962595,1.0418844,1.0,79.53818,0.19508255
2024-05-22 12:00:00,29.51059,26.047974,1000.58185,-0.16554832,0.972433,1.0,81.6898,0.26039577
2024-05-22 18:00:00,28.3862,26.382324,1002.505,2.858602,2.3300655,0.9992128,88.92479,0.0
2024-05-23 00:00:00,28.081024,25.936493,1000.97626,4.6298184,2.8321915,0.9991092,88.164276,0.06923194
2024-05-23 06:00:00,30.770905,25.112396,1002.85815,2.997839,-0.6870215,1.0,71.883484,0.0
2024-05-23 12:00:00,29.93106,26.763092,999.28436,0.57225895,3.975294,1.0,83.17219,0.0
2024-05-23 18:00:00,29.10556,26.528778,1001.7056,3.9077148,4.5688906,1.0,86.031425,0.0
2024-05-24 00:00:00,28.419708,25.903534,999.91187,3.9187946,2.3960443,1.0,86.27484,0.18339038
2024-05-24 06:00:00,31.299713,25.713501,1001.315,4.137578,5.3051224,0.99653864,72.28528,0.0
2024-05-24 12:00:00,29.946136,26.090332,998.2075,1.5603771,6.338539,0.9721259,79.86668,0.012863331
2024-05-24 18:00:00,29.45166,26.270996,1001.0706,4.4473486,5.4259315,1.0,83.055626,0.0
2024-05-25 00:00:00,28.430023,25.499115,999.0062,5.307972,3.9371645,1.0,84.179535,0.0
2024-05-25 06:00:00,31.618195,25.915558,1001.58685,4.5799456,3.6653132,1.0,71.84342,0.0
2024-05-25 12:00:00,31.342743,24.26297,999.85626,2.0342994,5.6203346,1.0,66.13379,0.0
2024-05-25 18:00:00,29.725098,23.34134,1002.7981,4.866297,3.3624678,1.0,68.63627,0.0
2024-05-26 00:00:00,29.672852,22.844513,1001.4531,4.2501497,2.6935043,1.0,66.80525,0.0
2024-05-26 06:00:00,31.782135,24.49411,1003.1887,4.2618504,3.8054676,1.0,65.402756,0.0
2024-05-26 12:00:00,32.030304,26.125153,1000.16064,2.4084597,4.855748,1.0,71.06002,0.0001937151
2024-05-26 18:00:00,30.140594,26.470978,1003.14935,3.662897,4.5223618,0.9991091,80.77509,0.0
2024-05-27 00:00:00,29.32373,24.116547,1002.1131,4.5153904,4.0025263,0.9975282,73.598495,0.0
2024-05-27 06:00:00,32.207794,25.76419,1003.28314,3.7507286,5.8417416,0.992608,68.862564,0.0
2024-05-27 12:00:00,31.715607,27.395782,1000.8131,1.5695337,7.215265,0.99999976,77.95518,0.0
2024-05-27 18:00:00,30.13794,27.413055,1003.26935,3.7036028,6.9843173,1.0,85.3862,0.0
2024-05-28 00:00:00,29.341278,25.557098,1002.4394,4.181388,3.3765583,1.0,80.12644,0.0020973384
2024-05-28 06:00:00,32.71341,25.905975,1003.7325,3.304122,3.5550945,0.9742027,67.48994,0.0
2024-05-28 12:00:00,32.72769,26.057709,1000.87,2.6696687,3.8366692,0.9948364,68.044014,0.0
2024-05-28 18:00:00,30.285645,26.25467,1003.2681,3.3466663,3.5794766,0.9981259,79.08951,0.0
2024-05-29 00:00:00,29.3219,23.847076,1002.15814,4.5400143,3.1144803,0.81153536,72.42426,0.0
2024-05-29 06:00:00,32.74344,25.356934,1003.41187,2.1801386,3.5661917,0.50522506,65.216064,0.0
2024-05-29 12:00:00,31.864899,27.672943,1000.15186,-0.13858223,6.927852,0.04401136,78.56169,0.0032428652
2024-05-29 18:00:00,30.534393,27.05545,1003.0119,2.546482,5.2743597,0.11294556,81.7357,0.0
2024-05-30 00:00:00,29.711914,24.979645,1001.96686,2.7948241,4.1309366,0.113767765,75.78307,0.0
2024-05-30 06:00:00,32.934113,26.075043,1003.54,3.537055,2.6538055,0.7719949,67.327,0.0
2024-05-30 12:00:00,32.58255,27.355011,1000.5037,-0.3934183,4.4144163,0.03702062,74.04754,0.0
2024-05-30 18:00:00,31.097626,26.164337,1003.8275,0.94510734,5.249445,0.1938128,75.100204,0.0
2024-05-31 00:00:00,29.975067,25.36258,1002.2369,3.2254496,2.1432629,0.3993045,76.36618,0.0
2024-05-31 06:00:00,32.84842,26.618866,1003.9444,1.0854231,1.6434004,0.35725373,69.85929,0.0
2024-05-31 12:00:00,32.151886,27.959808,1000.4675,-1.237114,6.567291,0.98790354,78.60097,0.0
2024-05-31 18:00:00,30.24881,27.480286,1004.41626,2.9010468,5.2795687,0.9857843,85.1794,0.015832484
2024-06-01 00:00:00,29.412903,26.986359,1002.1181,1.4057407,3.9823093,0.97157586,86.82411,0.0
2024-06-01 06:00:00,32.52762,27.355164,1005.72876,-0.0051784515,4.3605795,0.99921346,74.277985,0.002289191
2024-06-01 12:00:00,30.4982,27.642426,1002.7019,-2.0896578,5.0811176,0.822969,84.77104,0.0
2024-06-01 18:00:00,28.952606,27.408722,1005.89124,-0.6170616,3.7085867,0.81249857,91.401886,0.47564515
2024-06-02 00:00:00,28.792053,26.53122,1004.93,-1.375637,5.710145,0.7437309,87.620026,0.0
2024-06-02 06:00:00,32.237823,26.304016,1006.0062,0.8790916,3.0674217,0.81222135,70.976845,0.0
2024-06-02 12:00:00,30.304352,26.81012,1003.465,-1.4227247,3.9099665,0.56577057,81.63433,0.0
2024-06-02 18:00:00,28.190094,26.25232,1006.6094,3.4579327,3.3652465,0.88917446,89.25756,0.0
2024-06-03 00:00:00,28.459991,26.326477,1005.5694,1.4065673,4.2957697,0.99615973,88.25278,0.112425536
2024-06-03 06:00:00,29.900421,26.253845,1007.70624,1.4425476,1.823556,0.9906808,80.854515,0.0
2024-06-03 12:00:00,30.27591,26.350342,1004.95374,-0.14509678,3.4220238,0.96650326,79.58201,0.0
2024-06-03 18:00:00,28.758972,26.617096,1007.16187,2.2861156,5.8306856,0.98001105,88.23361,0.29277802
2024-06-04 00:00:00,28.699005,26.420135,1006.645,2.526976,3.7784164,0.9908872,87.5189,0.0
2024-06-04 06:00:00,30.801666,26.733795,1008.1987,2.7903376,4.097552,0.98415524,78.98823,0.19064566
2024-06-04 12:00:00,30.697845,26.787659,1005.0094,1.507988,5.4371176,0.50364023,79.71054,0.0
2024-06-04 18:00:00,28.622314,26.101685,1007.9969,2.560492,6.6111813,0.4279409,86.271194,0.03901124
2024-06-05 00:00:00,28.450745,26.155548,1007.01624,3.8917544,5.634202,0.9892947,87.41307,0.0
2024-06-05 06:00:00,30.805939,26.173553,1008.0831,4.0902348,6.4145784,0.9910344,76.402214,0.626594
2024-06-05 12:00:00,29.660004,26.244537,1004.7825,0.812562,7.4046507,0.83721095,81.93592,0.0
2024-06-05 18:00:00,28.707611,25.965088,1008.2425,3.6391907,6.2467213,0.36287856,85.15428,0.0
2024-06-06 00:00:00,27.335938,25.158325,1007.4281,2.7626524,6.1223755,0.9914547,87.92936,1.4679947
2024-06-06 06:00:00,30.535553,25.865173,1008.86127,3.8785658,4.379195,0.9981145,76.189545,0.0
2024-06-06 12:00:00,29.609955,25.980743,1006.0681,1.1869545,5.7984743,0.8206059,80.90075,0.0
2024-06-06 18:00:00,28.39743,25.645935,1009.3606,3.7003922,4.0193844,0.98701245,85.07754,0.039377652
2024-06-07 00:00:00,27.30014,25.487885,1006.4506,2.073088,4.562111,1.0,89.85826,0.006392285
2024-06-07 06:00:00,29.375275,26.029114,1007.85126,3.398203,4.052146,0.99801713,82.23823,0.119209036
2024-06-07 12:00:00,29.622528,25.716675,1004.59814,2.768457,6.0690317,0.987202,79.58723,0.0
2024-06-07 18:00:00,28.172699,25.46817,1008.35315,3.9131687,4.6231356,0.93453443,85.292336,0.030421034
2024-06-08 00:00:00,27.730072,25.393402,1006.1094,4.386774,5.7574863,0.95590657,87.135086,0.48471022
2024-06-08 06:00:00,30.881622,25.76477,1007.1069,4.123087,6.934291,0.98989254,74.25407,0.0
2024-06-08 12:00:00,28.885956,25.379059,1004.29877,2.8789923,7.314519,0.3479101,81.39879,0.90924215
2024-06-08 18:00:00,28.597626,25.70813,1006.9819,4.444007,7.033186,0.9540022,84.40461,0.0
2024-06-09 00:00:00,28.272156,25.31189,1005.65686,2.5448847,5.2646875,0.9645717,84.015724,0.0
2024-06-09 06:00:00,31.132843,25.607208,1006.9956,4.3762417,5.6146526,0.9347463,72.51672,0.007726608
2024-06-09 12:00:00,30.841705,26.21994,1003.92065,1.4676738,6.6098375,0.8156705,76.455574,0.013637932
2024-06-09 18:00:00,29.56781,27.134064,1006.5588,2.883172,5.9663706,0.9504171,86.80144,0.0
2024-06-10 00:00:00,28.445831,24.707794,1006.0544,4.406231,3.3596427,0.15732664,80.22932,0.0
2024-06-10 06:00:00,31.764069,25.092407,1006.6125,3.9471292,4.5110235,0.15360218,67.85114,0.0034337863
2024-06-10 12:00:00,30.96988,26.674225,1004.7681,1.6882498,7.2538185,0.52627075,77.95947,0.05073331
2024-06-10 18:00:00,29.46698,26.959137,1007.8375,3.579771,5.6236763,0.9859193,86.41533,0.0
2024-06-11 00:00:00,28.543,24.362152,1006.0775,4.2284307,3.5116289,0.97763604,78.14485,0.0
2024-06-11 06:00:00,31.5784,24.822021,1006.915,3.850937,4.18016,0.8509001,67.47311,0.0
2024-06-11 12:00:00,31.565948,26.183624,1004.5175,1.0197625,5.7568717,0.9914548,73.20873,0.0
2024-06-11 18:00:00,28.631989,26.472992,1007.1912,2.8847904,6.5669365,0.9003421,88.134254,0.27430058
2024-06-12 00:00:00,28.980865,24.855682,1006.9456,4.688945,3.0931559,0.9499682,78.46766,0.0
2024-06-12 06:00:00,31.688019,24.804413,1008.96375,4.1271877,2.604348,0.9983337,66.98399,0.008393079
2024-06-12 12:00:00,31.814484,25.571503,1005.8975,0.98459315,5.4971437,1.0,69.612976,0.0
2024-06-12 18:00:00,29.357391,26.472565,1008.17126,3.1016932,5.1261635,0.9976506,84.50806,0.0
2024-06-13 00:00:00,28.749908,24.907318,1007.6894,3.8819056,2.189015,0.98545563,79.770164,0.002477318
2024-06-13 06:00:00,31.518585,24.344147,1008.5525,4.014786,3.7803898,0.9784183,65.79515,0.0
2024-06-13 12:00:00,30.556915,26.071564,1005.20624,1.5846903,5.595059,0.99999994,77.031845,0.023465604
2024-06-13 18:00:00,29.216278,27.143341,1007.03186,2.8733943,5.213188,0.9768945,88.628784,0.0
2024-06-14 00:00:00,28.654144,25.425385,1006.2344,4.0117807,3.0215685,1.0000002,82.72772,0.0054351985
2024-06-14 06:00:00,31.634918,24.482178,1006.6331,3.3942938,2.1798866,0.9747061,65.90435,0.0
2024-06-14 12:00:00,31.137238,25.937897,1003.8856,0.56261206,5.1039486,0.9802638,73.93379,0.0
2024-06-14 18:00:00,29.343964,27.076508,1006.3244,2.4325414,6.581626,0.3939479,87.63306,0.0
2024-06-15 00:00:00,28.867523,26.59024,1005.64685,4.0793114,3.365194,0.73761535,87.54162,0.03708899
2024-06-15 06:00:00,32.01761,24.26065,1005.77814,3.3321457,2.31274,0.4787603,63.63964,0.0
2024-06-15 12:00:00,30.866608,25.972687,1003.52625,0.6915688,6.074642,0.9924436,75.238716,0.0
2024-06-15 18:00:00,29.411407,26.816925,1006.2406,2.4265544,6.2630763,1.0,85.97108,0.0
2024-06-16 00:00:00,29.113037,25.287262,1005.38873,4.0918045,3.4759514,0.22583544,79.89846,0.0
2024-06-16 06:00:00,31.900177,24.324371,1006.3013,2.7890358,3.4949322,0.37622803,64.30952,0.0
2024-06-16 12:00:00,30.818146,26.14743,1003.5681,0.3950386,6.882152,0.8362988,76.23115,0.017732382
2024-06-16 18:00:00,29.18158,26.675323,1006.5731,1.9121776,6.523611,0.31879663,86.39683,0.0
2024-06-17 00:00:00,28.8219,26.403961,1005.8975,2.8074002,3.8954802,0.88696885,86.81458,0.00028684735
2024-06-17 06:00:00,31.859528,25.50296,1006.70435,2.6554027,4.2789555,0.81146395,69.15338,0.0008577481
2024-06-17 12:00:00,30.644806,26.102936,1004.0031,0.6579695,6.981797,0.14280817,76.78783,0.0
2024-06-17 18:00:00,29.114716,26.315948,1006.8606,2.1059732,6.9944196,0.55496746,84.91304,0.00046472996
2024-06-18 00:00:00,28.715485,25.552094,1005.485,3.4584818,4.106759,0.99048465,83.05667,0.006389804
2024-06-18 06:00:00,31.394073,25.310455,1006.59064,2.8780928,4.0077286,0.9734743,70.19749,0.0
2024-06-18 12:00:00,29.743805,26.486664,1003.6894,1.6476293,7.566821,0.93916386,82.715096,0.0
2024-06-18 18:00:00,28.617035,26.183685,1006.6775,3.0996923,6.6206822,0.83721393,86.716995,0.0
2024-06-19 00:00:00,28.39212,24.631378,1005.1131,4.064143,2.8987343,0.9915774,80.11346,0.049978495
2024-06-19 06:00:00,30.693756,24.917969,1006.09,3.1781979,4.9145412,0.78729904,71.3691,0.0
2024-06-19 12:00:00,29.343353,26.200958,1003.3644,2.3273158,7.2623906,0.91489255,83.23134,0.012591481
2024-06-19 18:00:00,28.51883,25.707367,1005.535,3.2885098,5.1777086,0.4977935,84.78784,0.0
2024-06-20 00:00:00,28.119568,24.68039,1004.545,4.617717,2.446133,0.9635488,81.63318,0.0
2024-06-20 06:00:00,30.776886,24.730957,1006.48065,3.89958,3.4223652,0.9996034,70.242226,0.007438119
2024-06-20 12:00:00,29.525177,26.295319,1003.22626,1.8698244,4.432006,0.98286086,82.823105,0.12804917
2024-06-20 18:00:00,28.81546,26.546783,1005.8906,2.4409132,4.870908,1.0,87.58156,0.0
2024-06-21 00:00:00,28.28836,24.266815,1004.9475,4.607114,1.5980908,0.98527896,78.85834,0.0006672926
2024-06-21 06:00:00,31.174225,24.189331,1005.5687,3.6530342,3.662323,0.9049951,66.47713,0.0
2024-06-21 12:00:00,30.598053,25.842682,1002.1475,2.040581,5.7896943,0.96272814,75.81646,0.13822317
2024-06-21 18:00:00,28.549683,24.855438,1004.73627,2.7353535,3.2536652,0.9921698,80.45294,0.0
2024-06-22 00:00:00,28.173004,23.350555,1003.2413,4.775445,3.206971,0.9747256,75.13224,0.0
2024-06-22 06:00:00,31.257599,24.24295,1003.4869,3.4517765,3.0368667,0.7523276,66.375336,0.0
2024-06-22 12:00:00,29.67276,25.880646,1001.27,1.200081,6.13476,0.96741146,80.1322,0.16099215
2024-06-22 18:00:00,29.468536,26.50943,1004.2381,3.1748095,4.4826074,0.88846046,84.15049,0.0
2024-06-23 00:00:00,27.809174,23.763123,1002.7081,5.406866,2.4540985,0.96454495,78.67547,0.13273954
2024-06-23 06:00:00,30.36734,24.291168,1003.54626,3.6670465,3.7250314,0.7159123,70.039955,0.0
2024-06-23 12:00:00,29.881989,25.621979,1000.77686,1.1294724,6.36784,0.82591087,77.968124,0.0
2024-06-23 18:00:00,29.69986,24.627777,1003.8731,5.3181524,2.8590426,0.97465307,74.25903,0.0
2024-06-24 00:00:00,27.926575,24.483551,1002.6844,4.5053034,3.6457448,0.89099085,81.590645,0.065431
2024-06-24 06:00:00,30.765656,23.913116,1003.0925,4.909377,3.9565372,0.65178794,66.92563,0.0
2024-06-24 12:00:00,30.720978,25.789886,1001.01874,1.4109244,7.0178256,0.9904548,75.05024,0.056661665
2024-06-24 18:00:00,29.47287,25.194427,1002.90436,4.1181602,3.857419,0.9985173,77.82393,0.0
2024-06-25 00:00:00,28.758728,23.71994,1002.89,4.5512085,1.7304287,0.91104317,74.2531,0.0
2024-06-25 06:00:00,30.68924,24.524353,1002.73065,5.6982174,3.5469637,0.97471,69.7283,0.0014305115
2024-06-25 12:00:00,31.015411,25.366241,1000.6275,2.6825857,5.878211,0.99999994,71.96624,0.020116568
2024-06-25 18:00:00,29.248383,24.296234,1003.5081,5.8211775,1.4307425,0.99762535,74.72046,0.01860559
2024-06-26 00:00:00,28.473938,24.219513,1002.4306,4.3522816,2.7532654,0.99950564,77.79104,0.0
2024-06-26 06:00:00,31.325348,24.08731,1003.0594,4.6897316,3.4203138,1.0,65.50532,0.011060387
2024-06-26 12:00:00,29.659332,25.120758,1002.0519,2.5805311,4.781131,1.0,76.65492,0.35916752
2024-06-26 18:00:00,28.26004,24.95108,1004.8638,4.8170805,2.8050628,1.0,82.28739,0.0
2024-06-27 00:00:00,27.658478,23.679962,1003.0519,5.630106,2.2943091,0.9973341,78.97487,0.004578382
2024-06-27 06:00:00,30.17044,24.229706,1005.1287,3.4834728,3.9706278,0.9999992,70.574745,0.0
2024-06-27 12:00:00,31.257416,24.72763,1003.4175,2.8081036,4.328733,0.99960333,68.32973,9.5460564e-05
2024-06-27 18:00:00,29.172638,24.534271,1006.2388,4.073963,2.6884382,0.9847292,76.12571,0.020974781
2024-06-28 00:00:00,28.394623,23.630402,1006.08624,4.6374598,0.9307334,0.99910897,75.43179,0.0
2024-06-28 06:00:00,31.504059,24.20224,1006.1456,3.2930498,3.602392,0.7538822,65.29169,0.0007627532
2024-06-28 12:00:00,31.178253,25.631256,1002.9306,0.88491666,6.132163,0.6509891,72.43265,0.0
2024-06-28 18:00:00,29.246063,26.639801,1006.0,2.7153225,6.681129,0.79732203,85.8956,0.0
2024-06-29 00:00:00,28.945892,25.055573,1005.90936,3.7805128,2.6660519,0.76864684,79.56971,0.0021923333
2024-06-29 06:00:00,31.739288,24.388824,1006.4231,2.5124664,3.8625646,0.8047072,65.149925,0.00095553696
2024-06-29 12:00:00,30.754791,25.633331,1003.84937,0.14453316,7.1716666,0.63194996,74.21307,0.0
2024-06-29 18:00:00,29.052551,26.444305,1007.0669,2.0513802,6.9728284,0.38393575,85.86686,0.0
2024-06-30 00:00:00,28.794922,26.208221,1006.16125,2.7513762,5.0968146,0.6469628,85.951294,0.04348159
2024-06-30 06:00:00,31.571442,25.465912,1007.59125,2.0267391,3.1143873,0.94759035,70.13858,0.0
2024-06-30 12:00:00,29.993439,26.295319,1004.85065,0.32247484,5.898689,0.85182303,80.62058,0.001813285
2024-06-30 18:00:00,28.995697,26.525421,1008.40875,2.1693885,6.620919,1.0,86.56293,0.0019073486
2024-07-01 00:00:00,27.885742,25.95871,1006.1806,3.5948968,3.8220768,1.0000001,89.29138,0.09179115
2024-07-01 06:00:00,30.392487,25.595123,1007.5538,1.9393644,2.86569,0.99197423,75.59597,0.0
2024-07-01 12:00:00,30.494171,25.94339,1004.345,0.9371165,4.2521167,0.9695615,76.724815,0.29527956
2024-07-01 18:00:00,29.088074,26.68631,1007.28,3.0382707,5.360254,1.0,86.92143,0.0
2024-07-02 00:00:00,28.499725,24.421661,1005.38,3.4238565,2.9427502,0.99910897,78.621254,0.0
2024-07-02 06:00:00,31.389435,23.391205,1005.97626,2.0658867,2.4137375,0.9980224,62.588955,0.0
2024-07-02 12:00:00,30.891266,25.646515,1003.10815,-0.010748863,6.4283743,0.96980584,73.69452,0.0
2024-07-02 18:00:00,29.171448,26.650055,1005.96564,2.9573088,6.375495,0.99851096,86.31888,0.0
2024-07-03 00:00:00,28.865417,26.751495,1005.70624,2.8998952,3.4926243,0.9995058,88.387596,0.009439886
2024-07-03 06:00:00,31.993805,24.923798,1006.3619,2.0321436,3.123433,0.80840397,66.30354,0.0
2024-07-03 12:00:00,31.043976,26.229034,1002.8756,-0.27271175,5.9097133,0.7090422,75.6188,0.0
2024-07-03 18:00:00,28.679657,26.860626,1007.1312,3.1295066,4.8352365,0.7485663,89.920135,0.0057294965
2024-07-04 00:00:00,28.851196,25.666534,1005.54626,3.2454967,3.4076586,0.97069025,82.96736,0.0
2024-07-04 06:00:00,31.945587,23.109222,1007.26685,2.0066128,1.0949707,0.9121344,59.61969,0.0
2024-07-04 12:00:00,30.735748,26.120148,1004.54565,-0.3314638,5.9163446,0.94910496,76.46742,0.0
2024-07-04 18:00:00,28.973572,26.239899,1007.13873,2.4176497,6.051613,0.9990112,85.22569,0.07075071
2024-07-05 00:00:00,28.820007,26.085114,1005.42065,2.8605998,4.2326136,0.975928,85.20408,0.0
2024-07-05 06:00:00,31.86856,25.241486,1005.6119,1.7171888,3.2384076,0.52156883,68.05174,0.0
2024-07-05 12:00:00,29.984406,26.159088,1002.495,2.9139328,5.1739025,0.38874584,80.01582,0.022292137
2024-07-05 18:00:00,28.835419,26.276031,1005.28436,2.8601434,4.0574136,0.9899846,86.09398,0.0
2024-07-06 00:00:00,28.781464,23.148956,1004.965,4.2613263,2.3027346,0.98848784,71.644554,0.0007674098
2024-07-06 06:00:00,30.704376,23.148468,1005.3038,3.1713276,2.375311,1.0,64.135,0.0
2024-07-06 12:00:00,30.526642,24.799896,1002.8,1.3510642,3.123558,1.0,71.54863,0.0
2024-07-06 18:00:00,29.24289,26.386505,1005.43,2.587404,6.1122613,0.9804266,84.63797,0.0
2024-07-07 00:00:00,28.518738,25.881622,1004.47815,1.9523919,1.8762379,0.68415254,85.66853,0.05301833
2024-07-07 06:00:00,32.00833,23.050201,1005.0069,3.1379757,1.946075,0.44602466,59.196495,0.0
2024-07-07 12:00:00,30.454742,26.029083,1003.03375,1.1931107,6.0405006,0.62628835,77.28922,0.104129314
2024-07-07 18:00:00,29.056671,26.609283,1005.165,2.9689968,6.104726,1.0,86.685356,0.0
2024-07-08 00:00:00,28.52768,25.369904,1003.305,4.2222395,2.785346,1.0,83.062935,0.05082786
2024-07-08 06:00:00,31.677643,23.336212,1005.0513,5.4840107,-0.16591972,1.0,61.368336,0.0
2024-07-08 12:00:00,31.374786,25.186554,1001.53937,0.049500287,4.2103395,1.0,69.7583,0.06018579
2024-07-08 18:00:00,29.7388,22.427032,1005.2394,4.614999,1.7947292,0.9695749,64.88706,0.0
2024-07-09 00:00:00,28.313232,22.232025,1004.3738,4.895607,1.2219441,0.9910832,69.63625,0.0
2024-07-09 06:00:00,31.72879,22.836517,1006.3631,2.9792795,2.2963173,0.9553458,59.368793,0.0
2024-07-09 12:00:00,30.476227,24.760468,1003.7075,0.56510353,6.094486,0.9629406,71.58665,0.015929341
2024-07-09 18:00:00,29.345917,26.010406,1006.78375,2.324132,6.0957823,0.944924,82.28656,0.0030398369
2024-07-10 00:00:00,28.935883,24.681244,1006.9269,3.4306765,2.1872606,0.5917583,77.85692,0.0
2024-07-10 06:00:00,32.326324,23.661224,1007.685,2.0432978,3.2246437,0.23383504,60.32576,0.0
2024-07-10 12:00:00,31.037506,25.536041,1004.9231,0.38753414,6.764544,0.37947387,72.60449,0.0
2024-07-10 18:00:00,28.70523,26.30838,1008.3306,2.701395,6.195483,0.5999594,86.912186,0.24542212
2024-07-11 00:00:00,28.881592,22.608429,1007.005,3.5890589,-0.03779602,0.95748657,68.93545,0.0
2024-07-11 06:00:00,31.566925,23.49765,1007.54565,0.75420445,0.29390383,0.9681872,62.3598,0.022507738
2024-07-11 12:00:00,30.473541,25.392975,1003.7631,-0.8442898,5.0342073,0.92736214,74.34767,0.0
2024-07-11 18:00:00,29.204315,26.266449,1006.1106,1.841018,5.877308,0.9981196,84.22774,0.0
2024-07-12 00:00:00,28.871704,26.091766,1005.46313,2.5106375,4.865423,0.9788393,84.98264,0.0
2024-07-12 06:00:00,32.145905,25.036163,1005.6163,1.5883049,4.23132,0.17024073,66.17716,0.0020042062
2024-07-12 12:00:00,30.745758,25.871185,1002.5719,1.3053057,7.0641346,0.6109865,75.30592,0.0030398369
2024-07-12 18:00:00,29.511261,24.975983,1005.45374,5.4393454,0.3714006,0.65417933,76.64765,0.052154064
2024-07-13 00:00:00,27.208221,23.544403,1004.7531,4.2400618,0.939415,0.9980222,80.42519,0.21586299
2024-07-13 06:00:00,30.506256,24.23825,1005.4725,4.4162006,2.5314338,0.9600903,69.26481,0.0
2024-07-13 12:00:00,31.604279,24.668488,1003.2325,2.2134104,6.1958103,1.0,66.7589,0.0
2024-07-13 18:00:00,29.661041,23.414825,1004.95874,4.244978,2.0496302,0.99871874,69.196144,0.008285046
2024-07-14 00:00:00,28.883026,22.828705,1004.0544,5.521972,1.0421909,1.0,69.8568,0.0
2024-07-14 06:00:00,30.661224,22.86319,1004.10565,4.6127253,1.9368051,1.0,63.19292,0.0
2024-07-14 12:00:00,31.251984,24.944489,1002.03876,2.3063493,4.543865,1.0,69.241425,0.0
2024-07-14 18:00:00,29.72586,23.47226,1004.14185,3.397002,2.0039854,1.0,69.17758,0.12090601
2024-07-15 00:00:00,28.520294,23.024506,1003.475,4.695249,2.1179495,1.0,72.1932,0.0
2024-07-15 06:00:00,31.124786,23.685638,1004.3806,4.385461,3.9406283,1.0,64.676895,0.0
2024-07-15 12:00:00,30.039093,24.960999,1001.8325,4.0114307,4.713992,1.0,74.28783,0.2195274
2024-07-15 18:00:00,28.2659,25.032318,1004.4256,5.3052483,3.2999277,0.9990115,82.65877,0.0
2024-07-16 00:00:00,27.280182,24.347778,1003.585,5.3719172,2.602992,0.9999998,84.04783,0.102975965
2024-07-16 06:00:00,29.972809,23.86264,1004.8031,4.9532375,4.730364,1.0,69.82418,0.0
2024-07-16 12:00:00,28.472504,24.401062,1002.5131,5.2071285,3.815713,0.9991076,78.64862,0.16878912
2024-07-16 18:00:00,27.945648,24.577728,1005.08875,4.661504,2.6463258,0.9698722,81.960464,0.0
2024-07-17 00:00:00,28.093231,23.640991,1003.96564,4.471842,2.7429636,0.98364663,76.81573,0.0
2024-07-17 06:00:00,31.613434,23.517365,1005.13,6.7655764,2.6578941,0.99665016,62.26927,0.0
2024-07-17 12:00:00,31.779816,23.776154,1002.59125,5.5929565,3.332729,1.0,62.653046,0.0015199184
2024-07-17 18:00:00,28.108612,24.174103,1006.4456,7.025817,2.1139145,1.0,79.24618,0.22050512
2024-07-18 00:00:00,27.628632,23.953278,1004.03815,6.272352,2.887294,1.0000001,80.424194,0.056619674
2024-07-18 06:00:00,28.834259,24.672455,1005.71686,6.285577,2.4629023,1.0,78.275505,0.0
2024-07-18 12:00:00,30.370209,23.3732,1002.9969,6.277896,1.9194946,1.0,66.26688,0.0
2024-07-18 18:00:00,28.604645,22.476776,1004.9425,6.812318,1.9558389,1.0,69.493675,0.0
2024-07-19 00:00:00,28.496674,22.336334,1003.6163,5.6979294,2.3124735,1.0,69.33627,0.0
2024-07-19 06:00:00,32.039093,22.650482,1004.0012,6.4980974,2.239566,0.99267036,57.67948,0.0
2024-07-19 12:00:00,31.864532,22.842682,1001.78125,7.218052,1.057658,1.0,58.935555,0.0
2024-07-19 18:00:00,29.238129,21.823395,1004.32,6.4579353,1.5030044,1.0,64.37655,0.0
2024-07-20 00:00:00,28.80368,22.14035,1003.23126,4.6681967,2.778058,0.9996033,67.3042,0.0
2024-07-20 06:00:00,32.393707,22.786835,1004.89,4.708928,3.344256,0.9766234,57.004078,0.0
2024-07-20 12:00:00,32.31314,24.145905,1002.14,3.3539104,4.7793446,0.99355507,62.155514,0.002192799
2024-07-20 18:00:00,30.092499,23.599274,1005.3162,4.8647394,1.481595,1.0,68.25511,0.0
2024-07-21 00:00:00,29.09311,21.860565,1004.3525,5.0024652,2.870573,0.9729304,65.066025,0.0
2024-07-21 06:00:00,32.326202,23.030731,1005.5012,3.6922178,4.0479193,0.9532289,58.07333,0.0
2024-07-21 12:00:00,33.051422,23.685333,1002.5737,3.1290503,5.1273937,0.40014088,57.99499,0.0
2024-07-21 18:00:00,30.633148,22.232819,1006.3088,4.568058,1.7049453,0.95979494,60.91727,0.0
2024-07-22 00:00:00,29.46347,20.975006,1005.6987,4.799156,2.4562466,0.86529124,60.326427,0.0
2024-07-22 06:00:00,32.48416,22.029327,1007.84064,3.5178823,2.3684292,0.12708052,54.161293,0.0
2024-07-22 12:00:00,31.912384,24.294708,1005.15936,1.7558256,3.5853205,0.6915173,64.15091,0.0
2024-07-22 18:00:00,29.975494,24.572662,1008.5087,3.4494002,4.608549,0.91046613,72.850334,0.0
2024-07-23 00:00:00,28.777008,22.239471,1007.58685,4.569663,1.3116634,0.99455553,67.81644,0.0
2024-07-23 06:00:00,32.33499,23.11203,1008.0481,2.858119,3.6949089,0.674709,58.33065,0.0
2024-07-23 12:00:00,31.426422,24.989777,1004.56,0.08815861,6.371777,0.6243912,68.743,0.027657486
2024-07-23 18:00:00,29.523956,26.290802,1007.76935,2.3480608,5.7436943,0.64510137,82.80683,0.0
2024-07-24 00:00:00,29.168427,22.251373,1006.26874,4.570216,2.111191,0.2628395,66.34502,0.0
2024-07-24 06:00:00,32.94107,23.120209,1005.62,2.7619925,2.7157638,0.7042668,56.399536,0.0
2024-07-24 12:00:00,31.662262,24.768341,1003.0444,1.3008478,4.0207424,0.52172875,66.93765,0.0
2024-07-24 18:00:00,29.595734,26.18338,1005.3837,2.166585,6.163928,0.50855416,81.94327,0.0
2024-07-25 00:00:00,29.211945,22.938873,1004.3231,5.2438326,1.7028306,1.0,68.99878,0.0
2024-07-25 06:00:00,32.85782,23.07315,1004.23376,4.6750393,2.7903392,0.9865172,56.503284,0.0
2024-07-25 12:00:00,30.955719,24.573517,1002.65063,5.271331,4.0509453,0.99256563,68.87736,0.3015813
2024-07-25 18:00:00,29.507294,25.29422,1005.67126,3.307743,2.5391812,0.9873289,78.13224,0.0
2024-07-26 00:00:00,28.854156,23.039032,1003.5544,4.700515,2.4187946,1.0,70.870605,0.0
2024-07-26 06:00:00,32.411285,23.401886,1004.57623,5.3191566,2.910508,0.9337387,59.105736,0.0
2024-07-26 12:00:00,32.666534,24.319733,1001.6831,2.7438774,4.1123667,0.7765377,61.56682,0.0025741756
2024-07-26 18:00:00,30.51828,22.965973,1005.7569,6.6923647,0.3568859,0.9778439,64.10965,0.0
2024-07-27 00:00:00,29.28598,22.461884,1004.0556,6.26091,1.4730383,0.97724605,66.7449,0.0
2024-07-27 06:00:00,32.88614,23.16397,1004.7413,4.428321,1.9314728,0.94261444,56.723965,0.0
2024-07-27 12:00:00,32.33133,24.535065,1001.91064,2.6045208,2.8254108,0.76007533,63.5565,0.0026691705
2024-07-27 18:00:00,30.30893,24.304596,1005.6256,3.7023115,3.5264406,0.97567874,70.33142,0.0
2024-07-28 00:00:00,29.708954,18.622711,1003.465,5.5737066,0.8423648,0.9625736,51.40651,0.0
2024-07-28 06:00:00,32.67276,21.500275,1004.2413,3.1530304,2.7480783,0.9996034,51.88412,0.0
2024-07-28 12:00:00,31.035309,24.510529,1001.3206,-0.36545026,4.6596994,0.9754447,68.30748,0.0
2024-07-28 18:00:00,30.725555,23.319366,1003.3162,4.6337376,2.8466198,1.0,64.72222,0.0
2024-07-29 00:00:00,29.806427,22.108307,1002.1369,4.8874025,1.5196116,1.0,63.393394,0.0
2024-07-29 06:00:00,32.51541,23.142365,1002.6731,4.1432514,3.202868,0.9995058,57.84558,0.0
2024-07-29 12:00:00,31.759918,24.525177,1000.735,2.4560668,4.684867,0.99483633,65.607086,0.0
2024-07-29 18:00:00,30.328278,22.87381,1005.14124,5.317419,2.1959333,0.99437404,64.450485,0.0011324883
2024-07-30 00:00:00,29.051056,23.70401,1005.0875,4.6167374,2.717129,0.7558952,72.936455,0.052273273
2024-07-30 06:00:00,29.397247,25.106262,1005.7294,6.8890715,-0.24932861,0.84836423,77.754906,2.5915792
2024-07-30 12:00:00,31.953644,24.496246,1003.9525,3.4455967,3.576583,0.925936,64.778336,0.0
2024-07-30 18:00:00,29.516205,23.370148,1007.1375,4.2929363,2.0524426,0.99733394,69.588295,0.0
2024-07-31 00:00:00,28.886017,21.804169,1006.77936,4.0688276,0.75090855,0.6981106,65.62436,0.0
2024-07-31 06:00:00,32.699127,23.127716,1007.3594,2.7230854,2.6387854,0.57205933,57.198864,0.0
2024-07-31 12:00:00,30.897003,25.025543,1004.3756,1.2978737,4.0408773,0.9119665,70.99927,0.13679266
2024-07-31 18:00:00,28.08075,25.454803,1007.2525,4.0824785,2.340805,0.98780984,85.682335,0.44114673
2024-08-01 00:00:00,28.5419,22.501251,1006.0544,4.8553267,1.9252467,1.0,69.85112,0.0
2024-08-01 06:00:00,32.397736,23.132782,1006.9275,3.2767916,2.6773183,1.0,58.1973,0.00028603245
2024-08-01 12:00:00,30.787018,25.278168,1004.6238,1.5071757,5.4922967,0.998022,72.52964,0.1309336
2024-08-01 18:00:00,29.19168,26.37674,1007.8269,2.5829644,5.6869755,1.0,84.83991,0.0
2024-08-02 00:00:00,27.71585,23.856232,1006.35876,3.7261105,1.3226442,1.0,79.549805,0.23609585
2024-08-02 06:00:00,31.126862,23.999176,1007.2388,3.9097652,2.8905222,1.0,65.90024,0.0
2024-08-02 12:00:00,30.845856,25.816803,1004.15314,0.93627024,6.100903,0.99910897,74.63567,0.26061386
2024-08-02 18:00:00,28.779205,26.595001,1008.025,2.108585,4.2673273,0.9800109,88.01554,0.0
2024-08-03 00:00:00,28.803558,23.296906,1006.89185,3.092227,1.6603699,0.9990109,72.195335,0.0
2024-08-03 06:00:00,32.232086,23.043976,1007.4844,1.8586884,0.9387643,0.99009436,58.429832,0.0
2024-08-03 12:00:00,30.468536,25.24466,1005.1194,-0.22733593,4.5018144,0.9908885,73.7158,0.048220158
2024-08-03 18:00:00,28.563843,25.068085,1009.4275,2.781547,3.7820182,0.86330867,81.41278,0.0
2024-08-04 00:00:00,28.386536,24.25357,1007.5706,1.8565466,1.1538248,0.97228456,78.34708,0.0
2024-08-04 06:00:00,31.529816,23.416779,1008.2531,0.8493668,0.61527824,0.7358275,62.187344,0.0
2024-08-04 12:00:00,30.886993,25.199982,1004.0681,-2.9764585,3.43826,0.4755872,71.78194,0.18495321
2024-08-04 18:00:00,27.404877,25.37619,1009.265,1.7073478,4.604305,0.66017985,88.71767,0.14853477
2024-08-05 00:00:00,26.972687,24.993195,1008.5769,3.8288243,0.8953927,0.996832,88.94408,0.0
2024-08-05 06:00:00,30.47696,24.170685,1008.6325,1.3165052,-0.18877411,0.99999994,69.1005,0.0
2024-08-05 12:00:00,29.397247,24.695587,1005.70624,-3.646142,0.41679573,1.0,75.872795,0.042819884
2024-08-05 18:00:00,26.934723,24.795471,1008.7425,2.555838,3.962261,0.99364513,88.09723,0.0
2024-08-06 00:00:00,27.798431,24.524445,1006.40875,2.8685122,0.5284414,0.98899543,82.40463,0.020021278
2024-08-06 06:00:00,30.90689,24.048737,1006.59875,0.4896586,0.056233406,0.6412184,66.931114,0.0
2024-08-06 12:00:00,28.275665,25.218475,1004.685,-1.8904724,2.880307,0.61384755,83.53295,1.5268594
2024-08-06 18:00:00,26.745514,24.778748,1008.5581,3.2395086,2.645347,0.9956613,88.994095,0.0
2024-08-07 00:00:00,26.021973,24.222626,1006.6312,1.4085555,1.0772353,0.9835696,89.83598,0.0
2024-08-07 06:00:00,29.76297,24.334503,1007.385,1.698349,-0.022764206,0.9709851,72.702286,0.0
2024-08-07 12:00:00,28.720245,25.280731,1005.27625,-2.1272383,2.6939259,0.44390422,81.7052,0.82874393
2024-08-07 18:00:00,27.583649,25.588287,1008.455,1.6609502,2.6980581,0.39871073,88.90747,0.0
2024-08-08 00:00:00,26.601135,25.086456,1007.2438,1.1254164,1.171301,0.9327994,91.41659,0.11309981
2024-08-08 06:00:00,30.144806,24.027618,1008.09,1.5208378,0.8713558,0.60033715,69.82668,0.0
2024-08-08 12:00:00,28.863922,25.231232,1005.9275,-0.60919666,2.6834555,0.5926931,80.78921,0.48653105
2024-08-08 18:00:00,27.359344,25.744781,1009.6069,3.2048106,4.357623,0.96917135,90.922806,0.0
2024-08-09 00:00:00,27.245209,24.296234,1007.5644,2.9899302,0.55469894,0.6910456,83.96059,0.0
2024-08-09 06:00:00,30.887482,22.894257,1007.6219,1.0802164,-0.08067608,0.02476698,62.498802,0.005435664
2024-08-09 12:00:00,30.404572,24.797882,1006.02435,-1.4659386,4.737911,0.5291648,72.04185,0.0
2024-08-09 18:00:00,28.096924,25.224182,1009.4531,2.2867603,3.0388806,0.7211566,84.43557,0.36677656
2024-08-10 00:00:00,27.207275,24.92044,1007.89124,3.2791767,0.8621359,0.47968185,87.34776,0.0
2024-08-10 06:00:00,30.532135,24.312347,1008.3219,0.78488976,-0.9080076,0.1657641,69.47017,0.0
2024-08-10 12:00:00,30.271149,25.72586,1004.9306,-1.139926,4.6013193,0.2608114,76.71634,0.58310103
2024-08-10 18:00:00,27.682587,25.225433,1007.8131,1.5397387,3.238833,0.3899541,86.50854,0.0
2024-08-11 00:00:00,27.737823,25.260956,1006.8862,2.0342178,-0.61236286,0.5347732,86.41223,0.012481481
2024-08-11 06:00:00,30.85196,24.951263,1006.1375,0.33739972,-0.99755096,0.792844,70.8675,0.0
2024-08-11 12:00:00,30.361359,25.214386,1002.59375,-2.74537,1.6578398,0.4520485,74.03624,0.0
2024-08-11 18:00:00,27.042175,24.969513,1006.565,2.5898364,5.5198674,0.73962754,88.456764,3.1403167
2024-08-12 00:00:00,26.191223,24.124695,1005.6125,2.0863833,-0.6043488,0.72399044,88.42037,0.0
2024-08-12 06:00:00,29.756989,24.637238,1005.17377,0.2515766,-0.18963814,0.035265036,74.057076,0.0
2024-08-12 12:00:00,30.430206,25.246918,1002.6025,-2.567624,1.2969503,0.4043818,73.88772,0.0
2024-08-12 18:00:00,28.598663,25.681183,1006.0419,-1.1633949,2.642704,0.999109,84.26472,0.33801794
2024-08-13 00:00:00,26.803802,24.49942,1005.3475,0.8292208,1.7539767,0.741448,87.22065,0.0
2024-08-13 06:00:00,29.898956,24.786072,1006.3219,-1.8343954,1.1232395,0.16848725,74.11084,0.0
2024-08-13 12:00:00,30.07608,25.215424,1003.40875,-4.0306883,0.75056994,0.53464293,75.2625,0.0
2024-08-13 18:00:00,28.17511,25.57489,1006.4275,-1.0091734,2.3845139,0.15252239,85.82261,0.12615907
2024-08-14 00:00:00,27.738525,24.69638,1005.0019,1.5189185,2.839184,0.6833664,83.54801,0.0
2024-08-14 06:00:00,30.576202,25.144318,1005.65314,0.10475105,2.5334892,0.42887402,72.82654,0.0
2024-08-14 12:00:00,30.046967,25.470428,1002.6381,-2.2447834,3.667561,0.08712809,76.54044,0.01074983
2024-08-14 18:00:00,28.987946,25.68399,1006.1425,0.7506282,5.124563,0.6333388,82.39816,0.041416474
2024-08-15 00:00:00,27.960663,25.305634,1004.64185,1.5558093,1.7881429,0.86124027,85.5225,0.050158612
2024-08-15 06:00:00,30.003082,25.569153,1005.22565,0.5826224,4.7794275,0.9413546,77.1849,0.0
2024-08-15 12:00:00,30.024933,25.65268,1002.46686,-0.6175604,5.1359777,0.577587,77.471146,0.0
2024-08-15 18:00:00,29.208832,25.605896,1005.2631,0.590096,6.5844517,0.16445142,80.97607,0.0
2024-08-16 00:00:00,28.167847,25.414185,1003.20685,0.26262763,4.341705,0.8260338,85.04316,0.09231642
2024-08-16 06:00:00,30.202911,26.195526,1004.54,-0.50337696,4.525692,0.8868963,79.188545,0.0
2024-08-16 12:00:00,30.343536,25.84311,1001.4075,-1.6971197,3.7686446,0.40167505,76.93144,0.0
2024-08-16 18:00:00,29.408142,26.12207,1005.1994,0.59508514,5.574234,0.33350325,82.53489,0.0
2024-08-17 00:00:00,28.028229,25.552795,1003.66187,1.2906168,0.7176749,0.8885993,86.44677,0.0
2024-08-17 06:00:00,31.319366,25.450714,1005.03125,0.8550263,0.33938456,0.8248326,71.08681,0.027082272
2024-08-17 12:00:00,29.275024,25.934357,1003.10187,-0.3424263,5.644519,0.93529147,82.25302,0.29132035
2024-08-17 18:00:00,28.878815,26.148224,1006.3006,2.3793075,4.325538,0.4164824,85.2317,0.0
2024-08-18 00:00:00,27.450165,25.30368,1004.6731,2.379967,0.079013824,0.4865119,88.101974,0.0
2024-08-18 06:00:00,30.78775,25.511688,1006.18,-0.11845696,1.3676167,0.5497658,73.54044,0.0
2024-08-18 12:00:00,30.284454,25.779816,1003.45685,-1.6429033,3.254812,0.5191656,76.90344,0.046638332
2024-08-18 18:00:00,28.759857,25.521118,1006.9819,0.42932856,5.7982883,0.6740172,82.69097,0.0
2024-08-19 00:00:00,27.58664,25.045471,1005.0106,1.5369375,4.6145797,0.9781626,86.06769,0.062823296
2024-08-19 06:00:00,30.141754,25.892609,1006.4425,1.3261385,2.600459,0.9981208,78.055534,0.054189928
2024-08-19 12:00:00,29.84787,25.571442,1003.0756,1.4895217,4.913971,0.8806665,77.887276,0.0
2024-08-19 18:00:00,28.704681,25.624725,1007.1044,2.310319,5.063565,0.66727084,83.46783,0.03261119
2024-08-20 00:00:00,27.31491,24.989838,1004.10876,1.9103734,4.242219,0.44299853,87.15831,0.04406646
2024-08-20 06:00:00,28.654938,25.355316,1006.9988,1.6516032,4.9872503,0.5905025,82.380035,0.1915156
2024-08-20 12:00:00,29.791473,25.367645,1003.40436,0.58120155,7.3515224,0.2505545,77.19997,0.0
2024-08-20 18:00:00,27.996216,25.502258,1008.03314,1.902524,6.507951,0.8680567,86.34871,0.31642917
2024-08-21 00:00:00,28.160095,24.702667,1006.3156,2.8358953,7.035384,0.6365803,81.5492,0.0
2024-08-21 06:00:00,29.987823,24.782013,1007.99,3.607956,6.7733784,0.68411887,73.71533,0.0
2024-08-21 12:00:00,29.685394,24.490326,1005.525,3.7966318,8.314865,0.9868239,73.71236,0.0
2024-08-21 18:00:00,28.635986,24.548615,1008.5044,4.940041,6.80243,0.97342396,78.59657,0.0
2024-08-22 00:00:00,28.059784,23.305328,1007.6025,5.1131926,4.3552265,0.6712882,75.42324,0.0
2024-08-22 06:00:00,30.362946,23.739594,1008.9325,2.8713083,3.0439875,0.64677244,67.77469,0.029176474
2024-08-22 12:00:00,29.786652,24.46225,1007.24,1.1914434,6.912753,0.9987189,73.16084,0.0
2024-08-22 18:00:00,28.7276,25.283112,1009.47064,2.2107475,7.0085506,0.9350325,81.68193,0.0
2024-08-23 00:00:00,28.303833,24.865936,1008.5719,3.3443003,4.7289057,1.0,81.66207,0.0023841858
2024-08-23 06:00:00,31.33023,24.573273,1008.9394,2.5641909,5.2016764,0.79401946,67.42213,0.0
2024-08-23 12:00:00,29.75357,25.67514,1006.8544,1.2801952,7.794211,1.0,78.79449,0.0
2024-08-23 18:00:00,28.882141,25.381744,1009.73126,2.6610098,8.104902,0.98561954,81.42978,0.0
2024-08-24 00:00:00,28.191925,24.922455,1009.04626,4.434699,6.5203056,0.52940375,82.47339,0.004481524
2024-08-24 06:00:00,31.1055,24.00232,1010.1744,4.5334854,4.996215,0.910988,65.99299,0.0
2024-08-24 12:00:00,30.500763,25.202911,1006.3837,2.2682228,6.577405,0.67650133,73.39729,0.0
2024-08-24 18:00:00,29.240784,26.118805,1009.9469,2.7669644,6.2204456,0.90203357,83.32025,0.00047683716
2024-08-25 00:00:00,28.424377,24.298248,1008.77435,4.183782,2.2846868,0.98998487,78.38456,0.008486211
2024-08-25 06:00:00,31.55838,23.172638,1009.22565,3.5431538,3.4548464,0.94400066,61.17787,0.0
2024-08-25 12:00:00,30.955353,25.014557,1005.77936,1.6092117,5.8028555,0.8801133,70.71691,0.0
2024-08-25 18:00:00,29.141205,25.967194,1008.49,2.5755405,5.84777,0.66599613,83.05293,0.0
2024-08-26 00:00:00,27.88089,22.53891,1007.59314,5.0623093,1.7286036,0.9679269,72.75783,0.0
2024-08-26 06:00:00,31.45279,22.713531,1008.0144,3.563631,3.7281415,0.9144301,59.858776,0.0
2024-08-26 12:00:00,30.91153,24.767487,1005.03687,1.448079,6.5921316,0.8483984,69.85646,0.0
2024-08-26 18:00:00,29.062653,26.164215,1008.14874,2.4263573,6.853659,0.9990114,84.40912,0.0
2024-08-27 00:00:00,28.490479,23.050812,1007.6106,4.309169,2.809087,0.978913,72.433525,0.0
2024-08-27 06:00:00,30.989655,23.433136,1008.4881,3.9799643,3.5713177,0.88860214,64.19277,0.0
2024-08-27 12:00:00,30.110992,25.922516,1006.2394,1.2243394,5.0999823,0.99999774,78.3321,0.1398921
2024-08-27 18:00:00,28.80371,25.94815,1010.01373,2.7865841,5.8248076,0.9980223,84.59619,0.0
2024-08-28 00:00:00,28.196686,24.968658,1008.1025,4.4066877,1.5503552,1.0,82.67807,0.0
2024-08-28 06:00:00,30.724518,23.173004,1009.1294,2.8004236,0.70210135,1.0,64.15627,0.0
2024-08-28 12:00:00,29.95108,25.484283,1006.85565,-0.37928963,3.1750338,1.0,77.02668,0.025177374
2024-08-28 18:00:00,28.952362,26.017609,1008.46564,2.4367082,4.607259,1.0,84.216324,0.12637022
2024-08-29 00:00:00,28.172089,23.475922,1006.85187,3.4405813,1.5041704,0.9930609,75.70674,0.0
2024-08-29 06:00:00,31.16507,23.597687,1007.35126,2.751257,1.9049835,1.0,64.187675,0.0
2024-08-29 12:00:00,29.409454,25.546417,1004.95685,0.9666464,3.4707642,1.0,79.76114,0.09000301
2024-08-29 18:00:00,27.789154,25.802765,1007.10876,2.9747224,2.5746498,0.99901175,88.9707,0.0
2024-08-30 00:00:00,27.554901,24.09262,1005.8656,3.8852482,3.1005812,0.98473454,81.45056,0.0
2024-08-30 06:00:00,30.38211,23.759735,1007.6944,3.9506044,3.1338773,0.99999994,67.78241,0.0
2024-08-30 12:00:00,29.3096,25.657562,1004.64435,3.4642286,6.161946,1.0,80.75321,0.30209976
2024-08-30 18:00:00,27.611938,24.688446,1007.2512,3.49617,3.793265,0.9948362,84.128586,0.0
2024-08-31 00:00:00,28.042755,23.01944,1006.42065,5.116929,2.6582885,1.0,74.204636,0.0
2024-08-31 06:00:00,31.105988,23.75882,1006.8219,3.9021435,3.3865125,1.0,65.03207,0.0
2024-08-31 12:00:00,29.817657,24.23288,1004.29626,2.1266801,3.1600885,1.0,72.0337,0.080779195
2024-08-31 18:00:00,28.76062,26.44693,1006.3975,2.7590923,5.1190805,0.9990117,87.344666,0.0
2024-09-01 00:00:00,28.172638,23.116974,1005.35626,4.6651,3.1418602,0.90670186,74.081,0.0
2024-09-01 06:00:00,31.91983,24.154694,1006.3956,2.9610882,4.8145576,0.5348656,63.587677,0.0
2024-09-01 12:00:00,29.286041,25.683136,1003.4394,2.0759354,3.8232765,0.8528235,80.98593,0.37812883
2024-09-01 18:00:00,28.58139,26.020416,1006.2675,1.7507689,4.328019,0.18973303,86.061676,0.0
2024-09-02 00:00:00,28.076508,23.403412,1005.27374,4.5557146,0.76832104,0.6909146,75.79718,0.0
2024-09-02 06:00:00,31.509796,23.976044,1006.1456,2.225006,0.41700774,0.14756715,64.390114,9.534415e-05
2024-09-02 12:00:00,30.293121,25.761505,1002.91187,-0.37118816,5.8718085,0.9990093,76.78186,0.08609297
2024-09-02 18:00:00,29.036713,26.524689,1006.7006,2.1432307,5.8824344,0.9938698,86.35394,0.0
2024-09-03 00:00:00,28.59317,23.349335,1005.48,4.6595507,0.61291695,0.68187344,73.31355,0.0
2024-09-03 06:00:00,31.20877,23.901154,1008.16376,2.015727,3.148612,0.7349946,65.2082,0.0
2024-09-03 12:00:00,29.99295,25.716461,1005.4375,1.404539,5.4610467,0.9641635,77.90785,0.0001937151
2024-09-03 18:00:00,29.057373,26.248688,1007.8075,2.4595947,4.1723795,0.98514336,84.85738,0.0
2024-09-04 00:00:00,28.62613,22.651764,1007.5494,5.245268,0.9635248,0.9808906,70.148476,0.0
2024-09-04 06:00:00,31.53714,24.00711,1008.2512,2.858492,1.5311358,0.99871856,64.410255,0.0
2024-09-04 12:00:00,29.932892,25.233063,1005.195,-0.91441727,4.2998796,0.9991092,75.96398,0.013828743
2024-09-04 18:00:00,29.019135,26.216217,1006.8856,2.3426657,4.7281303,0.99227315,84.8824,0.0
2024-09-05 00:00:00,28.508087,23.604218,1005.53625,4.76116,2.0313416,0.38174295,74.81791,9.5460564e-05
2024-09-05 06:00:00,32.593414,23.80191,1006.4175,2.1687202,0.58341235,0.2607603,59.928577,0.0
2024-09-05 12:00:00,30.964996,25.725494,1003.24,-1.3559618,3.9580107,0.8997135,73.729675,0.0008584466
2024-09-05 18:00:00,29.216034,26.557281,1006.28564,2.8696263,6.273806,0.9742491,85.62745,0.0008579809
2024-09-06 00:00:00,29.076996,23.413605,1004.7175,4.745654,1.3258438,0.9936459,71.563515,0.0
2024-09-06 06:00:00,31.770172,23.464142,1007.0712,1.8844252,-0.5689964,1.0,61.520065,0.0020982698
2024-09-06 12:00:00,29.664948,25.838776,1004.77435,0.30640787,3.914839,0.99999994,79.96966,0.14736038
2024-09-06 18:00:00,28.861786,26.03714,1007.15063,2.229165,4.164186,0.9988281,84.7572,0.0
2024-09-07 00:00:00,28.845978,23.186188,1005.65875,5.1342754,1.8657732,0.77495795,71.53796,0.0
2024-09-07 06:00:00,31.975983,24.589325,1007.46814,2.68112,1.1696956,1.0,65.05767,0.0
2024-09-07 12:00:00,30.12613,25.318756,1005.1075,-0.5013895,5.0157437,1.0,75.50939,0.014301389
2024-09-07 18:00:00,29.040924,26.366608,1008.0025,2.0075436,4.714366,1.0,85.531654,0.0
2024-09-08 00:00:00,29.035858,21.449005,1007.16315,4.6299295,1.2477595,1.0,63.65977,0.0
2024-09-08 06:00:00,31.63211,22.899261,1008.1181,3.605833,3.6985495,0.9791986,59.922813,0.0
2024-09-08 12:00:00,30.480133,25.135162,1005.65375,3.6135175,4.9707346,0.99999994,73.18818,0.17516315
2024-09-08 18:00:00,29.503204,25.52652,1007.60815,2.9257576,3.8525548,0.99266416,79.23724,0.0
2024-09-09 00:00:00,28.812286,22.764679,1006.1125,4.4060297,2.1654594,0.95652467,69.87204,0.0018179417
2024-09-09 06:00:00,31.71756,24.072845,1006.3269,3.0944948,4.4520044,0.9974305,64.005974,0.0
2024-09-09 12:00:00,29.41983,25.89273,1003.27875,3.2016325,6.0344124,0.73629206,81.367424,1.2331475
2024-09-09 18:00:00,28.827301,26.075836,1005.685,3.1383657,4.3358,0.8072207,85.12136,0.0
2024-09-10 00:00:00,28.754059,23.274323,1005.70874,4.5317583,2.650053,0.14605367,72.30414,0.0001906883
2024-09-10 06:00:00,32.243195,23.81369,1006.2569,3.9939117,3.3716764,0.542339,61.168568,0.0043876935
2024-09-10 12:00:00,31.045074,25.28128,1002.7381,1.9067392,7.6144543,0.46527678,71.48245,0.0
2024-09-10 18:00:00,29.75473,25.92691,1006.95685,2.928547,4.484247,0.54337054,79.97371,0.0
2024-09-11 00:00:00,28.776123,22.986359,1006.0225,5.1991634,2.3138983,0.8919522,70.96529,0.0
2024-09-11 06:00:00,31.967926,23.983612,1007.53064,2.4352064,4.029952,0.7895286,62.76663,0.0
2024-09-11 12:00:00,29.437164,25.922882,1005.47876,2.1864772,7.330867,0.67690796,81.431366,0.057232324
2024-09-11 18:00:00,29.35437,25.881866,1008.29376,2.6276808,5.080654,0.99802077,81.62287,0.0
2024-09-12 00:00:00,28.689056,22.505402,1007.91125,5.4296265,1.880809,0.9898511,69.27445,0.0
2024-09-12 06:00:00,31.923492,23.771149,1008.2294,2.8790855,3.5855498,0.9193175,62.126125,0.0
2024-09-12 12:00:00,30.602692,25.832306,1005.6975,-0.58289623,4.1139574,0.72782356,75.74978,0.019836705
2024-09-12 18:00:00,29.073456,26.611847,1007.90686,1.9047918,6.5876713,0.9980161,86.61431,0.0
2024-09-13 00:00:00,28.968872,26.479034,1007.33875,3.6990423,4.5394387,0.99348325,86.46065,0.0007636845
2024-09-13 06:00:00,32.235504,24.078156,1007.625,1.7889557,1.304049,0.31610012,62.175484,0.0
2024-09-13 12:00:00,30.607819,25.619537,1004.675,-1.0725651,6.2542343,1.0000001,74.77807,0.026989728
2024-09-13 18:00:00,29.15744,26.655792,1007.28876,2.5577817,6.020998,0.9999998,86.41803,0.0
2024-09-14 00:00:00,29.074097,24.840729,1006.15314,4.383322,2.9170923,1.0,77.97581,0.0
2024-09-14 06:00:00,32.562897,22.977753,1007.11127,1.6415539,1.0863597,0.7837412,57.119198,0.0
2024-09-14 12:00:00,30.925201,25.71402,1004.465,-0.8407221,4.3464394,0.9207608,73.84701,0.0006556511
2024-09-14 18:00:00,29.547943,26.55777,1007.5619,2.1634417,3.4831524,0.98234576,84.005066,0.0
2024-09-15 00:00:00,29.183136,23.281769,1005.89624,4.649476,0.47487545,0.8583365,70.56185,0.0
2024-09-15 06:00:00,32.673004,22.052704,1006.9281,1.3833075,0.8352499,0.35481185,53.66403,0.0
2024-09-15 12:00:00,31.24527,25.260529,1003.9944,-2.2187004,5.254263,0.5331178,70.58449,0.0
2024-09-15 18:00:00,29.641327,26.810211,1007.6425,1.5050473,6.484089,0.2517841,84.805374,0.0
2024-09-16 00:00:00,29.218933,23.848663,1006.16437,3.8084078,1.8255758,0.25301915,72.86328,0.0
2024-09-16 06:00:00,32.863678,22.400726,1007.02563,0.99356556,-1.2428303,0.058582272,54.22769,0.0
2024-09-16 12:00:00,31.1221,25.190582,1004.3162,-2.8651276,4.9560843,0.17761993,70.78611,0.0
2024-09-16 18:00:00,29.633575,26.533112,1007.72815,2.722874,6.278195,0.22237033,83.470116,0.0
2024-09-17 00:00:00,29.768524,22.73404,1006.2438,5.2171707,0.32984447,0.3302093,65.99485,0.0
2024-09-17 06:00:00,33.08792,22.49942,1006.8837,0.95120335,-1.3466043,0.10044184,53.870415,0.0
2024-09-17 12:00:00,31.147491,25.109894,1003.5662,-1.4051952,5.671462,0.392474,70.34495,0.0041963067
2024-09-17 18:00:00,29.701996,25.670685,1006.1863,2.4939125,6.0256367,0.17378008,79.00791,0.0
2024-09-18 00:00:00,29.331543,23.420074,1004.9244,3.6937408,2.083497,0.51979434,70.54593,0.0
2024-09-18 06:00:00,32.63553,21.68155,1005.7375,0.37035584,-1.4268532,0.11477588,52.572815,0.0
2024-09-18 12:00:00,30.435333,24.988678,1002.6819,-2.1504955,6.244403,0.1871786,72.73842,0.0
2024-09-18 18:00:00,29.298859,26.153107,1006.0556,2.2298172,6.801746,0.15629283,83.209785,0.0
2024-09-19 00:00:00,28.797546,24.0513,1005.47186,3.4150772,2.6786814,0.28668353,75.57691,0.014495105
2024-09-19 06:00:00,32.229523,21.094818,1006.35315,2.023758,-1.2348728,0.8459905,51.89245,0.0
2024-09-19 12:00:00,30.705963,24.358795,1003.4244,-2.5303688,4.112113,0.12671183,68.97456,0.0017166603
2024-09-19 18:00:00,29.308258,26.106842,1006.2319,1.737613,6.816092,0.89416134,82.93747,0.0
2024-09-20 00:00:00,29.202545,24.188507,1004.95,4.3819895,1.2616282,0.99575937,74.43628,0.0
2024-09-20 06:00:00,32.888947,21.373566,1005.96564,3.0025215,0.51349926,0.88279355,50.860203,0.0
2024-09-20 12:00:00,30.862335,25.056915,1003.54565,-0.9781008,5.816229,0.33669627,71.27307,0.0
2024-09-20 18:00:00,29.252472,25.754547,1006.1844,2.7915132,6.471086,0.9728615,81.48751,0.0
2024-09-21 00:00:00,29.241516,21.516998,1005.10815,5.669449,0.679019,0.9932556,63.169594,0.0
2024-09-21 06:00:00,32.92337,21.464386,1006.7631,1.8898983,-1.0451593,0.9995092,51.044952,0.0
2024-09-21 12:00:00,29.689117,24.354218,1003.8762,-1.7456789,5.5868006,0.97455335,73.09834,0.005722046
2024-09-21 18:00:00,29.284393,25.293,1006.8113,1.5974315,4.7746725,0.98848814,79.1381,0.0
2024-09-22 00:00:00,29.36853,22.398468,1004.2081,5.2717905,0.90113926,0.9268924,66.17194,0.033461954
2024-09-22 06:00:00,32.656647,22.136871,1006.1106,1.8915157,-2.1585798,0.9936514,53.989704,0.0
2024-09-22 12:00:00,30.214386,24.40738,1002.8694,-1.347641,3.7694588,0.9999998,71.150566,0.0
2024-09-22 18:00:00,29.437683,25.903717,1005.6294,2.110918,5.632142,0.907637,81.336525,0.0
2024-09-23 00:00:00,29.313934,23.407257,1003.8856,3.901906,2.8901358,0.9731723,70.56313,0.0011473894
2024-09-23 06:00:00,31.862457,22.417084,1005.2612,2.5638895,1.4413798,0.5294953,57.439495,0.015541911
2024-09-23 12:00:00,30.490265,25.201935,1002.77563,0.4745369,6.4870133,0.89180624,73.43715,0.0047683716
2024-09-23 18:00:00,29.409058,26.269806,1005.02,2.495436,4.8274717,0.95918757,83.25415,0.0
2024-09-24 00:00:00,29.036743,22.017792,1003.7419,6.1695194,0.5384086,0.9470604,65.9077,0.0
2024-09-24 06:00:00,32.406036,23.177826,1005.3019,2.837574,2.8088446,0.8331558,58.328648,0.0
2024-09-24 12:00:00,29.55606,25.320343,1002.0731,0.38497353,7.110633,0.68622416,78.034035,0.0
2024-09-24 18:00:00,29.367157,26.608917,1004.7531,2.4084678,4.941222,0.9963448,85.141945,0.0
2024-09-25 00:00:00,28.766174,21.009918,1004.2488,4.68874,0.44792724,0.9876164,62.943768,0.0
2024-09-25 06:00:00,32.356598,22.561066,1005.3081,1.8019196,3.573345,0.92641866,56.346546,0.0
2024-09-25 12:00:00,30.046417,25.41092,1002.63873,0.2600355,7.1622844,0.7724411,76.272644,0.0009534415
2024-09-25 18:00:00,29.220612,26.652252,1005.2319,1.2829192,6.5705147,0.88827026,86.0851,0.0
2024-09-26 00:00:00,29.551117,23.963898,1003.8175,3.361577,1.2324734,0.9982244,71.97645,0.0
2024-09-26 06:00:00,31.947296,23.279205,1006.1912,-0.6293783,1.0624101,0.9971255,60.229473,0.0005720649
2024-09-26 12:00:00,29.761871,25.61319,1003.3831,-2.4184856,3.3928964,0.9550285,78.46788,0.0
2024-09-26 18:00:00,29.359772,26.089386,1006.9775,0.81090295,4.0475287,0.40832758,82.605835,0.0017285347
2024-09-27 00:00:00,28.569122,25.193268,1006.3013,1.6554534,2.8459215,0.9109912,81.99699,0.0
2024-09-27 06:00:00,30.925201,25.343842,1008.385,-1.1862249,0.9669609,0.9309525,72.24127,0.0022894237
2024-09-27 12:00:00,29.587433,25.13327,1005.7775,-4.1223984,1.78584,0.65488106,77.030525,0.0
2024-09-27 18:00:00,28.808441,25.49057,1008.72565,-1.2218285,3.399938,0.19320989,82.30891,0.19235909
2024-09-28 00:00:00,28.339417,24.95752,1007.9794,0.7903577,0.67637825,0.95308954,81.93972,0.0
2024-09-28 06:00:00,30.423248,25.318634,1009.46,-1.6829233,0.13991356,0.22901464,74.23325,0.0
2024-09-28 12:00:00,29.950958,24.64795,1006.265,-4.1280823,0.045147717,0.06413069,73.28233,0.0
2024-09-28 18:00:00,28.77481,25.327576,1009.8881,-3.4458141,2.0193672,0.02627495,81.6744,0.0001937151
2024-09-29 00:00:00,28.621002,25.006073,1008.89813,-2.1246996,1.2051992,0.6339133,80.843735,0.1203432
2024-09-29 06:00:00,29.618073,25.401642,1010.4469,-2.7673597,0.075900376,0.6452579,78.13243,0.022711046
2024-09-29 12:00:00,30.053314,24.965942,1007.64813,-4.707906,0.53769743,0.09780037,74.24907,0.0
2024-09-29 18:00:00,28.602783,25.209778,1010.3219,-3.3312807,2.8248057,0.23028529,81.917366,0.069998205
2024-09-30 00:00:00,27.808685,24.844635,1009.595,-2.3727112,2.3497853,0.5374185,83.94638,0.15974958
2024-09-30 06:00:00,28.693756,25.197906,1011.1769,-1.4012432,1.4753093,0.6242851,81.428474,0.025176153
2024-09-30 12:00:00,29.134674,24.166107,1007.3175,-4.026284,1.0965023,0.29717922,74.62857,0.0
2024-09-30 18:00:00,28.529541,24.605469,1008.9575,-2.5027227,1.3406382,0.47646934,79.35322,0.0
2024-10-01 00:00:00,28.307281,24.397522,1007.7425,-1.589386,2.387991,0.43987948,79.390976,0.038717873
2024-10-01 06:00:00,30.667511,24.190521,1008.5662,-1.4684229,2.6548233,0.19934605,68.43256,0.0
2024-10-01 12:00:00,29.603302,24.323822,1005.6863,-3.3942356,3.3231373,0.4906565,73.32696,0.0
2024-10-01 18:00:00,29.094818,25.129486,1009.78125,-0.089276314,4.300268,0.98893905,79.23503,9.5460564e-05
2024-10-02 00:00:00,28.39029,24.975708,1007.83185,3.2004113,4.6220894,0.98876417,81.786354,0.0029592775
2024-10-02 06:00:00,31.351349,24.563995,1009.1269,3.2194586,5.9254103,0.19153202,67.303795,0.015640631
2024-10-02 12:00:00,30.618073,25.598907,1005.9469,2.1850142,7.7799044,0.38618606,74.64278,0.0
2024-10-02 18:00:00,28.996246,25.297638,1009.4412,4.2298937,6.286621,1.0000002,80.48991,0.0
2024-10-03 00:00:00,28.49356,24.423553,1008.1144,5.298294,4.6539936,0.9990112,78.65833,9.5460564e-05
2024-10-03 06:00:00,32.65616,23.853546,1008.5925,3.5964632,3.1948059,0.9210461,59.90274,0.0
2024-10-03 12:00:00,29.899933,25.243927,1005.1931,0.9307051,7.696151,0.41314209,76.15728,0.0
2024-10-03 18:00:00,29.115997,25.625702,1009.06,3.334975,5.894173,0.8691589,81.50756,0.02755819
2024-10-04 00:00:00,28.73288,25.550873,1007.4575,4.1958995,4.000431,0.9959533,82.9669,0.0
2024-10-04 06:00:00,32.336823,25.278717,1008.59125,2.4056873,3.3057456,0.7694371,66.41931,0.0059134327
2024-10-04 12:00:00,29.657196,26.019806,1005.5538,1.4064741,5.862488,0.81527317,80.867584,0.1574629
2024-10-04 18:00:00,26.525177,25.063019,1009.2537,4.4372463,2.3295465,0.8845719,91.69857,2.2950244
2024-10-05 00:00:00,26.4617,24.521881,1007.8781,4.12078,0.07017708,0.99483633,89.11573,0.0
2024-10-05 06:00:00,28.738495,24.953094,1008.955,3.1050062,-0.91406536,0.99851656,80.041245,0.0
2024-10-05 12:00:00,30.108978,24.889374,1006.615,-0.3805895,3.215133,0.972808,73.67481,0.12037766
2024-10-05 18:00:00,28.0195,25.81546,1009.0069,2.6938944,4.6520743,0.98666817,87.84894,0.0
2024-10-06 00:00:00,26.847229,24.544403,1008.0563,3.053205,0.12103844,1.0,87.232605,0.20643985
2024-10-06 06:00:00,28.873993,24.259003,1009.9025,1.8377349,-1.6033001,1.0,76.1864,0.0
2024-10-06 12:00:00,27.8237,23.316437,1006.5775,-0.3908596,1.056354,0.99226075,76.520454,0.070952654
2024-10-06 18:00:00,27.673157,24.161652,1009.59186,-0.32756615,1.2387067,0.9376174,81.22503,0.028908253
2024-10-07 00:00:00,27.679443,24.283783,1008.70935,-0.15509701,1.2111287,0.90538424,81.79206,0.0
2024-10-07 06:00:00,29.216705,24.84732,1010.88,-0.22644806,0.98790264,0.80577785,77.36594,0.0
2024-10-07 12:00:00,28.239166,24.491302,1008.14935,-1.4877386,1.100318,0.87899894,80.15505,0.0
2024-10-07 18:00:00,27.103546,24.792328,1011.29877,0.47475052,4.4018545,0.9800056,87.2116,0.19738874
2024-10-08 00:00:00,26.328888,24.164886,1009.835,0.06572348,1.2082081,0.99326205,87.91609,0.28449246
2024-10-08 06:00:00,28.960236,24.813873,1011.03125,0.57683486,0.54371935,0.9755369,78.36561,0.0
2024-10-08 12:00:00,28.968018,24.841187,1008.35315,-3.9443607,0.060066223,0.61469847,78.458145,0.0
2024-10-08 18:00:00,27.978241,24.643707,1010.71436,-0.7451687,2.1748357,0.99999976,82.128174,0.015253201
2024-10-09 00:00:00,26.393463,24.189392,1008.7644,0.79951173,0.68599224,0.99754643,87.71053,0.063604206
2024-10-09 06:00:00,28.881134,25.02768,1010.08875,-1.9593,1.5540748,0.9762274,79.73604,0.35266927
2024-10-09 12:00:00,28.715607,24.557404,1006.3775,-2.2931871,1.2343906,0.3135383,78.27549,0.0
2024-10-09 18:00:00,27.514252,24.87973,1009.4025,0.32479954,3.3511038,0.83318067,85.582794,0.21390617
2024-10-10 00:00:00,26.763641,24.530884,1007.2875,1.6317167,1.5842438,0.97725713,87.591774,0.0
2024-10-10 06:00:00,28.625397,24.878357,1008.6344,-1.3595657,0.750329,0.97622883,80.20976,0.08136075
2024-10-10 12:00:00,28.482483,24.134705,1004.8781,-0.9086952,0.07349664,0.6899393,77.35788,0.0
2024-10-10 18:00:00,26.49469,24.96463,1008.41376,-1.1157036,3.2168276,0.7037753,91.32629,0.76368546
2024-10-11 00:00:00,26.82132,24.335602,1006.3619,0.2720251,1.7588195,0.7578249,86.28025,0.0
2024-10-11 06:00:00,28.523712,25.255402,1007.9306,-1.8673077,1.3776178,0.6633969,82.518135,0.050555363
2024-10-11 12:00:00,28.663544,25.086823,1005.4963,-3.1706285,1.5437816,0.3277446,81.03345,0.47457063
2024-10-11 18:00:00,27.200043,25.04477,1007.91815,-1.1018114,2.5331662,0.6007639,88.0351,0.0
2024-10-12 00:00:00,26.14685,24.209625,1007.3025,1.0098753,1.8699739,0.9615419,89.105415,1.3596482
2024-10-12 06:00:00,29.20279,24.70755,1008.64,-1.2721119,-1.0033798,0.9771011,76.784584,0.0
2024-10-12 12:00:00,28.75296,24.632263,1006.32,-0.096191406,0.94441795,0.6775659,78.45657,1.2178723
2024-10-12 18:00:00,26.983185,24.74533,1009.3106,1.2578096,1.4432688,0.9814019,87.58401,0.0
2024-10-13 00:00:00,26.154816,23.91861,1007.65686,2.5601177,-0.32549,1.0000002,87.52083,0.023841918
2024-10-13 06:00:00,28.555206,24.769318,1009.0575,0.47666097,-0.2146349,0.9857768,80.014694,0.51396763
2024-10-13 12:00:00,28.026825,24.374908,1006.72815,-1.0661039,-0.057322204,1.0000001,80.58907,0.0
2024-10-13 18:00:00,27.148285,24.784332,1008.7969,-0.03143978,0.80489063,0.98661834,86.9414,0.0
2024-10-14 00:00:00,25.93039,24.178406,1007.02374,3.509249,-3.3034372,0.9996095,90.0851,0.44166932
2024-10-14 06:00:00,26.639954,24.719574,1008.9356,3.7945554,-1.786972,0.99404794,89.232925,1.2952416
2024-10-14 12:00:00,26.615662,23.989899,1006.4938,3.345611,-1.6994638,1.0,85.53842,0.0
2024-10-14 18:00:00,25.78244,23.977173,1008.2444,5.505767,3.018464,1.0,89.786865,0.0
2024-10-15 00:00:00,25.955841,22.94223,1006.4338,3.8162231,1.9103861,0.99276125,83.49157,0.0
2024-10-15 06:00:00,28.56717,23.108704,1008.4994,4.775324,0.7580014,1.0,72.36457,0.08190741
2024-10-15 12:00:00,27.005463,24.446259,1006.4275,2.3720174,0.7317648,1.0,85.91896,2.0331135
2024-10-15 18:00:00,26.50064,24.475342,1008.3688,3.2467165,-1.3133497,1.0,88.66406,0.0
2024-10-16 00:00:00,26.052643,23.760376,1006.45123,3.5212793,-0.7220936,1.0,87.21729,0.0
2024-10-16 06:00:00,29.668549,23.556213,1007.6925,3.074462,0.023465276,0.98416215,69.75846,0.0
2024-10-16 12:00:00,29.51828,24.111786,1004.89813,2.2463398,3.6455066,1.0,72.75611,0.059134327
2024-10-16 18:00:00,27.470367,25.273102,1007.8594,1.3827844,5.6180696,0.7331889,87.8379,0.0
2024-10-17 00:00:00,27.204681,24.85617,1006.1763,3.502221,1.7259998,0.9581402,87.026665,0.28257072
2024-10-17 06:00:00,30.119415,23.846039,1008.28064,2.2751694,1.7437989,0.9864588,69.16957,0.0
2024-10-17 12:00:00,29.363983,24.512817,1005.3575,0.19678271,3.7396302,0.39279163,75.19228,0.0
2024-10-17 18:00:00,28.256378,25.301483,1008.03064,1.0864346,4.3410645,0.7732222,84.040855,0.61919403
2024-10-18 00:00:00,27.769531,25.471222,1006.315,2.354579,3.0939598,0.94185615,87.33745,0.0
2024-10-18 06:00:00,29.785309,25.206268,1008.7394,0.8031196,-2.1739168,0.9960513,76.48944,0.0
2024-10-18 12:00:00,28.787262,24.647614,1006.4475,-1.8287773,1.4341874,0.9624291,78.37256,0.089382574
2024-10-18 18:00:00,27.248138,25.303589,1009.1956,0.7520438,2.085687,0.9728962,89.150566,0.35726488
2024-10-19 00:00:00,25.689056,24.409271,1008.21625,3.7482703,0.7614908,0.9858295,92.65604,6.0580735
2024-10-19 06:00:00,27.653717,24.405853,1010.53375,3.524972,-2.4671965,0.9865526,82.51649,0.0
2024-10-19 12:00:00,29.259491,23.784637,1007.0156,1.3939447,-0.5758467,0.63998085,72.41331,0.0
2024-10-19 18:00:00,27.951141,24.181427,1009.78937,1.9068561,1.8117642,0.25300026,80.012146,0.008009374
2024-10-20 00:00:00,26.889923,24.294586,1009.53436,0.96248394,0.48670387,0.59787464,85.721924,0.78289956
2024-10-20 06:00:00,28.341827,24.805267,1010.9775,-0.53648865,-0.78526974,0.40726846,81.18722,0.0
2024-10-20 12:00:00,28.896942,24.601593,1007.95123,-1.8024721,0.438286,0.928428,77.66205,0.0
2024-10-20 18:00:00,27.990692,24.805267,1010.7581,-1.6508102,0.8383032,0.88206923,82.864555,0.28532946
2024-10-21 00:00:00,26.445312,24.257843,1009.57874,0.3292836,2.6310616,0.60092545,87.8023,0.0
2024-10-21 06:00:00,29.579742,25.05014,1010.8162,0.49706274,-0.23335075,0.76425326,76.68392,0.0
2024-10-21 12:00:00,29.230133,24.99002,1007.6244,-0.6011453,0.36351454,0.21247494,77.96688,0.48908788
2024-10-21 18:00:00,27.34848,25.016754,1010.1781,-0.7528496,0.39471185,0.0742569,87.12675,0.0
2024-10-22 00:00:00,27.007507,24.451813,1009.6144,-0.055856705,-0.6551218,0.90779257,85.93721,0.061529815
2024-10-22 06:00:00,29.971832,24.813446,1010.8794,0.09600484,0.10220146,0.5436268,73.921715,0.0
2024-10-22 12:00:00,28.678436,24.500824,1008.4338,-0.783226,0.8402272,0.12378174,78.17935,0.0
2024-10-22 18:00:00,27.849457,25.015717,1010.7481,1.6609051,0.9341615,0.54943794,84.60586,0.0
2024-10-23 00:00:00,27.02121,24.66803,1008.5444,2.2723484,-1.3715076,0.919436,86.98591,0.004861504
2024-10-23 06:00:00,30.11087,24.585297,1009.9475,1.1762736,-0.120948374,0.642494,72.34068,0.09232637
2024-10-23 12:00:00,29.891327,24.579681,1007.3206,-1.2137995,0.6517744,0.93040365,73.23441,0.0
2024-10-23 18:00:00,27.405426,24.830963,1010.0538,1.1360555,2.5395074,1.0,85.879425,0.4883036
2024-10-24 00:00:00,27.185638,24.529358,1008.41125,3.136959,2.8322272,0.9982247,85.438934,0.0
2024-10-24 06:00:00,29.72116,24.861237,1009.7619,3.4937162,3.4885063,0.99595404,75.2096,0.0
2024-10-24 12:00:00,28.832916,25.14743,1007.1275,1.5724001,0.6977678,0.9737534,80.531685,0.52084917
2024-10-24 18:00:00,27.133636,24.889526,1009.69,2.2910533,4.5104394,1.000001,87.56433,0.0
2024-10-25 00:00:00,26.951721,24.7854,1008.3025,3.2647994,1.5509648,0.98497975,87.95634,0.13634582
2024-10-25 06:00:00,29.78067,25.026245,1009.85815,3.1769257,2.609647,0.79539627,75.69376,0.0
2024-10-25 12:00:00,28.380707,24.890259,1007.7463,2.151434,4.5142903,0.45294756,81.41588,0.42808816
2024-10-25 18:00:00,27.56784,25.158966,1010.2544,3.188302,4.2963223,0.994045,86.74694,0.0
2024-10-26 00:00:00,27.41214,24.751862,1008.6719,4.2299137,2.1107228,1.0000005,85.44114,0.011535361
2024-10-26 06:00:00,30.194855,24.586731,1009.4881,3.091527,2.416596,0.07187915,71.999016,0.0
2024-10-26 12:00:00,30.442413,24.869293,1006.34314,1.2569742,3.0598893,0.18241626,72.19294,0.038994476
2024-10-26 18:00:00,28.139313,25.667084,1008.9794,2.4070225,4.6452756,0.2908504,86.47356,0.0009611249
2024-10-27 00:00:00,27.93283,25.30246,1007.72,3.744134,3.1564362,0.22702974,85.64528,0.0
2024-10-27 06:00:00,31.315582,24.012726,1008.6275,2.707406,0.63382435,0.13180661,65.248856,0.0
2024-10-27 12:00:00,29.788788,23.873505,1005.29877,0.41105163,3.5682917,0.20398748,70.61314,0.0599958
2024-10-27 18:00:00,28.72348,25.580841,1007.1575,0.8668642,4.6402764,0.26297277,83.15998,0.0
2024-10-28 00:00:00,28.277435,25.321136,1006.83936,2.1391563,2.361724,0.49769306,84.03614,0.2181977
2024-10-28 06:00:00,30.739655,25.02597,1007.905,1.8834362,1.8506491,0.22360969,71.642044,0.0
2024-10-28 12:00:00,30.408722,24.865326,1005.66876,-0.008580625,3.7086422,0.1989662,72.315285,0.0023841858
2024-10-28 18:00:00,29.031708,25.380737,1008.35626,1.7238169,4.6971292,0.28076756,80.72283,0.0
2024-10-29 00:00:00,28.144318,25.834991,1007.2319,2.0692434,3.0656214,0.49246097,87.31326,0.035378616
2024-10-29 06:00:00,31.131866,23.633392,1009.02435,1.2969717,1.0904188,0.20510441,64.44771,0.0
2024-10-29 12:00:00,29.803192,25.657074,1006.8706,-1.120882,2.9881892,0.36949188,78.48561,0.0
2024-10-29 18:00:00,28.851288,26.065826,1008.8244,0.2649942,3.381201,0.25991917,84.952805,0.011537224
2024-10-30 00:00:00,28.322784,25.325104,1007.6937,1.6266949,3.2599173,0.19482613,83.83447,0.18072501
2024-10-30 06:00:00,30.146149,25.189606,1009.8756,-0.3921066,2.029545,0.38073665,74.845215,0.0
2024-10-30 12:00:00,29.65207,25.18216,1007.64685,-1.1413412,1.9119573,0.2674393,76.96793,0.0
2024-10-30 18:00:00,28.602386,25.229156,1010.4531,-1.3705053,2.1939154,0.16985415,82.01381,0.0
2024-10-31 00:00:00,27.266388,24.622375,1009.085,0.5584464,1.8181782,0.26118934,85.5097,0.19781148
2024-10-31 06:00:00,28.33902,24.973053,1011.23376,-2.5088196,2.0791347,0.70977676,82.01756,0.33977562
2024-10-31 12:00:00,28.143524,24.566345,1008.4419,-2.2223015,0.58064884,0.631678,80.96541,0.0
2024-10-31 18:00:00,27.128601,24.752197,1010.955,-1.553277,2.0892324,0.67725754,86.87498,0.0
2024-11-01 00:00:00,26.054077,24.22351,1009.96185,0.9962141,0.8208113,0.996341,89.670296,0.07130946
2024-11-01 06:00:00,28.77945,24.639801,1012.4344,-0.94779015,-0.67628765,0.9840375,78.371445,0.0
2024-11-01 12:00:00,27.765137,24.777954,1009.3694,-1.6806479,-1.1645832,0.3350935,83.82575,0.0
2024-11-01 18:00:00,27.061066,24.306335,1011.7625,-2.251337,-1.1578102,0.6286031,84.92409,1.2856392
2024-11-02 00:00:00,25.79477,24.12378,1010.965,-0.018845558,-0.6036949,0.8695375,90.514595,0.0
2024-11-02 06:00:00,28.050812,25.152802,1012.55,-2.0036411,-2.0988111,0.58624893,84.30375,0.0
2024-11-02 12:00:00,28.016998,24.143738,1009.77435,-2.4733582,-1.7620783,0.52398676,79.52544,0.0
2024-11-02 18:00:00,26.529694,24.288269,1012.1875,-1.362484,-0.86588,0.43580395,87.52605,0.0
2024-11-03 00:00:00,26.893707,24.253113,1010.01935,0.014082909,-2.421297,0.5971356,85.49007,0.0
2024-11-03 06:00:00,27.87442,24.179474,1012.0175,-2.0790653,-1.9265451,0.7662128,80.3617,0.35974604
2024-11-03 12:00:00,27.641449,24.496979,1009.4331,-3.0661402,-1.8010683,0.25432527,83.0274,0.0
2024-11-03 18:00:00,26.294464,24.798553,1012.1075,-2.240018,-0.5107651,0.30930722,91.500336,0.086195305
2024-11-04 00:00:00,26.002716,24.284027,1010.1863,-0.8170605,-2.2581854,0.49937916,90.27014,0.0
2024-11-04 06:00:00,27.809723,24.356537,1010.9969,-2.5896034,-1.8896704,0.4038303,81.52658,0.082219556
2024-11-04 12:00:00,28.187286,24.30661,1008.1931,-3.2400198,-0.8968477,0.1822055,79.5131,0.0
2024-11-04 18:00:00,27.916534,23.542328,1011.27875,-2.5137415,-1.9920559,0.33396864,77.1512,0.02451542
2024-11-05 00:00:00,27.078888,23.49173,1009.9925,-0.83067226,-2.9056501,0.3031065,80.78095,0.0
2024-11-05 06:00:00,29.116669,23.300507,1011.33563,-2.0967398,-3.7005367,0.25292423,70.913734,0.047013164
2024-11-05 12:00:00,28.990143,22.9888,1009.0112,-1.7253723,-4.0581903,0.0887432,70.10123,0.0
2024-11-05 18:00:00,27.867828,23.549927,1011.2081,-1.802659,-4.4184904,0.17737652,77.40625,0.0
2024-11-06 00:00:00,26.512299,23.568787,1009.92377,1.3085544,-4.853733,0.20136261,83.90789,0.0
2024-11-06 06:00:00,29.503937,22.674896,1011.1425,0.88743806,-5.890435,0.08934784,66.76858,0.0005736947
2024-11-06 12:00:00,28.740082,24.135712,1008.59625,-1.2698641,-5.6795073,0.24195969,76.21434,0.07686019
2024-11-06 18:00:00,26.820557,25.022797,1010.2994,-1.4621773,-4.521613,0.9012549,89.90162,0.94430894
2024-11-07 00:00:00,26.24524,24.243683,1009.1825,0.2536831,-5.2477217,0.99153066,88.76999,0.060856342
2024-11-07 06:00:00,27.479034,24.991913,1010.70435,-1.1459904,-5.638673,0.99910915,86.33517,0.0
2024-11-07 12:00:00,26.682404,24.97873,1009.21313,-2.291686,-4.357541,0.99483615,90.39771,1.1869644
2024-11-07 18:00:00,26.633484,25.135498,1010.8256,-3.253356,-6.0708294,0.99584323,91.50951,0.0
2024-11-08 00:00:00,26.939178,25.070038,1008.6763,-2.60258,-5.8538885,0.97144055,89.52854,0.0
2024-11-08 06:00:00,28.22763,25.311981,1010.0644,-2.5307474,-5.5339346,0.99833363,84.23421,0.040618226
2024-11-08 12:00:00,29.08139,24.598114,1008.5875,-3.9374008,-4.5368166,0.9982249,76.82126,0.0
2024-11-08 18:00:00,28.079681,24.460205,1010.415,-2.3873472,-4.6785946,0.99616116,80.7526,0.024415553
2024-11-09 00:00:00,27.65207,23.67633,1009.67,-2.063673,-5.2967834,0.9501208,78.987206,0.104904175
2024-11-09 06:00:00,28.156525,25.220673,1010.7375,-2.9210787,-6.2347507,0.90516275,84.12534,0.0
2024-11-09 12:00:00,28.493317,24.374847,1008.675,-3.067192,-5.7050533,0.80109024,78.43033,0.0
2024-11-09 18:00:00,27.686249,24.011017,1010.90814,-2.3713484,-5.704688,0.82915497,80.432304,0.038718805
2024-11-10 00:00:00,26.621063,24.625336,1009.60126,-0.73616123,-5.4387436,0.82415265,88.830536,0.038718805
2024-11-10 06:00:00,29.040436,24.425812,1010.7612,-1.5906057,-5.6485004,0.25894773,76.21363,0.026323885
2024-11-10 12:00:00,28.970428,23.582,1008.1244,-2.47748,-5.5205765,0.13020015,72.74107,0.0
2024-11-10 18:00:00,28.08023,23.686615,1010.5112,-1.8971815,-5.6428604,0.6191678,77.08543,0.043297186
2024-11-11 00:00:00,27.292877,24.220398,1008.7975,0.21534729,-5.663748,0.7980027,83.3465,0.024894252
2024-11-11 06:00:00,29.514069,23.123749,1009.45874,-0.07925224,-6.8388405,0.31424597,68.568565,0.0
2024-11-11 12:00:00,29.009369,23.97226,1007.2025,-1.9270544,-6.8858566,0.5983614,74.30172,0.0
2024-11-11 18:00:00,28.157745,24.15207,1009.1094,-1.5791378,-6.6413803,0.6420173,78.91529,0.0034309924
2024-11-12 00:00:00,26.250732,23.526215,1007.9913,1.4772186,-5.966835,0.85302097,84.99471,0.2851322
2024-11-12 06:00:00,28.60611,24.615265,1008.85876,-0.4948702,-5.045042,0.99454314,79.047485,0.0
2024-11-12 12:00:00,27.142975,25.007843,1007.1381,-3.265912,-4.273222,1.0000005,88.13613,0.48713082
2024-11-12 18:00:00,27.52652,24.79895,1008.4288,-1.2193146,-1.495697,0.99364585,85.10999,0.0
2024-11-13 00:00:00,25.916992,24.11319,1006.79126,2.5221462,-3.402316,1.0,89.80442,0.35457686
2024-11-13 06:00:00,27.947113,24.225769,1008.8206,0.6478634,-3.2033176,1.0,80.24409,0.0
2024-11-13 12:00:00,27.591919,24.404602,1006.98,-3.5396013,-2.159649,1.0,82.80899,0.10766651
2024-11-13 18:00:00,26.324646,24.788483,1008.8206,-3.3710394,-1.7870016,0.9909542,91.28249,0.14914955
2024-11-14 00:00:00,26.257202,24.507416,1007.59436,-2.4156733,-1.721034,0.94025993,90.1198,0.51514995
2024-11-14 06:00:00,27.483856,24.580597,1010.4431,-3.2343216,-1.6071358,0.68002814,84.21662,0.0
2024-11-14 12:00:00,27.021057,24.792114,1008.6825,-3.6027822,-2.688036,0.49631548,87.63391,0.102821946
2024-11-14 18:00:00,25.905792,24.472565,1011.1763,-2.0960865,-3.3044386,0.98672384,91.82071,0.5990448
2024-11-15 00:00:00,26.06012,24.185577,1009.97437,-2.1941967,-4.477807,1.0,89.434525,0.0
2024-11-15 06:00:00,27.139923,25.360138,1010.9313,-3.1998148,-3.2478924,0.99725264,90.020485,0.31805748
2024-11-15 12:00:00,26.565063,25.133667,1008.2775,-3.7390203,-4.1584253,0.99443954,91.869125,0.54584783
2024-11-15 18:00:00,26.430511,25.032928,1010.5494,-3.3231926,-2.6190186,0.704046,92.046684,0.0
2024-11-16 00:00:00,26.334106,24.764862,1008.6394,-1.9242277,-3.0762358,0.9925847,91.10293,0.0
2024-11-16 06:00:00,27.315094,25.137482,1010.7031,-4.4819164,0.33995342,0.6806203,87.927635,0.02405852
2024-11-16 12:00:00,26.847717,24.460724,1007.9931,-2.593525,-1.4970446,0.25094163,86.79437,0.0
2024-11-16 18:00:00,26.631134,24.939972,1010.3,-2.7471046,-3.4258337,0.3816647,90.46175,0.076776125
2024-11-17 00:00:00,25.96466,24.350037,1008.4856,-2.5393429,-3.8479261,0.40338665,90.83229,0.11577457
2024-11-17 06:00:00,27.254608,25.142944,1010.2619,-4.7022953,-3.651864,0.4654997,88.26868,0.0
2024-11-17 12:00:00,27.188904,24.951233,1008.1919,-3.9120922,-3.612298,0.88686734,87.60272,0.14428739
2024-11-17 18:00:00,27.015778,24.557983,1010.56,-3.720975,-3.770629,0.65685755,86.44297,0.0
2024-11-18 00:00:00,26.672943,24.182434,1009.10376,-2.655365,-4.5683947,0.99406886,86.24141,0.0
2024-11-18 06:00:00,27.088104,24.804474,1010.8006,-4.639986,-3.8669758,0.83238006,87.35404,0.5783214
2024-11-18 12:00:00,26.48175,24.817596,1008.7444,-4.0826273,-4.5243645,0.9066031,90.5976,0.0
2024-11-18 18:00:00,27.27707,24.39383,1011.7175,-3.6962757,-3.7414618,0.9939516,84.29539,0.0
2024-11-19 00:00:00,26.494904,24.200287,1009.8644,-3.0826807,-5.9485245,1.0,87.24427,0.6441772
2024-11-19 06:00:00,27.510284,24.565887,1011.35187,-4.1057405,-7.422886,0.9990114,84.012505,0.026285648
2024-11-19 12:00:00,27.066162,24.5065,1008.395,-4.0959253,-7.880432,0.9808956,85.92247,0.0
2024-11-19 18:00:00,26.671112,24.047455,1011.4894,-5.016201,-5.629322,1.0,85.55479,0.3786981
2024-11-20 00:00:00,25.917877,24.20578,1009.58,-2.7340307,-6.63352,1.0,90.29997,4.315549
2024-11-20 06:00:00,26.043243,24.321869,1011.73126,-3.4997892,-5.159649,1.0,90.25841,0.0
2024-11-20 12:00:00,26.938812,23.755707,1009.7925,-3.7871637,-4.1037884,0.99999994,82.75387,0.0
2024-11-20 18:00:00,26.95108,23.602936,1010.0581,-4.2602043,-5.372983,0.9792833,81.93701,0.0
2024-11-21 00:00:00,26.661255,23.951263,1008.7444,-3.7909403,-6.3356037,0.99999994,85.11122,0.30424467
2024-11-21 06:00:00,27.78189,23.916412,1011.98126,-3.044239,-6.922166,0.9999999,79.53073,0.2835895
2024-11-21 12:00:00,27.473877,22.30371,1009.6994,-3.45788,-5.4792213,1.0,73.45178,0.0
2024-11-21 18:00:00,27.213776,22.048492,1011.5069,-3.8244333,-5.4362717,0.9162588,73.42958,0.0
2024-11-22 00:00:00,26.70523,22.297913,1009.45685,-0.85819626,-5.395668,0.9400051,76.81491,0.0
2024-11-22 06:00:00,27.965118,22.652374,1010.8169,-2.1728973,-7.6449184,0.9147293,72.901596,9.49949e-05
2024-11-22 12:00:00,27.869293,22.657745,1009.15625,-2.33881,-6.051449,0.6121576,73.33423,0.020409003
2024-11-22 18:00:00,26.536102,24.144867,1011.14874,-2.8765488,-5.316101,0.99999964,86.74375,0.22153556
2024-11-23 00:00:00,25.811432,23.95877,1010.5606,-1.8123236,-3.8480206,1.0,89.53365,0.013254583
2024-11-23 06:00:00,27.435516,24.33133,1012.09814,-2.0506706,-5.1050844,1.0,83.20437,0.0
2024-11-23 12:00:00,26.850067,24.039215,1009.6425,-1.6943521,-5.519191,0.81871235,84.61668,0.0
2024-11-23 18:00:00,26.1185,24.647186,1011.685,-2.1622791,-5.645026,0.9999991,91.62432,0.0
2024-11-24 00:00:00,26.15567,24.080414,1010.16626,-0.40821934,-6.057063,1.0,88.37119,0.006198883
2024-11-24 06:00:00,26.971954,24.409851,1011.71625,-1.313755,-6.854683,0.99772894,85.90081,0.14877936
2024-11-24 12:00:00,27.17392,24.052277,1009.8156,-3.1448393,-6.3730764,1.0,83.08742,0.0
2024-11-24 18:00:00,27.269562,23.149384,1010.705,-2.882248,-6.9574804,0.9962533,78.24816,0.0
2024-11-25 00:00:00,26.85379,22.867523,1008.8006,-1.0182486,-7.088109,1.0,78.825775,0.008201227
2024-11-25 06:00:00,27.901703,22.847168,1010.77313,-2.2938929,-8.123311,1.0,74.04121,0.007917173
2024-11-25 12:00:00,26.352448,23.027252,1008.885,-2.3113909,-7.805176,1.0,81.97774,1.6690717
2024-11-25 18:00:00,26.783539,23.322357,1009.34625,-1.7784758,-7.830798,1.0,81.359695,0.0
2024-11-26 00:00:00,25.430939,23.391083,1007.01373,1.1189404,-6.750099,1.0,88.50078,1.8729303
2024-11-26 06:00:00,25.478912,24.022095,1009.045,-2.360735,-5.492482,1.0,91.66577,3.1182854
2024-11-26 12:00:00,25.383453,24.115753,1006.47314,-0.13009834,-6.9233923,1.0,92.70713,1.5512853
2024-11-26 18:00:00,24.854767,23.740997,1008.15186,-2.1852665,-8.516234,1.0,93.54244,0.0
2024-11-27 00:00:00,25.082611,23.936005,1005.65436,0.023991585,-8.267086,1.0,93.36865,0.0
2024-11-27 06:00:00,25.369293,24.15387,1007.4856,-0.27568245,-10.439353,1.0,92.99772,1.3632998
2024-11-27 12:00:00,25.848297,23.058746,1004.89185,0.7621402,-9.881109,1.0,84.61965,0.0
2024-11-27 18:00:00,25.309845,22.521881,1006.8806,2.2876282,-10.259729,1.0,84.570755,0.62914807
2024-11-28 00:00:00,24.886871,20.790192,1005.0444,4.025076,-9.100836,1.0,78.01609,0.0
2024-11-28 06:00:00,24.598602,20.971283,1006.9925,4.695633,-7.9978895,1.0,80.260056,0.8393369
2024-11-28 12:00:00,25.49472,20.529694,1005.01874,3.0107498,-7.5401754,1.0,74.04539,0.0
2024-11-28 18:00:00,24.617157,20.420563,1006.02435,3.6572225,-9.021691,1.0,77.497604,0.0
2024-11-29 00:00:00,26.127838,20.84488,1004.58435,4.543194,-6.6319065,1.0,72.7166,0.0219462
2024-11-29 06:00:00,25.628815,22.220184,1006.4275,4.775628,-6.967556,1.0,81.47459,0.100806355
2024-11-29 12:00:00,27.075928,21.873566,1004.40814,5.2786484,-3.820387,1.0,73.240265,0.0
2024-11-29 18:00:00,26.214264,20.960907,1006.10126,5.451046,-4.282505,1.0,72.864075,0.0
2024-11-30 00:00:00,25.422028,21.180511,1003.60187,6.650175,-1.4934874,1.0,77.403305,0.0
2024-11-30 06:00:00,25.81192,22.616547,1004.02686,7.7744255,1.9420538,1.0,82.56008,1.9651375
2024-11-30 12:00:00,26.516571,23.293549,1000.57,7.6153994,4.6649036,1.0,82.50539,0.0
2024-11-30 18:00:00,25.676727,23.218903,1003.0519,8.827203,4.902891,1.0,86.31649,0.27787852
2024-12-01 00:00:00,25.104584,22.554108,1000.97375,7.967227,5.4339895,1.0,85.77818,6.3484893
2024-12-01 06:00:00,25.782257,23.098541,1003.6069,6.224778,5.8817673,1.0000002,85.15618,0.0
2024-12-01 12:00:00,26.356781,23.321014,1001.8769,4.001732,6.5824766,0.9999992,83.424965,0.0
2024-12-01 18:00:00,26.697784,25.347473,1003.84625,1.6496371,6.744713,0.9443128,92.32105,0.6476519
2024-12-02 00:00:00,26.653656,24.783325,1002.725,2.3409796,4.4792905,0.93651855,89.50112,0.0
2024-12-02 06:00:00,28.996307,25.181854,1005.77313,1.0500158,4.8447313,0.9415878,79.93688,0.13227344
2024-12-02 12:00:00,27.970917,25.199371,1004.65186,-0.45859146,4.058029,0.5050427,84.93259,0.0
2024-12-02 18:00:00,27.102753,24.598297,1008.14374,-0.6538124,6.356402,0.48652864,86.210266,0.0
2024-12-03 00:00:00,26.615631,24.325226,1006.96936,1.048253,5.45498,0.16465655,87.277,0.059512258
2024-12-03 06:00:00,28.55655,24.955719,1009.2481,-0.6770687,3.3202562,0.9784211,80.90353,0.15927161
2024-12-03 12:00:00,27.955902,24.845062,1007.46375,-2.744441,0.7752876,0.4711997,83.23037,0.2855727
2024-12-03 18:00:00,27.491028,24.88034,1009.9406,-3.547944,-0.5213413,0.6584878,85.7023,0.0
2024-12-04 00:00:00,26.937103,24.076477,1008.7681,-1.7420216,-0.299098,0.38364518,84.37338,0.0013336539
2024-12-04 06:00:00,28.546051,24.216766,1010.63,-1.455409,-1.1495581,0.5345736,77.45311,0.046536326
2024-12-04 12:00:00,27.629547,24.687164,1008.6219,-2.6179,-1.8151789,0.25711578,84.03558,0.0
2024-12-04 18:00:00,26.613861,24.251099,1011.15063,-2.6771593,-0.9259939,0.26789212,86.89914,0.30635214
2024-12-05 00:00:00,25.85672,24.241974,1009.40375,-1.2540512,-0.25815582,0.28930432,90.8246,0.0
2024-12-05 06:00:00,28.029205,25.054901,1011.67126,-1.5213547,-1.1825628,0.5037019,83.9191,0.0
2024-12-05 12:00:00,27.777496,24.115295,1009.03564,-2.996149,-1.7907352,0.06584895,80.507126,0.0
2024-12-05 18:00:00,27.1138,24.309387,1011.2531,-1.85606,-2.1714993,0.065293804,84.67708,0.0
2024-12-06 00:00:00,26.474762,24.258484,1010.10315,-1.0715942,-2.8774185,0.81061476,87.653336,0.083828114
2024-12-06 06:00:00,28.586578,24.313904,1011.9275,-2.6017437,-3.1058617,0.92327505,77.72235,0.0
2024-12-06 12:00:00,28.21585,24.095764,1008.7944,-3.167924,-2.6595697,0.99910945,78.38342,0.0
2024-12-06 18:00:00,27.273407,24.200104,1010.6262,-1.8500023,-2.7926693,0.9309359,83.340164,0.026606023
2024-12-07 00:00:00,26.819122,24.401398,1009.0538,-2.040679,-2.8461227,0.91396314,86.632195,0.1298897
2024-12-07 06:00:00,28.564423,24.95456,1011.255,-3.9445353,-1.753027,0.9681717,80.860954,0.0
2024-12-07 12:00:00,28.253876,22.608978,1009.1781,-3.9371586,-0.43555355,0.95108956,71.496826,0.0
2024-12-07 18:00:00,26.921051,22.769592,1010.7644,-2.269641,-1.7139893,0.94038886,78.05008,0.0
2024-12-08 00:00:00,26.667633,22.64029,1009.585,-2.3784828,-1.2721157,0.80909675,78.60353,0.0017165439
2024-12-08 06:00:00,28.80893,23.375946,1011.41565,-3.3913908,-3.0933504,0.3849743,72.51807,0.0625669
2024-12-08 12:00:00,28.040222,23.431,1009.1269,-3.734064,-2.9820051,0.07321067,76.08418,0.0
2024-12-08 18:00:00,26.75058,23.527283,1010.3681,-2.9160118,-1.4833641,0.9953625,82.5317,0.0
2024-12-09 00:00:00,26.630524,23.519531,1009.1856,-1.6242399,-2.0665178,0.9725127,83.078316,0.053597614
2024-12-09 06:00:00,28.52707,23.664703,1010.8881,-2.4641075,-4.2460356,0.6684969,75.008255,0.0
2024-12-09 12:00:00,27.842926,23.946808,1008.3269,-2.352456,-4.0666,0.9599395,79.39271,0.0
2024-12-09 18:00:00,27.052032,23.812286,1010.0825,-2.5034647,-4.3455,1.0000012,82.48562,0.009154901
2024-12-10 00:00:00,27.004364,23.566254,1008.34375,-1.4081526,-4.775256,0.9933906,81.500565,0.030137599
2024-12-10 06:00:00,28.230865,23.548004,1010.28564,-2.077322,-6.307749,0.9257409,75.77669,0.022030927
2024-12-10 12:00:00,28.092804,23.187408,1008.13873,-2.6817865,-6.101514,0.99088097,74.74389,0.0
2024-12-10 18:00:00,27.402618,23.300568,1010.1912,-1.4916506,-7.2151623,1.0,78.35292,0.110924244
2024-12-11 00:00:00,26.431122,23.611023,1008.4981,-0.64628696,-7.9310017,1.0,84.525375,1.3009518
2024-12-11 06:00:00,26.488007,23.81778,1010.3806,-3.9603653,-7.576188,1.0,85.29732,0.17082345
2024-12-11 12:00:00,25.82489,24.104462,1007.4475,-0.81418705,-8.272847,1.0,90.24843,3.7366467
2024-12-11 18:00:00,25.856354,24.439423,1008.96936,-2.0021305,-3.6837187,0.9617668,91.90748,0.0
2024-12-12 00:00:00,25.56845,24.209747,1006.8575,-5.6652613,-1.3025436,0.9995061,92.21232,0.0
2024-12-12 06:00:00,26.282562,24.977844,1009.54126,-6.970866,0.34789944,0.9759404,92.54955,0.0
2024-12-12 12:00:00,26.092194,24.532806,1007.24,-5.9157944,-2.5460844,0.9141124,91.14138,2.1510367
2024-12-12 18:00:00,25.533844,24.336945,1009.7506,-6.9916925,-3.4050455,0.9563898,93.10928,0.0
2024-12-13 00:00:00,25.48825,24.152191,1008.22565,-7.261161,-2.0975552,0.999109,92.33321,0.17322063
2024-12-13 06:00:00,26.23648,24.793396,1011.0069,-5.254364,-2.001975,0.9976257,91.78599,0.0
2024-12-13 12:00:00,26.056488,24.393463,1008.555,-4.4881477,-3.1408806,0.9888133,90.57536,0.0
2024-12-13 18:00:00,26.041107,24.133057,1011.41437,-4.0377293,-3.6286793,0.8791056,89.253494,0.8689766
2024-12-14 00:00:00,25.829193,24.197723,1009.8844,-3.7375956,-6.507368,1.0000008,90.73175,1.8407632
2024-12-14 06:00:00,27.067017,24.383392,1012.1275,-5.47233,-6.7926426,0.9293247,85.287254,0.0
2024-12-14 12:00:00,26.703888,23.131683,1010.2531,-3.728179,-6.660845,0.30697614,80.805695,0.0
2024-12-14 18:00:00,26.102692,22.397064,1012.6669,-1.9486275,-6.2373753,0.348248,80.076324,0.0
2024-12-15 00:00:00,25.99234,20.732208,1011.40875,-1.751482,-5.4206667,0.9999976,72.79527,0.0
2024-12-15 06:00:00,27.382538,21.55191,1013.40936,-2.6011677,-7.6735744,0.90642476,70.534935,0.061609782
2024-12-15 12:00:00,27.206238,20.557465,1010.7975,-2.8125706,-6.3320255,0.9991098,67.04511,0.0
2024-12-15 18:00:00,26.38089,20.7359,1012.2175,-1.6346664,-7.6942167,0.9765558,71.15894,0.0
2024-12-16 00:00:00,25.252472,21.5578,1010.35065,-0.88784504,-7.3525915,0.98658264,80.016304,0.13056025
2024-12-16 06:00:00,26.79184,21.793304,1012.2356,-0.79016876,-8.667057,0.9665218,74.10933,0.0
2024-12-16 12:00:00,26.67746,20.085602,1009.5588,-2.116969,-7.497463,0.9831607,67.17485,0.21458417
2024-12-16 18:00:00,24.665802,21.241638,1011.17,-0.5417681,-7.27672,0.9999998,81.276146,0.31527585
2024-12-17 00:00:00,24.597198,20.475128,1008.71185,1.7444489,-7.0895014,0.995535,77.851814,0.0
2024-12-17 06:00:00,26.536163,21.23227,1009.7438,2.4282045,-7.267849,0.99910927,72.69408,0.0
2024-12-17 12:00:00,26.422577,22.010803,1008.02686,2.0698664,-5.691289,0.9807354,76.751175,0.0031443296
2024-12-17 18:00:00,25.337677,21.719604,1010.355,1.5316595,-6.305091,1.0000002,80.40329,0.07448491
2024-12-18 00:00:00,24.938812,21.840057,1008.0606,1.4937462,-6.3418493,0.92639554,82.94428,0.0
2024-12-18 06:00:00,26.853302,23.137146,1009.11127,2.0481992,-5.4916773,0.9796683,80.12489,0.09897351
2024-12-18 12:00:00,26.957916,23.976837,1006.59,2.2058187,-3.4353733,0.9923776,83.76747,0.22070524
2024-12-18 18:00:00,26.132568,23.502625,1008.7556,2.5199926,-6.419633,0.93561333,85.46867,0.0
2024-12-19 00:00:00,25.441742,22.942078,1007.9231,2.5322957,-5.1073627,0.9891959,86.07586,0.21477044
2024-12-19 06:00:00,28.435455,23.20636,1009.3575,3.148674,-4.1622276,0.97136986,73.35217,0.0
2024-12-19 12:00:00,28.305878,24.358063,1005.7587,-1.1586857,-1.7295885,0.9902833,79.20999,0.0
2024-12-19 18:00:00,26.959503,25.014557,1008.8656,1.0907195,0.6734543,0.96548307,89.126465,9.49949e-05
2024-12-20 00:00:00,26.18863,24.646454,1007.5544,2.0262277,1.3726428,0.8084052,91.24128,0.009058043
2024-12-20 06:00:00,29.128082,25.19046,1009.4956,0.45609063,1.7004604,0.11980734,79.37042,0.00076182187
2024-12-20 12:00:00,27.425323,25.19986,1006.6194,0.59268856,2.602477,0.48076725,87.68677,0.1590821
2024-12-20 18:00:00,26.598022,24.919312,1009.7456,1.3381139,0.4233647,0.9946656,90.52673,0.0
2024-12-21 00:00:00,26.244202,23.444885,1007.3831,1.4662364,-0.7627487,0.9164099,84.61153,0.009916723
2024-12-21 06:00:00,28.85196,24.560028,1009.77563,-0.4920779,-1.6354752,0.24678814,77.671364,0.0049583614
2024-12-21 12:00:00,27.824127,24.643768,1007.8837,-2.559389,-0.38990784,0.20705909,82.870384,0.07277796
2024-12-21 18:00:00,26.82782,24.488373,1010.97565,-1.3676376,-2.4588852,0.6844686,87.03993,0.0
2024-12-22 00:00:00,26.024933,24.028961,1009.4944,1.5215253,-3.1334324,0.9823989,88.78239,0.0
2024-12-22 06:00:00,27.832245,23.630035,1011.37,-0.50089455,-5.235034,0.9880208,77.942505,0.0
2024-12-22 12:00:00,27.40915,23.815735,1008.6431,-2.239976,-3.6877337,0.15894711,80.792946,0.0
2024-12-22 18:00:00,26.497284,23.605927,1010.8131,-1.8413315,-4.0592537,0.357647,84.17035,0.0
2024-12-23 00:00:00,25.539612,23.089417,1009.59186,0.43381017,-4.320114,0.98895925,86.34331,0.0
2024-12-23 06:00:00,27.223297,21.909943,1011.76685,1.5549328,-3.6208954,0.7200608,72.77107,0.0
2024-12-23 12:00:00,27.353912,22.46341,1008.2125,-1.6954374,-2.7316465,0.77606803,74.69139,0.0
2024-12-23 18:00:00,25.871613,23.192047,1010.02374,0.3614645,-3.4863424,0.025762718,85.186676,0.0
2024-12-24 00:00:00,25.035492,21.039825,1008.8144,1.77671,-4.0273924,0.090966575,78.52361,0.0
2024-12-24 06:00:00,27.705841,21.045563,1010.83685,2.5965955,-3.4239244,0.3690083,67.09784,0.0
2024-12-24 12:00:00,28.37851,22.814484,1008.1175,-0.6959807,-2.6376143,0.03358859,71.87058,0.0
2024-12-24 18:00:00,26.62564,22.972687,1010.78186,0.29552364,-3.782342,0.006245314,80.40177,0.0
2024-12-25 00:00:00,24.81131,22.156342,1009.7525,1.1444483,-2.6066408,0.35878536,85.20544,0.0
2024-12-25 06:00:00,27.53238,22.224152,1012.045,1.5956829,-1.9489241,0.30859065,72.84716,0.0015255064
2024-12-25 12:00:00,27.805695,23.272064,1009.46875,-1.4961042,-0.6045828,0.052463546,76.39595,0.0
2024-12-25 18:00:00,26.360992,23.849823,1012.14374,-0.5069647,-0.5848236,0.9518064,86.10463,0.031753674
2024-12-26 00:00:00,26.30542,23.75241,1011.2994,2.0010326,-1.307539,0.99390197,85.88279,0.099280626
2024-12-26 06:00:00,26.951141,23.25235,1013.82623,1.5869281,-1.447753,0.9195936,80.22195,0.0
2024-12-26 12:00:00,27.315674,24.12259,1010.89124,-2.1275635,-1.9484806,0.31056362,82.74821,0.0
2024-12-26 18:00:00,26.421478,24.317505,1013.5606,-3.6503582,0.055250168,0.11941451,88.24085,0.0
2024-12-27 00:00:00,25.83487,23.487305,1012.3756,-3.5801945,-0.26651573,0.9697402,86.90765,0.39527565
2024-12-27 06:00:00,26.35086,24.139496,1014.8781,-3.4717064,-3.723446,0.75012684,87.66849,0.26502782
2024-12-27 12:00:00,27.27182,23.608856,1012.66565,-5.2601976,-3.9206696,0.70670414,80.43762,0.0
2024-12-27 18:00:00,26.544464,22.99823,1014.59625,-3.6579285,-3.5499954,0.57838154,80.912285,0.0
2024-12-28 00:00:00,25.923004,22.3432,1012.8762,-2.3534946,-2.551031,0.4629526,80.66767,0.015446916
2024-12-28 06:00:00,28.062164,22.817688,1014.7625,-3.838276,-2.5048132,0.82935834,73.22065,0.0
2024-12-28 12:00:00,27.200714,23.288116,1011.725,-3.4713097,-3.6408281,0.93472266,79.22604,0.011347743
2024-12-28 18:00:00,26.391144,23.146545,1014.0025,-2.5553255,-4.374406,0.8249496,82.383,0.053691804
2024-12-29 00:00:00,26.061005,22.889008,1012.59937,-0.76876926,-5.5882206,0.40909666,82.7066,0.0
2024-12-29 06:00:00,27.098907,23.207184,1013.92126,-2.6994476,-7.0106487,0.80421394,79.31203,0.08134988
2024-12-29 12:00:00,26.346832,23.718018,1011.145,-3.195322,-6.67303,0.9991086,85.49593,0.0
2024-12-29 18:00:00,25.56009,23.991425,1013.3175,-3.0221472,-5.627576,0.6597216,91.05698,0.676246
2024-12-30 00:00:00,25.13504,23.993134,1011.65436,-2.6148386,-4.469406,0.80587053,93.39753,0.0
2024-12-30 06:00:00,26.297821,24.235107,1014.1044,-3.8720417,-5.7018366,0.99833363,88.44927,1.0535396
2024-12-30 12:00:00,26.469238,24.31723,1011.34436,-4.941122,-5.316616,0.87093705,87.99116,0.0
2024-12-30 18:00:00,25.934204,24.216919,1013.9394,-4.334688,-5.87685,0.92249906,90.273026,0.12397294
2024-12-31 00:00:00,24.858398,23.728241,1012.365,-4.4736633,-5.5002327,0.95511436,93.450386,0.3225475
2024-12-31 06:00:00,26.785797,24.436188,1014.4369,-3.8989954,-6.2267838,0.9991058,86.98323,0.0
2024-12-31 12:00:00,26.90451,23.758514,1011.34125,-4.073613,-6.9608374,0.9818707,82.9349,0.0
2024-12-31 18:00:00,26.458221,23.39737,1013.4581,-3.3125496,-6.791525,0.9648395,83.31023,0.0
2025-01-01 00:00:00,26.045319,22.409882,1011.22565,-2.9334497,-7.1610527,0.70932966,80.41115,0.0
2025-01-01 06:00:00,27.461884,21.92694,1013.7619,-4.6314354,-6.717969,0.66968274,71.83531,0.0
2025-01-01 12:00:00,27.121918,21.686432,1010.7575,-4.5073595,-4.586549,0.99654496,72.21268,0.000381493
2025-01-01 18:00:00,26.076202,21.278229,1012.71185,-3.788083,-4.957302,0.985691,74.906204,0.00019057188
2025-01-02 00:00:00,26.116241,20.433685,1011.10876,-3.4329405,-4.7578773,0.9308976,70.946175,0.0
2025-01-02 06:00:00,27.955841,20.136444,1013.59937,-4.6297007,-4.450474,0.92678046,62.52236,0.0018104911
2025-01-02 12:00:00,26.74173,20.507843,1011.46063,-3.3355837,-4.389365,0.8828239,68.68959,0.0
2025-01-02 18:00:00,25.723785,19.622345,1013.3812,-2.7079487,-4.8660154,0.9381125,69.05762,0.0
2025-01-03 00:00:00,25.650543,19.640228,1011.8862,-1.7907124,-5.1477213,0.99644333,69.435326,0.00057183206
2025-01-03 06:00:00,26.91269,21.1904,1014.315,-3.914238,-6.4814367,0.84274495,70.918274,0.034812838
2025-01-03 12:00:00,26.485626,20.167389,1010.96185,-4.0873327,-5.679633,0.6114658,68.28303,0.0
2025-01-03 18:00:00,25.731842,19.084808,1012.71814,-2.9964972,-3.9017591,0.99022466,66.75438,0.0
2025-01-04 00:00:00,25.488556,19.31253,1011.3644,-2.191474,-3.387744,0.6546659,68.69279,0.0014300458
2025-01-04 06:00:00,26.939362,20.84909,1013.28564,-3.0776148,-3.9654074,0.7670103,69.33798,0.050166592
2025-01-04 12:00:00,26.352448,20.185577,1010.3156,-3.5285692,-4.150202,0.36067504,68.89909,0.0
2025-01-04 18:00:00,25.152008,18.650848,1012.9419,-2.1511106,-3.0731735,0.44101357,67.24736,0.0003815003
2025-01-05 00:00:00,24.756134,18.704803,1011.98627,-1.545701,-3.34931,0.8749041,69.08675,0.0
2025-01-05 06:00:00,27.014618,18.940338,1013.7225,-3.1589975,-4.062166,0.9896395,61.33212,0.003050547
2025-01-05 12:00:00,26.480652,19.462189,1010.08624,-2.4289017,-4.155032,0.9915587,65.381134,0.0
2025-01-05 18:00:00,25.485016,18.504364,1013.1331,-3.2157946,-3.081499,0.911761,65.3268,0.0
2025-01-06 00:00:00,24.585968,18.720306,1010.60565,-0.7007208,-2.419467,0.79479665,69.860664,0.0
2025-01-06 06:00:00,26.472382,20.799713,1013.1269,0.8354759,-4.371497,0.92169625,71.05444,0.0027655624
2025-01-06 12:00:00,26.29538,21.877106,1010.355,-2.7243824,-3.947361,0.9990094,76.70137,0.0
2025-01-06 18:00:00,26.004791,22.44522,1012.285,-3.5564404,-2.45743,0.99910855,80.777534,0.045014545
2025-01-07 00:00:00,25.246918,22.917389,1010.5037,-3.4064798,-3.122077,0.75341314,86.94885,0.14742962
2025-01-07 06:00:00,26.018341,23.040741,1012.90436,-2.273962,-4.8763285,0.6766565,83.680725,0.06552982
2025-01-07 12:00:00,26.10611,22.343262,1010.245,-3.0527382,-5.028635,0.2541166,79.798645,0.0
2025-01-07 18:00:00,25.766388,22.089996,1011.4825,-3.8671417,-3.128539,0.05123578,80.174194,0.0
2025-01-08 00:00:00,25.16983,21.571259,1009.95374,-1.3533907,-4.2183695,0.20662008,80.47713,0.0
2025-01-08 06:00:00,26.367218,21.46695,1013.09625,-0.9301462,-5.340884,0.31805378,74.48558,0.004482921
2025-01-08 12:00:00,25.914825,20.266022,1010.41376,-2.6067724,-5.29655,0.0079956055,71.05735,0.0
2025-01-08 18:00:00,25.36026,20.142548,1012.205,-3.3880997,-4.85114,0.121593475,72.87622,0.0
2025-01-09 00:00:00,25.238312,20.222809,1011.1337,-2.6629496,-3.8055162,0.80902207,73.771996,0.0018120045
2025-01-09 06:00:00,26.79483,21.564362,1013.1362,-3.2282362,-4.8891735,0.85349715,73.066536,0.013066805
2025-01-09 12:00:00,26.510864,20.815521,1011.165,-2.970152,-5.181261,0.5558396,70.96237,0.0
2025-01-09 18:00:00,26.161469,20.79181,1014.5444,-2.080163,-4.423423,0.7083398,72.33561,0.0
2025-01-10 00:00:00,25.28543,21.766327,1012.53314,-1.242713,-5.4759884,0.42552084,80.8841,0.0
2025-01-10 06:00:00,27.097748,22.96811,1014.4256,-4.2599688,-5.7752075,0.9769889,78.17877,0.14849225
2025-01-10 12:00:00,26.391846,22.844208,1012.23,-3.7934437,-5.2460775,0.999109,80.885826,0.0
2025-01-10 18:00:00,25.973297,22.52658,1014.5481,-2.6458664,-4.7256947,0.7864067,81.32928,0.0
2025-01-11 00:00:00,25.61087,22.63092,1012.2475,-3.1810818,-5.4351244,0.9268192,83.62333,0.008486211
2025-01-11 06:00:00,26.790497,22.723572,1014.91376,-5.402706,-6.257427,0.73014706,78.432434,0.008585401
2025-01-11 12:00:00,26.401703,21.179901,1012.22437,-3.1568403,-5.9520063,0.98596185,73.03779,0.0
2025-01-11 18:00:00,25.341888,21.121185,1014.42377,-3.5262442,-6.4691124,0.9361735,77.4903,0.48704073
2025-01-12 00:00:00,24.689728,21.67392,1011.7506,-0.47138596,-6.1555853,0.93392473,83.33685,0.0
2025-01-12 06:00:00,25.791718,21.411224,1014.1912,0.24731827,-7.218626,0.9458696,76.802025,0.0
2025-01-12 12:00:00,26.180206,23.54715,1011.3175,-3.2061796,-4.5872145,0.9865875,85.457405,0.14790893
2025-01-12 18:00:00,24.945343,23.62082,1013.03125,-1.8269196,-4.221732,0.94555694,92.36743,0.16928187
2025-01-13 00:00:00,24.764496,23.52655,1010.57935,-0.731266,-4.45712,0.93338734,92.84098,0.0
2025-01-13 06:00:00,26.613434,23.996796,1012.08435,-3.9690046,-4.8396463,0.67858315,85.58512,0.0
2025-01-13 12:00:00,27.03238,23.139679,1010.0031,-4.1942205,-3.151536,0.7414087,79.29823,0.0
2025-01-13 18:00:00,26.105011,23.24878,1012.20435,-3.80836,-3.1701136,0.93663526,84.30654,0.064179815
2025-01-14 00:00:00,25.706024,23.249084,1011.15436,-3.6242037,-4.099143,0.72431153,86.32389,0.084212534
2025-01-14 06:00:00,27.373688,23.131012,1013.8256,-4.96229,-5.4780188,0.988248,77.685814,0.0
2025-01-14 12:00:00,26.515808,23.162994,1011.5719,-4.1792297,-5.763793,1.0000006,81.860825,0.0
2025-01-14 18:00:00,26.497162,22.869019,1013.95,-3.7252321,-4.13058,0.9888196,80.505875,0.0
2025-01-15 00:00:00,25.58731,22.955841,1011.9169,-3.0544968,-5.725005,0.7938523,85.40599,0.10308996
2025-01-15 06:00:00,26.336334,24.138824,1014.46375,-4.1552305,-5.822261,0.8752058,87.740166,0.13227579
2025-01-15 12:00:00,26.52481,22.854614,1012.0125,-5.127883,-5.056178,0.83604103,80.30465,0.0
2025-01-15 18:00:00,25.764557,22.601654,1013.9269,-4.588008,-4.891424,0.98444396,82.717384,0.12588128
2025-01-16 00:00:00,25.72165,22.080414,1011.67,-6.5440187,-4.900465,0.7608207,80.34023,0.0
2025-01-16 06:00:00,27.059845,21.521881,1014.3694,-5.716236,-4.7041245,0.9627256,71.75053,0.006293609
2025-01-16 12:00:00,26.58554,21.886261,1011.65125,-4.363123,-5.313183,0.3213346,75.44191,0.0
2025-01-16 18:00:00,25.756866,21.46109,1014.5875,-3.6648016,-4.857727,0.1435296,77.19622,0.0
2025-01-17 00:00:00,25.48648,21.102142,1011.3306,-3.1351185,-5.615409,0.62089413,76.737434,0.0430122
2025-01-17 06:00:00,26.78659,21.36618,1013.0556,-5.0636797,-5.994501,0.38720185,72.22031,0.0
2025-01-17 12:00:00,26.393951,20.90509,1010.3019,-3.7648363,-6.0039616,0.67561233,71.84816,0.0008576389
2025-01-17 18:00:00,25.889923,20.752869,1012.26685,-4.071662,-6.3923388,0.98672545,73.33124,0.008964911
2025-01-18 00:00:00,25.756927,20.98758,1009.9381,-1.8137131,-6.77915,0.99733305,74.98611,0.0
2025-01-18 06:00:00,25.93216,22.332794,1012.0737,-0.7506857,-7.7763414,1.0000008,80.57292,0.07933983
2025-01-18 12:00:00,24.978668,23.275787,1009.5012,-3.6303263,-5.772455,1.0,90.28535,5.0569086
2025-01-18 18:00:00,24.988922,23.656342,1011.2369,-3.0978842,-5.013976,0.9991092,92.325035,0.0
2025-01-19 00:00:00,24.693268,23.44992,1010.14124,-2.4698734,-4.6893206,0.9981204,92.80704,0.0
2025-01-19 06:00:00,25.67221,23.966034,1012.71313,-4.2428627,-3.9554777,1.0,90.31521,1.4942598
2025-01-19 12:00:00,25.738556,24.156006,1010.3869,-2.8279696,-4.4544544,0.99999994,90.99251,0.0
2025-01-19 18:00:00,25.180542,23.838928,1012.2481,-2.334464,-5.4938765,0.99882793,92.285416,0.0
2025-01-20 00:00:00,24.932526,23.313751,1010.1987,-1.5974684,-5.475157,0.9576331,90.74196,0.0
2025-01-20 06:00:00,26.736176,23.006622,1012.10187,-1.8475151,-6.694687,0.9894164,80.04444,0.0
2025-01-20 12:00:00,26.022736,21.836945,1008.9913,-3.3693514,-7.0368643,0.87721187,77.756645,0.0
2025-01-20 18:00:00,25.43509,21.454956,1011.28937,-2.767764,-5.847822,0.755607,78.65533,0.0
2025-01-21 00:00:00,24.970978,20.68399,1009.62,-2.5579567,-4.7738647,0.63543236,77.11977,0.0009536743
2025-01-21 06:00:00,26.558624,21.640533,1011.9888,-2.8805542,-5.1489773,0.50166214,74.435875,0.011539552
2025-01-21 12:00:00,26.248383,21.175873,1008.655,-2.238925,-5.915169,0.36019057,73.683685,0.0
2025-01-21 18:00:00,25.729034,21.273346,1010.9975,-3.141429,-4.5531244,0.93375784,76.439354,0.0
2025-01-22 00:00:00,25.999176,21.609467,1009.2319,-1.216095,-4.5109987,0.9143899,76.790245,0.004576519
2025-01-22 06:00:00,26.81253,23.03012,1011.5669,-2.9836893,-5.1728754,0.8266035,79.79901,0.023558736
2025-01-22 12:00:00,26.681976,22.581451,1009.2675,-3.2453184,-4.742916,0.9103166,78.257164,0.0
2025-01-22 18:00:00,26.016937,22.284271,1011.895,-3.6934757,-4.353984,0.9572141,79.93328,0.0
2025-01-23 00:00:00,25.419708,22.268555,1009.5131,-3.7730227,-2.791791,0.9635805,82.735954,0.0104904175
2025-01-23 06:00:00,27.072296,22.564667,1012.0731,-3.3455763,-4.013999,0.8758169,76.40377,0.086307526
2025-01-23 12:00:00,26.360443,21.764069,1009.2031,-4.34778,-4.322015,0.87472624,75.88175,0.0
2025-01-23 18:00:00,25.862335,20.857117,1010.98126,-3.3888206,-2.6412468,0.25793225,73.92387,0.0
2025-01-24 00:00:00,25.341156,20.936127,1008.47687,-3.1650133,-2.9312258,0.7014763,76.61774,0.0
2025-01-24 06:00:00,27.486725,20.477692,1012.155,-3.9295368,-2.9263115,0.61110306,65.62865,0.0022873282
2025-01-24 12:00:00,26.836945,21.157562,1009.6994,-3.0215378,-3.7526531,0.11812502,71.09143,0.0
2025-01-24 18:00:00,25.969269,20.767853,1011.455,-3.0801163,-3.5094051,0.7069611,73.05487,0.0
2025-01-25 00:00:00,25.613312,20.94281,1010.0731,-4.9161444,-3.566988,0.7236064,75.41987,0.0
2025-01-25 06:00:00,27.022919,21.450165,1012.1106,-3.828578,-5.43575,0.87959063,71.59129,0.020599924
2025-01-25 12:00:00,26.395172,20.700043,1009.5119,-2.9622755,-4.5142393,1.0000014,70.942184,0.0
2025-01-25 18:00:00,25.668854,20.607239,1012.0131,-3.3030233,-3.6679497,0.9995057,73.63507,0.0
2025-01-26 00:00:00,24.990509,20.557251,1010.28625,-2.9785624,-3.777728,0.24335015,76.43078,0.0
2025-01-26 06:00:00,27.074677,20.641388,1012.41187,-4.3014297,-4.8345737,0.9767022,67.91509,0.0
2025-01-26 12:00:00,26.24881,20.391266,1009.33813,-3.3058805,-4.3693705,0.9062873,70.20845,0.0
2025-01-26 18:00:00,25.409576,20.22052,1010.97876,-3.6841793,-4.267022,0.9297658,73.01401,0.0
2025-01-27 00:00:00,25.158722,20.055664,1009.3206,-1.4082527,-3.3000736,0.5715161,73.36013,0.0003814348
2025-01-27 06:00:00,27.008698,21.527618,1012.4437,-2.510746,-4.5710564,0.47192532,71.991646,0.013065932
2025-01-27 12:00:00,26.477753,20.864594,1008.64874,-3.389779,-3.3758144,0.04867538,71.316025,0.0
2025-01-27 18:00:00,25.428375,19.489594,1011.17065,-2.549901,-2.839613,0.122871935,69.70222,0.0
2025-01-28 00:00:00,24.788116,19.786407,1008.77686,-2.6953459,-2.9364328,0.6312639,73.75888,0.0
2025-01-28 06:00:00,27.163422,19.040375,1012.72876,-2.825163,-2.2281628,0.95108014,61.179333,0.0
2025-01-28 12:00:00,26.267181,19.540619,1009.82623,-2.6038647,-3.56005,0.9889589,66.533516,0.0
2025-01-28 18:00:00,24.986969,19.44867,1013.1825,-3.497571,-2.5413275,0.91584945,71.37625,0.0
2025-01-29 00:00:00,25.150421,20.23059,1010.83624,-1.4604311,-3.8212404,0.9727659,74.1947,0.0
2025-01-29 06:00:00,27.202606,21.397125,1012.97626,-4.079445,-5.1792393,0.9935552,70.61049,9.534415e-05
2025-01-29 12:00:00,26.587555,21.438263,1009.8231,-3.4115486,-4.566353,0.63434994,73.39502,9.534415e-05
2025-01-29 18:00:00,26.108734,22.289154,1011.705,-1.9088774,-4.8660736,0.9739738,79.524055,0.0028603245
2025-01-30 00:00:00,25.172699,22.043915,1010.58875,-0.5637455,-5.211566,0.9288976,82.81974,0.044438988
2025-01-30 06:00:00,26.212372,22.379333,1012.7225,-0.96895504,-4.5765324,0.9990112,79.47315,0.11844188
2025-01-30 12:00:00,26.421051,23.742493,1008.6794,-3.1159487,-3.4493742,0.9148355,85.2478,0.0
2025-01-30 18:00:00,26.221344,24.043823,1010.79376,-2.7567787,-2.4823313,0.46984285,87.83571,0.0
2025-01-31 00:00:00,26.005066,23.74765,1009.1306,-2.933073,-2.8153734,0.3165444,87.396164,0.0
2025-01-31 06:00:00,27.74881,24.49466,1012.1794,-4.422986,-2.842966,0.5302578,82.49663,0.08840455
2025-01-31 12:00:00,27.295807,24.45111,1008.5031,-4.5343895,-2.510563,0.32957602,84.49216,0.0
2025-01-31 18:00:00,26.381042,23.939758,1010.92,-3.2407303,-1.5429287,0.19183302,86.469055,0.1418092
2025-02-01 00:00:00,25.826447,23.298523,1009.32,-2.6137476,-1.5649614,0.81773597,85.96615,0.0
2025-02-01 06:00:00,27.65689,23.995392,1012.5094,-2.1192398,-1.4032545,0.98200023,80.49485,0.012688983
2025-02-01 12:00:00,27.440216,24.019379,1009.48,-4.1041784,-2.2418137,0.8863062,81.63927,0.0
2025-02-01 18:00:00,26.328613,24.055603,1012.3306,-3.586853,-0.24418682,0.6656544,87.34274,0.0
2025-02-02 00:00:00,25.661499,23.720062,1010.72186,-3.003501,-0.12997246,0.6190344,89.045586,0.01182587
2025-02-02 06:00:00,27.83255,23.543915,1012.5181,-2.4300385,-2.6942606,0.5766098,77.5377,0.0
2025-02-02 12:00:00,27.112823,23.016083,1009.1394,-4.4319725,-2.2140312,0.0349351,78.336754,0.0
2025-02-02 18:00:00,25.827179,22.53299,1011.635,-3.8659706,-2.3298082,0.9787537,82.06807,0.0
2025-02-03 00:00:00,24.629852,21.96341,1010.6075,-1.7494545,-1.0575047,0.29018778,85.12724,0.0
2025-02-03 06:00:00,27.325226,22.187134,1013.26624,-1.5667858,-1.4688587,0.29438746,73.57018,0.003242516
2025-02-03 12:00:00,26.363068,21.480743,1010.6025,-3.4234314,-1.6220675,0.08041382,74.56677,0.0
2025-02-03 18:00:00,24.719818,20.95935,1012.7388,-2.7237787,-2.0174541,0.48086524,79.62223,0.0
2025-02-04 00:00:00,24.319,21.33786,1011.5131,-1.4432936,-2.3709202,0.86326313,83.47165,0.0
2025-02-04 06:00:00,27.383698,21.762726,1013.6131,-1.8096418,-1.7212553,0.9033913,71.44507,0.0
2025-02-04 12:00:00,26.948273,21.76065,1009.8275,-2.5713882,-1.4283056,0.07879639,73.28446,0.0
2025-02-04 18:00:00,25.191193,22.002289,1011.925,-2.6041813,-0.9060993,0.25389862,82.51891,0.0
2025-02-05 00:00:00,25.003326,22.04837,1010.5875,-1.3986015,-2.2560625,0.16657393,83.68251,0.0003813766
2025-02-05 06:00:00,27.792023,21.767975,1012.8819,-1.5641356,-3.3479624,0.057670593,69.78141,0.0046738423
2025-02-05 12:00:00,27.174713,21.935883,1009.0769,-3.6576967,-2.4471893,0.1031189,73.09434,0.0
2025-02-05 18:00:00,25.794952,22.276276,1011.22,-3.0694246,-2.129695,0.11772919,80.95166,0.0
2025-02-06 00:00:00,25.300934,22.259796,1009.8794,-2.964756,-2.122428,0.39510322,83.27793,0.004196074
2025-02-06 06:00:00,27.969147,21.941132,1012.40686,-3.97688,-1.8137922,0.41120166,69.79769,0.0
2025-02-06 12:00:00,27.132599,22.167755,1009.33875,-3.1426306,-2.6287441,0.7826461,74.31819,0.0
2025-02-06 18:00:00,25.355194,21.476654,1011.5519,-2.4793844,-2.2776213,0.05404091,79.134834,0.0
2025-02-07 00:00:00,24.891754,21.22171,1011.2225,-2.0880928,-2.9069853,0.30770537,80.088806,0.0
2025-02-07 06:00:00,27.674225,21.083893,1014.52936,-3.0049868,-2.7526379,0.4147944,67.38037,0.0
2025-02-07 12:00:00,26.855377,21.587555,1010.76874,-3.6595583,-2.616806,0.7210393,72.910164,0.0
2025-02-07 18:00:00,25.37442,22.080353,1012.7994,-2.764616,-2.6653547,0.19170015,82.01359,0.0
2025-02-08 00:00:00,25.488434,21.859589,1011.16437,-2.3813314,-2.1686277,0.5479524,80.37023,0.0
2025-02-08 06:00:00,27.862213,21.812775,1013.975,-3.3939018,-2.6490164,0.98306435,69.68644,0.0
2025-02-08 12:00:00,27.232086,21.940094,1010.3056,-3.3082294,-3.0563364,0.05290342,72.86749,0.0
2025-02-08 18:00:00,25.931183,21.892853,1012.8244,-3.0819435,-2.7730265,0.06384277,78.44641,0.0
2025-02-09 00:00:00,25.788116,21.826813,1010.71875,-1.9362898,-3.5444632,0.21932817,78.79582,0.0
2025-02-09 06:00:00,28.261505,21.852997,1013.1975,-4.1630936,-2.9631472,0.19706237,68.25084,0.0
2025-02-09 12:00:00,27.420563,22.283173,1009.58185,-3.8848562,-3.9065914,0.1262859,73.58939,0.0
2025-02-09 18:00:00,26.24112,22.123596,1012.73,-3.2231836,-3.5721817,0.2752304,78.112915,0.0018120045
2025-02-10 00:00:00,25.52237,22.057648,1011.78314,-3.6319914,-2.4084892,0.42336595,81.1833,0.0
2025-02-10 06:00:00,27.559357,21.0,1014.4319,-3.7740498,-3.0558186,0.4960357,67.485825,0.0027650967
2025-02-10 12:00:00,27.14737,20.890594,1010.4525,-2.9423628,-4.8465242,0.0038642883,68.67125,0.0
2025-02-10 18:00:00,25.769196,20.937347,1014.04626,-4.165159,-2.7843714,0.02536583,74.70061,0.0
2025-02-11 00:00:00,25.48294,20.741669,1012.2925,-2.2668257,-2.3893194,0.36868054,75.0713,0.0
2025-02-11 06:00:00,28.234894,21.244781,1014.6813,-1.9894972,-0.6648264,0.90377164,65.85946,0.0
2025-02-11 12:00:00,27.469513,22.170319,1010.6719,-4.522214,-1.2756786,0.8940753,72.8764,0.0
2025-02-11 18:00:00,26.253143,22.39215,1013.0975,-4.230649,-1.3718452,0.90578383,79.34375,0.0
2025-02-12 00:00:00,25.389313,22.254608,1011.6319,-1.8707399,-1.2375278,0.9011159,82.81524,0.0
2025-02-12 06:00:00,27.96756,22.224213,1014.72815,-2.1166115,-2.5228167,0.568922,71.01883,0.0
2025-02-12 12:00:00,27.450958,22.26181,1010.7706,-4.22604,-1.9168205,0.35199857,73.363106,0.0
2025-02-12 18:00:00,25.293488,21.693115,1013.02124,-3.1132488,-1.0721378,0.0019836426,80.4845,0.0
2025-02-13 00:00:00,23.961578,20.535126,1011.52313,-1.9097528,-1.3575449,0.1813913,81.17514,0.0
2025-02-13 06:00:00,27.045685,21.011871,1014.2975,-1.8522081,-0.71291065,0.2493391,69.599236,0.0
2025-02-13 12:00:00,26.795197,20.631744,1010.64624,-3.4081783,-0.85958767,0.02207756,68.9988,0.0
2025-02-13 18:00:00,24.334747,20.355652,1012.94,-2.9936686,-0.7191601,0.009422302,78.50357,0.0
2025-02-14 00:00:00,24.055084,20.349335,1011.3569,-1.9965115,-0.3277197,0.2039793,79.800415,0.0
2025-02-14 06:00:00,27.070953,21.014435,1014.04126,-1.2817545,1.4088354,0.18763395,69.50701,0.0
2025-02-14 12:00:00,27.033966,20.873077,1010.1175,-2.8643074,0.50307274,0.0,69.05549,0.0
2025-02-14 18:00:00,24.75882,20.57138,1012.15125,-3.021552,0.709137,0.0,77.56242,0.0
2025-02-15 00:00:00,24.29483,20.619232,1010.4494,-2.2701015,0.31133503,0.15622608,79.98142,0.0
2025-02-15 06:00:00,27.266876,21.055328,1012.79126,-0.78266907,-0.53150177,0.25138855,68.88544,0.0
2025-02-15 12:00:00,26.905792,20.809845,1008.9525,-3.88828,-0.8539419,0.0,69.30739,0.0
2025-02-15 18:00:00,25.148712,21.431488,1011.595,-4.0204983,0.48775774,0.0051641464,79.891975,0.0
2025-02-16 00:00:00,24.268707,20.936798,1010.58936,-1.9062719,-0.64646244,0.44883874,81.687836,0.0
2025-02-16 06:00:00,27.580597,21.326569,1012.8569,-2.163578,-1.7027006,0.23657227,68.76641,0.0
2025-02-16 12:00:00,27.222687,21.352203,1010.33374,-4.4272814,-1.6825857,0.01007843,70.333534,0.0
2025-02-16 18:00:00,25.670746,21.687775,1013.2925,-4.700432,-1.5213442,0.1713562,78.675026,0.0
2025-02-17 00:00:00,25.484222,21.614319,1012.4256,-3.4099646,-0.4600439,0.4946007,79.19458,0.0
2025-02-17 06:00:00,27.43216,21.38742,1014.8475,-2.352683,-1.0104656,0.4490009,69.62553,0.0
2025-02-17 12:00:00,27.174225,21.092682,1011.4406,-3.838149,-2.0810966,0.0,69.419815,0.0
2025-02-17 18:00:00,25.489838,20.91333,1013.5275,-3.812973,-1.1147089,0.17144775,75.83728,0.0
2025-02-18 00:00:00,25.409576,21.194427,1011.8644,-2.9081726,-0.28821373,0.17703855,77.526764,0.0
2025-02-18 06:00:00,27.92691,20.580994,1015.03876,-2.691105,0.41547072,0.12218797,64.37076,0.0
2025-02-18 12:00:00,27.56717,20.966644,1011.4313,-3.5713072,-0.83355045,0.0064468384,67.316864,0.0
2025-02-18 18:00:00,25.492096,20.90982,1013.0275,-2.78018,-0.5572939,0.011199951,75.81073,0.0
2025-02-19 00:00:00,24.809723,20.857788,1010.46625,-2.7005825,-0.9397116,0.16509807,78.70283,0.0
2025-02-19 06:00:00,28.11441,21.147491,1012.5425,-3.1717405,0.47993684,0.21670967,65.9285,0.0
2025-02-19 12:00:00,27.392975,21.313751,1009.27435,-3.397338,0.57018614,0.0,69.47116,0.0
2025-02-19 18:00:00,25.594818,21.295471,1011.5975,-3.2013292,-0.26532745,0.0,77.15505,0.0
2025-02-20 00:00:00,25.501617,21.611237,1010.8619,-2.6036224,-0.6251621,0.23477113,79.09788,0.0
2025-02-20 06:00:00,28.270782,21.490387,1013.32,-3.0767107,-0.4119029,0.25109148,66.71855,0.0
2025-02-20 12:00:00,27.689362,21.491058,1010.6756,-4.0445786,-0.89389133,0.120162964,69.02244,0.0
2025-02-20 18:00:00,25.960236,21.461212,1013.3162,-3.1860476,-0.31479347,0.126091,76.27232,0.0
2025-02-21 00:00:00,25.732697,21.319336,1012.16187,-2.4208994,-0.89795876,0.37236324,76.638535,0.0
2025-02-21 06:00:00,28.346222,21.131653,1014.515,-2.505063,-2.260807,0.1968072,64.981636,0.0
2025-02-21 12:00:00,27.757477,21.491669,1011.81,-4.3159695,-1.9353094,0.019615173,68.750854,0.0
2025-02-21 18:00:00,26.195526,21.39798,1014.0825,-4.124566,-0.15133286,0.04592514,74.927536,0.0
2025-02-22 00:00:00,25.756805,21.433502,1012.4225,-1.4581566,-0.8935442,0.333744,77.066216,0.0
2025-02-22 06:00:00,28.578033,21.308685,1015.185,-2.060381,-1.202322,0.31211263,64.81216,0.0
2025-02-22 12:00:00,27.904816,21.60086,1011.8819,-3.875924,-1.2029057,0.0,68.618935,0.0
2025-02-22 18:00:00,26.057709,21.78894,1014.9437,-3.57753,-0.021110535,0.0,77.36882,0.0
2025-02-23 00:00:00,25.566193,21.919617,1012.82935,-2.6921082,-0.040822983,0.2903121,80.29358,0.0
2025-02-23 06:00:00,28.193634,22.178375,1014.6337,-2.0101585,-1.3037004,0.1874228,69.89399,0.0
2025-02-23 12:00:00,27.991364,22.418976,1011.9475,-4.0837994,-2.6265783,0.0,71.765564,0.0
2025-02-23 18:00:00,26.460419,23.194794,1014.55,-4.531418,-0.007119179,0.021453857,82.28663,0.0
2025-02-24 00:00:00,25.954132,22.787445,1012.2075,-2.124156,-1.2651758,0.5038848,82.72064,0.0
2025-02-24 06:00:00,28.520538,22.58554,1015.1931,-3.4909554,-3.123516,0.29862836,70.29675,0.0
2025-02-24 12:00:00,28.147247,22.671173,1011.995,-4.3612757,-4.4344044,0.14533366,72.21413,0.0
2025-02-24 18:00:00,26.943024,22.621887,1014.8894,-4.4609547,-4.08648,0.21329443,77.25406,0.0
2025-02-25 00:00:00,26.691193,22.074738,1012.77563,-2.9505777,-4.866892,0.81904,75.84069,0.006388873
2025-02-25 06:00:00,28.582916,23.144745,1015.35376,-3.9508762,-5.264514,0.267864,72.456154,0.050166454
2025-02-25 12:00:00,28.010101,23.15628,1012.38873,-4.1351223,-5.89804,0.22466445,74.9639,0.0
2025-02-25 18:00:00,27.441986,23.06784,1015.1981,-4.608676,-5.074437,0.26239377,77.08064,0.029373914
2025-02-26 00:00:00,27.107452,23.193268,1012.71124,-4.185828,-5.532872,0.37642026,79.20563,0.07247925
2025-02-26 06:00:00,29.181915,23.554596,1015.1319,-4.6716604,-5.9461317,0.41749668,71.73799,0.0
2025-02-26 12:00:00,28.360748,23.660065,1011.33624,-4.1598177,-7.507228,0.074085236,75.715675,0.0
2025-02-26 18:00:00,27.318634,23.96457,1014.1825,-4.198223,-6.782851,0.15524945,81.9525,0.01421012
2025-02-27 00:00:00,27.246124,23.578644,1011.6281,-3.764124,-5.7811804,0.89907223,80.412384,0.029847026
2025-02-27 06:00:00,28.99649,23.622162,1013.6362,-5.4182653,-5.570718,0.49849224,72.80738,0.010017306
2025-02-27 12:00:00,28.300568,24.185455,1009.9425,-5.58078,-5.3447075,0.8442334,78.418816,0.0
2025-02-27 18:00:00,26.637848,24.502716,1013.0025,-4.0838614,-5.2872286,0.9626095,88.09424,0.051878393
2025-02-28 00:00:00,25.437714,24.026093,1010.8756,-2.513795,-5.116398,0.8801334,91.912506,0.68207085
2025-02-28 06:00:00,28.029816,24.411285,1013.2406,-4.845517,-4.7652044,0.8314281,80.75076,0.0
2025-02-28 12:00:00,27.069489,24.613983,1009.4938,-5.4836674,-4.1741705,0.95002997,86.45981,1.5746694
2025-02-28 18:00:00,26.335968,24.5177,1012.49,-4.7252874,-3.4410734,0.433437,89.75684,0.0
2025-03-01 00:00:00,25.998627,24.31897,1010.1319,-3.9214077,-2.8256102,0.9499918,90.48129,0.0
2025-03-01 06:00:00,27.193146,24.990265,1012.66437,-3.234727,-2.480379,0.9920832,87.78503,0.14105032
2025-03-01 12:00:00,27.940887,24.606476,1008.71124,-4.2697277,-2.9617853,0.57455647,82.1243,0.0
2025-03-01 18:00:00,26.39618,24.730133,1011.78436,-4.9337835,-1.9417562,0.68507296,90.58167,0.10595241
2025-03-02 00:00:00,26.743011,24.410706,1008.59814,-4.2026567,-1.3646679,0.32267535,87.06955,0.0
2025-03-02 06:00:00,28.687286,25.282257,1011.40875,-3.0109863,-1.3538237,0.90412426,81.869,0.0
2025-03-02 12:00:00,28.968292,24.380646,1007.6306,-3.819848,-2.1039495,0.046867516,76.32581,0.0
2025-03-02 18:00:00,27.430695,24.560913,1010.9506,-3.5899048,-0.11605835,0.32026833,84.37974,0.0
2025-03-03 00:00:00,26.569366,24.270264,1009.2919,-2.2157555,-0.9832115,0.777029,87.227425,0.0
2025-03-03 06:00:00,29.379303,24.036774,1011.65375,-2.1760883,-1.2467966,0.7762466,73.01225,0.00028591603
2025-03-03 12:00:00,28.398712,24.211212,1008.2575,-3.4284706,-0.27566242,1.0,78.09305,0.0
2025-03-03 18:00:00,27.041931,24.509552,1010.5556,-3.1697006,0.68123084,0.99157727,86.06054,0.0
2025-03-04 00:00:00,26.264374,24.130829,1008.8756,-1.5444765,0.35950965,0.8766401,88.071495,0.0001906883
2025-03-04 06:00:00,28.59793,23.927826,1011.7275,-1.7624674,-0.24301356,1.0,75.89214,0.0
2025-03-04 12:00:00,28.399445,23.581207,1008.7275,-2.8567142,-0.11735821,0.9480085,75.18748,0.0
2025-03-04 18:00:00,26.525482,23.824738,1010.96875,-3.036684,1.6080554,0.9301142,85.144714,0.0
2025-03-05 00:00:00,25.83133,23.36026,1008.9525,-0.919117,-1.1575127,0.9999999,86.26217,0.0
2025-03-05 06:00:00,28.591461,23.951324,1010.84436,-0.18593931,1.5959665,0.87760675,76.02794,0.0
2025-03-05 12:00:00,28.966705,23.629913,1008.3631,-2.1561937,2.194824,0.58532715,72.96708,0.0
2025-03-05 18:00:00,26.96762,23.589935,1011.08185,-1.8735123,2.266058,0.0,81.79332,0.0
2025-03-06 00:00:00,26.324066,23.113129,1010.15625,-0.34344673,1.5234399,0.2066803,82.54286,0.0
2025-03-06 06:00:00,29.517853,22.76944,1012.23126,0.5559286,0.49053204,0.25895226,67.09868,0.0
2025-03-06 12:00:00,29.247223,23.691437,1008.35126,-3.1584282,1.4145763,0.0,72.05932,0.0
2025-03-06 18:00:00,27.417755,24.139801,1009.9844,-3.8274488,2.2346065,0.6783593,82.339836,0.0
2025-03-07 00:00:00,26.215302,24.11905,1008.9456,1.2804022,-0.45587254,0.94281447,88.26477,0.00047683716
2025-03-07 06:00:00,29.052155,23.431671,1011.04126,-0.7384119,0.08211446,0.41249084,71.74458,0.0
2025-03-07 12:00:00,28.876984,22.625885,1007.6069,-3.6905222,1.1247865,0.0014877319,69.02696,0.0
2025-03-07 18:00:00,27.024475,22.36087,1009.79315,-3.8099203,2.0407488,0.33744812,75.67562,0.0
2025-03-08 00:00:00,25.689484,22.036652,1008.20874,1.1072617,0.3722849,0.7091031,80.27922,0.0
2025-03-08 06:00:00,28.7482,21.875763,1010.47815,-1.8193645,0.8076823,0.14124298,66.440445,0.0
2025-03-08 12:00:00,28.467804,22.111725,1006.41,-3.7057848,1.9492965,0.0,68.50946,0.0
2025-03-08 18:00:00,26.633453,21.774658,1009.1431,-3.72999,2.0899487,0.0,74.71838,0.0
2025-03-09 00:00:00,25.405914,20.659882,1007.83,-2.3621168,0.092253685,0.008586884,75.03683,0.0
2025-03-09 06:00:00,28.697052,20.210236,1011.2537,-4.1479807,0.26094657,0.04693222,60.157795,0.0
2025-03-09 12:00:00,28.125397,20.863129,1008.4125,-4.534568,-0.4748733,0.014865875,64.74521,0.0
2025-03-09 18:00:00,26.653961,20.983337,1011.9519,-3.7973661,-1.2447863,0.13382721,71.096436,0.0
2025-03-10 00:00:00,27.132599,20.96045,1010.4869,-2.1285315,-2.9542675,0.7049668,69.02659,0.0
2025-03-10 06:00:00,29.671295,22.135132,1013.02124,-3.7287054,-5.2909536,0.4422875,63.992985,0.009822426
2025-03-10 12:00:00,28.808258,23.400177,1008.78625,-4.396137,-6.5288105,0.93364567,72.627,0.0
2025-03-10 18:00:00,27.517181,24.058258,1011.8769,-5.37864,-5.353698,0.98263484,81.46227,0.077441335
2025-03-11 00:00:00,26.719147,24.616058,1009.2344,-5.22544,-4.89412,0.9923771,88.26997,0.40625036
2025-03-11 06:00:00,26.862305,24.727325,1012.6475,-6.1351585,-1.4063692,1.0,88.11366,0.15487146
2025-03-11 12:00:00,26.391083,24.473236,1010.2369,-4.1755314,-1.3172827,1.0,89.227615,1.4548833
2025-03-11 18:00:00,25.92575,24.212738,1012.43,-2.8656244,-0.31232643,1.0000001,90.29558,0.0
2025-03-12 00:00:00,25.456879,23.989105,1009.7606,-1.2603292,-2.6271334,0.99960935,91.60415,0.603287
2025-03-12 06:00:00,26.335876,24.352173,1012.3794,-3.900467,-0.19534016,0.80454695,88.87213,1.8374474
2025-03-12 12:00:00,27.203094,24.076813,1009.22,-1.8588896,-0.5329428,0.9819574,83.067635,0.0
2025-03-12 18:00:00,26.368134,24.183136,1011.18,-0.13416195,-0.87577724,0.08966018,87.80877,0.0
2025-03-13 00:00:00,26.154144,24.235626,1009.52374,0.62016773,-1.0929613,0.6000977,89.206024,0.0
2025-03-13 06:00:00,28.869781,24.084198,1011.4531,-1.8578091,-0.81916904,0.41189498,75.40999,0.0008584466
2025-03-13 12:00:00,28.864166,23.705719,1008.08185,-3.531681,0.61866283,0.0009886052,73.73754,0.0
2025-03-13 18:00:00,27.142242,23.86789,1010.10187,-2.6590652,1.4310441,0.013381958,82.32482,0.0
2025-03-14 00:00:00,26.831635,23.90216,1009.08374,-1.765542,2.240426,0.45809615,84.01378,0.0
2025-03-14 06:00:00,29.486359,23.441284,1011.9475,-1.3963976,0.6807776,0.39299577,70.008026,0.0009536743
2025-03-14 12:00:00,29.219757,23.626617,1008.315,-3.5309105,0.5266275,0.010314941,71.89256,0.0
2025-03-14 18:00:00,27.68863,23.698212,1011.08374,-3.5454206,2.429928,0.16635895,78.92248,0.0
2025-03-15 00:00:00,26.878876,22.96231,1009.6219,-1.6697855,2.4763005,0.20530587,79.16271,0.0
2025-03-15 06:00:00,29.531525,23.158112,1012.1163,-0.9887037,1.1593308,0.23958635,68.64207,0.0
2025-03-15 12:00:00,29.225616,23.172638,1009.1863,-3.757143,0.8640928,0.00049448013,69.92622,0.0
2025-03-15 18:00:00,28.00595,24.105804,1011.8619,-3.0867805,0.51002324,0.004052162,79.39569,0.0
2025-03-16 00:00:00,27.62143,24.19397,1010.385,-1.3780069,-0.19046783,0.13375872,81.62915,0.032043085
2025-03-16 06:00:00,29.658966,24.642303,1012.6169,-2.736659,0.49504304,0.21219066,74.498825,0.082598835
2025-03-16 12:00:00,29.284088,24.840485,1008.485,-3.5345707,1.1575897,0.086863294,77.0339,0.0
2025-03-16 18:00:00,27.890564,25.086365,1010.9844,-1.8537312,1.1835923,0.09254368,84.75925,0.0
2025-03-17 00:00:00,27.773407,25.01181,1009.66125,-0.11853123,0.98369277,0.077685475,84.962616,0.0053402036
2025-03-17 06:00:00,30.268707,24.828674,1012.09937,-1.3050394,1.491196,0.72048396,72.73866,0.0152610075
2025-03-17 12:00:00,30.015778,25.503387,1007.70874,-3.5043182,0.82189715,0.07926363,76.827965,0.0
2025-03-17 18:00:00,28.074005,25.28244,1011.2413,-2.9457083,2.6425717,0.42610064,84.84206,0.0
2025-03-18 00:00:00,27.726501,25.031128,1009.3306,-2.0718555,2.2133336,0.2603503,85.2939,0.00047683716
2025-03-18 06:00:00,29.9628,24.930786,1011.21124,-2.6839132,1.9642853,0.29483086,74.47984,0.029470772
2025-03-18 12:00:00,29.70108,24.384613,1008.76874,-3.5247326,1.8217767,0.017835436,73.181145,0.0
2025-03-18 18:00:00,28.399933,24.477966,1012.09125,-3.2754707,1.8766346,0.8336491,79.34557,0.0
2025-03-19 00:00:00,27.93814,24.512726,1011.03436,-1.6410656,2.4399743,0.27170813,81.67812,0.037573278
2025-03-19 06:00:00,29.837921,25.386871,1013.98,-3.269702,3.0920596,0.29233676,77.08199,0.062269002
2025-03-19 12:00:00,29.69046,25.115082,1010.14624,-4.674081,2.1103563,0.07896563,76.49175,0.0
2025-03-19 18:00:00,28.220612,24.823364,1013.875,-3.9420786,1.264396,0.46809524,81.8503,0.0009536743
2025-03-20 00:00:00,27.94748,24.025848,1012.8006,-3.5631924,0.4189794,0.31185305,79.28536,0.0
2025-03-20 06:00:00,30.168,23.784332,1015.1394,-3.5762596,1.1251826,0.109212704,68.721375,0.00057183206
2025-03-20 12:00:00,29.540314,23.624237,1011.01935,-3.8103142,-0.45604324,0.13435829,70.564476,0.0
2025-03-20 18:00:00,28.833649,24.13919,1014.3544,-3.7174387,0.66193694,0.06304169,75.81789,0.0009536743
2025-03-21 00:00:00,28.217133,24.497223,1013.175,-3.5579023,1.3746138,0.20161664,80.28636,0.013254583
2025-03-21 06:00:00,29.68106,24.718842,1014.7425,-3.9975042,-0.061409175,0.16006482,74.74519,0.15755877
2025-03-21 12:00:00,29.805817,25.008331,1011.0675,-5.032342,-0.45207882,0.0440979,75.50364,0.0
2025-03-21 18:00:00,28.617401,24.908417,1013.14185,-3.5821571,0.057377815,0.14685822,80.39104,0.0
2025-03-22 00:00:00,28.265656,24.589294,1011.8212,-3.6318903,1.0286486,0.23548746,80.502144,0.018500723
2025-03-22 06:00:00,29.8013,25.230072,1013.95435,-4.37731,1.0175655,0.25318348,76.52744,0.10185498
2025-03-22 12:00:00,29.618439,25.186188,1010.7612,-3.1602974,1.1518396,0.06176661,77.13572,0.0
2025-03-22 18:00:00,28.225311,25.02182,1012.8644,-3.497488,0.5314033,0.13643003,82.80244,0.01106225
2025-03-23 00:00:00,27.874603,24.573608,1011.35187,-3.4495468,2.7939177,0.12985265,82.28067,0.0
2025-03-23 06:00:00,29.771881,24.721954,1013.4794,-2.9563847,1.3162861,0.4877141,74.3692,0.07992722
2025-03-23 12:00:00,28.884857,25.139313,1010.525,-4.314949,-0.3965025,0.4148419,80.25086,0.0
2025-03-23 18:00:00,27.984955,25.378326,1012.8688,-3.555232,-0.58809376,0.1205737,85.77141,0.002861023
2025-03-24 00:00:00,27.600555,24.76593,1011.0031,-2.836275,-0.19827366,0.19406784,84.57525,0.0
2025-03-24 06:00:00,30.116608,24.749908,1013.0781,-3.7945585,-1.4133825,0.5350539,73.0319,0.012111538
2025-03-24 12:00:00,29.31546,25.079681,1009.34875,-5.16356,-1.0312357,0.04725782,77.99926,0.0
2025-03-24 18:00:00,27.928741,24.34555,1011.5544,-3.8456297,-1.5253553,0.022547673,80.90895,0.0
2025-03-25 00:00:00,26.766327,23.48706,1008.79126,-2.4087229,-1.0791798,0.099342376,82.255554,0.00047683716
2025-03-25 06:00:00,29.676666,23.340607,1010.78064,-2.2313643,-1.0702763,0.17810524,68.824936,0.0
2025-03-25 12:00:00,29.052155,23.199615,1006.8931,-4.3548336,-1.7710314,0.0,70.74637,0.0
2025-03-25 18:00:00,27.312592,23.07077,1009.055,-3.0128155,0.48296636,0.012176514,77.68088,0.0
2025-03-26 00:00:00,26.56955,23.030243,1007.65314,-1.1982489,0.049113274,0.22697727,80.94942,0.0
2025-03-26 06:00:00,29.480865,22.777313,1009.89874,-0.8487034,1.2315943,0.8681834,67.274025,0.0
2025-03-26 12:00:00,29.16336,22.996857,1005.87,-3.3065777,1.1319315,0.92326736,69.43614,0.0
2025-03-26 18:00:00,27.467499,21.885712,1008.96686,-2.1566725,1.950438,0.60155654,71.631256,0.0
2025-03-27 00:00:00,26.94693,22.714508,1007.76,1.3143215,0.8151496,0.915071,77.67158,0.0
2025-03-27 06:00:00,30.513947,23.504059,1009.4462,0.32798648,0.8725979,0.9647424,66.244446,0.0
2025-03-27 12:00:00,29.93277,24.97696,1004.9356,-2.9224567,3.3560848,0.9940731,74.81427,0.0
2025-03-27 18:00:00,28.901215,24.985321,1007.59937,-0.49076366,4.7629204,0.88458085,79.442444,0.0
2025-03-28 00:00:00,27.756195,24.49826,1006.965,1.9982877,1.8823032,0.97305685,82.47881,0.0
2025-03-28 06:00:00,30.939728,23.926422,1008.71436,-0.05961871,3.2939994,0.9988278,66.31673,0.0
2025-03-28 12:00:00,30.008942,24.618073,1004.72876,-1.6158581,4.495549,0.97498995,72.90819,0.0
2025-03-28 18:00:00,28.084686,25.088654,1007.6894,-0.742816,3.1414785,0.996235,83.8166,0.0
2025-03-29 00:00:00,27.249481,24.930267,1006.0156,0.13362616,3.0552626,0.6047606,87.18295,0.0
2025-03-29 06:00:00,30.78128,24.328522,1008.54065,-0.6776743,1.0278437,0.018749237,68.55388,0.0003815003
2025-03-29 12:00:00,30.151398,23.019684,1004.84686,-3.6966486,2.3967283,0.0,65.68527,0.0
2025-03-29 18:00:00,28.003998,22.992584,1008.34,-2.7637053,2.825378,0.0,74.25172,0.0
2025-03-30 00:00:00,26.95755,22.438202,1007.96814,-1.7039728,2.4311187,0.068099976,76.33177,0.0
2025-03-30 06:00:00,29.99649,21.918732,1010.0538,-2.155714,2.464439,0.00582695,61.983734,0.0
2025-03-30 12:00:00,29.491241,21.511261,1006.40125,-2.5136232,2.3180048,0.0,62.243645,0.0
2025-03-30 18:00:00,27.638458,22.402008,1009.6244,-3.5226088,1.1549404,0.0024776459,73.184166,0.0
2025-03-31 00:00:00,27.105133,23.439789,1008.28375,-3.5947208,2.674384,0.33396432,80.40432,0.0
2025-03-31 06:00:00,29.531036,23.547943,1010.28436,-3.3629675,2.5560708,0.5004467,70.27841,0.0017168932
2025-03-31 12:00:00,29.181793,22.030243,1006.43,-4.038493,0.9772188,0.008872986,65.40677,0.0
2025-03-31 18:00:00,27.939789,23.160095,1009.1775,-4.1441383,1.5314741,0.0018796921,75.28931,0.0
2025-04-01 00:00:00,27.371674,23.651947,1007.3425,-3.0292482,2.6999407,0.3973279,80.17613,0.0007628405
2025-04-01 06:00:00,29.651031,23.058502,1010.14435,-2.8251896,2.8745203,0.25082368,67.761536,0.032615762
2025-04-01 12:00:00,29.317902,23.029572,1006.10626,-5.0484533,1.5856962,0.6015382,68.955246,0.0
2025-04-01 18:00:00,28.593414,23.375916,1009.08185,-3.989215,3.1550655,0.7360865,73.43024,0.0
2025-04-02 00:00:00,28.334991,23.718597,1007.4794,-2.262,3.2919989,0.38874054,76.0969,0.0
2025-04-02 06:00:00,30.433746,24.062164,1009.9375,-2.7421923,2.7582169,0.5061679,68.82201,0.0782907
2025-04-02 12:00:00,28.686676,25.456512,1007.1987,-4.453395,1.306526,0.97794807,82.72459,0.16767971
2025-04-02 18:00:00,27.816772,25.249786,1010.77686,-4.2349052,2.268153,0.99236447,85.95754,0.026577756
2025-04-03 00:00:00,26.168854,24.420044,1009.95935,-2.2801657,1.7957485,0.9968391,90.11893,1.6921357
2025-04-03 06:00:00,27.30246,24.417694,1012.53125,-0.22921371,-0.16000366,1.0000001,84.29038,0.0
2025-04-03 12:00:00,27.269379,24.22052,1009.0025,-2.2664804,-0.603075,0.9914794,83.46199,0.0
2025-04-03 18:00:00,27.916656,24.72821,1011.8875,-1.1741829,0.44991016,0.9558847,82.841064,0.0
2025-04-04 00:00:00,27.147278,24.29892,1010.35876,1.1942818,-1.2456493,0.8608995,84.45786,0.08582766
2025-04-04 06:00:00,29.562653,24.381561,1012.2,-1.4563789,-1.4118204,0.15746933,73.75365,0.023849763
2025-04-04 12:00:00,29.765045,24.574799,1008.0275,-4.210376,-0.41378975,0.21840286,73.746864,0.0
2025-04-04 18:00:00,28.4805,24.190521,1011.04626,-1.9608526,0.49875587,0.59330726,77.62631,0.0024735928
2025-04-05 00:00:00,27.481903,23.433075,1009.3894,1.267119,0.047867,0.7157769,78.616264,0.0
2025-04-05 06:00:00,30.469147,22.935913,1011.0756,-0.5755899,0.3674969,0.056561597,64.173355,0.0
2025-04-05 12:00:00,29.823273,21.887604,1007.22437,-3.150879,2.1847568,0.091240674,62.485325,0.0
2025-04-05 18:00:00,28.82425,22.980377,1009.6987,0.35128117,2.5966482,0.059276573,70.74198,0.0
2025-04-06 00:00:00,27.807953,24.507202,1007.78564,1.0158383,1.7637055,0.23950769,82.27391,0.014113262
2025-04-06 06:00:00,31.136017,24.28653,1009.1219,0.46722823,0.9533034,0.18834686,67.01141,0.0
2025-04-06 12:00:00,30.583405,25.079132,1005.5581,-2.539936,1.9958212,0.526174,72.5144,0.0
2025-04-06 18:00:00,29.46695,25.085571,1009.58124,-1.3736382,3.0037415,0.16661918,77.34741,0.036418438
2025-04-07 00:00:00,27.652313,24.668396,1007.95,-0.6699009,1.057991,0.8811712,83.829735,0.019069761
2025-04-07 06:00:00,30.68045,24.923126,1008.9394,-1.423708,-1.5616817,0.7739623,71.4454,0.0
2025-04-07 12:00:00,30.364899,24.67154,1006.1394,-4.1906147,0.2556877,0.27562737,71.66285,0.0
2025-04-07 18:00:00,29.020477,25.08612,1009.59686,-2.657073,0.94364214,0.6028402,79.37126,0.0
2025-04-08 00:00:00,27.91159,24.952118,1008.7381,-0.24667549,-1.712884,0.6049404,83.98052,0.14095753
2025-04-08 06:00:00,31.035553,24.75711,1010.26624,-1.6006556,-2.54245,0.098154366,69.32096,0.0
2025-04-08 12:00:00,30.131622,25.139557,1006.9888,-3.5125828,-1.4215069,0.11657584,74.68474,0.0
2025-04-08 18:00:00,28.713379,25.16159,1010.4169,-2.780346,-1.0002337,0.19723848,81.16014,0.0
2025-04-09 00:00:00,27.922394,24.869598,1008.46625,0.3693524,-3.2200212,0.8490524,83.51543,0.11730194
2025-04-09 06:00:00,30.268585,24.227814,1010.10126,-1.8188438,-0.7987404,0.46826196,70.170555,0.0
2025-04-09 12:00:00,29.560455,25.13504,1006.5825,-2.574379,0.089696884,0.12835991,77.15852,0.0
2025-04-09 18:00:00,28.944489,24.746399,1008.7456,-0.35551864,3.0008106,0.13330996,78.12168,0.0
2025-04-10 00:00:00,28.280243,24.745087,1007.09375,3.166934,0.63043004,0.9729123,81.1863,0.015256926
2025-04-10 06:00:00,32.13565,24.089447,1008.2981,1.8913527,2.0392244,0.94430304,62.569965,0.0
2025-04-10 12:00:00,30.35965,26.647003,1003.03314,0.46037102,6.5341253,0.47729808,80.59842,0.0
2025-04-10 18:00:00,30.231293,26.735382,1006.10565,1.8669491,6.883603,0.81412095,81.61732,0.0
2025-04-11 00:00:00,29.203033,23.65213,1005.23627,4.8713837,2.916521,0.17380899,72.07274,0.0
2025-04-11 06:00:00,32.793976,23.547638,1007.0806,1.4477506,2.8640692,0.2084664,58.354847,0.0
2025-04-11 12:00:00,31.234528,25.463043,1003.9856,0.14176315,5.9091825,0.21850365,71.483284,0.0
2025-04-11 18:00:00,28.915863,25.502533,1007.9869,3.0401542,6.0168505,0.9581639,81.85634,0.0016205013
2025-04-12 00:00:00,27.203033,25.36679,1006.6875,4.010668,3.113328,0.71139276,89.72329,0.14530495
2025-04-12 06:00:00,31.763947,23.972137,1007.82874,3.009284,1.9219015,0.0027694702,63.452793,0.0
2025-04-12 12:00:00,31.303375,25.921906,1004.23,0.07686424,6.7921586,0.28191766,73.168274,0.0
2025-04-12 18:00:00,29.853943,26.459625,1008.1744,3.2364075,4.598514,0.1382299,82.06157,0.0
2025-04-13 00:00:00,29.161713,26.02884,1007.2488,2.088604,3.8284194,0.5094846,83.25771,0.0
2025-04-13 06:00:00,32.656403,23.792755,1008.4856,0.797068,2.1581059,0.049876403,59.683292,0.0
2025-04-13 12:00:00,30.660797,26.58194,1005.4481,-2.706091,3.0645962,0.19428289,78.917816,0.0
2025-04-13 18:00:00,29.770935,26.119354,1008.5625,-0.4690771,3.933943,0.10240024,80.81414,0.0
2025-04-14 00:00:00,28.78537,26.07257,1008.1431,0.4691888,1.4027634,0.5040583,85.31202,0.021457672
2025-04-14 06:00:00,31.064606,25.621185,1008.83624,-1.7066259,1.8993979,0.09293842,72.85974,0.0
2025-04-14 12:00:00,30.50003,24.676788,1004.83435,-3.8895035,2.0943818,0.008270264,71.13263,0.0
2025-04-14 18:00:00,29.141022,25.143646,1009.1256,-3.2973442,2.7556047,0.14361364,79.09027,0.0
2025-04-15 00:00:00,28.19162,25.022858,1008.2556,0.48571682,2.0802622,0.773164,82.97014,0.032521784
2025-04-15 06:00:00,30.736969,24.943878,1009.28625,-1.8192081,0.89893085,0.4644556,71.30316,0.0
2025-04-15 12:00:00,30.205109,25.414581,1005.8837,-4.2287865,2.077999,0.021761557,75.59742,0.0
2025-04-15 18:00:00,29.052216,25.686035,1009.455,-3.587594,2.6693223,0.123073936,82.102234,0.0
2025-04-16 00:00:00,28.334015,25.046448,1008.3787,-2.4213667,2.896452,0.10629819,82.40121,0.007532537
2025-04-16 06:00:00,30.485992,24.862335,1009.85187,-1.0925493,3.5732305,0.16975117,71.98313,0.0
2025-04-16 12:00:00,29.834137,25.246735,1006.41565,-4.2033043,2.254849,0.061149597,76.45879,0.0
2025-04-16 18:00:00,28.942871,25.081116,1009.21375,-3.1587467,3.151969,0.2014467,79.704865,0.0
2025-04-17 00:00:00,28.264862,25.095276,1007.9356,-0.7388725,3.5757098,0.3593201,82.974495,0.19161403
2025-04-17 06:00:00,30.717682,25.34439,1009.28625,-0.14094019,3.3139162,0.21082139,73.104996,0.0
2025-04-17 12:00:00,30.30655,25.75235,1004.9919,-2.602583,4.337281,0.034106437,76.681114,0.0
2025-04-17 18:00:00,29.683685,25.932526,1008.03436,-1.8836756,4.5589685,0.054330867,80.32822,0.0
2025-04-18 00:00:00,29.253052,25.772797,1007.3212,-0.12598461,4.9875956,0.3818887,81.57297,0.014495105
2025-04-18 06:00:00,31.78775,25.66687,1008.4469,-0.20083618,5.138773,0.3414799,70.11433,0.0
2025-04-18 12:00:00,30.857208,26.306915,1004.2019,-0.005484581,6.233368,0.056347623,76.781364,0.0
2025-04-18 18:00:00,29.75412,26.25589,1007.65,1.1499375,6.5632668,0.1135589,81.54776,0.0
2025-04-19 00:00:00,29.08783,26.277313,1006.21936,2.4916081,4.397919,0.22343087,84.85136,0.0007627532
2025-04-19 06:00:00,32.42459,24.84262,1007.60626,0.46746927,2.8362608,0.60248613,64.39543,9.5693395e-05
2025-04-19 12:00:00,31.260895,26.53238,1003.995,-0.75350094,5.538926,0.07132083,76.03903,0.0
2025-04-19 18:00:00,29.890076,26.726349,1007.2556,0.36126137,7.1386595,0.08302368,83.18833,0.0
2025-04-20 00:00:00,29.500488,26.47754,1006.28125,1.8415058,4.871867,0.1789915,83.83777,0.013064593
2025-04-20 06:00:00,32.062164,25.920258,1008.1119,0.3700971,3.3835258,0.1236974,70.077225,0.0
2025-04-20 12:00:00,31.335602,26.98233,1004.23627,-1.222003,4.7297244,0.08060851,77.748055,0.0
2025-04-20 18:00:00,30.109283,26.803741,1008.3594,0.041161537,5.995246,0.16737683,82.52208,0.0
2025-04-21 00:00:00,29.274567,26.20874,1007.495,0.62724006,4.0996046,0.18740934,83.60107,0.0070575625
2025-04-21 06:00:00,31.216461,25.84671,1009.4288,-1.3753643,3.4605536,0.11772576,73.20445,0.013163313
2025-04-21 12:00:00,30.996613,25.736969,1006.4963,-2.4813747,2.7688823,0.0,73.64691,0.0
2025-04-21 18:00:00,29.79892,25.994537,1010.1075,-1.6771727,3.7428668,0.0014877319,80.090576,0.00047683716
2025-04-22 00:00:00,28.83133,25.759918,1009.4988,-1.4877644,3.8443792,0.26668304,83.52426,0.04434213
2025-04-22 06:00:00,30.660553,25.820953,1011.09314,-0.9630089,3.2282982,0.15112168,75.4487,0.0
2025-04-22 12:00:00,30.480133,25.132965,1007.2925,-3.4247866,2.3588877,0.0,73.1786,0.0
2025-04-22 18:00:00,29.618958,25.79654,1010.35315,-1.1770859,4.3552885,0.31521606,79.98138,0.0
2025-04-23 00:00:00,28.920685,25.272766,1008.2587,1.598052,3.925758,0.36419582,80.72328,0.024795532
2025-04-23 06:00:00,31.652618,25.072052,1009.34875,-0.24695462,2.7742813,0.15622047,68.19885,0.0
2025-04-23 12:00:00,30.871857,25.388824,1005.3694,-2.5181723,4.0802917,0.081092834,72.65567,0.0
2025-04-23 18:00:00,30.037445,26.246735,1007.70123,0.0848645,6.8960724,0.06417663,80.18658,0.0
2025-04-24 00:00:00,29.668365,25.77237,1006.46814,2.2238252,4.0299373,0.07788086,79.63987,0.014495105
2025-04-24 06:00:00,32.24283,25.230408,1008.4581,-0.80077744,2.9007332,0.082339436,66.58137,0.0
2025-04-24 12:00:00,31.30777,26.312775,1004.0588,-1.7026348,4.867245,0.0,74.86026,0.0
2025-04-24 18:00:00,30.174377,26.588226,1007.7519,-0.9413681,6.6458187,0.08960768,81.17771,0.0
2025-04-25 00:00:00,29.448334,26.166779,1006.465,0.5110207,4.696126,0.108996406,82.561646,0.06236881
2025-04-25 06:00:00,31.324738,26.546295,1008.35565,-1.2282352,4.529114,0.18832666,75.82539,0.006593764
2025-04-25 12:00:00,30.83731,26.576813,1005.0419,-1.1250687,4.8972063,0.087170884,78.10217,0.0
2025-04-25 18:00:00,29.822449,26.349731,1007.89813,-1.0366497,6.5340176,0.17582947,81.67905,0.0053388067
2025-04-26 00:00:00,28.787903,26.099335,1006.6075,0.46192646,4.147475,0.5036545,85.4346,0.06561512
2025-04-26 06:00:00,31.080597,26.24405,1008.59875,-1.5369911,4.338668,0.16760814,75.52803,0.0
2025-04-26 12:00:00,30.74002,25.837982,1005.3094,-0.5986872,4.605422,0.102386564,75.18258,0.0
2025-04-26 18:00:00,29.247559,26.226868,1008.4419,0.9171724,4.6106434,0.100222304,83.82131,0.026034191
2025-04-27 00:00:00,28.007233,25.877106,1007.41064,-0.41908073,4.223206,0.29508334,88.23347,0.032139942
2025-04-27 06:00:00,30.526642,25.778229,1009.5538,-1.50739,3.204256,0.7353471,75.8367,0.0
2025-04-27 12:00:00,29.993195,25.8638,1006.435,-3.1574936,3.9950962,0.6729159,78.5901,0.0
2025-04-27 18:00:00,29.237732,25.817108,1009.10815,-1.7566566,3.8500853,0.94321555,81.859924,0.029087998
2025-04-28 00:00:00,27.583618,25.318207,1007.3219,0.049155235,3.376566,0.9621149,87.49219,0.43908218
2025-04-28 06:00:00,29.971466,25.683624,1008.46564,-0.35264874,3.4098587,0.6611945,77.852325,0.0
2025-04-28 12:00:00,30.569733,24.839844,1004.635,-2.102725,2.744038,0.5082424,71.54283,0.0
2025-04-28 18:00:00,29.513153,25.06009,1007.6981,-1.4802275,3.600072,0.8374303,77.02453,0.0
2025-04-29 00:00:00,27.731445,25.251923,1006.585,1.3028883,3.120363,0.9742122,86.39797,0.20825863
2025-04-29 06:00:00,30.703278,25.01596,1007.8956,-1.2285728,2.3496962,0.5163685,71.74834,0.0
2025-04-29 12:00:00,30.537506,26.10733,1004.455,-1.3727322,4.3998766,0.60790527,77.28072,0.0
2025-04-29 18:00:00,29.561401,26.131836,1007.6863,0.6465778,5.215554,0.96728057,81.855774,0.009536743
2025-04-30 00:00:00,28.501282,25.80368,1006.6406,1.9185318,4.069784,0.99161166,85.36035,0.041197985
2025-04-30 06:00:00,31.337433,25.469147,1008.21875,1.013566,4.0147157,0.42552114,71.091576,0.0
2025-04-30 12:00:00,30.859528,26.522736,1004.6838,0.013239861,7.1482115,0.5187496,77.75496,0.0
2025-04-30 18:00:00,29.743408,26.17685,1008.32,0.88279754,7.0978956,0.996546,81.21787,0.0
2025-05-01 00:00:00,29.153778,25.766266,1007.88873,3.7339315,3.5532427,1.0000001,82.01061,0.002861023
2025-05-01 06:00:00,32.20987,25.098297,1008.6856,1.1603757,4.617161,0.9494818,66.18279,0.0
2025-05-01 12:00:00,30.552765,26.742096,1005.5662,0.19781494,6.740987,0.9822423,80.15949,0.0
2025-05-01 18:00:00,29.768219,26.673859,1008.2125,1.8635851,5.020172,0.9912717,83.51509,0.0
2025-05-02 00:00:00,29.045929,26.404266,1007.6825,2.3013744,3.3654194,0.97039974,85.69713,0.003718771
2025-05-02 06:00:00,31.816559,25.66446,1009.5025,-0.52593327,4.1942787,0.5174484,69.989845,0.0
2025-05-02 12:00:00,30.170807,25.965363,1005.655,-0.45894623,6.1544104,0.28640985,78.261894,0.0
2025-05-02 18:00:00,29.39981,26.354767,1008.6819,3.0803056,5.3853064,0.9152385,83.71753,0.0017164275
2025-05-03 00:00:00,28.46347,25.981598,1007.4894,2.6282449,2.9231076,0.97515255,86.454346,0.0
2025-05-03 06:00:00,32.287506,24.791046,1008.1525,0.62206775,2.8130932,0.8299195,64.69643,0.0
2025-05-03 12:00:00,30.73111,26.304474,1004.53186,-1.3817911,5.888953,0.0542984,77.325294,0.0
2025-05-03 18:00:00,29.858032,26.82254,1006.99,1.2739444,6.805045,0.03206983,83.81481,0.0
2025-05-04 00:00:00,29.438599,26.22934,1006.1337,1.6145647,4.1799183,0.08429252,82.91395,0.0003813766
2025-05-04 06:00:00,32.735992,25.594025,1006.84125,-0.14124185,2.6632009,0.049850464,66.16892,0.0
2025-05-04 12:00:00,31.110138,26.789581,1003.8669,-2.4090195,5.851943,0.22574727,77.86534,0.0
2025-05-04 18:00:00,28.870514,25.932648,1008.40314,2.0114117,1.8978062,0.7551728,84.19205,0.009153038
2025-05-05 00:00:00,27.470001,25.015167,1006.3137,0.85068226,4.7828703,0.9957516,86.50068,0.0
2025-05-05 06:00:00,31.11142,24.835358,1006.7469,1.1932703,2.2023172,0.6655151,69.34505,0.0010491349
2025-05-05 12:00:00,30.411041,26.063019,1004.77124,-2.5102034,4.4733973,0.15591276,77.63864,0.0
2025-05-05 18:00:00,29.502258,26.892242,1007.35315,-0.39792538,6.229622,0.28937536,85.90129,0.0
2025-05-06 00:00:00,29.12091,26.031952,1007.1188,1.7134504,4.0376825,0.30636513,83.46973,0.021170825
2025-05-06 06:00:00,32.279938,25.848724,1007.695,-0.2457909,2.804026,0.29732025,68.92677,0.0
2025-05-06 12:00:00,30.544464,26.25003,1004.1144,-1.1185598,5.1556115,0.62635314,77.90422,0.0
2025-05-06 18:00:00,28.984772,26.05655,1007.20935,1.5245593,5.503827,0.7277488,84.25232,0.0
2025-05-07 00:00:00,28.553741,26.21939,1005.96185,2.7944334,1.4042988,0.2210222,87.22005,0.00066740904
2025-05-07 06:00:00,31.60794,26.054901,1006.6381,-1.3803682,1.215065,0.9340841,72.48057,0.002765446
2025-05-07 12:00:00,30.919952,25.958954,1004.0669,-2.0709028,4.9295053,0.5726041,74.949,0.0
2025-05-07 18:00:00,29.337555,26.002594,1007.145,1.3124583,5.14857,0.9974365,82.28824,0.0001899898
2025-05-08 00:00:00,28.272552,24.962433,1005.7519,2.4517074,1.0619411,0.700375,82.283195,0.0043865293
2025-05-08 06:00:00,32.753693,23.136566,1007.285,0.49869525,1.9104944,0.023566987,57.05386,0.0
2025-05-08 12:00:00,30.505096,25.083038,1004.945,-1.3535585,5.432208,0.41180027,72.857056,0.023070723
2025-05-08 18:00:00,29.67807,26.006744,1007.66064,0.73866487,3.9018688,0.6114832,80.70799,0.0
2025-05-09 00:00:00,28.932587,26.255768,1006.77814,2.4915924,1.7032394,0.7954564,85.50832,0.07647276
2025-05-09 06:00:00,32.134674,25.079681,1007.6431,-0.8981085,1.2123547,0.38543618,66.39117,0.0
2025-05-09 12:00:00,30.9971,26.163788,1005.20624,-2.8591232,3.570067,0.86464924,75.52944,0.0
2025-05-09 18:00:00,29.896637,26.291718,1008.4025,-1.5261536,4.702356,0.44250083,81.053185,0.0007599592
2025-05-10 00:00:00,28.41687,25.69632,1007.0525,1.6466676,2.821755,0.3003124,85.23582,0.0564456
2025-05-10 06:00:00,31.800446,25.51181,1008.44,0.5988924,3.3261476,0.1452181,69.4219,0.0
2025-05-10 12:00:00,31.403595,26.261078,1005.0656,-0.57172966,4.871204,0.21320152,74.22631,0.0
2025-05-10 18:00:00,30.367767,26.408844,1007.1962,0.88700897,5.1658945,0.10294451,79.43784,0.0
2025-05-11 00:00:00,29.608612,26.268463,1006.46814,2.215596,2.7296467,0.14954574,82.2951,0.033564866
2025-05-11 06:00:00,32.529816,25.058502,1007.2344,0.7741606,2.4499853,0.1120345,64.843765,0.0
2025-05-11 12:00:00,31.203644,26.061188,1003.83813,-0.5171261,6.3848615,0.11814478,74.19399,0.0
2025-05-11 18:00:00,30.0047,26.34134,1005.9231,2.6753721,6.697258,0.17830858,80.78761,0.0
2025-05-12 00:00:00,29.137787,26.173004,1004.67377,3.212747,2.2800188,0.031288147,84.08677,0.0
2025-05-12 06:00:00,33.56839,23.249908,1005.2944,1.6281805,1.8881325,0.076747894,54.87727,9.534415e-05
2025-05-12 12:00:00,32.207184,25.958893,1001.73376,-0.70548725,5.3934445,0.24961644,69.66385,0.0
2025-05-12 18:00:00,30.347809,26.892975,1005.41626,3.0755625,5.937051,0.99734,81.82895,0.0
2025-05-13 00:00:00,29.876434,26.438019,1003.8706,2.44802,2.7821722,0.9915062,81.85113,0.0
2025-05-13 06:00:00,33.6929,24.71994,1005.28375,1.3700941,2.285748,0.47364992,59.52796,0.0
2025-05-13 12:00:00,32.061066,26.217682,1001.83435,-1.2599745,4.6827526,0.1608105,71.32539,0.0
2025-05-13 18:00:00,30.448029,27.049103,1005.28125,1.4762179,5.2378106,0.4236741,82.11023,0.0
2025-05-14 00:00:00,30.34375,27.151031,1004.5,3.0871344,2.6061478,0.7324457,83.09793,0.00047683716
2025-05-14 06:00:00,32.865875,25.324615,1005.6206,-0.98446846,-0.22237015,0.9751208,64.64372,0.0018123537
2025-05-14 12:00:00,31.252838,26.406769,1002.4819,-3.6042624,3.155014,0.7562093,75.51248,0.0
2025-05-14 18:00:00,29.868317,26.499054,1006.89124,3.7282023,1.762418,0.62509245,82.18464,0.044070184
2025-05-15 00:00:00,28.532562,24.567993,1005.04,3.8346386,-1.2286377,0.99910873,79.16167,0.0
2025-05-15 06:00:00,31.645782,24.981049,1006.4306,-1.0139208,0.33614022,0.8900168,67.85623,0.014879741
2025-05-15 12:00:00,30.739777,26.149567,1003.5619,-2.5285864,3.9649744,0.057365417,76.58291,0.0
2025-05-15 18:00:00,29.214508,26.1716,1007.39813,3.031168,5.017441,0.57012266,83.70773,0.007901341
2025-05-16 00:00:00,29.079315,25.440216,1004.2425,4.1202803,2.2746718,0.09412669,80.78589,0.0
2025-05-16 06:00:00,33.128815,24.160614,1005.82935,0.5748503,0.273901,0.49096334,59.416668,0.0
2025-05-16 12:00:00,30.487946,25.901886,1003.20624,0.84385395,4.7720284,0.99999976,76.56377,0.00047683716
2025-05-16 18:00:00,29.336212,26.657806,1006.5144,2.6680477,2.0922565,0.9999999,85.54018,0.032901764
2025-05-17 00:00:00,27.717072,24.520538,1004.53687,1.6478243,-1.3154335,0.9817879,82.77784,0.0
2025-05-17 06:00:00,30.003265,24.306183,1006.2369,2.2907104,3.486957,0.8919213,71.58293,0.029087067
2025-05-17 12:00:00,29.326813,26.052155,1003.7725,1.9401602,3.8670788,1.0,82.5811,1.0683767
2025-05-17 18:00:00,27.930573,25.487335,1007.0656,5.1445785,0.87135696,1.0000002,86.60315,0.0
2025-05-18 00:00:00,26.436249,22.78891,1003.9487,4.138812,0.37943935,1.0,80.40433,0.0
2025-05-18 06:00:00,28.931305,24.698517,1005.43,0.5710068,0.07114506,0.9929565,77.95801,0.28968644
2025-05-18 12:00:00,30.238068,25.479156,1001.9988,-0.39056492,4.960701,0.98159796,75.74473,0.0
2025-05-18 18:00:00,27.868927,25.824371,1004.5469,2.9188638,3.0140963,0.99999994,88.670746,1.6588122
2025-05-19 00:00:00,26.77182,24.61911,1002.3875,4.5603056,1.4799223,0.9847779,88.01282,1.1984522
2025-05-19 06:00:00,28.781464,25.78238,1004.225,3.774971,-0.32770157,0.96553785,83.87763,0.0
2025-05-19 12:00:00,29.56668,25.586273,1001.47437,-0.8405018,4.192188,1.0,79.228386,0.76995593
2025-05-19 18:00:00,28.301544,25.859741,1003.3706,3.611105,3.9749026,0.97551745,86.644714,0.33839524
2025-05-20 00:00:00,28.335907,25.34909,1002.3106,3.543252,3.084799,1.0,83.89011,0.0
2025-05-20 06:00:00,29.751007,24.55252,1004.0225,3.1821413,0.73977375,0.9976257,73.70821,0.019377403
2025-05-20 12:00:00,30.514435,24.90384,1001.53375,0.21797442,5.6988587,0.9999998,72.04422,0.0
2025-05-20 18:00:00,29.06961,26.512115,1004.10065,2.1511018,4.554883,1.0000001,86.12588,0.013530254
2025-05-21 00:00:00,28.661957,23.670685,1003.7587,4.4729147,-0.44982535,0.9620722,74.44999,0.0
2025-05-21 06:00:00,31.23941,23.455109,1005.79877,3.2627535,2.6318605,1.0,63.369457,0.0
2025-05-21 12:00:00,31.158356,26.050446,1002.2775,0.06613475,4.4737253,0.9996034,74.33841,0.014208257
2025-05-21 18:00:00,29.668304,27.267853,1005.5481,2.062992,4.093936,0.9840064,86.98018,0.0
2025-05-22 00:00:00,28.95462,22.553864,1004.7619,4.623831,0.0007581711,0.9833492,68.41746,0.0
2025-05-22 06:00:00,32.256012,23.399628,1006.14874,1.4695034,1.3908086,0.35800076,59.618317,0.0003813766
2025-05-22 12:00:00,30.736359,25.49649,1003.3644,-0.58206654,4.8235154,0.29102683,73.69016,0.048643444
2025-05-22 18:00:00,29.782288,27.290497,1005.6125,1.4816575,6.0628815,0.8211104,86.526,0.0
2025-05-23 00:00:00,29.489044,26.889801,1003.3212,2.5368521,1.4879017,0.8534904,85.95446,0.008009374
2025-05-23 06:00:00,32.144196,25.205658,1004.17377,2.1819258,3.6641245,0.45098454,66.85517,0.025657937
2025-05-23 12:00:00,30.81778,26.689117,1000.63,1.1283846,6.8608713,0.23690838,78.70828,0.0
2025-05-23 18:00:00,29.610504,27.109772,1003.9456,3.13665,4.243554,0.39192474,86.464775,9.5926225e-05
2025-05-24 00:00:00,29.02951,24.756195,1003.2406,4.2193403,1.755561,0.99921274,77.78363,0.0
2025-05-24 06:00:00,30.968048,25.067108,1003.6731,2.8544645,4.31015,0.98482317,70.88739,0.0
2025-05-24 12:00:00,31.174591,25.881622,1001.2375,1.1589966,4.634798,1.000001,73.531166,0.020789914
2025-05-24 18:00:00,29.937408,25.081696,1004.70874,5.21179,4.4592724,0.9953494,75.262726,0.0
2025-05-25 00:00:00,28.165009,25.150482,1003.7025,5.101259,4.5395193,1.0000002,83.73315,0.0006556511
2025-05-25 06:00:00,31.047882,24.754639,1004.09814,4.7858095,4.135062,0.99644834,69.26202,0.0
2025-05-25 12:00:00,31.467438,25.210785,1002.8006,3.2511797,3.4607937,1.0,69.49188,0.0067725778
2025-05-25 18:00:00,29.587067,25.084747,1005.65436,3.881157,1.9360912,1.0,76.8098,0.0
2025-05-26 00:00:00,28.607391,24.052826,1003.9819,4.915729,3.9800158,0.9995057,76.4222,0.0001899898
2025-05-26 06:00:00,29.986359,24.722687,1004.91,4.6140623,4.225073,1.0,73.46075,0.0
2025-05-26 12:00:00,31.23465,24.53183,1002.1206,4.2784376,2.969946,1.0,67.622086,0.007912517
2025-05-26 18:00:00,29.361298,24.133575,1004.3956,5.147933,3.557045,0.99999994,73.51415,0.0
2025-05-27 00:00:00,28.382782,24.175629,1002.5044,5.3765016,4.586953,0.93895996,77.99874,0.0
2025-05-27 06:00:00,32.30728,24.191498,1003.1431,5.4145374,4.5761447,1.0,62.346405,0.0
2025-05-27 12:00:00,32.690826,24.271637,1000.3762,3.6066942,4.0885296,0.99315715,61.30562,0.0
2025-05-27 18:00:00,30.142487,23.04837,1003.435,5.725603,1.908618,0.99604493,65.83305,0.0
2025-05-28 00:00:00,28.959076,23.594452,1001.9387,6.2323837,1.9466205,1.0,72.84354,0.0
2025-05-28 06:00:00,32.807526,23.818268,1002.775,7.2568617,3.0753865,1.0,59.268307,0.008869916
2025-05-28 12:00:00,33.04373,23.841095,1000.34186,5.537384,3.052361,1.0,58.566444,0.0
2025-05-28 18:00:00,30.428131,23.05484,1002.90814,6.019266,2.2073193,0.9987187,64.788925,0.0
2025-05-29 00:00:00,29.004852,23.793915,1002.1788,5.545968,2.9273672,1.0,73.528496,0.28675953
2025-05-29 06:00:00,31.450958,24.53537,1002.78125,5.7250595,3.762393,1.0,66.80908,0.0
2025-05-29 12:00:00,30.954254,25.01065,1000.5019,3.4510956,5.1188073,1.0,70.704865,0.17402413
2025-05-29 18:00:00,29.736237,23.878693,1002.96063,5.711055,3.0060534,1.0,70.84915,0.0
2025-05-30 00:00:00,27.849823,24.199524,1001.575,4.9217777,2.8313475,1.0,80.57402,0.1931045
2025-05-30 06:00:00,31.105255,24.578278,1003.72375,5.344352,3.518714,0.9542376,68.31194,0.0
2025-05-30 12:00:00,28.462372,25.628693,1002.76,4.0021024,1.6377745,0.99851656,84.67031,10.440372
2025-05-30 18:00:00,27.711395,23.907867,1005.47,5.355275,1.9140705,0.8721958,79.81794,0.0
2025-05-31 00:00:00,27.527802,23.327057,1004.77435,5.0251255,2.9590487,0.5788181,77.90532,0.0
2025-05-31 06:00:00,31.188263,24.361053,1006.415,4.5386124,1.7580748,0.43381792,67.11129,0.0076293945
2025-05-31 12:00:00,31.732574,25.407928,1003.98376,1.9025419,4.2310624,0.69880986,69.26085,0.0
2025-05-31 18:00:00,29.496124,24.12564,1006.77313,3.6555467,3.9385443,0.42078197,72.90974,0.0
2025-06-01 00:00:00,28.229034,23.414948,1006.4913,5.503413,0.8476906,0.8829867,75.179115,0.0
2025-06-01 06:00:00,32.199615,24.732086,1007.4356,2.7309504,0.8164997,0.20631672,64.79006,0.0
2025-06-01 12:00:00,31.498688,26.274872,1004.9263,-0.076660156,5.381637,0.55987823,73.88626,0.0
2025-06-01 18:00:00,29.402435,26.567902,1007.7025,2.5327404,5.5281405,0.8345532,84.76369,0.0
2025-06-02 00:00:00,28.73404,24.907623,1006.60315,3.7834692,1.907753,0.80009794,79.84506,0.012584031
2025-06-02 06:00:00,32.35843,23.739227,1007.1731,3.1098118,2.1328645,0.95179355,60.49992,0.0
2025-06-02 12:00:00,30.537872,26.26712,1005.0425,0.7624573,6.254607,0.9490366,78.01235,0.0
2025-06-02 18:00:00,29.118103,26.384674,1007.38,1.6716294,4.8599076,1.0,85.24147,0.0
2025-06-03 00:00:00,28.891846,22.743011,1006.39435,5.3068504,0.23925972,0.9618631,69.45933,0.0
2025-06-03 06:00:00,31.971344,24.183533,1007.67,3.5709286,1.7279699,0.45092148,63.5122,0.0
2025-06-03 12:00:00,30.948029,25.643524,1004.90936,1.3846686,5.87487,0.5966329,73.443115,0.01001358
2025-06-03 18:00:00,29.421173,26.819122,1007.8081,2.1220403,5.4335217,0.33106166,85.933754,0.0
2025-06-04 00:00:00,28.774628,24.514618,1007.40436,4.0960245,1.5875809,0.2705415,77.80861,0.0104904175
2025-06-04 06:00:00,32.136383,24.20929,1007.72565,3.7902775,2.8536642,0.40926248,63.018925,0.0
2025-06-04 12:00:00,31.005157,26.152374,1004.8269,0.3469591,5.83548,0.20593905,75.44384,0.0042915344
2025-06-04 18:00:00,29.54181,27.05655,1007.76,1.6659521,6.0108957,0.3185268,86.53697,0.007915311
2025-06-05 00:00:00,29.220306,24.708527,1006.9431,4.15055,1.9923258,0.20484585,76.711365,0.0
2025-06-05 06:00:00,32.429718,23.0159,1007.8125,1.3036613,-0.6868391,0.6922929,57.683052,0.0
2025-06-05 12:00:00,31.291779,25.525787,1005.61127,-2.1423912,3.415506,0.036094986,71.51675,0.0
2025-06-05 18:00:00,29.596527,26.580719,1008.785,0.93466,4.960499,0.06601386,83.88351,0.0
2025-06-06 00:00:00,28.824646,26.4169,1007.83185,2.121123,3.1357794,0.555383,86.867065,0.00591157
2025-06-06 06:00:00,31.518219,25.231537,1008.35376,1.48919,3.430428,0.5774032,69.37726,0.00047730282
2025-06-06 12:00:00,30.778961,26.756134,1005.5012,-0.2641945,4.8364906,0.7337079,79.19481,0.0
2025-06-06 18:00:00,29.26233,26.344086,1008.6044,1.8230449,6.25494,0.9574114,84.33155,0.0
2025-06-07 00:00:00,28.894958,26.15152,1008.04626,3.045919,3.7061129,0.8028894,85.168594,0.018116087
2025-06-07 06:00:00,32.376984,23.84555,1008.1238,2.311242,0.11240578,0.8181113,60.824394,0.0
2025-06-07 12:00:00,30.886017,26.553986,1005.2225,-0.7093363,5.3039618,0.15241665,77.780594,0.0
2025-06-07 18:00:00,29.329254,26.768707,1007.8644,2.809782,6.292536,0.5572096,86.13504,0.0
2025-06-08 00:00:00,28.94403,24.867828,1006.5625,4.1069984,2.56884,0.96464825,78.6922,0.0005720649
2025-06-08 06:00:00,32.410675,22.756134,1006.97186,1.6990547,0.8234863,0.7820943,56.84358,0.0
2025-06-08 12:00:00,30.899445,26.336212,1004.14435,0.102323234,5.898068,0.95326793,76.72903,0.032048672
2025-06-08 18:00:00,29.405884,26.240387,1006.8275,3.2078164,6.5672483,0.9940932,83.124855,0.0
2025-06-09 00:00:00,29.270874,23.4664,1005.2681,4.147771,0.93407726,0.9534543,70.991646,0.0003799796
2025-06-09 06:00:00,31.832672,23.77414,1005.51874,3.2114143,-0.44209862,0.415168,62.457966,0.023080036
2025-06-09 12:00:00,31.697174,25.559723,1002.3013,0.95609486,5.390295,0.21606344,70.02876,0.0
2025-06-09 18:00:00,30.06186,26.174347,1005.4288,2.7932324,3.9821343,0.8763407,79.73245,0.0692606
2025-06-10 00:00:00,29.3284,22.716461,1002.9988,4.5549955,0.823843,0.99515396,67.61863,0.0
2025-06-10 06:00:00,32.75235,23.468475,1003.2006,4.727172,2.4788435,0.96724373,58.213257,0.0001906883
2025-06-10 12:00:00,30.977203,25.76651,999.82623,0.6621985,7.1124425,0.77581775,73.85774,0.0
2025-06-10 18:00:00,29.463898,24.497711,1003.4581,2.3527992,1.612814,0.951458,74.692444,0.043287873
2025-06-11 00:00:00,27.989105,23.580719,1001.3869,4.2884235,2.7356558,0.9456531,77.00325,0.30327588
2025-06-11 06:00:00,32.02603,23.87912,1003.2056,4.2951794,0.9155016,0.22446078,62.168797,0.0
2025-06-11 12:00:00,30.129547,25.870514,1000.0556,2.8555043,7.0206943,0.61578405,78.00809,0.57766587
2025-06-11 18:00:00,28.551544,25.295685,1002.77625,4.2156286,3.3473995,0.8401978,82.58255,0.0
2025-06-12 00:00:00,28.542633,21.8779,1001.5644,5.84237,0.88886434,0.74324006,67.24656,0.0
2025-06-12 06:00:00,31.583282,23.488068,1002.07935,4.3827124,2.8988423,0.99573994,62.265907,0.0
2025-06-12 12:00:00,30.71634,24.946075,999.8925,0.09608364,7.589001,0.9215635,71.39663,0.021362677
2025-06-12 18:00:00,29.57669,26.530182,1002.78064,2.4079933,5.904043,0.9392231,83.729706,0.0
2025-06-13 00:00:00,28.807526,23.04184,1002.15686,4.1309185,3.9279652,0.28606927,71.07446,0.0
2025-06-13 06:00:00,31.837555,23.683685,1003.5175,2.5619621,3.9203901,0.07982644,62.101643,0.0
2025-06-13 12:00:00,29.839386,25.89627,1001.84937,3.25273,4.972931,0.7315272,79.440796,1.3916605
2025-06-13 18:00:00,29.31894,25.069122,1004.58563,3.5285587,3.9701757,0.8851444,77.93456,0.0
2025-06-14 00:00:00,28.805939,24.042328,1003.1287,4.644328,4.024269,0.94603354,75.49947,0.0
2025-06-14 06:00:00,32.042023,24.471954,1004.6788,4.774044,3.2608113,0.7201872,64.36131,0.015635725
2025-06-14 12:00:00,29.832916,26.03128,1002.6356,3.1345139,6.817629,0.98413086,80.10804,0.25637162
2025-06-14 18:00:00,29.305817,24.091705,1005.54877,5.2107677,1.8104684,0.98348534,73.56491,0.0
2025-06-15 00:00:00,28.283966,23.97348,1003.6319,4.803215,4.453557,0.9866343,77.50205,0.0
2025-06-15 06:00:00,30.432648,25.205536,1004.53186,4.695133,5.370077,0.86249816,73.69563,0.9235494
2025-06-15 12:00:00,31.47525,24.666168,1002.4475,2.3588533,5.3973455,0.9700649,67.24078,0.0
2025-06-15 18:00:00,29.696014,23.743927,1006.11127,5.7568445,4.4219255,0.89275724,70.44006,0.037662685
2025-06-16 00:00:00,28.18509,23.610138,1004.065,4.697614,4.19827,0.54851717,76.26392,0.0
2025-06-16 06:00:00,31.088531,23.644806,1005.265,3.5597076,4.651803,1.0000015,64.651505,0.0
2025-06-16 12:00:00,32.252228,22.751251,1003.3869,3.309723,5.0044665,0.95878875,57.337696,0.0
2025-06-16 18:00:00,28.644012,22.634125,1006.85626,3.9520063,2.9019752,1.0000001,70.00073,0.04158169
2025-06-17 00:00:00,28.606201,23.129913,1006.41376,4.1905875,3.081769,0.9812866,72.29341,0.0
2025-06-17 06:00:00,31.96524,23.126251,1006.8256,4.4602575,3.641338,0.9672094,59.6147,0.0011436641
2025-06-17 12:00:00,31.768463,24.6503,1004.22876,2.4800537,5.513563,0.9534674,66.067825,0.0073499978
2025-06-17 18:00:00,29.926544,23.476715,1007.1163,4.2150917,3.0808544,0.9463545,68.40184,0.0
2025-06-18 00:00:00,28.6055,22.255219,1006.66187,4.918235,1.6385891,0.92664325,68.560234,0.0
2025-06-18 06:00:00,32.04898,23.298553,1007.0419,3.7962627,3.284891,0.99881566,59.953667,0.0
2025-06-18 12:00:00,30.94986,25.375458,1004.8006,0.75169784,6.8391023,1.0,72.27545,0.0
2025-06-18 18:00:00,29.203888,26.449982,1007.3281,2.524953,5.9420567,1.0,85.14722,0.0
2025-06-19 00:00:00,28.93515,23.920197,1005.8181,4.3725786,2.2644567,1.0,74.388565,0.0005720649
2025-06-19 06:00:00,31.985016,23.702118,1006.8306,2.7828321,3.0804017,1.0,61.653286,0.00057253055
2025-06-19 12:00:00,30.534332,25.81131,1004.1956,1.6079786,5.607499,0.9038545,75.95209,0.0043874606
2025-06-19 18:00:00,29.238556,26.791656,1007.9219,2.4424777,5.7479534,0.20066506,86.704475,0.0
2025-06-20 00:00:00,29.040985,24.463959,1006.23627,4.8051977,1.5379417,0.74813765,76.38546,0.00066682696
2025-06-20 06:00:00,32.494293,23.796661,1006.97125,2.8737736,3.2847998,0.25178486,60.245525,0.0
2025-06-20 12:00:00,30.684357,25.28189,1004.65063,0.43604946,6.878947,0.63041764,72.97261,0.0005662441
2025-06-20 18:00:00,29.053925,26.549347,1007.825,2.342263,5.6552134,0.35399812,86.393456,0.0
2025-06-21 00:00:00,28.855988,23.369781,1006.22186,4.9060116,0.54130936,0.6721607,72.29366,0.0
2025-06-21 06:00:00,32.14981,23.510895,1007.3606,2.0311956,2.300629,0.9810242,60.381275,0.00028603245
2025-06-21 12:00:00,30.655304,25.575226,1004.65875,-0.11878586,5.560137,0.98046875,74.37939,0.0
2025-06-21 18:00:00,29.483429,26.453278,1007.65686,2.8585813,5.3756237,0.99714327,83.800285,0.0
2025-06-22 00:00:00,29.35495,23.262238,1005.53876,5.5965185,1.7243615,0.9326971,69.78261,0.0
2025-06-22 06:00:00,32.461212,23.32132,1006.47437,3.170576,3.1727316,0.9287088,58.653492,9.534415e-05
2025-06-22 12:00:00,30.489288,25.106842,1004.35065,2.21118,5.3861995,1.0,73.02652,0.0073552364
2025-06-22 18:00:00,29.083282,25.126495,1007.605,3.6099102,5.579198,1.0,79.27381,0.0
2025-06-23 00:00:00,28.25357,23.282623,1006.245,6.6224337,0.8739167,1.0,74.47458,0.0
2025-06-23 06:00:00,31.37259,22.9169,1005.6869,4.5343637,1.2355471,1.0,60.878162,0.0
2025-06-23 12:00:00,31.136871,24.420807,1003.8019,1.2276561,4.714894,1.0000001,67.54939,0.0
2025-06-23 18:00:00,29.848053,23.635406,1005.85315,3.0037365,4.142728,0.99910957,69.3716,0.0001899898
2025-06-24 00:00:00,28.910797,22.319855,1004.4525,4.888356,1.9303705,0.78342736,67.622665,0.0
2025-06-24 06:00:00,32.54483,22.837677,1004.8594,3.9314547,2.8726664,0.75123423,56.694424,0.0
2025-06-24 12:00:00,32.221832,23.825104,1002.23315,2.3020477,3.481389,0.95967495,61.284542,0.0
2025-06-24 18:00:00,30.445526,22.86856,1005.39435,3.7196093,2.8601184,1.0000002,63.998604,0.0
2025-06-25 00:00:00,29.238556,22.185883,1004.54376,4.934634,2.352969,0.987116,65.813736,0.0
2025-06-25 06:00:00,31.830109,23.141205,1005.4425,2.7795258,3.8053246,1.0,60.1273,0.0
2025-06-25 12:00:00,30.47879,25.47696,1003.185,3.278058,5.5145073,1.0,74.697235,0.017164275
2025-06-25 18:00:00,30.127838,23.04898,1004.84125,3.555213,2.67869,1.0,65.890854,0.0
2025-06-26 00:00:00,29.24533,23.047455,1004.9931,3.886681,2.283335,0.9988278,69.31988,0.0007627532
2025-06-26 06:00:00,31.139313,23.475433,1006.48627,2.7481804,3.601491,0.9733086,63.80996,0.0
2025-06-26 12:00:00,30.118439,26.120514,1003.6769,1.9646609,7.6634026,0.93769574,79.22133,0.20444393
2025-06-26 18:00:00,28.93747,25.733063,1006.4363,3.5372274,5.422981,0.388889,82.880196,0.0
2025-06-27 00:00:00,28.825226,23.010773,1005.5613,4.779417,1.3400927,0.95951766,70.868225,0.0
2025-06-27 06:00:00,31.794586,23.391266,1006.7575,2.3658133,2.7723098,0.66985685,61.16544,0.031664968
2025-06-27 12:00:00,30.805939,25.378693,1004.6406,0.06308746,5.3540463,0.37561607,72.88578,0.0
2025-06-27 18:00:00,29.276642,26.19693,1007.34314,2.6409402,4.798732,0.5122747,83.5327,0.0
2025-06-28 00:00:00,28.868256,22.682953,1006.34686,4.210145,1.4746952,0.9941683,69.30143,0.0
2025-06-28 06:00:00,32.62503,23.453705,1006.4369,3.5894814,1.913734,0.56230056,58.580166,0.00066752546
2025-06-28 12:00:00,30.579987,25.535065,1004.1863,2.292601,5.832056,0.5254199,74.522575,0.24585728
2025-06-28 18:00:00,28.989014,26.306793,1007.2587,3.2978764,4.4533253,0.97053695,85.48661,0.0
2025-06-29 00:00:00,28.433136,22.485992,1005.3738,6.0518675,1.1829913,0.7273184,70.228775,0.0
2025-06-29 06:00:00,31.886871,22.693756,1005.72565,3.7041721,1.5543016,0.9851359,58.331894,0.0016214326
2025-06-29 12:00:00,30.83548,25.304352,1003.6194,0.028439164,5.6173224,0.8959684,72.441925,0.0
2025-06-29 18:00:00,29.293854,25.625885,1005.89185,4.0065145,4.2844987,0.98511356,80.6749,0.0
2025-06-30 00:00:00,28.81546,21.639069,1004.77686,4.5671577,0.4645071,0.9746139,65.231766,0.0
2025-06-30 06:00:00,32.591827,21.243073,1005.58185,2.0331526,0.07934779,0.87679654,51.306427,0.0
2025-06-30 12:00:00,31.198761,24.595978,1003.3069,-0.2066145,4.1143274,1.0,68.020935,0.0
2025-06-30 18:00:00,29.844147,25.429718,1005.8631,2.5593812,5.435018,0.70166993,77.250885,0.0
2025-07-01 00:00:00,29.081146,21.976105,1005.60315,5.2736645,1.2654085,0.96611845,65.57173,0.0
2025-07-01 06:00:00,32.592194,22.715363,1006.15186,3.9199133,2.426413,0.98801214,56.12547,0.0
2025-07-01 12:00:00,31.102203,24.865509,1003.8256,0.19217873,4.771699,0.89595646,69.506454,0.007815659
2025-07-01 18:00:00,29.891449,25.916534,1006.305,2.6057117,5.462391,0.996033,79.298386,0.0
2025-07-02 00:00:00,29.123993,22.243378,1005.3237,5.472163,0.6809206,1.0,66.48332,0.0
2025-07-02 06:00:00,32.245026,23.405151,1006.2381,3.28584,3.0352414,0.87708634,59.675247,0.0
2025-07-02 12:00:00,31.244293,24.590363,1003.7537,2.3384962,4.7340994,0.97324437,67.822014,0.03414601
2025-07-02 18:00:00,30.038605,23.565948,1006.21185,4.4706182,1.4865198,0.9808957,68.32936,0.0
2025-07-03 00:00:00,28.929047,22.454987,1005.96686,4.939394,1.7398021,0.93666357,68.108536,0.0
2025-07-03 06:00:00,31.329376,22.755219,1006.6075,3.5367842,3.6788673,0.97168607,60.43303,0.24415553
2025-07-03 12:00:00,30.869537,24.477325,1004.8256,1.4213209,4.7712917,0.7074813,68.81975,0.0
2025-07-03 18:00:00,29.720978,25.310822,1008.09875,2.947709,4.074458,0.9716736,77.25237,0.0
2025-07-04 00:00:00,29.104156,20.823395,1007.28186,5.1119413,1.1029742,0.9760504,61.020023,0.0
2025-07-04 06:00:00,32.40152,22.528107,1007.5419,3.6125612,2.5280316,0.78699386,56.091404,0.0
2025-07-04 12:00:00,31.641144,24.065094,1004.60815,1.1378574,4.878707,0.6397385,64.254265,0.0
2025-07-04 18:00:00,30.253082,23.985748,1007.7581,4.5255623,2.4244175,1.0,69.21992,0.0
2025-07-05 00:00:00,29.042877,21.435516,1007.1669,5.4582386,0.30742645,0.99950564,63.581352,0.0
2025-07-05 06:00:00,32.7305,22.917694,1006.91187,3.8024673,1.2876308,0.7035598,56.37681,0.0
2025-07-05 12:00:00,31.576202,24.933624,1003.96185,0.8525554,4.92597,0.9995056,67.93244,0.0001899898
2025-07-05 18:00:00,30.496857,24.544952,1006.96436,3.3407307,3.9858027,1.0,70.58692,0.0
2025-07-06 00:00:00,29.141937,21.635529,1005.8744,6.7000456,0.0801056,0.96466666,63.9966,0.0
2025-07-06 06:00:00,32.96353,22.301056,1006.16125,3.8531828,2.492232,0.95398635,53.59807,0.0
2025-07-06 12:00:00,31.687897,24.363068,1003.2594,1.1447276,4.5106816,0.5934923,65.23946,0.005148351
2025-07-06 18:00:00,30.411713,23.611969,1006.3812,3.5666952,3.739182,0.89665383,67.06817,0.0
2025-07-07 00:00:00,29.269745,21.746124,1005.7656,6.1165257,0.14147049,0.9987186,63.956505,0.0
2025-07-07 06:00:00,32.44986,22.08255,1006.575,4.6531525,2.2502506,0.9720698,54.442562,0.0
2025-07-07 12:00:00,31.57132,24.179962,1003.66437,0.43581104,4.803281,0.9944395,64.9558,0.0
2025-07-07 18:00:00,30.023773,25.005646,1006.8744,2.587527,5.100383,0.88191265,74.55143,0.0
2025-07-08 00:00:00,29.171295,21.937592,1005.77814,5.4792986,0.57625484,0.41635525,65.077705,0.0
2025-07-08 06:00:00,32.578644,23.30075,1006.3375,3.3301516,1.1588881,0.4360302,58.193886,0.0
2025-07-08 12:00:00,30.94632,25.099884,1004.1906,0.3955695,5.8000183,0.45082295,71.114075,0.00628829
2025-07-08 18:00:00,29.754852,26.024078,1007.6763,2.7633061,5.018858,0.4542709,80.43444,0.0
2025-07-09 00:00:00,29.359528,22.32486,1005.9794,4.989253,0.21390629,0.15238559,65.91065,0.0
2025-07-09 06:00:00,32.799103,23.158112,1006.78815,2.827818,0.2066657,0.46555263,56.98232,0.0
2025-07-09 12:00:00,31.717194,24.89212,1003.625,0.11590862,3.660654,0.86281776,67.22419,0.0423491
2025-07-09 18:00:00,29.741547,25.291168,1006.45374,3.0618682,5.0339885,0.33383942,77.07079,0.0
2025-07-10 00:00:00,29.352997,23.042267,1005.4356,4.386711,1.5318146,0.5976644,68.86856,0.0
2025-07-10 06:00:00,32.29117,22.594025,1006.33124,1.2353747,-0.4475851,0.43151528,56.668484,0.0003813766
2025-07-10 12:00:00,31.356476,24.53946,1002.8925,-2.8080893,4.377907,0.39822924,67.18547,0.0
2025-07-10 18:00:00,29.785065,24.206085,1005.76874,2.760397,4.0373507,0.31397557,72.05305,0.0050514936
2025-07-11 00:00:00,29.518463,23.874725,1004.58813,3.724331,2.6207495,0.19179285,71.72659,0.0
2025-07-11 06:00:00,32.327057,23.78592,1005.51935,1.1062629,1.7520173,0.80882096,60.77775,0.0017168932
2025-07-11 12:00:00,31.368683,25.443146,1002.4981,-0.54923606,3.888276,0.78026444,70.85574,0.0
2025-07-11 18:00:00,30.00705,25.265045,1006.3881,2.294921,4.354416,0.87950087,75.785,0.0
2025-07-12 00:00:00,28.306366,23.290009,1005.1181,5.2712603,1.1016493,0.9433964,74.27924,0.0293653
2025-07-12 06:00:00,32.36148,24.223785,1005.8081,3.674573,-0.8877773,0.83351654,62.2763,0.0
2025-07-12 12:00:00,31.336212,25.53238,1003.2031,-0.24892616,4.0599346,0.6843131,71.36407,0.004297588
2025-07-12 18:00:00,29.263275,25.622223,1006.58936,2.046332,5.3579173,0.9793673,80.79998,0.0
2025-07-13 00:00:00,29.169403,22.171783,1005.1181,5.211686,0.5326948,0.9713792,66.02057,0.0
2025-07-13 06:00:00,32.84439,23.576935,1006.02936,2.6487894,0.22957182,0.9908809,58.292316,0.0
2025-07-13 12:00:00,31.71939,24.973175,1003.5656,1.018507,5.313056,0.9930607,67.541595,0.009894371
2025-07-13 18:00:00,28.969818,24.099762,1007.08936,2.077128,2.2305727,0.9738782,75.044426,0.0
2025-07-14 00:00:00,29.1232,22.307281,1005.28375,5.390683,0.54844666,0.99128443,66.745415,0.0
2025-07-14 06:00:00,32.793488,23.286102,1005.93,4.9520855,0.63585126,0.9961504,57.442856,0.0
2025-07-14 12:00:00,32.10013,24.117462,1003.3069,0.94023585,4.1388965,0.9843691,62.80136,0.0
2025-07-14 18:00:00,30.188934,21.74234,1006.91,5.081703,2.0581646,0.9533895,60.645897,0.0
2025-07-15 00:00:00,28.691315,22.053375,1004.8162,6.2227287,-0.49004364,0.9731696,67.38609,0.0
2025-07-15 06:00:00,31.957672,22.708038,1005.48126,3.7764158,0.17774582,0.96543103,58.148743,0.0
2025-07-15 12:00:00,32.1127,24.558868,1002.35815,-0.31847095,4.423995,1.0000001,64.43863,0.0
2025-07-15 18:00:00,30.735382,23.180695,1005.47876,3.5036907,3.919797,0.99999976,64.14627,0.0
2025-07-16 00:00:00,29.069122,22.097504,1004.0687,5.269553,0.58691597,0.78779566,66.10477,0.0
2025-07-16 06:00:00,32.635406,23.398895,1004.70685,2.4681396,0.4961425,0.9879218,58.35265,0.0008584466
2025-07-16 12:00:00,31.061554,25.088043,1001.9319,0.18107605,6.585492,0.99565583,70.59837,0.0004528556
2025-07-16 18:00:00,30.097443,23.960968,1004.6937,5.56565,1.0323133,0.96893,69.737015,0.0034570694
2025-07-17 00:00:00,28.394379,22.365204,1004.0656,7.790592,-0.53832626,0.9904844,69.87227,0.0
2025-07-17 06:00:00,32.535187,22.693634,1004.6106,3.0632439,0.36250114,0.69848967,56.23204,0.00028614886
2025-07-17 12:00:00,31.640045,23.99588,1002.235,0.22996902,4.997903,0.9735791,63.991714,0.0
2025-07-17 18:00:00,30.149506,22.77652,1005.4494,3.2149692,3.5643816,0.7889595,64.73199,0.0
2025-07-18 00:00:00,28.975677,22.06308,1004.2575,4.290002,0.30363846,0.97365713,66.32394,0.0
2025-07-18 06:00:00,32.409454,22.791962,1005.0544,2.4391785,-0.47348118,0.9920532,56.971115,0.00028603245
2025-07-18 12:00:00,29.073761,24.638458,1002.4338,-1.5076513,1.8092866,0.99802196,77.040794,1.3621272
2025-07-18 18:00:00,29.342072,23.199493,1004.2975,3.6368685,2.5221272,0.7969655,69.57029,0.0
2025-07-19 00:00:00,28.566437,22.63388,1002.9319,5.710929,0.74936944,0.985756,70.31563,0.0
2025-07-19 06:00:00,29.50882,23.357086,1003.15936,5.852766,1.9518616,0.99999994,69.563065,0.27696478
2025-07-19 12:00:00,29.272125,23.397675,1000.495,4.590163,0.87456894,1.0,70.69284,0.37400627
2025-07-19 18:00:00,28.761505,22.1622,1003.6331,8.223164,1.4786774,1.0,67.558815,0.0
2025-07-20 00:00:00,27.516998,22.654816,1001.8038,6.1082582,1.3924849,1.0,74.846436,0.0
2025-07-20 06:00:00,29.99356,22.013214,1003.6425,5.970786,1.2305455,0.9944458,62.35246,0.0
2025-07-20 12:00:00,31.25882,22.52481,1001.3063,2.2032537,2.4043286,1.0,59.8337,0.010114163
2025-07-20 18:00:00,28.838226,22.084747,1003.74,7.004174,1.1589609,0.99960256,66.94241,0.04165177
2025-07-21 00:00:00,28.018463,21.904022,1003.1025,6.043521,1.9460492,0.99069965,69.43986,0.0
2025-07-21 06:00:00,29.307648,23.150635,1004.17,5.2348595,1.1827431,0.9440523,69.50316,0.08067675
2025-07-21 12:00:00,31.214386,22.025543,1002.67377,3.3469286,3.6382666,1.0,58.190216,0.0
2025-07-21 18:00:00,27.40451,23.014984,1005.3756,5.59869,1.4271269,0.9955316,77.00334,0.44888797
2025-07-22 00:00:00,27.616272,23.065521,1004.65375,5.031023,3.8567994,0.990978,76.28787,0.0
2025-07-22 06:00:00,31.741486,22.199982,1005.7606,5.0852365,3.2737792,0.9881382,57.076027,0.0
2025-07-22 12:00:00,32.204254,22.941559,1002.1813,2.5985174,5.5896325,0.98772347,58.16019,0.0054351985
2025-07-22 18:00:00,29.020416,22.800629,1005.8425,5.4589252,2.2980008,0.9267078,69.185455,0.09566918
2025-07-23 00:00:00,27.51535,23.052246,1004.6244,5.7281723,2.6402812,0.999109,76.67799,0.12856132
2025-07-23 06:00:00,30.430939,22.76535,1004.2431,5.468135,1.9111959,0.82387996,63.652706,0.0
2025-07-23 12:00:00,31.084259,23.285858,1001.83563,3.0831823,4.5766325,0.9985166,63.28235,0.0
2025-07-23 18:00:00,28.636566,21.528046,1004.9675,5.698822,1.4359784,0.9986149,65.46598,0.0
2025-07-24 00:00:00,28.274261,21.509247,1003.36,5.228654,1.9647995,0.98708797,66.7821,0.0
2025-07-24 06:00:00,31.222198,21.971222,1004.47314,5.0142994,3.4833531,0.88087773,57.971985,0.0009534415
2025-07-24 12:00:00,31.484772,22.652008,1002.01624,2.8693466,3.7727814,1.0,59.52746,0.0
2025-07-24 18:00:00,29.300934,22.710175,1004.8281,5.6907015,2.9475355,0.9991094,67.70013,0.0068619847
2025-07-25 00:00:00,28.382233,22.363556,1003.27625,5.375371,3.2492328,1.0,69.91464,0.0
2025-07-25 06:00:00,29.957062,22.915192,1005.10565,3.9600735,4.942896,1.0,66.003716,0.001527369
2025-07-25 12:00:00,31.413727,22.120026,1003.0275,1.8320274,5.3236256,1.0,57.866062,0.0
2025-07-25 18:00:00,29.421295,23.515167,1005.71436,4.6911726,3.559418,1.0,70.58507,0.03260374
2025-07-26 00:00:00,28.472565,22.867218,1004.7388,4.9261103,4.115452,1.0,71.70751,0.0
2025-07-26 06:00:00,30.8555,22.815826,1006.4331,5.2643394,3.3057492,1.0,62.316185,0.017832454
2025-07-26 12:00:00,30.701508,22.930267,1004.9381,4.886218,3.1565847,0.99950576,63.304222,0.062082473
2025-07-26 18:00:00,27.635773,23.842743,1008.3975,5.0648737,2.8816032,0.99843156,79.85819,0.18635374
2025-07-27 00:00:00,27.486542,22.81491,1007.0419,4.910232,0.8609809,0.97971344,75.71146,0.0
2025-07-27 06:00:00,31.818268,21.939117,1007.1763,2.9940538,2.680595,0.37568712,55.93164,0.0
2025-07-27 12:00:00,30.614532,23.114532,1004.40564,1.0885413,2.917863,0.33972967,64.33319,0.07257238
2025-07-27 18:00:00,29.78598,22.503937,1008.08185,4.782386,0.862689,0.33630055,65.01422,0.0
2025-07-28 00:00:00,28.29538,21.12326,1006.02625,4.953699,-0.7277241,0.991503,65.14054,0.0
2025-07-28 06:00:00,32.14981,21.130157,1006.3575,2.3211803,-1.0485163,0.9262249,52.240105,0.0
2025-07-28 12:00:00,30.804596,23.772736,1004.59564,-0.89921,3.4478178,0.5672523,66.21551,0.0
2025-07-28 18:00:00,29.600739,24.991486,1008.0613,2.8389113,4.6613064,0.8671885,76.32386,0.0
2025-07-29 00:00:00,28.954742,21.555817,1006.48376,3.62951,1.6941481,0.12340085,64.37888,0.0
2025-07-29 06:00:00,33.017975,21.211456,1005.9913,3.0305614,-0.4829321,0.036841232,49.993168,0.0
2025-07-29 12:00:00,31.67862,23.480988,1004.1894,-0.97154427,2.4807806,0.38245964,61.903328,0.0
2025-07-29 18:00:00,30.578766,23.087189,1007.89685,3.139454,2.6708918,0.882512,64.358444,0.0
2025-07-30 00:00:00,29.187836,21.614044,1006.4381,3.7697191,-0.7794771,0.85595804,63.743217,0.0
2025-07-30 06:00:00,32.769928,21.522552,1006.17065,2.0734499,-0.3825798,0.8014883,51.671307,0.0
2025-07-30 12:00:00,31.55899,24.35794,1004.22314,-0.6230869,3.9944162,0.57087326,65.69854,0.009536976
2025-07-30 18:00:00,30.115631,24.190094,1007.3619,2.7259555,4.3630667,0.74857295,70.62912,0.0
2025-07-31 00:00:00,29.137543,22.73819,1005.9988,3.634367,1.8684444,0.9592054,68.45862,0.0
2025-07-31 06:00:00,31.978912,23.16034,1006.20123,0.011962891,0.6905738,0.92446464,59.69146,0.0
2025-07-31 12:00:00,30.149323,25.634308,1004.4356,-1.2067804,4.1280155,0.9666876,76.83597,0.1257062
2025-07-31 18:00:00,28.849884,24.078156,1006.9487,2.3371882,2.113923,0.9477368,75.4696,0.0
2025-08-01 00:00:00,28.96347,23.735016,1005.2506,3.6705265,1.2800245,0.98392874,73.44408,0.0
2025-08-01 06:00:00,31.995026,23.519623,1005.9888,0.13025022,-0.8580189,0.97302294,60.944603,0.0
2025-08-01 12:00:00,29.684235,25.538483,1003.77185,-2.131297,3.7929382,0.9850531,78.4706,0.05158782
2025-08-01 18:00:00,28.845459,25.279083,1007.08813,1.6698833,4.092826,0.99294394,81.1063,0.0
2025-08-02 00:00:00,27.324554,24.556305,1005.84937,0.6367717,1.170207,0.95013475,84.88258,0.0
2025-08-02 06:00:00,30.519196,24.89804,1006.295,0.75647604,1.0112638,0.57049716,71.99968,0.06676263
2025-08-02 12:00:00,29.42923,26.196075,1003.5625,-0.7417669,3.4782562,0.9914118,82.795906,0.46995297
2025-08-02 18:00:00,27.063873,25.139923,1007.21375,3.013767,4.2973337,0.9996091,89.24595,0.0
2025-08-03 00:00:00,26.24997,24.43814,1005.5681,3.6981478,1.2638407,0.9996094,89.78525,0.38912237
2025-08-03 06:00:00,28.056671,23.870636,1007.8775,1.7934408,3.9802322,1.0,78.05077,0.0
2025-08-03 12:00:00,27.564606,25.10318,1006.02435,0.6820717,5.983424,1.0,86.47553,0.0
2025-08-03 18:00:00,27.69815,24.843903,1007.86127,2.8703732,3.0978909,1.0,84.48648,0.0
2025-08-04 00:00:00,27.0018,23.74414,1006.265,3.251027,1.1444664,0.97835517,82.39082,0.0
2025-08-04 06:00:00,30.116852,23.481049,1007.12,0.040073574,-0.28898144,0.8789701,67.67575,0.0
2025-08-04 12:00:00,28.893951,25.080475,1004.8031,-0.6428766,4.858005,0.99227285,79.92795,0.034213066
2025-08-04 18:00:00,27.39206,25.007477,1007.8244,3.3403544,2.2725925,0.9974371,86.85655,0.26793528
2025-08-05 00:00:00,26.58899,24.30893,1006.52185,2.1284757,0.64537406,0.9000358,87.32878,0.0
2025-08-05 06:00:00,29.727081,24.158234,1007.33124,0.552431,1.7679975,0.37133193,72.0867,0.0
2025-08-05 12:00:00,28.591461,25.443695,1004.4875,0.73894787,4.819908,0.70958847,83.119644,0.98883986
2025-08-05 18:00:00,27.27597,25.198517,1007.1881,4.542197,2.3394814,0.5495838,88.450386,0.0
2025-08-06 00:00:00,26.916962,22.392487,1006.1156,4.9960957,0.009149551,0.50191957,76.30173,0.0
2025-08-06 06:00:00,31.181915,22.716461,1006.4963,1.4526091,-0.5094614,0.7961974,60.799454,0.0
2025-08-06 12:00:00,30.408356,24.685516,1003.79,-1.389389,4.226347,0.9999975,71.54438,0.024986453
2025-08-06 18:00:00,28.609894,25.410858,1005.96686,2.2543945,5.442229,0.99526465,82.868866,0.0
2025-08-07 00:00:00,28.024689,24.713654,1005.205,2.5352077,1.7840471,0.95784354,82.24917,0.0
2025-08-07 06:00:00,31.38675,23.429474,1006.21936,1.1612425,1.8146734,1.0000007,62.74323,0.0037199352
2025-08-07 12:00:00,30.314362,25.33786,1003.3219,-0.95479393,5.195911,0.81516117,74.78332,0.0
2025-08-07 18:00:00,28.599243,25.44223,1006.29376,2.4268155,5.1584883,0.97778255,83.07486,0.007056621
2025-08-08 00:00:00,27.791046,24.65384,1005.25,2.9112544,2.9563484,0.99436706,83.08061,0.0019064276
2025-08-08 06:00:00,30.471588,24.435333,1007.2481,0.10653323,0.33720303,0.9181163,70.226845,0.0
2025-08-08 12:00:00,29.619904,25.734283,1005.6981,-0.98817444,3.8192372,0.9996034,79.68242,0.0
2025-08-08 18:00:00,27.434204,25.421448,1009.555,1.9902563,5.1624823,0.7604567,88.80404,0.16921759
2025-08-09 00:00:00,26.215912,24.174591,1008.0831,1.9279636,-0.94214535,0.94075227,88.55623,0.0
2025-08-09 06:00:00,29.64212,24.07962,1010.04877,1.6355555,1.9942441,1.0,72.09932,0.0
2025-08-09 12:00:00,29.059723,25.213043,1007.41064,-0.0015773773,4.543992,1.0,79.79206,0.0
2025-08-09 18:00:00,27.600983,25.005585,1009.58563,2.546551,4.1652555,0.9828737,85.791275,0.33551455
2025-08-10 00:00:00,27.571808,25.128021,1008.4319,2.8191395,1.6754885,0.99999994,86.56713,0.0
2025-08-10 06:00:00,29.493195,24.850067,1009.1925,1.7967458,4.0285177,0.9819896,76.15331,0.025191229
2025-08-10 12:00:00,28.586853,24.792023,1006.1206,1.6101391,5.889143,0.9707645,79.976135,0.0
2025-08-10 18:00:00,27.58847,25.329346,1009.3806,3.3230176,4.0269804,0.82402086,87.52535,0.003427267
2025-08-11 00:00:00,26.613983,24.7305,1007.77185,2.2347982,2.3678193,0.9031526,89.42791,0.020503998
2025-08-11 06:00:00,29.113434,23.676056,1009.72064,3.913477,3.2103481,1.0,72.55153,0.0
2025-08-11 12:00:00,28.27237,24.188751,1006.075,1.3274919,5.448308,0.9995059,78.563126,0.0
2025-08-11 18:00:00,27.84665,25.450043,1008.3794,3.2491562,4.731723,0.99355495,86.83572,0.0
2025-08-12 00:00:00,27.602997,22.73996,1005.9319,5.3201294,1.2871901,0.9912723,74.85646,0.0
2025-08-12 06:00:00,29.93338,22.490997,1007.66815,3.9897404,1.2950426,1.0,64.41469,0.0
2025-08-12 12:00:00,29.56607,23.824127,1004.965,1.0642073,3.7110987,1.0,71.312675,0.09417534
2025-08-12 18:00:00,27.620453,24.423615,1006.6937,2.5908933,4.3266177,1.0,82.76511,0.0
2025-08-13 00:00:00,27.684784,21.661163,1004.185,6.321639,0.66943455,0.9988223,69.76312,0.0
2025-08-13 06:00:00,30.079987,22.263947,1006.0875,4.455229,0.70710945,1.0,62.99857,0.0
2025-08-13 12:00:00,29.341522,23.927765,1003.845,1.1397969,4.7750506,1.0,72.69403,0.10615042
2025-08-13 18:00:00,27.97171,24.547028,1006.545,2.9155579,3.9313886,0.98892224,81.68581,0.0
2025-08-14 00:00:00,27.368866,22.130707,1005.6887,4.530555,1.5197551,0.9261035,73.13055,9.49949e-05
2025-08-14 06:00:00,30.801666,22.66037,1006.95,3.8594246,3.7854903,0.9493975,61.921566,0.0011455268
2025-08-14 12:00:00,29.809113,24.53775,1003.97815,1.7158943,5.424321,0.9740478,73.39724,0.041585416
2025-08-14 18:00:00,28.394623,25.582916,1006.3237,2.5171957,4.329279,0.67974865,84.77375,0.0
2025-08-15 00:00:00,27.463715,21.886505,1005.1169,4.776307,1.5881088,0.67473114,71.65058,0.0
2025-08-15 06:00:00,30.575714,22.779205,1006.27374,3.9997034,3.4285889,0.59086555,63.18037,0.0
2025-08-15 12:00:00,28.985382,25.34378,1003.3425,1.7710798,5.8589897,0.9659197,80.76187,0.74157715
2025-08-15 18:00:00,28.184906,24.815826,1004.84436,4.035845,2.6842813,1.0000007,81.98372,0.0
2025-08-16 00:00:00,27.837433,21.763336,1003.48315,6.065278,2.0073688,0.9736621,69.57692,0.0
2025-08-16 06:00:00,30.385529,22.079071,1004.1306,3.677536,3.1403224,0.99454266,61.21102,0.0
2025-08-16 12:00:00,29.898346,24.357574,1001.22815,1.8472681,5.7302623,0.98494184,72.23803,0.0015199184
2025-08-16 18:00:00,28.786835,24.546661,1003.9319,3.5035582,3.7864053,0.99188304,77.90277,0.0
2025-08-17 00:00:00,27.369934,23.05606,1002.8281,5.5110292,2.8870404,1.0,77.35145,0.0038146973
2025-08-17 06:00:00,28.442047,23.618073,1005.1856,3.7377205,3.142572,1.0,75.16828,0.041003432
2025-08-17 12:00:00,29.699615,24.029083,1002.78375,1.8193557,3.4893456,1.0,71.64322,0.0
2025-08-17 18:00:00,28.55777,23.636383,1005.5144,4.114828,2.907069,1.0,74.74703,0.0
2025-08-18 00:00:00,28.189545,21.39212,1005.70874,5.8965816,1.0885208,1.0,66.632645,0.0
2025-08-18 06:00:00,30.85196,22.601654,1006.8325,3.4352694,3.886923,1.0000002,61.52433,0.0
2025-08-18 12:00:00,30.226349,23.777618,1004.4956,2.7436533,4.7687254,1.0000002,68.46405,0.0
2025-08-18 18:00:00,29.164642,22.02237,1007.405,3.5674133,2.8159516,0.9937642,65.44022,0.0
2025-08-19 00:00:00,28.241058,20.366974,1006.8006,4.9803,1.9289856,0.9749949,62.374115,0.0
2025-08-19 06:00:00,31.084137,21.546417,1007.39185,2.8804703,3.5021958,0.28917676,56.932957,0.0
2025-08-19 12:00:00,30.959503,23.48294,1004.03815,0.66316223,3.9165087,0.8503473,64.49675,0.0
2025-08-19 18:00:00,28.71164,25.092438,1007.10315,2.4117746,5.3461127,0.5397487,80.83469,0.0
2025-08-20 00:00:00,27.8721,22.56253,1007.16815,4.5072575,0.635334,0.10819253,72.89966,0.0
2025-08-20 06:00:00,31.43753,21.039581,1008.04376,0.683699,1.2949309,0.30129755,54.091816,0.0
2025-08-20 12:00:00,30.829987,23.51773,1004.9275,-0.6322212,4.3455296,0.80757266,65.11179,0.0
2025-08-20 18:00:00,28.840057,24.839874,1008.66626,3.1753645,4.632721,0.2806977,79.03564,0.0
2025-08-21 00:00:00,28.141876,22.83255,1008.9919,1.7353578,3.16084,0.09584367,72.94703,0.0
2025-08-21 06:00:00,31.481598,21.905304,1009.2587,0.21166709,2.9694161,0.57612187,56.893436,0.0
2025-08-21 12:00:00,29.893951,24.81009,1005.9288,-3.1468096,3.7624207,0.648345,74.23853,0.0
2025-08-21 18:00:00,28.820343,25.612213,1009.21,-1.5374088,3.2462826,0.9659134,82.84838,0.00057183206
2025-08-22 00:00:00,27.76065,24.545807,1008.3819,2.8093698,4.1026797,0.91313976,82.69229,0.07172115
2025-08-22 06:00:00,30.074738,23.987213,1009.21686,2.8714132,1.7151178,0.9418633,69.93818,0.0
2025-08-22 12:00:00,29.685944,24.714203,1005.40686,-0.15890217,2.3730183,0.46350592,74.70346,0.2707718
2025-08-22 18:00:00,28.849396,25.5372,1008.78815,0.4704594,3.9883046,0.36111295,82.3415,0.0
2025-08-23 00:00:00,27.872559,24.849457,1007.53687,3.023306,2.890328,0.9951537,83.658005,0.0026710331
2025-08-23 06:00:00,30.178864,24.267548,1008.84436,1.7702255,2.8941677,0.95439494,70.700874,0.002861023
2025-08-23 12:00:00,29.659454,25.14273,1006.2175,0.5676594,2.7511473,0.98784953,76.754776,0.010486692
2025-08-23 18:00:00,28.28711,25.56253,1009.10815,2.5971324,4.4611335,0.98783505,85.20234,0.0
2025-08-24 00:00:00,27.884491,24.021515,1008.04565,3.6539717,2.1111927,0.43430454,79.55659,0.00047683716
2025-08-24 06:00:00,31.749664,21.853424,1009.05,1.4737921,1.0177298,0.29261118,55.85681,0.0
2025-08-24 12:00:00,29.903717,25.027496,1006.2438,-1.4079037,4.6728096,0.47975653,75.16547,0.0
2025-08-24 18:00:00,28.701813,25.323761,1009.04626,2.0839634,5.0048423,0.7407905,82.00227,0.0
2025-08-25 00:00:00,28.27945,24.078033,1007.66376,3.529004,2.7055902,0.98251325,78.010735,0.0
2025-08-25 06:00:00,31.728668,21.450958,1007.64435,0.80176693,-0.5403795,0.9956415,54.564087,0.0
2025-08-25 12:00:00,30.673248,24.43399,1004.1525,-3.8493814,0.49708748,0.8113417,69.41561,0.0
2025-08-25 18:00:00,29.34314,26.26297,1007.7725,-0.21009064,4.907837,0.99999994,83.53781,0.0
2025-08-26 00:00:00,28.266998,24.944977,1007.09625,2.2555308,4.717613,0.99703324,82.22414,0.011920929
2025-08-26 06:00:00,31.438507,23.204987,1007.2675,1.9969873,2.9221761,0.9580793,61.71661,0.0
2025-08-26 12:00:00,30.183258,24.640533,1004.68,-1.2991877,5.827588,0.46910453,72.2791,0.0
2025-08-26 18:00:00,28.947845,25.845612,1007.39685,3.0838587,5.7340913,0.99882203,83.38482,0.0
2025-08-27 00:00:00,28.730347,20.762482,1005.6131,5.594862,0.57289886,0.97395116,62.122185,0.0
2025-08-27 06:00:00,32.181183,21.808685,1006.3756,3.8464375,2.2518,0.9921734,54.359447,0.0
2025-08-27 12:00:00,30.343292,24.255035,1004.34564,0.70399475,6.417899,0.96811306,69.984795,0.062555075
2025-08-27 18:00:00,28.556244,23.65628,1006.78564,3.1893415,3.6288586,0.99207765,74.843285,0.22836325
2025-08-28 00:00:00,28.400818,22.30423,1006.0544,5.319582,1.7217429,0.9307129,69.587555,0.0
2025-08-28 06:00:00,32.1138,22.730438,1005.91064,4.737731,3.5387554,0.8781662,57.715397,0.0
2025-08-28 12:00:00,30.864655,25.040192,1003.46185,1.4862242,5.784463,0.94379884,71.192635,0.035196543
2025-08-28 18:00:00,29.28775,24.146515,1006.5144,3.565281,1.8102765,0.9999993,73.88436,0.07084012
2025-08-29 00:00:00,28.683441,22.214508,1006.2644,4.660225,2.2680156,0.97749466,68.08191,0.0
2025-08-29 06:00:00,32.058746,23.278595,1007.03186,2.3447123,3.6477401,0.8243426,59.84838,0.0
2025-08-29 12:00:00,30.431427,24.606842,1004.6431,0.7354536,7.338765,0.24164635,71.11464,0.06828457
2025-08-29 18:00:00,29.541351,26.08487,1008.2225,2.2344341,4.867566,0.5263797,81.723175,0.0
2025-08-30 00:00:00,28.717743,22.64804,1007.2,4.250348,1.9218262,0.9676319,69.76083,0.0
2025-08-30 06:00:00,32.74893,23.229584,1007.6844,2.6458435,2.836073,0.37461054,57.39089,0.0
2025-08-30 12:00:00,30.293976,24.83194,1005.0769,0.6010486,5.658274,0.74876297,72.647484,0.09149313
2025-08-30 18:00:00,29.751862,24.367828,1007.97314,3.4333878,3.4030142,0.74318963,72.894165,0.0
2025-08-31 00:00:00,28.633636,22.681915,1007.35065,5.0625505,0.33397675,0.9482929,70.2463,0.0
2025-08-31 06:00:00,31.951324,22.278717,1007.72626,3.1911945,0.52460456,0.9794737,56.672043,0.0
2025-08-31 12:00:00,30.399933,24.18155,1004.65436,1.2908344,4.1546,0.97255343,69.45126,0.03223773
2025-08-31 18:00:00,29.283417,25.510162,1006.77435,2.8041716,4.7542186,0.98473287,80.17084,0.0
2025-09-01 00:00:00,28.711273,22.747467,1004.8787,3.9921885,0.28902626,0.9226042,70.20919,0.0
2025-09-01 06:00:00,32.036774,23.504913,1006.0475,2.5009003,-0.6841364,0.9936461,60.74682,0.0001906883
2025-09-01 12:00:00,30.326324,25.095245,1002.8869,-0.13090515,2.6151857,0.9985167,73.66057,0.15013222
2025-09-01 18:00:00,28.644623,25.7919,1005.9175,3.2800255,2.8287973,1.0,84.59379,0.0
2025-09-02 00:00:00,28.668182,21.855621,1004.2775,5.502857,0.7030697,1.0000007,66.667534,0.0
2025-09-02 06:00:00,32.29593,22.202484,1005.3663,3.8777704,0.14507127,1.0,55.32056,0.0
2025-09-02 12:00:00,31.21585,24.033478,1002.6206,0.20517272,3.8050728,1.0,65.70221,0.0
2025-09-02 18:00:00,29.380035,24.847076,1005.72876,3.9357235,4.6643777,0.995542,76.63845,0.0
2025-09-03 00:00:00,28.549957,21.35019,1003.65936,5.066635,0.63198376,0.99960333,65.083244,0.0
2025-09-03 06:00:00,31.897247,21.648895,1005.64124,1.6837254,0.39217377,1.0,54.70352,0.0
2025-09-03 12:00:00,30.358185,24.285797,1003.42126,0.8923321,6.222066,0.99960345,70.05415,0.009156764
2025-09-03 18:00:00,28.520355,25.324738,1006.965,2.08912,4.685959,0.9562008,82.8754,0.048063695
2025-09-04 00:00:00,28.694305,21.56247,1005.7531,5.0921154,1.2506866,0.9740117,65.3846,0.0
2025-09-04 06:00:00,31.890778,22.780243,1006.9419,3.965273,-0.121601105,0.9412894,58.625656,0.0
2025-09-04 12:00:00,30.78189,24.281525,1003.53064,-0.09893298,4.6580896,0.52186954,68.358665,0.03156811
2025-09-04 18:00:00,28.971283,25.86148,1007.5044,2.5251224,5.685094,0.45761734,83.35006,0.0
2025-09-05 00:00:00,28.879364,22.115753,1006.4231,3.9121733,1.3759737,0.9443499,66.90934,0.0
2025-09-05 06:00:00,31.89566,22.195404,1008.08813,0.7732094,0.3543222,0.37944782,56.563484,0.0
2025-09-05 12:00:00,29.894562,24.881134,1004.8113,0.0063562393,5.4962425,0.41051728,74.55141,0.016786158
2025-09-05 18:00:00,28.798126,25.368683,1007.97687,2.2451897,4.7533484,0.8398879,81.76369,0.0
2025-09-06 00:00:00,28.431427,24.486969,1007.64935,1.1380374,3.2640715,0.6560381,79.24312,0.0
2025-09-06 06:00:00,31.28543,23.652924,1008.6831,0.95113367,0.5753126,0.42357445,63.961704,0.0
2025-09-06 12:00:00,29.720001,25.57901,1005.8775,-0.34162807,4.7789726,0.40544146,78.49783,0.018879771
2025-09-06 18:00:00,28.361298,25.631012,1008.2275,2.9679766,4.113106,0.9892034,85.18099,0.0
2025-09-07 00:00:00,28.39972,24.037506,1007.28436,3.2099705,1.9252262,0.96103555,77.278625,0.012299279
2025-09-07 06:00:00,29.237335,23.862457,1008.02625,2.5197048,-2.1342068,0.7517551,72.84624,0.006109476
2025-09-07 12:00:00,29.819,25.308746,1004.71124,-3.5520144,0.70048904,0.574797,76.808266,0.8531064
2025-09-07 18:00:00,27.64914,25.341522,1007.835,1.3908286,1.6988344,0.2748497,87.278564,0.0
2025-09-08 00:00:00,27.182343,25.224884,1007.73126,2.5974917,3.624192,0.359006,89.07708,0.0
2025-09-08 06:00:00,31.033112,23.527374,1007.705,2.4543896,-0.24714226,0.48957855,64.3988,0.0
2025-09-08 12:00:00,29.989655,25.196442,1004.385,-2.5559149,2.0444107,0.20469338,75.55164,0.009542331
2025-09-08 18:00:00,28.075165,25.057129,1008.1994,-0.503802,4.66145,0.5123285,83.70575,0.7977902
2025-09-09 00:00:00,28.048187,25.591644,1007.33563,3.902238,2.8019452,0.5538221,86.545616,0.0
2025-09-09 06:00:00,31.06192,24.814972,1008.04626,1.6596142,2.0550601,0.5544135,69.456406,0.009156764
2025-09-09 12:00:00,30.262482,25.42984,1005.14,-1.4012442,2.6803656,0.9724611,75.41742,0.0
2025-09-09 18:00:00,28.841522,24.759796,1008.5081,0.88960624,5.3875713,0.84286857,78.65194,0.44840574
2025-09-10 00:00:00,27.618256,24.808167,1008.36,1.6764078,3.4630587,0.9704908,84.70112,0.0
2025-09-10 06:00:00,31.209503,24.707672,1008.45935,1.7231913,2.956194,0.20820966,68.43473,0.0
2025-09-10 12:00:00,29.30429,25.31186,1005.1763,0.26833057,4.5728564,0.2679054,79.13594,0.0
2025-09-10 18:00:00,27.748444,24.862762,1008.5081,4.715993,1.636256,0.9154957,84.33346,0.1713865
2025-09-11 00:00:00,26.944061,21.761627,1006.54626,4.6824455,0.6321564,0.63416904,73.30698,0.0
2025-09-11 06:00:00,31.759186,21.934845,1007.6731,0.92400545,-0.2169714,0.99515295,56.104744,0.0018116552
2025-09-11 12:00:00,28.714935,24.796906,1005.8006,0.71843433,3.6455073,0.99910927,79.407074,0.051310547
2025-09-11 18:00:00,26.190948,24.440643,1008.62,2.9507556,3.2945828,0.99783903,90.11237,0.13228403
2025-09-12 00:00:00,27.384491,24.618195,1006.54065,3.0486279,2.5042434,0.81883,84.89872,0.0
2025-09-12 06:00:00,31.139313,23.639069,1007.77124,1.9182901,0.83292484,0.88174295,64.442375,0.0024810433
2025-09-12 12:00:00,30.828278,24.925049,1005.0825,-0.9349947,2.22791,0.93475175,70.85256,0.0
2025-09-12 18:00:00,29.477722,26.209259,1007.2494,-0.06372428,4.7256527,0.9208885,82.628944,0.0
2025-09-13 00:00:00,27.944672,25.069183,1006.9925,2.9253025,2.5437202,0.98019516,84.40564,0.044822693
2025-09-13 06:00:00,30.797394,23.30069,1007.96063,1.5288522,1.2220402,0.44357175,64.38443,0.0
2025-09-13 12:00:00,30.17691,25.213776,1005.96185,-0.9884987,2.8065634,0.7076248,74.82078,0.00019092113
2025-09-13 18:00:00,28.98877,25.358856,1008.09436,0.82347125,4.9250236,0.24474788,80.81844,0.0
2025-09-14 00:00:00,28.142975,24.47232,1007.42377,2.5009458,2.187809,0.17346019,80.51373,0.0055301934
2025-09-14 06:00:00,31.606964,21.573822,1008.1813,1.6241252,0.38788217,0.47098643,55.35705,0.0
2025-09-14 12:00:00,30.114166,24.615875,1006.39624,-0.6643667,4.6852236,0.872665,72.45939,0.0
2025-09-14 18:00:00,29.003357,25.389496,1009.1962,1.7574903,5.906045,0.99861485,80.89747,0.0
2025-09-15 00:00:00,28.175629,24.990082,1007.2488,2.7272315,1.7583151,0.8923729,82.885315,0.012587756
2025-09-15 06:00:00,31.867096,22.207367,1007.41064,2.01867,0.633995,0.9821835,56.696392,0.0
2025-09-15 12:00:00,29.997467,25.182281,1004.6956,-2.0495434,4.427061,0.92713857,75.4541,0.0
2025-09-15 18:00:00,28.83554,25.714874,1008.1775,1.876215,4.8241253,0.9672353,83.28115,0.0
2025-09-16 00:00:00,28.204865,24.784088,1006.98315,3.1095972,2.919909,0.966255,81.73346,0.020503998
2025-09-16 06:00:00,31.496979,22.896057,1008.1806,1.0689611,0.36365306,0.66024464,60.37284,0.0
2025-09-16 12:00:00,30.333405,25.346527,1004.7506,-0.8749361,3.0349956,0.6386394,74.74026,0.030148309
2025-09-16 18:00:00,27.942352,25.018433,1007.8331,0.2698804,4.645841,0.5377884,84.16211,0.06246063
2025-09-17 00:00:00,27.611176,25.249725,1006.6763,0.64195526,2.5807896,0.72881216,86.996124,0.0
2025-09-17 06:00:00,29.762482,24.731628,1008.85565,0.3557182,0.9217644,0.7279409,74.45249,0.08487193
2025-09-17 12:00:00,28.410492,24.853485,1005.3631,0.026238322,3.287817,0.15384686,81.096825,0.0
2025-09-17 18:00:00,26.91272,24.620453,1008.39874,2.8015563,2.6258461,0.48239744,87.2935,0.73689234
2025-09-18 00:00:00,27.21286,23.884491,1006.8875,4.564454,1.3996551,0.20495051,82.06636,0.0
2025-09-18 06:00:00,31.018585,24.070587,1008.04877,2.6816368,1.9593742,0.31523013,66.593254,0.0
2025-09-18 12:00:00,29.6622,24.861938,1005.15063,-0.41956615,4.8476095,1.0000005,75.4686,0.5510077
2025-09-18 18:00:00,27.511932,25.14859,1009.2431,3.5479815,2.4626095,0.9528574,86.9774,0.43922663
2025-09-19 00:00:00,26.921844,24.056854,1007.6744,3.8233593,0.038889885,1.0,84.34964,0.0
2025-09-19 06:00:00,27.919464,23.005219,1009.85876,1.4725828,0.5379477,1.0,74.67581,0.0
2025-09-19 12:00:00,28.25766,24.214996,1006.6881,0.468359,2.9223866,0.9791069,78.75427,0.0
2025-09-19 18:00:00,27.84549,24.951538,1009.1262,2.4741368,2.4900787,1.0000002,84.30223,0.0
2025-09-20 00:00:00,27.322784,24.611359,1007.21625,4.495038,1.7730205,1.0,85.171364,0.4926175
2025-09-20 06:00:00,30.2883,22.570892,1008.64813,3.3387537,0.29909223,0.9880184,63.422436,0.0
2025-09-20 12:00:00,29.903473,23.247406,1005.94,0.7367183,2.060751,1.0000005,67.55119,0.026701743
2025-09-20 18:00:00,27.8992,25.346039,1008.0769,2.4808147,4.6195774,0.5876388,86.03622,0.044436403
2025-09-21 00:00:00,27.961945,23.734283,1006.2406,4.219327,2.3059435,0.9715585,77.84191,0.0
2025-09-21 06:00:00,30.402985,22.548187,1007.54065,3.3649855,1.3821545,0.9991094,62.920116,0.0
2025-09-21 12:00:00,30.177155,24.725922,1005.0675,0.5579853,5.145312,0.9900555,72.674324,0.0
2025-09-21 18:00:00,28.566132,25.972809,1007.48,2.156726,5.8950615,0.9661809,85.8956,0.374759
2025-09-22 00:00:00,28.019653,24.707428,1006.6206,4.277624,2.4218616,0.9168527,82.24271,0.0
2025-09-22 06:00:00,30.865997,22.942902,1008.10065,3.1402903,2.180929,0.900247,62.760117,0.0
2025-09-22 12:00:00,29.694489,25.0607,1005.6125,1.1116581,6.100211,0.6441444,76.22662,0.061154366
2025-09-22 18:00:00,28.868195,26.21817,1008.9494,3.1691403,6.4308443,0.99078983,85.63741,0.0
2025-09-23 00:00:00,28.407867,22.993805,1008.15564,5.983492,1.017925,0.99604475,72.5315,0.0
2025-09-23 06:00:00,31.32962,22.814178,1009.0069,4.651786,2.4730015,0.9991091,60.64855,0.0006672926
2025-09-23 12:00:00,29.076324,25.010773,1006.2619,2.7531786,4.682523,0.9981193,78.76069,0.7584575
2025-09-23 18:00:00,28.06601,25.083038,1008.35815,2.9981277,3.7681835,0.9965258,83.879814,0.0
2025-09-24 00:00:00,28.11966,21.819977,1006.8094,5.810995,1.861103,0.9801883,68.67828,0.0
2025-09-24 06:00:00,30.842072,22.73648,1008.2675,4.2402744,2.3370492,0.98957586,62.064735,0.0
2025-09-24 12:00:00,29.710236,24.928864,1004.285,2.105096,5.343984,0.90907216,75.56123,0.12749434
2025-09-24 18:00:00,28.811554,26.27713,1006.8719,2.5855598,3.7849302,0.9895851,86.21874,0.0
2025-09-25 00:00:00,28.122894,22.110077,1005.5006,5.2796936,3.0259047,0.96163994,69.89118,0.0
2025-09-25 06:00:00,30.972076,23.009003,1006.91815,3.8134966,3.9103277,0.9115677,62.631393,0.0
2025-09-25 12:00:00,28.343811,25.158234,1003.97125,3.7991662,6.7335787,0.9804704,82.90455,0.9904384
2025-09-25 18:00:00,27.668182,25.503815,1006.8219,4.667759,2.942481,0.869386,88.02647,0.0
2025-09-26 00:00:00,26.821564,24.349976,1005.0556,5.01501,2.9660928,1.0,86.35338,0.0
2025-09-26 06:00:00,30.754303,23.406342,1006.41876,4.343832,3.8596416,0.9558397,64.956055,0.0
2025-09-26 12:00:00,29.694122,25.396149,1003.79565,1.333693,6.2274404,1.0,77.76552,0.039190054
2025-09-26 18:00:00,28.453705,24.328033,1006.96063,4.2533293,4.052456,0.75450516,78.39087,0.0
2025-09-27 00:00:00,27.642365,22.301117,1006.2494,4.7844744,1.5979503,0.9590014,72.71987,0.0
2025-09-27 06:00:00,31.24405,23.10263,1007.605,3.8471909,4.0475335,0.8054894,62.01832,0.0
2025-09-27 12:00:00,29.774323,25.409943,1004.79065,1.7129638,5.5799675,0.48010546,77.470764,0.035190728
2025-09-27 18:00:00,28.973114,25.09378,1008.14,3.3968248,3.2506247,0.6260513,79.62549,0.0
2025-09-28 00:00:00,27.987396,22.127045,1007.33435,4.8611183,1.5926373,0.98850685,70.518196,0.0
2025-09-28 06:00:00,31.203522,23.194122,1007.8856,3.0470629,3.981843,0.7151403,62.506397,0.0020028092
2025-09-28 12:00:00,30.145294,25.064362,1004.765,0.68601894,6.3851047,0.9999997,74.29259,0.0
2025-09-28 18:00:00,29.141937,26.162872,1007.9462,2.390403,5.581046,0.9651465,84.01626,0.0
2025-09-29 00:00:00,28.267242,22.459015,1006.4194,4.7251005,1.6169242,0.9402813,70.7935,0.00028603245
2025-09-29 06:00:00,31.35147,22.913788,1007.5781,3.6451416,2.2031853,0.3315339,60.939835,0.0
2025-09-29 12:00:00,29.99466,25.69925,1004.7506,-0.32046032,2.5830393,0.9990138,77.82072,0.02269866
2025-09-29 18:00:00,29.013885,26.028473,1006.4881,2.9212794,3.7153873,0.98165053,83.97086,0.0
2025-09-30 00:00:00,27.952179,21.393585,1005.21936,5.6094303,0.17586231,0.7936938,67.566864,0.0
2025-09-30 06:00:00,31.270416,21.062225,1006.8719,2.251649,-0.42572325,1.0000001,54.684544,0.0
2025-09-30 12:00:00,29.460358,24.14505,1003.8275,-2.1312103,2.9443197,0.9999998,73.14544,0.0
2025-09-30 18:00:00,28.602509,25.987091,1005.84436,1.9427265,5.0038033,0.8593235,85.78687,0.0
2025-10-01 00:00:00,28.461395,22.289215,1004.6188,5.5968046,1.0560141,1.0,69.27967,0.0
2025-10-01 06:00:00,31.819366,21.423553,1004.99,3.4633026,0.73915946,1.0,54.193085,0.0
2025-10-01 12:00:00,29.947418,25.279083,1003.7581,-0.5578432,3.208334,1.0,76.10871,0.0
2025-10-01 18:00:00,28.742004,26.061066,1006.6044,2.1383512,4.8470726,1.0,85.4686,0.0012395903
2025-10-02 00:00:00,28.508759,23.0784,1006.34625,3.99337,0.684885,0.99424934,72.477516,0.0
2025-10-02 06:00:00,31.737091,22.25003,1007.72626,0.5022921,2.1359675,0.9975222,57.264473,0.0
2025-10-02 12:00:00,29.56009,25.094513,1006.0156,-0.8610916,6.015548,0.39083695,76.97411,0.0
2025-10-02 18:00:00,28.456665,25.507965,1008.70435,2.4456701,5.436686,0.7514563,84.09346,0.0
2025-10-03 00:00:00,27.88324,25.618866,1008.8681,2.5161185,4.1598516,0.49744618,87.52351,0.00028312206
2025-10-03 06:00:00,30.266388,25.17929,1010.585,-0.1786685,-0.5227566,0.5106036,74.285065,0.029472634
2025-10-03 12:00:00,29.34024,24.779327,1007.66815,-2.702448,2.2852185,0.043973256,76.50464,0.0
2025-10-03 18:00:00,28.327606,25.427948,1010.46686,1.6030861,4.3113937,0.7677545,84.325005,0.0
2025-10-04 00:00:00,26.30783,24.142975,1010.9344,3.862642,-0.22592562,0.80087405,87.90982,0.06818026
2025-10-04 06:00:00,28.871552,23.978363,1012.1575,3.0773535,-3.1119967,0.9024277,74.92452,0.0060126185
2025-10-04 12:00:00,28.8779,23.044159,1007.77625,0.194368,0.8792137,0.48448008,70.79513,0.0
2025-10-04 18:00:00,27.86612,24.424774,1011.54126,0.9043343,3.0622592,0.13930577,81.5914,0.0
2025-10-05 00:00:00,26.995087,24.388885,1010.1788,3.0960932,3.0948222,0.18442214,85.67648,0.0013350509
2025-10-05 06:00:00,30.71817,23.77597,1010.97626,2.6104307,2.3258882,0.07999569,66.55626,0.0
2025-10-05 12:00:00,28.253082,25.023102,1007.8844,0.0063505173,5.0229793,0.21870612,82.67502,0.0008586794
2025-10-05 18:00:00,27.40335,24.70404,1010.7438,3.954031,1.4824778,0.18343705,85.24127,0.19844782
2025-10-06 00:00:00,26.656464,23.356323,1009.4125,3.7898445,0.7476593,0.569101,82.13884,0.0
2025-10-06 06:00:00,30.414948,23.57428,1011.1994,2.0788012,0.22373581,0.17187688,66.90364,0.010777265
2025-10-06 12:00:00,29.481964,24.488007,1008.1944,-0.23862934,0.8533869,0.73876333,74.57132,0.025998801
2025-10-06 18:00:00,28.217438,24.885254,1010.7425,0.7963788,2.0622396,0.9387736,82.1684,0.0
2025-10-07 00:00:00,25.682526,23.833862,1010.3688,1.5414257,2.4252532,0.8760059,89.545654,0.0
2025-10-07 06:00:00,29.686432,24.745758,1011.08563,1.5474844,1.2924517,0.25947148,74.84233,0.006207483
2025-10-07 12:00:00,29.138458,25.249664,1008.14124,-1.5861425,2.0516982,0.38898772,79.60285,0.054160133
2025-10-07 18:00:00,28.76886,25.183685,1010.6194,-1.4041681,2.0754375,0.5552491,81.00595,0.0
2025-10-08 00:00:00,28.256744,25.186066,1009.45935,-0.6136055,3.3553233,0.9376997,83.463806,0.0
2025-10-08 06:00:00,29.176056,24.602142,1011.16064,1.452874,1.5555885,0.54449296,76.42028,0.08868518
2025-10-08 12:00:00,29.08731,25.06253,1007.7469,-1.0739746,2.508781,0.9942559,78.95384,0.0
2025-10-08 18:00:00,28.34964,25.273224,1011.13873,0.27501518,3.8147087,0.42760944,83.4457,0.09698421
2025-10-09 00:00:00,27.525635,24.830566,1010.4431,1.5977392,3.6509423,0.5842142,85.2752,0.016510487
2025-10-09 06:00:00,30.005524,24.495575,1010.83185,0.56390035,2.0669246,0.8372457,72.3901,0.0
2025-10-09 12:00:00,29.29184,24.398224,1007.5513,-0.4241953,3.5180845,0.93584025,74.989975,0.0
2025-10-09 18:00:00,28.688812,24.757355,1010.76624,2.3794856,3.871736,0.4876929,79.33989,0.05094707
2025-10-10 00:00:00,27.21695,24.299652,1008.97565,3.2376585,0.3609314,0.51143456,84.11709,0.37425756
2025-10-10 06:00:00,29.76883,24.749786,1009.68,-0.7018738,1.5644662,0.21131676,74.506065,0.0
2025-10-10 12:00:00,29.65976,24.536743,1006.76,-0.24387169,3.531435,0.72783273,74.026596,0.0
2025-10-10 18:00:00,28.441742,24.83606,1009.3769,2.6207345,4.6334686,0.5661689,80.86549,0.19332013
2025-10-11 00:00:00,27.684662,24.362244,1007.9506,3.0879858,1.4545717,0.9653309,82.15251,0.0
2025-10-11 06:00:00,29.976227,24.676727,1009.135,0.6251983,0.09906006,0.37534314,73.30193,0.0
2025-10-11 12:00:00,28.56363,24.498566,1007.035,-1.9484138,1.6515853,0.4389108,78.69143,0.0
2025-10-11 18:00:00,25.664398,24.151215,1009.9581,1.400707,-0.3140049,0.7445359,91.367355,3.4234765
2025-10-12 00:00:00,26.230255,23.641083,1007.90625,2.0111296,-1.9721632,0.24627322,85.688644,0.0
2025-10-12 06:00:00,29.248077,24.109406,1008.39435,-1.7067566,-1.5107422,0.17147702,73.88916,0.0
2025-10-12 12:00:00,28.942413,24.415009,1006.4938,-1.7908049,0.44090694,0.14596334,76.597725,0.0
2025-10-12 18:00:00,28.162445,24.849335,1009.08936,-1.3134909,1.8202586,0.1193431,82.25539,0.0
2025-10-13 00:00:00,26.492828,23.766357,1008.53314,2.236989,2.5085154,0.7573388,85.00968,0.11710951
2025-10-13 06:00:00,29.555084,24.23288,1008.5156,-0.46569502,-0.12021637,0.1955504,73.13123,0.0
2025-10-13 12:00:00,29.26773,24.528717,1005.65375,-2.8241034,-1.0485945,0.6614238,75.68337,0.0
2025-10-13 18:00:00,26.555023,24.66565,1008.9025,-0.87398434,-4.0422897,0.943739,89.39204,0.24849601
2025-10-14 00:00:00,27.199738,24.310852,1006.2056,-1.3080664,-2.0894766,0.72811955,84.25857,0.0
2025-10-14 06:00:00,28.351715,25.145477,1007.7525,-2.7328386,-1.5176792,0.50384164,82.803535,0.3471044
2025-10-14 12:00:00,28.243042,24.823303,1005.1719,-3.745,-0.40401,0.98402774,81.74319,0.0
2025-10-14 18:00:00,26.824066,24.555542,1006.9363,-1.3574171,-0.5458231,1.0,87.40978,0.0
2025-10-15 00:00:00,25.743042,24.270355,1005.56,-1.6516151,-1.3261042,0.9985112,91.59428,2.8005893
2025-10-15 06:00:00,26.930939,24.595642,1007.4169,-1.4033985,-3.2354412,1.0,87.07083,0.0
2025-10-15 12:00:00,27.378204,24.989532,1004.83374,-2.7702188,-4.066329,0.8408156,86.83411,0.0
2025-10-15 18:00:00,26.451355,25.01239,1007.1375,-3.071681,-3.6674538,0.9194844,91.82109,0.43488806
2025-10-16 00:00:00,26.506378,24.547272,1005.79126,-3.5669737,-2.3814259,1.0,89.01637,0.7783438
2025-10-16 06:00:00,27.850677,24.828217,1007.10565,-3.6792164,0.7125611,0.99950576,83.65879,0.0
2025-10-16 12:00:00,27.637817,24.808716,1005.2919,-2.7999306,-0.49651527,0.9999993,84.60704,0.0
2025-10-16 18:00:00,26.29602,24.35791,1008.02313,-1.2387934,-1.5408106,0.9897035,89.11216,1.1542189
2025-10-17 00:00:00,25.9776,24.246185,1007.1238,-3.160925,-1.4665823,0.9991091,90.19956,0.0
2025-10-17 06:00:00,27.361176,24.669952,1008.8831,-2.9322329,-1.8189259,0.9903943,85.2782,0.17942429
2025-10-17 12:00:00,27.07663,24.600433,1006.755,-3.5979824,-3.6551619,0.9873296,86.353615,0.7738589
2025-10-17 18:00:00,26.301605,24.59967,1009.03815,-3.442484,-0.9117346,0.9923646,90.38123,0.0
2025-10-18 00:00:00,25.847504,24.224854,1008.14874,-0.26831174,-1.562746,1.0000001,90.780975,0.2251156
2025-10-18 06:00:00,27.285187,24.556396,1009.1306,-2.2785978,0.39369297,0.9965584,85.07915,1.1720974
2025-10-18 12:00:00,28.164215,24.52591,1006.10376,-1.3060408,-2.0214224,0.96574134,80.67249,0.0
2025-10-18 18:00:00,26.267792,24.49884,1008.35376,-2.9888306,-0.36390495,1.0,90.017265,3.3438454
2025-10-19 00:00:00,26.235168,24.25,1006.73065,-1.1266661,0.15954876,1.0,88.85649,0.0
2025-10-19 06:00:00,26.976898,24.659454,1008.6044,-2.3178797,-1.0693188,0.99999994,87.16793,0.9617753
2025-10-19 12:00:00,27.270966,24.414246,1005.6987,-2.6852875,-1.9980698,0.8245647,84.42874,0.0
2025-10-19 18:00:00,26.600769,24.465576,1007.39935,-3.2033482,-1.0007582,0.9046307,88.090836,0.19894561
2025-10-20 00:00:00,25.746399,24.112335,1005.84186,-0.08072758,-2.407094,1.0,90.71215,0.0
2025-10-20 06:00:00,26.879425,24.570862,1007.35876,-2.467042,-4.6984243,1.0,87.20554,0.40342525
2025-10-20 12:00:00,27.148071,24.473999,1005.0769,-1.21455,-3.4409142,1.0,85.34423,0.0
2025-10-20 18:00:00,25.949707,24.547302,1007.255,-1.1502934,-3.5992222,1.0,91.992775,1.569939
2025-10-21 00:00:00,26.110199,24.020294,1005.21,-0.89794254,-4.2281113,1.0,88.28978,0.0
2025-10-21 06:00:00,26.069366,24.832733,1007.17377,-1.6941128,-3.6931915,1.0,92.91513,0.48150837
2025-10-21 12:00:00,26.852692,24.55655,1004.09625,-2.305972,-4.22878,1.0,87.268,0.0
2025-10-21 18:00:00,25.654083,24.315979,1006.1269,-0.7234106,-2.0779343,0.97249585,92.331024,2.4796953
2025-10-22 00:00:00,25.246857,24.112518,1004.8781,2.5748022,-0.9424715,0.55028856,93.4453,0.0
2025-10-22 06:00:00,28.265045,23.951324,1007.4469,4.7006598,2.5181723,0.7195453,77.48421,0.0
2025-10-22 12:00:00,28.831512,24.000153,1004.9269,1.331193,4.9797697,0.40761155,75.19692,0.0114431335
2025-10-22 18:00:00,27.018646,24.716156,1007.79626,2.9640536,5.416183,0.3879698,87.249565,0.7820735
2025-10-23 00:00:00,27.11026,24.150574,1006.8862,3.4200284,3.0871992,0.9383779,83.89193,0.0
2025-10-23 06:00:00,29.598053,24.164429,1008.58374,4.237335,3.8085585,0.9437543,72.651474,0.0
2025-10-23 12:00:00,29.25998,24.410675,1006.185,2.7923841,5.268593,0.89483315,75.18416,0.0
2025-10-23 18:00:00,27.742645,24.704346,1008.8644,4.462496,4.6145363,0.988695,83.567726,0.0
2025-10-24 00:00:00,26.601776,23.547821,1007.8906,4.7058926,3.499812,0.99483633,83.36117,0.0
2025-10-24 06:00:00,28.324066,23.800629,1009.78186,1.5956331,-0.7486162,1.0,76.522095,0.0016205013
2025-10-24 12:00:00,28.210693,23.34201,1007.21124,-0.33391178,0.47765988,1.0,74.92887,0.0
2025-10-24 18:00:00,27.929596,23.310638,1009.34,-0.065737724,1.2236773,1.0,76.02237,0.0
2025-10-25 00:00:00,27.155487,24.140167,1007.6425,2.3147068,0.25085735,0.9941946,83.61733,0.04672818
2025-10-25 06:00:00,28.872345,24.082672,1009.4075,2.2474484,-0.77569485,0.98740685,75.39189,0.0
2025-10-25 12:00:00,28.975555,23.995209,1006.955,-1.4872532,-1.2248726,1.0,74.55,0.0
2025-10-25 18:00:00,27.43106,24.013733,1009.2394,-0.6327179,-1.2450485,1.000001,81.65537,0.0
2025-10-26 00:00:00,27.085236,24.116669,1007.40125,1.7942643,-1.8556271,0.99318737,83.844444,0.018974766
2025-10-26 06:00:00,29.176666,24.133698,1009.41376,2.2468116,-2.73182,1.0,74.302956,0.091651455
2025-10-26 12:00:00,28.69217,24.893433,1007.04,0.8274908,-2.7771015,1.0,79.97148,0.0
2025-10-26 18:00:00,28.126831,25.064392,1008.1044,1.4358225,-1.3389578,1.0,83.490234,0.010585412
2025-10-27 00:00:00,27.072113,23.576233,1006.9469,2.6454988,-1.0759077,1.0,81.22579,0.0
2025-10-27 06:00:00,28.085052,23.551453,1008.8769,4.285136,-0.99577713,1.0,76.438866,0.024981797
2025-10-27 12:00:00,28.500702,23.503387,1005.41815,6.7003317,0.6444807,1.0,74.39654,0.0
2025-10-27 18:00:00,27.296783,22.974884,1006.90314,5.1447678,0.44990444,1.0,77.30307,0.09650737
2025-10-28 00:00:00,26.572296,22.497833,1005.03625,5.3061895,2.6360416,1.0,78.36544,0.13391674
2025-10-28 06:00:00,28.48172,23.170654,1007.2506,3.8652859,2.2559395,1.0,72.99754,0.0
2025-10-28 12:00:00,29.345917,24.100006,1005.36,2.3918304,3.1378164,1.0,73.43135,0.0
2025-10-28 18:00:00,27.754242,25.08841,1007.03125,2.6315947,4.0534034,0.90783024,85.446976,0.008773059
2025-10-29 00:00:00,26.740692,23.976227,1006.6194,3.5341113,3.7568333,0.2384666,84.84131,0.0
2025-10-29 06:00:00,30.450226,23.639404,1008.10187,2.6344776,3.405019,0.014068566,67.03108,0.0009536743
2025-10-29 12:00:00,29.653046,24.92691,1005.92377,0.9703989,5.93254,0.30620766,75.801674,0.011824071
2025-10-29 18:00:00,28.422516,25.759674,1008.8212,2.175416,5.391374,0.2215059,85.52859,0.022217631
2025-10-30 00:00:00,27.633026,25.43808,1008.5556,2.381994,2.1617274,0.020401001,87.86375,0.0
2025-10-30 06:00:00,30.6669,23.93814,1009.94,1.6173021,1.7062309,0.01190567,67.40577,0.005150214
2025-10-30 12:00:00,29.748444,23.921906,1008.3206,-0.3038416,4.380828,0.13510662,70.98353,0.0
2025-10-30 18:00:00,28.392426,24.699127,1010.8756,0.7389093,3.9593778,0.06704222,80.43712,0.0
2025-10-31 00:00:00,27.553558,24.889435,1010.7325,2.997181,1.3566856,0.013355255,85.43566,0.0
2025-10-31 06:00:00,30.829132,22.973175,1011.02,1.4505994,0.8347244,0.010913849,63.007748,0.011445954
2025-10-31 12:00:00,30.065338,24.505402,1008.5062,-2.0486317,2.5551548,0.0027637482,72.18423,0.0
2025-10-31 18:00:00,28.521088,25.551178,1011.15625,-1.2394876,2.7097614,0.42741448,83.99458,0.0
2025-11-01 00:00:00,27.758392,25.430084,1010.39813,2.0109425,2.5763326,0.93281865,87.18093,0.015831087
2025-11-01 06:00:00,30.225983,24.029266,1010.8606,0.97294664,2.0895965,0.78397226,69.50904,0.0
2025-11-01 12:00:00,29.625519,24.632965,1008.78064,-1.6242352,3.5293,0.09971136,74.600845,0.0
2025-11-01 18:00:00,28.355255,24.89212,1011.16125,-0.015914202,2.897241,0.24738005,81.54552,0.0
2025-11-02 00:00:00,27.548248,24.884918,1010.6356,2.9347816,2.7529278,0.9441718,85.439156,0.0
2025-11-02 06:00:00,30.944977,23.129059,1011.5125,2.5708094,2.0027254,0.17395207,63.185524,0.0
2025-11-02 12:00:00,30.276764,24.333527,1009.0925,-0.23243618,4.2418013,0.45488906,70.58352,0.0
2025-11-02 18:00:00,28.740936,24.757843,1011.3113,1.8627262,3.743296,0.5229593,79.10268,0.0
2025-11-03 00:00:00,27.449738,23.453827,1010.07,4.0496836,0.91465,0.37194288,78.8631,0.0
2025-11-03 06:00:00,31.163116,22.196136,1010.9556,2.2317014,0.84830666,0.9664486,58.970165,0.0
2025-11-03 12:00:00,29.5596,24.778961,1008.4725,0.27131695,3.1265297,0.8904299,75.54092,0.0821054
2025-11-03 18:00:00,28.935791,25.753998,1011.0631,2.203421,4.2491703,0.9420972,82.99118,0.0
2025-11-04 00:00:00,27.648651,23.927399,1009.1213,4.707015,1.3094597,1.0000001,80.20528,0.014115125
2025-11-04 06:00:00,30.968292,22.30539,1010.48126,2.9277039,-0.47375965,0.92493105,60.026638,0.0
2025-11-04 12:00:00,30.153595,24.16037,1007.79,-1.5381231,2.0304623,1.0000002,70.34982,0.0
2025-11-04 18:00:00,28.496246,25.600006,1009.92126,0.48828888,2.836401,0.9324111,84.360085,0.0
2025-11-05 00:00:00,27.465302,24.560333,1008.3031,2.1730907,2.4851108,0.3266192,84.206024,0.0
2025-11-05 06:00:00,30.480743,23.104828,1009.4988,2.0480123,1.2622923,0.0882417,64.78962,0.0008586794
2025-11-05 12:00:00,29.431427,24.461945,1006.22125,-0.3107891,2.7153392,0.15622249,74.67248,0.12447499
2025-11-05 18:00:00,28.434418,24.776703,1009.45,1.9322153,0.90662575,0.4456796,80.61372,0.0
2025-11-06 00:00:00,26.696167,23.452667,1008.6213,0.62884927,-1.9651709,0.6168119,82.42475,0.13581663
2025-11-06 06:00:00,28.415558,23.579254,1010.2431,1.6889558,-2.8510695,0.67325824,75.10824,0.0
2025-11-06 12:00:00,27.180847,23.83493,1007.9269,1.978625,-0.8210583,0.7053507,81.97591,0.0043006223
2025-11-06 18:00:00,27.018524,24.256042,1010.4338,0.30936784,-1.930026,0.74328715,84.88024,0.156492
2025-11-07 00:00:00,26.895172,23.870636,1009.59875,0.79804593,-2.060217,0.38493478,83.54198,0.0
2025-11-07 06:00:00,28.16275,24.316437,1011.085,-0.60989,-1.6888428,0.6776601,79.67371,0.024424464
2025-11-07 12:00:00,27.951447,24.240265,1009.01685,-1.6131868,-1.6232538,0.35851187,80.29356,0.0
2025-11-07 18:00:00,27.627838,24.621796,1011.2481,-0.71647644,-2.1944208,0.22381401,83.71622,0.0
2025-11-08 00:00:00,27.298431,24.1456,1010.47064,-0.22428703,-2.2283669,0.18408513,82.94633,0.12235716
2025-11-08 06:00:00,29.165314,24.039032,1012.15436,-0.96773624,-2.710352,0.23778886,73.93043,0.0
2025-11-08 12:00:00,28.79654,23.384491,1009.4344,-1.7338047,-3.1595936,0.21985686,72.6076,0.0
2025-11-08 18:00:00,27.820343,23.33722,1011.14435,-1.5869532,-3.4006777,0.18886572,76.631546,0.0
2025-11-09 00:00:00,27.001495,23.041046,1009.8156,-0.40143108,-3.9922714,0.29274064,78.9697,0.08573569
2025-11-09 06:00:00,28.716644,22.733856,1011.7075,-1.5864544,-3.892476,0.2877279,70.12941,0.0
2025-11-09 12:00:00,28.332672,23.025543,1008.97437,-1.9192572,-3.7747707,0.14270467,72.98942,0.0
2025-11-09 18:00:00,27.301117,23.04477,1011.0062,-1.118782,-3.6909418,0.07003224,77.61098,0.0029567163
2025-11-10 00:00:00,26.914337,23.0466,1009.8906,0.2766657,-3.1400023,0.3285774,79.40187,0.005721813
2025-11-10 06:00:00,28.975372,22.568207,1011.3694,-0.43931484,-3.9432268,0.23836184,68.39486,0.0027664937
2025-11-10 12:00:00,28.4122,23.956268,1009.1331,-3.1518698,-3.8671942,0.43359363,76.84666,0.0
2025-11-10 18:00:00,27.658234,24.556305,1011.1163,-2.5993567,-3.523923,0.840683,83.240906,0.0
2025-11-11 00:00:00,26.561615,23.672607,1010.5875,-0.4739685,-3.913931,0.7283436,84.189224,0.16116655
2025-11-11 06:00:00,28.520538,23.986786,1011.48,-1.2634897,-4.343419,0.82179487,76.50454,0.0
2025-11-11 12:00:00,27.952118,24.47342,1009.3006,-2.4522924,-5.0485277,0.29364294,81.4198,0.0050605834
2025-11-11 18:00:00,26.525421,24.846832,1011.8281,-3.387722,-3.1813478,0.7466981,90.52251,0.64226985
2025-11-12 00:00:00,26.905975,24.047577,1010.0506,-1.8885212,-4.078742,0.61487925,84.38134,0.0
2025-11-12 06:00:00,28.554108,24.748016,1012.04315,-2.4669828,-3.6378307,0.95287055,79.918045,0.0
2025-11-12 12:00:00,28.59726,23.526154,1010.0581,-4.1851997,-4.7439346,0.91453284,74.08214,0.0
2025-11-12 18:00:00,27.991547,23.480988,1012.3081,-4.5234585,-3.9485245,0.89362997,76.530815,0.013638288
2025-11-13 00:00:00,27.277191,23.46585,1010.9975,-3.729885,-4.288909,0.70428413,79.72213,0.20027752
2025-11-13 06:00:00,28.86795,23.532013,1012.96063,-3.8743372,-4.373762,0.91000885,72.95397,0.0
2025-11-13 12:00:00,27.790436,24.088654,1010.6887,-3.9606857,-3.580225,0.97889465,80.31777,0.08794583
2025-11-13 18:00:00,27.017487,23.74945,1012.4888,-3.5859175,-3.758048,0.645291,82.34126,0.0
2025-11-14 00:00:00,26.31076,23.604156,1010.8256,-3.126769,-5.6272955,0.4131428,85.0927,0.33416647
2025-11-14 06:00:00,28.09488,22.632843,1012.7075,-4.221263,-5.995247,0.27031535,72.2665,0.0
2025-11-14 12:00:00,27.734894,21.05185,1010.4625,-3.022872,-6.831188,0.025057461,67.00991,0.0
2025-11-14 18:00:00,26.895172,20.578339,1012.0781,-2.482996,-6.182747,0.29619774,68.36893,0.0
2025-11-15 00:00:00,26.47525,20.562653,1011.1356,0.24765968,-6.2747297,0.81315345,70.01267,0.00038184226
2025-11-15 06:00:00,27.538849,22.129608,1013.3425,-1.560297,-6.7507544,1.0,72.40152,0.06265007
2025-11-15 12:00:00,26.889069,23.550812,1011.09564,-3.5487642,-6.184124,1.0,81.978325,0.20286441
2025-11-15 18:00:00,25.818573,23.775116,1012.5275,-2.0762472,-5.8827276,1.0000013,88.512886,5.709365
2025-11-16 00:00:00,26.010834,23.599518,1011.8744,-2.6828632,-5.5533876,0.6620108,86.59051,0.0
2025-11-16 06:00:00,26.279266,24.097504,1013.35626,-2.7489119,-6.475814,0.979259,87.818245,2.0500016
2025-11-16 12:00:00,25.817749,24.414276,1011.8775,-2.011836,-7.657819,1.0,91.9793,1.3164194
2025-11-16 18:00:00,25.534851,24.137482,1012.5425,-2.7066097,-7.2188835,1.0,91.99675,0.0
2025-11-17 00:00:00,25.569489,23.70932,1011.51874,-0.917902,-6.5399055,1.0,89.475296,0.2230227
2025-11-17 06:00:00,26.011383,23.97226,1012.3425,-2.0297098,-7.1195955,0.9980294,88.55148,0.0
2025-11-17 12:00:00,26.169739,23.894562,1010.62,-0.7026701,-7.534134,1.0,87.31735,0.0
2025-11-17 18:00:00,25.194244,24.018951,1012.1694,-1.3036032,-4.6087856,0.9908934,93.21329,1.91741
2025-11-18 00:00:00,25.038116,22.967194,1009.8306,-0.7922125,-4.010312,0.9995057,88.30276,0.0
2025-11-18 06:00:00,26.40036,24.092377,1011.3088,-3.7796974,-2.1737852,0.975935,87.16592,0.0
2025-11-18 12:00:00,25.826508,24.388153,1009.0144,-2.4497557,-4.3790226,0.7195439,91.787895,0.25671768
2025-11-18 18:00:00,25.168915,23.192108,1012.0925,-3.2711382,-3.1661882,0.67321265,88.817444,0.013554394
2025-11-19 00:00:00,24.764282,23.34018,1010.3806,-0.9799833,-4.432846,0.2825507,91.80418,0.0
2025-11-19 06:00:00,26.775238,24.025238,1011.81,-1.8967438,-5.2975206,0.3937121,84.918625,0.0
2025-11-19 12:00:00,27.15799,23.312988,1009.47876,-3.4044065,-6.7641134,0.15656358,79.54428,0.010776125
2025-11-19 18:00:00,26.83371,22.479584,1012.10815,-2.124422,-6.210472,0.08152008,77.08312,0.0
2025-11-20 00:00:00,26.682404,22.568024,1010.34875,-0.9966593,-6.9745693,0.91745955,78.19142,0.0
2025-11-20 06:00:00,27.54245,23.912506,1011.92377,-2.362257,-7.383835,0.9325582,80.63279,0.26274845
2025-11-20 12:00:00,26.324493,24.7305,1010.3787,-3.1131601,-5.79856,0.40171337,90.967766,0.8613542
2025-11-20 18:00:00,26.049347,24.354218,1012.59814,-2.0995312,-5.22491,0.3356902,90.40087,0.0
2025-11-21 00:00:00,25.660065,24.072845,1011.53064,-1.1409721,-4.453722,0.9287691,90.961975,1.1486672
2025-11-21 06:00:00,27.21463,24.61612,1013.03436,-2.4137344,-4.321579,0.8979141,85.73752,0.0
2025-11-21 12:00:00,26.366608,24.744263,1010.8606,-3.1624403,-5.045768,0.9960436,90.81654,1.0703195
2025-11-21 18:00:00,25.961945,24.48587,1012.51624,-3.436843,-4.2543526,0.9980223,91.58887,0.0
2025-11-22 00:00:00,25.91806,24.004852,1011.09314,-3.5717783,-3.4684906,0.9935545,89.21652,0.0
2025-11-22 06:00:00,27.07663,24.4281,1012.65125,-5.1539316,-4.113187,0.99921274,85.46771,0.0
2025-11-22 12:00:00,25.842285,24.465302,1010.4444,-3.7298326,-3.658063,1.0,92.1267,0.5302707
2025-11-22 18:00:00,25.59842,24.26004,1012.91626,-4.034584,-4.385412,0.99950564,92.32642,0.35664994
2025-11-23 00:00:00,25.575348,23.870697,1010.9956,-5.4052076,-5.6586676,1.0,90.31684,1.5849156
2025-11-23 06:00:00,26.831757,24.785553,1012.2675,-6.048745,-4.721545,0.94650334,88.57965,0.0
2025-11-23 12:00:00,25.60971,24.26831,1010.3206,-5.4011993,-3.1786041,0.9995052,92.31034,0.0
2025-11-23 18:00:00,25.60965,24.174255,1013.15186,-4.182931,-3.1226196,1.0,91.79147,0.13377714
2025-11-24 00:00:00,25.615326,23.258942,1012.03436,-4.560788,-3.2289972,1.0,86.841354,0.0
2025-11-24 06:00:00,25.428284,23.926666,1013.53,-3.5238028,-4.958435,1.0,91.41629,0.067742765
2025-11-24 12:00:00,26.039948,23.95047,1011.2512,-3.2593546,-4.949538,0.99305296,88.28628,0.0
2025-11-24 18:00:00,26.499237,24.02945,1012.9581,-3.868536,-4.535658,0.95655495,86.332245,0.0
2025-11-25 00:00:00,26.558136,23.39273,1011.41815,-3.8737984,-5.680752,0.62392324,82.797745,0.0
2025-11-25 06:00:00,27.768036,23.22055,1012.4556,-4.793743,-6.8691483,0.8066919,76.32629,0.0
2025-11-25 12:00:00,27.274628,23.113983,1010.1406,-4.3028173,-6.802598,1.0,78.057686,0.049973782
2025-11-25 18:00:00,26.777496,22.836761,1011.7125,-2.809782,-7.308819,0.9991092,79.03289,0.0
2025-11-26 00:00:00,26.548615,22.493256,1010.78,-2.8988628,-6.5218115,1.0,78.45305,0.036910176
2025-11-26 06:00:00,27.696686,22.825043,1012.2544,-4.6018267,-7.574374,0.998425,74.83255,0.15412253
2025-11-26 12:00:00,27.156097,22.473541,1010.8862,-4.2510157,-7.872779,1.0,75.609245,0.0
2025-11-26 18:00:00,26.897308,21.835724,1012.4969,-3.638793,-8.077188,0.98504585,73.8421,0.0
2025-11-27 00:00:00,26.620087,21.375092,1011.035,-5.111006,-7.353097,1.0,72.97156,0.01706928
2025-11-27 06:00:00,27.587769,21.477814,1011.46124,-5.194009,-8.761798,1.0000002,69.37736,0.029850692
2025-11-27 12:00:00,27.183746,21.629791,1009.33936,-3.7370844,-9.43465,1.0,71.70245,0.0034329146
2025-11-27 18:00:00,26.779266,21.207794,1010.4925,-3.6903973,-10.188876,1.0,71.55326,0.08011237
2025-11-28 00:00:00,26.170929,21.511444,1008.575,-3.049675,-10.487396,1.0,75.559654,0.0
2025-11-28 06:00:00,25.744537,22.270905,1009.02185,-3.939021,-11.780164,1.0,81.16742,1.1625681
2025-11-28 12:00:00,25.941132,22.834259,1007.175,-2.3616896,-10.363563,1.0,83.019554,2.6571043
2025-11-28 18:00:00,25.288727,22.771149,1008.27,-3.270259,-9.583576,1.0,85.96765,2.1051989
2025-11-29 00:00:00,24.76004,23.403595,1005.9875,0.32914352,-10.076199,1.0,92.17956,3.199871
2025-11-29 06:00:00,24.92691,23.368195,1006.3194,-3.2169523,-10.067199,1.0000027,91.07119,1.567316
2025-11-29 12:00:00,25.222076,24.12259,1004.1125,0.32115936,-8.830967,0.9592685,93.63981,0.0
2025-11-29 18:00:00,25.11673,23.173798,1005.4975,1.4322557,-7.321473,0.8976897,88.99537,0.0
2025-11-30 00:00:00,24.495209,22.632599,1004.77185,5.8520136,-6.176567,0.9636597,89.38174,0.0
2025-11-30 06:00:00,25.374176,22.256134,1007.02,6.7297554,-5.350607,0.96227556,82.89751,0.0
2025-11-30 12:00:00,26.514679,22.459198,1006.5556,5.5991173,-2.1903915,0.9985179,78.44764,0.0
2025-11-30 18:00:00,25.596588,22.405396,1009.64,4.745142,-2.9868984,0.96147954,82.55555,0.0
2025-12-01 00:00:00,25.161407,22.369934,1008.0119,3.6027327,1.085702,0.7237549,84.536934,0.0
2025-12-01 06:00:00,27.45108,22.432404,1009.66437,3.689437,-0.79873276,1.000001,74.12773,0.07286109
2025-12-01 12:00:00,27.05246,23.124603,1007.58875,1.1694825,-3.2419863,0.9970205,79.132614,0.0
2025-12-01 18:00:00,26.487885,22.778412,1009.76624,2.644067,0.21235752,0.9996042,80.108826,0.0
2025-12-02 00:00:00,25.857819,23.279022,1008.4819,3.0075035,1.7202826,0.9955521,85.7055,0.29362738
2025-12-02 06:00:00,27.623077,23.628632,1009.84937,3.010394,1.7834787,0.80981624,78.8942,0.0
2025-12-02 12:00:00,26.437286,23.6958,1007.32874,0.4886589,1.4434938,0.91248745,84.927155,0.27110624
2025-12-02 18:00:00,25.772217,23.25412,1009.88873,2.709256,1.0430632,0.95675415,86.01187,0.0
2025-12-03 00:00:00,25.807098,23.202087,1008.82,1.7590774,1.7222432,1.0,85.56487,0.0
2025-12-03 06:00:00,26.879791,23.54486,1011.935,-0.08949566,3.8859832,0.91017926,81.99364,0.14392108
2025-12-03 12:00:00,26.610687,23.587555,1009.68,-0.21369743,1.8978399,0.9449939,83.51715,0.0
2025-12-03 18:00:00,26.00943,23.16452,1011.66437,-2.1584597,-0.29433632,0.20349309,84.35396,0.0
2025-12-04 00:00:00,25.75064,23.162079,1010.96313,-2.2629213,-2.6247206,0.30924332,85.64431,0.07458253
2025-12-04 06:00:00,26.847809,24.156036,1013.2556,-1.5934887,-4.84628,0.4896686,85.22342,0.0
2025-12-04 12:00:00,26.570892,23.808807,1011.1825,-4.1325636,-4.111828,0.39321035,84.83579,0.0
2025-12-04 18:00:00,25.463379,23.949463,1013.44,-3.6273174,-3.6955566,0.48001605,91.35092,0.28486213
2025-12-05 00:00:00,25.286652,23.715424,1012.29877,-2.933857,-3.7299538,0.6094448,91.02548,0.6255194
2025-12-05 06:00:00,25.642242,24.030945,1013.5081,-3.3606234,-5.0729265,0.529912,90.82943,0.0
2025-12-05 12:00:00,26.472717,24.363617,1011.28125,-4.104867,-4.922057,0.36149412,88.21796,0.0
2025-12-05 18:00:00,25.082458,23.687866,1013.8094,-4.38463,-5.065464,0.9195196,91.98617,0.23145053
2025-12-06 00:00:00,24.752441,23.347198,1012.58124,-3.3165245,-5.848051,0.4362411,91.908066,0.0
2025-12-06 06:00:00,26.6763,24.318146,1013.8575,-2.2464266,-5.2411213,0.62430835,86.92881,0.0
2025-12-06 12:00:00,26.527313,24.006653,1012.08624,-4.0340185,-4.7947245,0.40052688,86.07156,0.10319029
2025-12-06 18:00:00,25.356354,23.722107,1014.6806,-3.9903393,-3.7707348,0.8763697,90.685394,0.6046934
2025-12-07 00:00:00,24.854767,23.431732,1012.7625,-2.490323,-5.378647,0.89307046,91.81542,0.0
2025-12-07 06:00:00,26.37967,24.052338,1014.14685,-3.4739103,-5.5806856,0.7441393,87.06285,0.0
2025-12-07 12:00:00,26.564941,23.41858,1012.6,-3.4711866,-6.081106,0.9996013,82.89372,0.0
2025-12-07 18:00:00,25.880829,22.747528,1013.8225,-2.4440641,-6.6498775,0.21682,82.87968,0.047019325
2025-12-08 00:00:00,25.59134,22.074005,1012.52435,-1.1868486,-5.8166428,0.33594972,80.93217,0.0
2025-12-08 06:00:00,27.12259,21.773407,1014.1475,-2.5794973,-7.009904,0.57168144,72.59461,0.0
2025-12-08 12:00:00,27.093964,21.43866,1011.47687,-3.1903248,-7.0800037,0.14537022,71.24308,0.0
2025-12-08 18:00:00,26.05008,21.662079,1012.79,-0.87387085,-7.048153,0.6237879,76.806,0.005338341
2025-12-09 00:00:00,25.352936,22.242218,1010.9981,-0.3078518,-6.7651873,0.9619691,82.932,0.6594621
2025-12-09 06:00:00,26.242828,23.497894,1012.8769,-1.9241896,-5.0395527,1.0000005,84.88936,0.3541112
2025-12-09 12:00:00,25.551788,23.543762,1011.3125,-4.0758114,-5.2612095,0.9999992,88.68057,0.0
2025-12-09 18:00:00,25.939117,22.454193,1012.8975,-2.8213968,-7.486725,0.9987183,81.13639,0.0
2025-12-10 00:00:00,26.0831,21.80307,1012.14374,-2.6033611,-6.261341,0.99999845,77.319374,0.0
2025-12-10 06:00:00,26.779572,21.916046,1013.8131,-2.7941017,-7.362198,0.95860904,74.720604,0.0
2025-12-10 12:00:00,26.70224,21.078217,1011.29626,-3.3905973,-7.152055,0.9986122,71.30898,0.0
2025-12-10 18:00:00,25.9357,20.10025,1012.9844,-3.0342598,-7.3576717,0.2560261,70.24594,0.0
2025-12-11 00:00:00,25.264679,20.69226,1012.0525,-0.31024075,-7.0883665,0.47304493,75.82085,0.006961869
2025-12-11 06:00:00,26.757904,21.830719,1013.4475,-2.8087406,-7.573164,0.79271454,74.42729,0.0
2025-12-11 12:00:00,26.702972,21.86142,1010.90125,-3.0197506,-7.179965,0.40383387,74.80841,0.0019073486
2025-12-11 18:00:00,25.673737,21.32669,1012.29315,-3.0018797,-6.236614,0.6627553,76.94167,0.0009536743
2025-12-12 00:00:00,25.308014,21.114777,1010.83185,-1.9291687,-6.3138647,0.5109749,77.61606,0.012680888
2025-12-12 06:00:00,26.592438,21.735687,1012.46625,-2.68777,-7.215211,0.98832256,74.72104,0.036537647
2025-12-12 12:00:00,26.545563,21.228363,1010.7644,-3.2430477,-6.807206,0.9924701,72.636406,0.0
2025-12-12 18:00:00,25.789215,20.514313,1013.16,-2.7194052,-6.2624683,0.99882287,72.693756,0.0
2025-12-13 00:00:00,24.870636,20.406708,1011.5525,-1.881752,-6.4992332,0.49076086,76.267715,0.0001906883
2025-12-13 06:00:00,26.112518,20.636871,1013.1931,-2.1691036,-7.4299374,0.24291229,71.85642,0.0
2025-12-13 12:00:00,25.804352,19.822296,1010.9575,-2.9587183,-5.910969,0.0,69.58646,0.0
2025-12-13 18:00:00,24.566193,19.156647,1013.8,-2.4884214,-6.341196,0.17647552,71.87431,0.0
2025-12-14 00:00:00,24.09439,19.18924,1013.09937,-1.4297085,-4.647126,0.24218716,74.08555,0.0
2025-12-14 06:00:00,26.271759,19.223358,1013.8144,-1.3207302,-6.4793396,0.0843435,65.21575,0.0
2025-12-14 12:00:00,25.611969,18.773132,1011.1975,-2.9284096,-5.0364466,0.0055533852,65.935524,0.0
2025-12-14 18:00:00,24.509674,18.633118,1013.8569,-2.434927,-5.27614,0.15608215,69.798645,0.0
2025-12-15 00:00:00,23.900177,18.672272,1012.35565,-0.12704182,-5.477642,0.051254272,72.57493,0.0
2025-12-15 06:00:00,26.160248,20.938385,1014.1312,-0.93080044,-7.28551,0.6644745,72.99593,0.0058175065
2025-12-15 12:00:00,26.482971,21.06012,1011.0444,-2.2514887,-6.474635,0.75414556,72.15599,0.0
2025-12-15 18:00:00,25.875519,21.607697,1012.53876,-2.978592,-6.500765,0.983286,77.346146,0.14590007
2025-12-16 00:00:00,24.663666,22.89981,1010.91064,-1.4344912,-5.844158,0.99772966,89.9309,1.354903
2025-12-16 06:00:00,26.628021,23.702057,1012.83624,-4.5811625,-2.3790483,0.99911004,84.00929,0.0
2025-12-16 12:00:00,25.805084,24.318329,1010.505,-4.045575,-3.1099167,0.97044754,91.52084,0.0
2025-12-16 18:00:00,24.824188,23.76059,1012.5662,-3.5968142,-3.8889418,0.8187711,93.82391,0.24214719
2025-12-17 00:00:00,24.905182,23.668457,1011.35565,-3.4276838,-5.2882414,0.92439914,92.85506,0.0
2025-12-17 06:00:00,26.131683,24.335663,1014.1281,-3.7276058,-5.870289,0.81240106,89.861786,0.008484334
2025-12-17 12:00:00,26.501556,23.503265,1011.9425,-3.8071737,-7.9572544,0.6259573,83.63008,0.0
2025-12-17 18:00:00,25.498322,22.215485,1013.9919,-2.6253471,-7.494503,0.9906794,82.08479,0.0
2025-12-18 00:00:00,24.489288,20.919952,1012.5588,-2.019043,-6.5909243,0.98761517,80.532166,0.0
2025-12-18 06:00:00,26.493256,20.961578,1014.34875,-2.4441605,-7.2020903,0.9879534,71.676994,0.0
2025-12-18 12:00:00,25.709991,20.437286,1011.9456,-2.7085295,-6.4548874,0.4958142,72.6898,0.0
2025-12-18 18:00:00,24.900421,20.162933,1013.4894,-2.7413902,-5.7005215,0.9697345,74.99437,0.0
2025-12-19 00:00:00,24.608429,20.400665,1012.38,-1.7236261,-5.1239433,0.9985162,77.44289,0.0
2025-12-19 06:00:00,26.310333,19.779266,1013.32,-2.9764404,-6.1550226,0.9991092,67.35456,0.0
2025-12-19 12:00:00,25.74768,19.816315,1010.15875,-3.112527,-4.9821177,0.96948063,69.79472,0.0
2025-12-19 18:00:00,24.47049,19.126282,1011.8137,-2.2626867,-3.4418726,0.9749353,72.150444,0.0
2025-12-20 00:00:00,24.274445,18.327606,1010.1225,-1.9245672,-3.997961,0.93893856,69.44731,0.0
2025-12-20 06:00:00,26.274689,17.665985,1012.29,-3.0076246,-4.5340576,0.5069218,59.143074,0.0
2025-12-20 12:00:00,25.737091,17.785065,1010.22687,-2.576563,-3.8002148,0.3337444,61.51459,0.0
2025-12-20 18:00:00,24.054108,17.803894,1012.41876,-1.3944073,-3.6837978,0.5028428,68.093544,0.0
2025-12-21 00:00:00,24.132843,18.36728,1010.9581,-0.9342747,-4.3026133,0.06550598,70.21406,0.0
2025-12-21 06:00:00,26.621857,19.91446,1013.1769,-2.4775867,-4.979909,0.24032517,66.684875,0.00028614886
2025-12-21 12:00:00,26.0654,20.157623,1010.3619,-2.8992043,-4.4271536,0.26961535,69.95663,0.0
2025-12-21 18:00:00,24.612946,20.11496,1012.155,-3.3980627,-4.403736,0.9243771,76.0672,0.0
2025-12-22 00:00:00,24.056305,19.034515,1011.20374,-1.4722853,-5.125717,0.9589936,73.542465,0.0
2025-12-22 06:00:00,26.51706,19.03012,1012.8281,-2.919383,-4.855733,0.9935547,63.509144,0.0
2025-12-22 12:00:00,26.393951,20.002777,1010.4394,-1.4164562,-3.849763,0.9311955,67.957634,0.0
2025-12-22 18:00:00,24.726227,19.852112,1012.0588,-0.6762266,-4.6125946,0.30462676,74.33424,0.0
2025-12-23 00:00:00,24.269684,20.678009,1010.23126,-1.2815838,-5.798914,0.5446465,80.39266,0.0
2025-12-23 06:00:00,26.378876,21.459747,1011.8162,-2.220131,-5.464506,0.99803007,74.40154,0.08106977
2025-12-23 12:00:00,26.028961,21.218597,1009.5669,-2.5257378,-5.675762,0.41205442,74.841644,0.0
2025-12-23 18:00:00,25.422272,20.625671,1011.38873,-2.392312,-5.5745783,0.79929554,74.8061,0.0
2025-12-24 00:00:00,25.015533,20.52359,1010.485,-1.3929844,-5.2156334,0.12964404,76.15859,0.0
2025-12-24 06:00:00,26.473907,20.948395,1012.52563,-0.36450672,-5.758772,0.9001203,71.70068,0.0
2025-12-24 12:00:00,26.090973,19.719818,1009.365,-3.5447092,-5.1176023,0.42573255,67.98217,0.0
2025-12-24 18:00:00,24.750885,18.828186,1011.6694,-2.5002708,-4.290633,0.23977797,69.64336,0.0
2025-12-25 00:00:00,24.265778,19.876068,1011.1456,0.5489178,-3.721506,0.013153076,76.524635,0.0
2025-12-25 06:00:00,26.317047,21.417755,1012.5025,-0.57660484,-6.1568785,0.20597519,74.481804,0.0029560179
2025-12-25 12:00:00,25.679474,22.562225,1010.6244,-3.8025875,-3.6393852,0.68131906,82.937004,0.12912787
2025-12-25 18:00:00,24.149689,22.416107,1012.9856,-2.6031694,-3.126318,0.7918724,90.05965,0.0
2025-12-26 00:00:00,24.378632,21.946869,1010.77124,-3.0432816,-4.575056,0.31979495,86.32957,0.0
2025-12-26 06:00:00,26.299835,21.951141,1012.59814,-4.0951786,-5.3657007,0.66585517,77.028404,0.10615121
2025-12-26 12:00:00,26.032074,21.471863,1010.2456,-3.7591228,-5.46846,0.6034755,75.99829,0.0
2025-12-26 18:00:00,24.998322,20.682648,1012.4231,-3.4279222,-5.457409,0.19975322,76.98775,0.0
2025-12-27 00:00:00,24.443024,20.490082,1011.6575,-2.3542871,-5.0461416,0.18279141,78.64584,0.0064857304
2025-12-27 06:00:00,26.537872,20.353912,1013.10876,-3.1423168,-5.7859917,0.57406527,68.86211,0.0
2025-12-27 12:00:00,26.312164,20.046509,1010.52686,-2.8694687,-5.2926683,0.14686847,68.47159,0.0
2025-12-27 18:00:00,25.399323,20.451477,1012.96875,-3.4186573,-4.1598186,0.3572412,74.10796,0.041389838
2025-12-28 00:00:00,24.760773,20.751434,1012.34375,-1.0157223,-5.523509,0.22574711,78.418335,0.0
2025-12-28 06:00:00,26.44223,20.927216,1013.7612,-1.8522482,-6.179182,0.42451477,71.74131,0.0
2025-12-28 12:00:00,26.012177,20.887177,1011.21375,-3.5770092,-5.001133,0.06685474,73.4065,0.0
2025-12-28 18:00:00,25.456757,20.715302,1012.7056,-3.3330173,-4.7955236,0.07991565,75.06622,0.0
2025-12-29 00:00:00,25.082184,20.667969,1011.6262,-1.8742495,-5.345605,0.614981,76.534676,0.0156397
2025-12-29 06:00:00,26.553253,21.168976,1013.46936,-1.4934473,-6.271942,0.8421632,72.33944,0.0
2025-12-29 12:00:00,25.824127,21.268341,1010.82935,-4.3191032,-5.3722143,0.6339039,75.98636,0.0
2025-12-29 18:00:00,25.488434,20.998138,1013.03314,-2.7283869,-5.3010283,0.0,76.23997,0.0
2025-12-30 00:00:00,24.243317,21.18332,1011.29065,0.6741524,-5.8957367,0.18848003,83.06033,0.0
2025-12-30 06:00:00,26.37442,21.59555,1012.91565,-0.20289862,-5.3303375,0.13484192,75.04219,0.0
2025-12-30 12:00:00,26.419525,22.31192,1009.2675,-3.5054998,-4.704919,0.17628479,78.18583,9.534415e-05
2025-12-30 18:00:00,26.22647,23.113129,1011.4306,-2.8673668,-5.1880026,0.6458168,83.020004,0.0
2025-12-31 00:00:00,25.540375,22.909698,1009.8231,-0.082743645,-4.6176023,0.94034034,85.40536,0.13723224
2025-12-31 06:00:00,26.251862,22.905762,1011.2875,-0.8641138,-4.333392,0.87610465,81.86179,0.0
2025-12-31 12:00:00,26.202301,23.56662,1007.6981,-1.8205843,-3.7445612,0.65199584,85.446106,0.019102305
2025-12-31 18:00:00,25.606934,23.504272,1010.12,-1.6765308,-3.9049292,0.98178214,88.180534,0.0
