time,temperature,dewpoint,pressure,wind_u,wind_v,cloud_cover,humidity,rain_mm
2021-01-01 00:00:00,22.632599,21.084442,1004.29877,-0.77591515,-3.7793999,0.20414335,90.98208,0.0
2021-01-01 06:00:00,28.455841,21.326385,1006.6788,-3.3748941,-4.329747,0.99031353,65.34466,0.050917212
2021-01-01 12:00:00,27.551117,22.37024,1003.91565,-2.2100477,-2.4506893,0.9900866,73.417015,0.0
2021-01-01 18:00:00,23.37674,21.009369,1006.02185,-1.2245197,-3.0221157,0.98858714,86.57545,0.0
2021-01-02 00:00:00,23.26004,20.113922,1004.27625,-0.03413105,-3.566597,0.92516077,82.50514,0.0
2021-01-02 06:00:00,26.397797,22.417816,1006.34125,-2.0404787,-4.32216,1.0000011,78.79187,0.005817535
2021-01-02 12:00:00,26.640045,23.06955,1003.3837,-1.8732004,-3.9323788,0.60405034,80.80584,0.023095552
2021-01-02 18:00:00,24.178864,22.646088,1004.6331,-0.7202215,-3.8678045,0.9991271,91.16671,0.0
2021-01-03 00:00:00,23.688751,21.7883,1002.7706,-0.5082083,-3.4783049,0.99999696,89.1146,0.06657151
2021-01-03 06:00:00,24.993378,22.758636,1004.885,-1.5560617,-3.374218,0.9519396,87.42693,0.055333145
2021-01-03 12:00:00,25.109528,23.932037,1002.3731,-1.9546251,-1.53263,0.9951004,93.19683,0.31686804
2021-01-03 18:00:00,23.93393,23.190033,1003.83374,-0.97467995,-2.1093998,0.9024262,95.61575,0.0
2021-01-04 00:00:00,23.902374,22.694305,1003.2225,-0.83114624,-2.8158503,0.9999942,92.9646,0.01691632
2021-01-04 06:00:00,27.55716,22.242676,1004.6769,-3.7868404,-3.0070314,0.93306243,72.82369,0.0
2021-01-04 12:00:00,27.68155,23.086151,1002.4319,-2.2454376,-1.8600569,0.9356416,76.092186,0.0
2021-01-04 18:00:00,24.309723,23.10022,1004.85815,-1.4657221,-2.8289318,0.97887075,92.977264,0.0
2021-01-05 00:00:00,23.867645,22.48053,1003.28815,-0.75774384,-3.28864,0.9225748,91.95769,0.1060442
2021-01-05 06:00:00,26.451324,23.388702,1005.15686,-1.6287079,-3.850234,0.9991572,83.30055,0.053777114
2021-01-05 12:00:00,26.519531,24.105988,1002.84686,-1.4352474,-2.0145588,0.99802256,86.626144,1.0344076
2021-01-05 18:00:00,24.362213,23.335022,1005.1575,-1.2253218,-1.7524748,1.0000001,94.00964,0.0
2021-01-06 00:00:00,24.190216,23.043121,1002.83185,-0.3181839,-1.9742336,0.9980209,93.32296,0.0
2021-01-06 06:00:00,28.103668,24.027863,1004.0094,-1.2979355,-1.659132,0.99832064,78.57621,0.32813537
2021-01-06 12:00:00,26.612823,24.779938,1001.8256,-2.6949692,-0.4869668,0.99999684,89.6985,1.5352846
2021-01-06 18:00:00,24.527863,23.711548,1004.1769,-0.87121964,1.3168998,0.9482973,95.218895,0.0
2021-01-07 00:00:00,24.533234,23.056152,1002.3688,0.33924866,-1.3262386,0.9392823,91.49693,0.0
2021-01-07 06:00:00,29.417328,24.384155,1003.35376,-2.3787975,-2.2693567,0.89766943,74.38597,0.106731266
2021-01-07 12:00:00,27.901245,24.584503,999.7506,-2.827299,-1.2832842,0.8361381,82.20633,0.0
2021-01-07 18:00:00,25.477509,23.942352,1002.48126,-0.7750473,-1.4456701,0.9821488,91.23528,0.44244164
2021-01-08 00:00:00,25.057861,23.433624,1000.46564,-0.46532822,-1.632926,0.9059183,90.72032,0.0
2021-01-08 06:00:00,27.766693,23.487396,1003.03186,-0.2707863,-2.261714,0.975198,77.57171,0.5016413
2021-01-08 12:00:00,27.132904,23.765076,1000.2381,-1.2187538,-0.75360584,0.9238975,81.86211,0.0
2021-01-08 18:00:00,24.837158,23.649231,1003.1106,-1.4461346,-1.7070236,0.9649547,93.124886,0.0
2021-01-09 00:00:00,24.10553,22.95346,1001.76874,-0.8812561,-1.8233147,1.0000048,93.29075,0.0
2021-01-09 06:00:00,28.31424,24.841827,1003.45874,-3.0327168,-2.3368273,0.99688935,81.49531,0.08229427
2021-01-09 12:00:00,27.445007,23.76654,1001.67065,-2.1958323,-0.69602203,1.0,80.38518,9.664148e-05
2021-01-09 18:00:00,24.440765,23.3927,1003.96124,-1.1105595,-1.6823587,1.0,93.89469,0.20711002
2021-01-10 00:00:00,24.397583,22.993195,1002.6194,-0.41191483,-2.561283,1.0,91.89216,0.0
2021-01-10 06:00:00,28.177032,23.827637,1004.1262,-0.5770674,-3.3715658,1.0,77.305244,0.0
2021-01-10 12:00:00,28.053284,23.499115,1001.2031,-1.1029377,-1.0042181,1.0,76.33925,0.0
2021-01-10 18:00:00,24.977448,23.761322,1004.1825,-1.4279909,-2.009757,1.0,92.973946,0.89456236
2021-01-11 00:00:00,24.354095,22.80896,1002.955,-0.921505,-3.4951735,1.0,91.109535,0.17169952
2021-01-11 06:00:00,26.018005,24.425293,1004.2587,-1.9930344,-4.176136,1.0,90.95504,0.0
2021-01-11 12:00:00,25.403961,23.891632,1002.7594,-0.44834042,-2.4460325,1.0,91.35598,1.0640492
2021-01-11 18:00:00,24.53125,23.730377,1003.89374,-0.7782116,-3.911996,1.0,95.30755,0.52710485
2021-01-12 00:00:00,24.02536,22.25235,1002.2944,-1.326951,-4.248067,1.0,89.835014,0.0
2021-01-12 06:00:00,24.757294,23.924713,1004.9913,-2.2303457,-4.0082817,1.0,95.13386,0.064881325
2021-01-12 12:00:00,25.492676,23.918884,1001.68,-3.2291412,-3.9993706,0.9999999,91.02463,0.9824678
2021-01-12 18:00:00,24.18985,23.388153,1004.44,-3.072567,-2.9485903,1.0,95.2911,0.0
2021-01-13 00:00:00,23.844452,22.518433,1002.515,-1.1641436,-3.282156,0.9466863,92.298325,0.0
2021-01-13 06:00:00,26.328949,24.085297,1004.57874,-4.2297564,-3.6115885,0.79337174,87.49686,0.0
2021-01-13 12:00:00,25.798859,23.131622,1002.2394,-2.7164192,-1.4660501,0.9324728,85.242775,0.0028119832
2021-01-13 18:00:00,24.131683,23.241974,1005.5206,-1.4845247,-1.9542408,0.95699984,94.78394,0.011599395
2021-01-14 00:00:00,23.925262,22.203888,1002.3925,-1.1685581,-3.693121,0.5329578,90.11068,0.0
2021-01-14 06:00:00,26.651276,23.2919,1005.0031,-2.1489677,-3.4974756,0.80603033,81.84496,0.10986086
2021-01-14 12:00:00,25.832733,23.253754,1001.9456,-2.5387516,-1.2656984,0.87270176,85.70208,0.41590288
2021-01-14 18:00:00,23.990692,23.31897,1004.41437,-1.545186,-1.5483828,0.96455526,96.03529,0.0
2021-01-15 00:00:00,24.205627,22.705963,1002.9194,-0.30773067,-2.22604,0.99802226,91.35171,0.0
2021-01-15 06:00:00,26.26004,23.278046,1005.13,-2.4213934,-3.6539679,1.0,83.685425,0.0
2021-01-15 12:00:00,26.698761,22.806946,1002.4356,-2.1173449,-1.4154596,0.99999815,79.256645,0.0022118762
2021-01-15 18:00:00,24.420074,23.153107,1004.0131,-1.0483027,-1.6391239,0.99915767,92.66045,0.0
2021-01-16 00:00:00,24.187042,22.599884,1002.2006,-0.28221798,-2.29428,0.58364195,90.86683,0.0
2021-01-16 06:00:00,27.942474,22.672394,1004.1,-2.4240103,-3.0463057,0.93041104,73.08668,0.20208128
2021-01-16 12:00:00,27.141815,23.58844,1001.665,-2.2036724,-0.5739393,0.92251235,80.95368,0.0
2021-01-16 18:00:00,24.39267,22.988434,1003.9994,-1.4974451,-0.9198694,0.9558064,91.89273,0.0
2021-01-17 00:00:00,23.102325,21.50882,1003.14813,-0.28711987,-1.7158833,0.9618868,90.76027,0.0
2021-01-17 06:00:00,28.917145,21.54956,1005.01373,-1.7680264,-2.5586557,0.5675142,64.49453,0.0
2021-01-17 12:00:00,28.368622,20.872559,1002.5656,-2.396474,-1.7352858,0.07894461,63.872128,0.0
2021-01-17 18:00:00,22.727081,20.471588,1005.8113,-0.8944235,-2.1391716,0.9251965,87.11351,0.0
2021-01-18 00:00:00,21.59671,19.511444,1004.28815,0.16843891,-2.7134275,0.1394429,87.93611,0.0
2021-01-18 06:00:00,28.72525,20.008728,1006.8075,-2.922594,-4.381466,0.8237316,59.315483,0.006391434
2021-01-18 12:00:00,27.736237,20.461212,1002.9269,-2.8676262,-2.115777,0.8024705,64.612305,0.0
2021-01-18 18:00:00,22.47464,20.121124,1005.3681,-0.5076704,-1.6243887,0.9828279,86.56432,0.0
2021-01-19 00:00:00,22.389069,20.130066,1003.7875,0.8591728,-1.893672,0.9309432,87.06388,0.00047683716
2021-01-19 06:00:00,28.70279,21.41391,1006.3544,-1.3755016,-3.7894154,0.7321308,64.7608,0.00066962093
2021-01-19 12:00:00,29.140228,21.206055,1002.72186,-0.58431435,-2.29346,0.0057373047,62.341362,0.0
2021-01-19 18:00:00,24.96341,22.017303,1005.1131,-1.3952923,-1.7317352,0.8048407,83.7232,0.0
2021-01-20 00:00:00,24.549347,21.343353,1004.21124,0.86968327,-2.2603626,0.96970236,82.35604,0.0
2021-01-20 06:00:00,29.464813,22.797821,1005.8756,-0.27593803,-3.0408163,0.91886556,67.42013,0.06335974
2021-01-20 12:00:00,29.088593,24.152771,1003.3206,-2.3047943,-2.2229395,0.74079055,74.76788,0.0
2021-01-20 18:00:00,25.772675,23.582794,1005.1756,-1.4609957,-1.9099255,0.19348031,87.73214,0.0
2021-01-21 00:00:00,24.639801,22.822021,1004.2975,-0.34380245,-2.059822,0.7507073,89.63586,0.011642245
2021-01-21 06:00:00,29.645905,24.47348,1005.8844,-1.569232,-1.6616163,0.6052092,73.80574,0.017063648
2021-01-21 12:00:00,30.080109,24.87384,1002.53687,-1.8038092,0.013751984,0.40952435,73.72865,0.0
2021-01-21 18:00:00,26.04361,24.917725,1004.4994,-1.4710236,-0.5774727,0.10654672,93.53004,0.0
2021-01-22 00:00:00,25.707672,23.904694,1004.5069,0.042593002,-1.0482597,0.95386803,89.793785,0.02116728
2021-01-22 06:00:00,30.388458,25.18222,1006.0469,-1.4913416,-1.1864433,0.3741079,73.77996,0.06428343
2021-01-22 12:00:00,30.152252,24.050903,1001.90314,-1.9287987,-0.20977688,0.18718071,69.8945,0.0
2021-01-22 18:00:00,25.354614,24.316254,1004.61127,-1.7802124,-0.5372925,0.040681142,93.98963,0.0
2021-01-23 00:00:00,24.89914,23.04773,1003.65186,-0.35087395,-1.8700771,0.81735986,89.47272,0.03843308
2021-01-23 06:00:00,29.721954,21.271027,1006.21814,-2.4485703,-2.6542797,0.22520542,60.524284,0.0
2021-01-23 12:00:00,28.98111,22.148346,1003.64935,-2.655837,-1.1601753,0.53669983,66.648445,0.0
2021-01-23 18:00:00,23.839935,22.560944,1006.0825,-1.4406109,-0.8317318,0.076107875,92.56204,0.0
2021-01-24 00:00:00,23.769867,21.823517,1004.6869,0.3796339,-1.4090376,0.9411706,88.8715,0.0003813766
2021-01-24 06:00:00,29.042816,19.67868,1007.33624,-1.7990494,-2.2473373,0.96518713,57.05499,0.0016214326
2021-01-24 12:00:00,29.029205,20.72995,1003.7488,-1.5615244,-0.9180174,0.87489486,60.93374,0.0
2021-01-24 18:00:00,23.772003,22.090607,1006.71814,-1.3949108,-0.78306293,0.9850975,90.31966,0.0
2021-01-25 00:00:00,23.705353,21.411224,1005.63,0.2345419,-1.7877693,1.0,86.99583,0.008776344
2021-01-25 06:00:00,29.00064,20.59671,1007.6425,-2.2275677,-1.6132364,0.93314207,60.535675,0.028603218
2021-01-25 12:00:00,29.784027,22.013763,1004.03815,-1.4659977,-0.83679867,0.7799843,63.110428,0.0
2021-01-25 18:00:00,23.412506,21.195953,1006.58624,-1.5790424,-0.8892374,0.0,87.384094,0.0
2021-01-26 00:00:00,22.26712,20.399017,1005.0125,-0.25901413,-2.3311577,0.8193812,89.18183,0.0
2021-01-26 06:00:00,28.713531,19.084747,1007.27374,-2.705285,-3.11234,0.7990689,56.04462,0.0
2021-01-26 12:00:00,28.734283,20.236847,1003.2425,-1.6643248,-1.3643608,0.14623784,60.12683,0.0
2021-01-26 18:00:00,22.677032,20.030273,1006.4375,-1.5594893,-0.9936018,0.2904849,85.02779,0.0
2021-01-27 00:00:00,21.96585,19.680756,1005.0731,0.37596703,-1.9362707,0.9552658,86.88435,0.0
2021-01-27 06:00:00,28.649567,20.032684,1007.3875,-2.4783707,-2.8085632,0.9891096,59.664898,0.0034349505
2021-01-27 12:00:00,28.604462,20.324066,1004.0225,-2.4910936,-1.5960417,0.65305275,60.90876,0.0
2021-01-27 18:00:00,22.389801,20.051361,1006.5544,-0.9983702,-1.6418467,0.32591265,86.63709,0.0
2021-01-28 00:00:00,22.234406,19.478363,1005.315,0.7828779,-2.412321,0.7227489,84.40643,0.0007627532
2021-01-28 06:00:00,28.456024,21.134491,1007.16315,-2.409628,-3.6880817,0.627288,64.57939,0.05960185
2021-01-28 12:00:00,28.792328,21.302856,1003.8812,-2.6512241,-1.9293842,0.38647777,63.988487,0.0
2021-01-28 18:00:00,24.230255,21.073486,1006.7656,-1.579073,-1.5632219,0.058575097,82.56689,0.0
2021-01-29 00:00:00,23.51529,20.264252,1005.35876,0.60560894,-2.911254,0.29861677,82.00262,0.0
2021-01-29 06:00:00,28.953888,21.586975,1007.2537,-2.7939959,-3.6739101,0.9203295,64.50493,0.012777746
2021-01-29 12:00:00,28.762299,21.456482,1004.5094,-1.8181314,-2.4686403,1.0000002,64.706154,0.0
2021-01-29 18:00:00,24.926056,21.339264,1006.7056,-1.5858507,-1.9776831,0.88902587,80.503204,0.011831522
2021-01-30 00:00:00,24.29837,21.363556,1004.9331,-0.5029793,-2.7665195,0.65990865,83.70663,0.0
2021-01-30 06:00:00,29.675934,21.109467,1006.58685,-2.5638494,-3.4920216,0.62417626,60.086357,0.025182962
2021-01-30 12:00:00,29.63382,21.482025,1003.0756,-2.3668041,-2.014079,0.17978328,61.6238,0.0
2021-01-30 18:00:00,24.173615,21.398956,1006.645,-1.4166222,-1.5857687,0.3731677,84.51826,0.0
2021-01-31 00:00:00,23.871002,21.275604,1004.965,-0.64875793,-2.2256498,0.39979947,85.4202,0.0
2021-01-31 06:00:00,29.085297,20.937897,1006.84436,-2.940341,-3.2659645,0.620315,61.51828,0.003146939
2021-01-31 12:00:00,29.571686,21.754608,1003.97314,-2.9141483,-2.2020645,0.028380532,62.884426,0.0
2021-01-31 18:00:00,24.31839,21.742218,1007.8075,-1.2234983,-2.4380302,0.22554618,85.565926,0.0
2021-02-01 00:00:00,23.471344,21.322357,1006.76,-0.6216593,-3.5643082,0.44216043,87.75206,0.0
2021-02-01 06:00:00,29.674835,21.825226,1008.97314,-2.3322716,-4.2185345,0.44056547,62.782013,0.0
2021-02-01 12:00:00,29.277618,22.083344,1005.39685,-3.3594866,-2.3651514,0.09668732,65.25647,0.0
2021-02-01 18:00:00,24.071259,21.056458,1008.935,-1.878953,-2.8017673,0.033894066,83.27123,0.0
2021-02-02 00:00:00,23.337067,19.985565,1007.48126,-0.32159805,-3.2919674,0.1810461,81.47251,0.0
2021-02-02 06:00:00,29.464935,20.791473,1008.7438,-2.2967434,-3.6037292,0.2799405,59.644325,0.0
2021-02-02 12:00:00,29.261444,20.561005,1005.59186,-3.2885532,-1.9513607,0.34293044,59.498466,0.0
2021-02-02 18:00:00,25.154022,21.615082,1008.34814,-1.5485153,-2.245473,0.27692765,80.76916,0.0
2021-02-03 00:00:00,24.230865,21.6763,1006.5625,-1.0102358,-2.265358,0.6359488,85.67022,0.0
2021-02-03 06:00:00,29.189972,20.31076,1008.53937,-3.4691515,-2.8767805,0.57232255,58.829243,0.0005721813
2021-02-03 12:00:00,28.720734,21.024506,1005.6725,-3.478325,-2.025649,0.6912007,63.16645,0.0
2021-02-03 18:00:00,24.104767,20.02362,1008.3244,-2.0317688,-2.2946234,0.99999994,77.97668,0.0
2021-02-04 00:00:00,22.646393,19.565155,1007.02374,-0.40383625,-2.3861399,0.015672568,82.76431,0.0
2021-02-04 06:00:00,29.090302,19.596375,1008.9425,-3.0901299,-3.1165934,0.74620336,56.608494,0.0
2021-02-04 12:00:00,28.507355,18.833618,1005.2025,-3.6160164,-1.9592066,0.8544228,55.837463,0.0
2021-02-04 18:00:00,22.907867,18.961578,1007.59186,-1.2572985,-1.8188648,0.1884748,78.45833,0.0
2021-02-05 00:00:00,22.1409,18.892609,1006.55,-0.2806282,-2.4003277,0.5625943,81.846664,0.0
2021-02-05 06:00:00,28.444,19.314728,1007.9125,-1.4319963,-3.4571352,0.32582986,57.74997,0.0
2021-02-05 12:00:00,28.965729,20.267578,1003.7419,-2.9279528,-2.346078,0.4894811,59.438602,0.0
2021-02-05 18:00:00,23.516693,19.81009,1006.4906,-1.676671,-0.8359575,0.2755647,79.72291,0.0
2021-02-06 00:00:00,22.296417,19.003815,1004.92377,0.36675262,-2.3216543,0.45878273,81.64007,0.0
2021-02-06 06:00:00,29.26651,19.495758,1006.7481,-1.6475592,-3.4308558,0.6774411,55.685623,0.0
2021-02-06 12:00:00,29.340118,18.388458,1003.27625,-3.1845074,-2.4530115,0.027664185,51.74681,0.0
2021-02-06 18:00:00,22.287994,19.088287,1006.25,-1.1483421,-1.8970623,0.0,82.11333,0.0
2021-02-07 00:00:00,21.325226,19.307281,1005.2469,-0.2502184,-2.9176884,0.0007171631,88.28202,0.0
2021-02-07 06:00:00,29.106964,17.850494,1006.59125,-1.577178,-4.2073965,0.009933472,50.706238,0.0
2021-02-07 12:00:00,29.492828,17.042755,1003.585,-2.841054,-2.4118805,0.0,47.12345,0.0
2021-02-07 18:00:00,23.328156,20.150787,1007.05,-1.6756735,-2.743703,0.008323669,82.35401,0.0
2021-02-08 00:00:00,22.358551,20.477936,1005.83124,-1.0241213,-3.4981623,0.09199478,89.12007,0.0
2021-02-08 06:00:00,29.224518,18.036896,1007.47626,-2.6549292,-4.1151752,0.0735211,50.956673,0.0
2021-02-08 12:00:00,28.976532,17.852509,1005.20624,-3.5951176,-2.513651,0.014858724,51.096863,0.0
2021-02-08 18:00:00,22.838654,19.861298,1007.745,-1.8236446,-1.6647892,0.04273575,83.32201,0.0
2021-02-09 00:00:00,22.075958,19.595123,1005.74,-0.019680977,-2.4054527,0.5376752,85.84544,0.0
2021-02-09 06:00:00,29.128815,18.333832,1007.1919,-2.7087994,-4.2367983,0.9200589,52.20341,0.0
2021-02-09 12:00:00,28.480988,17.22525,1003.4344,-2.6593523,-2.5034266,0.8383362,50.546432,0.0
2021-02-09 18:00:00,22.009674,18.304443,1006.5225,-1.5636234,-1.1619978,0.059810854,79.522545,0.0
2021-02-10 00:00:00,21.280548,17.870575,1005.10376,-0.0018119812,-2.493229,0.4777056,80.912285,0.0018120045
2021-02-10 06:00:00,28.46402,17.861359,1007.3375,-2.1238127,-2.941245,0.58733153,52.667904,0.0
2021-02-10 12:00:00,28.602386,15.871429,1003.1994,-2.7810163,-1.8229971,0.00598526,46.052498,0.0
2021-02-10 18:00:00,20.685944,17.30661,1005.9919,-1.927434,-0.5417576,0.4599346,80.991135,0.0
2021-02-11 00:00:00,20.112823,17.844696,1004.1231,-0.07593155,-2.1352768,0.5095522,86.80378,0.0
2021-02-11 06:00:00,28.58255,16.349274,1006.1337,-2.2464104,-2.8019533,0.3876174,47.532402,0.0
2021-02-11 12:00:00,28.756744,17.537018,1002.7175,-2.9580917,-1.5846758,0.50589603,50.733078,0.0
2021-02-11 18:00:00,20.979279,17.613617,1005.95435,-1.130599,-1.4846687,0.57568526,81.0992,0.0
2021-02-12 00:00:00,21.760406,17.029633,1004.9519,0.068081856,-2.1978426,1.0,74.5083,0.003909692
2021-02-12 06:00:00,28.196869,17.263641,1006.595,-1.8129139,-2.2093058,0.9991601,51.51357,0.0
2021-02-12 12:00:00,28.944,18.993256,1003.58435,-3.0726995,-0.9067011,0.12540802,54.98638,0.0
2021-02-12 18:00:00,21.889679,18.409271,1006.765,-1.4664698,-1.273839,0.003134073,80.63495,0.0
2021-02-13 00:00:00,21.360992,18.39743,1005.6813,0.15921783,-1.9938097,0.012573242,83.22273,0.0
2021-02-13 06:00:00,29.73172,17.582062,1007.405,-1.217617,-1.7065411,0.20322612,48.09062,0.0
2021-02-13 12:00:00,30.292145,18.429352,1004.29626,-2.159298,-1.2165785,0.1622467,49.11426,0.0
2021-02-13 18:00:00,23.24411,20.947845,1007.1256,-1.8910236,-0.8128395,0.0,86.94224,0.0
2021-02-14 00:00:00,21.971344,20.313995,1006.1069,0.09519386,-1.6705351,0.0015591728,90.32804,0.0
2021-02-14 06:00:00,29.258331,19.196014,1007.3869,-1.60643,-1.9849358,0.100406006,54.68255,0.0
2021-02-14 12:00:00,30.3638,19.30838,1003.9894,-2.828803,-0.41069508,0.09175673,51.672943,0.0
2021-02-14 18:00:00,23.459259,20.492401,1006.76935,-1.5633945,-0.48199844,0.43902755,83.4472,0.0
2021-02-15 00:00:00,22.907257,20.234283,1005.565,0.14309216,-1.6990862,0.70072067,84.91409,0.0
2021-02-15 06:00:00,30.270538,20.56131,1005.9169,-0.81366634,-2.2948036,0.0008392334,56.142246,0.0
2021-02-15 12:00:00,31.22232,21.454071,1001.84814,-3.0185747,-0.52048016,0.016565323,56.168087,0.0
2021-02-15 18:00:00,24.21286,21.756775,1005.73627,-2.0622482,-0.35515594,0.013893127,86.18561,0.0
2021-02-16 00:00:00,23.912567,20.952911,1004.58875,0.5962486,-1.3658171,0.9931964,83.535706,0.0
2021-02-16 06:00:00,29.464996,20.068726,1006.1188,-1.2345295,-1.2257013,0.9553202,57.04247,0.0
2021-02-16 12:00:00,30.68753,19.883636,1001.84314,-1.8493128,-0.6153259,0.37254477,52.569103,0.0
2021-02-16 18:00:00,24.047943,20.808258,1005.2319,-1.72754,-0.2688604,0.029108047,82.125206,0.0
2021-02-17 00:00:00,22.858063,20.426666,1003.8725,-0.2755394,-1.7117157,0.15128405,86.185394,0.0
2021-02-17 06:00:00,29.685944,19.41269,1005.1775,-1.782649,-2.131544,0.1060482,54.074623,0.0
2021-02-17 12:00:00,29.748444,20.523224,1002.0444,-3.668645,-1.4002428,0.21219905,57.71615,0.0
2021-02-17 18:00:00,23.790802,20.215607,1005.4256,-2.208188,-1.1346378,0.041003987,80.41107,0.0
2021-02-18 00:00:00,23.330719,20.49121,1004.70374,0.31381035,-1.742095,0.30379146,84.090805,0.0
2021-02-18 06:00:00,29.484772,19.743439,1006.72437,-2.3849926,-2.084978,0.810243,55.84065,0.0008586794
2021-02-18 12:00:00,28.772552,22.290009,1003.8569,-3.7809963,-1.92027,0.7570617,68.04291,0.0025741756
2021-02-18 18:00:00,23.482697,20.20642,1006.34625,-1.2678595,-1.4647484,0.041204616,81.870804,0.0
2021-02-19 00:00:00,23.087006,19.870697,1004.8719,-0.06353092,-2.420063,0.058028333,82.12648,0.0
2021-02-19 06:00:00,29.998688,21.33664,1006.6294,-2.0707073,-2.6442432,0.5134606,59.808636,0.08851576
2021-02-19 12:00:00,29.321075,23.844055,1002.84,-3.483656,-1.375865,0.37910634,72.41457,0.103247166
2021-02-19 18:00:00,24.986969,22.256989,1006.29565,-2.3633595,-2.425768,0.8662627,84.83531,0.0
2021-02-20 00:00:00,24.55893,21.945099,1004.6069,-1.1076002,-3.2552948,0.52213764,85.39362,0.0
2021-02-20 06:00:00,29.221222,22.254059,1006.08435,-2.2491264,-3.1907616,0.96895015,66.15368,0.018307459
2021-02-20 12:00:00,28.0654,22.455444,1002.71313,-3.1308842,-2.0816545,0.34248263,71.61506,0.0
2021-02-20 18:00:00,25.280731,22.232086,1006.0037,-1.8522987,-2.4051714,0.40701723,83.237595,0.00066801254
2021-02-21 00:00:00,24.107025,22.274628,1005.1156,-0.38224697,-2.7347946,0.6040843,89.5169,0.028796412
2021-02-21 06:00:00,29.209137,22.582794,1006.98376,-3.5630074,-2.7633333,0.32801676,67.53608,0.0
2021-02-21 12:00:00,29.266022,22.686676,1004.1044,-3.2310324,-2.496027,0.47391117,67.74017,0.010116814
2021-02-21 18:00:00,24.712921,22.198395,1007.01874,-1.196763,-2.1534433,0.2817256,85.92739,0.0
2021-02-22 00:00:00,24.702606,22.075989,1005.9931,-0.15435219,-2.7773743,0.41450638,85.34167,0.0
2021-02-22 06:00:00,30.16092,22.362152,1007.5225,-2.122776,-2.9645271,0.5282334,63.082333,0.031577945
2021-02-22 12:00:00,30.810944,22.897766,1003.7375,-3.231511,-1.9386101,0.54663503,62.785892,0.0027465224
2021-02-22 18:00:00,25.608978,23.067749,1006.88,-1.6484699,-1.5198555,0.32167786,85.87585,0.0
2021-02-23 00:00:00,24.946625,22.7146,1004.8688,0.02399826,-2.2639494,0.9585567,87.43723,0.00028591603
2021-02-23 06:00:00,30.517609,20.969452,1006.4981,-1.472188,-2.7160883,0.34538043,56.761314,0.0
2021-02-23 12:00:00,31.148468,21.335114,1002.16315,-3.6922703,-1.5454693,0.41592318,55.995327,0.0
2021-02-23 18:00:00,24.779266,22.347137,1005.90564,-1.8912201,-1.2312603,0.8654924,86.36574,0.0
2021-02-24 00:00:00,23.412628,21.695465,1003.84686,-0.022587776,-2.051814,0.4209444,90.09763,0.0
2021-02-24 06:00:00,30.610748,20.846344,1005.9925,-1.6980209,-1.5605621,0.17086743,56.033863,0.0
2021-02-24 12:00:00,31.609283,20.031036,1001.83374,-2.9622097,-1.2120857,0.0039520264,50.33683,0.0
2021-02-24 18:00:00,24.352814,22.205627,1005.505,-1.9017382,-0.0761776,0.36014557,87.83751,0.0
2021-02-25 00:00:00,22.208649,21.536804,1003.72186,-0.08489132,-1.3173828,0.9374531,95.98214,0.0
2021-02-25 06:00:00,30.293243,20.33902,1006.5125,-0.98869514,-0.94196415,0.26462203,55.30547,0.0
2021-02-25 12:00:00,31.779327,18.561554,1001.7025,-2.6790285,-0.85227394,0.23048055,45.495857,0.0
2021-02-25 18:00:00,23.777496,21.682404,1004.3862,-1.5658092,0.39781564,0.0028808117,88.068184,0.0
2021-02-26 00:00:00,22.55655,20.923828,1003.1669,1.180954,-0.445426,0.19709778,90.50558,0.0
2021-02-26 06:00:00,31.182892,17.709625,1004.64685,-0.18544447,-1.169344,0.0,44.61293,0.0
2021-02-26 12:00:00,32.794098,17.681915,999.72815,-2.446704,-0.50652194,0.0008788109,40.6514,0.0
2021-02-26 18:00:00,23.743073,21.681915,1003.41315,-1.3317356,0.88430345,0.02545929,88.24817,0.0
2021-02-27 00:00:00,22.91983,21.072113,1001.70685,0.85010815,-0.18145812,0.20065308,89.34386,0.0
2021-02-27 06:00:00,31.502228,17.63443,1003.6894,-0.51212215,0.2882946,0.0,43.60254,0.0
2021-02-27 12:00:00,32.91519,19.023224,999.54,-2.6753206,0.3507809,0.0,43.917374,0.0
2021-02-27 18:00:00,23.349945,21.907715,1002.945,-1.794611,-0.07798004,0.0,91.61904,0.0
2021-02-28 00:00:00,21.789581,20.86319,1001.8331,0.87667465,-0.23733717,0.91110176,94.480255,0.0
2021-02-28 06:00:00,30.459259,19.68863,1004.4775,-1.3503456,0.48357952,0.0021533966,52.62005,0.0
2021-02-28 12:00:00,32.369415,18.158234,1000.7562,-2.984622,0.22143042,0.0,42.902973,0.0
2021-02-28 18:00:00,23.32492,21.323517,1004.78314,-1.7779427,-0.6035633,0.0,88.53712,0.0
2021-03-01 00:00:00,22.100372,21.07425,1004.215,-0.09814072,-1.1042681,1.0000052,93.91614,0.0
2021-03-01 06:00:00,30.579376,20.834503,1007.2056,-1.0834436,0.32621914,0.0071258545,56.093643,0.0
2021-03-01 12:00:00,32.309235,18.871979,1004.0106,-3.0420074,0.7499463,0.0,45.016613,0.0
2021-03-01 18:00:00,23.62918,22.286285,1007.27625,-1.3954239,0.929344,0.0,92.191605,0.0
2021-03-02 00:00:00,22.937164,21.738556,1005.16876,0.09367561,-0.9792862,0.91332495,92.968925,0.0
2021-03-02 06:00:00,30.610992,20.419342,1007.1669,-1.224618,-0.38202137,0.0014362335,54.578114,0.0
2021-03-02 12:00:00,32.33194,17.319244,1003.65125,-3.5607672,-0.39372063,0.0,40.78077,0.0
2021-03-02 18:00:00,23.729828,21.466461,1005.96124,-1.6385651,0.49193048,0.0,87.16209,0.0
2021-03-03 00:00:00,21.787384,20.397064,1003.7125,0.3693819,-1.7873774,0.0,91.81767,0.0
2021-03-03 06:00:00,31.224274,18.05191,1006.08936,-2.4957714,-0.8375902,0.0,45.476845,0.0
2021-03-03 12:00:00,31.466827,16.705719,1003.165,-4.108404,-0.0098285675,0.0,41.197308,0.0
2021-03-03 18:00:00,23.30191,21.374237,1005.77374,-1.6239576,-0.5355091,0.0,88.9362,0.0
2021-03-04 00:00:00,23.287872,21.329498,1004.66187,-0.05381298,-0.98487663,0.47338587,88.76794,0.00057241414
2021-03-04 06:00:00,30.06314,18.688812,1006.64374,-1.8353481,-0.63611126,0.2217616,50.578735,0.0
2021-03-04 12:00:00,31.302887,20.339508,1002.92377,-3.7422485,-0.38687992,0.087127686,52.207535,0.0
2021-03-04 18:00:00,23.934479,20.626068,1006.405,-1.515399,-1.1081772,0.0,81.7645,0.0
2021-03-05 00:00:00,23.390045,20.999786,1005.515,0.11466408,-1.6910553,0.11668315,86.45505,0.0
2021-03-05 06:00:00,30.625397,19.866638,1007.20874,-1.8892403,-1.4301882,0.25176528,52.70068,0.0
2021-03-05 12:00:00,31.749664,21.483978,1003.66376,-3.7538595,-0.35938358,0.0,54.609425,0.0
2021-03-05 18:00:00,24.602386,21.497192,1007.0,-1.605443,-0.28124332,0.69593954,82.872375,0.0
2021-03-06 00:00:00,23.134308,21.025787,1005.3744,0.11119461,-1.5207071,0.881975,87.94127,0.0
2021-03-06 06:00:00,31.98819,19.238922,1007.3162,-1.1938915,-1.0069857,0.0008392334,46.902607,0.0
2021-03-06 12:00:00,33.55777,20.093903,1002.28625,-2.8708906,-0.52613544,0.0,45.275135,0.0
2021-03-06 18:00:00,24.819672,22.365509,1006.2944,-1.5783148,0.8144495,0.0,86.25395,0.0
2021-03-07 00:00:00,24.162628,22.294708,1004.3088,0.5565262,-1.0725431,0.95118815,89.32779,0.0
2021-03-07 06:00:00,32.018097,20.707062,1006.1094,-1.0567703,-1.1588583,0.0046691895,51.279556,0.0
2021-03-07 12:00:00,33.66507,20.439972,1001.7475,-3.7859192,-0.3355837,0.0,45.976685,0.0
2021-03-07 18:00:00,25.842499,23.397705,1005.65814,-2.077139,-0.16848087,0.0,86.400154,0.0
2021-03-08 00:00:00,25.347443,22.872284,1004.3231,-0.29580116,-1.6363468,0.82069016,86.1946,0.0
2021-03-08 06:00:00,32.753326,21.034393,1006.54315,-2.0713177,-1.6457815,0.1771387,50.194584,0.021651387
2021-03-08 12:00:00,32.739166,21.674225,1002.3038,-4.164792,-0.49816036,0.18459068,52.243336,0.0
2021-03-08 18:00:00,26.4711,23.56601,1006.3781,-1.9864302,-1.3597364,0.00930034,84.097885,0.0
2021-03-09 00:00:00,25.923737,23.0195,1004.53375,-0.32958317,-2.126811,0.211393,84.04259,0.0
2021-03-09 06:00:00,32.952423,21.766327,1006.7512,-3.3752728,-1.8536644,0.23689222,51.911407,0.025555491
2021-03-09 12:00:00,32.25589,21.394989,1003.35065,-4.4382143,-0.49338055,0.14348571,52.777855,0.0
2021-03-09 18:00:00,26.583954,23.714935,1007.4319,-1.5497856,-1.0943537,0.073982194,84.293015,0.0
2021-03-10 00:00:00,26.444794,23.549103,1004.91815,-0.87019825,-1.9678421,0.44591427,84.14268,0.002194196
2021-03-10 06:00:00,33.147003,23.631927,1006.71,-2.60184,-1.9327679,0.25567478,57.499195,0.031087667
2021-03-10 12:00:00,30.3367,23.071838,1002.89,-4.276434,0.9835304,0.618495,65.196266,0.10911363
2021-03-10 18:00:00,26.56604,23.422668,1006.9344,-1.7324333,0.5808903,0.7111306,82.90882,0.0
2021-03-11 00:00:00,26.455719,23.496979,1004.60876,-0.36151218,-0.4210723,0.80299395,83.82465,9.698165e-05
2021-03-11 06:00:00,33.458405,21.801544,1006.7419,-2.1170244,-0.19259644,0.24549988,50.566395,0.00886793
2021-03-11 12:00:00,33.433258,19.082672,1002.7394,-3.9476442,0.7893801,0.11741638,42.81678,0.0
2021-03-11 18:00:00,25.904144,22.901947,1007.51685,-1.7267714,0.10189372,0.3120187,83.54346,0.0
2021-03-12 00:00:00,24.463531,22.120605,1005.6231,-0.05047512,-1.0601358,0.33692122,86.806366,0.0
2021-03-12 06:00:00,32.37564,20.459015,1008.1256,-2.7334404,-0.26847553,0.13777739,49.490765,0.0
2021-03-12 12:00:00,32.53665,18.958893,1004.2481,-4.529374,-0.29909134,0.009788513,44.68416,0.0
2021-03-12 18:00:00,25.183868,21.59842,1007.3731,-2.0901728,-0.53288937,0.0014362335,80.5436,0.0
2021-03-13 00:00:00,23.861847,22.113495,1005.3475,0.063495636,-1.1102686,0.43970293,89.95823,0.0
2021-03-13 06:00:00,32.207184,21.342316,1007.60815,-2.5104523,-1.215663,0.47649848,52.752865,0.020219013
2021-03-13 12:00:00,32.592804,20.839142,1003.38873,-4.279948,-0.9791651,0.22743225,50.046383,0.0
2021-03-13 18:00:00,26.097015,21.98642,1006.4988,-2.1283035,-1.4902592,0.0068359375,78.125084,0.0
2021-03-14 00:00:00,24.32022,22.093964,1004.64374,-0.30934906,-1.7288399,0.079599395,87.412636,0.0
2021-03-14 06:00:00,33.438507,20.649506,1005.61127,-2.8223228,-1.3775187,0.05903707,47.169094,0.0
2021-03-14 12:00:00,32.8356,18.393951,1001.7569,-4.559806,-0.35848522,0.08579254,42.41256,0.0
2021-03-14 18:00:00,25.064117,20.999786,1005.10315,-1.498703,-0.57882595,0.008728504,78.19719,0.0
2021-03-15 00:00:00,24.465118,22.179718,1003.04,-0.50849056,-1.452157,0.03052657,87.1112,0.0
2021-03-15 06:00:00,33.801178,18.496857,1005.10626,-2.4672184,-1.304801,0.0,40.436584,0.0
2021-03-15 12:00:00,33.345978,14.874176,1001.23376,-4.533615,-0.31193256,0.0,32.955734,0.0
2021-03-15 18:00:00,25.046967,21.535675,1004.58435,-1.8171844,-0.69295216,0.0,80.892044,0.0
2021-03-16 00:00:00,23.925018,22.982208,1003.2431,-0.74183655,-0.7849703,0.91571695,94.471985,0.0
2021-03-16 06:00:00,31.99649,21.458649,1005.22186,-1.5654793,-1.1666412,0.79530436,53.767323,0.0
2021-03-16 12:00:00,33.427277,17.76883,1001.2481,-3.9940567,-0.7510357,0.56359863,39.44637,0.0
2021-03-16 18:00:00,24.429474,22.024445,1004.53564,-1.6408997,-0.6658411,0.014419556,86.475235,0.0
2021-03-17 00:00:00,23.882477,22.838104,1001.96313,0.14017296,-1.1020222,0.9893398,93.890884,0.0
2021-03-17 06:00:00,31.292633,21.938873,1004.39435,-1.3387852,0.1551059,0.8864423,57.626133,0.0
2021-03-17 12:00:00,33.04178,20.483063,1000.3281,-3.8244553,-0.52053547,0.45225978,47.738705,0.0
2021-03-17 18:00:00,25.402863,22.87262,1004.0637,-1.4976292,-0.15296078,0.0,85.91283,0.0
2021-03-18 00:00:00,25.1904,23.391632,1002.08563,-0.2600336,-1.5155935,0.99437183,89.77918,0.0
2021-03-18 06:00:00,32.416046,21.030365,1004.51685,-1.9731779,-0.89027786,0.937182,51.145668,0.0
2021-03-18 12:00:00,33.09659,18.161896,1000.90875,-3.3482065,-0.9331951,0.8493771,41.190693,0.0
2021-03-18 18:00:00,25.172699,21.101807,1003.875,-1.6264,-0.39531422,0.6118859,78.18139,0.0
2021-03-19 00:00:00,23.236237,21.50064,1003.02875,-0.029999733,-1.2702665,0.69898915,89.98357,0.0
2021-03-19 06:00:00,31.312286,20.640594,1004.47064,-1.41891,-0.44425678,0.27414227,53.1577,0.0
2021-03-19 12:00:00,33.40689,18.934113,1000.5687,-3.6126556,0.771328,0.13025916,42.484562,0.0
2021-03-19 18:00:00,25.939484,21.599945,1003.09625,-1.4750214,0.14856893,0.9594003,77.01718,0.0
2021-03-20 00:00:00,25.058807,22.468323,1001.96436,0.6288519,-0.73891926,0.7240752,85.56545,0.0
2021-03-20 06:00:00,32.550446,21.279999,1003.1875,-1.2001362,0.29949987,0.22744644,51.542866,0.00381656
2021-03-20 12:00:00,33.149323,20.338165,998.9625,-2.8168879,0.11206436,0.5495125,47.028698,0.0
2021-03-20 18:00:00,26.725067,22.9122,1002.03125,-1.4995346,0.5799814,0.7872311,79.64026,0.0
2021-03-21 00:00:00,26.260162,23.65207,1001.0044,0.6700592,-0.4425258,0.891657,85.59402,0.0
2021-03-21 06:00:00,33.13846,21.861725,1002.4944,-0.4652033,-0.12234795,0.03867389,51.67166,0.0
2021-03-21 12:00:00,34.72464,19.862213,998.1456,-3.5889673,-0.57316875,0.16946185,41.8191,0.0
2021-03-21 18:00:00,26.856232,23.516785,1003.04877,-1.6754847,0.7281191,0.11156869,81.968445,0.0
2021-03-22 00:00:00,26.58133,23.685394,1001.6931,0.22756004,-1.109271,0.95081025,84.15624,0.0
2021-03-22 06:00:00,32.269806,21.520416,1004.45,-0.9662485,-0.7584791,0.31772786,53.14295,0.0
2021-03-22 12:00:00,33.706207,19.948273,1000.3837,-3.5896006,-0.13757133,0.060935974,44.49767,0.0
2021-03-22 18:00:00,26.55899,23.27472,1004.34625,-1.672224,-0.06544703,0.014221191,82.20583,0.0
2021-03-23 00:00:00,25.614777,23.474243,1002.9462,-0.19378757,-1.6253557,0.88524354,87.980064,0.0
2021-03-23 06:00:00,32.679596,22.18161,1004.76874,-1.8424606,-0.5543566,0.6384779,54.067047,0.0
2021-03-23 12:00:00,33.61331,20.903412,1000.9525,-4.3104687,-0.4569006,0.52371514,47.44525,0.0
2021-03-23 18:00:00,26.842072,22.928589,1005.0544,-2.059453,-0.565238,0.02174759,79.172424,0.0
2021-03-24 00:00:00,25.680023,23.38919,1003.57,-0.50374985,-1.8136015,0.7134481,87.19158,0.0
2021-03-24 06:00:00,33.11917,22.202667,1005.0112,-2.0370426,-1.5725174,0.24984151,52.81409,0.0
2021-03-24 12:00:00,34.40555,19.470245,1000.2594,-3.954033,0.26529312,0.8925442,41.544334,0.0
2021-03-24 18:00:00,27.760406,23.930267,1003.96436,-1.8584833,-0.23115921,0.7305668,79.69694,0.0
2021-03-25 00:00:00,26.410828,24.306183,1001.8781,-0.29665756,-0.9271288,0.99568564,88.236404,0.0
2021-03-25 06:00:00,33.0972,22.209381,1004.1763,-1.7821054,-0.56602573,0.96389884,52.90093,0.0
2021-03-25 12:00:00,33.18521,20.769928,1000.0044,-3.7851753,0.93390465,0.9682476,48.20012,0.0
2021-03-25 18:00:00,27.487701,22.521454,1003.1069,-1.2457104,-0.13381386,0.9677735,74.37029,0.0
2021-03-26 00:00:00,26.548431,24.221527,1001.22437,-1.4416113,-0.90843487,1.0,87.08026,0.0
2021-03-26 06:00:00,32.513092,23.080475,1003.3881,-1.7672586,-0.958868,0.6063199,57.637024,0.0
2021-03-26 12:00:00,34.641144,20.869537,998.96063,-3.5235043,-0.17708302,0.56152713,44.709267,0.0
2021-03-26 18:00:00,28.19217,23.53952,1002.8425,-1.8619051,0.13827485,0.70222515,75.90875,0.0
2021-03-27 00:00:00,27.02774,24.15976,1000.82874,0.18451786,-0.64556503,0.9973008,84.345825,0.0
2021-03-27 06:00:00,34.4888,22.622528,1002.78687,-2.086975,-0.5675063,0.9846407,50.18679,0.00019045547
2021-03-27 12:00:00,33.434845,22.271393,999.1,-3.0523233,1.0295674,0.90774584,52.10448,0.0
2021-03-27 18:00:00,27.634521,24.544464,1003.205,-1.133173,0.8104925,0.9726541,83.297356,0.0
2021-03-28 00:00:00,27.332123,24.634003,1000.9231,0.20882279,1.1132848,0.9369833,85.240105,0.0
2021-03-28 06:00:00,34.16751,22.531708,1002.3269,-0.23881245,-0.07621157,0.9351855,50.811707,0.0
2021-03-28 12:00:00,33.90457,23.395294,998.0037,-3.147235,2.753511,0.90908855,54.330116,0.000762986
2021-03-28 18:00:00,28.044556,24.99585,1002.965,-0.11594868,2.0251465,0.92414725,83.549446,0.0
2021-03-29 00:00:00,28.139587,24.145813,1001.1044,-0.030184805,1.874629,0.07310358,78.96914,0.0
2021-03-29 06:00:00,34.54471,22.635529,1002.5444,0.030743182,1.6303663,0.072781526,50.07052,0.0
2021-03-29 12:00:00,33.407745,23.107086,998.20374,-2.4186897,3.6337893,0.5410566,54.897385,0.0015258556
2021-03-29 18:00:00,28.314575,23.606232,1002.4319,0.6117616,3.8240051,0.61220396,75.6735,0.0
2021-03-30 00:00:00,27.40445,23.331451,1000.51,0.9804986,1.5190971,0.43481827,78.490746,0.0
2021-03-30 06:00:00,35.49698,21.684052,1000.8594,2.188703,-0.37968767,0.8709983,44.82308,0.0
2021-03-30 12:00:00,36.358063,20.102692,995.57623,-1.458643,0.4494676,0.2655375,38.786995,0.0
2021-03-30 18:00:00,28.667786,24.351837,999.71436,0.6896486,3.172471,0.36804503,77.53289,0.0
2021-03-31 00:00:00,27.058502,24.065155,998.0156,1.0022724,2.2291584,0.0022735596,83.71689,0.0
2021-03-31 06:00:00,35.231964,21.414215,999.45123,1.0050914,1.8201952,0.36106604,44.739586,0.0
2021-03-31 12:00:00,36.59488,21.607086,994.9944,-1.2181988,4.038048,0.0034418106,41.99863,0.0
2021-03-31 18:00:00,28.769897,25.215485,999.0725,1.8582233,3.4575815,0.058216695,81.15454,0.0
2021-04-01 00:00:00,27.824951,24.957123,997.8306,1.1378307,1.7948719,0.14137554,84.43147,0.0
2021-04-01 06:00:00,36.132965,23.893341,998.545,1.7951446,0.54184574,0.036054887,49.482254,0.0
2021-04-01 12:00:00,34.071198,25.374298,995.42065,-1.8058443,5.7499,0.20488739,60.601254,0.0
2021-04-01 18:00:00,29.674835,24.977753,999.6894,1.0997524,2.5427475,0.21991841,75.93652,0.0
2021-04-02 00:00:00,28.455963,22.015778,998.2431,2.272025,1.1383634,0.0,68.15688,0.0
2021-04-02 06:00:00,36.635406,21.040192,999.0125,1.547286,0.3866017,0.18915558,40.474453,0.0
2021-04-02 12:00:00,37.89273,20.709381,995.22375,-1.8666363,3.4020655,0.03168287,37.03181,0.0
2021-04-02 18:00:00,29.265442,24.45401,999.25,1.470103,3.1728363,0.2554245,75.355675,0.0
2021-04-03 00:00:00,28.45514,24.71817,998.27185,1.3970642,1.0952673,0.1408484,80.23564,0.0
2021-04-03 06:00:00,36.612457,21.433136,999.90436,2.9304671,0.70560753,0.02405139,41.5139,0.0
2021-04-03 12:00:00,36.939606,21.185944,996.4906,-1.0956059,3.447562,0.16497803,40.16426,0.0
2021-04-03 18:00:00,28.985596,25.341827,1000.7631,2.0330932,2.3787766,0.026140213,80.75149,0.0
2021-04-04 00:00:00,27.707123,24.108795,999.4506,0.78242034,0.6554909,0.02179458,80.80725,0.0
2021-04-04 06:00:00,36.24478,22.269684,1000.8719,1.5694227,-1.7700329,0.19507217,44.57902,0.0
2021-04-04 12:00:00,36.317047,21.541412,996.7625,-2.239398,1.2136431,0.3916397,42.47238,0.0
2021-04-04 18:00:00,29.711273,25.266022,1001.39374,0.5567131,2.3354301,0.30784777,77.08981,0.0
2021-04-05 00:00:00,27.662476,24.858551,1001.14813,-0.8277521,0.3661909,0.033298735,84.73687,0.0
2021-04-05 06:00:00,34.60379,23.447906,1002.15814,-1.0816641,-0.7730169,0.11065674,52.42061,0.0017164275
2021-04-05 12:00:00,34.63846,23.716705,998.01624,-4.5308666,0.33450508,0.039669037,53.174065,0.0
2021-04-05 18:00:00,28.393402,25.57315,1002.3862,-1.5201788,-0.33346176,0.042992618,84.73064,0.0
2021-04-06 00:00:00,28.151825,25.492493,1002.1937,-1.2917023,0.035152495,0.36900246,85.519585,0.025650902
2021-04-06 06:00:00,33.296173,23.484833,1004.02936,-1.8795967,-0.46169376,0.20264788,56.51654,0.0
2021-04-06 12:00:00,34.385895,20.500153,1000.5756,-3.9995975,-0.22154999,0.03040886,44.328335,0.0
2021-04-06 18:00:00,26.593597,22.841644,1003.3837,-1.52561,-0.62435913,0.0,79.91692,0.0
2021-04-07 00:00:00,25.510529,23.183716,1003.6337,-0.85522556,-0.50608635,0.079179466,86.98709,0.0
2021-04-07 06:00:00,33.86783,21.856232,1005.33936,-1.5723858,0.16595381,0.03321623,49.586597,0.0
2021-04-07 12:00:00,35.06424,18.732697,1000.90314,-3.104043,1.1357152,0.67668986,38.252823,0.0
2021-04-07 18:00:00,26.742157,23.790375,1003.7969,-1.2715025,1.0543978,0.013641357,83.89135,0.0
2021-04-08 00:00:00,25.875946,23.802277,1002.3525,1.0937052,0.16376376,0.98211724,88.35681,0.0
2021-04-08 06:00:00,33.69168,22.015106,1003.4494,-0.31079865,0.9601766,0.22475338,50.56501,0.0
2021-04-08 12:00:00,34.552277,20.752838,998.47314,-2.4954195,1.368429,0.3625641,44.60916,0.0
2021-04-08 18:00:00,28.16101,23.445099,1002.21313,-0.6383524,2.3126736,0.65838414,75.61486,0.0
2021-04-09 00:00:00,27.549591,24.691803,1001.0081,-0.9437847,-0.27099478,0.37627685,84.45289,0.0
2021-04-09 06:00:00,34.297394,20.673859,1002.64685,-1.4815702,0.9463022,0.31594348,45.02679,0.0
2021-04-09 12:00:00,34.459503,20.211823,998.4363,-3.373374,1.4373708,0.034368698,43.368183,0.0
2021-04-09 18:00:00,27.598663,23.976654,1002.47125,-1.1874285,1.4467101,0.01809311,80.67849,0.0
2021-04-10 00:00:00,27.771118,24.11911,1001.8006,-0.7678852,0.20500034,0.59130603,80.55555,0.0024790862
2021-04-10 06:00:00,33.598907,22.794464,1004.02936,-2.139063,1.0019435,0.51061755,53.294395,0.17203099
2021-04-10 12:00:00,32.667633,22.532623,1000.9394,-3.057416,0.89810145,0.3274995,55.270893,0.0
2021-04-10 18:00:00,28.206757,24.243622,1004.5125,-1.7776566,0.81293166,0.006641388,79.12369,0.0
2021-04-11 00:00:00,26.982574,24.018463,1003.5025,-0.39480782,-0.6486795,0.0847916,83.855606,0.0
2021-04-11 06:00:00,33.941315,21.993805,1005.1575,-1.869093,0.10297811,0.34643787,49.79975,0.0011435811
2021-04-11 12:00:00,31.140533,23.239471,1002.1262,-3.648613,-0.3789158,0.47607404,62.903206,0.12948745
2021-04-11 18:00:00,28.476074,24.571869,1005.53125,-1.6574106,0.5068332,0.3996817,79.440254,0.0
2021-04-12 00:00:00,27.766205,24.32367,1003.8744,-0.5440359,0.49670085,0.86997557,81.57326,0.19939724
2021-04-12 06:00:00,31.658722,23.204926,1006.15063,-1.2124891,-0.31813204,0.53236216,60.94906,0.0
2021-04-12 12:00:00,30.453033,24.078156,1002.10626,-2.8048124,0.8627359,0.7969621,68.81204,0.0
2021-04-12 18:00:00,27.316711,24.243439,1005.79126,-1.0064259,0.18478632,0.9642099,83.345184,0.0
2021-04-13 00:00:00,26.5318,23.165527,1004.20935,0.13107204,0.7859952,0.96257323,81.79623,0.048071146
2021-04-13 06:00:00,32.299957,23.426117,1005.3862,-1.6400709,0.7039237,0.9770442,59.56558,0.03965512
2021-04-13 12:00:00,33.17459,22.963165,1000.9575,-2.6851826,1.9281387,0.998435,55.1379,0.0
2021-04-13 18:00:00,28.04422,24.767426,1004.98065,-1.1352291,1.0921907,0.98292863,82.41989,0.0
2021-04-14 00:00:00,27.48462,24.564972,1002.77185,-0.36446476,0.16454458,0.9241003,84.13416,0.01001358
2021-04-14 06:00:00,32.88272,23.198578,1004.52313,-0.75280666,1.7205029,0.92482764,56.85367,0.11396695
2021-04-14 12:00:00,30.162506,22.496246,1000.91876,-2.9057083,1.5977707,0.9785187,63.59278,0.32362056
2021-04-14 18:00:00,27.527496,23.450897,1004.27563,0.80088425,1.5129805,0.99288136,78.49112,1.1046946
2021-04-15 00:00:00,26.126068,23.381378,1002.85376,1.1334469,0.18985271,1.0,84.87847,0.0
2021-04-15 06:00:00,31.512482,23.196411,1004.4581,0.98791426,-0.15815353,0.7634225,61.425816,0.026428632
2021-04-15 12:00:00,29.212677,23.931671,1000.2725,-1.9324188,1.4704027,0.9051986,73.2543,1.4403981
2021-04-15 18:00:00,26.539886,23.446411,1003.9506,-0.031531334,1.0913491,0.9980222,83.15573,0.0
2021-04-16 00:00:00,25.917267,23.320526,1001.8013,0.22845732,0.8575375,0.99031496,85.61855,0.0
2021-04-16 06:00:00,33.434357,23.881012,1003.4288,0.921675,1.360601,0.9811984,57.434242,0.021933224
2021-04-16 12:00:00,33.120758,23.922333,999.46936,-1.621027,2.005571,0.9962807,58.59905,0.024223123
2021-04-16 18:00:00,27.826813,25.211273,1003.6269,0.3768788,2.3672142,0.9815343,85.71048,0.021457672
2021-04-17 00:00:00,27.147919,24.178375,1002.16876,0.94327366,0.86180276,0.8094653,83.84644,0.0
2021-04-17 06:00:00,35.183502,22.702911,1003.6769,0.82679474,0.8901718,0.7364527,48.52553,0.0
2021-04-17 12:00:00,35.450592,21.988922,999.8762,-1.495615,1.8252859,0.57474726,45.782352,0.0
2021-04-17 18:00:00,29.470825,25.517548,1004.3069,-0.27280992,3.252777,0.9799968,79.343056,0.0
2021-04-18 00:00:00,28.10852,25.548157,1003.90063,0.14981705,1.1055638,0.9459763,86.01949,0.0
2021-04-18 06:00:00,35.200714,23.428131,1004.71814,0.63666296,1.4116864,0.113484785,50.65347,0.010110438
2021-04-18 12:00:00,34.427032,23.73465,1000.99,-1.7393742,3.240375,0.44935608,53.860943,0.04672259
2021-04-18 18:00:00,29.41269,24.727081,1004.15564,0.5157408,2.9770107,0.9974368,75.948006,0.0
2021-04-19 00:00:00,28.408936,24.2034,1002.22,1.199889,1.6647832,0.906836,78.010056,0.0
2021-04-19 06:00:00,36.01358,22.239288,1002.83374,1.4576092,0.60878974,0.6438725,45.065674,0.0
2021-04-19 12:00:00,35.84659,21.733551,998.5156,-1.0523758,3.0612838,0.2046814,44.100426,0.0
2021-04-19 18:00:00,29.632599,25.528534,1001.8775,0.3075529,3.0360203,0.3213308,78.65786,0.0
2021-04-20 00:00:00,27.681244,25.170013,1000.7325,0.6492716,1.040359,0.5994559,86.23035,0.0
2021-04-20 06:00:00,34.968414,22.544342,1001.96185,1.8940755,-0.057973325,0.9614837,48.63665,0.0
2021-04-20 12:00:00,35.07779,21.94632,998.135,-0.8770027,2.3312225,0.97651803,46.6148,0.0
2021-04-20 18:00:00,29.838684,25.531403,1001.7944,-0.122561455,2.512125,0.86103094,77.743385,0.0
2021-04-21 00:00:00,28.160828,25.302032,1002.09186,0.5102278,1.380312,0.2915666,84.51244,0.0
2021-04-21 06:00:00,35.66922,22.620026,1003.2569,0.6320858,0.33290386,0.44695994,47.00384,0.0
2021-04-21 12:00:00,34.617584,23.245514,999.53064,-3.3022013,3.2807045,0.37002563,51.744377,0.009916723
2021-04-21 18:00:00,29.449799,25.27884,1003.3869,0.234133,2.9894457,0.40524584,78.32008,0.0
2021-04-22 00:00:00,27.707733,25.526306,1002.41815,-0.0499475,1.1238407,0.11765131,87.94064,0.0
2021-04-22 06:00:00,35.59781,23.163177,1003.09125,-0.26888275,0.524872,0.40629238,48.767666,0.0
2021-04-22 12:00:00,34.468292,23.083282,999.7031,-2.780264,3.967657,0.35446414,51.666473,0.0
2021-04-22 18:00:00,29.179749,24.643463,1003.40875,0.104896605,2.486494,0.8990032,76.59294,0.0
2021-04-23 00:00:00,27.983002,25.725433,1002.64624,-0.08042812,1.031538,0.51236796,87.567505,0.0
2021-04-23 06:00:00,36.167877,22.917084,1002.97186,1.0567577,-0.0521667,0.9545298,46.56223,0.00085821375
2021-04-23 12:00:00,36.2023,21.654816,998.6106,-2.0882607,2.6296453,0.882474,43.03835,0.0
2021-04-23 18:00:00,29.80777,25.146149,1003.1181,0.34468746,2.3710277,0.87244034,76.117676,0.0724718
2021-04-24 00:00:00,28.293823,24.893707,1001.9225,0.4537592,0.6703119,0.96457916,81.84516,0.0
2021-04-24 06:00:00,34.72586,23.170624,1002.0025,-0.37464905,0.2296437,0.92715746,51.201904,0.0
2021-04-24 12:00:00,34.93875,21.297028,998.4506,-3.209918,1.8696728,0.3833929,45.1466,0.007722527
2021-04-24 18:00:00,29.512115,23.959686,1002.9394,-0.43867302,1.9755144,0.2772827,72.12022,0.0
2021-04-25 00:00:00,28.010712,25.081787,1001.6231,-0.4565382,1.2383757,0.31647813,84.14437,0.025162473
2021-04-25 06:00:00,34.06192,23.041534,1002.8306,-0.87868404,1.3806725,0.27518946,52.716072,0.0
2021-04-25 12:00:00,33.911407,24.340973,998.88873,-2.6264935,2.8643565,0.47756958,57.48704,0.0
2021-04-25 18:00:00,29.4404,25.143524,1002.0094,-1.2732868,2.146412,0.9146384,77.73387,0.0
2021-04-26 00:00:00,28.519531,25.752289,1001.1188,-0.5300846,0.94475216,0.5918645,85.01054,0.10104788
2021-04-26 06:00:00,34.70999,23.166412,1002.3038,-0.79888153,2.1941373,0.57822347,51.23399,0.0
2021-04-26 12:00:00,34.265045,23.93106,998.42126,-1.9517946,2.013442,0.5128656,54.9947,0.01128763
2021-04-26 18:00:00,29.689484,25.30368,1002.03,-0.57429695,2.8564444,0.76873684,77.35971,0.0
2021-04-27 00:00:00,28.339203,25.942505,1001.2919,0.39868313,0.9826601,0.1526143,86.87991,0.0
2021-04-27 06:00:00,35.460236,21.943878,1002.54126,-0.010849953,1.1346724,0.12774886,45.63243,0.0026710331
2021-04-27 12:00:00,34.374542,21.877106,999.08,-2.90973,2.7336118,0.34389564,48.266556,0.0
2021-04-27 18:00:00,29.661133,25.462921,1002.9925,-0.70117664,2.492714,0.34782514,78.22319,0.0
2021-04-28 00:00:00,28.19394,26.166595,1002.58685,-0.098941445,1.3391392,0.076214045,88.786674,0.0
2021-04-28 06:00:00,36.198273,22.299957,1003.1831,-0.13920116,0.6933613,0.19258061,44.775436,0.0
2021-04-28 12:00:00,36.3992,21.146149,998.47815,-2.4092665,2.1523705,0.16993713,41.269497,0.011060387
2021-04-28 18:00:00,30.062744,25.632843,1002.7606,-0.44437075,2.8688574,0.05252735,77.212135,0.0
2021-04-29 00:00:00,28.698547,26.383911,1001.78687,-0.06920415,0.6063701,0.5144394,87.33438,0.0
2021-04-29 06:00:00,36.338287,21.975739,1002.41,-0.6043978,-0.06951958,0.7501986,43.563587,0.0
2021-04-29 12:00:00,35.684723,22.477936,998.1119,-2.9601412,2.9111357,0.7758536,46.56018,0.0
2021-04-29 18:00:00,30.307251,26.338867,1001.66815,-0.48454952,2.6000786,0.905473,79.38534,0.0
2021-04-30 00:00:00,29.068542,25.796051,1000.4344,-0.640499,-0.00535959,0.11926758,82.5615,0.0001899898
2021-04-30 06:00:00,35.01529,23.049713,1001.90814,-2.2641296,0.61269,0.31841195,50.019485,0.013563782
2021-04-30 12:00:00,34.674713,23.678192,998.3119,-3.144143,1.2314105,0.23700714,52.944183,0.0
2021-04-30 18:00:00,29.34134,25.801117,1001.6069,-1.3986597,1.7974405,0.8014139,81.29445,0.0
2021-05-01 00:00:00,28.57373,25.519867,1000.89435,-0.5563574,0.702788,0.39800137,83.58262,0.08400932
2021-05-01 06:00:00,34.740143,23.31009,1001.9875,-2.532116,1.1112838,0.53488016,51.594196,0.0
2021-05-01 12:00:00,32.793365,24.42154,999.59186,-1.083168,2.291813,0.7630935,61.50248,0.30951536
2021-05-01 18:00:00,29.469025,24.959747,1002.59375,-1.1875,1.1316317,0.9340454,76.760254,0.0
2021-05-02 00:00:00,28.428345,24.659454,1001.59125,0.31627274,1.2828279,0.87104034,80.07922,0.0
2021-05-02 06:00:00,34.318146,22.78006,1002.46686,-1.8555365,0.5453888,0.91050583,51.15214,0.08613086
2021-05-02 12:00:00,32.024323,24.072601,999.1125,-3.0112467,1.5612222,0.7926116,62.901764,0.091617644
2021-05-02 18:00:00,29.788727,24.812592,1001.7488,-1.8116846,0.7078191,0.96816033,74.70044,0.0
2021-05-03 00:00:00,28.0065,24.486359,1001.16064,-0.055625916,1.0467069,0.79743767,81.22486,0.01229941
2021-05-03 06:00:00,34.584503,23.19696,1001.90814,-1.6150169,0.71039987,0.9695801,51.687748,0.050924793
2021-05-03 12:00:00,33.13272,23.950043,998.3269,-2.9029427,1.9934309,0.92780685,58.657295,0.1379475
2021-05-03 18:00:00,29.332245,24.559357,1001.8725,-1.0126848,1.7713108,0.9957932,75.54023,0.0
2021-05-04 00:00:00,28.014404,24.650879,1000.8669,0.29561913,1.8032846,0.766617,81.99031,0.04788488
2021-05-04 06:00:00,34.359528,24.132263,1001.9375,-0.64179516,1.6629124,0.9827978,55.37116,0.0
2021-05-04 12:00:00,33.314972,24.519043,997.85,-3.0309496,3.3335533,0.8966548,60.075558,0.22446825
2021-05-04 18:00:00,29.115082,24.522614,1002.2631,-0.24066353,1.6820745,0.9713251,76.32622,0.0
2021-05-05 00:00:00,27.659424,24.614624,1000.16876,0.58132267,0.15814054,0.9249417,83.52594,0.0
2021-05-05 06:00:00,34.7648,22.831573,1001.66064,-1.8695078,0.5913995,0.6254226,50.053642,0.03930175
2021-05-05 12:00:00,33.408478,23.066315,998.23065,-3.495511,2.1042414,0.8575364,54.759945,0.0
2021-05-05 18:00:00,28.923157,25.229095,1002.46,-1.3499374,1.1294932,0.8145228,80.50222,0.0
2021-05-06 00:00:00,28.416168,25.0878,1001.1094,-0.3984747,0.40043336,0.2522626,82.210846,0.09784429
2021-05-06 06:00:00,33.869415,25.237152,1003.04626,-1.8216457,1.0333676,0.3965912,60.78977,0.0
2021-05-06 12:00:00,33.749664,24.43686,999.16125,-2.6980896,1.0594134,0.26156133,58.343082,0.0
2021-05-06 18:00:00,29.100586,25.322754,1002.8137,-1.8184605,1.1530354,0.5375441,80.125046,0.0037222616
2021-05-07 00:00:00,28.15924,24.298676,1001.9881,0.5839739,0.6447722,0.29808003,79.605194,0.47578222
2021-05-07 06:00:00,34.819,23.70401,1003.78064,-2.5986013,0.88849103,0.9405142,52.60353,0.0
2021-05-07 12:00:00,32.42813,24.006561,1000.03564,-3.2104445,1.244833,0.6308237,61.238754,0.23209125
2021-05-07 18:00:00,28.234253,25.029114,1003.71814,-1.01968,0.4804346,0.6436213,82.79532,0.0
2021-05-08 00:00:00,28.171661,24.744415,1001.5769,-0.2931614,-0.4571427,0.9795946,81.69781,0.037189133
2021-05-08 06:00:00,33.547516,24.94168,1002.6319,-1.8658266,0.129668,0.7033367,60.81401,0.046544217
2021-05-08 12:00:00,33.065704,23.225616,998.60187,-3.6670408,1.420474,0.6270098,56.363743,0.0
2021-05-08 18:00:00,28.988007,24.114685,1002.10626,-1.230031,-0.2011571,0.040243402,75.03265,0.0
2021-05-09 00:00:00,28.341766,24.174225,1000.17126,-0.05899048,-0.5478595,0.088565886,78.17843,0.0011436641
2021-05-09 06:00:00,34.384552,23.657928,1001.6725,-1.4194527,0.97086304,0.43251908,53.739613,0.07020274
2021-05-09 12:00:00,31.809845,24.627075,997.76935,-2.186615,1.235642,0.8574966,65.82153,0.0
2021-05-09 18:00:00,29.222626,25.34372,1001.2444,-1.0438251,2.2308512,0.65902585,79.66099,0.0
2021-05-10 00:00:00,28.243622,25.0513,999.79315,0.5624403,1.1094375,0.8687409,82.85971,0.0
2021-05-10 06:00:00,34.21707,23.727692,1001.2619,-0.38445282,1.873744,0.77628815,54.471523,0.048063863
2021-05-10 12:00:00,34.482452,23.627594,997.7981,-1.6638813,3.0369673,0.73060465,53.350132,0.0
2021-05-10 18:00:00,29.41925,24.936615,1000.89185,-0.11079568,3.0348816,0.79472035,76.87483,0.0
2021-05-11 00:00:00,28.41571,25.06305,999.8875,0.37072483,2.6872597,0.9912206,82.09186,0.0
2021-05-11 06:00:00,35.433136,23.575836,1000.71,1.364675,2.0164413,0.26157618,50.454098,0.013733283
2021-05-11 12:00:00,34.52774,25.333893,996.7356,-1.5176535,4.642331,0.20982426,58.93809,0.0
2021-05-11 18:00:00,30.194855,25.201263,1000.59564,0.18666118,3.4457808,0.9705923,74.68813,0.0
2021-05-12 00:00:00,28.77008,25.199738,999.1731,0.567096,1.9676008,0.9999999,81.07765,0.0
2021-05-12 06:00:00,35.099396,24.143341,999.2625,0.4884472,1.1081495,0.99757767,53.178127,0.0034347177
2021-05-12 12:00:00,34.262604,24.83902,995.3631,-1.3575745,3.5367012,0.9924134,58.076252,0.0054351985
2021-05-12 18:00:00,30.065826,25.540833,998.6044,-0.24636954,3.5788536,0.94415545,76.777985,0.093352415
2021-05-13 00:00:00,29.063446,25.325287,997.6825,0.25097287,1.3678448,1.0000001,80.30947,0.0
2021-05-13 06:00:00,36.267,23.091461,999.0081,1.4235287,0.72608143,0.9908031,46.80071,0.002289191
2021-05-13 12:00:00,32.736115,25.016632,995.9844,-2.0824718,3.4089327,0.96597445,63.93435,0.0
2021-05-13 18:00:00,28.379608,25.995026,999.6306,0.74755436,1.5908206,0.9970409,86.94588,0.42571113
2021-05-14 00:00:00,28.531189,24.601105,997.5756,0.14940137,0.24393457,0.99777263,79.32491,0.0
2021-05-14 06:00:00,35.86136,23.13144,997.95,0.89311785,1.8327484,0.9820075,47.972202,0.0024794717
2021-05-14 12:00:00,32.806915,23.977692,995.1475,0.77146816,4.278307,0.7100566,59.84112,0.002586923
2021-05-14 18:00:00,29.713928,21.902618,997.72186,1.7470579,5.072275,1.0,62.937443,0.0
2021-05-15 00:00:00,27.770294,22.719269,996.9419,2.0413842,3.198532,1.0,74.03515,0.08486211
2021-05-15 06:00:00,31.093292,24.026215,998.3175,1.1574926,4.3668976,1.0,66.13375,0.5093664
2021-05-15 12:00:00,30.261017,25.135284,995.7275,1.038886,3.2124453,1.0,74.11346,0.0
2021-05-15 18:00:00,28.26529,23.912323,997.8812,1.7696714,3.3492289,0.8345109,77.3017,0.0
2021-05-16 00:00:00,27.496246,23.001984,997.46063,0.76553416,1.728183,0.9930923,76.530655,0.0
2021-05-16 06:00:00,34.916656,22.559296,999.6344,1.5300746,2.3047838,0.8787037,48.82071,0.00333786
2021-05-16 12:00:00,30.934967,25.533844,996.9275,2.0561543,0.8907874,0.5473451,73.02089,2.4260645
2021-05-16 18:00:00,28.210052,25.179474,999.4025,1.2123916,0.26737022,0.17773898,83.65811,0.0
2021-05-17 00:00:00,27.828217,22.925568,999.4244,1.0581448,1.1743127,0.18358558,74.713425,0.0
2021-05-17 06:00:00,35.67227,23.339752,1000.4331,0.21509314,1.2051562,0.04867261,49.088596,0.0
2021-05-17 12:00:00,35.688507,23.649933,997.1725,-0.53181934,2.0368748,0.5541687,49.970585,0.0111530535
2021-05-17 18:00:00,29.099579,25.291107,1000.8325,0.070616364,2.1478758,0.31353134,79.97901,0.0
2021-05-18 00:00:00,29.060974,25.399689,999.5475,-0.15677273,0.5445388,0.37037116,80.67709,0.0
2021-05-18 06:00:00,35.648224,22.92508,1000.64124,1.403954,0.9713916,0.08534594,47.93669,9.5926225e-05
2021-05-18 12:00:00,37.40982,22.486725,997.1213,-0.1226778,2.854477,0.4634993,42.38291,0.014233403
2021-05-18 18:00:00,29.975647,25.659943,1000.01874,0.19188952,2.7777596,0.38357788,77.72433,0.0
2021-05-19 00:00:00,29.218536,24.246735,999.1725,1.019634,0.72231907,0.08214347,74.62768,0.0
2021-05-19 06:00:00,36.390045,23.19809,999.8069,1.1794916,1.2514513,0.18067217,46.786346,0.0046732603
2021-05-19 12:00:00,32.96573,24.442047,996.7025,-1.5133905,4.090082,0.5438421,60.983753,0.00534032
2021-05-19 18:00:00,28.673431,23.652008,1000.1375,1.843086,0.7670993,0.37379998,74.3168,0.0
2021-05-20 00:00:00,27.890625,23.485382,999.5706,2.1268542,0.5905026,0.60066515,77.00308,0.0
2021-05-20 06:00:00,35.21756,22.330292,1000.725,2.052962,1.279855,0.95348054,47.350224,0.021365263
2021-05-20 12:00:00,29.551788,24.423187,998.03937,1.459791,2.2708192,0.97754943,73.984055,1.1996508
2021-05-20 18:00:00,28.04425,24.085175,1000.735,0.4232878,1.7826662,0.988679,79.12057,0.0
2021-05-21 00:00:00,26.73526,23.841461,999.90936,1.0382993,0.68827933,1.0,84.18371,0.554272
2021-05-21 06:00:00,31.974884,24.468048,1001.395,2.8576574,1.545477,0.94620997,64.59134,0.0
2021-05-21 12:00:00,30.865631,23.124908,998.7413,1.8697562,1.8715782,1.0,63.456406,0.8196431
2021-05-21 18:00:00,27.050201,24.79599,1000.89185,1.1810522,0.9467479,0.9980221,87.50429,0.0
2021-05-22 00:00:00,27.912079,22.788239,999.2519,2.3081799,0.6717321,1.0,73.732574,0.0
2021-05-22 06:00:00,33.025177,23.145294,1001.09875,2.542427,1.1104155,0.99802244,56.21869,0.0
2021-05-22 12:00:00,31.836212,25.805939,997.60626,1.6608632,2.4853888,1.0,70.500885,1.0541081
2021-05-22 18:00:00,28.096802,25.0484,999.84625,1.9789066,1.2353511,0.9908323,83.55678,0.0
2021-05-23 00:00:00,28.044952,23.11026,998.4925,3.451353,1.4724307,0.99912125,74.60387,0.0
2021-05-23 06:00:00,31.437775,22.773407,1000.65814,4.5114307,-0.2640705,0.9980221,60.127823,0.104129314
2021-05-23 12:00:00,33.421906,22.777008,997.1806,0.6412398,2.400896,1.0000004,53.768425,0.0
2021-05-23 18:00:00,29.185608,26.103912,1000.88,2.4970255,2.0240018,1.0,83.512764,0.040899962
2021-05-24 00:00:00,29.082764,23.22055,998.78186,3.8908195,0.8883375,1.0,70.71059,0.0
2021-05-24 06:00:00,36.721954,20.412262,999.3244,5.374961,-0.99350643,1.0,38.755447,0.00104832
2021-05-24 12:00:00,37.527008,19.175201,996.1369,3.3826942,1.2676933,1.0,34.350933,0.0
2021-05-24 18:00:00,31.700653,21.662994,999.16125,4.364725,0.9681785,1.0,55.364525,0.0
2021-05-25 00:00:00,29.42633,21.887543,997.9431,3.2188206,2.0315523,1.0,63.930626,0.0
2021-05-25 06:00:00,37.063263,21.082428,998.97064,4.646902,0.7543818,1.0,39.641228,0.008868054
2021-05-25 12:00:00,36.79312,20.555573,995.7025,2.5290039,3.7846928,1.0,38.947598,9.940658e-05
2021-05-25 18:00:00,29.17807,22.709747,999.83624,2.6805506,0.27826214,1.0,68.180695,0.0
2021-05-26 00:00:00,27.321503,23.637207,997.6175,3.6167002,1.6065798,0.99915797,80.34084,0.022824854
2021-05-26 06:00:00,34.943756,22.355927,997.6325,6.296726,0.42985582,1.0000006,48.148666,0.0
2021-05-26 12:00:00,34.86197,21.436066,995.28186,4.3078575,2.1906233,0.99999994,45.72714,0.0
2021-05-26 18:00:00,29.025116,21.720856,999.2456,3.8807878,1.8361378,0.9829249,64.76747,0.0
2021-05-27 00:00:00,28.555817,21.808441,997.7569,4.3668995,1.1137389,0.14965355,66.91076,0.0
2021-05-27 06:00:00,36.894196,19.48233,998.065,6.5699444,-1.3010063,0.809863,36.243298,0.0
2021-05-27 12:00:00,37.58487,18.8544,995.3769,3.946412,0.059657097,0.41827565,33.564552,0.0007642666
2021-05-27 18:00:00,30.898956,18.881012,999.21814,5.2887564,-0.14702606,0.24486886,48.797787,0.0
2021-05-28 00:00:00,29.944519,19.707428,998.40686,4.659395,-0.50010777,0.62608707,54.260475,0.0
2021-05-28 06:00:00,37.019928,17.184723,999.3819,4.827921,-1.0978041,0.70877534,31.165644,0.0
2021-05-28 12:00:00,38.998444,15.317291,996.4288,3.7210035,-0.24768257,0.53859246,24.854456,0.0
2021-05-28 18:00:00,30.84439,21.133575,1000.355,1.8446398,1.9227023,0.77966774,56.2751,0.0
2021-05-29 00:00:00,29.35437,22.444977,999.2519,4.237645,-0.32845688,1.0000001,66.41356,0.0
2021-05-29 06:00:00,36.973053,20.697784,999.90875,4.300526,-0.29558182,0.99822444,38.905792,0.0
2021-05-29 12:00:00,36.35074,19.825104,997.3675,4.0176086,1.705677,0.9602304,38.141262,0.002861023
2021-05-29 18:00:00,30.630768,20.699371,1000.96185,3.5799131,0.81672955,0.20078406,55.46572,0.0
2021-05-30 00:00:00,29.302155,21.148102,999.37,4.252857,-0.6523924,0.8984469,61.541473,0.0
2021-05-30 06:00:00,37.38492,20.492828,999.55,4.573091,-0.93625736,0.02797699,37.563896,0.0
2021-05-30 12:00:00,38.414215,18.588776,996.46814,3.9680004,0.2321561,0.73937666,31.559855,8.940697e-05
2021-05-30 18:00:00,30.540619,20.704376,1000.5781,3.2340279,-0.037200928,0.56524205,55.76973,0.07790327
2021-05-31 00:00:00,29.756927,20.632477,998.9944,3.292758,-0.4319954,0.99871945,58.07779,0.0
2021-05-31 06:00:00,37.202057,20.527618,998.2612,4.4742723,-0.19644397,0.7557506,38.02166,9.533687e-05
2021-05-31 12:00:00,38.592926,18.637726,994.9444,3.9070292,1.1335719,0.42347395,31.352407,0.0
2021-05-31 18:00:00,31.422577,20.805084,999.0175,3.4293165,0.018891335,0.59684086,53.36294,0.0
2021-06-01 00:00:00,28.818085,21.816559,998.7019,4.092168,-0.33995914,0.75647205,65.93305,0.0
2021-06-01 06:00:00,37.080963,20.9888,999.0075,4.216851,-0.24764282,0.6613658,39.37582,0.0
2021-06-01 12:00:00,38.072906,20.63736,995.8081,2.0212145,2.085302,0.8120702,36.509357,0.019654632
2021-06-01 18:00:00,31.411163,22.560944,999.4456,1.6030577,1.5113068,0.47976536,59.447567,0.0
2021-06-02 00:00:00,29.66455,21.671661,999.135,3.1384177,-0.21365833,0.12533957,62.232582,0.0
2021-06-02 06:00:00,37.098053,22.264557,998.5644,1.9117031,-0.67410433,0.115348816,42.531033,0.0
2021-06-02 12:00:00,37.354156,20.367584,996.3088,-1.9231901,1.9155045,0.53604126,37.33722,0.003052177
2021-06-02 18:00:00,28.585632,24.502594,1000.3762,0.5675569,2.2951372,0.43357903,78.609886,0.08406001
2021-06-03 00:00:00,29.10019,23.48172,999.2319,1.0874264,0.40715027,0.9022702,71.76182,0.0
2021-06-03 06:00:00,36.481598,22.793121,999.9244,1.3324652,0.08495796,0.8341309,45.424885,0.00085833017
2021-06-03 12:00:00,36.26407,22.447052,997.27686,-2.3584824,3.0765162,0.93590254,45.01477,0.0
2021-06-03 18:00:00,28.296448,25.951385,1001.83813,0.58773136,0.10130215,0.903595,87.14204,0.32457402
2021-06-04 00:00:00,28.092804,24.743134,1000.8069,0.5095377,-0.060965538,0.96428144,82.067665,0.0
2021-06-04 06:00:00,34.61795,24.91388,1001.76874,1.4777727,-0.74195576,0.9722552,57.19433,0.04617632
2021-06-04 12:00:00,30.295197,24.808624,998.6981,-1.2275238,2.6244128,0.9450993,72.54138,2.201932
2021-06-04 18:00:00,26.920471,25.034058,1001.97314,0.4666869,0.1089018,0.9545893,89.43504,0.0
2021-06-05 00:00:00,27.721954,25.04663,1000.4125,-0.024638772,0.60051936,0.9949586,85.39546,0.0
2021-06-05 06:00:00,31.01175,24.180115,1002.3113,1.5063157,1.4514751,0.99583715,67.05856,0.13647398
2021-06-05 12:00:00,31.976593,23.479034,999.1912,-0.12628198,3.2049465,0.96825844,60.859142,0.3165097
2021-06-05 18:00:00,26.360077,24.561218,1001.9969,-0.42230034,0.40552926,0.991518,89.8629,0.0
2021-06-06 00:00:00,26.396454,24.033722,1001.1425,1.3713975,1.1184736,0.9992784,86.87951,0.0
2021-06-06 06:00:00,31.608917,23.269989,1002.20685,2.7757177,-0.49624157,0.9798638,61.36238,0.0
2021-06-06 12:00:00,33.864044,23.126923,998.53,0.88003063,1.7417269,0.99910927,53.57765,0.0
2021-06-06 18:00:00,28.818756,24.858429,1001.41187,0.9260774,2.882866,0.6876487,79.22095,0.0
2021-06-07 00:00:00,27.818848,23.862091,1000.6175,1.7382287,0.56222194,0.6792006,79.10052,0.0
2021-06-07 06:00:00,34.3356,23.264923,1001.0031,2.6720169,0.18858922,0.74430424,52.623993,0.0012395903
2021-06-07 12:00:00,35.221466,23.309967,997.83813,0.026821136,2.576908,0.36501384,50.2358,0.0013355166
2021-06-07 18:00:00,28.991852,25.297455,1001.15375,0.43384874,3.077299,0.95332444,80.5095,0.0
2021-06-08 00:00:00,28.798859,24.255829,999.35187,2.3423471,0.8288329,0.8195909,76.504265,0.0
2021-06-08 06:00:00,34.148712,24.324188,1000.6381,2.1399143,0.35804927,0.84749705,56.67382,0.007342547
2021-06-08 12:00:00,31.626312,24.633575,998.28876,-0.59932804,1.3825247,0.95029116,66.53642,0.012863427
2021-06-08 18:00:00,28.780151,25.040558,1000.925,0.79452276,2.0551252,0.8801451,80.26561,0.0
2021-06-09 00:00:00,28.383667,21.64273,998.78937,3.0883827,0.21664882,0.97254515,66.90254,0.0
2021-06-09 06:00:00,34.625397,21.103058,999.64435,3.9461718,0.104206145,0.3390954,45.39516,0.0
2021-06-09 12:00:00,35.625397,20.584137,996.305,2.492651,1.1310794,0.9679203,41.60095,0.0
2021-06-09 18:00:00,30.37436,21.108307,1000.3525,3.0302253,0.7866389,1.0,57.719105,0.00038091093
2021-06-10 00:00:00,28.680481,21.70987,997.6669,4.0329676,0.08288354,0.31174308,66.0295,0.0
2021-06-10 06:00:00,35.700714,21.297333,998.3181,4.6912146,-0.15612525,0.99999905,43.285145,0.0
2021-06-10 12:00:00,35.492462,20.874908,995.7644,3.0178833,-0.54660195,0.947259,42.664276,0.0
2021-06-10 18:00:00,30.317352,21.920685,999.6256,2.8851566,1.2821478,0.9236564,60.86001,0.0
2021-06-11 00:00:00,29.090332,20.910797,997.58936,4.348732,-0.06109363,0.9952156,61.397976,0.0
2021-06-11 06:00:00,34.59146,20.577179,998.7575,5.047183,0.20466536,0.9991217,44.033062,0.0
2021-06-11 12:00:00,35.965485,18.753815,996.0725,4.026696,-0.35103703,0.9238511,36.444225,0.0
2021-06-11 18:00:00,30.161224,20.792633,999.2356,3.2080238,0.88361645,0.9999999,57.306145,0.0
2021-06-12 00:00:00,28.671326,21.585663,998.0031,4.564863,0.07613921,0.96856964,65.56477,0.0
2021-06-12 06:00:00,35.677277,21.461273,998.52875,5.784219,0.4069221,0.16324377,43.778645,0.00047672074
2021-06-12 12:00:00,34.084503,21.270905,996.145,5.176627,0.46800578,0.5076653,47.26709,0.058651086
2021-06-12 18:00:00,28.009064,22.979706,1000.5037,5.16376,0.17859322,1.0,74.171936,0.2729108
2021-06-13 00:00:00,28.164032,22.369904,998.26874,2.745018,0.9460468,0.9999996,70.835396,0.0
2021-06-13 06:00:00,34.13626,21.449127,998.8631,6.4613485,-0.0916608,0.98930234,47.648384,0.0
2021-06-13 12:00:00,34.81839,19.493073,996.425,4.8154573,1.0671146,1.0000002,40.659798,0.0
2021-06-13 18:00:00,29.595734,21.972076,999.4269,4.703494,0.64521706,0.79739,63.636517,0.019546598
2021-06-14 00:00:00,28.445465,21.482208,999.08624,4.9888496,1.6284008,1.0000001,66.01116,0.0
2021-06-14 06:00:00,30.748322,22.838837,999.315,6.368924,0.41340095,1.0000002,62.78637,0.13960153
2021-06-14 12:00:00,32.198395,19.81192,997.04065,5.804901,0.13560486,1.0000005,48.027855,0.0
2021-06-14 18:00:00,29.230133,20.395905,999.1831,4.7371387,0.84410346,1.0,59.00223,0.0
2021-06-15 00:00:00,28.241425,21.16452,997.6575,2.9534311,1.7603111,0.97209466,65.51109,0.0
2021-06-15 06:00:00,35.454254,20.173126,998.35565,6.585679,1.146657,0.99844277,40.943657,0.0003813766
2021-06-15 12:00:00,35.418488,20.084015,995.9356,5.7488003,0.87566876,0.7749636,40.799133,0.001525972
2021-06-15 18:00:00,29.501984,21.399689,999.21814,5.0581512,0.069306076,0.972537,61.781586,0.0
2021-06-16 00:00:00,28.491364,21.709076,998.6125,3.0094814,1.3230708,0.5689645,66.75526,0.0
2021-06-16 06:00:00,35.92801,20.63675,999.5581,6.4991236,0.74536055,0.25879842,41.04589,0.000381493
2021-06-16 12:00:00,34.902252,20.54654,996.94,6.6595354,0.39263803,0.42567325,43.198223,0.0
2021-06-16 18:00:00,29.136383,21.31424,1000.5656,5.597,-0.52610207,0.8879028,62.770264,0.0
2021-06-17 00:00:00,29.313934,21.175385,999.6312,3.5005474,1.1432539,0.9256969,61.602695,0.0
2021-06-17 06:00:00,36.328888,20.080841,1000.195,6.6742115,0.73679537,1.0000002,38.79667,0.0
2021-06-17 12:00:00,35.798615,19.123322,997.8631,6.221246,0.6643583,0.9639785,37.63871,0.0
2021-06-17 18:00:00,29.547028,21.145905,1001.29,5.482353,-0.11967564,0.96173877,60.669876,0.0
2021-06-18 00:00:00,28.8768,21.582611,1000.47437,3.990466,0.54258454,0.96274966,64.77625,0.0
2021-06-18 06:00:00,35.74478,19.91568,1001.615,5.8028755,1.0805733,1.0,39.655693,0.0
2021-06-18 12:00:00,35.945343,17.970612,999.1406,5.7320333,0.50105155,1.0,34.736588,0.0
2021-06-18 18:00:00,30.072968,18.683502,1002.72437,4.9182315,-0.5079107,1.0,50.533413,0.0
2021-06-19 00:00:00,29.07608,21.3555,1001.91315,3.9984035,-0.02562803,1.0,63.149036,0.0
2021-06-19 06:00:00,36.287994,19.764496,1002.7556,5.665225,0.39609456,0.9967409,38.12927,0.0
2021-06-19 12:00:00,36.114777,19.426788,999.92377,4.978776,1.4600978,0.74721724,37.694942,0.0005662441
2021-06-19 18:00:00,29.94522,19.808868,1003.3175,3.8127463,0.2518444,0.99999994,54.60075,0.0
2021-06-20 00:00:00,28.50528,21.955048,1002.21436,4.16171,-0.2560253,0.98217124,67.71062,0.0
2021-06-20 06:00:00,37.209137,20.384613,1002.6475,4.584983,-0.57578087,0.48718095,37.673134,0.0
2021-06-20 12:00:00,37.34781,19.099884,999.1981,3.9035425,-0.8330469,0.3345036,34.525326,0.0018151477
2021-06-20 18:00:00,30.655487,21.093414,1002.54877,2.8014822,1.4754797,0.17408115,56.745792,0.0
2021-06-21 00:00:00,29.00058,21.881866,1001.63873,3.0337477,0.6765037,0.57284933,65.500435,0.0
2021-06-21 06:00:00,36.588043,20.604156,1001.46936,4.4301224,-0.225043,0.15192473,39.505432,0.0
2021-06-21 12:00:00,38.51187,19.38028,997.665,3.3656464,0.59075844,0.47349948,32.982918,0.0022882596
2021-06-21 18:00:00,30.164154,21.432281,1001.1894,2.8121717,1.3271536,0.586194,59.591187,0.06588083
2021-06-22 00:00:00,28.454407,21.849396,999.975,2.515831,-0.07553196,0.9597529,67.474625,0.0
2021-06-22 06:00:00,35.114166,21.013092,1001.1969,2.8035293,-1.6381693,0.99955475,43.937656,0.0043865293
2021-06-22 12:00:00,37.05606,19.233551,997.3081,1.7367973,-0.016514838,1.0,35.372467,0.04368089
2021-06-22 18:00:00,30.145172,23.335114,1001.0687,0.5365381,3.150484,0.9991212,66.97351,0.0
2021-06-23 00:00:00,28.618225,22.675812,999.8044,2.0374613,0.92167956,0.9957044,70.28313,0.0
2021-06-23 06:00:00,35.558502,21.509186,1000.4894,2.2723231,0.22255063,0.9900876,44.19586,0.00572321
2021-06-23 12:00:00,32.93582,23.325226,998.1456,0.5648974,4.319111,1.0000031,57.11941,0.0
2021-06-23 18:00:00,28.828125,24.018158,1001.64935,1.3894033,1.9988317,0.99316823,75.29305,0.0
2021-06-24 00:00:00,26.930695,22.992096,1000.2512,3.7094889,-0.0759325,0.99689406,79.064354,0.004578382
2021-06-24 06:00:00,34.508698,22.001373,1001.35315,3.6091843,-0.6437944,0.9690141,48.27223,0.0022882596
2021-06-24 12:00:00,34.007843,21.0253,998.255,2.4363375,1.0374386,1.0,46.75952,0.07646065
2021-06-24 18:00:00,29.7659,20.95279,1001.53375,2.5214036,1.4305329,0.94353133,59.20336,0.0
2021-06-25 00:00:00,28.468445,20.79544,999.4481,3.4875345,-0.19142056,0.6485434,63.20199,0.0
2021-06-25 06:00:00,36.10208,19.234894,999.7919,4.251428,-0.32078677,0.16141766,37.27351,0.0
2021-06-25 12:00:00,37.502594,17.743805,996.09064,2.762745,0.6339375,0.945495,31.44662,0.0
2021-06-25 18:00:00,30.026398,21.02713,999.48376,2.1038694,2.0251358,0.12558208,58.59017,0.0
2021-06-26 00:00:00,28.743073,21.516632,998.6944,3.9876556,-0.20586109,0.999999,65.017296,0.0
2021-06-26 06:00:00,35.74051,19.497345,999.0656,4.483673,-0.041297734,0.62442374,38.64869,0.0
2021-06-26 12:00:00,36.466095,18.61795,996.685,2.8699284,-0.23485947,0.9927737,35.155785,0.0
2021-06-26 18:00:00,30.507172,19.253082,999.9988,4.3664284,-0.594759,0.97957736,51.074238,0.0
2021-06-27 00:00:00,28.428009,21.045746,999.34375,3.4736443,-0.34126377,0.99397093,64.333115,0.12521446
2021-06-27 06:00:00,33.069733,20.484406,1001.1175,3.542512,-1.6111755,0.9999998,47.667713,0.0068992376
2021-06-27 12:00:00,35.016754,20.315582,998.53625,2.3892136,-1.3639183,0.9301373,42.317513,0.0
2021-06-27 18:00:00,29.536194,22.446686,1001.70935,1.5937085,2.4842043,0.83432823,65.72734,0.0
2021-06-28 00:00:00,28.570465,20.403107,999.59875,1.4831169,-0.11826134,0.8639984,61.327637,0.0016242266
2021-06-28 06:00:00,33.31607,20.495392,1001.45435,1.2059593,-0.73406065,0.4656729,47.044945,0.0
2021-06-28 12:00:00,35.17276,20.9971,998.0012,0.017149925,1.7251757,0.6593138,43.752373,0.03299862
2021-06-28 18:00:00,29.47406,23.73526,1000.3,-0.65146476,2.725214,0.13689655,71.30971,0.0
2021-06-29 00:00:00,27.607208,25.346832,999.66437,0.13816285,1.7999837,0.7663706,87.52045,0.0
2021-06-29 06:00:00,34.82376,23.52945,1000.1094,-0.63176155,1.4313952,1.0,52.039505,0.02958253
2021-06-29 12:00:00,32.881134,24.127716,998.0806,-1.2549686,3.1344366,0.932106,60.130928,0.09267405
2021-06-29 18:00:00,29.381683,24.723724,1000.6863,-0.29304528,2.6845436,0.74740887,76.06875,0.0
2021-06-30 00:00:00,28.188812,25.238983,999.85876,1.17223,1.6596273,0.9918597,84.05888,0.0
2021-06-30 06:00:00,36.535553,21.958282,999.8175,2.3283987,0.7584728,0.9482747,43.048977,0.0
2021-06-30 12:00:00,35.41568,23.204498,996.5575,-0.15985203,2.5435665,0.97757673,49.38369,0.0
2021-06-30 18:00:00,28.701447,24.685669,999.9988,0.1970092,3.4782486,0.30095485,78.94291,0.02595035
2021-07-01 00:00:00,28.026703,24.500183,998.3925,0.1419121,1.3498437,0.94943696,81.19641,0.0
2021-07-01 06:00:00,36.044586,22.938873,998.89185,1.419085,0.89829206,0.98478216,46.940777,0.038528953
2021-07-01 12:00:00,33.608673,24.061676,996.20624,-0.94069767,4.3398275,0.40496826,57.497,0.18873611
2021-07-01 18:00:00,26.04837,23.655304,1000.3844,1.4757512,0.38733006,0.4991657,86.68923,0.0
2021-07-02 00:00:00,26.697174,22.55307,998.4306,2.5681188,0.6707072,0.2072776,78.05256,0.0
2021-07-02 06:00:00,34.52542,23.365509,999.23126,2.9708745,0.71667945,0.77261466,52.388348,0.020025298
2021-07-02 12:00:00,32.595123,24.00357,997.22815,0.945281,2.754077,0.9555729,60.65362,0.36329216
2021-07-02 18:00:00,28.457031,24.6362,1001.2644,0.09502095,1.3867236,0.9708457,79.834755,0.0
2021-07-03 00:00:00,27.783844,23.0596,999.65686,0.6979946,-0.57298374,0.7862513,75.5174,0.0
2021-07-03 06:00:00,34.46634,22.591644,1000.46436,1.4206948,-0.998868,0.9439784,50.155415,0.005150214
2021-07-03 12:00:00,31.846222,25.548615,998.3663,0.8732271,1.2135481,0.87378836,69.39347,2.6508327
2021-07-03 18:00:00,28.395966,25.31485,1000.4025,0.5791484,1.4334086,0.32264227,83.42757,0.0
2021-07-04 00:00:00,27.148773,23.731842,999.77374,1.077728,0.65560955,0.9571783,81.62249,0.32928282
2021-07-04 06:00:00,33.016632,24.4505,1000.28876,1.6880474,-0.96081734,0.46532428,60.84027,0.0
2021-07-04 12:00:00,33.169464,24.265045,997.1813,-1.4480295,0.22356349,0.33003697,59.653656,0.5057603
2021-07-04 18:00:00,25.841522,24.309479,1001.46313,0.39519954,0.7006695,0.784256,91.275024,0.0
2021-07-05 00:00:00,25.797333,23.52533,999.2919,2.6389675,-0.6460161,0.8999566,87.30112,0.0
2021-07-05 06:00:00,34.24112,23.59311,998.755,2.3116264,-1.2095213,0.95001227,53.959454,0.017165206
2021-07-05 12:00:00,35.871735,23.110748,995.84564,0.34404087,-1.3548241,0.36937493,47.884857,0.17804
2021-07-05 18:00:00,28.269775,25.211609,999.8119,0.04346752,3.7765808,0.88177377,83.52745,1.2169737
2021-07-06 00:00:00,27.539276,22.700592,998.6887,1.1569098,0.64412785,0.96007293,74.9568,0.0
2021-07-06 06:00:00,34.786407,23.637115,997.95123,2.0077066,-0.77826214,0.6023855,52.48689,0.0025741756
2021-07-06 12:00:00,33.373077,23.697845,995.7388,-1.583498,2.458164,0.9460975,57.000233,0.1639016
2021-07-06 18:00:00,29.153961,24.949982,998.9331,0.14627367,3.0258255,0.99999964,78.12414,0.0
2021-07-07 00:00:00,28.400452,24.561066,997.7575,1.0739744,1.2735603,0.9941524,79.738655,0.009152573
2021-07-07 06:00:00,35.381622,23.21524,998.83,2.0527291,0.2430417,0.5605536,49.508827,0.0
2021-07-07 12:00:00,33.080475,24.217133,995.71436,-1.3444767,2.6892405,0.8958838,59.78055,0.43565547
2021-07-07 18:00:00,27.92984,25.130157,1000.23126,0.07805073,2.4811928,0.27736688,84.78613,0.0
2021-07-08 00:00:00,27.557953,23.51358,998.83,1.6358597,0.8295294,0.06272295,78.6481,0.0
2021-07-08 06:00:00,35.248566,23.041779,999.2019,3.0330973,-0.7236519,0.3446234,49.354008,0.0
2021-07-08 12:00:00,37.707916,22.49588,994.4825,1.4804478,-0.06294036,0.52559614,41.724293,0.0058189034
2021-07-08 18:00:00,27.999908,24.426971,998.9269,-0.091314316,2.058667,0.8988507,80.9677,0.0005014981
2021-07-09 00:00:00,26.664703,23.724823,997.3056,1.2112522,-1.4996185,0.85828835,83.942955,0.0
2021-07-09 06:00:00,33.64981,23.455597,998.0019,3.3902671,-0.70161915,0.8892381,55.31023,0.006960705
2021-07-09 12:00:00,33.25125,23.30362,994.59564,1.7809598,1.6421448,0.8922294,56.042965,0.040651236
2021-07-09 18:00:00,28.554352,22.49405,997.7562,2.8359013,0.9948027,0.9484049,69.77008,0.0
2021-07-10 00:00:00,26.40982,22.111969,996.3894,3.8994837,0.6881888,0.9933165,77.28402,0.56577057
2021-07-10 06:00:00,28.978607,24.41455,997.83875,4.4192553,1.5510377,1.0,76.43531,0.10007155
2021-07-10 12:00:00,29.622742,21.950958,995.3787,5.142701,0.6980951,1.0,63.455753,0.0
2021-07-10 18:00:00,28.307281,18.662994,998.54565,5.544238,0.2836089,0.998322,55.89146,0.0
2021-07-11 00:00:00,27.96585,19.054352,996.2,5.3533,0.6195259,0.9942925,58.424824,0.0
2021-07-11 06:00:00,32.583527,19.885773,996.8525,6.043762,-0.7525883,0.98696154,47.210297,0.0
2021-07-11 12:00:00,31.98825,20.772858,995.1956,4.2099447,0.54127514,0.9924817,51.574783,0.00962615
2021-07-11 18:00:00,28.64212,19.161774,998.54376,2.6913204,0.78971964,0.99397105,56.548126,0.0
2021-07-12 00:00:00,28.019379,20.462921,996.48,4.397855,0.20370889,0.99999994,63.56008,0.003427267
2021-07-12 06:00:00,31.849274,22.475952,997.7775,5.5744505,-0.2485035,0.9937751,57.68846,0.0
2021-07-12 12:00:00,32.920624,21.770416,995.1975,4.7893257,0.4667046,1.0,52.01732,0.057645142
2021-07-12 18:00:00,29.298676,21.517853,998.14624,4.564501,-0.02016735,0.99999976,62.964664,0.0
2021-07-13 00:00:00,28.424957,22.462616,997.16876,3.3524637,0.46288127,0.9848641,70.16244,0.0
2021-07-13 06:00:00,34.24185,21.699982,998.03314,5.4304266,0.020430803,0.9979972,48.101326,0.0
2021-07-13 12:00:00,32.785065,21.430939,996.59375,4.4407415,-0.3384304,1.0,51.338554,0.014200807
2021-07-13 18:00:00,29.648468,20.175323,999.18,3.9604664,-0.3047285,0.9999999,56.81571,0.0
2021-07-14 00:00:00,28.374603,20.977936,997.82623,3.3712645,-0.30388874,0.9999998,64.264885,0.0
2021-07-14 06:00:00,33.45291,21.766876,998.1863,5.0005236,0.0070385933,1.0,50.474976,0.0
2021-07-14 12:00:00,32.55594,22.000275,996.6094,4.1074333,1.389425,1.0,53.846966,0.0
2021-07-14 18:00:00,27.843353,21.845734,1000.0806,2.94334,0.16197836,0.9984001,69.90374,0.0
2021-07-15 00:00:00,27.504852,21.74472,998.46625,2.092391,0.20602906,1.0,70.862076,0.019073486
2021-07-15 06:00:00,32.494904,22.429474,998.665,4.5358458,0.82587534,0.97265726,55.463158,0.0
2021-07-15 12:00:00,32.666412,21.052887,996.1131,3.979744,-1.2377024,0.9871151,50.498276,0.010318123
2021-07-15 18:00:00,29.25113,19.948639,1000.14935,1.5637803,-0.044208705,0.97256327,57.32335,0.0
2021-07-16 00:00:00,27.708221,22.252594,999.7438,0.9924212,0.12531662,0.9157932,72.22692,0.022220764
2021-07-16 06:00:00,34.132477,21.958893,1000.7575,4.593235,0.05702406,0.80712146,49.166603,0.0
2021-07-16 12:00:00,33.048737,22.4357,998.0181,2.5194728,0.23299193,0.5991596,53.780502,0.030922754
2021-07-16 18:00:00,27.884857,22.598907,1001.3063,1.646784,1.0678657,0.97810256,73.00647,0.2368472
2021-07-17 00:00:00,27.713531,21.80014,999.97626,3.823554,-0.4618597,0.9851587,70.239975,0.0
2021-07-17 06:00:00,33.87967,22.592346,1000.4194,2.8614132,-1.4839954,0.9980223,51.82493,0.02479367
2021-07-17 12:00:00,33.276764,21.818695,997.54877,2.1651344,0.019099116,1.0,51.13753,0.0
2021-07-17 18:00:00,29.336487,22.290192,1000.32935,1.9745381,0.9136618,0.96009237,65.85932,0.0
2021-07-18 00:00:00,27.25296,21.446198,999.02686,3.3889246,-0.05115795,0.99713206,70.6142,0.0036358833
2021-07-18 06:00:00,30.725006,22.277435,999.6869,5.3704166,-0.71520424,1.0,60.762943,0.011533499
2021-07-18 12:00:00,29.9628,21.257965,997.6719,5.250559,0.61289805,0.9991218,59.643734,0.014588237
2021-07-18 18:00:00,27.803986,21.34195,1000.66,2.3732243,0.22446537,0.99352753,67.93849,0.01180917
2021-07-19 00:00:00,27.531403,21.690826,999.4994,2.8292866,0.520889,0.96630716,70.51943,0.0
2021-07-19 06:00:00,35.490753,21.029877,999.46313,5.844054,0.23076755,0.81794,43.07666,0.0
2021-07-19 12:00:00,35.88565,19.665192,997.095,4.835612,0.5413549,0.5302022,38.742683,0.018110964
2021-07-19 18:00:00,29.54654,20.783966,1001.095,3.9808526,-0.12876225,0.95803976,59.336876,0.0
2021-07-20 00:00:00,27.544342,22.397583,1000.7544,4.184305,-0.124549866,0.97224283,73.56833,0.0
2021-07-20 06:00:00,35.466095,20.322845,1000.6331,5.5443306,0.02250284,0.9381646,41.297195,0.0
2021-07-20 12:00:00,35.77664,18.855621,998.5775,4.8089128,-0.014117241,0.9915902,37.06015,0.0
2021-07-20 18:00:00,29.457611,20.69632,1001.4269,5.0579557,-0.64580727,0.99777305,59.321022,0.0
2021-07-21 00:00:00,28.219696,21.638702,1000.2325,4.593687,0.28810287,0.9885785,67.527214,0.0
2021-07-21 06:00:00,34.128937,20.312653,1000.3325,7.1165857,-0.113663316,1.0,44.450054,0.0
2021-07-21 12:00:00,33.995758,20.536407,998.2175,6.4852962,0.19454384,1.0,45.404167,0.0033453107
2021-07-21 18:00:00,29.356049,20.94046,1000.21313,5.622861,0.17512989,1.0,60.572807,0.0
2021-07-22 00:00:00,28.756561,20.799591,997.35065,5.435792,0.91380274,1.0,62.169666,0.0
2021-07-22 06:00:00,35.967804,19.454742,997.545,9.173172,0.14705646,0.9983245,38.066975,0.0
2021-07-22 12:00:00,34.560577,19.315094,995.4444,7.015787,0.15847015,0.99586993,40.792103,0.0
2021-07-22 18:00:00,29.952057,20.310333,998.21564,6.0902023,0.64402556,0.9991212,56.299545,0.0
2021-07-23 00:00:00,29.551544,20.909698,996.4275,3.3472357,1.7752438,0.98781455,59.780346,0.0
2021-07-23 06:00:00,35.4523,20.456085,997.5975,7.561329,0.9696773,0.98068637,41.66998,0.0
2021-07-23 12:00:00,34.74063,18.415436,995.14,7.2360888,0.43774593,0.9359008,38.17973,0.0068694353
2021-07-23 18:00:00,29.830658,20.92337,998.78186,4.788514,-0.465106,0.78466415,58.8766,0.0
2021-07-24 00:00:00,29.299286,21.863556,997.89685,3.5189037,1.4088064,0.82203615,64.30701,0.0
2021-07-24 06:00:00,35.701447,21.084747,998.79,5.892605,0.03172779,0.9394511,42.72254,0.0
2021-07-24 12:00:00,35.90616,20.03592,996.0037,5.3124647,0.48151076,0.41909206,39.598476,0.015072525
2021-07-24 18:00:00,30.302948,21.813019,999.6831,4.215351,0.49559677,0.9093463,60.51127,0.0
2021-07-25 00:00:00,29.139496,22.279572,999.1962,3.2184436,1.2538359,0.64872766,66.57023,0.0
2021-07-25 06:00:00,35.89041,21.126862,999.66565,5.0990744,0.782888,0.5498224,42.389523,0.0007628114
2021-07-25 12:00:00,32.096222,24.002594,997.7469,3.4535768,2.2797203,0.55559224,62.383507,0.6373645
2021-07-25 18:00:00,26.814423,23.07132,1001.65,4.8030195,0.4791295,0.97449297,79.98926,0.4254079
2021-07-26 00:00:00,27.50644,22.59616,999.8606,3.6422205,0.3698455,0.90463376,74.62655,0.0
2021-07-26 06:00:00,31.2565,22.74118,1001.0025,4.601433,0.6492103,0.9856981,60.63258,0.0
2021-07-26 12:00:00,35.27298,20.334137,997.9988,2.2152867,2.089086,0.7651317,41.769398,0.0
2021-07-26 18:00:00,29.016937,22.716095,1000.70624,2.3474674,1.3514147,0.8583911,68.8456,0.0
2021-07-27 00:00:00,28.073212,22.075348,999.6325,3.4606686,0.26686013,0.99604446,69.94563,0.0
2021-07-27 06:00:00,35.544464,21.150543,999.5037,5.1753473,0.09201044,0.86126727,43.26851,0.0
2021-07-27 12:00:00,35.943756,19.944855,997.1994,5.1287355,0.44955558,0.49418807,39.29444,0.022351742
2021-07-27 18:00:00,30.274445,20.056427,1000.63873,4.6669083,-0.4326315,0.24869728,54.406326,0.0
2021-07-28 00:00:00,28.70285,21.792633,999.5569,4.0825605,0.26597995,0.32116085,66.27817,0.0
2021-07-28 06:00:00,35.531647,20.616425,1000.7569,4.7627163,0.638798,0.49109536,41.9,0.0
2021-07-28 12:00:00,36.785797,19.25589,997.52374,4.9472528,1.0068756,0.97628707,35.9488,0.012397766
2021-07-28 18:00:00,30.467926,20.270172,1001.06,4.4388123,-0.11883259,0.78654623,54.522324,0.0
2021-07-29 00:00:00,28.452667,21.57663,1000.5675,4.0596294,-0.22111231,1.0,66.3659,0.0
2021-07-29 06:00:00,35.724884,20.223175,1000.71564,5.847459,0.21019757,0.99927837,40.4618,0.0
2021-07-29 12:00:00,36.691315,18.67276,997.7631,4.98629,-0.664094,0.98955613,34.843903,0.005243346
2021-07-29 18:00:00,30.602448,19.863312,1001.76874,4.118992,-0.18470001,0.9350179,52.75902,0.0
2021-07-30 00:00:00,28.682587,21.448761,1001.2581,3.7641544,-0.19054699,1.0000002,64.975266,0.0
2021-07-30 06:00:00,35.801422,19.824493,1001.96564,5.0038204,-0.5169821,0.98441887,39.309353,0.0
2021-07-30 12:00:00,36.353546,19.757599,998.9625,4.6922235,-0.26723814,0.55130064,37.97608,0.007246621
2021-07-30 18:00:00,30.626923,20.598541,1001.985,3.3802285,0.93308717,0.06270319,55.134373,0.0
2021-07-31 00:00:00,28.375397,22.011993,1002.0031,3.6013336,-0.15460396,0.081572585,68.461044,0.0
2021-07-31 06:00:00,35.837067,19.760406,1002.03815,4.651251,-0.3666818,0.043049037,39.076653,0.0
2021-07-31 12:00:00,37.708405,18.503326,999.0694,4.8559856,-0.85989475,0.50097936,32.615864,0.009153504
2021-07-31 18:00:00,30.60373,20.930084,1002.9244,3.2853646,0.64876604,0.48317665,56.345768,0.0034566037
2021-08-01 00:00:00,28.49466,22.391754,1001.0687,3.4971151,-0.708972,0.996228,69.57848,0.0
2021-08-01 06:00:00,34.62686,20.20517,1000.90125,5.271491,-0.58491325,0.98380315,42.948887,0.0
2021-08-01 12:00:00,36.00772,19.460114,997.83813,4.0074778,-1.0476055,0.963702,37.996155,0.0
2021-08-01 18:00:00,30.599152,19.83841,1001.4794,3.93478,0.5455262,0.9821333,52.687584,0.0
2021-08-02 00:00:00,28.846832,20.892242,1000.21,4.1259527,-0.32118988,0.9928711,62.19868,0.0
2021-08-02 06:00:00,35.46109,18.954987,1000.8906,5.278535,0.30325836,0.97449464,37.945564,0.0
2021-08-02 12:00:00,36.950836,17.951935,998.7606,4.6865797,-0.13678181,0.9939508,32.8345,0.0
2021-08-02 18:00:00,30.828583,19.009186,1002.6956,4.0644684,0.24706745,0.9962775,49.38774,0.0
2021-08-03 00:00:00,28.250824,21.629059,1001.235,4.312169,-0.4441223,1.0,67.365234,0.0
2021-08-03 06:00:00,35.407135,20.203339,1002.0062,4.999688,-0.7807512,0.6355364,41.127106,0.0
2021-08-03 12:00:00,36.523834,19.890533,999.8719,4.503051,0.002986133,0.636254,37.93441,0.009629875
2021-08-03 18:00:00,30.834991,19.752716,1003.625,3.628448,0.94190526,0.3164608,51.706642,0.0
2021-08-04 00:00:00,28.36911,21.485138,1002.59625,4.0862856,-0.15132141,0.954012,66.31672,0.0
2021-08-04 06:00:00,35.65262,20.789215,1002.8925,5.134763,-0.50585157,0.88842624,42.066517,0.0
2021-08-04 12:00:00,35.663605,20.983551,999.47626,5.0098124,-0.6925173,0.9618044,42.546474,0.004671514
2021-08-04 18:00:00,30.874847,20.440338,1002.58624,3.762752,0.29893875,0.9305407,53.831036,0.0
2021-08-05 00:00:00,29.010376,22.076569,1000.7994,4.080117,-0.34811592,0.9639126,66.245285,0.0
2021-08-05 06:00:00,36.106598,20.911407,1001.1831,5.365461,0.85412663,1.0000002,41.337566,0.0
2021-08-05 12:00:00,34.57779,21.319244,998.0156,4.470598,0.4799403,0.99005216,46.12305,0.10660291
2021-08-05 18:00:00,29.53836,21.51712,1001.035,5.03609,-0.3862276,0.970459,62.097023,0.0
2021-08-06 00:00:00,28.683685,22.378754,999.16376,4.146679,-0.3526163,0.993356,68.7647,0.0
2021-08-06 06:00:00,35.559235,21.384369,999.7394,5.2563477,-0.7053356,0.8679347,43.85759,0.0
2021-08-06 12:00:00,35.13443,21.738556,996.6094,2.9058895,0.0054852366,0.9987179,45.88314,0.11250377
2021-08-06 18:00:00,28.835663,21.82608,1000.7587,3.3818219,0.36180878,0.87548983,65.90423,0.0
2021-08-07 00:00:00,27.859467,23.440765,998.84125,3.550785,0.17491722,0.98620814,76.93596,0.0
2021-08-07 06:00:00,35.154083,22.187103,1000.9294,4.260778,-0.592174,0.20512944,47.10456,0.003814057
2021-08-07 12:00:00,34.326202,21.671295,997.02374,1.4972763,2.315587,0.9352444,47.792,0.26887718
2021-08-07 18:00:00,29.994843,21.23941,1001.6887,2.9387002,0.5751122,0.4178049,59.466297,0.0
2021-08-08 00:00:00,28.18814,22.076935,999.9869,2.4296641,0.19266087,0.6255241,69.48563,0.0
2021-08-08 06:00:00,35.753693,21.88742,1001.15686,2.9927208,0.1613316,0.87681377,44.745182,0.0
2021-08-08 12:00:00,33.628937,24.772614,998.1231,-0.067736626,3.8858957,0.9112875,59.92965,0.1399666
2021-08-08 18:00:00,29.418701,24.090973,1002.0975,1.3733394,1.2584622,0.77688336,73.083855,0.0
2021-08-09 00:00:00,28.337952,21.986237,1000.6956,3.8430634,-0.3189764,0.9730175,68.5026,0.0
2021-08-09 06:00:00,36.60147,21.583038,1001.67377,2.9741402,-0.25019526,0.9273291,41.921757,0.0
2021-08-09 12:00:00,36.23477,21.575592,997.8569,1.6188412,1.9860775,0.86330247,42.754,0.008106232
2021-08-09 18:00:00,29.04184,23.15213,1001.65314,1.8908713,1.5116729,0.9875632,70.58573,0.0
2021-08-10 00:00:00,28.267303,21.888641,1000.78064,3.4165292,-0.53453636,0.91594344,68.37642,0.0
2021-08-10 06:00:00,35.744293,21.763947,1001.6575,4.808091,-1.1482067,0.98400533,44.432114,0.0
2021-08-10 12:00:00,35.454376,21.71402,997.25,3.5870638,-0.6730099,0.9980224,45.01102,0.10326505
2021-08-10 18:00:00,30.631256,20.539215,1001.1,3.6768713,0.45850444,0.9960448,54.9195,0.0
2021-08-11 00:00:00,28.760193,22.265656,1000.21,3.434492,-0.7758484,0.9974434,67.990845,0.0
2021-08-11 06:00:00,34.989777,21.12796,1001.025,3.4065084,-2.2269125,0.9999999,44.55461,0.0034326222
2021-08-11 12:00:00,33.013702,22.58902,998.2081,2.1567135,-0.8307762,0.9995546,54.390717,0.16861619
2021-08-11 18:00:00,27.680573,23.674652,1002.195,1.4063611,1.3653986,1.0,78.847725,0.0
2021-08-12 00:00:00,26.012543,23.280975,1001.14185,2.6619203,0.4142933,1.0,84.933945,0.4282173
2021-08-12 06:00:00,33.46402,22.031036,1001.9269,4.880826,-0.6825161,1.0,51.263344,0.0
2021-08-12 12:00:00,32.532135,22.567902,1000.1231,3.176292,-2.5291853,1.0,55.81418,0.66712207
2021-08-12 18:00:00,28.235016,21.981842,1002.1138,3.337805,-0.549736,1.0,68.89567,0.0
2021-08-13 00:00:00,27.552216,22.204132,1000.43,3.1099167,0.009402275,0.989294,72.67404,0.0
2021-08-13 06:00:00,33.85025,21.247467,1001.01373,3.354271,-0.030193388,0.9999978,47.820496,0.0
2021-08-13 12:00:00,35.165314,20.054718,997.8281,2.1333933,-1.4179201,0.94354475,41.299374,0.0007627532
2021-08-13 18:00:00,29.167877,21.095734,1000.5637,3.8663874,0.18854141,0.98393106,61.821777,0.0
2021-08-14 00:00:00,27.034454,22.182648,998.945,4.091364,0.10266876,0.9999973,74.81546,0.25068223
2021-08-14 06:00:00,31.545319,22.403717,999.1781,4.7568283,-0.7108879,0.99867606,58.435078,0.0
2021-08-14 12:00:00,33.61209,21.110504,997.14874,3.993083,1.3449336,1.0,48.056072,0.0
2021-08-14 18:00:00,26.288666,22.20279,1000.58813,3.1719382,-0.088072956,1.0,78.27046,0.21928555
2021-08-15 00:00:00,27.314667,21.589447,999.1912,4.0468855,0.58243275,1.0,70.97879,0.0
2021-08-15 06:00:00,32.671417,20.650665,999.79315,4.04193,-0.3102885,1.0,49.250336,0.0
2021-08-15 12:00:00,33.438995,20.360748,997.8125,1.4152302,-1.6417637,1.0,46.33524,0.011265278
2021-08-15 18:00:00,29.635895,21.662262,1000.7969,1.1363003,2.1354635,1.0,62.29959,0.0
2021-08-16 00:00:00,27.71286,21.249786,999.505,3.0135517,0.3198471,0.9999998,67.91628,0.0
2021-08-16 06:00:00,34.35074,21.14859,1000.6,3.85429,-0.9073658,0.651361,46.2229,0.0
2021-08-16 12:00:00,33.06436,22.268341,997.68,1.9163713,-0.1542548,0.67797756,53.189175,0.54755807
2021-08-16 18:00:00,28.7583,24.410675,1002.1394,0.42399162,2.8159924,0.91870064,77.3992,0.0
2021-08-17 00:00:00,27.678162,23.00119,1000.7006,1.3189905,0.44111174,0.9867739,75.717026,0.0
2021-08-17 06:00:00,34.385773,21.437286,1001.1944,2.7781029,0.17564672,0.784719,46.956635,0.0
2021-08-17 12:00:00,32.191193,21.77359,998.4894,0.97864544,2.2413785,0.9690909,54.212368,0.048816204
2021-08-17 18:00:00,28.002655,24.299469,1001.9938,0.87539226,1.9439696,0.979616,80.33875,0.0
2021-08-18 00:00:00,26.317535,24.05478,1000.39435,2.1034548,0.9796172,0.9948136,87.395584,0.31508794
2021-08-18 06:00:00,31.026276,23.635529,1001.3131,2.1655478,1.9105415,1.0000001,64.845146,0.0
2021-08-18 12:00:00,30.469574,23.303314,997.95935,2.0658717,1.6964264,1.0,65.61335,0.1899302
2021-08-18 18:00:00,26.52652,24.100159,1000.52936,3.6288881,0.24920058,0.9897476,86.5602,0.03818336
2021-08-19 00:00:00,26.355072,22.495209,999.3119,3.5763807,0.5288126,0.9915474,79.36318,0.0
2021-08-19 06:00:00,33.638947,20.511383,999.9775,4.6709337,0.11357474,0.9727196,46.247204,0.0
2021-08-19 12:00:00,34.2377,20.803497,996.83685,3.8224373,0.10128403,0.99999994,45.538754,0.0
2021-08-19 18:00:00,28.704712,22.32016,1000.4794,1.3850647,1.5588443,1.0000005,68.436554,0.018119812
2021-08-20 00:00:00,27.391632,22.159576,999.1,1.6933882,-0.10894489,0.99154496,73.16163,0.0
2021-08-20 06:00:00,33.165314,23.189972,1000.6431,1.5559237,-1.3898478,0.9886919,55.928677,0.0
2021-08-20 12:00:00,34.02298,22.341583,997.34564,0.023997307,-0.12007654,0.9917707,50.63445,0.08000806
2021-08-20 18:00:00,28.467438,25.119415,1001.1925,-0.37255287,2.5680065,0.9836947,82.12077,0.0
2021-08-21 00:00:00,26.182648,25.124542,1001.5481,0.5987273,0.16241837,1.0000005,93.915,0.28797048
2021-08-21 06:00:00,28.15384,23.824371,1002.97375,1.8636043,-0.47940826,0.9999998,77.394516,0.0
2021-08-21 12:00:00,28.845001,23.707306,1000.40564,1.2211094,-0.12793922,0.9914085,73.82653,0.12806389
2021-08-21 18:00:00,26.062347,23.662384,1003.2438,0.99762034,0.47606945,0.9931959,86.654526,0.026449561
2021-08-22 00:00:00,25.58786,22.97934,1001.1625,1.0864531,0.5517575,0.8328631,85.52479,0.08445978
2021-08-22 06:00:00,30.43924,23.668976,1002.77124,0.8454313,0.81221634,0.765822,67.19283,0.0
2021-08-22 12:00:00,30.376862,23.422394,999.1281,0.35737228,2.1526747,0.9751395,66.438545,0.0
2021-08-22 18:00:00,26.73465,24.228058,1003.1813,1.41786,1.7876415,0.9772976,86.16413,0.6591198
2021-08-23 00:00:00,26.099945,23.648895,1001.29315,0.81361705,1.3363879,0.94265217,86.39183,0.0
2021-08-23 06:00:00,31.35904,23.86438,1002.72314,0.8826817,0.97881716,0.6990791,64.51003,0.05444749
2021-08-23 12:00:00,29.888214,24.128693,999.41876,-0.60844994,2.0518627,0.61889064,71.29496,0.0
2021-08-23 18:00:00,26.452972,24.189453,1001.9325,0.9203846,1.3369408,0.37135988,87.40345,9.406358e-05
2021-08-24 00:00:00,26.54721,23.509003,1001.1156,1.1685319,1.2032539,0.89824027,83.43417,0.010014595
2021-08-24 06:00:00,32.698883,22.216156,1002.26624,2.764286,0.85523164,0.30180764,54.122074,0.0
2021-08-24 12:00:00,32.93216,22.133698,997.8675,0.002729416,3.2054882,0.6804137,53.148438,0.0
2021-08-24 18:00:00,28.39096,23.269135,1001.385,1.181023,3.715599,0.17594731,73.82157,0.0
2021-08-25 00:00:00,26.78537,23.104584,1000.46436,1.3383315,1.7414055,0.8629019,80.28745,0.0
2021-08-25 06:00:00,33.306793,22.759735,1000.9963,2.6752872,0.392035,0.972538,54.059937,0.0
2021-08-25 12:00:00,33.627106,23.275543,996.5719,0.057009697,2.7830725,0.99203724,54.78196,0.0026673079
2021-08-25 18:00:00,28.81186,24.336884,1000.0375,0.714897,3.3015604,0.96925664,76.81894,0.0
2021-08-26 00:00:00,27.374634,22.70993,998.52936,1.9763584,0.84661424,0.13355142,75.72566,0.0
2021-08-26 06:00:00,34.043854,23.08554,999.0588,3.25463,0.45739597,0.06382531,52.909893,0.0
2021-08-26 12:00:00,32.306793,24.459503,995.5644,0.4543562,3.2518969,0.97002125,63.35751,0.20688772
2021-08-26 18:00:00,28.109467,24.873505,998.97375,1.1280669,1.2867883,0.9999994,82.628746,0.0
2021-08-27 00:00:00,28.06189,21.943817,997.71936,3.0618942,-0.3321619,0.9203374,69.43268,0.0
2021-08-27 06:00:00,32.633453,23.378937,999.08563,4.1824408,0.6337907,0.9346408,58.288826,0.0035297126
2021-08-27 12:00:00,32.14676,22.110016,995.59875,3.1164207,1.7360183,0.9259401,55.475765,0.004483387
2021-08-27 18:00:00,28.69635,21.231354,998.58,3.782857,-0.78502274,0.9982182,64.06412,0.0
2021-08-28 00:00:00,26.313873,23.150726,997.1894,3.0258617,0.2336626,1.0000002,82.78052,0.72409993
2021-08-28 06:00:00,29.552765,24.330078,998.1813,3.9554443,0.81197405,0.9973389,73.56843,0.0
2021-08-28 12:00:00,30.966461,23.016815,995.23627,2.9927826,1.0126922,1.0,62.681095,0.0
2021-08-28 18:00:00,26.799835,22.971039,997.98,4.1580305,-0.057575583,0.99712455,79.57357,0.38592178
2021-08-29 00:00:00,25.74942,22.812805,996.39435,2.8315432,0.52829134,1.0,83.858826,0.0
2021-08-29 06:00:00,30.526642,22.43863,998.2419,4.544982,1.5455904,1.0,62.0617,0.0
2021-08-29 12:00:00,30.944977,22.487091,995.3125,2.9026127,1.935729,1.0,60.77424,0.0
2021-08-29 18:00:00,28.218842,21.852814,998.78,4.0648127,0.65503156,0.99604464,68.41978,0.0
2021-08-30 00:00:00,27.595612,22.087982,997.47815,3.9622145,0.7905392,1.0,71.978745,0.0
2021-08-30 06:00:00,30.939606,22.15207,998.6788,4.2749596,0.4801494,1.0,59.56642,0.0
2021-08-30 12:00:00,33.354767,21.653961,996.16125,3.2327628,0.2855088,0.9646184,50.4044,0.0
2021-08-30 18:00:00,28.28772,21.416046,999.1244,3.1359906,0.13772821,0.95191056,66.35012,0.0
2021-08-31 00:00:00,27.260834,21.982208,997.9963,3.1497383,-0.09342384,0.9999999,72.93188,0.0
2021-08-31 06:00:00,34.03067,22.578278,999.64935,3.2980657,-0.16122586,0.70815843,51.345985,0.0
2021-08-31 12:00:00,33.17093,22.598785,997.02686,-0.86242294,2.5038905,0.99039555,53.94439,0.083372
2021-08-31 18:00:00,26.995514,24.507294,1000.6194,-0.21465498,1.4529555,0.9760896,86.28384,0.0
2021-09-01 00:00:00,27.206268,24.826752,1000.1044,1.1654103,-0.11594391,0.91061294,86.865906,0.0
2021-09-01 06:00:00,32.76761,23.05722,1001.1294,2.6572905,-0.4361992,0.82743454,56.736237,0.016113743
2021-09-01 12:00:00,32.963287,23.190338,997.4906,1.1808538,-0.088816404,0.9428466,56.568424,0.0
2021-09-01 18:00:00,26.64798,24.612823,1001.4444,0.6208458,2.0626974,0.9606781,88.62349,0.0
2021-09-02 00:00:00,27.450409,22.84079,999.66376,2.458148,-0.034230232,0.98463154,75.990845,0.0
2021-09-02 06:00:00,33.055573,23.202179,1000.3031,2.925107,-0.65960693,0.7689664,56.316025,0.0064842254
2021-09-02 12:00:00,28.670258,24.237396,998.26624,-0.006832123,0.39324957,0.99999994,76.99186,3.994942
2021-09-02 18:00:00,25.431854,24.493103,1001.4906,1.1641915,1.317177,1.0,94.55524,0.0
2021-09-03 00:00:00,24.670074,23.333038,999.14,2.9213247,0.91833556,0.9999999,92.28259,3.2554736
2021-09-03 06:00:00,28.485748,24.62259,1000.435,4.007348,0.44660318,0.9891544,79.63683,0.0
2021-09-03 12:00:00,30.648468,22.659088,997.46625,1.9223243,1.150261,0.99999964,62.46129,0.0
2021-09-03 18:00:00,27.601349,23.494354,1000.58624,1.3904233,1.1849707,0.9987188,78.35785,0.0
2021-09-04 00:00:00,26.370148,22.55008,998.7419,2.9656372,-0.15414381,0.9999999,79.557304,0.14990568
2021-09-04 06:00:00,30.29129,23.950165,1001.1269,3.3127909,0.2708155,0.99999994,68.92091,0.0
2021-09-04 12:00:00,29.623413,24.606995,998.3625,1.6959145,1.9442127,1.0,74.49412,0.42241585
2021-09-04 18:00:00,26.060638,22.995514,1000.6763,2.0487027,0.62488544,0.9893025,83.24347,0.0
2021-09-05 00:00:00,25.629791,23.165314,999.2075,3.367982,0.7886545,0.9884968,86.27733,0.00688038
2021-09-05 06:00:00,31.89627,23.334076,1000.10815,4.159441,1.3279408,0.21936198,60.604305,0.0
2021-09-05 12:00:00,28.641449,24.12326,997.9969,2.928777,1.5705851,0.990014,76.594444,1.7749624
2021-09-05 18:00:00,26.475128,22.912384,1000.6325,4.0379696,0.6383562,1.0,80.822556,0.0
2021-09-06 00:00:00,25.580414,23.175354,999.5094,4.197551,0.28186226,1.0,86.58309,0.20697173
2021-09-06 06:00:00,31.265411,22.809723,999.8681,4.817033,0.39687735,1.0,60.85417,0.0
2021-09-06 12:00:00,31.313019,22.515656,997.1269,2.7918117,0.77216345,1.0,59.616234,0.0
2021-09-06 18:00:00,27.860382,21.656647,1000.6256,3.988644,-0.09403896,1.0,69.032196,0.0
2021-09-07 00:00:00,27.206146,22.086761,999.40314,3.1552756,0.9136997,1.0,73.63399,0.0
2021-09-07 06:00:00,32.347565,22.910492,1000.7656,3.7857294,1.0950041,0.9388368,57.582623,0.0
2021-09-07 12:00:00,31.998688,23.428986,997.14813,1.3444204,1.838908,0.57475835,60.599834,0.027943403
2021-09-07 18:00:00,27.95694,23.166046,1001.5675,2.1730385,0.04856205,0.6313618,75.24107,0.0
2021-09-08 00:00:00,26.797821,22.199982,1000.45624,2.1940746,0.7516013,0.8096237,75.94346,0.0
2021-09-08 06:00:00,33.203156,23.18631,1002.1163,3.714449,1.2435224,0.6203881,55.79763,0.0
2021-09-08 12:00:00,33.376007,23.597076,998.53687,2.3256574,0.8917811,0.8170153,56.64604,0.01947023
2021-09-08 18:00:00,27.787842,23.355255,1002.73627,1.7057331,0.537343,0.11087018,76.86074,0.0
2021-09-09 00:00:00,27.045929,21.754425,1001.1163,3.4793663,-0.5044613,0.92374444,72.83754,0.0
2021-09-09 06:00:00,33.13089,22.95523,1002.0056,3.6537685,-0.15384364,0.83384943,55.246822,0.0
2021-09-09 12:00:00,33.664825,23.384796,999.0325,1.2881937,-0.1667648,0.36135656,55.02824,0.01830794
2021-09-09 18:00:00,28.182373,23.551483,1002.5181,1.5833948,2.5118237,0.99802226,76.00685,0.0
2021-09-10 00:00:00,27.76654,22.233124,1001.28,2.8760815,0.40887165,0.9322612,71.89596,0.0
2021-09-10 06:00:00,33.959747,22.91922,1000.895,4.215311,-0.2957728,0.99999636,52.62645,0.0007636845
2021-09-10 12:00:00,33.450226,23.650055,998.2469,1.5578203,0.1521734,1.0,56.591194,0.0
2021-09-10 18:00:00,29.164978,24.455963,1001.3225,1.790616,1.5516549,1.0,75.80333,0.0
2021-09-11 00:00:00,28.338379,22.251862,999.7619,3.4794416,0.12411976,0.97730166,69.61847,0.0
2021-09-11 06:00:00,34.401398,22.09317,1000.5075,4.455016,0.6814591,0.9929946,48.83373,0.0007627532
2021-09-11 12:00:00,34.256134,21.688995,997.35815,2.8045382,0.8636004,1.0,48.03082,0.0
2021-09-11 18:00:00,29.479218,22.63028,1000.1275,2.9403868,0.3500681,1.0,66.683075,0.0
2021-09-12 00:00:00,28.142273,22.22342,998.9219,3.3384483,0.71562093,0.9725647,70.29589,0.0
2021-09-12 06:00:00,33.959747,22.584259,999.58563,5.014557,0.72798073,0.8552797,51.56836,0.0007627532
2021-09-12 12:00:00,32.871124,23.393951,996.8131,1.8837943,1.9938054,0.97102,57.565964,0.80162436
2021-09-12 18:00:00,28.886566,21.636993,999.83936,3.212089,0.0027008057,1.0,64.95531,0.0
2021-09-13 00:00:00,28.146545,21.92569,998.4338,3.5066786,0.7688647,1.0,69.01469,0.0
2021-09-13 06:00:00,34.334503,22.396942,998.72437,6.182743,1.0334885,0.9733037,49.930614,0.0
2021-09-13 12:00:00,33.9711,21.320099,995.8331,4.5191555,0.4146167,1.0,47.710823,0.0
2021-09-13 18:00:00,29.740753,21.830109,999.1975,3.5559638,-0.06504822,1.0,62.562813,0.0
2021-09-14 00:00:00,28.622955,22.601532,998.84814,3.1709528,0.22793686,1.0000007,69.94783,0.0
2021-09-14 06:00:00,35.39505,22.722137,999.4919,4.058361,1.1542606,0.99999535,48.017147,0.0032437965
2021-09-14 12:00:00,34.817413,23.549713,996.0737,0.81100655,2.2316847,0.3346836,52.12145,0.0
2021-09-14 18:00:00,29.30838,25.382843,1000.38,0.72577894,1.7246253,0.18382901,79.45195,0.0
2021-09-15 00:00:00,28.685791,22.255768,999.08185,2.8618667,0.00033664703,0.90479714,68.243805,0.0
2021-09-15 06:00:00,35.239166,22.240997,1000.11127,2.760138,0.5400561,0.27839708,47.037384,0.0
2021-09-15 12:00:00,31.880768,24.093536,997.46313,0.78759384,3.2134361,0.83267444,63.495106,0.5914867
2021-09-15 18:00:00,28.011139,24.764801,1000.90625,0.5605278,2.308844,0.99915797,82.56605,0.0
2021-09-16 00:00:00,27.940552,22.463165,999.39874,3.0744944,0.31331825,0.96415484,72.17213,0.0
2021-09-16 06:00:00,33.933502,23.440887,1000.7481,2.8743916,-0.6430395,0.9543473,54.391815,0.024985522
2021-09-16 12:00:00,31.845123,23.222687,996.9506,1.5338564,-0.8657708,0.72391826,60.372734,0.56670976
2021-09-16 18:00:00,28.5979,24.41275,999.6337,0.052444756,2.4032593,0.820184,78.132545,0.0
2021-09-17 00:00:00,28.138916,24.102936,999.14124,1.8597316,1.1512403,0.80991316,78.76926,0.0
2021-09-17 06:00:00,34.271027,22.546295,999.8844,2.1539755,-0.51246583,0.5635415,50.564236,0.018119812
2021-09-17 12:00:00,28.212067,24.28061,997.61,-0.78084564,0.34549147,0.9995545,79.27484,2.8049946
2021-09-17 18:00:00,26.226288,24.02066,1001.1306,-0.46563625,2.0735059,0.9871912,87.68799,0.0
2021-09-18 00:00:00,26.087646,24.950989,999.90125,0.22199696,1.4550827,1.0,93.47199,0.016889244
2021-09-18 06:00:00,31.188507,24.097687,1002.0325,1.33868,0.64110684,0.9939229,66.05879,0.0
2021-09-18 12:00:00,31.904938,24.41391,998.86127,-0.3230114,-0.11210781,0.9991212,64.63794,0.6115511
2021-09-18 18:00:00,27.720001,25.697723,1002.85376,0.44116306,3.5837011,0.9697511,88.77622,0.0
2021-09-19 00:00:00,26.530182,24.428284,1001.8306,1.191167,0.75556946,0.88004225,88.260765,0.0
2021-09-19 06:00:00,33.341827,24.358429,1002.5644,0.6170924,0.34871978,0.9798283,59.41106,0.04645437
2021-09-19 12:00:00,32.38138,25.457306,999.1287,-1.4416409,2.4286764,0.9638213,66.95967,0.23322552
2021-09-19 18:00:00,28.75351,25.855133,1002.8069,0.4539112,0.9069972,0.449544,84.3767,0.0
2021-09-20 00:00:00,25.076752,23.584503,1002.08563,0.32525057,0.15034944,0.9999998,91.446335,0.15942468
2021-09-20 06:00:00,31.11142,24.867706,1002.34875,3.2624264,-0.026756287,0.8912149,69.47907,0.0
2021-09-20 12:00:00,31.388947,24.393341,998.4281,0.99546146,0.9845672,0.24721807,66.4775,0.0
2021-09-20 18:00:00,27.873932,24.147675,1002.52625,0.7488815,2.207049,0.1568251,80.21081,0.0
2021-09-21 00:00:00,26.938202,23.473053,1001.045,1.7952147,1.2013189,0.24281937,81.35957,0.0
2021-09-21 06:00:00,33.220856,23.276947,1001.365,2.9259052,-0.29829282,0.6888773,56.048306,0.008009374
2021-09-21 12:00:00,34.008087,23.899689,996.8675,1.0154362,0.4366383,0.1776784,55.6832,0.0
2021-09-21 18:00:00,28.259949,24.562286,1000.60187,1.2143614,2.123337,0.107411325,80.39888,0.0
2021-09-22 00:00:00,27.05478,21.842682,998.8063,2.889017,0.048874855,0.34865278,73.193146,0.0
2021-09-22 06:00:00,33.2742,23.219513,999.59436,2.0351598,-1.8592005,0.4008844,55.687225,0.0006672926
2021-09-22 12:00:00,34.199005,23.49173,996.02936,0.36969185,-0.29720497,0.24630927,53.75675,0.0
2021-09-22 18:00:00,28.502136,24.744781,999.8181,0.3546381,2.9203434,0.31554234,80.14415,0.00066217035
2021-09-23 00:00:00,27.271912,24.086884,998.60065,1.4827242,0.96584386,0.84993726,82.78311,0.0022947788
2021-09-23 06:00:00,32.69876,23.183685,999.6525,2.2131634,-0.21616012,0.80952054,57.393898,0.025933608
2021-09-23 12:00:00,33.587677,23.8096,996.9944,-0.49053955,-1.3265209,0.5267737,56.699127,0.20458736
2021-09-23 18:00:00,27.729797,24.274475,1001.1944,0.69037306,1.3028173,0.8020615,81.50627,0.0
2021-09-24 00:00:00,27.173676,22.935577,999.135,2.1977277,-0.50566673,0.9169431,77.678055,0.0
2021-09-24 06:00:00,33.124542,23.692047,1000.1763,0.5773735,-1.690898,0.36678928,57.780582,0.0
2021-09-24 12:00:00,30.006073,26.614655,997.79626,-1.9162874,0.9370508,0.6506885,82.09377,0.3047511
2021-09-24 18:00:00,26.35025,25.003693,1001.9988,1.0072978,1.5061908,0.97061944,92.32261,0.31927973
2021-09-25 00:00:00,25.924225,24.937805,999.85565,1.5557604,0.38511568,0.542082,94.30614,0.0
2021-09-25 06:00:00,33.059723,23.774597,999.8137,2.918603,-0.056819856,0.33257663,58.280235,0.0014300458
2021-09-25 12:00:00,31.247223,25.296112,996.47375,1.367507,-0.02927494,0.72413105,70.72622,2.8584008
2021-09-25 18:00:00,27.978302,25.486084,999.4369,0.86979127,0.6587479,0.98037565,86.355965,0.0
2021-09-26 00:00:00,26.730438,22.818146,997.4481,1.3483975,0.072543144,0.9344173,79.16269,0.0
2021-09-26 06:00:00,31.384552,23.590424,998.89685,2.6167336,-0.6706915,1.0,63.36297,0.0037308782
2021-09-26 12:00:00,32.384186,24.891266,995.4294,-0.5177641,1.003263,1.0000019,64.730125,0.0
2021-09-26 18:00:00,27.783203,23.736603,997.8219,1.3073931,3.0992804,1.0,78.669205,0.0
2021-09-27 00:00:00,27.381744,22.802094,996.1194,3.4920006,0.5257709,1.0,76.11832,0.0047683716
2021-09-27 06:00:00,31.502594,23.076996,997.16,5.164613,0.19215643,1.0,61.018192,0.0
2021-09-27 12:00:00,29.348541,20.75821,995.5588,6.3284388,0.22415352,1.0,59.92348,0.025170855
2021-09-27 18:00:00,27.712982,20.167023,998.40875,3.3874283,0.8053417,1.0,63.53518,0.0
2021-09-28 00:00:00,26.838104,21.169525,997.8681,2.6216726,0.95767075,1.0,71.138794,0.0
2021-09-28 06:00:00,32.700348,22.041351,1000.15375,4.1606674,0.67613417,0.9703469,53.54435,0.0
2021-09-28 12:00:00,33.522614,20.773956,997.15375,2.0991364,0.6602512,0.9978756,47.30853,0.17777085
2021-09-28 18:00:00,28.286713,20.767242,1000.90936,3.1808453,-0.7861538,0.9440246,63.762657,0.0
2021-09-29 00:00:00,27.089508,21.463745,999.79126,3.6506863,-0.67231846,0.9973429,71.371254,0.0
2021-09-29 06:00:00,33.60013,22.411621,1000.9531,3.1494823,-1.1371841,0.38942218,52.06658,0.0003814057
2021-09-29 12:00:00,31.90921,23.17453,998.4437,-0.670043,1.7184954,1.0000001,59.979034,0.19324428
2021-09-29 18:00:00,26.987885,24.198456,1001.90436,0.25347096,1.331531,0.5588553,84.73999,0.0
2021-09-30 00:00:00,26.854828,23.876068,1000.79565,1.5435102,0.66451263,0.5110542,83.76774,0.0
2021-09-30 06:00:00,31.799835,23.562592,1002.3162,1.5536296,-1.4427443,0.44996,61.782276,0.034227967
2021-09-30 12:00:00,32.582367,24.371796,998.6912,-0.98032093,-1.3944492,0.45567983,62.052883,0.025138259
2021-09-30 18:00:00,25.62613,24.566345,1002.7619,0.9541359,-1.0134335,0.90823406,93.88108,4.562992
2021-10-01 00:00:00,25.184296,24.2872,1000.7481,0.8381903,-0.81307125,0.95563257,94.78184,0.0
2021-10-01 06:00:00,28.937958,23.74762,1001.5056,0.52900755,-1.9791555,1.0,73.60849,0.055794634
2021-10-01 12:00:00,29.104645,25.265198,999.0375,-1.7203045,0.8044943,1.0000001,79.832436,0.0
2021-10-01 18:00:00,26.479126,24.845764,1001.9075,0.78707695,0.72279376,0.96005446,90.764145,0.3233122
2021-10-02 00:00:00,26.129211,24.306366,1000.34564,0.096477866,-1.0111008,0.8892291,89.71727,0.0
2021-10-02 06:00:00,31.742218,24.935577,1000.9944,-0.76842785,-1.5635433,0.9026224,67.30308,0.08259346
2021-10-02 12:00:00,28.550568,25.197968,998.34564,-2.1706104,-0.79853725,0.92155194,82.108345,1.4568263
2021-10-02 18:00:00,26.410614,24.840485,1001.7325,-0.6478739,0.4412403,0.99125713,91.10297,0.0
2021-10-03 00:00:00,26.189392,24.562927,1000.6169,0.6377764,-1.1684399,0.9960448,90.78259,0.0
2021-10-03 06:00:00,29.77713,25.253815,1001.3331,-0.045012355,-2.2952232,0.61382943,76.742325,0.12876353
2021-10-03 12:00:00,28.812775,25.781708,998.27435,-1.248909,0.0881958,0.8073818,83.722206,0.86452305
2021-10-03 18:00:00,25.967438,25.048462,1000.995,1.2373157,-0.120033264,0.98346335,94.687874,0.0
2021-10-04 00:00:00,27.014893,25.19809,999.375,0.9946842,-0.36344814,0.8376039,89.81356,0.0
2021-10-04 06:00:00,31.264313,25.854034,1000.38873,-0.5810385,-1.0610723,0.9888686,73.03695,0.013918288
2021-10-04 12:00:00,29.438995,25.084198,997.3113,-1.4751081,0.99061793,0.9935251,77.465904,0.0
2021-10-04 18:00:00,26.448578,25.116058,1000.63,0.7057918,0.7886349,0.97508067,92.40525,0.0
2021-10-05 00:00:00,26.074219,24.252075,998.4281,2.0215583,0.46755326,0.9919343,89.71705,0.9164437
2021-10-05 06:00:00,28.597015,25.310455,1000.60815,1.0646998,-0.81313705,1.0,82.4372,0.0
2021-10-05 12:00:00,27.463654,25.0307,998.29126,-0.23545367,-0.8976145,1.0,86.61302,1.5611367
2021-10-05 18:00:00,25.640167,24.476562,1000.98627,1.3712883,0.5221504,1.0,93.300316,0.0
2021-10-06 00:00:00,24.937775,23.184235,998.9125,1.4263663,0.960482,0.99476343,90.00657,0.0
2021-10-06 06:00:00,31.167755,23.178192,1000.0044,1.3265746,0.48328716,0.97729564,62.5736,0.11662058
2021-10-06 12:00:00,30.463776,24.893524,996.7506,-0.063988686,1.7416725,0.6125234,72.209015,0.0
2021-10-06 18:00:00,27.35373,24.784271,999.8775,0.4915645,3.047533,0.20324975,85.90009,0.0
2021-10-07 00:00:00,26.78888,24.669464,999.22876,1.0445495,1.0018437,0.45785582,88.18959,0.0
2021-10-07 06:00:00,32.53885,24.740784,1000.07935,1.435638,1.23837,0.3539958,63.593685,0.13141553
2021-10-07 12:00:00,32.302277,24.123566,996.82874,-0.29566556,2.3556328,0.35755485,62.11037,0.0
2021-10-07 18:00:00,28.672424,25.46634,1000.17377,0.5522006,3.0609303,0.9915492,82.841354,0.0004747901
2021-10-08 00:00:00,27.719482,24.235046,999.72437,1.4425853,1.7861955,0.8086945,81.36284,0.0
2021-10-08 06:00:00,31.715729,24.13858,1000.8825,2.2365808,1.0434458,0.9999995,64.26567,0.013072975
2021-10-08 12:00:00,31.208832,24.943665,998.0056,0.6944585,1.6751713,0.7591374,69.40839,1.3863012
2021-10-08 18:00:00,26.758972,24.593536,1001.60187,2.6589644,0.42567825,0.84575295,87.94476,0.0
2021-10-09 00:00:00,25.852234,23.96164,1000.97815,2.5901003,1.6791159,1.0,89.33281,0.64737105
2021-10-09 06:00:00,27.104858,24.854065,1002.83,3.9472113,0.9212665,0.9878726,87.52688,3.489307
2021-10-09 12:00:00,30.69107,23.220215,1000.40125,2.5293121,1.8738308,0.7382552,64.46273,0.0
2021-10-09 18:00:00,27.35147,23.761719,1002.14874,2.1595411,1.6336412,0.9583109,80.80334,0.0
2021-10-10 00:00:00,27.128693,22.60962,1000.85126,2.5072489,0.25549066,0.99999994,76.35939,0.0
2021-10-10 06:00:00,31.91629,24.895782,1001.56,3.7647371,-0.15517902,0.9980223,66.484085,0.0
2021-10-10 12:00:00,31.8956,24.64859,998.1394,1.2412322,1.1222626,0.9925561,65.586624,0.40894747
2021-10-10 18:00:00,26.638275,25.320404,1000.90814,-0.46963483,-0.8495369,0.99999994,92.49611,0.0
2021-10-11 00:00:00,25.484894,23.668182,999.7612,2.3554554,0.49428368,1.0000001,89.70348,0.6496581
2021-10-11 06:00:00,31.054596,25.08606,1000.52,3.6908026,0.4303472,0.9287759,70.61804,0.0
2021-10-11 12:00:00,28.66034,24.228241,997.8075,0.86175984,1.2307725,0.9959287,76.99387,0.91386056
2021-10-11 18:00:00,25.90561,23.914368,1000.0156,2.3948812,0.026883304,0.99999994,88.79823,0.0
2021-10-12 00:00:00,25.641083,23.663025,998.8025,2.4831085,0.1390562,0.99999994,88.84791,1.1113477
2021-10-12 06:00:00,30.172028,25.468292,1000.3931,4.141079,0.30991405,0.93407035,75.9832,0.0
2021-10-12 12:00:00,29.688263,23.382996,997.9244,0.9405093,1.0516572,0.9965387,68.955185,0.0
2021-10-12 18:00:00,26.905914,21.57193,1000.77313,4.0287685,-0.94718266,0.98421127,72.624405,0.0
2021-10-13 00:00:00,25.527863,21.058746,998.7944,3.785406,0.251361,0.70794857,76.34534,0.26267022
2021-10-13 06:00:00,31.563263,23.442017,999.5687,3.7346315,-0.26406908,0.31444526,62.163864,0.0
2021-10-13 12:00:00,31.544281,23.777557,996.40375,1.6135993,0.68681544,0.65594053,63.50171,0.005465001
2021-10-13 18:00:00,27.322418,24.171234,999.8038,0.62903214,1.13221,0.9241905,82.9573,0.0
2021-10-14 00:00:00,27.414886,22.365814,998.4575,2.2010021,-0.10669649,0.9720891,73.98485,0.0
2021-10-14 06:00:00,32.953766,23.849121,998.28564,2.929141,0.18470359,0.58816457,58.891846,0.0
2021-10-14 12:00:00,32.24832,25.786957,995.91815,0.79004425,-0.025762856,0.41695327,68.79777,0.091350175
2021-10-14 18:00:00,27.81311,25.706573,997.605,0.5285974,1.935679,0.9419353,88.34107,0.0
2021-10-15 00:00:00,27.71283,23.720795,995.59564,2.5692778,0.41381955,0.9517707,78.91815,0.0
2021-10-15 06:00:00,32.882965,23.973297,996.0644,2.5397978,1.0480568,0.7117028,59.569817,0.041585416
2021-10-15 12:00:00,31.213837,24.367645,993.9406,-0.70072746,1.5343996,0.98077106,67.040054,0.0
2021-10-15 18:00:00,28.541962,25.55368,996.35126,-0.38316822,2.8633783,0.88944465,83.90527,0.0
2021-10-16 00:00:00,27.997955,24.436157,994.3956,0.49868637,2.3249495,0.77049434,81.02149,0.0
2021-10-16 06:00:00,31.908234,25.740967,995.6281,0.29420316,2.191267,0.61977184,69.94376,0.049225233
2021-10-16 12:00:00,28.153381,24.3779,993.9938,0.5472771,2.024147,0.7901681,80.01127,0.0
2021-10-16 18:00:00,27.139374,24.16983,997.42126,0.5136286,1.2163528,0.9888295,83.84551,0.0001937151
2021-10-17 00:00:00,26.792389,23.684998,995.6775,2.6258793,1.0148461,0.96376795,83.11494,0.0053346157
2021-10-17 06:00:00,31.604767,24.74118,998.8144,4.304885,0.5807807,0.9964667,67.04765,0.026993454
2021-10-17 12:00:00,30.208588,24.347198,996.46436,2.605285,1.7841538,0.9032701,70.91812,0.0
2021-10-17 18:00:00,27.755768,22.88675,999.97186,3.1584253,0.36346668,0.6255132,74.85401,0.0
2021-10-18 00:00:00,27.488617,23.100616,998.935,2.6564074,0.9803011,0.9391439,77.023056,0.0
2021-10-18 06:00:00,32.775787,24.205597,1000.6931,4.4335938,-0.3594799,0.9428922,60.771828,0.0019073486
2021-10-18 12:00:00,32.58737,24.293243,998.7994,1.3451023,0.24763525,0.98420584,61.744076,0.015401969
2021-10-18 18:00:00,27.699432,25.112823,1002.6169,0.996284,1.2820919,0.99021244,85.84583,0.0
2021-10-19 00:00:00,27.254974,23.031158,1001.1188,2.9516249,0.11873549,0.9978398,77.75712,0.0
2021-10-19 06:00:00,33.19571,24.3685,1002.9,2.3681488,-1.213872,0.9892751,59.93627,0.040818006
2021-10-19 12:00:00,31.2565,25.679535,1000.9331,-0.59176916,-0.0939039,0.98225826,72.31747,0.0
2021-10-19 18:00:00,27.460754,25.501587,1004.59064,0.8631049,0.5732451,0.8584921,89.089294,0.9844005
2021-10-20 00:00:00,26.128723,24.529053,1003.1,1.2194276,0.33716515,0.8747477,90.9243,0.0
2021-10-20 06:00:00,31.13504,25.704437,1004.6875,0.7544008,-0.5673008,0.35010934,72.92715,0.19216079
2021-10-20 12:00:00,29.464325,24.803497,1002.15625,-0.7012453,0.6157267,0.4613841,76.06846,0.079374105
2021-10-20 18:00:00,26.615845,25.246887,1005.1925,0.3086133,0.51213753,0.38391596,92.214165,0.9289522
2021-10-21 00:00:00,26.288483,24.472809,1004.21814,0.5504569,0.06895089,0.9767095,89.76736,0.0
2021-10-21 06:00:00,31.920929,24.23941,1005.29126,0.24866807,0.117391825,0.58504224,63.90763,0.0
2021-10-21 12:00:00,29.234528,24.718262,1002.6287,-1.4149122,1.3465683,0.63106054,76.692955,0.0
2021-10-21 18:00:00,26.89981,25.203156,1005.155,-0.5099268,1.123082,0.32207495,90.450264,0.04863739
2021-10-22 00:00:00,26.077972,24.10019,1004.9844,0.049054146,0.94495666,0.5810152,88.88356,0.0
2021-10-22 06:00:00,31.811554,24.713806,1005.22565,-0.17867565,0.8917792,0.6927839,66.15721,0.047073856
2021-10-22 12:00:00,30.855804,24.043427,1002.16376,-1.1098423,0.42382962,0.29598293,67.1052,0.0
2021-10-22 18:00:00,27.199493,25.493408,1006.29,-1.0872059,1.9165378,0.42615756,90.41979,0.07431209
2021-10-23 00:00:00,26.392853,24.137268,1004.46936,0.7354088,0.004490733,0.2743829,87.4398,0.0
2021-10-23 06:00:00,31.563751,24.265076,1006.1269,0.16633892,1.264209,0.8589795,65.31629,0.17871046
2021-10-23 12:00:00,29.832855,24.15033,1003.4819,-0.40990746,1.0379744,0.9551141,71.61526,0.0
2021-10-23 18:00:00,26.837433,24.462006,1006.15936,0.83625734,0.5961489,0.22444892,86.85356,0.0
2021-10-24 00:00:00,26.462036,23.718689,1004.38,2.4854555,-0.03088665,0.51426846,84.9202,0.0
2021-10-24 06:00:00,32.7211,24.070038,1005.52875,1.3120202,-1.1392069,0.95065457,60.46541,0.029182062
2021-10-24 12:00:00,29.534637,24.869751,1003.1231,-2.5767164,-0.6897192,0.9640377,76.060875,0.98373926
2021-10-24 18:00:00,26.09085,24.450714,1006.1875,0.8457136,-0.030599713,1.0,90.70188,0.0
2021-10-25 00:00:00,25.80008,23.958435,1003.46,0.5432226,-1.440279,1.0,89.5921,0.15564287
2021-10-25 06:00:00,30.802643,24.2724,1004.03125,-0.65888786,-2.6929188,0.9960462,68.24034,0.0
2021-10-25 12:00:00,29.866333,23.995178,1001.2875,-1.4848909,-0.7196131,0.2886845,70.814766,0.00019050215
2021-10-25 18:00:00,26.410156,24.170868,1003.8881,-0.91884327,0.36944675,0.77728134,87.526825,0.016385645
2021-10-26 00:00:00,26.008087,24.183197,1001.97626,0.016192436,-1.0648918,0.9938468,89.69748,0.03224785
2021-10-26 06:00:00,30.451447,24.22934,1003.53064,-0.37872028,-1.5463963,0.5887884,69.44542,0.004675761
2021-10-26 12:00:00,29.39798,24.251343,1000.79626,-1.1946507,-0.4605236,0.63105935,73.87872,0.16824146
2021-10-26 18:00:00,26.813202,24.414062,1003.8569,0.13257217,-0.912446,0.38252783,86.72815,0.0
2021-10-27 00:00:00,26.332855,24.17572,1002.40875,0.28134823,-1.2806149,0.5853809,87.95268,0.057788145
2021-10-27 06:00:00,30.42508,25.15976,1003.66565,-0.8788519,-2.559432,0.29797232,73.52693,0.0
2021-10-27 12:00:00,28.955353,23.956116,1000.95435,-1.6981592,-0.79794025,0.9076137,74.46215,0.63799936
2021-10-27 18:00:00,26.40799,24.104523,1003.2681,-0.69393253,-1.0727777,0.969115,87.19023,0.0
2021-10-28 00:00:00,26.347504,23.456635,1002.27,0.9927897,-1.1712809,0.96842116,84.156586,0.0
2021-10-28 06:00:00,29.4357,23.61856,1003.4394,-0.7575846,-3.508027,1.0,70.967255,0.11141808
2021-10-28 12:00:00,28.18045,22.756012,1001.1325,-0.022771418,-2.6988897,0.9866876,72.44645,0.0
2021-10-28 18:00:00,26.175842,22.395905,1003.51,0.6955166,-1.6116571,0.94490594,79.72514,0.0
2021-10-29 00:00:00,25.682373,22.38742,1002.6,0.687479,-1.4597168,0.99999994,82.04664,0.0
2021-10-29 06:00:00,27.034698,24.660309,1004.455,0.079826355,-2.0047503,1.0000002,86.87691,0.4432886
2021-10-29 12:00:00,27.695282,24.979034,1002.2725,-0.9427223,-1.889452,0.99556416,85.184685,0.0
2021-10-29 18:00:00,25.212738,24.431213,1005.2569,-1.3488073,-2.8254786,0.9859719,95.44136,0.0031762943
2021-10-30 00:00:00,25.149384,24.21167,1004.115,-0.6354437,-2.5790539,1.0,94.54995,0.5566554
2021-10-30 06:00:00,29.430206,24.694214,1005.295,-1.2751245,-2.7854977,0.86309135,75.72242,0.0
2021-10-30 12:00:00,28.217651,24.950104,1002.9856,-1.2455654,-1.8474407,0.99955463,82.48585,0.0
2021-10-30 18:00:00,25.33725,24.515228,1004.26935,-0.28847027,-2.5388746,1.0000001,95.21453,0.9417856
2021-10-31 00:00:00,25.841888,24.48703,1003.74,0.012155533,-2.127349,0.9999999,92.248795,0.0
2021-10-31 06:00:00,28.105377,25.61203,1004.72437,-1.2745695,-3.3294048,0.9991215,86.36208,0.16905724
2021-10-31 12:00:00,25.804047,24.904785,1002.8144,-0.9390011,-1.877574,1.0,94.79301,1.5436889
2021-10-31 18:00:00,24.632477,24.049042,1004.28,-0.8324766,-3.0728884,0.99999994,96.56464,1.8286965
2021-11-01 00:00:00,24.453705,23.81311,1002.64624,-0.4050951,-2.4351673,0.9999982,96.22877,0.0
2021-11-01 06:00:00,28.571075,25.963287,1003.8,-1.9057446,-3.043909,0.99999994,85.822556,0.0
2021-11-01 12:00:00,27.158508,24.606598,1000.9625,-1.1340265,-1.5322361,0.9818582,85.971275,0.46021664
2021-11-01 18:00:00,25.13675,24.296356,1004.4462,-1.5930176,-1.9466753,1.0,95.102745,0.0
2021-11-02 00:00:00,25.451996,24.188904,1002.48065,-1.1761751,-1.5675869,1.0,92.736374,0.0
2021-11-02 06:00:00,27.365082,25.046051,1003.40125,-3.6938248,-1.4669685,0.9286421,87.19416,0.1152972
2021-11-02 12:00:00,27.245667,24.85968,1001.16187,-1.1021519,-0.85659134,0.9752711,86.83594,0.0
2021-11-02 18:00:00,24.83371,24.288208,1004.5062,-0.630538,-0.783473,0.9999997,96.7896,1.625068
2021-11-03 00:00:00,24.309418,23.82837,1002.52,0.15783691,-2.9308357,1.0000002,97.15318,0.0
2021-11-03 06:00:00,25.755157,24.78482,1004.8638,-0.3952856,-2.2370853,1.0,94.38977,0.0
2021-11-03 12:00:00,26.364471,24.45642,1001.4319,-0.622386,-1.9231167,1.0,89.27796,0.58488315
2021-11-03 18:00:00,24.881622,24.257935,1004.1756,-0.49978065,-1.4474449,1.0,96.3382,0.0
2021-11-04 00:00:00,24.832184,23.964722,1002.72626,0.07850951,-1.5006561,1.0,94.93736,0.1865037
2021-11-04 06:00:00,29.222443,24.037506,1003.83374,-0.82050514,-2.3962135,0.9975639,73.67995,0.0
2021-11-04 12:00:00,27.731781,25.025879,1001.21936,-1.3035488,0.056476593,0.9945233,85.24094,0.28877264
2021-11-04 18:00:00,24.67508,24.260803,1004.385,0.1864059,0.41380978,0.9646014,97.55066,0.0
2021-11-05 00:00:00,24.801117,24.029236,1002.5225,1.2083087,0.49185902,1.0000005,95.48295,0.5108536
2021-11-05 06:00:00,28.455536,23.958649,1004.0588,1.20749,-0.41891384,0.99999976,76.664314,0.0
2021-11-05 12:00:00,29.2341,24.12091,1001.01373,0.06436062,0.58278906,0.9795313,73.99993,1.5653553
2021-11-05 18:00:00,25.077545,24.085022,1003.1956,0.16914314,1.303241,0.9978761,94.23659,0.0
2021-11-06 00:00:00,25.710175,24.35147,1001.47064,0.63047695,-0.57281876,0.98965263,92.22022,0.0
2021-11-06 06:00:00,30.184845,25.44107,1002.3544,1.8601562,-1.4496536,0.9633237,75.80461,0.031459015
2021-11-06 12:00:00,28.988312,25.000214,999.2175,-0.0011081696,-0.74018764,0.94000465,79.11302,2.235603
2021-11-06 18:00:00,25.390839,24.486847,1001.6731,0.5504272,0.32391644,0.998023,94.75055,0.0
2021-11-07 00:00:00,24.526886,23.574005,1000.1856,1.0312816,0.39438057,0.99915797,94.43886,0.0
2021-11-07 06:00:00,28.085205,24.454163,1002.15814,2.6278105,-0.9045172,0.99999994,80.6974,0.0
2021-11-07 12:00:00,28.23703,23.621643,999.57623,0.26108515,-3.8030014,0.99927837,76.08639,0.078399196
2021-11-07 18:00:00,25.07962,23.08786,1002.3175,1.3509817,-3.1092358,0.9991212,88.73011,1.3726547
2021-11-08 00:00:00,24.4758,23.267303,1000.72815,1.1028099,-3.47921,1.0000002,92.9913,3.0600839
2021-11-08 06:00:00,25.580658,24.453522,1003.5087,1.5770521,-2.11127,0.9999986,93.50138,0.0
2021-11-08 12:00:00,25.512604,23.48172,1001.57935,0.71938515,-2.927454,0.9999998,88.55528,0.24497437
2021-11-08 18:00:00,24.079926,22.933746,1003.5613,1.10361,-2.478344,0.9966072,93.322784,0.0
2021-11-09 00:00:00,24.230316,22.513855,1001.9344,1.6398754,-2.04144,0.9991212,90.15908,3.4206996
2021-11-09 06:00:00,23.263641,21.866302,1003.78375,1.9632368,-3.2807083,1.0,91.86523,0.76535916
2021-11-09 12:00:00,24.776764,22.17221,1001.5175,2.2942648,-1.5948582,1.0,85.463936,0.0
2021-11-09 18:00:00,23.589142,22.249115,1003.48065,2.0121002,-2.231409,1.0,92.20546,1.6423508
2021-11-10 00:00:00,22.891632,21.506805,1002.6831,3.1479053,-0.64882565,1.0,91.91373,0.28809285
2021-11-10 06:00:00,24.814941,22.605804,1001.53186,2.7000656,-3.1176004,1.0,87.54715,0.0
2021-11-10 12:00:00,25.363007,22.199066,999.3044,0.9056879,-2.491498,1.0,82.66489,0.0
2021-11-10 18:00:00,23.811981,22.713226,1000.8644,1.0939602,-0.7064066,1.0,93.57866,0.3570403
2021-11-11 00:00:00,23.7294,21.719849,998.2675,3.6180048,0.6148071,1.0000005,88.52582,0.0
2021-11-11 06:00:00,29.194244,22.33664,998.19,5.3131647,-0.6306181,1.0,66.59064,0.0
2021-11-11 12:00:00,27.766388,21.670074,995.8744,1.9152346,-0.7642908,0.9999969,69.46911,0.00029802322
2021-11-11 18:00:00,25.271881,21.437286,998.0494,2.287532,1.1502885,1.0000012,79.33652,0.14893407
2021-11-12 00:00:00,24.747284,22.627655,997.8731,2.3697834,0.5103464,0.99999994,88.01827,0.04939349
2021-11-12 06:00:00,27.633087,23.294403,999.4906,3.442624,-0.26688576,0.99915445,77.27454,0.0
2021-11-12 12:00:00,27.368103,23.667633,998.56,1.1468132,0.56719625,0.91700745,80.26869,0.0
2021-11-12 18:00:00,25.490082,23.787872,1000.90436,0.5175747,1.4077522,0.944683,90.32423,0.008581646
2021-11-13 00:00:00,25.063263,23.985931,1000.22815,0.4994151,1.1005961,0.915266,93.75721,0.0
2021-11-13 06:00:00,29.86325,23.593842,1001.6206,1.280454,0.88796985,0.9944286,69.13766,0.06476346
2021-11-13 12:00:00,29.344543,24.9794,999.21686,0.189188,2.1401768,0.9999997,77.4043,0.15520795
2021-11-13 18:00:00,25.988861,24.998383,1001.8169,0.7301469,1.234659,0.99359703,94.28597,1.957547
2021-11-14 00:00:00,26.16217,24.46817,1000.22626,1.502507,0.598959,0.99043566,90.414635,0.0
2021-11-14 06:00:00,28.712982,24.510529,1001.98376,0.33333915,0.3579234,1.0,78.068146,0.0
2021-11-14 12:00:00,29.399628,25.136932,998.9844,-0.013217926,0.8183655,1.0,77.886375,0.7960495
2021-11-14 18:00:00,26.160614,25.13797,1001.65186,-0.6386719,0.60462767,0.7007114,94.112625,0.0
2021-11-15 00:00:00,25.66513,24.282166,999.7369,1.4592485,-0.64627403,1.0000002,92.08372,0.0
2021-11-15 06:00:00,30.453888,24.91278,1000.1044,1.8994461,-1.3006363,0.9644402,72.333,0.07078028
2021-11-15 12:00:00,28.758575,24.909698,997.6625,-0.48364258,1.1308813,0.9880098,79.7414,1.6447326
2021-11-15 18:00:00,25.495148,24.452576,1000.16,-0.14785141,0.04214418,0.99015206,93.972084,0.0
2021-11-16 00:00:00,25.374847,24.426514,998.9294,-0.13488007,-0.26274884,0.9915946,94.49875,0.0
2021-11-16 06:00:00,30.568146,24.661835,1000.90686,-0.28086185,0.40747178,0.98289925,70.79257,0.12672998
2021-11-16 12:00:00,27.769836,24.994232,998.4288,-0.95657635,0.9355479,1.0000001,84.8913,0.8403378
2021-11-16 18:00:00,25.858429,24.97168,1002.0669,-0.5680189,-0.703351,1.0000001,94.86584,0.0
2021-11-17 00:00:00,25.487762,24.243103,1000.4775,0.3194976,-1.1981287,0.9991583,92.8408,0.0
2021-11-17 06:00:00,29.735992,25.616028,1002.6394,-0.23651886,-2.2187185,0.99999994,78.5981,0.21417736
2021-11-17 12:00:00,25.141022,24.21228,1000.98065,-0.5698633,-1.7640314,1.0,94.6005,0.7712739
2021-11-17 18:00:00,24.538422,23.848022,1002.6069,1.8619332,-0.93417645,1.0,95.94338,0.0
2021-11-18 00:00:00,24.160248,23.116028,999.33813,1.3264195,-2.0206718,1.0,93.9041,0.0
2021-11-18 06:00:00,26.528778,23.52414,999.45123,4.614959,-0.98532104,1.0,83.60113,0.022405215
2021-11-18 12:00:00,26.27768,22.962921,996.3212,4.472584,0.30706525,1.0000001,82.02043,0.21616268
2021-11-18 18:00:00,25.601349,22.61203,997.7438,4.4021006,2.5612159,0.9693065,83.5747,0.0
2021-11-19 00:00:00,25.696136,22.77475,996.21,2.2564926,2.2115593,0.9775421,83.93038,0.0
2021-11-19 06:00:00,30.483246,23.980804,997.5538,2.11434,2.0541172,0.447003,68.29268,0.0
2021-11-19 12:00:00,28.210236,25.87381,995.14185,0.45095497,1.1182444,0.7751765,87.17899,1.0962203
2021-11-19 18:00:00,26.421295,24.963593,998.02563,0.11150265,0.8955279,0.97421676,91.71678,0.0
2021-11-20 00:00:00,25.991913,25.10904,997.28687,-0.32227176,0.12317419,0.9812131,94.89271,0.003625363
2021-11-20 06:00:00,30.918732,25.187958,999.70435,2.148262,0.63720965,0.61643136,71.60072,0.16310991
2021-11-20 12:00:00,29.722076,25.401642,997.83435,0.2953732,0.98990875,0.35274392,77.66579,3.0251307
2021-11-20 18:00:00,24.841278,23.875519,1001.2562,-0.20210654,1.3170469,0.94897074,94.378456,0.0
2021-11-21 00:00:00,25.526215,23.94934,999.6937,1.0082177,-0.21907616,0.24688148,91.009926,0.0
2021-11-21 06:00:00,30.368927,24.092743,1002.5681,0.4029503,-1.5318346,0.6562579,69.204994,0.01927909
2021-11-21 12:00:00,29.776093,24.364563,1000.78125,-1.2582178,0.3624159,0.9149658,72.77834,0.039684802
2021-11-21 18:00:00,26.57251,24.865143,1003.6356,-0.1534096,0.9215776,0.9899674,90.370316,0.0
2021-11-22 00:00:00,26.25354,24.918976,1002.5513,0.53566265,-1.541976,0.86707985,92.38337,0.3601555
2021-11-22 06:00:00,29.833527,25.43814,1003.965,0.018904686,-3.6266642,0.8120678,77.3368,0.0
2021-11-22 12:00:00,27.513275,25.1409,1001.34814,-1.9982576,-1.1327257,0.9720118,86.93073,0.6625203
2021-11-22 18:00:00,25.741974,24.666779,1004.03436,-0.58426666,-1.7000198,0.99871904,93.79974,0.0
2021-11-23 00:00:00,25.609772,24.100891,1001.96436,-0.04843521,-2.2630777,0.98950034,91.387596,0.0
2021-11-23 06:00:00,30.782867,24.296844,1003.3088,-1.5819731,-2.9864283,0.8972223,68.41765,0.18155581
2021-11-23 12:00:00,28.68155,24.888306,1000.5644,-1.4916887,-0.649251,1.0000002,79.9963,0.0
2021-11-23 18:00:00,26.521759,24.606018,1003.23315,-0.6528702,-2.1597233,1.0,89.24874,0.0042906404
2021-11-24 00:00:00,25.76474,24.19403,1001.7469,0.21422672,-3.1019526,0.9835681,91.05887,0.0
2021-11-24 06:00:00,29.279083,23.073883,1003.5094,-1.0873594,-3.687377,1.0,69.29554,0.0004827818
2021-11-24 12:00:00,27.51535,24.719208,1001.77936,-0.68042374,0.50459194,1.0,84.76095,0.50328344
2021-11-24 18:00:00,25.761902,25.008484,1003.78876,0.031640053,-1.7581892,0.9948738,95.619675,0.0
2021-11-25 00:00:00,25.382751,24.413116,1001.53314,-0.089702606,-3.4835129,0.9991212,94.37857,0.025621846
2021-11-25 06:00:00,27.897675,25.843597,1002.6962,-2.9283018,-4.3531294,1.0,88.62302,0.22499573
2021-11-25 12:00:00,26.096405,24.382568,1001.52185,-2.6124382,-2.9227057,1.0000014,90.302864,0.08707246
2021-11-25 18:00:00,24.40274,23.872498,1004.1981,-1.592309,-2.3593435,1.0000001,96.86825,0.0
2021-11-26 00:00:00,24.585602,23.834412,1002.0062,-0.17010498,-2.6064415,1.0,95.59471,0.0
2021-11-26 06:00:00,26.463226,24.631256,1003.8669,-1.729639,-3.6648655,1.0000001,89.69253,0.7183538
2021-11-26 12:00:00,25.519043,23.710663,1002.10315,-1.3436975,-2.4170809,1.0,89.75098,0.48415542
2021-11-26 18:00:00,24.698517,23.848999,1003.78815,-0.77861214,-3.3294554,0.99955463,95.03494,0.0
2021-11-27 00:00:00,24.161835,22.927582,1002.33,-0.9999647,-3.01962,1.0,92.830505,2.360415
2021-11-27 06:00:00,24.886017,23.50174,1003.83,-0.5099888,-4.144602,1.0,92.0321,0.0
2021-11-27 12:00:00,25.885376,23.879456,1001.8162,-1.4122391,-2.7439613,0.99999994,88.71831,1.475329
2021-11-27 18:00:00,24.454498,24.056091,1004.02875,-1.2883282,-2.422368,0.99999934,97.63969,0.0
2021-11-28 00:00:00,24.474274,23.7529,1002.4931,-1.2267399,-2.891756,1.0,95.76279,0.0
2021-11-28 06:00:00,27.699554,23.993652,1004.1669,-1.3641243,-3.04146,1.0000002,80.286,0.5421964
2021-11-28 12:00:00,25.43451,23.53949,1002.19,-1.9599943,-2.433072,0.9911617,89.27753,1.5451529
2021-11-28 18:00:00,23.724518,23.171295,1004.82874,-1.6862278,-2.4898434,1.0000004,96.718094,0.0
2021-11-29 00:00:00,23.74704,22.82846,1003.685,-0.3741808,-1.9237499,0.98570645,94.603645,0.0
2021-11-29 06:00:00,26.97464,24.595123,1005.8844,-1.7238741,-1.8301048,1.0,86.84481,0.49530262
2021-11-29 12:00:00,27.173553,24.24643,1002.8925,-1.9294634,-1.304946,0.9926029,84.062836,0.0
2021-11-29 18:00:00,24.85196,23.924438,1005.1281,-1.6701069,-1.5643072,0.9942598,94.59608,0.098844126
2021-11-30 00:00:00,24.55423,23.447723,1004.0563,-1.1842852,-2.0117226,0.93705773,93.56937,0.23277044
2021-11-30 06:00:00,29.932404,25.19455,1005.84314,-1.384491,-1.4154625,0.9751331,75.79214,0.0
2021-11-30 12:00:00,28.053009,24.858185,1002.1887,-1.976573,-0.43751717,0.20870197,82.82529,0.0
2021-11-30 18:00:00,25.135254,24.5224,1005.8725,-0.7176037,-1.7136087,0.16681248,96.40749,0.0
2021-12-01 00:00:00,25.420624,23.778961,1004.005,-1.0498648,-2.5090332,0.8944387,90.64918,0.0
2021-12-01 06:00:00,29.309113,24.479492,1004.34937,-2.5320005,-2.6634073,0.41862077,75.28062,0.12682661
2021-12-01 12:00:00,28.093048,24.255432,1001.9875,-1.8759956,-0.5808039,0.60467124,79.70589,0.0
2021-12-01 18:00:00,25.129517,24.053284,1005.2325,-0.31911182,-1.2156878,0.2865758,93.766396,0.008291639
2021-12-02 00:00:00,25.108002,23.477112,1003.6881,-0.18588257,-1.8355818,0.7722925,90.68727,0.0
2021-12-02 06:00:00,29.426788,23.316803,1004.57,-1.4202709,-3.5041542,0.67630684,69.723236,0.1380803
2021-12-02 12:00:00,28.491089,23.147003,1001.77563,-1.772706,-1.5679579,0.40730202,72.85354,0.0
2021-12-02 18:00:00,25.103607,23.046844,1005.0037,-1.705307,-0.8155699,0.6572757,88.38382,0.0
2021-12-03 00:00:00,24.35672,22.253021,1003.385,0.62023884,-1.095912,0.9659642,88.07066,0.0
2021-12-03 06:00:00,30.07132,21.751709,1005.1894,-0.02210176,-2.1066866,0.98902637,61.091698,0.0
2021-12-03 12:00:00,30.043121,24.131256,1002.46814,-0.3229885,-1.0018663,0.83468777,70.673904,0.0
2021-12-03 18:00:00,25.180023,22.751373,1004.8069,-1.2283669,-0.22963428,0.40257543,86.42195,0.0
2021-12-04 00:00:00,25.032501,22.99649,1003.97687,0.5462227,0.25501537,0.88610417,88.489105,0.0
2021-12-04 06:00:00,29.495209,22.853455,1005.8731,0.58108544,-0.7845211,0.6728257,67.52935,0.014021993
2021-12-04 12:00:00,28.098267,24.238983,1002.90186,-0.4527321,-0.312459,0.23729193,79.6031,0.0
2021-12-04 18:00:00,25.335175,23.928467,1005.46625,0.4945475,1.3851484,0.13345547,91.93373,0.0007628114
2021-12-05 00:00:00,25.665619,24.083282,1004.2413,0.96659285,0.92014396,0.42139614,90.98901,0.0
2021-12-05 06:00:00,31.558014,24.36377,1004.7369,1.1024687,-0.3306787,0.08153324,65.72515,0.061605774
2021-12-05 12:00:00,30.678497,25.654327,1001.28314,-0.85881805,-0.32011127,0.37703195,74.63035,0.05533854
2021-12-05 18:00:00,26.471344,25.308716,1004.6788,0.3306408,0.8696445,0.51284444,93.345695,0.0
2021-12-06 00:00:00,25.248444,24.075531,1003.4906,1.1778879,0.8260204,0.9427238,93.229256,0.0
2021-12-06 06:00:00,29.795868,23.451874,1005.29126,0.61361426,-0.88048935,0.90303016,68.81472,0.05207189
2021-12-06 12:00:00,28.442627,24.55066,1002.78937,-0.4718399,-0.34528124,0.7723426,79.49392,0.7995142
2021-12-06 18:00:00,25.732819,24.902924,1004.8006,-0.006590843,0.18873376,0.97959554,95.18355,0.0
2021-12-07 00:00:00,26.052948,24.581573,1004.0613,0.089271545,-0.9634733,0.8610977,91.62007,0.0
2021-12-07 06:00:00,30.446686,23.892792,1005.315,-1.985259,-2.158352,0.52659094,68.07475,0.14113635
2021-12-07 12:00:00,29.415619,23.261536,1002.5637,-1.6465034,-1.0724449,0.83877575,69.53573,0.0
2021-12-07 18:00:00,25.339447,23.484741,1004.85065,-1.4620743,-1.2352314,0.047276545,89.48766,0.0
2021-12-08 00:00:00,25.293304,23.99765,1004.04315,0.23430634,-2.3683786,0.84061086,92.546875,0.0
2021-12-08 06:00:00,29.880524,23.756195,1005.28625,-1.96735,-3.3394842,0.4569409,69.74757,0.24718948
2021-12-08 12:00:00,29.612091,23.924591,1003.21313,-1.4677362,-1.6156244,0.087675296,71.55472,0.0
2021-12-08 18:00:00,25.816498,24.531372,1005.3106,-1.3619423,-1.3414927,0.017375216,92.63316,0.0
2021-12-09 00:00:00,26.342804,24.472656,1004.91187,-1.0019073,-2.291603,0.94531095,89.4791,0.046459965
2021-12-09 06:00:00,28.069733,25.019012,1006.9375,-1.0871639,-2.1611376,0.97331357,83.54221,0.16905901
2021-12-09 12:00:00,28.457,23.683289,1004.72375,-1.3975315,-0.9842882,0.3166865,75.398575,0.0
2021-12-09 18:00:00,24.915558,23.928558,1007.2056,-1.3553085,-1.8098803,0.65448874,94.26108,0.0020079315
2021-12-10 00:00:00,24.772125,23.039581,1005.9387,-0.49230957,-2.7144823,0.8476902,90.10924,0.0
2021-12-10 06:00:00,29.977875,24.08023,1007.4506,-1.8103418,-4.208082,0.87740034,70.722404,0.16337545
2021-12-10 12:00:00,29.46054,23.012115,1004.72375,-2.2626858,-1.997325,0.20726168,68.3177,0.0
2021-12-10 18:00:00,25.62619,24.100311,1006.9969,-1.5387077,-2.6460905,0.31022614,91.295395,0.0009573996
2021-12-11 00:00:00,25.477844,23.43982,1005.3669,-0.5390768,-2.9440126,0.35635078,88.51438,0.0
2021-12-11 06:00:00,29.733307,25.138214,1006.8862,-1.9625587,-3.7111778,0.8831884,76.40848,0.05884
2021-12-11 12:00:00,28.173798,24.129517,1004.20685,-2.7128181,-2.8332615,0.1815787,78.73493,0.16467741
2021-12-11 18:00:00,25.256378,23.725098,1007.265,-1.817503,-2.8659468,0.39174902,91.24274,0.0
2021-12-12 00:00:00,24.22171,23.149109,1005.6906,-0.2988901,-3.3825827,0.38979638,93.74584,0.0
2021-12-12 06:00:00,28.871857,24.02182,1007.02563,-2.2436514,-3.6582518,0.8813721,75.11903,0.09747695
2021-12-12 12:00:00,27.857758,24.166534,1004.1975,-2.266304,-2.3641615,0.31754166,80.37749,0.013060197
2021-12-12 18:00:00,24.712006,23.554474,1006.47125,-1.1801414,-2.91461,0.9636859,93.289444,0.0
2021-12-13 00:00:00,24.643585,23.312561,1004.70374,-0.63770676,-3.1594315,0.6815066,92.31464,0.0
2021-12-13 06:00:00,28.727997,24.794647,1006.42,-1.9680281,-3.727889,0.8970786,79.33624,0.052652437
2021-12-13 12:00:00,28.07248,23.569397,1003.21686,-2.4523973,-2.6089296,0.25796366,76.57765,0.0
2021-12-13 18:00:00,24.55539,22.986725,1005.53314,-1.7330503,-3.0152655,1.0000017,90.992645,0.010872802
2021-12-14 00:00:00,24.47052,22.925415,1004.2475,-0.880394,-3.4276724,0.7765901,91.11708,0.0
2021-12-14 06:00:00,28.52774,24.331207,1005.90314,-2.6539898,-4.029896,0.84225786,78.06927,0.030511193
2021-12-14 12:00:00,26.438568,23.138733,1003.1744,-1.7667923,-3.2956905,0.91130257,82.11404,0.0
2021-12-14 18:00:00,24.993073,22.821198,1006.15814,-1.36794,-2.6625881,1.0000005,87.7607,0.0
2021-12-15 00:00:00,24.773712,22.513916,1004.65436,-1.0508003,-3.1955795,0.7747404,87.27467,0.0
2021-12-15 06:00:00,28.700531,22.915497,1006.4456,-3.0045166,-4.4656954,0.9819804,70.97192,0.17403446
2021-12-15 12:00:00,27.803802,22.390594,1003.72,-2.162321,-2.406721,0.6178105,72.43027,0.0
2021-12-15 18:00:00,25.349518,22.138885,1006.8206,-1.3815699,-2.9946566,0.9637116,82.428566,0.0
2021-12-16 00:00:00,25.138092,21.80722,1005.47,-0.21239853,-3.8214445,0.99122125,81.80072,0.0
2021-12-16 06:00:00,28.693695,21.238312,1007.46124,-1.9877481,-4.7037926,0.6620141,64.10136,0.0001899898
2021-12-16 12:00:00,28.284637,21.65805,1004.5,-2.337144,-1.8591328,0.3000098,67.35209,0.0
2021-12-16 18:00:00,24.73294,21.216217,1007.4375,-1.1882648,-3.0205994,0.1683103,80.82457,0.0
2021-12-17 00:00:00,24.398956,20.449951,1006.2019,-0.5519705,-3.6387787,0.5569268,78.6587,0.0
2021-12-17 06:00:00,29.189545,20.316132,1007.88,-1.3864794,-4.0981264,0.158996,58.850224,0.0
2021-12-17 12:00:00,28.259491,21.659027,1004.95123,-2.3034563,-1.7515583,0.9848955,67.45474,0.0
2021-12-17 18:00:00,24.67221,21.729462,1007.6244,-1.4913254,-2.791092,0.20305464,83.707825,0.0
2021-12-18 00:00:00,23.588531,20.246246,1005.72375,-0.34666634,-3.4885406,0.25850338,81.55064,0.0
2021-12-18 06:00:00,28.434052,21.204865,1007.15063,-1.2280903,-4.4123173,0.2263822,64.94175,0.0
2021-12-18 12:00:00,28.004456,20.982544,1004.02936,-2.3200207,-2.2604885,0.01297801,65.68362,0.0
2021-12-18 18:00:00,24.20346,20.966553,1007.71,-1.6966219,-2.8775368,0.07024038,82.15819,0.0
2021-12-19 00:00:00,22.907135,18.826508,1006.8187,0.0062799454,-3.472353,0.1003169,77.802925,0.0
2021-12-19 06:00:00,28.4664,20.578766,1008.2656,-2.3128052,-4.2002134,0.541525,62.371605,0.00019185245
2021-12-19 12:00:00,27.735474,20.263275,1005.5756,-2.06277,-2.048787,0.16649647,63.830345,0.0
2021-12-19 18:00:00,22.937897,19.597565,1008.7344,-0.82494736,-2.6962242,0.0025634766,81.47856,0.0
2021-12-20 00:00:00,21.96585,19.097748,1007.1969,0.5888834,-2.828908,0.023529006,83.79015,0.0
2021-12-20 06:00:00,28.628693,19.916473,1008.4525,-2.6521358,-4.16325,0.3066975,59.30889,0.0
2021-12-20 12:00:00,28.162048,19.810577,1005.2444,-2.0414019,-1.7656441,0.22857037,60.541374,0.0
2021-12-20 18:00:00,23.182404,20.875702,1008.0181,-0.7748356,-1.9457474,0.04544723,86.88075,0.0
2021-12-21 00:00:00,22.524323,19.638214,1006.83875,0.35571098,-2.8733988,0.006288138,83.75912,0.0
2021-12-21 06:00:00,28.853241,20.792633,1008.7394,-1.2896128,-3.0185719,0.14794698,61.795776,0.0
2021-12-21 12:00:00,28.387787,20.573517,1005.695,-1.4726,-1.0366135,0.07982254,62.637,0.0
2021-12-21 18:00:00,23.067413,20.89975,1007.6956,-1.4844532,-1.2990093,0.0,87.616425,0.0
2021-12-22 00:00:00,22.457184,20.85019,1006.24,-0.06961918,-2.0453796,0.0,90.64212,0.0
2021-12-22 06:00:00,28.255402,21.010223,1007.60187,-1.7302809,-2.8151054,0.30267447,64.840576,0.0
2021-12-22 12:00:00,27.80661,20.204193,1004.3625,-1.3269415,-0.8115282,0.22632419,63.33401,0.0
2021-12-22 18:00:00,21.478546,19.555145,1006.5613,-1.8467617,-0.6002445,0.0,88.8151,0.0
2021-12-23 00:00:00,20.786652,19.002472,1005.5062,-0.33498955,-1.8148298,0.0,89.53424,0.0
2021-12-23 06:00:00,28.116302,19.561615,1007.06,-1.443574,-1.8082371,0.0015583038,59.772266,0.0
2021-12-23 12:00:00,27.66867,19.907928,1004.3106,-1.4924259,-1.045598,0.0019779205,62.68657,0.0
2021-12-23 18:00:00,20.837921,19.071045,1006.37,-1.9223766,-0.7745552,0.0,89.634766,0.0
2021-12-24 00:00:00,20.348053,18.345184,1005.02563,0.3888445,-1.615591,0.0062332153,88.283356,0.0
2021-12-24 06:00:00,28.507233,20.590302,1007.34064,-1.6654081,-1.9558563,0.40580454,62.268074,0.0
2021-12-24 12:00:00,28.240448,20.295044,1004.5425,-1.5051861,-0.86012745,0.0,62.09989,0.0
2021-12-24 18:00:00,22.174652,20.372284,1006.7425,-1.768858,-0.71706486,0.0,89.53739,0.0
2021-12-25 00:00:00,20.681305,19.228882,1005.90686,0.29817772,-1.753231,0.0014343262,91.39758,0.0
2021-12-25 06:00:00,28.105133,20.578949,1007.3256,-1.7729721,-1.7164221,0.21655881,63.697315,0.0
2021-12-25 12:00:00,28.239532,20.233795,1004.965,-1.8910408,-0.5350838,0.071632385,61.868607,0.0
2021-12-25 18:00:00,21.568634,19.721863,1007.6269,-1.5476074,-1.0668659,0.0,89.245735,0.0
2021-12-26 00:00:00,21.0336,19.499603,1006.1987,0.38196278,-1.6707621,0.007904053,90.9574,0.0
2021-12-26 06:00:00,28.779938,20.286224,1008.52,-2.255474,-2.0174809,0.5842645,60.151093,0.0
2021-12-26 12:00:00,28.285614,20.088043,1006.0538,-2.4240646,-0.9572067,0.04297257,61.149303,0.0
2021-12-26 18:00:00,22.650665,20.985138,1009.1425,-0.92287445,-1.6174374,0.0008392334,90.329704,0.0
2021-12-27 00:00:00,22.184357,20.343903,1008.04626,0.0643301,-1.9967966,0.16006356,89.32783,0.0
2021-12-27 06:00:00,29.222198,21.184052,1008.9931,-2.9095135,-1.8052578,0.6890715,61.96295,0.0011445954
2021-12-27 12:00:00,28.672089,20.888885,1005.8119,-2.2669497,-0.9901371,0.03705445,62.81913,0.0
2021-12-27 18:00:00,23.789825,21.497894,1007.66376,-1.1656141,-1.6386652,0.14996433,87.01524,0.0
2021-12-28 00:00:00,23.185333,21.135773,1006.5075,-0.09749508,-2.231349,0.29706508,88.26452,0.0
2021-12-28 06:00:00,29.259308,22.200287,1008.1219,-2.5469294,-2.0370502,0.38763064,65.79254,0.006581167
2021-12-28 12:00:00,28.151825,21.914429,1005.16626,-2.3279572,-1.4996004,0.39240763,68.94611,0.0
2021-12-28 18:00:00,23.766632,22.054657,1006.385,-0.9531841,-1.5756483,0.1081631,90.15111,0.0
2021-12-29 00:00:00,23.428131,21.631226,1005.4625,-0.06682968,-1.769517,0.7670419,89.66061,0.0014305115
2021-12-29 06:00:00,29.69522,21.725616,1007.155,-1.9542418,-2.1388454,0.60434574,62.327957,0.0008577481
2021-12-29 12:00:00,28.771698,21.122284,1004.3137,-2.8014421,-1.3257399,0.6053616,63.359337,0.0
2021-12-29 18:00:00,24.18216,21.16922,1006.77625,-1.0220633,-2.7339878,0.3394463,83.29345,0.0
2021-12-30 00:00:00,23.819489,20.813324,1005.8025,-0.6286001,-2.6852055,0.35811132,83.28652,0.00028905136
2021-12-30 06:00:00,27.679596,22.44638,1007.8869,-3.2026863,-2.9242296,0.9105463,73.205574,0.2303568
2021-12-30 12:00:00,26.16275,22.758942,1005.3069,-2.4565754,-2.2224522,0.49436706,81.565025,0.52247775
2021-12-30 18:00:00,23.622864,22.661072,1008.2444,-0.5735798,-3.318098,0.9920004,94.35106,0.0
2021-12-31 00:00:00,23.13565,22.101166,1006.84814,-0.5288124,-3.4542189,0.98845434,93.91415,0.0009435533
2021-12-31 06:00:00,27.400116,23.954865,1009.03,-1.0012903,-3.618393,1.0000044,81.51467,0.04217537
2021-12-31 12:00:00,25.272522,23.05777,1006.4175,-2.7926455,-2.1013956,0.7639015,87.55726,0.41703504
2021-12-31 18:00:00,23.237091,22.520111,1008.91815,-1.5659704,-3.1484928,0.996045,95.7497,0.0
2022-01-01 00:00:00,23.590607,22.501678,1007.20935,-0.4308033,-3.4072561,0.9991225,93.62418,0.0
2022-01-01 06:00:00,25.86972,23.91449,1009.245,-1.0361156,-3.5903864,0.6876006,88.987854,0.0
2022-01-01 12:00:00,24.81427,22.859467,1006.7644,-2.3365898,-2.5419016,0.62791973,88.90789,0.0
2022-01-01 18:00:00,23.163605,22.497986,1009.085,-1.451539,-2.9868107,0.7414359,96.04669,0.0
2022-01-02 00:00:00,23.193756,22.297516,1007.03815,-0.70029736,-3.0400772,0.9890708,94.71041,0.009065745
2022-01-02 06:00:00,27.68686,22.82254,1008.3663,-3.0802069,-3.6559324,0.6913676,74.86419,0.13288257
2022-01-02 12:00:00,28.014496,22.677216,1005.0687,-2.8271837,-2.6825743,0.73383826,72.80163,0.0
2022-01-02 18:00:00,24.53189,22.261505,1007.4475,-1.6426668,-3.1173258,0.90704286,87.19687,0.0
2022-01-03 00:00:00,23.612701,21.705902,1005.785,-0.8235302,-3.7253761,0.8281859,89.07416,0.0
2022-01-03 06:00:00,28.661285,21.64804,1007.6213,-2.745451,-4.0491343,0.5512637,65.853745,0.014208257
2022-01-03 12:00:00,28.045502,21.567993,1005.5419,-2.8515959,-2.1792822,0.34639326,67.92154,0.0
2022-01-03 18:00:00,23.882843,21.709229,1007.6306,-1.4938688,-2.0707016,0.011343017,87.655525,0.0
2022-01-04 00:00:00,23.123505,21.537903,1006.41437,0.015554428,-3.0865412,0.85008925,90.80562,0.0
2022-01-04 06:00:00,28.146332,20.6315,1008.33875,-2.5393085,-4.417039,0.6131869,63.75075,0.008968636
2022-01-04 12:00:00,27.661713,21.155975,1005.51874,-2.1639967,-2.4885893,0.3912973,67.72869,0.0
2022-01-04 18:00:00,22.566559,20.408936,1008.09875,-1.5007448,-1.7522154,0.084542595,87.62683,0.0
2022-01-05 00:00:00,22.003204,19.747864,1006.60126,-0.045167923,-3.0464382,0.0015563965,87.048355,0.0
2022-01-05 06:00:00,28.535736,20.649506,1008.34375,-1.3144608,-2.9165258,0.0882556,62.392265,0.0
2022-01-05 12:00:00,28.499786,21.590729,1004.9369,-1.446496,-1.1753912,0.13932522,66.24155,0.0
2022-01-05 18:00:00,24.026764,21.907196,1007.2425,-1.8122463,-2.2190914,0.034768485,87.95768,0.0
2022-01-06 00:00:00,23.432526,22.006134,1006.1394,-0.43731594,-2.86656,0.22682166,91.71253,0.0
2022-01-06 06:00:00,27.992767,22.330536,1007.0725,-2.9028778,-3.566639,0.9534309,71.37481,0.022416934
2022-01-06 12:00:00,28.457672,22.777618,1003.7525,-2.5087824,-1.2286768,0.67502946,71.38095,0.0
2022-01-06 18:00:00,24.200714,22.930206,1006.415,-1.732233,-1.5890894,0.16221416,92.62897,0.0
2022-01-07 00:00:00,23.968048,22.499237,1006.0681,-0.34626293,-1.7286854,0.5277422,91.50833,0.0
2022-01-07 06:00:00,28.813324,23.056183,1007.0656,-2.3445044,-2.3389244,0.614338,71.11226,0.17367604
2022-01-07 12:00:00,27.930328,23.332367,1004.69,-2.8420582,-1.1359186,0.59612215,76.11892,0.0
2022-01-07 18:00:00,24.680695,23.133759,1007.65125,-1.6149235,-1.3396311,0.5170246,91.12033,0.0
2022-01-08 00:00:00,23.821075,22.544067,1006.1869,-0.6145191,-2.1766977,0.2176125,92.57218,0.0
2022-01-08 06:00:00,29.08017,22.84024,1007.8688,-2.5725527,-3.21657,0.46026975,69.11237,0.10710582
2022-01-08 12:00:00,28.574127,22.881378,1004.9419,-2.9360113,-1.6877327,0.3847937,71.34691,0.0
2022-01-08 18:00:00,24.290924,22.413086,1006.83374,-1.8289251,-1.3239145,0.19635114,89.28368,0.0
2022-01-09 00:00:00,23.635345,21.906403,1005.0756,-0.19893837,-1.8359232,0.18408012,90.048584,0.0
2022-01-09 06:00:00,28.92923,22.13321,1006.5094,-2.313116,-2.5665455,0.47037333,66.78733,0.023750588
2022-01-09 12:00:00,29.02353,22.301422,1003.53815,-1.7049141,-1.1278877,0.3668762,67.10745,0.0
2022-01-09 18:00:00,24.00412,22.329102,1006.1456,-1.5793171,-0.3393755,0.99855924,90.370766,0.0
2022-01-10 00:00:00,22.63382,21.390045,1004.8275,-0.24024487,-1.3361979,0.27167922,92.696594,0.0
2022-01-10 06:00:00,29.696564,22.149414,1006.8106,-1.6434374,-1.9430475,0.35586208,63.95554,0.0
2022-01-10 12:00:00,29.346039,21.696075,1003.53815,-2.829279,-0.31933117,0.5595674,63.480896,0.0
2022-01-10 18:00:00,24.594818,22.616058,1005.6131,-1.4710579,-0.86791706,0.07504791,88.76153,0.0
2022-01-11 00:00:00,24.664764,22.446259,1004.7481,0.13799286,-2.4237938,0.21420985,87.48423,0.0
2022-01-11 06:00:00,29.518158,23.12143,1006.4462,-1.9040794,-2.0275974,0.2953596,68.542816,0.13626722
2022-01-11 12:00:00,28.363312,23.636017,1003.40564,-2.9910555,-0.23868465,0.30597508,75.594826,0.014802471
2022-01-11 18:00:00,24.987213,23.402863,1005.3856,-1.2653418,-0.7666416,0.04668823,90.934296,0.0
2022-01-12 00:00:00,24.429718,23.05368,1004.2644,0.063474655,-1.5303612,0.8162136,92.05181,0.0
2022-01-12 06:00:00,30.045685,22.61728,1006.09125,-1.0987825,-1.011754,0.6522775,64.49301,0.044458482
2022-01-12 12:00:00,29.571808,22.885468,1002.8094,-2.201106,0.16613007,0.22282141,67.36225,0.0
2022-01-12 18:00:00,24.93399,23.973236,1005.5144,-1.6703882,-0.0044912696,0.053998917,94.410614,0.0
2022-01-13 00:00:00,24.338043,23.543213,1003.84937,0.64978313,-0.6581124,0.9002637,95.33566,0.0
2022-01-13 06:00:00,30.372345,22.513458,1005.23627,-0.2371273,-0.4298544,0.26336652,62.897873,0.08526691
2022-01-13 12:00:00,30.413239,23.539703,1001.6425,-2.076294,0.32853234,0.23635277,66.77091,0.0
2022-01-13 18:00:00,25.67514,23.80783,1004.46,-2.0602684,-0.1202054,0.06630268,89.44471,0.0
2022-01-14 00:00:00,24.569916,23.282745,1003.35187,0.24769306,-0.61629874,0.79274434,92.55541,0.041673996
2022-01-14 06:00:00,30.456573,24.920746,1005.7944,-0.3890419,-0.30017668,0.89123064,72.35624,0.071132004
2022-01-14 12:00:00,30.045807,23.8909,1001.705,-1.6681871,0.7236471,0.35345367,69.65018,0.18491921
2022-01-14 18:00:00,25.291962,23.411896,1004.3806,-1.360136,-0.02062589,0.08737281,89.34733,0.0
2022-01-15 00:00:00,24.599518,23.363098,1003.4306,0.09080601,-1.2581434,0.8295361,92.841,0.0
2022-01-15 06:00:00,30.432404,22.314606,1005.58813,-1.9730444,-0.6219864,0.7077451,61.928673,0.06456673
2022-01-15 12:00:00,29.765778,23.880737,1003.0081,-2.5575752,-0.24526024,0.34102172,70.737495,0.16020238
2022-01-15 18:00:00,25.40622,23.62445,1005.5631,-1.4336376,-1.9647388,0.16767603,89.88682,0.0
2022-01-16 00:00:00,25.035736,23.068146,1004.83435,-0.780344,-2.2775822,0.3578537,88.85647,0.0
2022-01-16 06:00:00,30.23465,22.431244,1007.10126,-3.0569124,-3.1193933,0.8936275,63.08044,0.16728625
2022-01-16 12:00:00,29.34262,22.898682,1004.53186,-3.2956448,-1.5761814,0.34283638,68.31345,0.0
2022-01-16 18:00:00,24.976532,22.678162,1007.3819,-2.0177107,-2.2367802,0.349904,87.0887,0.0
2022-01-17 00:00:00,24.673065,22.787659,1006.3738,-1.0275764,-3.026554,0.9491414,89.27169,0.0020148773
2022-01-17 06:00:00,28.719147,22.720978,1009.09875,-1.9193611,-3.390956,0.94674456,70.064476,0.01897186
2022-01-17 12:00:00,27.740326,22.086823,1005.9825,-3.473135,-2.7917242,0.2619555,71.36741,0.0
2022-01-17 18:00:00,23.867706,20.982513,1009.1987,-1.0762959,-2.850401,0.11245239,83.91382,0.0
2022-01-18 00:00:00,23.376373,20.42221,1007.26874,-0.11763668,-3.0891619,0.22141457,83.50314,0.0
2022-01-18 06:00:00,28.269257,21.185852,1008.1294,-2.8334932,-3.346613,0.43515563,65.49073,0.067513436
2022-01-18 12:00:00,28.510345,21.124817,1004.53687,-2.6040382,-1.6075802,0.37212777,64.337685,0.0
2022-01-18 18:00:00,23.840485,21.29181,1007.4256,-1.5858793,-1.3061342,0.096374035,85.66219,0.0
2022-01-19 00:00:00,23.178802,21.17752,1005.6919,0.20107841,-2.5442371,0.7345898,88.525894,0.0063907355
2022-01-19 06:00:00,29.174103,21.503632,1007.3706,-1.1440401,-3.1387386,0.25921583,63.364326,0.026231699
2022-01-19 12:00:00,28.949127,20.102142,1002.51874,-2.0826206,-1.8444681,0.37437454,58.89035,0.0
2022-01-19 18:00:00,23.386261,21.096527,1005.96436,-1.8718367,-0.5021429,0.0,86.99015,0.0
2022-01-20 00:00:00,22.013947,20.65799,1004.0731,0.09079075,-1.5695333,0.0,92.02572,0.0
2022-01-20 06:00:00,28.956512,20.461823,1005.6225,-0.91812134,-2.2419815,0.008743286,60.18781,0.0
2022-01-20 12:00:00,29.461212,20.498505,1001.53436,-1.6182356,-0.93384933,0.048294067,58.59004,0.0
2022-01-20 18:00:00,23.023224,21.277374,1004.3825,-1.3461857,1.11023,0.0,89.91174,0.0
2022-01-21 00:00:00,22.07901,20.665497,1003.64185,1.2407999,-1.1125546,0.028736115,91.70384,0.0
2022-01-21 06:00:00,29.534332,21.519684,1006.45435,0.04364872,0.5528897,0.003235817,62.12119,0.0
2022-01-21 12:00:00,30.868683,21.688751,1001.6887,-1.1092815,0.8435319,0.067417145,58.140965,0.0
2022-01-21 18:00:00,23.535126,22.10373,1004.1875,-0.6157017,1.6854453,0.87111616,91.690704,0.0
2022-01-22 00:00:00,23.210052,22.279358,1002.59314,1.3945646,1.2197762,0.9009632,94.51271,0.0
2022-01-22 06:00:00,31.363068,21.308563,1003.3706,1.936373,0.67377806,0.90962714,55.225395,0.0
2022-01-22 12:00:00,31.933258,20.724152,999.27563,-1.399106,1.0797663,0.056850977,51.5808,0.0
2022-01-22 18:00:00,24.988129,22.849518,1002.2469,-1.0010843,2.085422,0.0,87.937355,0.0
2022-01-23 00:00:00,23.786285,22.941803,1002.09937,0.5809587,0.9887628,0.20687866,95.03071,0.0
2022-01-23 06:00:00,30.317047,21.236664,1003.5012,0.7486532,2.1644077,0.026039124,58.36692,0.0013378449
2022-01-23 12:00:00,31.080475,21.655182,999.8869,-1.3596916,1.9111826,0.096551,57.324917,0.0
2022-01-23 18:00:00,25.356415,23.22055,1002.34625,0.067546844,2.1855679,0.0482541,87.983086,0.0
2022-01-24 00:00:00,24.116425,23.274933,1001.3125,0.44623852,0.49427974,0.95573926,95.05986,0.0
2022-01-24 06:00:00,29.967316,23.530365,1003.1575,-1.2305183,1.4126921,0.61494976,68.462814,0.031756237
2022-01-24 12:00:00,28.295685,23.612152,1000.2081,-1.8435116,1.5319233,0.8255158,75.78375,0.12053363
2022-01-24 18:00:00,25.498566,23.23941,1002.4431,-1.8107824,1.0308678,0.9720227,87.34236,0.0
2022-01-25 00:00:00,24.804413,22.762024,1001.7019,-0.8330555,0.057167888,0.91914433,88.43642,0.03928691
2022-01-25 06:00:00,30.901398,22.87149,1003.4856,-1.3766994,1.2824965,0.89704806,62.363106,0.0
2022-01-25 12:00:00,29.060577,22.152985,1000.48627,-2.0756245,1.9836998,0.9961505,66.361374,0.19861385
2022-01-25 18:00:00,24.647247,21.526642,1003.35,-1.7311287,0.08356041,0.3255366,82.79949,0.0
2022-01-26 00:00:00,24.29361,21.831573,1002.105,-0.24764824,0.42186058,0.9445145,86.16206,0.018691644
2022-01-26 06:00:00,29.855133,22.723816,1004.1169,-2.0897074,1.327715,0.6680131,65.62612,0.09910691
2022-01-26 12:00:00,27.801056,22.551056,1001.4881,-1.9831161,1.0498474,0.98170584,73.15166,0.30220556
2022-01-26 18:00:00,24.862885,22.489288,1004.54065,-1.2195807,-0.44429415,0.99089396,86.681465,0.0
2022-01-27 00:00:00,24.445465,22.11148,1002.78436,-0.86922646,-0.53272533,0.9991071,86.852005,0.0
2022-01-27 06:00:00,29.607819,20.598785,1004.53064,-2.6018572,-1.340394,0.9953624,58.457176,0.042917207
2022-01-27 12:00:00,28.789581,20.874237,1001.22626,-3.7452507,-1.5642052,1.0000007,62.336357,0.0
2022-01-27 18:00:00,23.890167,21.807068,1004.97437,-1.7878256,-1.4707584,0.94709647,88.14221,0.0001899898
2022-01-28 00:00:00,24.130219,21.220703,1003.605,-0.7232275,-2.9314756,0.67033994,83.817764,0.008775912
2022-01-28 06:00:00,28.681671,21.446259,1006.22375,-3.2508774,-3.5028057,0.36954212,64.96876,0.16536719
2022-01-28 12:00:00,28.517975,22.189423,1002.9231,-2.9089308,-2.131156,0.3029256,68.63412,0.0
2022-01-28 18:00:00,25.053925,21.666748,1006.0037,-1.8661671,-3.1961794,0.3890934,81.50935,0.0
2022-01-29 00:00:00,25.009186,21.407257,1004.3,-0.96281815,-3.7874117,0.97702295,80.439514,0.009445008
2022-01-29 06:00:00,29.091278,21.868805,1006.92126,-3.5712767,-4.238432,0.99999297,65.10567,0.109760165
2022-01-29 12:00:00,27.591156,22.853943,1004.0569,-2.8309984,-2.6480608,0.9879215,75.42765,0.0
2022-01-29 18:00:00,25.363861,22.20993,1007.04376,-2.0750828,-2.9458227,0.9999982,82.71539,0.0
2022-01-30 00:00:00,25.534698,21.138763,1004.91125,-0.88723564,-3.0186472,1.0000044,76.69016,0.0
2022-01-30 06:00:00,26.593597,21.858612,1006.8606,-0.80507755,-3.1637774,1.0000019,75.27896,0.00037770043
2022-01-30 12:00:00,27.338043,23.769379,1003.09436,-2.2854233,-1.4585619,0.97441864,80.90421,0.061814327
2022-01-30 18:00:00,24.974213,22.89563,1005.48627,-1.1869574,-0.95035744,0.66511446,88.25655,0.0
2022-01-31 00:00:00,23.948578,22.322968,1003.6125,0.25515938,-1.9990406,0.29154676,90.63899,0.0
2022-01-31 06:00:00,30.044342,22.10028,1005.6794,-1.5010757,-1.6385202,0.89595205,62.501644,0.002099201
2022-01-31 12:00:00,30.325226,22.382385,1002.0037,-3.2199335,-0.39194012,0.36946386,62.567554,0.0
2022-01-31 18:00:00,24.583221,22.479767,1004.98315,-2.0972872,-0.47250557,0.2616088,88.090996,0.0
2022-02-01 00:00:00,23.875275,21.756104,1003.3375,0.05214691,-1.5018196,0.3140564,87.94698,0.0
2022-02-01 06:00:00,29.877594,21.522186,1005.1781,-1.810256,-1.7032623,0.9222235,60.914696,9.534415e-05
2022-02-01 12:00:00,29.854034,21.97226,1001.8844,-2.811554,-1.2704058,0.11135864,62.697838,0.0
2022-02-01 18:00:00,23.713898,21.560333,1004.29065,-1.6704178,-0.19483376,0.0,87.748405,0.0
2022-02-02 00:00:00,22.195892,20.540802,1004.28687,-0.58287716,-1.6373882,0.18966675,90.35622,0.0
2022-02-02 06:00:00,29.267365,21.080841,1006.0687,-1.6969147,-1.3221455,0.16052246,61.411182,0.0
2022-02-02 12:00:00,29.793243,20.193329,1002.5631,-2.7893124,-0.70814705,0.5548096,56.40683,0.0
2022-02-02 18:00:00,22.462555,19.65033,1005.75,-1.7937431,-0.10892773,0.0,84.13728,0.0
2022-02-03 00:00:00,21.60794,19.546753,1004.6794,0.16027737,-1.1638613,0.006462097,88.06877,0.0
2022-02-03 06:00:00,28.840973,19.548431,1006.3281,-1.0033388,-0.29429138,0.019973755,57.260807,0.0
2022-02-03 12:00:00,30.476837,21.063019,1001.71875,-1.1703739,-0.026364982,0.00945282,57.22195,0.0
2022-02-03 18:00:00,23.405182,21.296478,1004.1231,-1.0524178,0.8911051,0.0008792877,87.96335,0.0
2022-02-04 00:00:00,23.156525,20.96231,1002.4906,1.0323563,-0.3160262,0.031202316,87.48136,0.0
2022-02-04 06:00:00,30.6857,21.69168,1003.90125,0.55064446,0.9910083,0.0,58.762505,0.0
2022-02-04 12:00:00,32.304596,22.333832,999.48627,-1.6240826,0.84956354,0.03068161,55.73723,0.0
2022-02-04 18:00:00,25.055481,22.30606,1003.0831,-1.4824562,0.70229846,0.0,84.74218,0.0
2022-02-05 00:00:00,23.944183,22.004883,1002.5225,0.343647,-1.0773249,0.3799831,88.92347,0.0
2022-02-05 06:00:00,30.483307,21.769073,1005.1163,-1.2633104,0.8925165,0.87637,59.728676,0.0011445954
2022-02-05 12:00:00,31.246613,21.619781,1000.7225,-2.2273664,-0.9424,0.0592041,56.662113,0.0
2022-02-05 18:00:00,25.219208,22.885132,1004.8681,-3.0165377,-0.040211678,0.68258244,86.922386,0.0
2022-02-06 00:00:00,23.81015,22.327393,1004.6431,-0.64958763,-1.2344217,0.28050286,91.421135,0.007627532
2022-02-06 06:00:00,30.251007,21.811737,1006.97314,-2.5214157,-0.96950626,0.47299373,60.68702,0.047294423
2022-02-06 12:00:00,30.572906,21.35733,1004.06,-3.276987,-0.9903984,0.5782932,57.944935,0.0
2022-02-06 18:00:00,24.969025,22.099213,1007.58685,-2.224105,-1.133419,0.914563,84.11406,0.0
2022-02-07 00:00:00,23.657623,21.701141,1005.89374,-0.08271599,-1.7706442,0.7506202,88.80763,0.0
2022-02-07 06:00:00,30.373077,20.615509,1007.24,-2.2098236,-3.374199,0.32808042,55.99998,0.0
2022-02-07 12:00:00,30.230743,20.557098,1004.1475,-3.4357023,-1.9366474,0.6431675,56.25593,0.0
2022-02-07 18:00:00,24.237823,20.963135,1006.5619,-2.020465,-1.7263222,0.9976068,81.97182,0.0
2022-02-08 00:00:00,23.38559,20.854034,1004.7725,0.13619804,-1.7485914,0.028671265,85.70689,0.0
2022-02-08 06:00:00,30.406647,20.36026,1006.5544,-1.6200647,-3.065257,0.102992445,55.019283,0.0
2022-02-08 12:00:00,30.28946,20.22464,1002.5275,-3.328824,-2.156973,0.95974994,54.927963,0.0
2022-02-08 18:00:00,24.320282,19.65039,1005.7631,-1.9832067,-1.4968872,1.0,75.214874,0.0
2022-02-09 00:00:00,22.767365,19.77069,1004.3194,-0.62710285,-2.5015326,0.9413262,83.21408,0.0
2022-02-09 06:00:00,29.523956,20.002594,1006.5513,-2.5407314,-3.124117,0.47265393,56.616592,0.0
2022-02-09 12:00:00,29.01773,20.13504,1002.97375,-3.6017246,-2.0654697,0.42292255,58.77642,0.0
2022-02-09 18:00:00,23.225616,19.64389,1005.77814,-1.2746334,-1.6766777,0.09980999,80.303535,0.0
2022-02-10 00:00:00,21.980621,19.36081,1003.9425,0.17322254,-2.8942451,0.28756893,85.09741,0.0
2022-02-10 06:00:00,29.416595,19.627106,1005.5675,-1.1629648,-3.5070915,0.45903647,55.65744,0.0
2022-02-10 12:00:00,29.986359,20.871002,1001.785,-2.928071,-1.6416321,0.98262894,58.164257,0.0
2022-02-10 18:00:00,26.38507,22.41269,1004.97314,-2.2665644,-1.9251051,1.0,78.826485,0.0
2022-02-11 00:00:00,24.806122,22.42044,1002.83,-0.9786711,-2.6776237,0.99912083,86.61255,0.5670551
2022-02-11 06:00:00,24.181488,22.349396,1006.2575,0.5145769,-2.729906,1.0,89.52411,2.1840973
2022-02-11 12:00:00,24.559052,22.88211,1002.73065,0.24438477,-2.9528608,0.9999996,90.398254,0.0
2022-02-11 18:00:00,23.713043,23.452057,1005.045,-1.5599041,-2.6048994,0.998022,98.439644,1.030796
2022-02-12 00:00:00,24.359558,23.089142,1002.8894,-0.8103113,-2.9646816,1.0000002,92.637924,0.0
2022-02-12 06:00:00,25.345337,22.0607,1005.5825,-0.44954967,-4.0380383,0.97129947,82.05718,0.19407001
2022-02-12 12:00:00,27.180817,23.27121,1002.03125,-1.9291401,-1.306263,1.0000008,79.237625,0.0
2022-02-12 18:00:00,24.899017,21.853455,1004.3331,-2.1852436,-2.0977173,0.98163974,83.20947,0.0
2022-02-13 00:00:00,24.816315,21.066101,1002.2406,-0.23076248,-2.7757902,0.98296344,79.68558,9.313226e-07
2022-02-13 06:00:00,28.796173,21.790619,1004.9888,-2.4940634,-3.7305546,0.77612615,65.912346,0.017452054
2022-02-13 12:00:00,28.506683,22.171417,1001.0481,-2.8998976,-1.3117723,0.3359412,68.60389,0.0
2022-02-13 18:00:00,23.487213,21.036713,1003.9819,-1.0488319,-1.2989845,0.21921259,86.14498,0.0
2022-02-14 00:00:00,23.536285,20.772858,1001.9487,0.15277863,-2.2830439,0.7369889,84.50828,0.00019092113
2022-02-14 06:00:00,29.273224,22.069794,1004.40375,-2.3575583,-3.4168596,0.78602576,65.219154,0.12245055
2022-02-14 12:00:00,28.141937,22.602875,1001.2594,-3.4681253,-1.8750019,0.38420904,71.93766,0.0
2022-02-14 18:00:00,23.677338,21.246979,1004.39374,-1.6153374,-1.4030828,0.40581977,86.269875,0.0
2022-02-15 00:00:00,23.27359,20.044556,1002.7356,-0.043491364,-1.9706736,0.741593,82.08461,0.0
2022-02-15 06:00:00,28.998383,20.618988,1005.34625,-1.6651964,-3.3809414,0.75060874,60.626762,0.0011444208
2022-02-15 12:00:00,28.532806,21.048431,1000.58813,-3.5660944,-1.34445,0.2105617,63.95312,0.0
2022-02-15 18:00:00,23.087433,19.994293,1004.235,-1.0326777,-1.3474874,0.015736781,82.755486,0.0
2022-02-16 00:00:00,22.333405,20.260712,1001.78064,0.32117558,-1.597125,0.9828864,88.067474,0.0
2022-02-16 06:00:00,28.890045,20.624908,1003.27563,-1.3667812,-2.8318892,0.8904429,61.030537,0.0
2022-02-16 12:00:00,29.017609,20.572968,998.48,-2.7278004,-1.5486631,0.326941,60.387794,0.0
2022-02-16 18:00:00,22.91037,19.794739,1001.6456,-1.1423206,-1.1845961,0.99600047,82.61922,0.0
2022-02-17 00:00:00,22.239655,20.262299,999.91565,0.6072235,-1.443512,0.7588665,88.57998,0.0
2022-02-17 06:00:00,28.599518,20.59085,1002.28625,-1.7470465,-2.4419746,0.98037994,61.93735,0.0
2022-02-17 12:00:00,29.35379,20.968414,997.97687,-2.2556047,-2.0039482,0.13648498,60.68488,0.0
2022-02-17 18:00:00,23.26883,20.667938,1001.5144,-1.9233198,-1.5734072,0.0384527,85.33011,0.0
2022-02-18 00:00:00,23.199615,21.264587,1000.8225,0.5654545,-2.1253138,0.9433555,88.8881,0.0012405217
2022-02-18 06:00:00,28.65213,22.238922,1003.2481,-2.1002932,-2.8631535,0.9820765,68.30715,0.06781615
2022-02-18 12:00:00,29.40384,22.721771,1000.3113,-3.1651907,-1.2295418,0.50874335,67.34648,0.0
2022-02-18 18:00:00,24.647614,22.549622,1004.0275,-1.2702503,-2.0161695,0.9892903,88.1256,0.0
2022-02-19 00:00:00,23.577545,20.635345,1003.3056,-0.3028288,-2.510684,0.99748564,83.58756,9.685755e-05
2022-02-19 06:00:00,29.0513,22.560028,1005.8187,-2.8127184,-2.9606676,0.9982797,68.06116,0.16824165
2022-02-19 12:00:00,28.576569,23.396973,1002.5831,-3.3134212,-1.7440596,0.9639682,73.59555,0.0
2022-02-19 18:00:00,24.944183,22.438507,1005.1194,-1.6210804,-1.7128372,0.36691535,85.99625,0.0
2022-02-20 00:00:00,23.532745,21.155548,1003.02,0.42905426,-1.9880257,0.5112433,86.53791,0.0
2022-02-20 06:00:00,29.913849,21.459991,1005.64124,-0.6394777,-1.4180079,0.10917113,60.556854,0.0
2022-02-20 12:00:00,31.002838,22.883636,1000.8088,-2.144247,-0.026410103,0.31017447,62.04881,0.0
2022-02-20 18:00:00,25.09024,23.082397,1003.3,-1.629262,0.02698803,0.035690308,88.644714,0.0
2022-02-21 00:00:00,23.674957,22.157623,1001.7825,1.2355042,-0.3648442,0.5394605,91.220505,0.0
2022-02-21 06:00:00,30.637115,22.737885,1003.8306,0.20962685,0.5251263,0.0045547485,62.8013,0.0
2022-02-21 12:00:00,31.46695,23.160553,999.6312,-2.5036755,0.7391416,0.10264166,61.451656,0.0
2022-02-21 18:00:00,25.359528,23.934662,1003.1331,-1.2748985,0.97889256,0.016547976,91.83485,0.0
2022-02-22 00:00:00,23.580414,22.73758,1002.5181,1.2303581,-0.12476331,0.3102498,95.032684,0.0
2022-02-22 06:00:00,31.27945,22.340485,1005.61,-1.5359297,0.3631841,0.32622522,59.09765,0.0
2022-02-22 12:00:00,30.81778,21.893585,1002.1881,-2.984108,0.10812664,0.16007864,59.044277,0.0
2022-02-22 18:00:00,24.99356,22.440308,1006.23627,-2.07059,-0.61589813,0.02268219,85.75278,0.0
2022-02-23 00:00:00,24.568878,22.456512,1005.3775,-0.5434084,-1.696557,0.15964247,88.042076,0.0
2022-02-23 06:00:00,30.657501,21.399933,1007.6819,-2.7732487,-2.0715475,0.24987727,57.815933,0.00057183206
2022-02-23 12:00:00,30.43216,20.675934,1004.72064,-3.9632282,-1.0843668,0.016610105,56.018894,0.0
2022-02-23 18:00:00,24.524689,22.259644,1008.0037,-1.4745722,-1.7359076,0.05129787,87.22458,0.0
2022-02-24 00:00:00,23.770538,21.876404,1007.165,-0.47938251,-2.6531277,0.34904104,89.155304,0.0
2022-02-24 06:00:00,29.545319,21.24765,1008.95435,-2.9574156,-2.406848,0.46358836,61.055775,0.046348542
2022-02-24 12:00:00,29.799774,21.009186,1005.2969,-3.1664104,-1.5657911,0.2710474,59.293205,0.0
2022-02-24 18:00:00,24.870148,21.962769,1007.3119,-1.8207903,-0.9971447,0.0008773804,83.910805,0.0
2022-02-25 00:00:00,23.15091,21.14441,1006.51935,-0.24664879,-2.0763235,0.11119866,88.4953,0.0
2022-02-25 06:00:00,29.60794,19.726837,1008.0469,-1.7482986,-2.3988142,0.18196973,55.38847,0.0
2022-02-25 12:00:00,30.09671,20.623932,1004.1425,-3.5666027,-0.85802555,0.0,56.92432,0.0
2022-02-25 18:00:00,23.07486,20.486664,1006.65125,-1.5959167,-1.1392155,0.47558624,85.377106,0.0
2022-02-26 00:00:00,23.118683,20.824127,1005.91187,0.06955242,-2.3642578,0.20295334,86.93984,0.0
2022-02-26 06:00:00,29.614716,21.52298,1007.9975,-2.9346886,-1.4968367,0.7790163,61.84652,0.0064894557
2022-02-26 12:00:00,29.638947,22.322723,1004.32874,-3.5152206,-1.5279036,0.38380218,64.848656,0.0
2022-02-26 18:00:00,25.788605,23.50116,1007.3631,-2.4537315,-1.8828907,0.39167476,87.21909,0.0
2022-02-27 00:00:00,25.011383,22.262299,1005.8894,-1.172123,-2.701004,0.9403554,84.7393,0.0011436641
2022-02-27 06:00:00,30.27945,22.172089,1007.6887,-3.0279083,-2.6197796,0.26050347,61.934303,0.045774505
2022-02-27 12:00:00,30.913239,21.545258,1003.66565,-3.8420124,-1.2802048,0.06633872,57.486576,0.0
2022-02-27 18:00:00,24.643219,22.024597,1007.15686,-1.7122812,-1.1248226,0.008453419,85.377235,0.0
2022-02-28 00:00:00,23.682892,21.628387,1005.77124,-0.23791122,-2.2952871,0.59297156,88.279076,0.0
2022-02-28 06:00:00,30.613312,21.021637,1007.3644,-1.4606028,-2.3622952,0.03969574,56.632637,0.0
2022-02-28 12:00:00,31.295197,20.565887,1003.03436,-3.250554,-1.1505184,0.12882233,52.965015,0.0
2022-02-28 18:00:00,24.804352,21.895538,1006.9425,-1.6859808,-1.1878214,0.009983063,83.89619,0.0
2022-03-01 00:00:00,24.120636,22.49112,1004.85815,-0.9002056,-2.2233105,0.58020085,90.62898,0.0
2022-03-01 06:00:00,31.451569,21.133087,1006.8325,-1.5593958,-3.013461,0.859603,54.35987,0.0
2022-03-01 12:00:00,31.575348,18.276154,1004.08936,-3.5132694,-1.6606598,0.74192363,45.209866,0.0
2022-03-01 18:00:00,23.628448,20.713776,1006.67,-1.3580589,-2.2635431,1.0,83.73512,0.0
2022-03-02 00:00:00,23.255768,21.159943,1004.85376,-0.61288357,-2.8581076,1.0,88.02017,0.0
2022-03-02 06:00:00,30.084747,19.177155,1006.73065,-2.9072065,-3.1081991,0.988799,52.079456,0.0
2022-03-02 12:00:00,31.283356,17.960846,1002.53186,-2.7309408,-1.6557722,1.0,45.065422,0.0
2022-03-02 18:00:00,24.790375,20.978058,1005.52185,-1.8572121,-1.7226477,1.0,79.37856,0.0
2022-03-03 00:00:00,23.962921,21.199982,1003.52563,-0.48237896,-3.0667105,1.0,84.55648,0.0
2022-03-03 06:00:00,30.834137,21.638336,1005.54315,-3.3842535,-3.565609,0.65398675,58.076496,0.0
2022-03-03 12:00:00,30.666046,18.993805,1002.1806,-3.3993464,-2.73878,0.9280238,49.80081,0.0
2022-03-03 18:00:00,26.138641,20.214508,1005.0781,-1.4876032,-3.197608,1.0,69.89969,0.0
2022-03-04 00:00:00,25.25998,20.41043,1003.20685,-0.11457443,-3.5936956,0.9999996,74.53566,0.0
2022-03-04 06:00:00,30.1846,21.758942,1004.865,-1.7563953,-5.393695,1.0,60.72253,0.03796799
2022-03-04 12:00:00,29.254425,22.22757,1002.3713,-3.4887276,-2.8072424,1.0,65.92052,0.0
2022-03-04 18:00:00,25.742523,21.953033,1005.0181,-1.7997084,-3.4804192,1.0,79.62005,0.0
2022-03-05 00:00:00,25.024567,21.09726,1002.96564,0.42917442,-2.6695328,1.0000001,78.852394,0.0
2022-03-05 06:00:00,31.179718,20.047272,1004.72125,-0.7089853,-3.4574995,0.9940428,51.633675,0.0
2022-03-05 12:00:00,31.502106,20.988495,1001.16,-3.5816584,-2.70778,0.96533304,53.724743,0.0
2022-03-05 18:00:00,26.062286,20.612152,1003.95685,-2.1205902,-3.2552147,0.90625364,71.96052,0.0
2022-03-06 00:00:00,25.23996,20.442108,1002.14624,-0.2591524,-3.6061916,0.6378248,74.77053,0.0001937151
2022-03-06 06:00:00,29.761017,20.889923,1003.90375,-1.9487944,-4.865636,0.9669533,58.99157,0.13122703
2022-03-06 12:00:00,28.931427,22.239166,1001.2975,-3.1298504,-3.706688,0.4081648,67.2111,0.0
2022-03-06 18:00:00,24.514832,21.524017,1004.97626,-2.0843801,-4.209326,0.5759978,83.44441,0.0
2022-03-07 00:00:00,23.949615,20.253693,1002.2581,-1.3219128,-4.168091,0.8504872,79.83456,0.0045895576
2022-03-07 06:00:00,26.943329,23.46225,1004.27435,-3.4923935,-1.715765,0.9608411,81.2821,0.19435121
2022-03-07 12:00:00,25.817474,23.534729,1002.175,-2.8597956,-0.95666313,0.9364116,87.246376,0.20101304
2022-03-07 18:00:00,24.914886,23.281067,1005.29626,-1.0711088,-1.635562,0.42021835,90.65841,0.0
2022-03-08 00:00:00,24.825409,22.498749,1003.7369,-0.3640871,-1.7806168,0.5714984,86.92554,0.028321397
2022-03-08 06:00:00,30.654327,21.377167,1004.9256,-2.2750025,-1.8547125,0.076509885,57.745827,0.0
2022-03-08 12:00:00,31.394196,20.323456,1001.2875,-3.31629,-0.9797869,0.028404236,51.885544,0.0
2022-03-08 18:00:00,25.43515,22.596405,1004.8,-2.360592,-0.6440058,0.0017828348,84.32373,0.0
2022-03-09 00:00:00,23.605743,22.37326,1003.0131,0.27508926,-1.3478966,0.44085318,92.81159,0.0
2022-03-09 06:00:00,31.44925,21.891022,1004.52124,-1.8035603,-1.2609415,0.119398296,56.94849,0.0
2022-03-09 12:00:00,32.13687,20.80655,1000.4306,-3.1198864,-0.6471529,0.0,51.248913,0.0
2022-03-09 18:00:00,24.480194,22.755524,1004.1675,-1.976531,-1.0975714,0.0,90.13169,0.0
2022-03-10 00:00:00,22.89212,21.415314,1002.5594,-0.3815689,-1.2511806,0.3106067,91.39757,0.0
2022-03-10 06:00:00,30.523346,21.388336,1004.2319,-1.4310493,-0.8042822,0.5176148,58.219997,0.0
2022-03-10 12:00:00,32.057526,19.435577,1000.52185,-2.502676,-0.97249794,0.4609726,47.294037,0.0
2022-03-10 18:00:00,24.62436,22.336517,1003.85187,-1.7813663,-1.1129799,0.0,87.11261,0.0
2022-03-11 00:00:00,23.836456,22.685211,1002.51874,-0.55945396,-1.7367468,0.77555597,93.28233,0.0
2022-03-11 06:00:00,30.955963,21.84256,1003.7706,-1.2707167,-1.8984509,0.075952314,58.39817,0.0
2022-03-11 12:00:00,32.174103,20.943268,999.7469,-3.3355675,-1.3273735,0.005958557,51.572918,0.0
2022-03-11 18:00:00,24.37143,22.29184,1003.425,-1.45996,-1.1347542,0.0,88.20121,0.0
2022-03-12 00:00:00,23.190094,22.087128,1002.1294,-0.03902054,-1.5815535,0.9164278,93.52553,0.0
2022-03-12 06:00:00,30.939972,20.773102,1003.33563,-0.8521786,-1.8568268,0.0,54.742474,0.0
2022-03-12 12:00:00,32.9003,18.733673,999.1869,-2.8299217,-1.664917,0.027954102,43.16663,0.0
2022-03-12 18:00:00,23.990753,21.282562,1003.33936,-1.491622,-1.1711922,0.0,84.84382,0.0
2022-03-13 00:00:00,23.527374,22.094513,1001.4475,-0.6406555,-1.9075356,0.57173365,91.682045,0.0
2022-03-13 06:00:00,31.23587,21.036896,1003.53125,-2.3065996,-2.3034735,0.85145813,54.70703,0.0
2022-03-13 12:00:00,32.110626,18.507965,1000.6675,-3.446988,-1.324193,0.86258423,44.500427,0.0
2022-03-13 18:00:00,25.355011,21.129303,1003.6987,-0.9952841,-1.6926966,0.8761431,77.468475,0.0
2022-03-14 00:00:00,24.307709,22.098907,1002.1756,-0.3101864,-2.0202732,0.121972024,87.50457,0.0
2022-03-14 06:00:00,32.40982,19.683014,1004.1475,-2.3152418,-2.4342356,0.97203386,47.079582,0.0
2022-03-14 12:00:00,32.149567,19.289093,1000.1163,-3.5915537,-0.76264286,0.5191192,46.62156,0.0
2022-03-14 18:00:00,24.861603,21.358551,1003.54126,-1.4245996,-1.0799408,0.022212982,80.90898,0.0
2022-03-15 00:00:00,23.157562,21.779266,1001.55,0.74834347,-1.4743681,0.81261235,91.96591,0.0
2022-03-15 06:00:00,31.548126,20.07608,1002.5538,-0.33868504,-1.0772772,1.0000002,50.653,0.0
2022-03-15 12:00:00,32.838165,19.23648,998.8325,-2.9921198,-0.38294125,0.83467215,44.698273,0.0
2022-03-15 18:00:00,25.024597,22.457245,1001.9419,-1.7279005,0.34524393,0.9669666,85.682365,0.0
2022-03-16 00:00:00,23.286163,21.294159,1000.6287,1.2345904,-0.96799946,0.8645477,88.585,0.0
2022-03-16 06:00:00,32.622345,16.970245,1001.805,0.23732346,-0.33377934,1.0000001,39.24169,0.0
2022-03-16 12:00:00,33.536285,19.259552,997.5531,-3.6318588,0.95824844,1.0,43.042103,0.0
2022-03-16 18:00:00,25.358307,22.044647,1001.22626,0.26194477,1.5736122,0.9920644,81.913734,0.0
2022-03-17 00:00:00,24.29367,21.669708,998.91064,1.6559639,-0.50970745,0.9595332,85.31387,0.0
2022-03-17 06:00:00,33.94449,19.577301,1000.54626,-0.29847813,-0.5616436,0.8231283,42.91034,0.0
2022-03-17 12:00:00,34.353912,18.966705,997.22375,-2.5443707,-0.15319103,0.92904526,40.37757,0.0
2022-03-17 18:00:00,25.549347,22.89273,1000.9288,-0.93504524,1.265182,0.9133938,85.27219,0.0
2022-03-18 00:00:00,25.361603,23.41092,999.65314,0.90035933,0.8843745,0.96743786,88.97275,0.0
2022-03-18 06:00:00,32.429962,21.137482,1001.22064,-0.051490784,0.5534666,0.090280816,51.442753,0.0
2022-03-18 12:00:00,34.19388,20.931305,996.53314,-1.3426771,0.1926825,0.007850647,46.01036,0.0
2022-03-18 18:00:00,26.965912,22.847443,1000.1838,-0.9654188,2.3939,0.6006223,78.21275,0.0
2022-03-19 00:00:00,25.871063,24.590729,999.53,0.75520706,-0.56169033,0.9238957,92.6626,0.0014305115
2022-03-19 06:00:00,33.207916,22.755646,1001.0125,0.56623465,0.30433518,0.11792634,54.34722,0.0
2022-03-19 12:00:00,34.783478,22.116241,995.97125,-1.4428034,0.45526254,0.26964003,47.875004,0.0
2022-03-19 18:00:00,28.36261,24.469452,1000.03815,0.12294102,2.2751856,0.15142256,79.4774,0.0
2022-03-20 00:00:00,26.944855,24.83432,998.5275,0.73688596,0.4760704,0.089592576,88.24921,0.0
2022-03-20 06:00:00,34.182648,21.782257,1000.7319,1.9635698,-1.3228102,0.055679765,48.503513,0.0026696362
2022-03-20 12:00:00,34.490265,22.865875,996.1931,0.2679224,-0.17058164,0.38110077,50.928707,0.0
2022-03-20 18:00:00,28.32727,23.48941,1000.2031,-0.004233718,2.1351726,0.21620548,75.08706,0.0
2022-03-21 00:00:00,27.019623,22.91336,998.9231,1.2809743,1.172538,0.37573177,78.2783,0.0
2022-03-21 06:00:00,34.69644,21.935455,1000.1962,2.0181165,-0.06275934,0.16336219,47.579556,0.0
2022-03-21 12:00:00,35.95694,22.114899,996.11,-1.0139179,1.2128634,0.84139794,44.865185,0.0
2022-03-21 18:00:00,29.098022,23.781769,1000.6213,1.2629654,2.3997202,0.75626737,73.07975,0.0033415854
2022-03-22 00:00:00,27.394745,21.876617,999.2575,2.1942897,-0.32727432,0.96556216,71.89712,0.0
2022-03-22 06:00:00,33.829254,21.901398,1001.055,1.5619717,-1.703825,0.6433413,49.830753,0.0
2022-03-22 12:00:00,33.34085,22.102936,997.1125,-2.2052765,0.88216895,0.91994494,51.84518,0.013346784
2022-03-22 18:00:00,29.594635,25.28183,1000.5325,-0.5653391,2.332965,0.9811431,77.682526,0.0
2022-03-23 00:00:00,27.541931,25.575134,999.29877,-0.43176365,0.63581485,0.9388276,89.055145,0.00085681677
2022-03-23 06:00:00,33.68875,24.081573,1001.08435,-1.1267729,1.3606709,0.99999887,57.308388,0.014689312
2022-03-23 12:00:00,32.71634,23.610992,996.945,-2.415308,2.2627811,0.6536495,58.834713,0.003907337
2022-03-23 18:00:00,28.299866,25.680084,1000.6969,-0.8702316,2.3651228,0.5836557,85.73516,0.0
2022-03-24 00:00:00,27.061584,25.221802,999.435,-0.42379862,1.0459268,0.1571039,89.694176,0.0
2022-03-24 06:00:00,33.38199,23.34732,1002.0112,-0.9409981,1.7572918,0.49255735,55.7805,0.018902123
2022-03-24 12:00:00,32.000885,24.119781,998.03125,-2.233261,2.391656,0.3623874,63.163937,0.16628206
2022-03-24 18:00:00,28.168732,25.409424,1001.3638,-1.0226288,1.8883028,0.15749224,85.01473,0.0
2022-03-25 00:00:00,28.077118,25.289642,1000.3819,-0.11986256,1.810503,0.39701766,84.86302,0.026131604
2022-03-25 06:00:00,33.217316,23.496368,1002.7875,-0.22210282,2.5543604,0.38925236,56.80667,0.04714225
2022-03-25 12:00:00,32.879547,24.022247,999.8169,-2.0925264,2.4706059,0.39031342,59.756725,0.0
2022-03-25 18:00:00,27.908173,24.49411,1003.5175,-0.9329233,2.159381,0.21029945,81.72995,0.0
2022-03-26 00:00:00,27.19754,24.762604,1002.1937,-0.33418465,1.0614748,0.07102355,86.5781,0.0
2022-03-26 06:00:00,33.065704,23.986664,1004.885,-1.0264921,1.4713573,0.42714366,59.00824,0.13035811
2022-03-26 12:00:00,32.602325,24.562073,1001.3206,-2.8484964,2.3654118,0.4331894,62.693127,0.0
2022-03-26 18:00:00,27.990295,24.784546,1004.6625,-1.0980263,1.7402325,0.16185212,82.764015,0.0
2022-03-27 00:00:00,27.874237,25.13211,1002.95685,0.6203356,0.94582444,0.73911774,85.07158,0.0010505319
2022-03-27 06:00:00,33.061188,24.42221,1005.0619,-0.4994011,1.192236,0.11563703,60.585403,0.028046204
2022-03-27 12:00:00,33.09268,24.617157,1000.5675,-2.503707,1.7366679,0.3202591,61.187893,0.024312751
2022-03-27 18:00:00,28.08908,25.639343,1004.1381,-1.3165789,1.5306565,0.0026607513,86.58437,0.0
2022-03-28 00:00:00,27.537628,25.606049,1002.77563,0.256279,1.0582466,0.8704755,89.2412,0.0005736947
2022-03-28 06:00:00,33.584503,24.826752,1004.1781,-1.0746527,1.4923553,0.18256281,60.273407,0.02727285
2022-03-28 12:00:00,34.174225,24.103302,1000.38873,-2.1291962,2.2721338,0.17845917,55.84851,0.0
2022-03-28 18:00:00,28.21347,24.394257,1003.41187,-0.82891655,1.8942585,0.050498962,79.80997,0.0
2022-03-29 00:00:00,27.455963,24.752563,1001.5731,0.12051964,1.451088,0.084065266,85.22577,0.0
2022-03-29 06:00:00,34.10074,23.642853,1003.0725,0.38432616,2.191969,0.10424811,54.546577,0.0
2022-03-29 12:00:00,34.658966,24.147614,998.9581,-1.8126945,3.358714,0.15463257,54.507004,0.0
2022-03-29 18:00:00,29.202637,25.668488,1002.1744,-0.4538622,2.9283228,0.06143415,81.30645,0.0
2022-03-30 00:00:00,27.830109,25.248444,1001.2488,0.3960883,2.140501,0.054339055,85.88378,0.0
2022-03-30 06:00:00,34.903595,23.670197,1002.6887,0.31313664,2.413536,0.12274647,52.2508,0.0
2022-03-30 12:00:00,35.003693,23.470123,998.72375,-1.7823544,3.2007093,0.1659851,51.33894,0.0
2022-03-30 18:00:00,28.698761,24.744232,1002.2531,0.39495715,3.4239206,0.049815863,79.23196,0.0
2022-03-31 00:00:00,27.221405,24.956879,1001.2419,1.2260067,2.573246,0.064036414,87.46534,0.0
2022-03-31 06:00:00,34.503937,23.194977,1002.91187,0.51519865,1.9155693,0.010478973,51.91354,0.0
2022-03-31 12:00:00,34.65616,23.137726,998.47064,-1.6368933,2.9944096,0.045986176,51.298367,0.0
2022-03-31 18:00:00,28.41043,25.12027,1002.54126,-0.8340521,2.8426094,0.0427714,82.39751,0.0
2022-04-01 00:00:00,27.751862,25.97116,1001.5131,0.82304287,1.5454016,0.7882139,90.05849,0.0020042062
2022-04-01 06:00:00,33.757355,24.797455,1003.555,-0.5689211,2.6665373,0.21493137,59.58905,0.0052526593
2022-04-01 12:00:00,32.594635,24.492828,999.7475,-1.6414528,2.1644354,0.6520414,62.460995,0.34305453
2022-04-01 18:00:00,28.087677,25.05188,1003.6931,-0.7101517,3.2256851,0.075334415,83.61855,0.0
2022-04-02 00:00:00,27.907257,25.24289,1002.5694,-0.16405761,1.699955,0.19626418,85.469666,0.0
2022-04-02 06:00:00,33.734528,24.476776,1004.72064,-0.10905868,1.993741,0.22757936,58.532185,0.018693507
2022-04-02 12:00:00,32.83255,24.588531,1000.1788,-2.0883474,2.9442072,0.30661774,61.98331,0.0
2022-04-02 18:00:00,28.211761,25.656311,1003.6863,-0.8359461,2.7586107,0.074043274,86.05449,0.0
2022-04-03 00:00:00,28.089935,25.485779,1002.3956,-0.03262931,1.153085,0.20521468,85.794266,0.00333786
2022-04-03 06:00:00,33.79715,23.422516,1003.7081,-1.2679615,1.0688858,0.2106538,54.74702,0.002099474
2022-04-03 12:00:00,33.237335,24.103912,999.8113,-2.4862843,2.0301857,0.40420532,58.85517,0.0
2022-04-03 18:00:00,28.14862,25.344849,1002.71564,-1.1666403,1.8620224,0.017921448,84.7882,0.0
2022-04-04 00:00:00,27.51941,25.288513,1002.4506,-0.71929836,1.114408,0.4333271,87.66647,0.040440187
2022-04-04 06:00:00,33.658844,23.712738,1003.7481,-1.4414692,0.6708751,0.12971294,56.145523,0.0
2022-04-04 12:00:00,33.978058,23.665924,1000.90875,-3.3538027,1.9330604,0.042339325,54.99757,0.0
2022-04-04 18:00:00,28.045135,25.424988,1005.60126,-2.1546059,0.86276376,0.0026626587,85.70843,0.0
2022-04-05 00:00:00,27.14746,24.563385,1004.47626,0.28769588,0.057507575,0.23600549,85.80498,0.008867817
2022-04-05 06:00:00,33.208405,23.868256,1006.08124,-1.543417,1.4472876,0.25029683,58.12211,0.035296403
2022-04-05 12:00:00,33.401276,22.793182,1002.1106,-2.390993,1.7595115,0.103224024,53.883446,0.0
2022-04-05 18:00:00,27.576721,24.8013,1006.04376,-1.2889624,1.1403866,0.03727722,84.872284,0.0
2022-04-06 00:00:00,26.609589,24.49237,1004.83685,0.31266594,-0.69095296,0.9382482,88.18641,0.0015255064
2022-04-06 06:00:00,33.42325,23.351776,1006.2706,-0.6093664,0.4368897,0.313376,55.666615,0.0012423843
2022-04-06 12:00:00,33.165924,24.42691,1001.8375,-3.1227598,2.2757995,0.535427,60.246956,0.38409606
2022-04-06 18:00:00,28.008759,23.930725,1005.5731,-0.60905075,1.6899691,0.5562177,78.55235,0.0
2022-04-07 00:00:00,27.309906,23.968506,1003.41626,0.47864795,0.4925792,0.016677856,82.013855,0.0
2022-04-07 06:00:00,34.047882,23.095306,1004.42065,-0.75948906,-0.009985745,0.19423668,52.92926,0.00047683716
2022-04-07 12:00:00,34.287872,23.373688,1000.3925,-3.6448421,1.3359711,0.31554613,53.11168,0.0
2022-04-07 18:00:00,28.188416,25.250244,1003.8925,-1.1556358,0.9225564,0.038685728,84.11719,0.0
2022-04-08 00:00:00,27.566437,24.425629,1002.57935,0.27283287,-0.5695768,0.3473215,83.03698,0.16327567
2022-04-08 06:00:00,32.498688,24.687592,1003.8306,-0.64646244,0.70401275,0.50715494,63.53567,0.0
2022-04-08 12:00:00,31.234283,24.445282,1000.3837,-3.5512123,1.6031562,0.5154108,67.27411,0.0
2022-04-08 18:00:00,27.55017,24.38266,1003.9825,0.4877634,1.6857429,0.97477585,82.902405,0.08019965
2022-04-09 00:00:00,27.455017,23.826843,1001.65686,0.17204374,-0.46786594,0.9788101,80.63007,0.0
2022-04-09 06:00:00,33.293488,23.135773,1002.3794,-0.4243784,-0.1402092,0.983249,55.346172,0.0007627532
2022-04-09 12:00:00,29.387177,24.379913,999.615,-2.6356487,2.2901673,0.9971187,74.496574,0.058007427
2022-04-09 18:00:00,27.069702,24.095917,1002.45374,1.5807238,0.3259468,1.0000012,83.81648,0.17258525
2022-04-10 00:00:00,25.715118,23.849792,1001.1256,-0.030121803,-0.7621155,0.9995546,89.45838,0.6860393
2022-04-10 06:00:00,29.770905,26.321808,1002.65375,-0.97702026,-2.1692896,1.0,81.78674,0.19705963
2022-04-10 12:00:00,28.268219,25.845673,999.52124,-0.54628086,-0.6970186,1.0,86.74054,0.0
2022-04-10 18:00:00,26.078705,25.269318,1001.7612,-0.69420433,-0.5263319,1.0,95.31188,0.0
2022-04-11 00:00:00,26.099518,24.660034,999.8762,-0.037646294,-1.0433254,0.9938173,91.79771,0.0
2022-04-11 06:00:00,31.175812,25.357666,1001.7606,-1.1090221,-2.1724348,0.9935928,71.27491,0.36009675
2022-04-11 12:00:00,28.442657,25.562714,998.1944,-1.8969336,-0.4274807,1.0000002,84.43603,0.0
2022-04-11 18:00:00,27.193634,25.593811,1001.5156,-0.7502966,0.40072352,1.0,90.99176,0.0
2022-04-12 00:00:00,26.718689,24.723114,999.3113,0.29600334,-0.97265625,1.0000005,88.83896,0.018216962
2022-04-12 06:00:00,31.58255,25.584015,1001.3175,-1.60396,0.09363574,0.94119096,70.587715,0.08544481
2022-04-12 12:00:00,30.008453,25.733765,997.5069,-1.7575798,0.48261338,0.9616327,77.91842,0.034862295
2022-04-12 18:00:00,26.398895,25.000427,1000.8644,0.8409939,0.62122416,0.9980222,92.04005,0.0
2022-04-13 00:00:00,26.595642,24.953888,998.53186,0.6728201,-0.018167496,0.98311955,90.72633,0.0
2022-04-13 06:00:00,31.214386,25.451385,1000.72437,-1.2167044,0.0825966,1.0000001,71.51578,0.078008
2022-04-13 12:00:00,28.988495,25.286652,997.9944,-0.4504776,1.2589936,1.0,80.47342,0.2900507
2022-04-13 18:00:00,26.56314,24.700378,1001.11127,0.16496107,2.0774946,1.0,89.53494,0.0
2022-04-14 00:00:00,26.369781,24.186798,999.63,0.9839782,1.1117537,0.9992784,87.81952,0.0
2022-04-14 06:00:00,32.713043,24.580292,1001.45123,1.4693028,1.2778673,0.9999999,62.371086,0.1159887
2022-04-14 12:00:00,32.225372,24.491669,998.15063,-0.37639844,2.1241322,0.9308807,63.772392,0.041151494
2022-04-14 18:00:00,28.058899,24.84076,1001.5925,1.2463679,2.282589,0.77727056,82.71079,0.0
2022-04-15 00:00:00,26.524323,24.053192,999.39624,1.1657989,1.4260288,0.7111933,86.327644,0.0
2022-04-15 06:00:00,33.298737,24.440033,1001.16315,1.5882651,1.5816879,0.31103444,59.846573,0.0
2022-04-15 12:00:00,34.598175,24.47934,996.6894,-0.26673126,2.6536417,0.058662266,55.789547,0.0
2022-04-15 18:00:00,29.102966,24.987396,1000.33435,0.9345693,3.4187126,0.087168634,78.52988,0.0
2022-04-16 00:00:00,27.813019,24.36737,998.4387,1.0392872,1.883606,0.13973114,81.563835,0.0
2022-04-16 06:00:00,33.988434,25.5896,999.7575,1.8833423,1.2253313,0.2087917,61.665504,0.039867356
2022-04-16 12:00:00,34.40909,25.991058,995.51874,-0.5743189,2.8129835,0.20441341,61.687176,0.0
2022-04-16 18:00:00,29.382507,25.752167,999.6981,0.9777997,3.1635132,0.36247504,80.86647,0.0
2022-04-17 00:00:00,27.417694,24.321136,998.0044,1.2397571,2.0202565,0.017105103,83.24039,0.0
2022-04-17 06:00:00,33.82901,24.269135,1000.3019,1.8124049,0.9246049,0.16625899,57.504128,0.035762787
2022-04-17 12:00:00,32.69516,24.971832,997.92377,0.89624596,3.1742315,0.9576996,63.911068,0.0
2022-04-17 18:00:00,26.65506,23.918427,1001.7706,1.0776408,1.0096462,0.8792192,84.97445,0.0012367964
2022-04-18 00:00:00,26.129425,23.102814,1000.2525,1.3253284,0.47121465,0.43258756,83.445465,0.0
2022-04-18 06:00:00,32.444977,24.47165,1002.2587,1.0686648,-0.71109486,0.31396985,62.910748,0.39602444
2022-04-18 12:00:00,33.224274,25.745361,998.925,-1.5004234,1.5418282,0.38767624,64.957664,1.455605
2022-04-18 18:00:00,28.404266,25.241852,1002.6169,0.75803685,-0.1841507,0.95725524,83.02591,0.0
2022-04-19 00:00:00,27.767548,24.527863,1001.8056,1.0376878,0.30399257,0.6303413,82.57028,0.0
2022-04-19 06:00:00,34.31656,25.080841,1003.0012,0.9536589,-1.1058464,0.7608138,58.74312,0.07209927
2022-04-19 12:00:00,34.93924,24.749115,999.76624,-0.59518623,1.0486267,0.5842165,55.63362,0.0
2022-04-19 18:00:00,29.378906,26.134308,1002.2456,-1.0783777,1.8759265,0.5733032,82.7341,0.0
2022-04-20 00:00:00,27.902832,25.772675,1000.8206,-0.20751464,1.1804976,0.7852349,88.224724,0.0
2022-04-20 06:00:00,33.598663,26.193878,1001.6362,-0.5588207,0.054450452,0.2571287,65.32016,0.05111471
2022-04-20 12:00:00,34.04373,25.845001,998.03687,-1.6796198,1.6118021,0.106033325,62.413727,0.0
2022-04-20 18:00:00,29.024597,26.602448,1000.60315,-1.4107952,1.1624725,0.017196655,86.8114,0.0
2022-04-21 00:00:00,27.783325,25.464447,1000.15314,-1.1177683,-0.07691449,0.37765133,87.23199,0.0015258623
2022-04-21 06:00:00,33.926178,24.618866,1000.84314,-1.5555115,0.2933698,0.1402489,58.403027,0.009440219
2022-04-21 12:00:00,33.480255,24.929535,997.8787,-2.44094,1.9227896,0.16412354,60.999332,0.0
2022-04-21 18:00:00,28.604584,26.25238,1001.7675,-0.93185806,0.93228865,0.17332345,87.13264,0.0007627532
2022-04-22 00:00:00,27.463257,25.2565,1001.085,-0.5286827,0.821093,0.33911324,87.78767,0.0064848717
2022-04-22 06:00:00,33.78067,24.061066,1002.32623,-1.1842442,-0.14093256,0.1254667,56.94442,0.046078056
2022-04-22 12:00:00,33.31595,24.275116,999.16187,-2.326601,1.808296,0.30751038,59.20102,0.0
2022-04-22 18:00:00,28.267029,25.268433,1002.96936,-1.060153,2.5783536,0.99096847,83.8238,0.0
2022-04-23 00:00:00,27.596405,24.937378,1001.76874,0.16179585,2.2232068,0.9853313,85.465935,0.051887855
2022-04-23 06:00:00,32.59842,24.82489,1003.40936,0.8198185,2.1195984,0.97811,63.699574,0.02107405
2022-04-23 12:00:00,31.108002,24.810883,999.695,-1.5938396,2.2591915,0.9721767,69.25728,0.0
2022-04-23 18:00:00,27.599457,24.711914,1003.3031,-0.026094139,1.6258621,0.96804917,84.30819,0.0
2022-04-24 00:00:00,26.145172,23.714142,1000.40314,0.51868784,0.88564146,0.95069665,86.5003,0.016875565
2022-04-24 06:00:00,32.45291,24.14801,1001.53436,-0.1830284,-0.22858411,0.80767286,61.67468,0.0
2022-04-24 12:00:00,33.986603,23.97519,997.6856,-1.761076,0.92647433,0.481856,56.00353,0.0
2022-04-24 18:00:00,28.493011,25.740417,1000.9519,-0.5288992,1.3555632,0.4633391,85.08173,0.0
2022-04-25 00:00:00,27.789764,25.366333,1000.0594,0.79817677,1.0353425,0.37082377,86.69218,9.49949e-05
2022-04-25 06:00:00,33.608307,24.967926,1001.16125,-0.13303661,1.3171186,0.104776114,60.702324,0.027852133
2022-04-25 12:00:00,34.699127,24.477081,997.3631,-0.9373369,2.0036564,0.12502289,55.470062,0.0
2022-04-25 18:00:00,29.163208,26.194,1000.7381,-1.1523218,1.7769175,0.035121918,84.06752,0.0
2022-04-26 00:00:00,27.414215,25.625946,1000.22314,0.21646118,0.903374,0.4189118,89.99444,0.0
2022-04-26 06:00:00,34.13028,24.82669,1001.4531,-0.6033735,1.1318271,0.13235217,58.463085,0.0073462725
2022-04-26 12:00:00,34.582794,24.535797,997.6969,-1.8882923,1.4731746,0.026649475,56.026222,0.0
2022-04-26 18:00:00,28.898102,26.464874,1001.2,-1.1678457,1.7755833,0.027542114,86.74327,0.0
2022-04-27 00:00:00,28.004608,26.221588,1000.1981,0.26802826,0.29952264,0.93598324,90.06379,0.0017164275
2022-04-27 06:00:00,34.102325,24.983063,1000.95435,-1.025898,0.96859,0.6320446,59.10316,0.003912486
2022-04-27 12:00:00,34.310333,24.33487,997.34375,-2.854497,1.6631031,0.1876831,56.20171,0.0
2022-04-27 18:00:00,28.282074,25.34842,1001.0731,-0.79029465,1.8237801,0.0,84.149895,0.0
2022-04-28 00:00:00,27.461151,25.051697,1000.7475,0.89481544,0.88321865,0.113812976,86.734184,0.0
2022-04-28 06:00:00,34.441925,23.757233,1001.8619,0.3823828,2.0136395,0.5942218,53.88952,0.0
2022-04-28 12:00:00,34.299835,24.153473,998.2431,-1.4799023,2.5587597,0.07241964,55.626244,0.0
2022-04-28 18:00:00,29.411285,25.830719,1002.5544,0.4707231,3.0171165,0.32280988,81.109055,0.0
2022-04-29 00:00:00,28.149445,25.520844,1000.855,0.34506828,1.4231774,0.80074024,85.67558,0.0
2022-04-29 06:00:00,35.1492,25.087128,1001.2925,-0.4879694,1.2258211,0.08839339,56.110485,0.0
2022-04-29 12:00:00,34.419586,25.162994,997.47375,-1.7667255,3.5730906,0.87282646,58.69373,0.0
2022-04-29 18:00:00,29.578064,26.53302,1000.7525,0.096038714,3.266386,0.11280553,83.7371,0.0
2022-04-30 00:00:00,28.665253,25.979736,999.28876,0.97302073,1.6586087,0.7873385,85.43787,0.0
2022-04-30 06:00:00,35.20816,24.499176,1000.51935,2.408536,-0.65025234,0.7691593,53.998196,0.0
2022-04-30 12:00:00,36.80008,23.764679,995.21185,-1.1499453,0.59014475,0.011569977,47.337246,0.0
2022-04-30 18:00:00,29.709137,26.814789,998.66437,0.78778744,2.8184748,0.016460419,84.49758,0.0
2022-05-01 00:00:00,28.570038,25.987213,997.34625,0.44788814,0.6296646,0.8442367,85.94936,0.0
2022-05-01 06:00:00,36.286163,23.81192,998.40125,1.8857899,-0.107987404,0.7612918,48.827923,0.0
2022-05-01 12:00:00,36.542023,23.208038,994.53876,-0.9525442,1.215891,0.29302216,46.425995,0.0
2022-05-01 18:00:00,29.71695,24.62796,999.2438,0.8579025,2.584734,0.13466586,74.18683,0.0
2022-05-02 00:00:00,28.375946,22.261139,997.41,3.5807009,-0.31944466,0.1338199,69.50578,0.0
2022-05-02 06:00:00,35.51175,23.99356,997.835,0.9432087,-2.0222359,0.785858,51.514126,0.0
2022-05-02 12:00:00,36.24283,22.771759,994.7475,-2.3472366,1.2052004,0.8870234,45.964394,0.0
2022-05-02 18:00:00,30.212494,26.48117,998.96375,0.63107586,2.2108011,0.21719666,80.49086,0.0
2022-05-03 00:00:00,28.67099,25.409515,997.9075,0.5462055,-0.044020653,0.7553178,82.56897,0.0
2022-05-03 06:00:00,35.44571,23.23648,999.17,0.021268845,-0.09306836,0.60936695,49.397194,0.0
2022-05-03 12:00:00,35.415436,24.545685,996.33813,-1.8446732,1.9576873,0.25854492,53.531693,0.47524273
2022-05-03 18:00:00,29.94162,26.619415,999.88873,-0.9429951,2.070055,0.2834423,82.42154,0.0
2022-05-04 00:00:00,28.678894,26.003693,999.20123,0.29343987,1.0610257,0.37053108,85.491356,0.00028684735
2022-05-04 06:00:00,34.931427,24.480011,1000.72064,-0.13967413,0.6547741,0.29991788,54.769302,0.0031460077
2022-05-04 12:00:00,34.99478,24.852936,997.28876,-2.4442883,0.8878969,0.32254028,55.807514,0.0
2022-05-04 18:00:00,28.134613,23.966644,1001.8006,1.0366774,0.5756171,0.46931076,78.14679,0.03509596
2022-05-05 00:00:00,26.90268,22.935333,999.16626,0.81793004,-0.24153423,0.8198167,78.92299,0.0
2022-05-05 06:00:00,34.633575,23.12613,1000.3169,0.38643837,-1.3536434,0.3341466,51.326763,0.0014305115
2022-05-05 12:00:00,34.378815,24.18631,996.1694,-1.0659332,0.22000271,0.30155945,55.491394,0.32770634
2022-05-05 18:00:00,30.666046,24.947174,1000.345,-1.2624321,2.1648579,0.10197637,71.606895,0.0
2022-05-06 00:00:00,29.127838,25.615234,998.8187,0.69417876,1.178427,0.71604335,81.4012,0.0
2022-05-06 06:00:00,34.54666,25.127228,999.4819,1.5245962,-0.07572359,0.98439884,58.15636,0.01983717
2022-05-06 12:00:00,35.688995,23.292755,995.1525,-0.09561539,0.15157211,0.028960876,48.904385,0.0629276
2022-05-06 18:00:00,30.47174,26.17215,999.6025,0.33862495,2.5575533,0.35179585,77.87004,0.0
2022-05-07 00:00:00,27.550018,24.659698,998.46686,0.6209472,0.17680645,0.54540986,84.28891,0.0
2022-05-07 06:00:00,35.202545,23.383453,998.90186,2.3999019,0.09415144,0.24698047,50.511967,0.0
2022-05-07 12:00:00,35.96292,23.645172,994.3256,0.46374798,0.15279633,0.39391136,49.20682,0.076532364
2022-05-07 18:00:00,30.15689,24.572906,997.755,0.05768454,2.1041217,1.0,72.096405,0.0
2022-05-08 00:00:00,28.5253,22.808502,996.295,1.3046789,0.013601303,0.9757381,71.23426,0.0
2022-05-08 06:00:00,35.134064,23.136993,996.6431,1.361083,-1.2298203,1.0,49.95455,0.0
2022-05-08 12:00:00,35.85208,22.47049,992.7456,-0.7077131,-0.17476976,1.0,46.111885,0.0
2022-05-08 18:00:00,30.729736,24.385773,995.8212,2.4419432,1.6266034,1.0,68.9923,0.0
2022-05-09 00:00:00,28.710236,22.381256,994.535,3.120844,-0.5173044,1.0,68.66933,0.0
2022-05-09 06:00:00,34.271637,23.266937,994.90564,4.3385153,-0.7526398,1.0,52.818214,0.0
2022-05-09 12:00:00,34.13968,21.691193,992.35626,2.3384228,0.13922691,1.0,48.350056,0.24721026
2022-05-09 18:00:00,31.549347,22.787872,994.70374,3.390809,0.7378574,1.0,59.800167,0.0
2022-05-10 00:00:00,28.473663,22.61972,993.59436,4.4732714,0.50410694,1.0,70.63484,0.0
2022-05-10 06:00:00,31.41153,23.227509,995.6856,4.253231,-1.3923311,1.0,61.895527,0.0
2022-05-10 12:00:00,32.468903,23.011627,992.83185,3.9342618,-0.106143,1.0,57.540737,0.0
2022-05-10 18:00:00,29.43161,22.87088,995.6794,4.7683964,1.1713226,1.0,67.84912,0.0
2022-05-11 00:00:00,28.719635,21.970856,994.29,3.3382268,0.47871816,1.0,66.93786,0.0
2022-05-11 06:00:00,31.344147,22.621307,996.1912,5.7060156,0.06768131,1.0,59.893696,0.0
2022-05-11 12:00:00,30.932343,22.136383,994.3075,3.2334838,-0.7388458,1.0,59.534203,0.0
2022-05-11 18:00:00,28.687653,21.627594,997.5675,4.577936,0.14601594,1.0000012,65.670906,0.0
2022-05-12 00:00:00,27.541107,21.728302,996.77625,2.3923268,0.8474142,0.93003154,70.641014,0.0
2022-05-12 06:00:00,34.66922,22.554169,997.82874,4.6315966,0.5872672,0.30972716,49.48028,0.0
2022-05-12 12:00:00,32.246613,20.915314,995.38873,3.9930022,-1.0337143,0.7799173,51.273727,0.056385994
2022-05-12 18:00:00,28.181915,20.487213,998.41626,4.882244,-0.8651037,0.90765494,63.055397,0.0
2022-05-13 00:00:00,26.989044,19.491364,997.4331,3.6979413,0.21239829,0.9912235,63.5689,0.0
2022-05-13 06:00:00,32.40506,21.06491,997.84875,3.9322243,1.212625,0.8255691,51.286106,0.0
2022-05-13 12:00:00,33.717316,21.669708,994.9506,1.1183321,0.55928844,0.9546617,49.43896,0.0
2022-05-13 18:00:00,29.819244,21.923859,997.6475,1.327459,0.8998656,0.57099587,62.638237,0.031858683
2022-05-14 00:00:00,28.834137,22.271149,996.29376,3.1751757,0.595051,0.59091526,67.72267,0.0
2022-05-14 06:00:00,33.358795,23.88852,997.96,4.01161,0.420241,0.8890113,57.70406,0.44056773
2022-05-14 12:00:00,32.6315,24.393463,995.58,0.4396962,3.5320807,0.573356,61.961586,0.0
2022-05-14 18:00:00,28.696869,23.736359,999.01,1.6287699,1.1665063,0.6768824,74.59367,0.0
2022-05-15 00:00:00,28.531097,22.588348,998.1256,2.9188557,1.2431223,0.85283357,70.26562,0.0068680616
2022-05-15 06:00:00,34.85916,23.440002,998.2031,3.8616,1.0373938,0.9420334,51.658024,8.940697e-05
2022-05-15 12:00:00,34.73575,21.848053,995.3837,2.9165525,0.23170471,0.89696074,47.223255,0.0
2022-05-15 18:00:00,29.542694,21.869781,999.64624,2.946989,-0.15768713,0.6633681,63.43419,0.0
2022-05-16 00:00:00,27.532928,22.851837,997.6294,2.696992,0.78659356,0.9880551,75.675354,0.0030510128
2022-05-16 06:00:00,32.73404,23.833252,998.90314,3.6190453,-0.6927563,0.9839637,59.567745,0.033084303
2022-05-16 12:00:00,32.900177,23.43332,995.1069,-0.44699,1.1744521,0.9929582,57.608604,0.31542474
2022-05-16 18:00:00,28.029694,25.236847,998.23315,0.32880157,2.4336817,0.9936529,84.831024,0.07058087
2022-05-17 00:00:00,28.348236,23.539948,995.97375,1.3763888,0.59754354,0.9450599,75.22442,0.0
2022-05-17 06:00:00,34.547882,24.16687,997.3162,1.2623725,2.6825953,0.9594275,54.907913,0.06275933
2022-05-17 12:00:00,32.69693,24.656342,993.67377,-1.7662039,4.165468,0.52248096,62.712242,0.0
2022-05-17 18:00:00,29.016632,24.959198,997.2388,0.9947208,2.5797887,0.96201897,78.7905,0.16935092
2022-05-18 00:00:00,28.443146,24.261444,996.33813,1.283787,2.5946493,0.93829226,78.12656,0.0
2022-05-18 06:00:00,34.224518,24.028412,997.09937,2.3985758,2.689598,0.91663915,55.442333,0.00057591475
2022-05-18 12:00:00,30.907501,25.239471,994.98627,2.163049,2.6831217,0.92526627,71.86667,0.9093322
2022-05-18 18:00:00,28.38144,24.933807,998.575,1.179059,2.9597816,0.627755,81.62418,0.0
2022-05-19 00:00:00,27.640839,23.428925,998.4,1.9225588,2.4171648,0.7502584,77.869225,0.0042915344
2022-05-19 06:00:00,34.09781,23.34842,999.4394,4.3200083,2.0001373,0.98375285,53.595478,0.010102987
2022-05-19 12:00:00,31.457184,24.983307,996.9956,3.3725138,2.3112335,0.94941145,68.59639,0.15760191
2022-05-19 18:00:00,28.509491,22.903473,1000.51624,2.5594807,0.67154163,0.3177696,71.71114,0.0
2022-05-20 00:00:00,27.863007,23.29831,999.895,2.0306702,2.122549,0.30143493,76.26155,0.0
2022-05-20 06:00:00,34.876007,23.140106,1000.0575,3.3674402,1.8493538,0.91481656,50.68349,0.024893321
2022-05-20 12:00:00,31.617096,24.511505,997.52313,2.5366044,2.1514323,0.7331801,66.08695,0.6735477
2022-05-20 18:00:00,29.485199,22.677155,1000.5469,2.9411373,0.22539198,0.3295372,66.84994,0.0
2022-05-21 00:00:00,28.026337,23.21225,999.445,2.2906923,1.614642,0.9212679,75.14675,0.0
2022-05-21 06:00:00,35.299225,22.38504,999.6069,4.8334694,1.5092402,0.4520001,47.294044,0.0019073486
2022-05-21 12:00:00,35.00992,21.496124,996.21814,4.8998494,1.1357374,0.29042536,45.5207,0.10338426
2022-05-21 18:00:00,29.642487,21.487335,999.07,4.593424,-0.044922948,0.1455769,61.61307,0.0
2022-05-22 00:00:00,28.68991,22.600006,997.815,3.6915808,1.437385,0.46328747,69.67012,0.0
2022-05-22 06:00:00,35.751617,22.020416,997.6725,5.7054586,-0.3580532,0.21609902,45.114826,0.0003813766
2022-05-22 12:00:00,34.15323,21.580597,995.215,5.6006927,-0.11878586,0.89808106,47.987907,0.0
2022-05-22 18:00:00,29.992767,21.893951,997.73627,5.011999,0.3824913,0.77810097,61.90331,0.00028684735
2022-05-23 00:00:00,29.10556,21.884003,996.89874,3.2550468,0.88736963,0.46006995,65.11227,0.0
2022-05-23 06:00:00,35.956573,22.432953,997.0106,4.6256533,-0.11351794,0.98581046,45.742912,0.0
2022-05-23 12:00:00,37.014313,20.079498,994.2919,1.334096,0.9378214,0.5828489,37.36461,0.0034347177
2022-05-23 18:00:00,30.762604,22.769684,997.4437,2.9865437,0.85704374,0.019991819,62.472736,0.0
2022-05-24 00:00:00,29.24356,23.656525,997.78375,2.829071,1.1240361,0.99074185,71.92319,0.0
2022-05-24 06:00:00,37.015045,22.124176,999.1863,2.8880804,0.3379733,0.6995564,42.3606,0.0
2022-05-24 12:00:00,36.167145,22.056305,997.1125,-1.0040474,3.154429,0.6305715,44.19149,0.110566616
2022-05-24 18:00:00,29.551422,24.256622,1000.8819,0.48431015,2.6157417,0.98752993,73.25089,0.0
2022-05-25 00:00:00,28.998383,23.678864,999.59375,1.7309098,0.86902946,0.9928718,73.04844,0.0
2022-05-25 06:00:00,36.38736,22.617218,1000.9175,1.6775295,-0.2466631,0.5558207,45.175682,0.00038160942
2022-05-25 12:00:00,35.66983,21.828522,997.3794,-0.5146742,2.4898193,0.50175476,44.79119,0.02842606
2022-05-25 18:00:00,29.433594,24.217743,1001.67,0.39341277,2.832613,0.36889708,73.57863,0.0
2022-05-26 00:00:00,28.776642,24.857208,1000.615,0.7681909,2.3280067,0.42974848,79.4088,0.0
2022-05-26 06:00:00,36.02237,23.534393,1001.375,2.2138023,1.9805021,0.1614288,48.71986,0.025365967
2022-05-26 12:00:00,32.150543,24.302765,998.5669,0.9143642,4.128085,0.5267608,63.322342,0.12979098
2022-05-26 18:00:00,28.390015,23.609406,1001.59875,2.3472934,1.0994929,0.5766601,75.356636,0.0
2022-05-27 00:00:00,28.662079,22.58902,1000.2612,2.7907767,1.3165586,0.2244044,69.736206,0.0
2022-05-27 06:00:00,35.892975,22.310516,1000.66437,3.535773,0.12020528,0.29811335,45.56283,0.0076293945
2022-05-27 12:00:00,31.062775,25.869293,998.3069,1.2903677,0.55548286,0.90181875,73.94722,5.184412
2022-05-27 18:00:00,28.55664,24.461945,1000.3375,0.98727995,1.2652484,0.18029171,78.55098,0.0
2022-05-28 00:00:00,28.52127,22.375702,999.1156,2.770296,1.0436082,0.21693516,69.40322,0.0
2022-05-28 06:00:00,35.558746,21.93692,1000.1094,3.8697681,1.0668044,0.22796766,45.365658,0.00095320866
2022-05-28 12:00:00,34.341583,23.794464,997.34564,-0.06669617,2.993081,0.6427294,54.312862,0.6948416
2022-05-28 18:00:00,29.306,24.84903,1000.0156,1.5904052,1.692785,0.20847028,76.97572,0.0
2022-05-29 00:00:00,28.570648,22.543,999.105,2.5774918,1.1544528,0.5196206,69.91165,0.0
2022-05-29 06:00:00,35.040436,22.302277,999.58435,3.6060066,0.93367416,0.03053606,47.735382,0.00972813
2022-05-29 12:00:00,32.7847,23.983673,996.8644,-0.5434513,2.7462263,0.80900794,59.937542,1.823979
2022-05-29 18:00:00,27.971954,25.218597,999.5144,0.52312934,2.7825289,0.88477933,85.02468,0.0
2022-05-30 00:00:00,28.644104,23.629364,998.3544,1.8241925,1.734875,0.601765,74.341896,0.0
2022-05-30 06:00:00,35.055817,22.415863,999.035,2.9454317,0.6354985,0.4541027,48.02533,0.0035273843
2022-05-30 12:00:00,32.932037,24.277802,996.3113,0.29917043,1.5166228,0.6128162,60.501163,1.0743034
2022-05-30 18:00:00,28.450775,24.682098,999.46936,1.1089718,1.0214715,0.87094194,80.0832,0.0
2022-05-31 00:00:00,28.025604,22.411285,997.21936,4.129715,-0.10413265,0.50124043,71.58896,0.0
2022-05-31 06:00:00,34.142975,22.144684,998.6625,4.6333275,-0.67970085,0.9794644,49.697487,0.0
2022-05-31 12:00:00,31.49759,24.211823,995.7275,0.07837731,4.0094786,0.7619685,65.35326,0.16382709
2022-05-31 18:00:00,29.461548,23.184723,999.26874,1.3423097,2.0629666,0.9780533,69.03056,0.0
2022-06-01 00:00:00,28.562683,22.397858,997.59937,4.3018637,0.3741008,1.0000001,69.32983,0.0
2022-06-01 06:00:00,35.2399,22.29599,997.98,4.6697626,-0.42640668,0.88226944,47.19317,0.0006672926
2022-06-01 12:00:00,34.897736,22.610992,995.0525,3.8020477,0.6469488,0.62867695,49.02558,0.22273092
2022-06-01 18:00:00,29.809052,23.675812,998.8181,0.74648553,1.9278284,0.064949036,69.69684,0.0
2022-06-02 00:00:00,28.936157,22.344757,997.7488,3.8810158,0.53289825,0.19745493,67.62577,0.0
2022-06-02 06:00:00,35.9274,21.871857,997.6887,4.109006,0.240201,0.33282617,44.277058,9.5460564e-05
2022-06-02 12:00:00,36.382477,21.84964,994.9288,0.08477688,1.3263136,0.54615784,43.12498,0.19582501
2022-06-02 18:00:00,30.242767,22.2565,997.90125,2.770807,1.355062,0.9508194,62.38451,0.0
2022-06-03 00:00:00,29.057648,22.443146,996.6244,3.424635,0.22229785,0.8013496,67.55479,0.0
2022-06-03 06:00:00,35.867096,22.136261,997.1731,3.910065,0.018699646,0.018037446,45.14634,0.0048645306
2022-06-03 12:00:00,35.919098,23.773956,994.765,-0.56505394,3.6753979,0.2480774,49.709568,0.9615205
2022-06-03 18:00:00,30.117157,22.805328,998.4256,2.076311,1.5381868,0.034228217,64.96564,0.0
2022-06-04 00:00:00,29.058868,23.059479,996.6194,3.2485228,0.27808475,0.28569114,70.12222,0.0
2022-06-04 06:00:00,36.014313,22.727203,997.1312,2.0760145,0.6832919,0.010979977,46.41975,0.0026710331
2022-06-04 12:00:00,35.468414,24.220123,995.1275,-1.3318958,4.4258823,0.6700025,52.344532,0.032316893
2022-06-04 18:00:00,29.610748,24.747711,998.0756,0.24816191,3.2286253,0.91649336,75.1781,0.0
2022-06-05 00:00:00,29.202087,24.327606,997.3237,1.5065503,1.6019418,0.5721202,75.06161,0.0
2022-06-05 06:00:00,36.16446,23.13797,997.6144,2.6986706,2.16086,0.7772509,47.19761,0.019458123
2022-06-05 12:00:00,35.075592,24.446442,995.5375,2.1763668,2.474485,0.93385226,54.224457,0.17687958
2022-06-05 18:00:00,27.509796,24.620514,998.85565,0.8236495,2.3368325,0.88714457,84.28981,0.0
2022-06-06 00:00:00,27.28714,24.005585,998.1425,2.1613207,0.4862349,0.99154776,82.30647,0.0
2022-06-06 06:00:00,34.43106,23.207428,998.13,3.0263736,0.51405257,0.8985796,52.16363,0.0036247075
2022-06-06 12:00:00,32.043854,26.394073,996.89813,1.1057248,0.40017837,0.9864976,72.142395,1.1555665
2022-06-06 18:00:00,27.170929,25.073425,999.6394,-0.57546586,0.8971269,0.99915785,88.336334,0.0
2022-06-07 00:00:00,26.155304,23.58957,997.92126,2.7469187,1.4623854,0.9984427,85.80234,0.0
2022-06-07 06:00:00,32.02188,23.893768,999.8306,3.2055454,1.9758186,0.99055666,62.238194,0.014398933
2022-06-07 12:00:00,32.625153,22.621857,997.185,1.9020222,2.2349262,0.999118,55.704353,0.0
2022-06-07 18:00:00,28.69345,25.266998,999.90875,1.8507712,2.176531,0.9991211,81.76548,0.0
2022-06-08 00:00:00,28.004791,22.78543,998.1912,3.530962,1.0102575,0.9673652,73.32246,0.0
2022-06-08 06:00:00,34.838165,22.654877,998.32874,4.315243,0.09083408,0.42648512,49.319004,0.0
2022-06-08 12:00:00,34.816193,22.915924,995.9425,2.412,1.6043944,0.75504476,50.166786,0.06568432
2022-06-08 18:00:00,29.766144,24.105133,998.5525,2.251915,1.9682511,0.01657486,71.69597,0.0
2022-06-09 00:00:00,28.768097,22.228668,997.39124,3.430622,0.70743775,0.42592013,67.80687,0.0
2022-06-09 06:00:00,35.46463,22.197357,997.95935,3.4063978,0.6992532,0.44233876,46.331627,0.0
2022-06-09 12:00:00,36.05533,21.710968,995.9725,1.6964585,2.6339235,0.32144648,43.5366,0.13938546
2022-06-09 18:00:00,30.043,24.162018,998.98315,0.84835637,2.2255774,0.98999006,70.80498,0.0
2022-06-10 00:00:00,29.029236,23.90567,998.53186,1.7661831,1.4027243,0.9785329,73.91991,0.0
2022-06-10 06:00:00,35.043243,22.376617,999.21375,3.8207493,0.75233537,0.93951476,47.94426,0.0049583614
2022-06-10 12:00:00,34.62271,23.964142,996.6825,1.9395461,3.560041,0.99999964,54.018528,0.282038
2022-06-10 18:00:00,28.67044,24.179962,1000.2944,1.286231,2.1275852,0.8750694,76.72627,0.0
2022-06-11 00:00:00,29.19455,22.718292,999.6744,3.2085233,0.45303816,0.99999994,68.151085,0.0
2022-06-11 06:00:00,33.98477,22.937103,1000.04626,3.8495255,1.8236933,0.39241177,52.6099,0.0
2022-06-11 12:00:00,32.364166,25.699738,997.71686,-0.4520939,4.07312,0.8787859,67.99637,0.32800436
2022-06-11 18:00:00,29.651764,24.398102,1000.28314,1.3118507,1.5009711,0.8445153,73.44861,0.0
2022-06-12 00:00:00,28.654663,22.608795,999.75,2.8799238,0.65446424,0.9955451,69.85,0.0
2022-06-12 06:00:00,35.121735,22.511322,1000.1219,3.5436764,0.817985,0.89820105,48.128727,0.0021932647
2022-06-12 12:00:00,32.858795,24.72464,997.8013,1.298861,1.9416842,0.5598414,62.397415,1.3812306
2022-06-12 18:00:00,28.692108,23.31607,1001.10126,1.8789248,0.18093967,0.9342651,72.74757,0.0
2022-06-13 00:00:00,27.913055,22.108734,1000.6069,3.1935778,-0.16708183,0.93798846,70.74569,0.0
2022-06-13 06:00:00,34.396515,22.454926,1000.8206,3.228719,-0.6880121,0.98892426,49.93425,9.534415e-05
2022-06-13 12:00:00,36.289703,22.316925,997.0019,1.0272388,0.12139171,0.9967417,44.5972,0.00028463546
2022-06-13 18:00:00,29.348602,24.16397,1000.7569,0.62871397,3.2205734,0.29608738,73.70235,0.0
2022-06-14 00:00:00,28.701141,21.88382,999.6256,2.961937,0.5089226,0.7867689,66.65479,0.0
2022-06-14 06:00:00,35.22293,22.440094,999.2394,1.7702591,-1.1117992,0.858703,47.653244,0.0032433309
2022-06-14 12:00:00,35.48819,22.841583,997.48,0.02342987,3.1210456,0.97678995,48.117924,0.20510471
2022-06-14 18:00:00,28.8154,24.951141,1000.775,-0.39188886,2.4448004,0.9982797,79.67588,0.0
2022-06-15 00:00:00,26.961334,23.856476,998.55,1.0972209,1.3233654,0.98181236,83.14694,0.0
2022-06-15 06:00:00,34.427887,22.961334,999.6156,2.5447226,-1.2077875,0.74015695,51.402027,0.004576985
2022-06-15 12:00:00,32.40518,25.125519,996.8212,2.104312,1.5955539,0.96113676,65.56271,2.053929
2022-06-15 18:00:00,27.277588,25.202911,1000.915,-0.15786326,0.86425996,0.9900916,88.465126,0.0
2022-06-16 00:00:00,26.435944,24.926788,998.7875,1.284859,0.7844164,0.9947192,91.43664,0.0
2022-06-16 06:00:00,33.849884,23.468048,999.40063,1.7497098,-0.81390476,0.67090064,54.736042,0.016212463
2022-06-16 12:00:00,32.443512,25.502289,996.85565,0.034300804,3.1137826,0.9124733,66.90374,0.7401109
2022-06-16 18:00:00,26.187042,24.650543,1000.6912,1.3471375,0.7555644,0.96228945,91.27214,0.0
2022-06-17 00:00:00,26.54599,24.272125,998.65564,1.8877497,-0.13923168,0.9917681,87.357414,0.0
2022-06-17 06:00:00,31.910797,24.152863,1000.1044,0.6231211,1.2630153,1.0,63.613247,0.006584946
2022-06-17 12:00:00,31.901642,24.705841,997.03564,0.020524979,2.7322302,0.99827325,65.7889,0.5614296
2022-06-17 18:00:00,27.474182,24.793457,999.8831,1.049517,2.8266897,0.91676724,85.34308,0.0
2022-06-18 00:00:00,26.69809,23.714294,999.0975,0.16289657,1.1078756,0.4523409,83.72503,0.022981316
2022-06-18 06:00:00,33.559723,23.716095,1000.22186,1.0616636,1.2999525,0.86707157,56.469284,0.0048633665
2022-06-18 12:00:00,31.435455,23.989594,997.29126,-0.12009716,2.6954975,0.9904348,64.715454,0.19242428
2022-06-18 18:00:00,27.437042,25.374634,1000.1725,0.46898866,1.7961321,0.37337476,88.54254,0.0
2022-06-19 00:00:00,26.781158,24.757355,999.4963,1.2308792,1.3844128,0.6063666,88.69422,0.0
2022-06-19 06:00:00,33.398712,23.737396,1000.4225,3.0592318,-0.43553263,0.94285905,57.054054,0.0
2022-06-19 12:00:00,31.665436,25.080536,997.4025,-0.33878517,3.501104,0.47857547,68.18369,0.33374283
2022-06-19 18:00:00,26.69284,25.109985,999.85876,0.20434916,1.3771172,0.7480488,91.05174,0.0
2022-06-20 00:00:00,27.045807,23.62558,999.1181,1.6979386,0.73254347,0.5714588,81.593575,0.0
2022-06-20 06:00:00,32.85135,23.942352,999.6219,2.782093,-0.31245857,0.87423974,59.565025,0.013162382
2022-06-20 12:00:00,33.35782,23.592743,996.0613,-0.13743132,2.7005997,0.9053412,56.68903,0.038514845
2022-06-20 18:00:00,28.125275,24.483978,999.1188,0.894635,1.3838518,0.67565995,80.65304,0.0
2022-06-21 00:00:00,27.681122,22.608795,997.77313,3.544304,-0.23680115,0.8557982,73.924706,0.0003874302
2022-06-21 06:00:00,32.70877,23.461853,998.0094,4.0400267,-0.030129194,0.9551691,58.33306,0.0018067658
2022-06-21 12:00:00,33.081573,22.669708,995.27435,2.4481764,1.4128314,0.7648203,54.44966,0.6060116
2022-06-21 18:00:00,27.609955,23.028473,998.3806,2.1864944,1.1470287,0.9515854,76.14519,0.0
2022-06-22 00:00:00,27.424652,21.964203,997.7512,3.0137544,-0.41146564,0.99730086,72.15588,0.0
2022-06-22 06:00:00,32.66861,22.414276,999.1319,4.3714437,-0.1200856,0.9876187,54.871834,0.0
2022-06-22 12:00:00,32.50833,22.85727,997.71936,0.49362755,3.136183,1.0,56.87875,0.06791949
2022-06-22 18:00:00,27.99295,24.605377,1000.9531,0.71428823,1.8780843,0.9987186,81.86991,0.0
2022-06-23 00:00:00,27.578278,22.604523,999.5419,1.4165084,-0.24082375,0.9952653,74.351295,0.0
2022-06-23 06:00:00,33.217194,23.25882,1000.4319,3.4059944,1.087124,1.0000001,55.998463,0.005055219
2022-06-23 12:00:00,33.407013,23.497772,997.3137,1.0935135,2.5159755,0.9928717,56.21021,0.059779733
2022-06-23 18:00:00,28.437042,25.515533,1000.3212,0.54319614,1.9706409,0.9967154,84.227295,0.0
2022-06-24 00:00:00,27.921082,22.869171,999.3744,2.758814,-0.22018051,0.6829731,74.05616,0.0
2022-06-24 06:00:00,34.422028,22.854156,999.67126,5.0282736,1.3374088,0.3525939,51.086098,0.0008577481
2022-06-24 12:00:00,35.50357,21.862091,995.41815,2.4192305,0.5018223,0.8812926,45.296726,0.0
2022-06-24 18:00:00,29.136322,22.223663,998.895,2.0719604,0.89975667,0.991968,66.356255,0.0
2022-06-25 00:00:00,28.144684,21.784576,997.34564,4.223918,0.18599045,0.9747872,68.430145,0.0
2022-06-25 06:00:00,32.77298,21.912628,998.1919,5.546852,0.6238801,1.0,52.90873,0.0
2022-06-25 12:00:00,32.404877,20.271393,995.22125,4.706687,0.2024031,0.99999994,48.840096,0.0
2022-06-25 18:00:00,29.464813,19.881866,997.77374,2.7279196,1.2959948,1.0,56.38683,0.0
2022-06-26 00:00:00,28.593964,22.28061,996.77686,2.6154933,0.4819005,0.9992786,68.71227,0.0
2022-06-26 06:00:00,34.283478,21.148346,998.0675,4.6170673,0.018553317,1.0000002,46.395664,0.0019073486
2022-06-26 12:00:00,35.16263,20.110382,995.83624,2.3470135,0.56144136,0.51181304,41.448013,0.0
2022-06-26 18:00:00,29.587585,21.135895,999.83624,1.8510017,0.9825287,0.7061854,60.491,0.0
2022-06-27 00:00:00,28.139252,21.588654,998.6856,3.9635487,0.31718284,0.8437533,67.63694,0.0
2022-06-27 06:00:00,34.76529,20.811676,998.8675,4.896161,-0.5864413,0.8874703,44.24436,0.0
2022-06-27 12:00:00,34.249542,21.723053,997.3106,2.783308,-0.9938116,0.988869,48.148556,0.003911089
2022-06-27 18:00:00,29.542542,21.085602,1000.4231,2.818954,0.44556522,0.9999999,60.461308,0.0
2022-06-28 00:00:00,28.06247,21.751984,999.2725,3.2577314,-0.17631054,0.97344244,68.62197,0.0
2022-06-28 06:00:00,34.163605,21.546967,999.48126,3.516327,0.013970792,0.6211698,47.86158,0.0
2022-06-28 12:00:00,34.826935,21.717438,995.795,2.1522646,0.10237777,0.29374713,46.611526,0.12890995
2022-06-28 18:00:00,29.506042,21.712921,998.7294,2.7244782,0.9086952,0.23394656,62.96228,0.0
2022-06-29 00:00:00,28.255676,22.037567,997.6906,3.9804401,-0.52229214,0.27290186,69.047066,0.0
2022-06-29 06:00:00,35.11966,21.102814,997.96185,4.47029,-0.22523242,0.44913867,44.167007,0.0007634517
2022-06-29 12:00:00,35.428864,20.750275,994.2575,5.425742,0.31671256,0.71633095,42.487328,0.008564675
2022-06-29 18:00:00,28.523651,23.221893,997.71063,3.539076,0.38762093,0.30361396,73.04576,0.0
2022-06-30 00:00:00,27.789642,21.927338,996.3787,3.9138489,-0.772954,0.996149,70.473434,0.0
2022-06-30 06:00:00,34.646637,22.145844,997.54877,5.2186165,-0.12200701,0.80315757,48.327213,0.00085809734
2022-06-30 12:00:00,32.893707,22.082306,995.6163,6.392184,0.973341,0.9982305,53.097004,0.0
2022-06-30 18:00:00,27.24765,21.614899,998.34686,4.357229,-0.46102333,0.9639878,71.3692,0.097073615
2022-07-01 00:00:00,27.945099,22.797516,996.7775,4.325717,-0.1570797,0.8977723,73.63207,0.0
2022-07-01 06:00:00,34.38553,22.019806,997.04626,5.751624,-0.90611553,0.612333,48.6588,0.0
2022-07-01 12:00:00,33.785553,23.81961,994.95123,3.910566,-0.84455204,0.79262286,56.10876,1.0688901
2022-07-01 18:00:00,28.688019,21.505402,998.085,4.79862,-0.5933056,0.85027105,65.18042,0.0
2022-07-02 00:00:00,28.439789,22.303436,996.6125,3.5035162,-0.5009699,0.99604493,69.42676,0.0
2022-07-02 06:00:00,34.05948,22.399292,995.99,5.0945845,-2.1888533,0.5808952,50.70909,0.0
2022-07-02 12:00:00,35.837433,21.409698,993.235,2.525444,-0.1752997,0.37010914,43.257103,0.012584031
2022-07-02 18:00:00,28.687958,24.070343,998.1306,1.4503511,1.0307873,0.98205245,76.145775,0.20063274
2022-07-03 00:00:00,28.262909,23.09488,996.1256,2.82582,0.44544876,0.9892945,73.59432,0.0
2022-07-03 06:00:00,33.214874,22.304169,997.8719,4.4224386,-0.3710078,0.995109,52.85657,0.0
2022-07-03 12:00:00,33.707672,22.683624,995.01,4.1003866,0.5650567,0.98075694,52.616207,0.26727772
2022-07-03 18:00:00,27.286224,22.467133,998.1887,6.0712996,-0.54499817,0.96129864,75.00523,0.0
2022-07-04 00:00:00,29.060883,20.53653,997.32623,6.7451982,-0.67933464,0.9600776,60.101624,0.0
2022-07-04 06:00:00,32.880157,19.38321,997.0594,6.4339285,-1.4754429,0.9926893,45.00185,0.058252364
2022-07-04 12:00:00,33.682404,21.220612,994.64,4.96982,-0.3698477,0.7461588,48.191895,0.029318035
2022-07-04 18:00:00,29.372955,20.831085,998.3119,4.6084943,0.7442142,0.98580754,60.108055,0.0
2022-07-05 00:00:00,28.209625,21.291595,996.945,4.9276695,0.2515707,0.9999998,66.14603,0.0
2022-07-05 06:00:00,33.42044,20.227936,996.8794,6.8959694,0.2421326,0.9904192,46.004475,0.0
2022-07-05 12:00:00,30.640167,22.646027,995.4881,4.206003,0.102599144,1.0,62.441437,0.09725988
2022-07-05 18:00:00,27.053192,22.574127,998.3075,4.6566515,0.4982748,0.99777275,76.53348,0.0
2022-07-06 00:00:00,27.56845,22.859253,997.3706,3.1775746,0.5415306,0.9991579,75.55221,0.4162628
2022-07-06 06:00:00,31.786163,22.144562,998.9288,4.19304,1.0539072,1.0,56.73973,0.0
2022-07-06 12:00:00,31.29654,21.96048,997.7456,3.1153245,-0.40534383,1.0,57.68932,0.107373804
2022-07-06 18:00:00,27.515045,22.237091,1000.47064,4.291292,0.421009,0.9918111,72.97855,0.0
2022-07-07 00:00:00,27.92215,21.65384,999.79626,3.5162659,0.70425606,0.99383,68.772,0.09527652
2022-07-07 06:00:00,32.329865,22.372223,1001.2919,3.4594736,1.6949065,0.9999999,55.787827,0.0
2022-07-07 12:00:00,30.289886,22.990387,999.59,5.904191,0.18701166,0.9912551,65.050064,0.37309122
2022-07-07 18:00:00,26.997528,21.687408,1000.36127,4.412759,-1.1413336,0.9209287,72.74637,0.0
2022-07-08 00:00:00,27.367767,21.646881,998.3819,4.4986734,-0.44789696,0.9951537,71.00726,0.25990605
2022-07-08 06:00:00,33.832916,21.359161,999.85876,5.3316526,-0.9186287,0.98703545,48.1957,0.0
2022-07-08 12:00:00,33.651276,20.088654,996.64435,3.9682636,-0.3005581,0.77146876,45.02417,9.685755e-05
2022-07-08 18:00:00,28.912262,22.048004,999.4487,4.934725,-0.8159256,1.0000001,66.5068,0.0
2022-07-09 00:00:00,26.80838,22.999481,997.915,4.656743,0.44240314,0.99999994,79.67062,1.9959775
2022-07-09 06:00:00,32.335236,21.599274,997.85126,6.2716885,-0.25524747,0.9583486,53.202915,0.0
2022-07-09 12:00:00,30.595062,22.082611,995.96814,4.3856354,0.6271004,0.9999993,60.494144,0.0
2022-07-09 18:00:00,26.335114,22.59665,998.65564,5.1479206,0.3047632,0.998022,79.94773,0.39439392
2022-07-10 00:00:00,27.220795,22.212006,997.52185,3.7330885,0.63426745,0.99915785,74.134155,0.0
2022-07-10 06:00:00,32.77774,21.405243,998.625,5.176009,1.235697,0.9973009,51.278942,0.0
2022-07-10 12:00:00,33.455963,21.773956,996.3794,4.5003705,0.20372432,1.0,50.488174,0.0
2022-07-10 18:00:00,28.357513,21.928375,999.95123,5.138836,-0.07058239,1.0000002,68.18364,0.0
2022-07-11 00:00:00,27.746124,21.442657,999.5494,4.0600452,1.0177555,0.99912155,68.59034,0.0
2022-07-11 06:00:00,32.879913,21.193024,1001.22687,4.705653,1.3149761,0.9991092,50.32589,0.0
2022-07-11 12:00:00,30.499786,22.646149,999.215,3.22151,0.68520707,0.9948739,62.94548,0.14942884
2022-07-11 18:00:00,28.261993,21.632416,1001.3025,4.7081184,0.39783132,0.9973009,67.33527,0.0
2022-07-12 00:00:00,28.101898,21.897491,1000.1119,4.1062555,1.2912617,1.0,69.07547,0.0
2022-07-12 06:00:00,34.269196,20.33902,999.89374,6.636961,0.10955006,0.78698236,44.17583,0.0
2022-07-12 12:00:00,34.206818,20.380646,996.4994,5.7315197,1.3583248,0.5956902,44.4437,0.0
2022-07-12 18:00:00,28.755402,20.861115,1000.1769,5.371496,0.28179127,0.9955573,62.409615,0.0
2022-07-13 00:00:00,28.487091,21.283844,998.1906,3.6952372,2.03965,0.9999997,65.05624,0.0
2022-07-13 06:00:00,34.645782,19.963165,998.22064,8.625997,0.9231843,0.9900331,42.26616,0.0
2022-07-13 12:00:00,33.39041,21.009186,995.005,7.050354,0.99161214,0.998219,48.354668,0.0
2022-07-13 18:00:00,29.006622,20.40506,998.3137,5.434249,0.7655377,0.9038568,59.803635,0.0
2022-07-14 00:00:00,28.718353,20.674042,996.41125,3.5076227,1.9780293,0.9931995,61.82782,0.0
2022-07-14 06:00:00,34.888092,19.663605,996.53375,7.486043,1.3013291,0.99999994,40.934177,0.0
2022-07-14 12:00:00,33.193756,18.908234,994.135,7.0297966,0.6454896,0.9995546,42.92614,0.0
2022-07-14 18:00:00,28.953888,20.013824,997.7294,5.626459,0.9233446,0.99867594,58.55323,0.0
2022-07-15 00:00:00,27.898407,20.542511,996.8119,2.7997417,2.158842,0.98538405,64.32511,0.0
2022-07-15 06:00:00,33.91812,20.134186,998.1881,7.0562687,0.23583551,0.969582,44.482677,0.0
2022-07-15 12:00:00,33.84903,20.212677,995.70935,6.1192455,-0.30492306,0.6361851,44.871918,0.0
2022-07-15 18:00:00,29.287872,21.021881,998.9244,4.8072834,-0.05015081,0.99999994,61.116768,0.0
2022-07-16 00:00:00,28.276642,21.402191,997.8144,2.659481,1.4121797,0.94112176,66.33658,0.0
2022-07-16 06:00:00,35.136993,20.92862,998.3025,5.2073526,-0.15494275,0.95585823,43.654957,0.0
2022-07-16 12:00:00,30.917633,24.91977,997.1138,3.8278568,-1.4491396,0.9960457,70.46981,0.9383559
2022-07-16 18:00:00,28.554352,22.354156,1000.135,3.046687,-0.46717072,0.99730515,69.17931,0.0
2022-07-17 00:00:00,28.197662,22.365143,998.3231,2.5633676,0.47614613,1.0,70.67633,0.0
2022-07-17 06:00:00,34.783234,22.359528,998.70123,4.1050215,0.47725445,1.0,48.589916,0.0012419187
2022-07-17 12:00:00,32.215363,24.88675,997.51874,0.5694712,2.1318784,1.0,65.33295,0.09320164
2022-07-17 18:00:00,28.428345,23.513702,1000.01874,1.9262733,1.6228528,0.9881477,74.75648,0.0
2022-07-18 00:00:00,27.971588,22.591583,998.97876,2.4797509,0.16851425,0.9675652,72.60572,0.0009536743
2022-07-18 06:00:00,32.335724,23.016815,1000.1294,3.657785,-0.24943727,0.9999999,57.99325,0.02088094
2022-07-18 12:00:00,32.080353,23.106842,998.03937,2.3407803,-1.2161779,1.0,59.15799,0.00088965707
2022-07-18 18:00:00,28.3945,22.473907,1000.745,3.7151659,-0.04578972,0.9893166,70.33502,0.0
2022-07-19 00:00:00,27.460297,22.181427,999.52313,3.1856012,-0.28494167,0.66800964,72.96507,0.0
2022-07-19 06:00:00,35.089874,21.601837,999.83875,2.3902552,-0.75689316,0.21024683,45.613632,0.0006672926
2022-07-19 12:00:00,36.493073,21.875397,995.6119,-1.0066423,-0.69038296,0.8752557,42.931644,0.022638123
2022-07-19 18:00:00,29.529144,23.877289,1000.6731,-0.21691501,2.698512,0.98667,71.6935,0.05513286
2022-07-20 00:00:00,27.797028,24.307953,999.255,1.1223326,0.6047449,0.85131997,81.3499,0.0
2022-07-20 06:00:00,34.50528,23.617554,999.9075,1.5964904,0.6114808,0.5794805,53.250248,0.0015255064
2022-07-20 12:00:00,35.057037,22.979095,996.7925,-0.50008297,1.8206528,0.35707724,49.691128,0.26237404
2022-07-20 18:00:00,28.188751,24.7164,999.8169,1.9312226,-0.18113881,0.22773719,81.48006,0.0
2022-07-21 00:00:00,28.182343,23.829834,998.53815,1.7365615,0.22101784,0.3296038,77.29156,0.0
2022-07-21 06:00:00,34.392365,23.654144,998.8244,2.7724113,-1.161335,0.1372118,53.70403,0.020310283
2022-07-21 12:00:00,33.740143,23.328522,996.8775,-1.0214291,1.3593938,0.46903017,54.61108,0.68952143
2022-07-21 18:00:00,25.687286,24.242523,1001.6769,1.0180217,1.1684372,0.99999934,91.74446,0.8979205
2022-07-22 00:00:00,26.34024,24.605133,999.3375,0.58642614,1.2820973,0.9922447,90.204765,0.0
2022-07-22 06:00:00,31.861359,24.414337,999.90875,2.800396,-1.5858669,0.9819895,64.79943,0.0020029033
2022-07-22 12:00:00,34.856598,23.225983,997.34436,1.7266607,-1.7783403,0.91773736,51.0021,0.012864017
2022-07-22 18:00:00,27.028137,25.116455,1000.76373,-0.7334893,2.0416374,0.99397093,89.3085,0.0
2022-07-23 00:00:00,26.589996,24.371826,998.8137,1.9272461,0.8547616,1.0,87.65332,0.0
2022-07-23 06:00:00,33.3472,23.205109,999.40436,3.3346786,-0.14988399,1.0000017,55.411427,0.0010486692
2022-07-23 12:00:00,31.521515,25.349579,996.2625,1.234231,0.9954832,0.50136095,69.853096,0.39024365
2022-07-23 18:00:00,27.102448,24.382172,1000.565,0.5374594,1.8988972,0.9983222,85.103836,0.0
2022-07-24 00:00:00,26.78003,22.68222,998.6962,3.3123112,0.25454593,1.0,78.28411,0.0
2022-07-24 06:00:00,31.972565,23.433624,1000.0744,3.5927124,-1.0284796,1.0,60.706512,0.0
2022-07-24 12:00:00,31.647491,24.658295,997.6425,0.8116932,0.9771759,0.99883926,66.554726,0.7291198
2022-07-24 18:00:00,27.04544,25.234161,1000.35815,0.31617528,1.6786644,0.9866415,89.84529,0.0
2022-07-25 00:00:00,27.58664,22.718658,999.28375,2.0152707,0.748718,0.9591088,74.83137,0.005722046
2022-07-25 06:00:00,33.341827,22.940765,1000.1244,2.7755413,-2.3738422,0.744419,54.548897,0.0
2022-07-25 12:00:00,33.20157,22.725616,997.515,-1.7477264,-0.9029789,0.95585936,54.267693,0.10928977
2022-07-25 18:00:00,27.60141,23.723663,1001.895,0.58381367,1.0791798,0.96992654,79.44757,0.1424402
2022-07-26 00:00:00,25.769653,24.701141,1001.34564,0.5687681,1.6625967,0.99999964,93.838425,0.0
2022-07-26 06:00:00,31.46695,23.26889,1001.4775,1.5737476,-0.6307068,0.99999833,61.85525,0.0
2022-07-26 12:00:00,28.496979,25.031036,998.315,0.3858204,0.3709755,0.98677164,81.54935,1.660943
2022-07-26 18:00:00,26.241058,24.53299,1001.72314,-0.3726158,0.18823242,0.89984846,90.34393,2.043295
2022-07-27 00:00:00,24.901642,23.825073,1000.78937,1.1441803,0.34118938,0.8327101,93.75423,0.0
2022-07-27 06:00:00,31.034698,24.171783,1001.08875,-0.25177985,-2.2822437,0.88454604,66.93738,0.04025211
2022-07-27 12:00:00,30.772552,24.598846,998.3675,-2.1749954,-0.31422234,0.77630067,69.70699,0.29071012
2022-07-27 18:00:00,26.84555,24.49179,1001.67126,0.50975704,1.6663036,0.9951415,86.96702,0.47889352
2022-07-28 00:00:00,26.221954,24.059723,1000.3719,0.8979203,0.027417898,0.6318412,87.91641,0.0
2022-07-28 06:00:00,32.07596,24.65149,1001.5087,-0.01563549,-1.015336,0.8894656,64.9314,0.09926973
2022-07-28 12:00:00,31.241241,25.034637,998.3219,-1.8156013,0.4523039,0.5629883,69.6572,0.8048731
2022-07-28 18:00:00,27.548065,25.329071,1002.1375,-0.8394785,1.0433139,0.89506865,87.73103,0.0
2022-07-29 00:00:00,27.179962,24.839539,1000.53375,-0.025530875,0.44211912,0.99108875,87.066475,0.0
2022-07-29 06:00:00,32.136017,24.431915,1001.48376,-1.2427864,0.47188437,1.0000005,63.866608,0.02803549
2022-07-29 12:00:00,32.210114,24.052216,997.8237,-1.1492043,1.3967489,0.9258726,62.167908,0.0
2022-07-29 18:00:00,28.41681,25.309082,1000.8744,-0.23601955,2.383256,0.59499604,83.297935,0.0
2022-07-30 00:00:00,27.73819,24.210266,999.5681,0.9380978,0.99898195,0.96689475,81.15328,0.0011435696
2022-07-30 06:00:00,32.905426,24.50058,999.8769,1.2746059,-0.4626646,0.4256633,61.4057,0.07476509
2022-07-30 12:00:00,31.545685,24.332,996.4263,-2.0621424,1.4134557,0.31273365,65.64614,0.7607467
2022-07-30 18:00:00,26.83194,24.711823,999.4288,2.0356789,1.6197157,0.5579073,88.18944,0.0
2022-07-31 00:00:00,26.23172,24.150879,997.3325,0.65800476,0.25401878,0.95182604,88.34778,0.02498278
2022-07-31 06:00:00,33.01004,25.232605,998.14685,1.4421866,0.18396866,0.28789794,63.77164,0.0
2022-07-31 12:00:00,33.062897,24.840729,994.4231,-0.9612751,2.7002075,0.99915713,62.114502,0.025367133
2022-07-31 18:00:00,27.140778,24.736755,999.03815,1.6942186,1.6022012,0.9873584,86.7329,0.7576786
2022-08-01 00:00:00,26.042877,23.881866,997.3625,1.5358858,0.48015946,0.9354768,87.907745,0.0
2022-08-01 06:00:00,32.791412,24.887573,998.1131,2.9383469,0.5716575,0.99067825,63.246864,0.058852136
2022-08-01 12:00:00,30.319489,25.603271,994.6456,0.4745202,2.8437538,0.89001304,75.94963,1.7329977
2022-08-01 18:00:00,26.53952,23.621857,997.65,1.2359643,1.0964297,0.98614824,84.041664,0.0
2022-08-02 00:00:00,26.409454,23.105133,995.32935,3.0556898,-0.66711235,0.9813244,82.08822,0.0
2022-08-02 06:00:00,31.583405,23.810486,996.745,3.267827,0.3002544,0.9999998,63.486397,0.0049583614
2022-08-02 12:00:00,31.818085,23.208893,993.6287,0.20160961,1.098973,1.0,60.414963,0.15311316
2022-08-02 18:00:00,27.725616,22.600555,996.71,1.4769497,0.36783868,1.0000001,73.69586,0.0
2022-08-03 00:00:00,26.319,22.45694,994.95,3.3062792,0.2924952,0.9853536,79.34763,0.0
2022-08-03 06:00:00,30.567047,23.28357,997.3169,2.4478602,-1.3715553,1.0,65.17056,0.0037904829
2022-08-03 12:00:00,29.478424,25.179474,994.5925,0.08767611,-0.10963249,1.0,77.72976,1.4475702
2022-08-03 18:00:00,27.082367,24.521759,997.60376,1.2041516,0.7748837,0.9669938,85.91923,0.0
2022-08-04 00:00:00,26.437378,23.481934,995.8762,1.4878273,1.4120051,0.9928719,83.839294,0.023540307
2022-08-04 06:00:00,28.898895,24.529236,997.86127,3.841467,1.7230196,1.0,77.3179,0.58048487
2022-08-04 12:00:00,28.452972,24.916046,995.8806,1.874691,2.0425844,1.0,81.19942,0.0
2022-08-04 18:00:00,26.614471,22.483795,998.23,4.470149,0.92614585,1.0,78.1043,0.0
2022-08-05 00:00:00,26.72232,21.65158,996.84375,4.629324,1.1810278,0.99756455,73.77146,0.0
2022-08-05 06:00:00,30.681244,22.601929,998.71936,3.8890257,1.1984081,0.9850974,62.128468,0.39045513
2022-08-05 12:00:00,29.815582,22.474884,996.63873,4.4775457,1.7856226,1.0,64.78911,0.0
2022-08-05 18:00:00,26.706085,22.097015,999.3425,4.866227,1.1109618,1.0,75.877174,0.39847714
2022-08-06 00:00:00,26.105133,22.147675,997.46185,3.6294086,1.8102703,1.0,78.85883,0.0
2022-08-06 06:00:00,33.361725,21.27475,998.1956,5.8457375,1.4013232,1.0000001,49.22838,0.0
2022-08-06 12:00:00,31.78189,22.310455,995.9275,3.5128708,0.87484837,0.9779663,57.32953,0.0073462725
2022-08-06 18:00:00,28.17807,21.804962,998.2369,4.373472,0.60877687,0.9983223,68.3823,0.12870133
2022-08-07 00:00:00,27.833282,21.613556,996.6281,3.1922169,1.5084457,1.0,68.95955,0.0
2022-08-07 06:00:00,32.99002,21.6456,997.1319,5.807477,2.03298,1.0,51.420986,0.005819835
2022-08-07 12:00:00,31.87442,22.494904,994.60876,4.0289164,1.7256947,1.0,57.67265,0.41190255
2022-08-07 18:00:00,28.662994,21.206818,997.97626,4.4380302,0.28779328,1.0000001,64.091705,0.0
2022-08-08 00:00:00,27.336395,22.58255,996.40686,2.922265,1.8026228,0.99646467,75.31111,0.32428652
2022-08-08 06:00:00,32.702667,22.147858,997.1819,7.1362753,1.7563076,1.0,53.885937,0.0
2022-08-08 12:00:00,33.053375,21.785797,994.2025,5.020936,1.355206,0.9463398,51.679058,0.07286854
2022-08-08 18:00:00,29.16159,20.041412,997.6937,5.242873,0.89317125,0.915547,57.95268,0.0
2022-08-09 00:00:00,27.717316,21.402496,997.3019,2.5589628,2.2190113,0.9811427,68.53708,0.0
2022-08-09 06:00:00,33.092926,20.950348,997.3856,6.5166464,1.4835398,0.9999999,48.99124,0.000762986
2022-08-09 12:00:00,33.07669,20.432281,994.96936,4.6341095,0.92672557,0.9986761,47.496105,0.0
2022-08-09 18:00:00,28.409576,20.15921,997.91437,3.9425974,0.54714715,1.0,60.97786,0.0
2022-08-10 00:00:00,26.713348,21.610931,996.8713,2.2350216,1.5324326,0.9961989,73.6272,0.0
2022-08-10 06:00:00,34.2731,20.669586,997.71936,5.968896,2.1331882,0.97738093,45.075893,0.0
2022-08-10 12:00:00,33.71292,20.84903,994.5619,4.6337724,1.0942123,0.9857892,47.024033,0.0
2022-08-10 18:00:00,29.149078,19.202301,998.1856,5.462222,0.36996287,0.93759423,55.050488,0.0
2022-08-11 00:00:00,27.766815,20.53836,997.72626,3.6129246,0.23456848,0.9773984,64.80463,0.0
2022-08-11 06:00:00,34.617218,21.339142,998.53687,5.9883747,-0.01556915,0.9549364,46.078255,0.0
2022-08-11 12:00:00,34.63626,20.928741,996.0644,3.9985914,0.05776596,0.6507513,44.884514,0.00047683716
2022-08-11 18:00:00,29.556122,20.80777,1000.1456,3.7416873,0.40180302,0.9987187,59.39104,0.0
2022-08-12 00:00:00,28.338104,22.242035,999.305,3.6079054,-0.4381466,0.989775,69.57799,0.0
2022-08-12 06:00:00,34.6326,21.41806,999.47876,4.588272,0.19393986,0.77814937,46.26204,0.0
2022-08-12 12:00:00,33.78311,21.89444,997.4919,3.4000301,-1.4288177,0.9467185,49.938206,0.0013348181
2022-08-12 18:00:00,30.229218,20.936188,1000.61,2.7046926,0.9409389,0.7736077,57.589245,0.0
2022-08-13 00:00:00,28.339264,21.37613,999.35815,3.2394705,-0.2684145,0.9763176,65.9899,0.0
2022-08-13 06:00:00,35.103546,21.30185,999.2531,3.8998291,-0.40609837,0.9937723,44.749508,0.0003814057
2022-08-13 12:00:00,34.28177,21.841827,997.21,2.8683338,-1.1094599,1.0,48.412155,0.0
2022-08-13 18:00:00,29.79007,20.708038,1000.0144,3.9272203,-0.0754385,1.0,58.23752,0.0
2022-08-14 00:00:00,27.92398,20.886017,999.2356,3.2280025,-0.52337074,1.0,65.60221,0.0
2022-08-14 06:00:00,34.074738,20.730682,1000.53375,4.513319,-1.5022993,0.99999994,45.74886,0.0
2022-08-14 12:00:00,34.283722,20.964386,998.045,2.4539795,-0.8149995,1.0,45.8738,0.010299962
2022-08-14 18:00:00,29.320648,22.641632,1000.9313,1.105454,2.0369663,0.99999994,67.34249,0.0
2022-08-15 00:00:00,28.008942,21.804657,1000.3006,2.502612,0.8231166,1.0,69.05826,0.0
2022-08-15 06:00:00,34.97354,21.337433,1001.4175,2.9554973,-0.14910465,1.0,45.171368,0.00038160942
2022-08-15 12:00:00,35.457184,21.124298,998.8544,0.14203072,2.195544,1.0000002,43.407543,0.0009529758
2022-08-15 18:00:00,29.401337,23.949799,1001.59314,-0.15241528,2.3880072,0.99999976,72.53948,0.0
2022-08-16 00:00:00,28.294128,23.764923,1000.675,0.27954483,1.1570017,0.592722,76.49096,0.0
2022-08-16 06:00:00,34.743073,22.586823,1001.1394,0.9629173,2.3780146,0.3028238,49.375584,0.030526455
2022-08-16 12:00:00,31.72049,24.40976,998.3619,-1.4652662,3.6541204,0.54403996,65.301285,0.015771452
2022-08-16 18:00:00,28.5206,24.5896,1002.1325,0.114388466,2.9437323,0.6340204,79.319145,0.14232099
2022-08-17 00:00:00,27.54889,24.181427,1001.65063,0.78180575,2.4004784,0.9112011,81.91456,0.0
2022-08-17 06:00:00,34.30655,22.988586,1001.3931,1.8195152,1.2135429,0.84506315,51.835823,0.0
2022-08-17 12:00:00,32.269318,25.48294,998.2925,0.102562964,0.9924467,0.9150776,67.4876,1.953315
2022-08-17 18:00:00,26.955505,24.938934,1001.85315,-1.1048594,1.1027529,0.94886875,88.746254,1.7018089
2022-08-18 00:00:00,26.03775,24.355255,1000.0519,0.8549875,1.2090757,0.9980225,90.46853,0.0
2022-08-18 06:00:00,33.88907,23.939362,1000.32623,1.85674,-1.1387653,0.3621872,56.188255,0.0
2022-08-18 12:00:00,33.636627,23.136261,998.0681,-2.340806,0.26863366,0.9813415,54.293888,0.18382445
2022-08-18 18:00:00,27.934631,25.345703,1001.11127,0.892791,2.450921,0.95614463,85.856834,0.0
2022-08-19 00:00:00,26.28601,24.909058,999.83685,1.0360144,2.2365208,0.94832,92.15183,0.16886945
2022-08-19 06:00:00,33.42862,23.268402,1000.1806,2.8518572,-1.485631,1.0,55.370407,0.0
2022-08-19 12:00:00,33.473297,23.23288,997.83435,1.3880329,-1.6819744,1.0,55.11358,0.06981287
2022-08-19 18:00:00,29.336517,24.295258,1000.84436,1.3284405,2.5323083,0.9980223,74.336716,0.0
2022-08-20 00:00:00,28.042969,24.25174,1000.9487,1.5383968,1.9460018,1.0,79.921135,0.0
2022-08-20 06:00:00,31.621857,22.262543,1000.8237,3.3591442,-0.34002322,0.9991581,57.684135,0.0
2022-08-20 12:00:00,34.070953,22.253204,997.1131,2.3657837,-0.085018575,1.0,50.2283,0.0005662441
2022-08-20 18:00:00,29.767609,22.11856,999.64935,1.658598,1.9641752,0.9264464,63.574875,0.0
2022-08-21 00:00:00,27.62854,23.093292,1000.09564,1.6723138,1.9383817,0.9270231,76.36133,0.0
2022-08-21 06:00:00,34.929718,22.521149,999.9462,2.871726,0.51226145,0.941284,48.672466,0.0
2022-08-21 12:00:00,32.932648,24.056183,997.1125,2.2637827,1.3059797,0.79874027,59.70002,0.8337498
2022-08-21 18:00:00,26.89737,23.657806,1000.28815,1.1059277,1.2829907,0.7821189,82.468216,0.0
2022-08-22 00:00:00,27.648651,22.529572,998.1231,3.0012398,-0.23032951,0.19028842,73.70972,0.0
2022-08-22 06:00:00,34.564484,22.766327,999.04,4.8773584,-0.45501602,0.5746043,50.413902,0.002383953
2022-08-22 12:00:00,32.44388,22.479034,997.34875,1.3465164,2.455534,0.60075617,55.79087,0.27317974
2022-08-22 18:00:00,27.232086,22.007965,1001.6319,3.2715216,1.3187854,0.99999994,73.169754,0.0
2022-08-23 00:00:00,26.04184,23.717712,999.3837,2.5705042,1.5921996,0.99021053,87.049255,0.0005705049
2022-08-23 06:00:00,33.5795,23.227142,998.92065,5.031459,0.06457043,1.0000001,54.767776,0.067344405
2022-08-23 12:00:00,33.335114,22.802643,997.4775,-0.054387093,0.59823453,0.9918286,54.11471,0.0
2022-08-23 18:00:00,27.220367,21.106476,1001.97437,1.7775717,1.0473738,0.9719351,69.29085,0.00035762787
2022-08-24 00:00:00,26.139954,23.249725,1000.78125,3.221778,-0.19172192,0.992693,84.13733,0.09079532
2022-08-24 06:00:00,30.177704,23.701721,1001.82623,4.7581215,-1.1596756,0.8822861,68.34251,0.14258386
2022-08-24 12:00:00,30.876984,21.87564,998.5606,2.8636918,-0.22356552,0.8527979,58.780594,0.09891671
2022-08-24 18:00:00,28.32666,21.08554,1001.0062,2.9038916,0.23377073,0.70646375,64.8717,0.0
2022-08-25 00:00:00,26.677734,22.17215,999.28815,2.082756,0.03293705,0.9932507,76.35258,0.06407872
2022-08-25 06:00:00,32.529205,22.017303,1000.5575,2.3091898,-1.6005602,0.8920341,53.984226,0.0
2022-08-25 12:00:00,29.512482,24.101898,997.58435,-1.0078259,1.236182,0.9048492,72.73727,0.48527682
2022-08-25 18:00:00,25.892853,23.980255,1000.2419,2.2004337,-0.19271564,0.9451507,89.21789,0.0
2022-08-26 00:00:00,25.763672,23.668488,998.1869,2.5716982,-0.82162285,0.9771978,88.23322,0.06326288
2022-08-26 06:00:00,33.48123,23.378632,999.3644,0.9192734,-1.9340801,0.96430373,55.57606,0.0
2022-08-26 12:00:00,28.588165,24.771118,997.23,-1.6695004,1.4427118,1.0000001,79.870316,0.0064373016
2022-08-26 18:00:00,25.03238,24.075256,1001.2506,1.4259489,1.6933806,1.0,94.43521,0.07999571
2022-08-27 00:00:00,24.952118,23.674072,998.6312,1.8851538,0.86802876,0.9622129,92.62676,0.0
2022-08-27 06:00:00,31.344025,23.9328,999.85126,3.139843,-0.799243,0.98095554,64.83129,0.06629154
2022-08-27 12:00:00,32.237946,23.213898,996.5569,1.5454931,0.6513562,0.99999994,59.01367,0.7235445
2022-08-27 18:00:00,27.120453,23.170197,1000.5475,2.8399618,-0.14706993,1.0,79.03492,0.0
2022-08-28 00:00:00,26.254547,22.50644,998.41815,1.8082314,-0.11827183,0.8152209,79.89013,9.522773e-05
2022-08-28 06:00:00,32.630157,22.913666,999.6769,1.2023004,-0.85145473,0.83375305,56.68264,0.05750592
2022-08-28 12:00:00,30.000763,24.573914,996.07874,-1.5233002,1.4240979,0.80995405,72.75011,1.9025573
2022-08-28 18:00:00,26.24646,24.72284,1000.3169,0.89345944,0.39728636,0.99245507,91.3461,0.0
2022-08-29 00:00:00,25.522064,24.271698,999.03064,0.56104696,0.36097246,0.56653494,92.81078,0.2574158
2022-08-29 06:00:00,31.770416,24.857391,1000.9825,2.1105504,-1.6797848,0.24269587,66.882744,0.0
2022-08-29 12:00:00,30.026642,24.499664,997.65125,-2.0873947,0.7191851,0.5380781,72.32003,0.4566815
2022-08-29 18:00:00,26.787018,25.20691,1000.7512,1.4606304,0.53071445,0.5294908,91.07262,0.0
2022-08-30 00:00:00,26.6539,24.820435,999.35376,0.7507126,-0.56105995,0.27484047,89.69839,0.0
2022-08-30 06:00:00,32.722565,24.76767,1001.08875,-0.8081589,-0.5844488,0.3189394,63.039684,0.024503727
2022-08-30 12:00:00,31.025177,25.164001,997.5613,-2.1506233,0.082837105,0.51252973,71.065796,0.11566709
2022-08-30 18:00:00,26.40683,24.580597,1001.51874,0.6592436,1.0074615,0.6510118,89.719215,0.96406746
2022-08-31 00:00:00,26.15268,24.374664,999.47064,0.47086525,0.16230446,0.96239436,89.96028,0.0
2022-08-31 06:00:00,30.940216,24.591095,1000.6956,-1.3707571,-0.44754112,0.9820182,69.01083,0.034616735
2022-08-31 12:00:00,27.719635,24.25473,998.6744,-0.7059822,-0.9922943,0.99999994,81.45819,0.24551612
2022-08-31 18:00:00,25.157135,24.417908,1000.72687,0.10352421,0.8815232,0.973195,95.681595,0.0
2022-09-01 00:00:00,25.18991,24.082703,999.0494,0.14426574,-0.876667,0.89414024,93.59496,0.0017046616
2022-09-01 06:00:00,26.621613,24.55835,1001.08185,1.049007,-0.27499866,1.0,88.47254,1.440114
2022-09-01 12:00:00,27.569305,24.476288,998.4281,-0.937912,0.112641096,1.0000004,83.27524,0.0
2022-09-01 18:00:00,25.190643,24.134277,1001.1881,0.3342082,0.79618716,0.9033062,93.88104,0.0
2022-09-02 00:00:00,25.49762,23.947296,1000.5112,-0.26174247,-0.53972185,0.27417642,91.153404,0.0
2022-09-02 06:00:00,30.588043,24.727173,1001.6175,0.42008162,1.4818459,0.6520418,70.98865,0.023555912
2022-09-02 12:00:00,31.005096,24.823761,999.1406,-1.34132,0.9042812,0.52951133,69.71841,1.1200663
2022-09-02 18:00:00,26.712372,24.823822,1000.9919,0.35722595,2.4795308,0.4158066,89.40817,0.0
2022-09-03 00:00:00,26.44986,23.90448,1000.51685,1.0203183,1.1546831,0.21957475,85.93632,0.0
2022-09-03 06:00:00,32.32364,25.104095,1001.28564,1.0151098,0.2946151,0.6888034,65.78134,0.045883857
2022-09-03 12:00:00,32.687897,24.877197,997.6225,-0.18820572,1.7015905,0.77808255,63.577312,0.61990005
2022-09-03 18:00:00,27.250519,25.426208,1000.9938,0.1371553,2.1924515,0.9768638,89.790405,0.0
2022-09-04 00:00:00,26.845428,25.131653,999.7081,0.8986549,0.8872825,0.8258689,90.354416,0.0
2022-09-04 06:00:00,33.412262,24.808807,999.8244,1.8867683,-0.05394119,0.49069482,60.792572,0.03061267
2022-09-04 12:00:00,32.347687,25.143951,996.7525,-1.5241117,1.1872869,0.42885208,65.84818,0.029828303
2022-09-04 18:00:00,26.03949,24.81308,1002.04126,1.3492861,1.2633625,0.8532062,92.97032,1.0597949
2022-09-05 00:00:00,25.688507,24.097168,1000.02936,1.3486471,-0.42552376,0.19584203,90.941315,0.0
2022-09-05 06:00:00,32.52176,25.635193,1000.38873,0.49328524,-0.003978133,0.7056063,67.136665,0.059156105
2022-09-05 12:00:00,29.946259,25.895508,997.03186,-0.538085,2.5247717,0.89182234,78.95055,1.3833956
2022-09-05 18:00:00,26.758179,24.871338,1000.39935,0.77537704,-0.04307753,1.0000002,89.420715,0.0
2022-09-06 00:00:00,26.590302,24.741241,998.26373,1.4291224,0.026869953,0.91043836,89.610245,0.0
2022-09-06 06:00:00,32.339264,25.516846,999.90375,1.9005318,0.49910247,0.933971,67.35695,0.101183124
2022-09-06 12:00:00,30.04898,24.919037,997.3781,0.7513788,2.2357373,0.6000262,74.06004,0.03194385
2022-09-06 18:00:00,25.85904,24.227203,1000.3769,1.8041961,0.6099023,0.99912494,90.731705,0.0
2022-09-07 00:00:00,26.209503,22.865387,999.0631,1.5958462,0.5890393,1.0,81.866425,0.0
2022-09-07 06:00:00,30.874664,23.478088,1000.7944,2.6229544,1.0912428,1.0,64.79085,0.002289191
2022-09-07 12:00:00,30.006042,24.155426,998.0769,1.4186976,1.2624347,1.0,70.92739,0.008392148
2022-09-07 18:00:00,26.823334,21.854889,1001.14374,3.6832962,-0.2972232,1.0,74.25083,0.0
2022-09-08 00:00:00,26.24234,22.958069,999.4294,3.3201642,0.8111861,1.0,82.16769,0.16562386
2022-09-08 06:00:00,31.11612,23.327698,1000.17,4.6289625,0.83099556,0.9991579,63.327324,0.0
2022-09-08 12:00:00,30.681854,23.789978,997.3862,0.96831906,0.41589344,1.0,66.75083,0.0
2022-09-08 18:00:00,27.289948,24.281036,999.5756,1.2497034,1.0902148,0.9853769,83.66442,0.0
2022-09-09 00:00:00,26.809296,22.50412,998.5094,2.8423214,0.6285095,0.95371735,77.30905,0.08162111
2022-09-09 06:00:00,32.68741,23.51941,1000.29626,3.959075,0.683694,0.9617171,58.60634,0.0
2022-09-09 12:00:00,32.58133,23.933807,996.2981,2.6478846,1.3078208,0.60236734,60.44692,0.012018021
2022-09-09 18:00:00,28.196014,24.223175,999.90875,2.9515524,-0.2839926,0.56003183,79.07618,0.0
2022-09-10 00:00:00,27.072235,22.402191,998.8619,2.2247639,1.2212131,0.8881332,75.653534,0.0
2022-09-10 06:00:00,32.64322,23.020325,1000.23376,4.426922,1.1828152,1.0,57.00782,0.0022882596
2022-09-10 12:00:00,32.084503,22.983734,996.7425,3.118053,1.312948,1.0,58.705204,0.17396569
2022-09-10 18:00:00,28.14743,21.744415,1000.1931,3.7502155,-0.078973114,0.994966,68.25155,0.0
2022-09-11 00:00:00,26.95285,22.308075,998.7438,2.6047564,1.1934791,0.9980224,75.751076,0.0
2022-09-11 06:00:00,33.060455,22.993103,1000.03625,5.368511,1.6401157,0.9928719,55.593174,0.0
2022-09-11 12:00:00,32.520416,22.88675,996.6769,2.8153367,1.4894394,0.93461436,56.941586,0.0
2022-09-11 18:00:00,27.85672,22.299957,1000.065,2.5725036,0.07644558,0.98540306,71.809875,0.0
2022-09-12 00:00:00,26.71701,21.940887,998.4125,2.031518,1.5982563,0.86424404,75.109985,0.0
2022-09-12 06:00:00,33.944855,22.67392,999.3706,4.219367,1.4494731,0.99730027,51.892864,0.0
2022-09-12 12:00:00,34.138092,22.066193,996.8713,2.388029,1.7557895,0.8553927,49.47384,0.0003813766
2022-09-12 18:00:00,27.039001,24.334747,1001.02563,0.7657863,1.0163964,1.0000006,85.17907,0.0
2022-09-13 00:00:00,26.651031,21.868134,1000.4894,2.4337244,0.5931362,0.8713855,75.06832,0.0
2022-09-13 06:00:00,33.406525,22.959747,1001.7469,3.3258514,1.1156545,0.037475396,54.4139,0.02136454
2022-09-13 12:00:00,32.991364,23.027863,998.9431,0.7578392,2.6389341,0.39562887,55.927013,0.0
2022-09-13 18:00:00,27.515442,25.131073,1002.39,0.6486845,2.6540022,0.086261846,86.868835,0.0
2022-09-14 00:00:00,26.835297,24.378265,1002.4775,0.77127934,0.61086464,0.9325974,86.42999,0.0
2022-09-14 06:00:00,33.854523,22.70871,1003.52875,2.2770178,1.1797601,0.9449744,52.265514,0.033670694
2022-09-14 12:00:00,32.59549,24.330048,1000.65936,-1.1749821,2.970974,0.2966441,61.85208,0.0
2022-09-14 18:00:00,27.114563,24.859589,1004.3131,0.5497056,2.6212454,0.6201572,87.50588,0.0
2022-09-15 00:00:00,26.82962,24.029755,1003.1225,1.4592972,0.8897376,0.5364167,84.67035,0.0
2022-09-15 06:00:00,33.595978,22.216827,1004.21436,2.335536,0.80150586,0.37472546,51.46518,0.0
2022-09-15 12:00:00,33.285675,22.819,1000.46185,0.8241081,1.1337919,0.21724777,54.31883,0.0057201833
2022-09-15 18:00:00,27.652496,24.526825,1003.47375,1.0184548,1.6803722,0.91209626,83.1221,0.0
2022-09-16 00:00:00,27.513214,21.505035,1002.09875,2.2326465,0.6506592,0.87291926,69.79682,0.0
2022-09-16 06:00:00,34.0502,22.131256,1002.10376,2.1714668,0.40675163,0.83144766,49.914448,0.002289191
2022-09-16 12:00:00,33.874176,22.8096,998.1694,0.83362293,1.0306425,0.2516021,52.52852,0.0
2022-09-16 18:00:00,27.826721,24.735992,1001.2919,0.9754099,2.829442,0.95263445,83.31574,0.0
2022-09-17 00:00:00,27.643951,23.943207,1001.2019,1.2922316,1.4177713,0.9663491,80.30359,0.0
2022-09-17 06:00:00,34.034454,22.720978,1001.9994,2.4477053,0.98644525,0.7692805,51.781612,0.0049583614
2022-09-17 12:00:00,33.055206,23.141388,998.95685,0.23708075,1.968072,0.98602945,56.110634,0.0
2022-09-17 18:00:00,28.108154,25.373444,1001.51373,1.3288429,1.9501033,0.97808206,85.13293,0.0
2022-09-18 00:00:00,27.99768,22.474457,1001.5469,1.9138885,1.1066723,0.5658654,71.98142,0.0
2022-09-18 06:00:00,34.98575,22.79245,1001.83124,2.901311,-0.12646115,0.2575544,49.32692,0.0015264377
2022-09-18 12:00:00,32.055695,23.261566,999.53937,-1.3280869,1.4898891,0.9911139,59.797157,0.51900095
2022-09-18 18:00:00,27.30661,24.129852,1002.0831,0.1651972,2.4371681,1.0,82.82826,0.0
2022-09-19 00:00:00,27.476898,22.409698,1000.9269,2.2401288,0.42351913,1.0,73.9137,0.00667572
2022-09-19 06:00:00,34.162018,21.689606,1001.84186,3.240325,7.772446e-05,0.99999994,48.28518,0.0
2022-09-19 12:00:00,33.59964,20.788727,998.755,2.3344097,0.8856936,0.99043536,47.14777,0.0
2022-09-19 18:00:00,29.286224,22.793243,1001.6669,2.0032623,1.4605578,0.9960196,68.099846,0.0
2022-09-20 00:00:00,28.325287,21.551666,1000.79,2.9566383,0.16442299,1.0,66.7572,0.0
2022-09-20 06:00:00,33.70938,20.87857,1001.46814,3.1161988,-0.18320209,0.97949326,47.118885,0.00028591603
2022-09-20 12:00:00,34.03189,21.105621,997.70685,2.709657,0.24017173,0.48814368,46.927723,0.0
2022-09-20 18:00:00,28.714691,22.7034,1001.6794,1.684351,1.6340196,0.85231113,70.00791,0.0
2022-09-21 00:00:00,27.809235,21.385162,1000.70685,2.818263,0.47028923,0.03287573,68.09774,0.0
2022-09-21 06:00:00,34.97049,20.357574,1001.2456,3.7640667,-0.12319285,0.02486579,42.5363,0.0
2022-09-21 12:00:00,34.88199,20.859283,997.40436,2.0773115,0.83550644,0.5663033,44.087757,0.0
2022-09-21 18:00:00,28.574493,23.700104,1001.775,1.1715953,2.8978205,0.09953564,74.96157,0.0
2022-09-22 00:00:00,27.922974,20.64859,1001.0681,3.3493876,-0.06439209,0.11401587,64.65428,0.0
2022-09-22 06:00:00,35.198395,20.193878,1001.3638,3.725093,-0.5166061,0.44923854,41.5802,0.0001906883
2022-09-22 12:00:00,35.21756,19.41922,998.2556,2.188549,-0.3717953,0.5153687,39.588295,0.0
2022-09-22 18:00:00,28.942535,23.337677,1002.6806,0.8125291,2.5803945,0.3570344,71.79289,0.0
2022-09-23 00:00:00,27.62967,20.615997,1001.3875,3.1913521,0.13877583,0.7808318,65.63946,0.0
2022-09-23 06:00:00,35.418854,19.68631,1001.8038,3.4594755,-0.21449107,0.6677883,39.805187,0.0
2022-09-23 12:00:00,35.28885,19.037384,998.4963,1.6964045,-0.7538099,0.7395524,38.505905,0.0
2022-09-23 18:00:00,28.953339,22.874664,1001.915,1.4729383,1.3734531,0.4043061,69.76691,0.0
2022-09-24 00:00:00,28.401886,21.680695,1001.3706,3.1501417,-0.56326866,0.7579154,66.98702,0.0
2022-09-24 06:00:00,35.51419,20.02005,1001.4219,3.3979292,-1.8375435,0.6935802,40.42374,0.0
2022-09-24 12:00:00,35.3118,20.57193,997.6163,1.2489719,-0.8762703,0.51217526,42.29585,0.0003799796
2022-09-24 18:00:00,28.861359,21.685822,1001.29877,0.57636833,1.846624,0.81769615,65.24471,0.016402453
2022-09-25 00:00:00,28.301239,20.949615,999.71936,3.1174603,-0.41112423,0.84388375,64.42747,0.0
2022-09-25 06:00:00,34.67398,21.472382,1000.06,1.2135499,-2.1406107,0.29078242,46.3096,0.0020028092
2022-09-25 12:00:00,33.330597,23.126007,997.3044,-1.3676243,0.1711235,0.33054918,55.19847,0.19752374
2022-09-25 18:00:00,29.17456,23.994293,1001.295,0.22782248,1.9235277,0.54120827,73.69259,0.0
2022-09-26 00:00:00,26.01413,23.76941,1000.86,1.5183985,1.1923246,0.9123466,87.4638,0.020115733
2022-09-26 06:00:00,30.60196,22.059967,1002.96063,2.9601078,-0.4857645,0.97066224,60.38687,0.0
2022-09-26 12:00:00,27.643097,25.572968,998.4825,1.0672684,0.45883465,0.9581078,88.518394,1.2553754
2022-09-26 18:00:00,26.709076,25.124298,1002.01935,0.1038416,2.7693343,0.6432226,91.04234,0.26527047
2022-09-27 00:00:00,26.022247,23.491058,1000.39374,2.2186947,0.6746063,0.8676201,85.96819,0.0
2022-09-27 06:00:00,32.176544,22.731232,1000.29877,2.2564993,-2.3769894,0.43620017,57.513702,0.0012395903
2022-09-27 12:00:00,32.221466,24.727264,996.9931,0.76740265,-1.0106831,0.9940409,64.691444,0.0
2022-09-27 18:00:00,28.900513,24.519928,1000.1956,0.20772266,2.4003448,0.69140244,77.26758,0.07761875
2022-09-28 00:00:00,27.385925,23.370636,998.7612,1.7507892,2.1468673,0.7411142,78.76201,0.0
2022-09-28 06:00:00,32.727448,23.377716,999.90625,3.026783,-0.15546846,0.635633,57.976646,9.49949e-05
2022-09-28 12:00:00,33.551056,23.206757,997.07,1.0032234,1.0522541,0.48109275,54.78754,0.005910173
2022-09-28 18:00:00,26.480438,24.284088,1000.48,-0.26059806,0.34326923,0.998221,87.758575,0.07272617
2022-09-29 00:00:00,25.908356,23.851562,997.96936,2.2611866,0.3132524,0.9818526,88.44917,0.13572618
2022-09-29 06:00:00,31.307404,23.139557,999.41187,2.3938007,-1.198945,1.0,61.93319,0.0
2022-09-29 12:00:00,31.933624,23.35318,996.7056,-0.37512398,-0.38131,1.0,60.54595,0.0
2022-09-29 18:00:00,28.218658,24.128448,1000.40314,1.5236218,2.2625566,0.9787872,78.5245,0.0
2022-09-30 00:00:00,27.374603,22.07425,999.1287,3.5394754,-0.34142113,0.94164026,72.854904,0.0
2022-09-30 06:00:00,32.030914,22.238983,1000.625,3.8435488,-0.466824,0.9919705,56.28093,0.0
2022-09-30 12:00:00,32.623688,21.997833,997.03064,0.932132,1.0952959,0.99018204,53.63368,0.0
2022-09-30 18:00:00,28.799164,20.61502,1000.41376,4.060506,-0.23244381,0.99832153,61.31543,0.0
2022-10-01 00:00:00,27.031036,21.2529,999.8331,4.2504864,-0.47990608,0.9849813,70.69737,0.0
2022-10-01 06:00:00,32.257843,21.35495,1001.1319,6.1463966,-0.61338806,0.99324954,52.642746,0.00877236
2022-10-01 12:00:00,31.976715,21.210358,998.14,3.5927896,-0.10996246,0.9991581,53.01468,0.0
2022-10-01 18:00:00,28.227203,21.387115,1000.41565,3.270793,0.07462788,1.0,66.466324,0.0
2022-10-02 00:00:00,27.320465,20.967255,998.1869,4.4967146,0.11384678,0.9317651,68.29884,0.0007636845
2022-10-02 06:00:00,33.581207,21.701324,1000.1394,4.359604,-1.5509243,0.9962772,49.91327,0.0
2022-10-02 12:00:00,32.108063,23.06009,997.5112,0.12145215,-1.3674641,0.98558545,58.89851,0.0003799796
2022-10-02 18:00:00,27.814484,22.333649,1000.0581,4.6015577,0.31392813,0.9999991,72.13486,0.0
2022-10-03 00:00:00,27.314606,22.048187,998.405,3.8029585,0.053880036,0.9915472,72.99542,0.0
2022-10-03 06:00:00,33.21158,22.508453,999.3013,3.9217367,-2.576273,1.0000001,53.526997,0.0060070306
2022-10-03 12:00:00,32.979523,23.455963,996.9369,1.3517013,-2.0394983,0.9980224,57.430492,0.046780333
2022-10-03 18:00:00,28.800934,22.595245,1000.1525,2.8163376,0.61431456,0.9887088,69.20302,0.0
2022-10-04 00:00:00,27.397308,22.529633,998.2675,3.7768326,-0.78874207,0.9926896,74.802086,0.0
2022-10-04 06:00:00,32.380157,22.87564,999.20624,3.6827583,-2.5301247,0.99604464,57.355534,0.0012395903
2022-10-04 12:00:00,32.192657,24.649689,996.60315,0.83819646,-1.0711937,1.0,64.4972,0.0
2022-10-04 18:00:00,29.050598,21.529205,999.545,2.587507,1.1057394,0.9982177,63.918507,0.0043879263
2022-10-05 00:00:00,27.564758,22.699188,998.6275,2.655694,0.59848934,0.99955463,74.83876,0.018398248
2022-10-05 06:00:00,31.264069,22.856293,999.4519,3.5347538,-1.6309357,1.0,61.0308,0.0
2022-10-05 12:00:00,31.256012,23.657135,996.5425,-0.7037811,-0.4524356,1.0,64.08515,0.00019045547
2022-10-05 18:00:00,27.555786,22.894684,999.5556,0.30954373,1.4831933,0.9980223,75.770615,0.0
2022-10-06 00:00:00,26.613312,22.228546,998.47626,2.1174402,-0.46550083,0.9980222,76.90648,0.0007599592
2022-10-06 06:00:00,31.450226,22.280914,999.8881,2.9036512,-0.575408,0.99999994,58.31455,0.0
2022-10-06 12:00:00,31.707062,22.873688,996.76,1.2274475,0.16716301,0.9586123,59.576054,0.0
2022-10-06 18:00:00,27.710968,24.046051,1001.0006,-0.043205976,1.7031009,0.70031774,80.485344,0.03555417
2022-10-07 00:00:00,26.86795,22.134918,999.4525,1.8977165,0.67548835,0.97486025,75.33176,0.0
2022-10-07 06:00:00,31.124542,22.682709,1000.53937,1.8138589,-0.8274145,0.9909658,60.873775,0.005055219
2022-10-07 12:00:00,30.549042,22.819,998.1131,-1.4299879,-0.15055162,1.0000001,63.429688,0.06304309
2022-10-07 18:00:00,27.289032,23.942535,1001.59686,-0.08892441,1.2134591,1.0000005,81.986176,0.0
2022-10-08 00:00:00,26.139252,24.164398,1000.0806,-0.20715046,0.61571133,0.9999999,88.90396,0.40850198
2022-10-08 06:00:00,31.276764,22.868134,1001.54065,0.88134944,-1.5926561,0.42384863,61.030483,0.0
2022-10-08 12:00:00,31.140656,23.050446,998.65814,-1.8629589,-1.3209715,0.7903338,62.188023,0.0
2022-10-08 18:00:00,25.911163,23.39035,1001.8119,-1.2014103,-2.6154585,0.93659884,86.011246,0.012889504
2022-10-09 00:00:00,25.254242,23.734528,1000.7006,0.41386127,-1.0460253,0.99912125,91.30613,0.740276
2022-10-09 06:00:00,27.427032,23.84845,1002.765,0.83398914,-1.4455004,0.99999857,80.86732,0.0
2022-10-09 12:00:00,28.35147,24.260101,999.5575,0.71369267,1.0380011,0.7460094,78.537766,0.10833025
2022-10-09 18:00:00,25.079132,24.231445,1003.09686,0.8708657,0.24739683,0.7899056,95.05913,0.0
2022-10-10 00:00:00,24.677216,23.771057,1002.39185,0.6989391,-0.5521275,0.99668074,94.710884,0.0
2022-10-10 06:00:00,30.796661,24.802155,1003.4981,0.8560919,-0.117425025,0.90943235,70.46191,0.01554484
2022-10-10 12:00:00,28.519012,25.015198,1000.33435,-1.4679337,-0.10732752,0.99533176,81.36818,0.1963737
2022-10-10 18:00:00,26.486603,24.98996,1003.7612,-0.41446686,1.4235456,0.913437,91.50795,0.0
2022-10-11 00:00:00,25.502594,23.752655,1002.15936,0.60263026,-0.33557117,0.8425186,90.066055,0.0
2022-10-11 06:00:00,30.776031,24.636261,1003.5206,-0.9393215,-0.38209897,0.90523344,69.849236,0.23193122
2022-10-11 12:00:00,29.838776,24.798126,999.9356,-0.6851616,1.2766329,0.21697117,74.42133,0.0
2022-10-11 18:00:00,26.598785,24.94339,1002.8831,0.04840374,1.1666118,0.7106496,90.65276,0.02727076
2022-10-12 00:00:00,25.41568,24.135376,1002.2125,-1.246561,-0.09067088,0.8887959,92.63873,0.028414745
2022-10-12 06:00:00,31.761627,24.45691,1003.8063,-0.09860027,1.2279527,0.21898627,65.333244,0.0
2022-10-12 12:00:00,29.686005,25.588287,999.7375,-2.2349625,1.5600479,0.3854295,78.694954,1.6433837
2022-10-12 18:00:00,27.038788,25.073273,1003.3638,-0.17615986,1.5916119,0.25314295,89.02333,0.0
2022-10-13 00:00:00,26.027008,24.103455,1001.9363,0.8125182,-0.64467716,0.20987713,89.16943,0.0
2022-10-13 06:00:00,32.030304,24.551208,1002.9881,-0.80286217,0.7719289,0.37665588,64.71019,0.061038576
2022-10-13 12:00:00,29.37143,24.569794,999.8837,-1.8097792,1.7092822,0.53231287,75.4166,0.15295327
2022-10-13 18:00:00,26.107208,24.701782,1003.23627,0.6360054,1.2332158,0.7227597,91.98519,0.0
2022-10-14 00:00:00,26.232178,24.202057,1001.025,0.714044,-0.49833965,0.72773266,88.61702,0.0
2022-10-14 06:00:00,31.641876,24.365265,1001.515,0.7077412,-1.4258881,0.27230173,65.41874,0.061135862
2022-10-14 12:00:00,28.656097,24.712433,998.71564,-1.9867039,0.027947426,0.80445457,79.27759,0.79907835
2022-10-14 18:00:00,25.015228,24.089935,1002.1287,1.6197395,0.026649475,1.0000002,94.615135,1.5013053
2022-10-15 00:00:00,25.100342,23.614716,1000.41125,0.84896606,-1.3599386,0.9626906,91.484245,0.0
2022-10-15 06:00:00,32.086456,24.462433,1000.9381,0.20279616,-0.5811014,0.67313474,64.163055,0.0
2022-10-15 12:00:00,30.373138,24.409119,998.4194,-1.6342316,0.89956856,0.4013617,70.51325,0.0
2022-10-15 18:00:00,25.855377,24.859863,1002.0744,0.5289316,0.67802846,0.7059777,94.25216,0.28228253
2022-10-16 00:00:00,25.973846,24.526642,1000.7319,-0.5018162,-0.4007988,0.7897932,91.74795,0.0
2022-10-16 06:00:00,30.46634,25.691132,1003.0625,0.5505453,0.6148396,0.85652477,75.70693,0.12532091
2022-10-16 12:00:00,29.335144,25.987701,1000.9269,-1.5066538,0.83867246,0.7891937,82.22717,0.14534345
2022-10-16 18:00:00,26.789948,25.327698,1004.7975,-0.15514189,-0.086564064,0.695464,91.71373,1.2418456
2022-10-17 00:00:00,25.692871,24.163116,1003.5175,-0.31510985,-1.0275841,0.9864259,91.27831,0.0
2022-10-17 06:00:00,30.082306,25.61673,1004.7775,-0.9794321,-0.0763042,0.9995541,77.05175,0.08860931
2022-10-17 12:00:00,29.620514,24.44107,1002.1906,-0.6645613,0.8314469,0.9999989,73.77053,0.29607323
2022-10-17 18:00:00,27.11728,24.741028,1004.6975,0.7039413,0.6938894,0.9920289,86.87476,0.0
2022-10-18 00:00:00,26.007751,24.224213,1003.5006,1.3679051,0.31226766,0.9982233,89.920166,0.0
2022-10-18 06:00:00,32.843536,24.988739,1003.84937,2.7442636,-1.3469324,0.9242372,63.44325,0.025366226
2022-10-18 12:00:00,28.709198,25.197449,1001.9275,0.045057297,1.3094527,0.98111224,81.35336,3.6518826
2022-10-18 18:00:00,26.159393,24.52359,1003.85876,1.3500729,-0.74878407,0.97915226,90.72994,0.0
2022-10-19 00:00:00,25.888,23.705872,1002.6763,1.0983214,-0.14338684,0.98247045,87.782974,0.34298837
2022-10-19 06:00:00,32.003815,24.3779,1003.52625,1.7673787,-1.5181694,0.98393095,64.138435,0.0
2022-10-19 12:00:00,29.643951,25.122162,1000.7562,-0.6678629,-0.20548344,0.82256746,76.729294,0.9103284
2022-10-19 18:00:00,25.392975,24.0737,1004.35,2.1037645,-1.1478376,0.9992822,92.42106,0.0
2022-10-20 00:00:00,25.22171,23.498718,1002.4969,0.74444926,-1.0373125,0.891668,90.1927,0.0
2022-10-20 06:00:00,31.394318,24.11258,1003.71625,0.26517582,-2.05645,0.98893064,65.34785,0.11872066
2022-10-20 12:00:00,28.657867,25.361359,1001.7775,-2.1202936,-0.086880684,0.9950922,82.39563,0.4360314
2022-10-20 18:00:00,25.80951,24.782349,1004.8631,1.3654222,-0.5732517,0.9751932,94.07228,0.0
2022-10-21 00:00:00,24.762146,23.728546,1003.6794,1.0842257,-1.1198292,0.99844253,93.9907,0.0
2022-10-21 06:00:00,28.85788,24.40625,1005.8125,-0.9571037,-2.473775,1.0,76.933365,0.0
2022-10-21 12:00:00,28.29483,25.057098,1003.0538,-1.0321321,-0.12802887,0.94434285,82.64169,2.0113478
2022-10-21 18:00:00,25.143463,24.045135,1005.79065,1.0704126,-0.39822865,0.92383325,93.64271,0.0
2022-10-22 00:00:00,25.713593,23.568054,1003.7675,0.56844425,-2.01328,0.9946075,87.961845,0.0
2022-10-22 06:00:00,31.296173,24.103119,1005.3744,-0.61280155,-4.3415165,0.7675617,65.67649,0.068845525
2022-10-22 12:00:00,28.368073,24.265778,1002.4269,-1.3735809,-1.2121563,0.98353356,78.48868,0.8694827
2022-10-22 18:00:00,26.08252,24.76361,1005.60626,-0.6620817,-1.1790943,0.68117785,92.46047,0.0
2022-10-23 00:00:00,25.475067,23.98053,1003.3769,1.1820713,-0.037239075,0.9662743,91.4581,0.0
2022-10-23 06:00:00,30.662262,23.678864,1004.6969,1.2732178,-2.5484009,0.74062866,66.3802,0.058360398
2022-10-23 12:00:00,30.103363,24.872223,1001.8119,-0.58705807,1.0857,0.59314424,73.62316,0.0
2022-10-23 18:00:00,26.600067,24.840912,1003.65314,0.81068856,2.4781485,0.20487899,90.09334,0.0
2022-10-24 00:00:00,25.737701,24.71817,1001.8681,1.5885147,0.38712114,0.93521845,94.11208,0.0
2022-10-24 06:00:00,31.614532,22.073639,1003.5275,0.9705169,-2.3972034,0.14375669,57.048016,0.0001899898
2022-10-24 12:00:00,30.74942,23.901642,1000.3194,-0.6045799,-0.40320653,0.5530448,66.94156,0.0
2022-10-24 18:00:00,26.504547,23.858063,1002.95624,0.22601223,2.285671,0.51935935,85.42089,0.0
2022-10-25 00:00:00,25.124908,23.649933,1002.32623,1.3768704,0.3724985,0.3222128,91.54447,0.0
2022-10-25 06:00:00,31.656647,23.03189,1003.78625,0.5948869,-1.868083,0.36560982,60.321774,0.0041965395
2022-10-25 12:00:00,30.962555,22.98819,1001.4581,-0.8384266,-1.2042103,0.5193883,62.58655,0.0
2022-10-25 18:00:00,26.030975,23.718292,1004.71625,-1.2757168,1.3443786,0.3403015,87.10824,0.0
2022-10-26 00:00:00,25.541718,24.072723,1004.2506,0.6043377,-1.2714643,0.43032202,91.60253,0.0404343
2022-10-26 06:00:00,31.126068,22.714996,1005.5494,-1.297431,-1.3436537,0.34679848,60.98781,0.0
2022-10-26 12:00:00,30.588776,21.91977,1002.1669,-1.8525476,-0.81459236,0.2414599,59.917946,0.0
2022-10-26 18:00:00,25.752472,22.097443,1005.1744,-1.1864243,-0.70285416,0.71827155,80.276794,0.0
2022-10-27 00:00:00,24.750397,21.937164,1003.96564,0.14217281,-1.8041286,0.14649571,84.381004,0.0
2022-10-27 06:00:00,31.083038,19.213165,1004.955,-0.77294064,-2.8593416,0.19934672,49.298714,0.0
2022-10-27 12:00:00,29.986542,21.747833,1001.8006,-1.0679913,-1.3691025,0.00084114075,61.37541,0.0
2022-10-27 18:00:00,25.650604,22.613068,1004.5112,-0.45294,-1.5104494,0.12331541,83.33603,0.0
2022-10-28 00:00:00,26.292572,23.037018,1003.1294,-0.12422466,-2.0912857,0.76206154,82.31665,0.002861023
2022-10-28 06:00:00,31.410187,23.560028,1003.34,-1.8757305,-3.4588556,0.4132689,63.15484,0.05741045
2022-10-28 12:00:00,30.171356,21.650177,1000.57874,-2.3527508,-0.80126,0.02727127,60.366093,0.0
2022-10-28 18:00:00,25.787018,23.20578,1003.72186,-1.4996128,-2.2938576,0.7141197,85.68585,0.006005168
2022-10-29 00:00:00,25.651062,23.334412,1002.96875,-0.88132477,-2.9420977,0.96780455,87.053215,0.0
2022-10-29 06:00:00,28.211456,24.474976,1004.1275,-0.24597931,-3.5557241,0.99915695,80.20605,0.044735387
2022-10-29 12:00:00,26.989868,24.476349,1001.8231,-1.4096146,-2.33459,0.9663379,86.15275,0.46625197
2022-10-29 18:00:00,24.846039,23.767517,1004.1375,-1.0120678,-1.9579878,0.5989628,93.74069,0.0
2022-10-30 00:00:00,24.588654,23.203217,1003.03937,-0.038082123,-2.1919155,0.9567224,92.00862,0.0
2022-10-30 06:00:00,29.958405,23.544403,1003.8169,-1.4910831,-3.7202406,0.5403009,68.55587,0.057721153
2022-10-30 12:00:00,29.125458,22.524384,1001.09875,-1.8373375,-1.777626,0.9891098,67.62328,0.0
2022-10-30 18:00:00,26.237762,23.39737,1003.885,-1.0099373,-1.5382738,0.9932677,84.40143,0.023735141
2022-10-31 00:00:00,25.332123,22.032928,1002.46185,-0.5141039,-2.710823,0.9806843,81.98279,0.0
2022-10-31 06:00:00,29.752594,21.424347,1002.8762,-0.9661598,-5.6014423,1.0000002,60.987957,0.03361702
2022-10-31 12:00:00,27.737152,22.370087,1001.6725,-1.6356745,-3.9667635,0.9999997,72.622154,0.16382696
2022-10-31 18:00:00,25.641113,23.250061,1003.70935,-0.58190536,-2.9705534,0.96321416,86.66204,0.0
2022-11-01 00:00:00,24.910706,22.280548,1002.65814,0.059430122,-2.4624166,1.0,85.34435,1.1131662
2022-11-01 06:00:00,25.131012,23.473389,1004.1906,1.0379343,-2.6177082,1.0,90.54272,0.5062256
2022-11-01 12:00:00,25.248322,23.484161,1002.6725,-0.08488178,-3.0124025,1.0,89.97095,0.0
2022-11-01 18:00:00,24.099945,23.307587,1004.72125,-0.10432148,-2.5991106,0.9987186,95.341736,0.09275553
2022-11-02 00:00:00,23.86319,22.20935,1002.9437,-0.28292948,-2.609233,0.9572308,90.47768,0.0
2022-11-02 06:00:00,29.039581,23.366516,1003.9881,-0.4813068,-2.9494953,0.9836721,71.515114,0.08420709
2022-11-02 12:00:00,26.794098,22.530762,1001.34937,-1.2821293,-2.983942,0.9821963,77.50353,0.0
2022-11-02 18:00:00,24.190704,22.036346,1003.51373,0.08016205,-2.8182669,0.9906279,87.785225,0.0037670464
2022-11-03 00:00:00,23.804047,22.621521,1001.78064,0.2352848,-2.1768389,0.99856305,93.10386,0.039421048
2022-11-03 06:00:00,27.889252,24.171814,1003.8744,-0.7922449,-3.3414478,0.99999994,80.255295,0.258915
2022-11-03 12:00:00,26.093475,24.169678,1001.8194,-1.5720625,-1.7453518,0.9995545,89.173195,0.0
2022-11-03 18:00:00,24.297394,23.81195,1004.5119,-0.78055,-1.7657642,1.0,97.12724,1.2199093
2022-11-04 00:00:00,24.347076,23.167603,1003.4944,-0.077451706,-2.4159594,1.0,93.14809,0.0
2022-11-04 06:00:00,27.444427,24.979736,1004.85626,-1.5185261,-2.4628477,0.99912065,86.447495,0.0
2022-11-04 12:00:00,25.59262,24.087067,1003.53064,-2.014103,-1.4879646,0.9991212,91.40477,0.5927729
2022-11-04 18:00:00,24.175262,23.389832,1006.315,-0.7837591,-1.8533258,1.0,95.38422,0.0
2022-11-05 00:00:00,24.524994,23.326447,1004.6962,-0.680892,-2.4803934,0.8212044,93.0497,0.0
2022-11-05 06:00:00,30.198517,24.876678,1006.71313,-2.667655,-2.3628197,0.4865775,73.24165,0.21876085
2022-11-05 12:00:00,28.355072,23.75241,1004.1813,-2.212716,-1.5241022,0.5954856,76.162926,0.0
2022-11-05 18:00:00,25.174042,23.540436,1007.09375,-1.4599667,-2.2022896,1.0000031,90.67679,0.0
2022-11-06 00:00:00,24.936066,23.717743,1005.64185,-1.0177202,-1.9803467,0.9940317,92.95955,0.3153673
2022-11-06 06:00:00,29.271698,25.614166,1006.6875,-1.0007172,-2.9898472,0.9864087,80.722046,0.0
2022-11-06 12:00:00,26.46231,24.174835,1004.72565,-2.0398474,-1.8170795,1.0000001,87.278755,0.10512644
2022-11-06 18:00:00,24.358978,23.733551,1006.90375,-1.1066599,-2.0632,0.96903104,96.31405,0.0
2022-11-07 00:00:00,24.985138,23.187836,1004.95935,0.061935425,-2.5091286,0.9275618,89.77223,0.001144486
2022-11-07 06:00:00,29.977203,23.417877,1006.64185,-2.1237583,-3.3895187,0.9724574,67.96133,0.1877801
2022-11-07 12:00:00,28.664764,24.042572,1003.60126,-1.0769453,-1.6915321,0.73253393,76.121284,0.16397429
2022-11-07 18:00:00,25.28949,24.043701,1006.29565,-1.9689016,-1.6126022,0.987756,92.824265,0.0
2022-11-08 00:00:00,25.53601,23.555939,1004.20624,-0.25623798,-2.5719461,0.99955446,88.82883,0.026410552
2022-11-08 06:00:00,28.788727,24.679352,1006.08685,-2.3039675,-3.6871777,0.98328537,78.51471,0.14935865
2022-11-08 12:00:00,27.047638,24.09732,1003.4956,-1.4704247,-2.740265,0.9973394,83.93223,0.003218785
2022-11-08 18:00:00,25.212494,23.46634,1005.5031,-0.7682276,-2.8301277,0.9999998,90.06615,0.0
2022-11-09 00:00:00,24.867584,22.985626,1003.84186,-0.15604877,-2.9794235,0.99999994,89.30507,0.008393376
2022-11-09 06:00:00,29.578705,23.690338,1005.2581,-1.8306608,-3.9197016,0.9999999,70.68934,0.17769843
2022-11-09 12:00:00,27.472168,23.235016,1003.105,-2.006442,-2.0791588,0.99787724,77.72611,0.0
2022-11-09 18:00:00,25.108368,23.688934,1004.91815,-0.75884056,-2.729392,0.9177234,91.8502,0.0
2022-11-10 00:00:00,24.978912,22.633575,1003.79,-0.52078056,-3.2398787,0.48295584,86.841064,0.0
2022-11-10 06:00:00,30.393402,23.264069,1004.5225,-1.7570839,-3.9366903,0.9632339,65.74424,0.03976795
2022-11-10 12:00:00,28.55194,23.291718,1001.9938,-1.142148,-2.947072,1.0,73.23405,0.0
2022-11-10 18:00:00,25.138641,22.235565,1004.2,-0.4035263,-4.2226086,0.99199307,83.9624,0.013899698
2022-11-11 00:00:00,23.613373,21.8591,1002.7,0.82848644,-4.2162485,1.0,89.907936,0.9908141
2022-11-11 06:00:00,23.208893,22.719757,1004.2569,2.392291,-3.3658857,1.0,97.082275,1.3342066
2022-11-11 12:00:00,23.336456,22.164215,1001.6369,3.9704885,-2.5164776,1.0,93.13874,0.0
2022-11-11 18:00:00,23.279388,22.444,1002.3825,3.2485104,-2.888422,0.99999976,95.06473,0.0
2022-11-12 00:00:00,23.224884,22.406952,1001.26935,2.755105,-0.43932438,0.9999998,95.163704,1.9005648
2022-11-12 06:00:00,26.24527,24.579376,1004.205,2.3585854,-0.61991596,1.0000002,90.57245,0.0
2022-11-12 12:00:00,26.77536,24.445465,1001.39435,0.8194704,-0.10422993,0.7603312,87.08501,0.0
2022-11-12 18:00:00,24.521088,23.842743,1004.60065,-0.376297,-1.4862709,0.77563745,96.01243,0.01316214
2022-11-13 00:00:00,24.465668,23.536713,1003.1344,-0.7963028,-2.4940653,0.9252762,94.57267,0.06294681
2022-11-13 06:00:00,27.13382,24.709198,1005.15314,-1.5452452,-2.1003494,1.0000002,86.625565,0.0
2022-11-13 12:00:00,26.43988,24.421875,1003.1931,-0.93241596,-1.3988066,0.99927855,88.69793,0.12254372
2022-11-13 18:00:00,24.38565,23.55783,1005.845,-0.75340176,-2.0378418,1.0,95.14791,0.0
2022-11-14 00:00:00,24.387909,23.191132,1003.9256,-0.60247135,-3.1910439,1.0000001,93.052765,0.004763812
2022-11-14 06:00:00,28.61441,25.039764,1005.60065,-1.9255838,-2.5211706,0.9815347,81.037254,0.051314496
2022-11-14 12:00:00,27.716064,25.201385,1003.7319,-1.7474661,-0.97405434,0.98235345,86.215904,0.025203139
2022-11-14 18:00:00,24.424713,23.655884,1006.6131,-0.6748953,-2.2018642,0.99999994,95.48804,0.0
2022-11-15 00:00:00,24.358398,23.338226,1005.6356,-0.08707905,-1.5894079,0.9546631,94.04928,0.0
2022-11-15 06:00:00,29.421173,25.235016,1006.575,-1.0557747,-2.375718,0.9085434,78.24521,0.021170009
2022-11-15 12:00:00,27.51117,24.471375,1003.5656,-1.0355282,-0.96153927,0.71539897,83.5344,0.03519879
2022-11-15 18:00:00,25.060883,23.808228,1005.34564,-0.53986835,-1.9915934,0.26428246,92.77415,0.0
2022-11-16 00:00:00,24.326324,22.843323,1003.9481,-0.019145012,-2.2223692,0.05246523,91.45149,0.0
2022-11-16 06:00:00,29.608551,23.098053,1005.2081,-1.0085287,-3.1550455,0.8967412,68.09026,0.14412776
2022-11-16 12:00:00,28.579956,22.376373,1001.9319,-1.8965311,-1.2746782,0.17328317,69.16991,0.0
2022-11-16 18:00:00,24.258514,22.96811,1004.705,-0.9071188,-1.3962135,0.3249948,92.52055,0.0
2022-11-17 00:00:00,23.627716,22.318878,1003.46375,0.2160244,-2.1337776,0.94120944,92.38276,0.0
2022-11-17 06:00:00,29.503082,20.440735,1004.33936,-1.0611267,-3.811964,0.9789417,58.240784,0.0
2022-11-17 12:00:00,27.81784,20.338287,1002.3713,-1.5551662,-1.0457411,0.99066895,63.819035,0.0
2022-11-17 18:00:00,23.543243,21.133026,1004.39624,-1.2833929,-1.5330534,0.99955463,86.3637,0.0
2022-11-18 00:00:00,22.536774,20.075409,1003.1825,-0.48604256,-2.7038107,0.98829436,85.99465,0.0
2022-11-18 06:00:00,29.949371,18.4534,1004.83685,-1.2874155,-4.1479597,1.0000012,50.165813,0.0
2022-11-18 12:00:00,27.684357,21.27127,1002.53436,-1.2273846,-1.4059134,1.0,68.11917,0.0
2022-11-18 18:00:00,24.149323,20.81015,1004.9869,-1.4668779,-3.3764277,0.96987903,81.636475,0.0
2022-11-19 00:00:00,23.321198,20.263153,1004.03815,-0.13304955,-3.490056,0.9764788,82.96286,0.0
2022-11-19 06:00:00,28.693085,19.836456,1004.58374,0.25415993,-4.1672726,1.0,58.795444,0.0
2022-11-19 12:00:00,27.336182,21.39981,1001.9125,-1.0980434,-1.2992382,1.0,70.071205,0.0
2022-11-19 18:00:00,24.083038,20.22348,1003.7581,-0.531559,-2.5223675,1.0,79.049614,0.0
2022-11-20 00:00:00,22.123566,19.504974,1002.6125,-0.11812925,-2.8558006,1.0,85.118744,0.0
2022-11-20 06:00:00,28.590302,18.069855,1003.35065,0.08946377,-4.0716114,1.0,52.972954,0.0
2022-11-20 12:00:00,27.638031,18.853302,1000.1344,-1.4498205,-1.0872335,0.76007956,58.811497,0.0
2022-11-20 18:00:00,22.69278,18.10965,1002.4575,-0.4113884,-1.9916935,0.9568703,75.35944,0.0
2022-11-21 00:00:00,20.825592,18.681763,1001.6094,0.78451514,-1.5502977,0.94820356,87.548584,0.0
2022-11-21 06:00:00,30.52591,18.74649,1002.4225,3.1828585,-0.22327423,0.38772863,49.43231,0.0
2022-11-21 12:00:00,29.469147,22.030426,1000.28876,-0.20478725,-1.6293697,0.1084786,64.33115,0.0
2022-11-21 18:00:00,22.404572,20.135529,1002.61127,-1.5126991,-1.1768875,0.012642965,87.01124,0.0
2022-11-22 00:00:00,22.367706,20.73465,1001.6831,1.5058575,0.8832426,0.1532646,90.49078,0.0
2022-11-22 06:00:00,30.129791,21.481232,1002.7975,2.1217642,-0.2661438,0.09535432,59.888058,0.0
2022-11-22 12:00:00,30.03836,22.389496,1000.14435,-0.0683651,-0.38217163,0.36156905,63.633514,0.0
2022-11-22 18:00:00,24.664764,23.389008,1003.1981,0.086045265,1.5367646,0.12559329,92.62427,0.00028684735
2022-11-23 00:00:00,24.92984,22.875153,1002.1788,1.6732082,0.8287585,0.5633303,88.38074,0.0
2022-11-23 06:00:00,31.461578,22.438232,1003.1838,2.8905659,0.024885595,0.8374626,58.837173,0.0006672635
2022-11-23 12:00:00,30.483063,24.896759,1000.325,0.26534653,0.24539852,0.83071464,72.143265,0.0
2022-11-23 18:00:00,25.362457,23.835968,1003.5687,-0.862607,1.0732958,0.8650389,91.275665,0.0
2022-11-24 00:00:00,25.141937,23.692749,1002.3831,0.84930515,-0.4853449,0.99041885,91.68779,0.0
2022-11-24 06:00:00,30.60794,23.276001,1004.29877,-0.20693111,0.151555,0.63806224,64.98853,0.01659803
2022-11-24 12:00:00,29.774445,23.84616,1001.8237,-1.9113865,0.16395396,0.9588832,70.55534,0.0
2022-11-24 18:00:00,25.050568,23.680664,1005.0925,-1.3515205,-0.5649948,0.8111288,92.12119,0.0
2022-11-25 00:00:00,24.410187,23.202332,1003.73126,-0.28176212,-1.2200222,0.9930802,92.991615,0.0
2022-11-25 06:00:00,30.545929,22.736664,1005.4169,-1.885313,-0.7343445,0.5798706,63.12511,0.12415095
2022-11-25 12:00:00,29.169403,24.684479,1002.7,-1.4850378,-0.24968433,0.6889816,76.8269,0.0
2022-11-25 18:00:00,24.666412,23.666962,1005.08,-0.97879505,-0.97249603,0.055518635,94.18004,0.0
2022-11-26 00:00:00,25.269562,23.511322,1003.52875,-0.401865,-1.5868931,0.7943511,90.00457,0.048533082
2022-11-26 06:00:00,30.511871,23.562347,1004.65686,-0.8359804,-1.6092415,0.9528777,66.48552,0.014216393
2022-11-26 12:00:00,27.833221,24.565002,1001.53,-1.5792055,-0.48897076,0.9621666,82.4372,1.2012265
2022-11-26 18:00:00,25.01764,24.268127,1003.3862,-1.1026392,-0.5769625,0.63243634,95.6182,0.0
2022-11-27 00:00:00,25.739899,24.111603,1001.6881,-0.25395966,-1.1275187,0.9207504,90.743164,0.0
2022-11-27 06:00:00,30.052643,24.633514,1002.91437,-1.4331341,-0.599905,0.7986864,72.79254,0.06056293
2022-11-27 12:00:00,28.17508,24.462189,1000.4263,-1.147377,0.63857174,0.5605121,80.31459,0.10385648
2022-11-27 18:00:00,25.342926,23.925629,1002.5494,-0.96352196,-0.8025398,0.731992,91.87568,0.34485757
2022-11-28 00:00:00,25.047974,23.729187,1001.51373,-0.26569176,-0.9537592,0.15700758,92.404976,0.0
2022-11-28 06:00:00,30.025177,25.345123,1003.65686,-0.45471764,-0.7966471,0.6863988,76.06762,0.09747409
2022-11-28 12:00:00,28.55246,23.780304,1001.04626,-1.8103046,0.10674095,0.41036433,75.42073,0.0
2022-11-28 18:00:00,25.52359,23.93747,1004.0613,-0.9465914,-0.7227583,0.6718426,90.95919,0.0
2022-11-29 00:00:00,24.895538,22.928741,1003.0775,0.00033283234,-1.3972206,0.6547292,88.84971,0.0
2022-11-29 06:00:00,30.00418,22.915009,1004.2512,-1.4055824,-2.266532,0.7940718,65.8245,0.07734448
2022-11-29 12:00:00,28.70401,22.533539,1001.41565,-2.5252829,-1.0278549,0.640475,69.33278,0.0
2022-11-29 18:00:00,24.091156,21.553253,1005.09,-0.7768736,-1.4099121,0.32717896,85.743675,0.0
2022-11-30 00:00:00,22.875519,20.770142,1004.0737,-0.053959846,-2.497715,0.9218581,87.936195,0.0
2022-11-30 06:00:00,28.678436,20.882172,1004.77563,-1.7859573,-3.1168365,0.718453,62.7701,0.0
2022-11-30 12:00:00,28.41504,22.469452,1002.33124,-1.0402117,-1.1729498,0.29873097,70.232056,0.0
2022-11-30 18:00:00,26.0878,23.717499,1004.775,-1.235362,-1.6658373,0.25813568,86.811775,0.0073447675
2022-12-01 00:00:00,24.935394,23.52243,1003.8925,-0.8338814,-1.8919659,0.9702132,91.87589,0.013734447
2022-12-01 06:00:00,28.480743,24.141693,1004.7512,-2.1891022,-1.9867811,0.4274962,77.398125,0.22790866
2022-12-01 12:00:00,28.286346,24.609283,1001.515,-1.6975737,-1.008935,0.5379817,80.50144,0.62147534
2022-12-01 18:00:00,25.210907,24.134155,1003.84625,-0.7536001,-1.4575214,0.02959698,93.767166,0.0
2022-12-02 00:00:00,25.100708,23.657501,1002.8663,-0.9114628,-1.9029293,0.29554254,91.71833,0.062567025
2022-12-02 06:00:00,30.064362,24.899994,1004.26,-1.9495401,-1.7443657,0.24482131,73.910614,0.0
2022-12-02 12:00:00,28.583221,24.642273,1001.14185,-2.3655243,-0.44043732,0.5200184,79.28051,0.019256517
2022-12-02 18:00:00,25.414246,24.048553,1003.905,-1.2751541,-1.8613653,0.9346932,92.16499,0.23411828
2022-12-03 00:00:00,25.021545,23.645325,1002.5662,-0.58756447,-1.778058,0.9601188,92.08452,0.0
2022-12-03 06:00:00,29.199005,24.951508,1004.16876,-2.3975554,-2.540783,0.68117744,77.92807,0.19919959
2022-12-03 12:00:00,27.063599,24.672272,1002.15375,-1.6347675,-1.2957964,0.8747801,86.791626,0.0
2022-12-03 18:00:00,25.572845,24.323547,1004.8956,-1.1249809,-2.0411024,0.8693992,92.81935,0.0
2022-12-04 00:00:00,25.139069,23.605377,1003.10187,-0.94839954,-2.9349003,0.9694649,91.22214,0.0
2022-12-04 06:00:00,28.155731,23.606415,1005.155,-1.7072515,-3.4574118,0.97570384,76.37728,0.49310747
2022-12-04 12:00:00,25.483124,23.825684,1002.65186,-2.0515451,-1.817174,0.9966105,90.56736,0.12704033
2022-12-04 18:00:00,24.258392,23.419891,1005.8688,-1.3105955,-2.4384718,0.9523281,95.082115,0.0
2022-12-05 00:00:00,24.473114,23.323242,1004.58185,-0.030479431,-1.9339762,0.9911088,93.321,0.0
2022-12-05 06:00:00,28.680023,24.123505,1005.88,-2.0172176,-2.637663,0.34685236,76.4243,0.29239768
2022-12-05 12:00:00,28.262726,23.333374,1002.8,-1.8128872,-1.727891,0.15205634,74.66337,0.0
2022-12-05 18:00:00,24.744232,23.381744,1005.1175,-1.1182518,-1.8187389,1.0,92.14507,0.0
2022-12-06 00:00:00,24.599823,23.298065,1003.64813,-0.030449867,-3.2217264,0.9830364,92.47552,0.0
2022-12-06 06:00:00,29.141144,23.31137,1004.64624,-1.5909395,-4.548579,1.0,70.85991,0.00057183206
2022-12-06 12:00:00,27.466156,22.87265,1002.1887,-1.5085344,-1.5440369,1.0,76.06753,0.0
2022-12-06 18:00:00,25.151398,23.187988,1004.2325,-0.9710989,-2.062543,1.0,88.888016,0.0
2022-12-07 00:00:00,24.81485,22.364044,1002.5144,-0.11152035,-3.580738,1.0,86.27111,0.0
2022-12-07 06:00:00,26.720123,21.425507,1003.4194,0.54803956,-3.1847305,1.0,72.76733,0.002192799
2022-12-07 12:00:00,26.315002,21.4357,1001.97437,0.33133364,-1.4975786,1.0,74.572685,0.0
2022-12-07 18:00:00,24.188507,19.5065,1002.8594,0.092764184,-2.08352,1.0,75.13694,0.0
2022-12-08 00:00:00,22.880035,19.759918,1001.15063,1.7864323,-1.2484341,1.0,82.59261,0.002577901
2022-12-08 06:00:00,26.363068,19.775543,1002.5606,1.5387304,-2.5695267,1.0,67.12971,0.0
2022-12-08 12:00:00,23.205109,18.626068,999.59686,0.339588,-1.1056376,1.0,75.46147,0.7187578
2022-12-08 18:00:00,21.130157,18.61557,999.4419,5.059866,-0.5906973,1.0,85.57018,1.109359
2022-12-09 00:00:00,21.416046,19.178497,996.77313,5.154215,-3.1520147,1.0,87.09093,0.4040346
2022-12-09 06:00:00,24.030243,18.08371,998.555,6.4975767,-2.4866018,1.0,69.40181,0.0
2022-12-09 12:00:00,23.697418,18.945282,996.77563,5.0756435,-1.0215559,0.9920625,74.72942,0.059020586
2022-12-09 18:00:00,23.493805,18.84555,998.5425,5.340746,1.1357276,0.7156741,75.18227,0.0
2022-12-10 00:00:00,24.425201,19.447723,996.9169,4.4870224,1.6157625,0.8988649,73.808464,0.0
2022-12-10 06:00:00,26.208405,21.368683,999.22437,3.5974407,1.0903652,0.9992819,74.736275,0.5360544
2022-12-10 12:00:00,26.099396,22.315521,997.5538,0.17356777,1.1726742,0.9900893,79.69573,0.0
2022-12-10 18:00:00,24.78299,22.725616,1000.4319,-0.40053558,1.6122322,0.9948706,88.354324,0.058366112
2022-12-11 00:00:00,23.868256,22.263306,999.8144,-0.9993582,0.40159422,0.999999,90.74767,0.0
2022-12-11 06:00:00,29.903778,24.547333,1001.9381,-0.46561033,0.07360834,0.87662077,73.040535,0.1152231
2022-12-11 12:00:00,26.807556,24.755035,999.59314,-0.7252464,0.33640957,0.967298,88.54427,2.7393625
2022-12-11 18:00:00,24.366516,23.733093,1002.1125,0.15358448,-1.0069675,0.8830733,96.26791,0.0
2022-12-12 00:00:00,24.20346,23.338959,1000.8231,-0.7330513,-1.612936,0.99248004,94.93104,0.0
2022-12-12 06:00:00,28.050934,24.307373,1003.2631,-0.20227146,-0.898386,0.9999985,80.150925,0.0045726253
2022-12-12 12:00:00,26.80185,23.903778,1000.1925,-1.5981331,1.2805576,0.8363954,84.16927,0.18716192
2022-12-12 18:00:00,24.142273,23.146332,1003.47565,-1.2519331,-0.6637678,0.41814917,94.17779,0.5044066
2022-12-13 00:00:00,24.36856,23.434875,1002.2006,-1.3377752,-0.5766268,0.6680619,94.54186,0.0
2022-12-13 06:00:00,29.407867,24.21341,1004.27374,-1.3796091,0.37914455,0.9483925,73.6688,0.057028264
2022-12-13 12:00:00,26.949432,23.544586,1002.6094,-1.7034407,0.092536986,0.3583302,81.65732,0.0
2022-12-13 18:00:00,23.957,23.173157,1005.6956,-1.0184336,-1.1855574,0.12681538,95.38596,0.0
2022-12-14 00:00:00,24.059845,22.918823,1003.84564,-0.27709484,-1.6729727,0.4621408,93.351,0.0
2022-12-14 06:00:00,29.14981,23.56076,1004.9331,-2.668438,-1.5166874,0.81751525,71.89795,0.067802586
2022-12-14 12:00:00,28.57492,23.544678,1003.1381,-1.7416811,-0.4859743,0.16245165,74.26117,0.0
2022-12-14 18:00:00,24.557343,23.194214,1005.6838,-0.91468143,-1.1871929,0.65195304,92.130974,0.0
2022-12-15 00:00:00,23.944794,22.877777,1003.8056,-0.50803757,-2.0765305,0.3208506,93.76497,0.016306136
2022-12-15 06:00:00,29.147247,23.189117,1004.9625,-2.0358295,-2.9809427,0.5986738,70.31373,0.112253636
2022-12-15 12:00:00,27.96634,21.64859,1001.805,-1.7154379,-1.4728451,0.15687734,68.57296,0.0
2022-12-15 18:00:00,23.738434,21.463074,1004.7175,-1.1197891,-2.1656513,0.06964585,87.0989,0.0
2022-12-16 00:00:00,23.524933,22.230072,1002.9419,0.05038452,-2.5977106,0.08570768,92.45573,0.0
2022-12-16 06:00:00,29.513641,22.491425,1004.3719,-3.122387,-2.5017729,0.56385523,65.992035,0.002860913
2022-12-16 12:00:00,28.895111,21.773773,1001.4394,-2.1543741,-1.0116329,0.0621797,65.46815,0.0
2022-12-16 18:00:00,24.096466,22.339203,1004.1362,-0.68987846,-1.6097002,0.0603856,89.926254,0.0
2022-12-17 00:00:00,23.533478,22.205078,1003.35376,-0.28370476,-2.603074,0.8915122,92.26762,0.0
2022-12-17 06:00:00,29.140045,22.375458,1004.97064,-2.5687418,-4.036194,0.86993665,66.95749,0.001527369
2022-12-17 12:00:00,28.433105,22.127747,1002.29877,-2.2117167,-1.362606,0.97954875,68.714806,0.0
2022-12-17 18:00:00,25.061615,22.80017,1004.3681,-1.1248779,-2.180996,0.9999994,87.291565,0.0
2022-12-18 00:00:00,24.42453,22.875946,1002.7587,-0.2289772,-2.5592003,0.26297218,91.09496,0.0020042062
2022-12-18 06:00:00,28.368988,22.989197,1004.07623,-2.8638954,-4.5169954,0.76113296,72.67539,0.150296
2022-12-18 12:00:00,27.609985,21.776703,1001.5144,-3.466878,-2.2251816,0.99999905,70.565315,0.0
2022-12-18 18:00:00,24.050018,21.303925,1003.56,-1.3492794,-2.2483006,0.9999998,84.65316,0.0
2022-12-19 00:00:00,23.530914,21.164215,1002.5125,0.19199753,-3.0550518,1.0,86.593506,0.0007627532
2022-12-19 06:00:00,27.84378,21.089935,1003.3156,-1.4160519,-5.5284824,0.9991213,66.74105,9.313226e-07
2022-12-19 12:00:00,27.51175,22.17685,1000.6181,-1.7587461,-2.206129,1.0,72.72539,0.0
2022-12-19 18:00:00,25.570251,22.709686,1002.64685,-1.6437082,-3.0495396,0.96679336,84.226715,0.0060125394
2022-12-20 00:00:00,24.820526,20.828766,1001.4412,-0.67549515,-3.2771053,0.90397567,78.51178,0.0
2022-12-20 06:00:00,27.546478,22.508087,1002.90125,-2.2406778,-4.7007713,1.0000017,74.05479,0.0012367964
2022-12-20 12:00:00,27.694305,22.937836,1000.4675,-2.2381353,-2.4830503,0.6996111,75.35609,0.0
2022-12-20 18:00:00,24.980011,21.856415,1002.635,-1.6845531,-3.292942,0.98168856,82.82339,0.0
2022-12-21 00:00:00,24.128693,20.425018,1001.0094,-0.2757616,-3.719448,0.9973396,79.82062,0.0001899898
2022-12-21 06:00:00,27.677765,22.461884,1003.7294,-1.9526758,-5.1259956,0.83082545,73.28242,0.008694828
2022-12-21 12:00:00,27.257355,22.88681,1001.1394,-2.4786158,-2.6673727,1.0,77.06982,0.0
2022-12-21 18:00:00,25.03189,21.934418,1002.92126,-0.7825861,-2.655572,1.0000001,82.961586,0.0
2022-12-22 00:00:00,23.702423,20.242828,1001.52185,0.026402473,-4.2764425,0.6587793,80.97602,0.00029802322
2022-12-22 06:00:00,29.08841,20.471893,1003.2506,-2.6982985,-5.5327024,0.9966608,59.767254,0.0
2022-12-22 12:00:00,28.427704,20.943207,1000.955,-1.5074072,-2.0166674,0.9999998,63.930195,0.0
2022-12-22 18:00:00,24.434845,20.501007,1003.4794,-1.3759623,-3.0396185,0.9951836,78.73741,0.0
2022-12-23 00:00:00,23.70523,19.779877,1001.5031,-0.34524965,-3.5328054,0.9623206,78.674965,0.0
2022-12-23 06:00:00,29.227448,18.28067,1002.79315,-0.6148357,-4.4863796,0.17003,51.733845,0.0
2022-12-23 12:00:00,29.110931,21.732086,1000.17065,-1.5980511,-2.431755,0.9922497,64.49098,0.0
2022-12-23 18:00:00,25.06546,20.62082,1003.33563,-1.092701,-2.8478136,0.8628886,76.388756,0.0
2022-12-24 00:00:00,24.607513,18.005646,1002.4169,0.50537294,-3.236987,0.33991766,66.71391,0.0
2022-12-24 06:00:00,29.656647,21.627228,1003.6238,0.47946477,-4.125618,0.67976576,62.09201,0.0
2022-12-24 12:00:00,29.088776,22.0419,1000.52185,-1.1881447,-3.3769655,0.906174,65.80626,0.0
2022-12-24 18:00:00,26.384308,21.92392,1002.71625,-0.56505775,-4.349865,0.9100548,76.518074,0.0
2022-12-25 00:00:00,25.462189,21.793427,1001.2375,0.47073936,-4.2892656,1.0,80.17111,0.0032484531
2022-12-25 06:00:00,25.917511,23.505402,1003.6044,-1.5581312,-4.6124096,1.0,86.577675,0.063414715
2022-12-25 12:00:00,26.327728,24.299255,1002.5181,-1.8880539,-3.3876486,1.0,88.63344,0.24554044
2022-12-25 18:00:00,25.278473,24.000366,1004.45,-1.5389462,-2.6959143,1.0,92.64371,0.0
2022-12-26 00:00:00,24.724274,23.82904,1003.7706,-0.77242947,-2.1095018,0.99016875,94.77496,0.044044822
2022-12-26 06:00:00,29.21402,24.362396,1005.83936,-3.3012657,-1.5617313,0.8338257,75.1664,0.54317194
2022-12-26 12:00:00,28.136108,24.788788,1003.9419,-3.1284971,-0.86452866,0.3531419,82.0844,0.0
2022-12-26 18:00:00,25.11319,23.973389,1007.22186,-1.8148861,-1.5239258,0.41686666,93.408325,0.09510042
2022-12-27 00:00:00,24.838959,23.487701,1005.9456,-1.9572906,-1.2929888,0.9621589,92.21285,0.0
2022-12-27 06:00:00,28.255768,24.48175,1007.8075,-2.5937967,-0.060471356,0.78224474,80.031876,0.06539948
2022-12-27 12:00:00,27.420105,24.316437,1005.1819,-1.8333454,-0.5396967,0.6231746,83.20518,0.0
2022-12-27 18:00:00,25.070038,23.84671,1007.8181,-0.8072319,-1.6104612,0.29145676,92.938385,0.0
2022-12-28 00:00:00,24.389801,22.782074,1006.815,-0.46112537,-1.2734451,0.4809131,90.766815,0.004652394
2022-12-28 06:00:00,29.631622,23.279938,1009.1131,-2.8719053,-2.4509516,0.41507298,68.75143,0.13999103
2022-12-28 12:00:00,28.931122,22.271576,1005.9913,-2.222724,-0.82664585,0.0,67.34501,0.0
2022-12-28 18:00:00,24.500702,22.810364,1009.40375,-1.566556,-1.1169672,0.9628683,90.32091,0.0
2022-12-29 00:00:00,24.126495,22.717438,1008.16565,-0.12441063,-1.8265858,0.5994482,91.85035,0.0
2022-12-29 06:00:00,29.678497,22.812836,1010.0506,-2.0350342,-1.1977062,0.3897124,66.65547,0.04787743
2022-12-29 12:00:00,29.01828,22.397827,1007.22186,-2.3402643,-0.5193157,0.003063202,67.522606,0.0
2022-12-29 18:00:00,23.499542,22.182404,1010.1069,-1.826478,-0.50653076,0.056468964,92.32903,0.0
2022-12-30 00:00:00,23.323456,22.082,1009.6075,0.38550186,-1.4751854,0.25539854,92.74615,0.0
2022-12-30 06:00:00,29.877106,22.13147,1010.8831,-1.6200466,-2.1445875,0.27925128,63.225334,0.0025741756
2022-12-30 12:00:00,29.308441,21.945587,1007.7494,-1.8797855,-0.8037214,0.41659468,64.59555,0.0
2022-12-30 18:00:00,23.539764,22.38559,1010.2994,-1.583046,-0.54086876,0.012802124,93.251236,0.0
2022-12-31 00:00:00,22.868805,22.124725,1009.3119,0.7037163,-1.1485786,0.9999996,95.58023,0.0
2022-12-31 06:00:00,29.117584,22.46585,1010.4194,-0.3882475,-1.0445185,0.9999993,67.41393,0.00057322904
2022-12-31 12:00:00,28.99289,21.916412,1006.8181,-1.6805239,-0.6742945,0.2931483,65.667885,0.0
2022-12-31 18:00:00,23.00595,22.014496,1009.1719,-2.0359774,-0.34846973,0.023179598,94.15512,0.0
2023-01-01 00:00:00,22.398712,21.574799,1008.03375,0.028792381,-1.6142273,0.9662144,95.09945,0.0
2023-01-01 06:00:00,29.31009,21.636627,1009.73315,-0.95720005,-2.0208578,0.4139048,63.382023,0.0
2023-01-01 12:00:00,28.854584,21.258942,1006.03937,-1.9869156,-1.501401,0.9492248,63.586594,0.0
2023-01-01 18:00:00,22.998322,21.84909,1009.1375,-1.7593021,-0.7512293,0.30700704,93.25277,0.0
2023-01-02 00:00:00,23.20047,21.8378,1007.53,-0.65805244,-1.9679041,0.96929365,92.05618,0.0009534564
2023-01-02 06:00:00,28.938812,20.818756,1009.4931,-3.1092834,-2.3405552,0.71466345,61.589127,0.0
2023-01-02 12:00:00,28.168915,21.185822,1006.4381,-2.2539997,-0.26184082,0.2365892,65.87428,0.0
2023-01-02 18:00:00,23.106842,21.37024,1009.4406,-0.78938293,-1.4127731,0.07139154,89.96875,0.0
2023-01-03 00:00:00,23.03714,21.291748,1007.7969,0.29431534,-1.8685579,0.06573696,89.91529,0.0
2023-01-03 06:00:00,28.913239,21.134186,1009.20435,-3.0360012,-3.0495358,0.6639085,62.887703,0.052742027
2023-01-03 12:00:00,28.04837,20.989716,1006.09564,-2.2613382,-1.7982512,0.19941151,65.544556,0.0
2023-01-03 18:00:00,23.718536,21.307312,1008.98376,-1.0486479,-1.9246893,0.24947268,86.375114,0.0
2023-01-04 00:00:00,23.176056,20.888184,1007.4913,-0.53044605,-2.4126816,0.44182956,86.980865,9.49949e-05
2023-01-04 06:00:00,28.092377,21.980133,1008.36127,-3.242796,-3.2093525,0.92912614,69.46314,0.19484572
2023-01-04 12:00:00,27.8844,20.863342,1004.96436,-2.2647934,-1.9850492,0.99955463,65.66227,0.0
2023-01-04 18:00:00,23.354645,20.478424,1007.73627,-0.7752838,-1.7736702,0.4848197,83.903206,0.0
2023-01-05 00:00:00,23.195465,21.091217,1006.2275,0.017066956,-2.3253508,0.32261032,87.96955,0.0
2023-01-05 06:00:00,28.550201,22.367218,1008.64685,-3.2589893,-3.3486948,0.8267653,69.25097,0.21668297
2023-01-05 12:00:00,28.128082,21.292877,1005.7481,-2.4835987,-2.4752445,0.54832864,66.4661,0.0
2023-01-05 18:00:00,24.468292,21.372864,1008.56,-1.3587933,-2.821578,0.17015523,82.906265,0.0
2023-01-06 00:00:00,24.17569,21.675964,1007.2025,-0.46819496,-3.49362,0.95271367,85.952446,0.0
2023-01-06 06:00:00,28.53543,21.816925,1009.7506,-3.4099274,-4.4757385,0.8866614,67.024734,0.06484647
2023-01-06 12:00:00,27.55774,21.835297,1006.555,-2.7240276,-3.4304485,0.58004487,71.035,0.0
2023-01-06 18:00:00,25.026398,21.435455,1008.8713,-1.6181679,-3.697874,0.6093916,80.4959,0.0
2023-01-07 00:00:00,23.75827,21.149109,1007.0875,-0.20390892,-3.7668524,0.59491426,85.33667,0.0016205013
2023-01-07 06:00:00,28.478424,21.873474,1009.0756,-3.2681332,-4.607065,0.50971055,67.47964,0.06694347
2023-01-07 12:00:00,27.867401,20.823639,1005.7506,-2.701706,-2.4028091,0.1859055,65.567116,0.0
2023-01-07 18:00:00,24.42978,21.852112,1008.6869,-1.3358297,-2.3860912,0.35856348,85.56928,0.0
2023-01-08 00:00:00,23.51175,21.806183,1006.6175,-0.9853163,-2.7952576,0.4532476,90.16847,0.0
2023-01-08 06:00:00,26.924225,21.83963,1008.39435,-2.3727407,-4.1108294,0.37480175,73.74295,0.121709645
2023-01-08 12:00:00,27.045258,21.725311,1005.27563,-2.9531946,-2.1066904,0.37927645,72.71095,0.0
2023-01-08 18:00:00,23.616669,21.49936,1008.0175,-1.9446564,-1.9659481,0.11167158,87.93498,0.0
2023-01-09 00:00:00,22.683014,20.181458,1007.47626,-0.9525566,-3.2595177,0.3328061,85.79558,0.0
2023-01-09 06:00:00,28.155792,19.45877,1009.5769,-2.3625145,-4.067233,0.2060371,59.255016,0.0
2023-01-09 12:00:00,27.25357,19.918243,1006.85126,-2.439392,-2.0792112,0.1233654,64.26962,0.0
2023-01-09 18:00:00,22.030304,18.62976,1009.2544,-1.5848417,-1.175025,0.48221785,81.0576,0.0
2023-01-10 00:00:00,21.463165,18.226685,1007.87,-0.47352886,-2.9381905,0.3170029,81.82267,0.0
2023-01-10 06:00:00,28.092133,19.14151,1009.3619,-2.422306,-3.5720272,0.88894564,58.312256,0.0017173588
2023-01-10 12:00:00,27.354095,19.586212,1005.89374,-2.5319538,-2.0149965,0.16406758,62.589687,0.0
2023-01-10 18:00:00,22.644073,18.96817,1008.35876,-1.1594353,-1.9951239,0.08019495,79.75594,0.0
2023-01-11 00:00:00,21.711456,18.28769,1006.085,0.47013283,-2.738966,0.14592722,80.89839,0.0
2023-01-11 06:00:00,28.199371,19.219269,1007.6731,-2.4954205,-3.204752,0.39197952,58.230545,0.0
2023-01-11 12:00:00,27.932709,19.907501,1003.8088,-2.2404194,-1.6336403,0.13420893,61.725807,0.0
2023-01-11 18:00:00,21.587433,19.423859,1006.6906,-1.6346455,-1.1094828,0.022201538,87.50833,0.0
2023-01-12 00:00:00,21.27066,19.358826,1005.0037,-0.50634766,-2.5891743,0.009216309,88.862404,0.0
2023-01-12 06:00:00,28.239227,19.466705,1006.91,-1.768096,-2.6576185,0.14570118,58.99694,0.0
2023-01-12 12:00:00,28.140778,19.694733,1003.02435,-1.9546728,-0.9226761,0.37749618,60.182434,0.0
2023-01-12 18:00:00,21.30606,19.710571,1006.0525,-1.6816549,-0.5927067,0.7552058,90.62887,0.0
2023-01-13 00:00:00,20.136139,18.898865,1004.7625,0.031116486,-1.7564859,0.79819,92.59991,0.0
2023-01-13 06:00:00,27.670685,19.70346,1007.46936,-2.406416,-1.8873024,0.99782777,61.889603,0.0
2023-01-13 12:00:00,28.07309,19.978424,1004.0019,-2.5073385,-0.7643986,0.6460499,61.492157,0.0
2023-01-13 18:00:00,21.02066,19.381012,1006.8831,-1.8974819,-0.73635674,0.84659207,90.36101,0.0
2023-01-14 00:00:00,20.55484,18.875702,1005.71124,-0.44403076,-1.9372063,0.92656225,90.10609,0.0
2023-01-14 06:00:00,27.503143,18.490204,1006.9981,-1.7932577,-2.3628235,0.95082396,57.94644,0.0
2023-01-14 12:00:00,28.281525,19.26419,1003.4025,-2.2132807,-0.46741962,0.91100717,58.1151,0.0
2023-01-14 18:00:00,21.110626,19.316986,1006.16626,-1.7387085,-0.57047844,0.03001865,89.50587,0.0
2023-01-15 00:00:00,20.383087,19.125916,1004.4338,-0.40171623,-1.6635027,0.35695487,92.49851,0.0
2023-01-15 06:00:00,27.716705,19.68863,1006.27875,-2.1161404,-2.0841885,0.32410067,61.666595,0.0
2023-01-15 12:00:00,28.159576,19.191742,1002.97437,-2.5108547,-0.6865549,0.3066734,58.26568,0.0
2023-01-15 18:00:00,20.881134,19.006256,1006.0,-1.9369164,-0.67384243,0.0,89.03633,0.0
2023-01-16 00:00:00,19.550568,17.730255,1004.45624,-0.033467293,-1.8534746,0.13604754,89.237236,0.0
2023-01-16 06:00:00,27.585968,18.561005,1007.15686,-2.1671505,-2.0072355,0.9282786,57.922523,0.0
2023-01-16 12:00:00,27.975494,19.933136,1003.47565,-2.8386889,-1.2446032,0.0019779205,61.669815,0.0
2023-01-16 18:00:00,21.413116,19.380585,1006.9794,-1.6614523,-1.2100239,0.0048908107,88.209305,0.0
2023-01-17 00:00:00,20.322784,18.56308,1004.6625,-0.03528595,-2.181099,0.19197994,89.636444,0.0
2023-01-17 06:00:00,27.787811,19.191864,1008.235,-2.2325163,-2.1526241,0.88601726,59.54321,0.0
2023-01-17 12:00:00,28.24411,19.28592,1004.8225,-2.7028208,-0.081851006,0.98561865,58.320618,0.0
2023-01-17 18:00:00,21.088654,19.091064,1007.66376,-1.7502298,-1.3849916,0.9963977,88.374344,0.0
2023-01-18 00:00:00,20.368317,18.545013,1006.10187,-0.18929672,-2.247676,0.23612797,89.28375,0.0
2023-01-18 06:00:00,28.426605,19.153168,1009.1844,-3.5325804,-2.6866121,0.35438973,57.229702,0.0
2023-01-18 12:00:00,28.102325,19.293762,1005.4906,-3.3169565,-1.3162174,0.37637925,58.83287,0.0
2023-01-18 18:00:00,22.09903,18.598694,1009.3713,-1.7947206,-0.86218643,0.87909627,80.56202,0.0
2023-01-19 00:00:00,21.349884,19.124573,1007.0756,0.2516575,-1.9711351,0.86412406,87.151344,0.0001906883
2023-01-19 06:00:00,28.204376,18.411469,1008.9306,-2.8068886,-2.8692799,0.77899736,55.348743,0.0
2023-01-19 12:00:00,28.060455,18.842865,1005.2325,-2.9906874,-1.9372864,0.04944157,57.341618,0.0
2023-01-19 18:00:00,21.880646,18.070526,1008.1475,-1.087018,-1.7115898,0.056508064,78.98263,0.0
2023-01-20 00:00:00,21.473053,18.394531,1006.40875,0.684762,-2.1650333,0.656991,82.63848,0.0
2023-01-20 06:00:00,28.147858,20.25003,1008.22565,-3.0187626,-2.4387684,0.6593625,62.262177,0.06523204
2023-01-20 12:00:00,28.365631,20.371857,1004.7075,-2.9547873,-1.7949133,0.546814,61.942375,0.0
2023-01-20 18:00:00,22.768341,19.354187,1007.5656,-0.85684204,-1.4690876,0.21155536,81.08399,0.0
2023-01-21 00:00:00,22.408356,20.28537,1005.65436,0.2941618,-2.60435,0.75801766,87.80065,0.0
2023-01-21 06:00:00,29.338776,20.865753,1007.09436,-2.6160154,-3.8992414,0.82479393,60.355343,0.0007627532
2023-01-21 12:00:00,28.60556,20.529755,1003.84625,-2.7651129,-2.533248,1.0,61.68287,0.0
2023-01-21 18:00:00,23.852936,20.009003,1006.1838,-2.215354,-1.772996,0.9799361,79.0938,0.0
2023-01-22 00:00:00,23.043488,21.185394,1005.1669,-0.6490269,-2.3370972,0.9796099,89.29638,0.0
2023-01-22 06:00:00,28.522003,20.594696,1006.4975,-3.4881601,-3.5950842,0.69876355,62.23152,0.0
2023-01-22 12:00:00,27.506561,20.710052,1004.04376,-3.9266777,-1.3213739,1.0,66.49802,0.0
2023-01-22 18:00:00,24.411163,20.845581,1005.455,-1.9740763,-2.2049084,0.99999857,80.54053,0.0
2023-01-23 00:00:00,23.847198,20.724335,1003.51874,0.020742416,-2.6034994,0.5919443,82.693634,0.0
2023-01-23 06:00:00,26.659027,21.484283,1005.33813,-2.1681967,-3.327073,0.9999988,73.29288,0.0016216573
2023-01-23 12:00:00,26.652039,22.413452,1002.84814,-2.7479782,-2.0546265,0.8802115,77.59921,0.0653237
2023-01-23 18:00:00,24.61026,22.384277,1005.23065,-1.9736471,-2.2378864,0.90410364,87.439705,0.0
2023-01-24 00:00:00,24.326538,21.950989,1003.8837,-1.4183283,-1.9924593,0.98174024,86.62117,0.07152267
2023-01-24 06:00:00,29.777008,21.546204,1006.4462,-2.770606,-2.181963,0.8136046,61.358337,0.0
2023-01-24 12:00:00,29.039703,20.997803,1002.39685,-3.5475693,-1.6498499,0.29409075,61.908295,0.0
2023-01-24 18:00:00,23.754059,19.908417,1005.5513,-1.9634895,-1.7843332,0.55153847,79.07156,0.0
2023-01-25 00:00:00,22.173126,19.695648,1004.72,-0.2935295,-2.1223316,0.95770127,85.87298,0.0
2023-01-25 06:00:00,29.05252,19.695526,1005.91815,-2.9615812,-2.820197,0.99248046,57.08262,0.0
2023-01-25 12:00:00,28.837921,20.268036,1002.96686,-3.7482748,-1.6924686,0.09610266,59.881943,0.0
2023-01-25 18:00:00,22.838837,20.078644,1005.9844,-1.3235598,-1.2454643,0.07054007,84.450096,0.0
2023-01-26 00:00:00,22.306305,19.765686,1004.22375,-0.045106888,-2.5494022,0.8988888,85.550575,0.0
2023-01-26 06:00:00,28.513153,19.448334,1006.1287,-2.8159513,-2.4739943,0.8569638,57.998394,0.0
2023-01-26 12:00:00,28.757599,20.088837,1002.8119,-2.8655128,-1.3350868,0.0763544,59.498554,0.0
2023-01-26 18:00:00,22.812897,19.698181,1006.0719,-1.8130093,-0.8103647,0.9728163,82.612274,0.0
2023-01-27 00:00:00,22.4805,20.740692,1004.4281,0.045612335,-1.8412399,0.30494094,89.90593,0.0
2023-01-27 06:00:00,28.318695,19.656769,1005.91565,-1.9623365,-2.8892984,0.59271747,59.422188,0.00057322904
2023-01-27 12:00:00,29.310333,19.47757,1002.65436,-2.310892,-1.8305521,0.07276787,55.48211,0.0
2023-01-27 18:00:00,22.814972,20.158386,1004.9975,-1.8949718,-1.2157173,0.018357653,84.99052,0.0
2023-01-28 00:00:00,21.455109,19.153107,1004.1256,-0.13042259,-2.0789013,0.100197725,86.74551,0.0
2023-01-28 06:00:00,28.244171,19.086945,1005.1194,-2.4950628,-3.5871563,0.35316998,57.60199,0.0
2023-01-28 12:00:00,29.330353,19.505035,1002.0594,-3.013157,-2.3583546,0.010421753,55.512684,0.0
2023-01-28 18:00:00,23.398102,20.222198,1004.1962,-0.76448154,-2.122323,0.61280936,82.369934,0.0
2023-01-29 00:00:00,22.744293,19.517365,1002.2175,-0.15039349,-3.259368,0.28801286,82.03035,0.0
2023-01-29 06:00:00,29.402863,20.81314,1003.46625,-3.009531,-4.120858,0.97688234,59.938175,0.023270307
2023-01-29 12:00:00,28.228973,22.401031,1001.1406,-3.3755884,-2.2021513,0.7901422,70.70173,0.0068720933
2023-01-29 18:00:00,24.491425,22.597809,1004.66125,-0.5120115,-1.2579508,0.9999999,89.2134,0.0
2023-01-30 00:00:00,24.467804,22.057648,1002.8744,-0.7927599,-2.4383774,0.9077957,86.45184,0.0
2023-01-30 06:00:00,27.566803,22.572601,1004.8013,-2.242673,-3.2286882,0.67538,74.25716,0.22876325
2023-01-30 12:00:00,27.405334,22.718842,1002.4469,-2.4394712,-2.3737078,1.0,75.630486,0.0
2023-01-30 18:00:00,24.99179,22.354156,1004.92377,-1.1472883,-2.9248333,1.0,85.31378,0.0
2023-01-31 00:00:00,24.214874,21.71701,1002.72626,-0.42995358,-3.8027906,1.0,85.96605,0.0
2023-01-31 06:00:00,29.108307,20.9711,1004.60626,-1.9523306,-5.0695868,1.0,61.561966,0.0
2023-01-31 12:00:00,28.18924,21.76773,1001.44,-3.544424,-2.6848202,1.0,68.18261,0.015079975
2023-01-31 18:00:00,25.664185,21.367828,1003.5175,-1.0783463,-3.333539,1.0,77.179596,0.0
2023-02-01 00:00:00,25.486298,20.790802,1001.9338,0.00502491,-3.4843845,1.0,75.283676,0.0
2023-02-01 06:00:00,28.455109,21.5867,1003.8806,-1.93192,-5.422455,1.0,66.397385,0.09822193
2023-02-01 12:00:00,26.483124,23.148773,1001.58936,-1.923708,-2.9694023,1.0,81.948265,0.043917075
2023-02-01 18:00:00,24.495697,22.013458,1003.6675,-1.763711,-4.2410593,0.9844713,86.07544,0.456464
2023-02-02 00:00:00,24.010864,22.404327,1001.855,-1.0560455,-3.9316826,1.0,90.748314,0.0
2023-02-02 06:00:00,24.498505,23.254547,1004.90875,-1.4269724,-4.628768,0.9991213,92.79352,0.11987679
2023-02-02 12:00:00,25.514923,22.64383,1002.1181,-2.0141783,-2.6252012,1.0,84.16695,0.0
2023-02-02 18:00:00,23.954803,21.227692,1005.3325,-1.563303,-3.372696,0.98974824,84.74167,0.3158599
2023-02-03 00:00:00,24.063904,22.266144,1003.16,-0.73177814,-3.1027956,1.000001,89.7026,0.0
2023-02-03 06:00:00,26.55075,23.737335,1005.345,-1.1775885,-2.9028292,0.98274684,84.57207,0.19796412
2023-02-03 12:00:00,25.257294,23.483887,1002.7463,-2.4383621,-2.2527523,0.97435445,89.92147,2.9990902
2023-02-03 18:00:00,24.43982,23.18158,1005.2681,-1.9522781,-2.8548174,0.9521081,92.710396,0.0
2023-02-04 00:00:00,24.239899,21.933441,1002.97437,-0.40143108,-2.777626,1.0000002,86.97904,0.0
2023-02-04 06:00:00,27.902802,23.067902,1005.2519,-2.654005,-3.4317493,0.89634085,75.03247,0.64838505
2023-02-04 12:00:00,29.281158,21.67923,1001.9963,-2.3191233,-1.5976725,0.31109932,63.653606,0.0
2023-02-04 18:00:00,23.380646,21.418488,1005.10065,-1.4022636,-1.7298441,0.017675355,88.75476,0.0
2023-02-05 00:00:00,22.883575,21.24942,1002.815,-0.27108574,-2.1055021,0.8555086,90.519844,0.0
2023-02-05 06:00:00,28.944733,21.631256,1004.8181,-2.2667475,-2.4464169,0.9977277,64.71413,0.0
2023-02-05 12:00:00,28.71347,19.084503,1002.47375,-2.6634932,-1.5654984,0.97600734,56.043964,0.0
2023-02-05 18:00:00,22.695953,20.774261,1005.04,-1.2317886,-2.286625,1.0,88.92116,0.0
2023-02-06 00:00:00,22.345734,20.925262,1004.16626,-0.5508299,-2.2045412,0.85388845,91.6806,0.0
2023-02-06 06:00:00,28.66983,21.312164,1006.16,-2.5192394,-1.7270918,0.71948004,64.48149,0.0
2023-02-06 12:00:00,28.856354,19.993195,1002.0575,-2.1429977,-1.2629871,1.0,58.8098,0.0
2023-02-06 18:00:00,21.845367,20.333893,1004.6881,-1.594677,-0.5451021,0.7601164,91.137,0.0
2023-02-07 00:00:00,21.856354,20.785248,1004.1144,0.32928753,-1.4566278,0.9617802,93.64568,8.731149e-08
2023-02-07 06:00:00,29.61502,20.78299,1005.965,-1.0848227,-2.1474247,0.37845236,59.0996,0.0
2023-02-07 12:00:00,30.72586,20.68924,1001.6219,-2.8520508,-0.054657936,0.0149002075,55.130585,0.0
2023-02-07 18:00:00,22.530182,21.353851,1004.4294,-1.51894,-0.6650553,0.0,93.075066,0.0
2023-02-08 00:00:00,23.143463,21.708282,1003.71185,-0.7745266,-2.0231972,0.99821806,91.64601,0.00028603245
2023-02-08 06:00:00,29.170502,21.463165,1006.0225,-1.6670141,-2.2229834,0.35886478,63.220734,0.0
2023-02-08 12:00:00,30.289703,20.904694,1002.0687,-2.8107157,-0.7018204,0.98322815,57.278805,0.0
2023-02-08 18:00:00,22.216095,20.787323,1005.2925,-1.8473644,-0.5464344,0.13199483,91.62599,0.0
2023-02-09 00:00:00,22.53714,21.294464,1003.665,0.093530655,-1.7186022,0.94763243,92.69773,0.0
2023-02-09 06:00:00,29.22818,20.607208,1006.40375,-1.5273819,-0.71444035,0.971322,59.78295,0.0
2023-02-09 12:00:00,29.988922,19.805084,1003.2775,-2.562336,-0.49819183,0.8915783,54.45101,0.0
2023-02-09 18:00:00,22.19217,20.53189,1006.4394,-1.4345293,-1.0964346,0.7587056,90.32706,0.0
2023-02-10 00:00:00,21.908112,20.356232,1005.33936,-0.5367832,-1.7375011,0.9193688,90.91397,0.0
2023-02-10 06:00:00,29.67044,20.498688,1007.58813,-1.7138834,-1.6614676,0.18975103,57.888306,0.0
2023-02-10 12:00:00,30.205963,17.561432,1003.6163,-2.6262064,-0.893034,0.08225955,46.736725,0.0
2023-02-10 18:00:00,21.569733,19.842255,1006.7525,-1.6606836,-0.8769407,0.17681086,89.90845,0.0
2023-02-11 00:00:00,21.213165,19.99649,1005.46063,-0.05798912,-1.5836382,1.0000001,92.7762,0.0
2023-02-11 06:00:00,27.945953,20.333282,1007.325,-1.67665,-1.9949226,0.99955463,63.32409,0.0
2023-02-11 12:00:00,28.638702,19.379913,1004.1694,-2.3254976,-0.5737238,0.94294924,57.332676,0.0
2023-02-11 18:00:00,21.625153,19.406342,1007.2025,-2.1033497,0.5926342,0.5254813,87.21162,0.0
2023-02-12 00:00:00,20.041412,18.743683,1005.6813,0.7515545,-1.394557,0.3266425,92.2456,0.0
2023-02-12 06:00:00,29.600128,18.485992,1007.54877,-1.2080021,-1.1971073,0.20587492,51.288956,0.0
2023-02-12 12:00:00,30.708282,17.72232,1003.8094,-2.3950386,-0.7592869,0.0,45.87434,0.0
2023-02-12 18:00:00,20.568146,18.382477,1006.4869,-1.7763252,-1.20399,0.11929321,87.29654,0.0
2023-02-13 00:00:00,20.103546,19.291107,1005.795,-0.2362833,-1.5871668,0.62924826,95.083534,0.0
2023-02-13 06:00:00,29.636139,19.660797,1007.4381,-1.7035027,-1.1870985,0.5305786,55.07239,0.0
2023-02-13 12:00:00,30.496979,17.886505,1004.1175,-3.1070013,-0.850338,0.5992588,46.914658,0.0
2023-02-13 18:00:00,21.553741,19.460846,1007.27313,-1.4624901,-1.0732584,0.0,87.890755,0.0
2023-02-14 00:00:00,20.729156,19.508026,1006.10876,0.17643261,-1.3920631,0.9475468,92.72492,0.0
2023-02-14 06:00:00,29.125275,20.408234,1007.98315,-1.5647717,-0.89929867,0.3872751,59.406155,0.0
2023-02-14 12:00:00,30.45462,17.337555,1003.3038,-2.8879147,-0.073856354,0.003955364,45.428707,0.0
2023-02-14 18:00:00,21.343292,19.440643,1005.85187,-1.9988203,0.04972267,0.0,88.918945,0.0
2023-02-15 00:00:00,20.721832,19.393646,1003.9169,0.7161808,-1.7214584,0.27438354,92.10942,0.0
2023-02-15 06:00:00,30.033234,19.592316,1005.9313,-2.1887102,-1.3483019,0.01556778,53.600197,0.0
2023-02-15 12:00:00,30.604523,17.01883,1002.1781,-2.8810024,-1.4982796,0.0,44.14156,0.0
2023-02-15 18:00:00,21.430695,19.308624,1004.9956,-2.0360107,-0.5605011,0.0,87.72075,0.0
2023-02-16 00:00:00,20.557892,19.456879,1003.9406,0.21458626,-1.8408041,0.0021209717,93.411026,0.0
2023-02-16 06:00:00,29.699615,20.284088,1006.34064,-2.6160116,-1.6737165,0.10883479,57.030647,0.0
2023-02-16 12:00:00,29.990997,19.129242,1002.9969,-3.845436,-1.1612434,0.0,52.20459,0.0
2023-02-16 18:00:00,21.970978,20.176147,1006.19,-1.2600784,-1.4856911,0.0,89.56387,0.0
2023-02-17 00:00:00,21.716461,20.22995,1005.1994,-0.65122795,-1.3902626,0.2858021,91.269455,0.0
2023-02-17 06:00:00,29.573395,19.932281,1007.075,-2.6143465,-0.9071331,0.30097273,56.210182,0.0
2023-02-17 12:00:00,30.579376,18.50467,1003.28815,-2.947874,-0.94615936,0.0,48.541336,0.0
2023-02-17 18:00:00,21.5961,19.576202,1006.46564,-1.9193382,-0.6350107,0.0,88.29392,0.0
2023-02-18 00:00:00,20.757843,19.217316,1005.2456,0.4551201,-1.8277264,0.0007247925,90.902336,0.0
2023-02-18 06:00:00,30.49466,21.11148,1007.0106,-1.6241856,-0.29128933,0.18260473,57.333935,0.0024803448
2023-02-18 12:00:00,31.358551,20.415924,1002.8681,-2.6423187,0.1997652,0.04573059,52.288498,0.0
2023-02-18 18:00:00,24.39737,23.03952,1006.82623,-2.1276264,-0.09217358,0.0,92.15133,0.0
2023-02-19 00:00:00,23.677582,22.5094,1005.3769,-0.009804726,-1.6186886,0.8083769,93.178696,0.0
2023-02-19 06:00:00,30.355255,20.720734,1007.04626,-1.823987,-0.94237137,0.3053649,56.421726,0.0
2023-02-19 12:00:00,31.22403,20.204987,1003.3775,-3.2925415,-0.57880783,0.6506925,52.008385,0.0
2023-02-19 18:00:00,24.38266,22.591583,1006.51685,-2.1328726,-0.31783962,0.0,89.762344,0.0
2023-02-20 00:00:00,22.318756,21.160187,1004.6881,-0.06833553,-1.5232906,0.93865603,93.165886,0.0
2023-02-20 06:00:00,30.509186,20.027863,1007.4169,-1.531847,-1.4563532,0.19123958,53.58468,0.0
2023-02-20 12:00:00,31.380035,19.32486,1003.6475,-2.8838234,-0.59893227,0.41726232,48.810196,0.0
2023-02-20 18:00:00,23.26352,21.835236,1006.6788,-1.9444876,0.24892712,0.0,91.69185,0.0
2023-02-21 00:00:00,21.700104,20.129974,1005.49,0.43749142,-1.4213867,0.1773018,90.79779,0.0
2023-02-21 06:00:00,30.928986,17.82547,1007.3594,-1.8776779,-2.0203238,0.09165275,45.594906,0.0
2023-02-21 12:00:00,31.42154,16.767365,1003.89374,-3.1788445,-1.2685833,0.0,41.465466,0.0
2023-02-21 18:00:00,22.408478,18.298004,1006.4531,-1.9787617,-0.6272764,0.0,77.58359,0.0
2023-02-22 00:00:00,21.34378,19.663483,1005.08124,-0.6268692,-1.6313133,0.0,90.155716,0.0
2023-02-22 06:00:00,31.045929,18.286774,1006.29626,-2.7763758,-2.218277,0.021627426,46.623795,0.0
2023-02-22 12:00:00,30.774078,16.520782,1003.5031,-3.9745255,-1.4563932,0.0,42.355694,0.0
2023-02-22 18:00:00,22.572052,18.536041,1006.615,-1.9368944,-0.13527966,0.0,77.970764,0.0
2023-02-23 00:00:00,21.10147,18.694763,1005.35,0.2674942,-1.7827921,0.23008662,86.14669,0.0
2023-02-23 06:00:00,30.383698,18.680328,1006.4325,-3.1482162,-0.40493965,0.9227888,49.63082,0.0
2023-02-23 12:00:00,30.994415,21.19107,1003.0225,-3.5481777,-0.74883556,0.4606563,55.992516,0.0
2023-02-23 18:00:00,24.216278,22.397308,1005.9956,-1.8131046,-0.2535057,0.081710815,89.59816,0.0
2023-02-24 00:00:00,24.024323,22.212616,1005.0062,-0.012576103,-1.3033524,0.7647751,89.62357,0.010394026
2023-02-24 06:00:00,31.121979,20.539154,1007.59186,-2.2229118,-1.2747984,0.5174713,53.402023,0.0
2023-02-24 12:00:00,31.769196,20.041595,1003.6819,-3.0029058,-0.19128036,0.0,49.91468,0.0
2023-02-24 18:00:00,23.234894,20.10257,1007.9462,-1.7195034,-0.0560112,0.0,82.57257,0.0
2023-02-25 00:00:00,22.019806,19.857391,1007.0062,-0.34530735,-1.7449274,0.0,87.55282,0.0
2023-02-25 06:00:00,30.887115,18.122955,1008.2488,-1.5348606,-1.7822752,0.0,46.566902,0.0
2023-02-25 12:00:00,31.97293,15.169342,1005.1725,-3.5723839,-1.1813879,0.0,36.28955,0.0
2023-02-25 18:00:00,22.41623,19.382233,1008.8738,-1.4217529,-1.2262564,0.0,82.98052,0.0
2023-02-26 00:00:00,21.210846,19.538605,1008.2413,-0.676857,-1.8620377,0.04396057,90.191444,0.0
2023-02-26 06:00:00,30.44632,20.02359,1009.33124,-3.0168858,-2.1237621,0.12558888,53.763687,0.0
2023-02-26 12:00:00,30.537506,18.211578,1006.6887,-4.5893307,-1.6539326,0.002998352,47.771904,0.0
2023-02-26 18:00:00,23.298248,20.25412,1010.0044,-1.1253996,-1.4620409,0.0021514893,83.03154,0.0
2023-02-27 00:00:00,22.744904,20.681854,1009.0681,0.602191,-2.0341415,0.15966499,88.15459,0.0
2023-02-27 06:00:00,31.41275,18.886505,1009.8731,-2.3266153,-1.9227676,0.11197233,47.406273,0.0
2023-02-27 12:00:00,31.617584,19.07547,1005.8063,-3.9156742,-1.2507448,0.02817154,47.413383,0.0
2023-02-27 18:00:00,24.723541,21.624908,1008.48315,-1.8041754,-1.6633778,0.024291992,82.91981,0.0
2023-02-28 00:00:00,24.509552,22.163605,1007.4456,-0.6365242,-2.7074633,0.55494136,86.794624,0.0
2023-02-28 06:00:00,28.889313,22.210846,1009.9775,-3.7578316,-2.6969948,0.62597173,67.2592,0.17044109
2023-02-28 12:00:00,30.394562,20.716217,1006.1625,-3.9658508,-2.0688896,0.4110288,56.27912,0.0
2023-02-28 18:00:00,25.934174,22.791534,1008.9356,-1.9046965,-1.7684307,0.22471327,82.839,0.0
2023-03-01 00:00:00,25.461395,22.72293,1007.28314,-0.90108395,-2.517889,0.64893585,84.84119,0.06313318
2023-03-01 06:00:00,32.0524,21.49356,1009.45685,-3.9392033,-2.418457,0.6946984,53.712093,0.0
2023-03-01 12:00:00,31.325104,18.635284,1005.6813,-4.457391,-1.8972692,0.77145624,46.901028,0.0
2023-03-01 18:00:00,25.00418,22.402802,1009.6969,-2.2045736,-1.1366863,0.04680713,85.50331,0.0
2023-03-02 00:00:00,24.632904,22.680054,1007.96124,-1.0278616,-2.736742,0.62645876,88.90422,0.0011441298
2023-03-02 06:00:00,30.872955,20.9628,1009.9775,-2.584999,-2.3153496,0.82312036,55.59715,0.0
2023-03-02 12:00:00,31.397491,17.045197,1006.21686,-3.8499794,-1.8200626,0.52466595,42.260002,0.0
2023-03-02 18:00:00,23.848541,18.43509,1010.0588,-1.2922144,-1.6375732,0.30314392,71.72772,0.0
2023-03-03 00:00:00,22.768341,18.668488,1008.90375,-0.007460594,-2.3047857,0.5113626,77.6889,0.0
2023-03-03 06:00:00,30.782623,19.688385,1010.72815,-2.916257,-1.9842825,0.8481661,51.654945,0.0
2023-03-03 12:00:00,31.307281,16.143463,1006.5588,-3.8894644,-1.4574575,0.04204088,40.111877,0.0
2023-03-03 18:00:00,23.931427,20.202057,1009.8325,-1.6528358,-1.7532511,0.09607975,79.66721,0.0
2023-03-04 00:00:00,24.214508,21.963837,1008.76373,-0.5498934,-2.5950203,0.07236268,87.27324,0.0
2023-03-04 06:00:00,31.617096,20.985992,1010.0044,-2.377718,-2.3923159,0.052326348,53.366726,0.0
2023-03-04 12:00:00,32.528717,19.763458,1006.2488,-4.104965,-1.2186527,0.057338767,46.998726,0.0
2023-03-04 18:00:00,25.928925,22.185883,1009.67377,-1.5801897,-1.2163296,0.38617915,79.87101,0.0
2023-03-05 00:00:00,24.767242,22.625458,1008.0619,-0.6547804,-2.4176607,0.9022371,87.90169,0.0
2023-03-05 06:00:00,31.88919,21.564606,1009.42,-2.895588,-1.8375702,0.80064374,54.447086,0.0
2023-03-05 12:00:00,32.257477,19.472809,1005.58185,-3.739604,-1.3393221,0.5954362,46.870544,0.0
2023-03-05 18:00:00,23.962433,21.72293,1008.8038,-1.4562025,-1.5955582,0.40351802,87.31029,0.0
2023-03-06 00:00:00,24.22525,22.483307,1007.1525,-0.9116907,-2.2618446,0.9608407,90.01923,0.0003813766
2023-03-06 06:00:00,30.979645,20.20755,1008.6969,-2.344657,-1.6382322,0.13399744,52.74626,0.0
2023-03-06 12:00:00,32.040558,18.124542,1004.1044,-3.5279102,-1.0986423,0.0,43.615807,0.0
2023-03-06 18:00:00,24.228668,21.622955,1007.41064,-1.8223505,-1.0158615,0.028999329,85.402504,0.0
2023-03-07 00:00:00,24.035309,22.363617,1005.78687,-0.758935,-2.0472307,0.9645692,90.391174,0.0
2023-03-07 06:00:00,30.924835,21.884308,1007.7506,-2.1621838,-1.4201593,0.35787874,58.651268,0.0
2023-03-07 12:00:00,32.188385,20.497345,1004.1262,-4.0225506,-0.8786316,0.18049695,50.135647,0.0
2023-03-07 18:00:00,25.578033,23.034607,1007.16376,-2.2539701,-1.5252838,0.013971126,85.861404,0.0
2023-03-08 00:00:00,24.951813,22.108795,1005.9981,-0.5369253,-2.8871813,0.61245537,84.249626,0.0007636845
2023-03-08 06:00:00,31.233917,21.497711,1007.59436,-3.3307552,-2.3617373,0.476605,56.281162,0.044635553
2023-03-08 12:00:00,31.258942,21.0159,1004.1575,-4.4449625,-1.2715263,0.2494729,54.56481,0.0
2023-03-08 18:00:00,25.031342,22.440094,1006.5875,-1.8532181,-1.6947393,0.002002716,85.55871,0.0
2023-03-09 00:00:00,24.99527,22.640411,1004.96564,-0.057501793,-2.5370274,0.6301963,86.79239,0.0
2023-03-09 06:00:00,31.32315,21.155243,1006.8094,-3.3196259,-2.599762,0.35049456,54.832886,0.0
2023-03-09 12:00:00,31.508453,19.489777,1003.3719,-4.0758057,-2.1797447,0.050055962,48.954655,0.0
2023-03-09 18:00:00,25.043121,22.29599,1006.82935,-1.943264,-1.3050318,0.3405146,84.75272,0.0
2023-03-10 00:00:00,24.882416,22.934753,1004.8425,-0.68720627,-2.5079527,0.9838458,88.95168,0.0
2023-03-10 06:00:00,31.194122,21.32248,1006.2006,-2.9954777,-1.437932,0.7991828,55.806644,9.5926225e-05
2023-03-10 12:00:00,31.09732,20.36148,1002.6331,-3.8091125,-1.4640312,0.7459665,52.894093,0.0
2023-03-10 18:00:00,25.678741,23.029297,1005.8762,-2.1302967,-1.3505898,0.13571729,85.322365,0.0
2023-03-11 00:00:00,24.730377,22.764374,1004.76874,-0.25047874,-2.2106895,0.81285447,88.84097,0.0017173588
2023-03-11 06:00:00,31.47403,22.022491,1006.39374,-2.3027039,-2.1174755,0.60859185,57.326214,0.017256975
2023-03-11 12:00:00,30.799591,22.688263,1002.9981,-4.3088007,-1.4002771,0.3274095,62.03382,0.0
2023-03-11 18:00:00,25.356781,22.526398,1006.3081,-2.1463108,-1.3782082,0.03109103,84.35813,0.0
2023-03-12 00:00:00,24.71695,21.917145,1004.8625,0.003973007,-2.371581,0.6485957,84.44657,0.0007627532
2023-03-12 06:00:00,31.494537,21.505768,1006.0,-3.3802843,-2.4173183,0.3382709,55.480217,0.091736205
2023-03-12 12:00:00,31.914948,21.148346,1002.2562,-4.6006393,-1.0348053,0.083488174,52.998447,0.0
2023-03-12 18:00:00,26.053986,23.02069,1006.10876,-1.4780846,-1.4228334,0.07476382,83.40323,0.0
2023-03-13 00:00:00,25.326355,23.316406,1003.725,-0.77086353,-2.5707607,0.94501865,88.65229,0.0
2023-03-13 06:00:00,32.29715,21.322174,1005.02,-2.8456717,-1.5580482,0.1487041,52.420544,0.004865695
2023-03-13 12:00:00,33.16971,18.19754,1001.355,-4.126114,-0.722353,0.124655396,41.113792,0.0
2023-03-13 18:00:00,25.303864,21.480255,1004.1431,-1.4336824,-1.1059237,0.06006241,79.3943,0.0
2023-03-14 00:00:00,24.856537,23.209137,1002.9406,-0.75277233,-1.4263325,0.9302103,90.58015,0.0
2023-03-14 06:00:00,31.865875,21.739777,1003.5225,-2.5567436,-1.1457176,0.033255763,55.10612,0.0
2023-03-14 12:00:00,32.905304,19.27774,999.46,-4.2845745,-0.13463485,0.115567446,44.644257,0.0
2023-03-14 18:00:00,25.08023,22.550812,1003.1337,-1.6201181,0.009792924,0.101770654,85.88556,0.0
2023-03-15 00:00:00,25.059479,22.967102,1001.5494,0.29257393,-1.5156488,0.97779083,88.189926,0.0
2023-03-15 06:00:00,31.891754,22.121307,1003.28314,-1.2023506,1.0840483,0.43054354,56.321247,0.0
2023-03-15 12:00:00,32.18228,23.54422,999.4988,-3.2539253,1.6432822,0.5125815,60.391693,0.08009374
2023-03-15 18:00:00,27.145325,24.344055,1003.7006,-2.3732357,0.63041043,0.35261983,84.696335,0.0
2023-03-16 00:00:00,25.605988,23.880066,1002.3131,-1.3723392,0.3774634,0.2894686,90.20353,0.04243478
2023-03-16 06:00:00,33.02237,23.01535,1004.17377,-1.8172493,0.5674915,0.38717324,55.78735,0.09243417
2023-03-16 12:00:00,32.493805,23.160004,1000.545,-3.663642,1.9672348,0.41289926,57.977932,0.0
2023-03-16 18:00:00,27.643158,23.636658,1004.605,-1.3102131,0.6301129,0.2424581,78.83978,0.103637576
2023-03-17 00:00:00,26.381775,23.903076,1003.3975,0.77595997,0.78777665,0.36174572,86.274895,0.0
2023-03-17 06:00:00,32.525665,22.408173,1004.225,-1.9575243,0.58472836,0.28471926,55.29533,0.0
2023-03-17 12:00:00,32.21048,22.344452,1000.03564,-4.616499,0.15412807,0.48133123,56.07072,0.020880252
2023-03-17 18:00:00,27.33017,23.89853,1003.6575,-2.0194855,-0.26289856,0.24742848,81.572716,0.0
2023-03-18 00:00:00,26.41394,24.120483,1002.6863,-0.5631733,-1.1090698,0.34421116,87.24315,0.00868169
2023-03-18 06:00:00,32.60794,23.488495,1004.07874,-2.2655392,0.9978922,0.71564955,58.759785,0.16775064
2023-03-18 12:00:00,32.044098,23.574493,999.34686,-2.430995,2.296198,0.71354675,60.976856,0.0
2023-03-18 18:00:00,27.069489,24.347717,1003.15564,-0.6139536,1.8090401,0.28837383,85.09284,0.0015348196
2023-03-19 00:00:00,25.95929,24.04663,1001.2644,0.71878356,0.9073628,0.8220135,89.2226,0.0
2023-03-19 06:00:00,32.709747,22.325958,1002.5719,1.3645725,1.3284845,0.55368483,54.45159,0.02021293
2023-03-19 12:00:00,32.003326,24.099579,997.6863,-1.7205181,2.4371824,0.67762107,63.07868,1.6549383
2023-03-19 18:00:00,26.140045,24.137207,1002.40875,-1.2379141,0.3089028,0.60143447,88.75488,0.0
2023-03-20 00:00:00,25.31903,23.369568,1000.8875,-1.0853128,-0.85954857,0.95410174,88.976,0.0
2023-03-20 06:00:00,32.500275,24.05008,1002.6256,-0.2600155,1.0937198,0.24173433,61.14955,0.0
2023-03-20 12:00:00,30.787323,24.176971,998.7825,-1.1728945,2.8482828,0.43840772,67.91032,0.0
2023-03-20 18:00:00,26.883698,24.291504,1002.16125,0.44741458,2.0987425,0.92883044,85.73748,0.0
2023-03-21 00:00:00,25.496002,24.311218,1000.2344,-0.9393282,0.37118447,0.52133465,93.17505,0.0
2023-03-21 06:00:00,33.324738,22.728424,1001.6287,-0.43574142,0.163692,0.77101207,53.903133,0.020701438
2023-03-21 12:00:00,33.1138,25.443268,998.7544,-2.9337978,1.9340539,0.68369627,64.20021,0.0
2023-03-21 18:00:00,28.5112,25.691956,1002.795,-1.133852,2.4266062,0.4792028,84.74796,0.0
2023-03-22 00:00:00,26.592987,24.50467,1001.5012,0.81290436,0.50509083,0.95118624,88.337685,0.19025989
2023-03-22 06:00:00,33.085724,24.438263,1002.85315,0.16000438,0.7934454,0.80791914,60.56012,0.0
2023-03-22 12:00:00,32.120514,24.962067,998.2031,-2.658022,1.5356894,0.7678391,65.98014,0.057218596
2023-03-22 18:00:00,28.179596,25.449799,1002.1044,-1.3438921,2.4899387,0.87511885,85.16507,0.0
2023-03-23 00:00:00,27.156403,25.48825,1000.8688,-0.76324177,1.00149,0.9764998,90.62088,0.0065863132
2023-03-23 06:00:00,33.24063,23.419464,1003.1325,-0.91089725,2.1301441,0.9533268,56.469845,0.009243764
2023-03-23 12:00:00,32.744904,23.500275,999.015,-2.3439255,2.7932673,1.0000017,58.34948,0.037545882
2023-03-23 18:00:00,27.256927,23.800446,1003.59314,-0.98752975,2.6157818,0.9808566,81.44186,0.0
2023-03-24 00:00:00,26.213745,23.89267,1000.96,0.25813937,1.2883782,0.9363551,87.08067,0.0
2023-03-24 06:00:00,33.605255,22.541656,1003.08,-0.016067564,2.2612696,0.2432636,52.464527,0.0
2023-03-24 12:00:00,33.004425,24.018097,999.77313,-1.9932165,1.9604337,0.99477696,59.323723,0.022888184
2023-03-24 18:00:00,27.89743,24.359985,1004.20435,-0.90535545,2.2882252,0.9496119,81.12704,0.029936433
2023-03-25 00:00:00,26.711456,24.721466,1002.5475,-1.2501183,1.9795458,0.9670241,88.868065,0.0
2023-03-25 06:00:00,33.323273,23.555664,1004.8675,-0.18891817,1.6356964,0.9397216,56.67219,0.0001899898
2023-03-25 12:00:00,33.423004,23.974213,1000.53937,-2.3174067,1.6888806,0.7158964,57.793617,0.00047741923
2023-03-25 18:00:00,28.144958,24.122742,1003.78,-0.836627,1.3372706,0.9980228,78.83522,0.0
2023-03-26 00:00:00,26.683472,24.686249,1002.40125,0.1364088,1.0236019,0.9579373,88.827446,0.00028591603
2023-03-26 06:00:00,33.490997,23.585724,1003.98315,-1.2450075,2.0023994,0.9631061,56.243706,0.018137945
2023-03-26 12:00:00,33.43094,23.577606,999.515,-2.0858212,2.2849092,0.9911148,56.40566,0.0
2023-03-26 18:00:00,27.996979,24.18695,1003.0544,-0.51618195,1.688303,0.93945855,79.825,0.0
2023-03-27 00:00:00,26.738342,24.461334,1001.9169,0.61676556,0.9126996,0.3728784,87.35787,0.0
2023-03-27 06:00:00,34.45218,22.590057,1003.1294,1.4274693,-0.23421055,0.8963939,50.19009,0.0
2023-03-27 12:00:00,34.805817,22.08194,999.03314,-2.8888397,0.6492163,0.31342518,47.715862,0.0
2023-03-27 18:00:00,28.584747,25.321472,1001.59064,-1.6404257,2.0683932,0.099070966,82.55003,0.0
2023-03-28 00:00:00,27.90445,25.628723,1001.3856,-0.5488205,0.4386853,0.7000104,87.466446,0.02823025
2023-03-28 06:00:00,33.938873,25.73648,1003.0719,-1.3081026,1.4921045,0.3316412,62.377556,0.00937283
2023-03-28 12:00:00,33.52762,25.475159,999.8575,-3.0927334,1.4999082,0.5408084,62.846302,0.0
2023-03-28 18:00:00,27.738403,24.943542,1004.1219,-1.6084013,1.4543567,0.8954463,84.79064,0.0
2023-03-29 00:00:00,27.08313,24.870361,1002.8844,-0.50993824,-0.12633419,0.95324993,87.7239,0.004004687
2023-03-29 06:00:00,33.519684,23.6315,1004.3031,-1.4712715,0.9348508,0.9468172,56.308468,0.04902482
2023-03-29 12:00:00,34.34378,23.489838,1000.3594,-3.011489,1.0182277,0.096725464,53.318882,0.0
2023-03-29 18:00:00,27.284607,23.610748,1003.79126,-1.5495491,0.9412428,0.0062122345,80.3865,0.0
2023-03-30 00:00:00,26.43216,23.574402,1003.14874,-0.34186268,-0.1481728,0.2754044,84.333916,0.0003814057
2023-03-30 06:00:00,33.047882,23.077423,1003.6969,-0.6345062,0.0029504895,0.17038271,55.91702,0.0
2023-03-30 12:00:00,34.089386,21.918365,999.2587,-3.2785559,1.6183753,0.4279709,49.163185,0.0
2023-03-30 18:00:00,26.763031,23.168518,1003.3769,-0.7338505,1.326254,0.09613223,80.704414,0.0
2023-03-31 00:00:00,26.186005,23.97171,1001.7575,0.6905013,0.8719324,0.66139203,87.63887,0.0
2023-03-31 06:00:00,34.42935,22.35147,1002.7375,0.035984993,1.6680527,0.49088085,49.530594,0.0
2023-03-31 12:00:00,35.14688,22.294952,998.34,-2.919856,2.1006145,0.07093048,47.433685,0.0
2023-03-31 18:00:00,28.13913,25.249329,1001.8756,-1.4923592,1.46087,0.06229019,84.3544,0.0
2023-04-01 00:00:00,28.196228,25.284271,1001.9556,-0.18060875,1.5029411,0.6010893,84.24932,0.03299862
2023-04-01 06:00:00,34.554718,23.441742,1002.9344,-0.7985029,2.65378,0.14615029,52.544224,0.0028684735
2023-04-01 12:00:00,33.324127,23.196198,998.7512,-2.5188484,2.4750776,0.34897614,55.453293,0.0
2023-04-01 18:00:00,28.770111,25.17685,1002.8475,-0.9581251,2.251731,0.23322904,80.96712,0.0
2023-04-02 00:00:00,26.87384,24.61612,1001.3719,-0.55311865,1.1797864,0.24074459,87.4706,0.00782311
2023-04-02 06:00:00,34.336212,22.615936,1002.96436,0.5160435,2.5527277,0.2633068,50.59449,0.0
2023-04-02 12:00:00,33.504425,22.797638,998.20624,-2.588276,2.5084043,0.3315262,53.587383,0.017542392
2023-04-02 18:00:00,28.970001,24.351288,1002.4919,-1.1805935,2.7554464,0.20147598,76.18414,0.0
2023-04-03 00:00:00,28.173737,24.633514,1000.53687,0.37093472,1.9186715,0.28822774,81.14834,0.0009536743
2023-04-03 06:00:00,34.762848,22.969513,1002.45,-0.5710716,2.5124626,0.22568041,50.47905,0.0
2023-04-03 12:00:00,32.845856,23.710693,999.01,-2.2814007,2.1810827,0.4062556,58.758987,0.0011441298
2023-04-03 18:00:00,28.331848,24.776703,1002.9881,-0.7249985,2.192051,0.14669168,81.09591,0.0
2023-04-04 00:00:00,27.33136,24.328857,1001.78564,0.031228065,2.6548061,0.37164247,83.70115,0.0036209822
2023-04-04 06:00:00,34.34964,22.406158,1004.16315,0.28834587,2.0448637,0.32956547,49.916523,0.0
2023-04-04 12:00:00,32.613434,23.886444,1000.4844,-1.8858871,2.8376799,0.50373805,60.16608,0.05882606
2023-04-04 18:00:00,27.782684,24.656097,1003.84875,-0.8234844,1.6523435,0.19763172,83.13242,0.0
2023-04-05 00:00:00,26.710297,24.924774,1001.3006,-0.055570066,1.5566521,0.6847138,89.95942,0.0
2023-04-05 06:00:00,34.589874,22.622711,1003.1931,-0.99565697,2.137969,0.09731406,49.906124,0.00038091093
2023-04-05 12:00:00,34.193756,23.127228,999.4244,-2.157421,2.5908089,0.38368234,52.60191,0.0
2023-04-05 18:00:00,28.750793,24.32193,1003.6225,-1.3330603,1.6578188,0.19609271,77.02232,0.0
2023-04-06 00:00:00,27.088257,24.763275,1002.17377,0.25958252,1.2499957,0.36480296,87.138565,0.0001899898
2023-04-06 06:00:00,35.041046,22.40921,1003.3681,-0.7041025,0.8488961,0.10058828,48.045204,0.0
2023-04-06 12:00:00,35.08914,22.36319,999.555,-2.8333435,1.6587819,0.4298706,47.783504,0.06116554
2023-04-06 18:00:00,28.126923,25.125977,1003.8669,-2.022255,1.247863,0.16526031,83.79673,0.0
2023-04-07 00:00:00,27.57788,24.853088,1003.22437,-0.5654278,0.7401837,0.8122539,85.12932,0.0012395903
2023-04-07 06:00:00,34.910065,21.069427,1004.8031,-2.6146145,1.1528387,0.4933508,44.591373,0.0
2023-04-07 12:00:00,34.793243,20.091217,1001.71124,-3.8642588,1.0395908,0.019554138,42.25511,0.0
2023-04-07 18:00:00,27.440887,23.753998,1005.35126,-1.4967308,-0.49401188,0.013130188,80.3439,0.0
2023-04-08 00:00:00,26.029388,23.311554,1005.0525,-0.52006245,-1.0197887,0.83397025,85.00616,0.0
2023-04-08 06:00:00,34.17154,20.71457,1006.3137,-3.5422525,-0.31788278,0.23671585,45.45745,0.0
2023-04-08 12:00:00,33.528717,20.766144,1004.1262,-4.2341833,-0.46917248,0.55855244,47.269615,0.0
2023-04-08 18:00:00,27.486786,23.144806,1006.9219,-1.8182745,-0.06025982,0.42825794,77.23742,0.0
2023-04-09 00:00:00,26.57602,23.7518,1005.4225,-0.44004154,-1.6257429,0.18409964,84.51977,0.0
2023-04-09 06:00:00,33.220123,22.672516,1006.9975,-2.2906113,-1.7600851,0.31081533,54.03687,0.013262033
2023-04-09 12:00:00,33.27188,22.816986,1003.2488,-3.8329697,0.14661026,0.22623725,54.354225,0.0
2023-04-09 18:00:00,27.72879,23.580017,1005.9263,-1.7240915,-0.42960548,0.37549096,78.17893,0.0
2023-04-10 00:00:00,26.888763,23.503693,1003.915,0.18305206,-1.2754412,0.47595477,81.74725,0.0
2023-04-10 06:00:00,34.41336,23.483368,1005.5075,-2.7702093,-0.36404377,0.15818301,53.09208,0.009917188
2023-04-10 12:00:00,34.03311,22.472748,1001.9256,-4.243561,0.27402496,0.33669925,51.01096,0.0
2023-04-10 18:00:00,27.736847,24.45288,1004.9931,-1.4382162,-0.42046547,0.005393982,82.34815,0.0
2023-04-11 00:00:00,27.23236,24.302856,1003.7081,-0.7301779,-1.1658154,0.95229983,84.05722,0.0
2023-04-11 06:00:00,34.06192,22.624908,1005.425,-1.9901857,-0.3147602,0.2625916,51.401825,0.0068661757
2023-04-11 12:00:00,35.34317,20.577423,1001.83813,-3.2820473,-0.3785038,0.04532242,42.23686,0.0
2023-04-11 18:00:00,27.651215,24.766022,1005.29315,-1.6229973,0.3542264,0.0,84.32553,0.0
2023-04-12 00:00:00,26.106781,24.067902,1003.3663,0.110072136,-0.53136903,0.5094757,88.56043,0.0
2023-04-12 06:00:00,34.430573,22.063873,1005.0012,-1.1317005,0.32495576,0.06315787,48.667538,0.0
2023-04-12 12:00:00,36.123688,20.720612,1000.9444,-3.8591948,0.223073,0.08041382,40.816765,0.0
2023-04-12 18:00:00,26.83554,23.546906,1004.3013,-1.610117,0.61811626,0.0,82.217384,0.0
2023-04-13 00:00:00,25.904022,23.646393,1003.29877,0.9070492,0.01881659,0.48927307,87.38617,0.0
2023-04-13 06:00:00,34.51468,20.948639,1004.2225,-0.6994629,0.64770293,0.003414154,45.244152,0.0
2023-04-13 12:00:00,36.062897,20.440094,1000.35626,-3.1772404,1.0802996,0.0,40.251385,0.0
2023-04-13 18:00:00,27.537079,24.355988,1003.89685,-1.1618919,1.1213899,0.06338501,82.83351,0.0
2023-04-14 00:00:00,25.283112,23.97763,1003.53064,0.6435003,0.6213555,0.8933202,92.49171,0.0
2023-04-14 06:00:00,35.374176,21.521759,1004.1731,-0.82318497,0.809161,0.026593616,44.682426,0.0
2023-04-14 12:00:00,36.102448,17.858307,999.7419,-1.796566,1.7739704,0.66179866,34.19527,0.0
2023-04-14 18:00:00,27.454803,22.304596,1002.83435,-0.37637615,1.6633878,0.9609154,73.5378,0.0
2023-04-15 00:00:00,25.836151,24.092804,1002.73065,0.36600113,1.2388864,0.9113104,90.125175,0.0
2023-04-15 06:00:00,36.06302,19.80008,1003.4456,-0.5486231,1.0616492,0.9367578,38.68881,0.0
2023-04-15 12:00:00,35.711334,19.26065,999.6756,-2.094139,1.3179115,0.99733907,38.14512,0.0
2023-04-15 18:00:00,27.914337,24.885468,1002.2475,-0.89061546,1.57758,0.030411733,83.63386,0.0
2023-04-16 00:00:00,26.15982,24.977692,1001.51935,1.3940716,0.75894797,0.9085923,93.2223,0.0
2023-04-16 06:00:00,35.83011,20.043121,1002.54565,-1.1684923,0.9007626,0.11190058,39.782387,0.0
2023-04-16 12:00:00,35.92227,19.756744,998.48065,-2.2155867,1.8935711,0.11990738,38.884914,0.0
2023-04-16 18:00:00,28.138458,23.255646,1001.6238,-0.46979523,2.0196533,0.021120738,74.85334,0.0
2023-04-17 00:00:00,26.378693,24.345612,1001.0687,0.75426126,0.8918819,0.19185437,88.613,0.0
2023-04-17 06:00:00,35.283844,20.22342,1002.2,-0.9311514,1.1604363,0.014043808,41.459763,0.0
2023-04-17 12:00:00,36.182648,20.252594,999.5062,-2.6471481,2.4519038,0.06912748,39.52702,0.0
2023-04-17 18:00:00,28.084503,24.989227,1002.78625,-0.86141205,1.2113942,0.004442215,83.32221,0.0
2023-04-18 00:00:00,27.493927,25.096283,1001.9975,0.46482468,0.69962436,0.9190982,86.798225,0.0
2023-04-18 06:00:00,35.446564,22.646759,1003.6937,-1.2404652,1.275919,0.06444991,47.662254,0.0
2023-04-18 12:00:00,36.45865,21.14981,999.65686,-2.926692,1.8954141,0.27840334,41.1444,0.0
2023-04-18 18:00:00,28.300629,25.483185,1002.6044,-0.9424429,1.1577618,0.012519836,84.73513,0.0
2023-04-19 00:00:00,27.308502,26.053925,1001.15686,0.76500225,0.55560833,0.93884295,92.8791,0.0
2023-04-19 06:00:00,35.468536,22.620026,1001.655,-0.423131,1.5130501,0.102584936,47.52728,0.0
2023-04-19 12:00:00,36.97574,22.225128,996.9506,-1.5429802,2.0263233,0.14746475,42.71345,0.0
2023-04-19 18:00:00,29.708374,25.55362,1000.0206,-0.26881313,2.9508085,0.0019760132,78.432045,0.0
2023-04-20 00:00:00,28.199188,25.56955,998.795,0.44133312,1.7874393,0.0047912598,85.67519,0.0
2023-04-20 06:00:00,36.443024,22.077545,999.88,1.0062906,1.7372894,0.009616852,43.583687,0.0
2023-04-20 12:00:00,36.94742,21.98111,994.9869,-1.7078247,2.9455745,0.2538376,42.14822,0.0
2023-04-20 18:00:00,29.539948,25.230377,998.51874,-0.0050427914,3.5105553,0.09255791,77.68954,0.0
2023-04-21 00:00:00,28.918762,26.298431,997.85,0.28222078,2.5869322,0.03911589,85.792694,0.0
2023-04-21 06:00:00,36.548615,23.391998,999.47314,1.2674365,1.6818709,0.04535675,46.92765,0.0
2023-04-21 12:00:00,34.835358,24.632477,995.85126,-1.9045439,3.1215878,0.36650112,55.566364,0.0061020255
2023-04-21 18:00:00,29.86969,25.268494,999.1794,-0.9520912,2.9297247,0.05747862,76.40145,0.0
2023-04-22 00:00:00,29.07138,26.422913,998.1887,0.38945127,1.7240276,0.1557914,85.66525,0.0
2023-04-22 06:00:00,36.05362,24.090485,1000.15375,-0.48473167,0.75016034,0.34535122,50.29065,0.027384609
2023-04-22 12:00:00,34.6315,24.091095,995.7519,-2.0673275,1.0354437,0.5933837,54.405384,0.1036264
2023-04-22 18:00:00,29.983124,25.719086,999.4556,0.4215942,1.0700419,0.37998927,77.96398,0.0
2023-04-23 00:00:00,28.743988,25.799896,998.90686,-0.22415262,1.076361,0.26287168,84.147415,0.0
2023-04-23 06:00:00,36.17105,23.509674,999.67,-0.30209446,1.0973651,0.173275,48.251293,0.001144479
2023-04-23 12:00:00,34.25589,23.513092,996.3031,-2.2738085,2.5905402,0.6158215,53.655678,0.0
2023-04-23 18:00:00,26.799591,24.32193,1001.595,0.68545437,-0.5686655,0.99802154,86.319855,1.2993243
2023-04-24 00:00:00,26.957306,23.893585,1000.89624,-1.0179996,0.6355107,0.986191,83.35239,0.0
2023-04-24 06:00:00,33.206818,24.71939,1001.8844,-0.8734207,2.3291588,0.5948439,61.169613,0.10282618
2023-04-24 12:00:00,33.19998,24.60263,998.52185,-2.6868706,1.1108315,0.50376344,60.7675,0.6966807
2023-04-24 18:00:00,28.948334,25.203308,1002.0,-1.5284233,0.7778112,0.8726009,80.261665,2.2915773
2023-04-25 00:00:00,28.882782,25.151947,1001.77374,-0.9396477,1.6796603,0.96636784,80.320946,0.0
2023-04-25 06:00:00,32.62906,24.342865,1003.1163,-1.8927498,1.6652985,0.95714736,61.78258,0.09109093
2023-04-25 12:00:00,30.280182,24.485321,999.59186,-2.044258,0.789798,0.9859883,71.214096,1.1947198
2023-04-25 18:00:00,28.070435,25.42923,1002.22,-1.3474188,0.75652546,0.99915814,85.603676,0.0
2023-04-26 00:00:00,26.988922,25.186462,1001.14624,-0.05882263,-0.040255785,0.71915996,89.888466,0.005442303
2023-04-26 06:00:00,30.770538,24.944427,1002.72565,-1.3059912,-1.6589985,0.94025797,71.16885,2.5449598
2023-04-26 12:00:00,31.839874,24.347137,998.9963,-2.5201626,0.2573948,0.96689916,64.61777,0.0
2023-04-26 18:00:00,28.173553,25.519623,1001.835,-1.3988953,-0.0808931,0.6401244,85.54917,0.0
2023-04-27 00:00:00,27.240814,24.894104,1000.7394,-0.16698647,-0.7172573,0.50960577,87.03928,0.0061020255
2023-04-27 06:00:00,33.556427,24.24405,1002.3775,-2.14083,-0.38259232,0.9576416,58.29989,0.03766922
2023-04-27 12:00:00,32.029083,24.725708,999.85065,-2.6260443,0.85475147,0.9564037,65.393326,0.0
2023-04-27 18:00:00,28.639862,25.633423,1003.04376,-1.4330521,0.73605484,0.072668895,83.825615,0.0
2023-04-28 00:00:00,28.022064,25.680084,1002.08124,0.32676792,-0.4980389,0.9133861,87.13358,0.0127749825
2023-04-28 06:00:00,33.02481,24.991364,1003.14185,-1.6977892,0.5396634,0.91479945,62.80952,0.601878
2023-04-28 12:00:00,32.769684,25.384918,999.15436,-2.2766752,1.3241577,0.9068565,65.22817,0.0
2023-04-28 18:00:00,28.346344,25.934692,1002.6431,-1.1456165,0.9768725,0.93557847,86.80367,0.0
2023-04-29 00:00:00,28.058563,25.050812,1001.3544,0.42669487,0.6579693,0.9680908,83.755226,0.06731498
2023-04-29 06:00:00,33.362823,24.395935,1002.96625,-2.4194164,-0.30902892,0.9663195,59.474625,0.0
2023-04-29 12:00:00,31.48758,24.935944,999.59064,-2.5851107,0.77808774,0.9836613,68.284836,0.0
2023-04-29 18:00:00,27.133148,24.958466,1001.6456,0.41868782,0.22890109,0.998664,87.9277,0.0
2023-04-30 00:00:00,26.707367,24.433594,1000.5581,-0.95194244,0.66882783,1.0,87.3721,0.02869943
2023-04-30 06:00:00,31.90335,25.166351,1001.59186,-1.2294321,1.038701,0.8176516,67.6146,0.1301127
2023-04-30 12:00:00,30.548798,24.711365,997.8281,-1.4530458,1.2277589,0.8370706,71.081085,0.0
2023-04-30 18:00:00,27.658752,24.442474,1000.4875,-1.1793709,1.587686,0.75523406,82.67328,0.1233339
2023-05-01 00:00:00,27.585785,24.896942,999.41876,0.28087997,1.1353648,0.9694453,85.31295,0.0
2023-05-01 06:00:00,31.891632,25.245514,1000.71,-0.6341164,1.2106419,0.9752047,67.97912,0.055027124
2023-05-01 12:00:00,29.128876,25.181458,998.3169,-1.2786884,1.5738194,0.9991578,79.32426,1.2443773
2023-05-01 18:00:00,26.095184,24.795502,1002.21875,-0.8326988,0.095570385,1.0,92.56738,0.0
2023-05-02 00:00:00,25.216034,24.154083,1000.505,-0.17523193,0.6395988,1.0,93.85069,0.0
2023-05-02 06:00:00,29.229156,24.439514,1002.8088,-0.19957256,0.29343963,1.0,75.44835,0.17544046
2023-05-02 12:00:00,30.590546,24.834839,998.83624,-1.7722454,0.05090815,1.0,71.43634,0.0
2023-05-02 18:00:00,26.763885,25.093842,1002.5444,-0.81985635,2.0612545,0.97063446,90.5846,0.0
2023-05-03 00:00:00,26.857452,24.687225,1001.02374,1.1179783,0.61552536,0.9699664,87.92788,0.0
2023-05-03 06:00:00,31.558014,24.518219,1002.9581,1.5029196,-0.21519661,0.99352515,66.335724,0.018021092
2023-05-03 12:00:00,29.14804,25.692902,999.47687,-2.2232513,0.99839455,0.9999972,81.6817,3.5934243
2023-05-03 18:00:00,25.586823,24.56845,1002.97064,0.5273815,0.59773535,0.99999803,94.1122,0.0
2023-05-04 00:00:00,25.881012,23.888733,1000.58624,1.6293677,0.055934608,1.0000029,88.79076,0.0
2023-05-04 06:00:00,33.013824,25.516571,1002.03815,0.53855747,-0.55099964,0.99196804,64.84366,0.0
2023-05-04 12:00:00,29.566376,24.891266,998.22125,-0.41415787,2.0179594,0.9195783,76.019356,0.0
2023-05-04 18:00:00,26.37149,24.975128,1001.9406,1.830941,-1.0662794,1.0000007,92.050026,1.2478118
2023-05-05 00:00:00,26.297913,24.00708,999.8869,0.5601876,1.1070273,1.0,87.24661,0.0
2023-05-05 06:00:00,31.592804,23.661377,1001.65436,1.3407197,1.3614553,1.0,62.8856,0.0
2023-05-05 12:00:00,29.891296,24.072235,998.09814,-0.2681495,1.268074,1.0,71.041145,0.0
2023-05-05 18:00:00,27.405487,24.200775,1000.97565,0.09601247,1.0315742,1.0,82.701,0.28991708
2023-05-06 00:00:00,27.493042,24.802582,999.01935,0.050701857,-0.9173765,0.9935412,85.29536,0.0
2023-05-06 06:00:00,32.381134,22.62436,1000.97876,0.48383236,-0.5014038,1.0,56.485146,0.0
2023-05-06 12:00:00,28.806366,24.80899,997.9431,-1.1285257,0.9003345,1.0,79.044235,0.05018711
2023-05-06 18:00:00,26.444977,24.857574,1002.04,2.405355,-0.08270264,1.0000005,91.01127,0.25268263
2023-05-07 00:00:00,25.213654,23.334167,999.0494,3.240817,-0.0029440522,1.0,89.34456,1.999095
2023-05-07 06:00:00,29.943878,24.387268,1001.165,2.222766,0.3453722,1.0,72.17747,0.0
2023-05-07 12:00:00,29.999237,25.36502,997.9331,1.5150418,0.30141568,1.0,76.27125,0.2415568
2023-05-07 18:00:00,25.544708,24.369537,1000.9913,0.03508866,-1.8263941,1.0,93.23108,0.08044793
2023-05-08 00:00:00,25.72403,24.201874,998.27374,1.3815701,1.4484138,0.95521766,91.32186,0.0
2023-05-08 06:00:00,32.191193,25.031158,1000.06,2.7070832,-0.16584945,0.9644197,65.98818,0.06084889
2023-05-08 12:00:00,32.82248,23.899323,996.4425,0.28281975,1.239867,0.9800191,59.507763,0.0
2023-05-08 18:00:00,28.361542,25.580322,1000.6831,2.0305758,0.8206178,1.0,84.92393,0.008586794
2023-05-09 00:00:00,27.440277,23.591461,998.7456,1.9110489,0.17636204,0.27139252,79.56422,0.0
2023-05-09 06:00:00,33.82132,25.59134,999.8656,0.86840653,-1.723135,0.9126602,62.25016,0.031662174
2023-05-09 12:00:00,33.667633,25.992096,997.1144,-2.3583965,0.98997056,0.9982181,64.29667,0.23334008
2023-05-09 18:00:00,28.04242,25.800018,1000.83685,1.2695981,-0.07551575,0.9995546,87.65135,0.0
2023-05-10 00:00:00,27.49118,24.621613,998.2656,1.4497166,0.021426558,0.8725485,84.38725,0.0
2023-05-10 06:00:00,33.63858,25.884918,999.16565,1.8082228,-1.4551029,1.0,63.993877,0.0032437965
2023-05-10 12:00:00,34.908478,25.670746,995.9675,-0.15208817,0.5339954,1.0,58.87149,0.0
2023-05-10 18:00:00,29.73059,25.970825,1000.89124,-1.5315199,1.8653486,1.0,80.2934,0.07382178
2023-05-11 00:00:00,28.64032,25.871002,998.9994,1.5421953,0.46761262,0.9999982,85.01242,0.0
2023-05-11 06:00:00,33.855377,26.13028,999.9169,3.3266668,0.7321749,0.998322,64.14752,0.0
2023-05-11 12:00:00,34.54886,26.068146,997.64874,-0.08498764,0.3992318,1.0,61.48932,0.0
2023-05-11 18:00:00,28.506744,23.916779,1000.52563,1.8023949,2.1953213,1.0,76.244446,0.0
2023-05-12 00:00:00,28.517303,23.18045,999.4381,3.427946,0.4930476,1.0,72.889915,0.0
2023-05-12 06:00:00,33.878326,24.40152,1000.6244,3.9476862,0.9452444,1.0,57.802616,0.0
2023-05-12 12:00:00,34.449127,25.300201,997.5694,-0.18235958,2.2067637,1.0,59.077835,0.15902519
2023-05-12 18:00:00,30.16159,25.606293,1001.4869,1.5686264,3.6625557,1.0,76.654335,0.0
2023-05-13 00:00:00,28.951721,24.543365,1000.16626,2.550208,2.2173479,0.99324924,77.14688,0.0
2023-05-13 06:00:00,34.07144,24.46231,1001.38,3.8644037,1.8655071,0.90026927,57.391376,0.0
2023-05-13 12:00:00,36.114777,25.460358,998.2644,1.1939838,0.4113863,0.99343467,54.394825,0.0
2023-05-13 18:00:00,30.42871,24.837433,1001.1525,1.6732252,2.7533302,1.0,72.11236,0.0
2023-05-14 00:00:00,29.50473,24.24118,999.3706,3.2127056,2.4090626,0.99802226,73.38039,0.0
2023-05-14 06:00:00,35.325104,24.181793,999.8894,4.4482574,-0.43582726,0.98841465,52.639484,0.0
2023-05-14 12:00:00,36.61856,25.812653,996.4256,-0.14937085,2.109551,0.4400342,54.029583,0.0
2023-05-14 18:00:00,30.581299,26.621796,999.79626,1.7096056,2.9742508,0.64867145,79.46385,0.0
2023-05-15 00:00:00,29.479553,24.254974,999.3781,2.6103315,2.0635588,0.9465913,73.5478,0.0
2023-05-15 06:00:00,35.721954,24.665253,1000.84,3.7035913,0.7775474,1.0,53.011494,0.0
2023-05-15 12:00:00,36.69278,24.596222,997.1881,0.22243595,1.1050117,0.94949895,50.051464,0.0
2023-05-15 18:00:00,29.610779,27.0831,1001.0519,1.0622001,3.3583145,0.9908294,86.32811,0.0
2023-05-16 00:00:00,28.67865,25.849152,1000.23315,1.7095575,0.9528183,0.9471047,84.71384,0.0
2023-05-16 06:00:00,36.490143,23.191925,1001.6425,3.5098152,0.40457857,0.95046127,46.512894,0.0
2023-05-16 12:00:00,37.464508,23.878448,998.235,-0.087325096,0.47531807,0.55810213,45.9651,0.0
2023-05-16 18:00:00,29.558899,27.337555,1001.51685,0.26791662,3.593895,0.97646034,87.88855,0.0
2023-05-17 00:00:00,29.112823,26.64444,1000.9175,0.2897302,1.8611546,0.16012949,86.58336,0.0
2023-05-17 06:00:00,35.390045,25.5513,1002.4219,0.5953135,1.7858858,0.41944462,56.91803,0.0
2023-05-17 12:00:00,35.213654,25.763824,999.365,-1.1318722,2.4942403,0.112205505,58.20519,0.016493723
2023-05-17 18:00:00,29.797089,25.942047,1003.5694,-1.2817812,3.6262245,0.6378199,79.850525,0.0
2023-05-18 00:00:00,29.485016,26.927826,1002.78125,0.50277454,2.066658,0.8839786,86.16681,0.0007628114
2023-05-18 06:00:00,35.482452,25.927704,1003.53876,1.4461071,1.5923862,0.5252842,57.90632,0.005533395
2023-05-18 12:00:00,34.171295,25.498627,1000.48376,-1.2761202,2.7919903,0.61474675,60.71086,0.0
2023-05-18 18:00:00,29.78955,25.441315,1003.4725,-0.030047119,4.020775,0.18457016,77.54734,0.0
2023-05-19 00:00:00,28.656311,25.884094,1001.91,1.0309666,3.3189526,0.92167974,84.999466,0.0
2023-05-19 06:00:00,34.587677,25.037567,1002.985,1.6793346,2.2029495,0.12071711,57.714756,0.0028614886
2023-05-19 12:00:00,35.66568,25.254913,999.01373,-0.8812151,2.9390411,0.050331116,55.079575,0.0
2023-05-19 18:00:00,30.195465,25.575836,1001.765,-0.0566566,3.9870825,0.00800705,76.36728,0.0
2023-05-20 00:00:00,28.682465,25.71756,1000.47186,1.2002158,1.7645814,0.020280607,84.03701,0.0
2023-05-20 06:00:00,35.184235,24.730072,1001.565,1.5474596,1.1207163,0.036075868,54.821407,0.0
2023-05-20 12:00:00,35.685944,24.847687,998.2431,-1.3172569,3.0502462,0.050625928,53.698814,0.0
2023-05-20 18:00:00,29.774689,26.154694,1002.01624,0.7845465,3.1290064,0.08430512,80.96569,0.0
2023-05-21 00:00:00,28.857056,26.159058,1001.21564,0.4669889,2.2259045,0.086464815,85.39389,0.0
2023-05-21 06:00:00,35.32376,25.025055,1002.2056,0.7894244,1.5118835,0.066018894,55.36608,0.0009536743
2023-05-21 12:00:00,35.704376,25.821014,999.6119,-1.1335325,2.6140785,0.34962463,56.841244,0.0
2023-05-21 18:00:00,29.594696,25.507843,1003.3187,0.35694885,3.4666767,0.13946918,78.733025,0.0
2023-05-22 00:00:00,28.75235,25.095184,1002.08813,0.49201125,2.2891812,0.013832185,80.65726,0.0
2023-05-22 06:00:00,35.181183,24.893768,1003.3869,0.19376093,1.7803545,0.17653754,55.36918,0.00028684735
2023-05-22 12:00:00,33.181305,25.010223,1000.7706,-0.984848,3.6635427,0.42552185,62.32984,0.008389354
2023-05-22 18:00:00,28.46048,24.147552,1004.1788,0.43933713,2.3267553,0.07460526,77.51657,0.0
2023-05-23 00:00:00,27.587677,24.897614,1003.3169,0.46748734,1.5664406,0.021187253,85.306915,0.0
2023-05-23 06:00:00,35.12674,24.483917,1004.015,0.80645496,1.2721475,0.082156315,54.192562,0.0022887252
2023-05-23 12:00:00,34.700348,24.431671,1000.1975,-1.5047722,3.8547232,0.28295135,55.315727,0.0917227
2023-05-23 18:00:00,29.738617,24.227997,1003.3762,1.3521411,3.7886925,0.04588005,72.34093,0.0
2023-05-24 00:00:00,28.57016,24.397125,1002.39813,1.2526104,2.123929,0.020069718,78.18531,0.0
2023-05-24 06:00:00,35.100372,23.870392,1003.2225,1.9685616,1.9840908,0.09720416,52.31055,0.00047672074
2023-05-24 12:00:00,34.70633,24.276642,999.9462,-0.8117647,3.3221102,0.18458669,54.786133,0.0
2023-05-24 18:00:00,30.263214,24.001862,1003.1025,0.88731974,3.6495953,0.07847606,69.246704,0.0
2023-05-25 00:00:00,29.03238,24.438019,1002.3594,1.7440748,1.9346561,0.08372539,76.304924,0.0
2023-05-25 06:00:00,35.83963,23.338959,1003.1256,3.4794083,0.3853853,0.14814758,48.6356,0.0003813766
2023-05-25 12:00:00,35.02762,22.575348,1000.0744,1.481975,2.853541,0.48171997,48.568714,0.08811289
2023-05-25 18:00:00,30.40094,25.398468,1003.0519,1.529965,2.420003,0.3313818,74.68184,0.0
2023-05-26 00:00:00,30.055481,22.067413,1002.35315,3.224204,0.9910035,0.049092997,62.33667,0.0
2023-05-26 06:00:00,36.25357,22.896515,1003.2425,4.040559,-0.35018927,0.075912476,46.285873,0.0082962215
2023-05-26 12:00:00,30.575775,24.514313,1001.8137,1.0639701,1.2147865,0.8943626,70.14011,0.0
2023-05-26 18:00:00,28.598846,22.388458,1003.0125,1.9875259,0.89678407,0.8596166,69.144905,0.0
2023-05-27 00:00:00,27.672821,23.118805,1001.0694,3.008646,0.47918993,0.36410373,76.281525,0.0
2023-05-27 06:00:00,35.362213,23.624298,1001.79,2.7795045,-0.19481683,0.22604759,50.800316,0.015827827
2023-05-27 12:00:00,37.46402,21.963776,998.2056,-0.002005577,0.9021463,0.88645744,40.933903,0.17869192
2023-05-27 18:00:00,29.7406,25.042023,1000.66876,0.20943075,3.087658,0.9532865,75.93989,0.0
2023-05-28 00:00:00,29.074066,24.989288,999.945,1.8454309,1.630254,0.88254976,78.67014,0.0
2023-05-28 06:00:00,34.68167,23.863068,1000.6206,2.6209269,0.64840215,0.99126405,53.515762,0.0059125014
2023-05-28 12:00:00,36.94095,22.432892,997.47437,0.0027036667,0.44433856,0.9999992,43.338978,0.021744054
2023-05-28 18:00:00,30.311798,24.391632,1001.0825,-0.12430215,2.575842,0.9646048,70.68751,0.0
2023-05-29 00:00:00,29.315063,25.77475,999.8681,0.54532737,2.0721755,0.8095033,81.290726,0.0
2023-05-29 06:00:00,36.15103,24.215973,1000.9075,1.0620847,1.2170849,0.4468366,50.40013,0.0
2023-05-29 12:00:00,33.548004,24.468658,998.3975,-0.9787903,3.5909185,0.86041725,59.117554,0.0
2023-05-29 18:00:00,30.0672,25.763031,1002.2125,-0.18152106,2.9661407,0.7165167,77.79074,0.0009536743
2023-05-30 00:00:00,28.703552,26.211243,1001.0687,-0.14125264,2.4673042,0.9317458,86.42335,0.0
2023-05-30 06:00:00,35.15384,25.325958,1001.605,0.5119779,1.5706406,0.8883157,56.899326,0.0
2023-05-30 12:00:00,34.75638,23.073273,998.7419,-1.3307629,2.2401462,0.95942056,50.815235,0.0
2023-05-30 18:00:00,27.82608,24.096222,1002.59564,0.15025425,0.37795395,0.93318564,80.18718,0.0
2023-05-31 00:00:00,27.082855,25.050201,1000.9344,0.52521753,0.18565416,0.9243664,88.67127,0.0
2023-05-31 06:00:00,34.624054,23.714752,1001.1925,1.1819383,0.09537566,0.5290857,53.210373,0.0033371616
2023-05-31 12:00:00,34.97769,24.47586,997.9256,0.21954823,1.0425472,0.44947565,54.615463,1.4294095
2023-05-31 18:00:00,29.211456,24.253326,1001.32,0.11981577,3.0202093,0.7766626,74.687706,0.0
2023-06-01 00:00:00,28.563934,25.231964,999.70685,0.93494785,1.4718566,0.89464355,82.21085,0.0
2023-06-01 06:00:00,35.78311,23.139557,1000.68,2.7107644,1.4894305,0.9985622,48.20306,0.0
2023-06-01 12:00:00,36.414948,22.717926,997.1238,1.0263598,2.390815,0.2839374,45.383827,0.05044043
2023-06-01 18:00:00,30.650482,25.334015,1001.0538,1.9312031,1.0851271,0.70605314,73.34114,0.0
2023-06-02 00:00:00,29.499603,23.310822,999.4531,3.6239433,0.5363743,0.9107995,69.40592,0.0
2023-06-02 06:00:00,36.036774,23.105743,1000.7225,4.0606318,0.34592968,0.88140804,47.437553,0.0019078143
2023-06-02 12:00:00,36.84659,22.378326,997.4294,1.2524097,0.32404494,0.45169026,43.418823,0.014304649
2023-06-02 18:00:00,30.358063,24.874176,1000.62,0.40936154,3.548335,0.2331205,72.56381,0.0
2023-06-03 00:00:00,29.576508,24.489838,999.6138,2.3791337,1.3807999,0.9820112,74.17406,0.0
2023-06-03 06:00:00,36.802887,23.984833,1000.02686,2.9628506,0.49786413,0.97051555,47.960625,0.0
2023-06-03 12:00:00,37.169342,24.968903,996.62,-1.2213211,2.636589,0.9920643,49.862247,0.015854836
2023-06-03 18:00:00,31.123566,25.0419,1000.28064,1.0611243,3.569129,0.775039,70.15608,0.0
2023-06-04 00:00:00,29.88794,24.479584,999.0631,2.9567518,1.7099824,0.6665972,72.8113,0.0
2023-06-04 06:00:00,36.47769,23.282623,1000.58435,4.659258,-0.6430502,0.11214481,46.8004,0.0015255064
2023-06-04 12:00:00,36.87271,22.344147,996.6744,1.171794,0.9066782,0.17605646,43.266834,0.07885136
2023-06-04 18:00:00,29.264008,24.424286,1000.6175,0.46346313,2.4376523,0.74625736,75.227936,0.0
2023-06-05 00:00:00,29.59311,23.035309,998.945,2.6797574,1.0775241,0.5447713,67.89271,0.0
2023-06-05 06:00:00,36.17813,22.953156,999.4906,4.123706,0.4827087,0.12147557,46.637753,0.0
2023-06-05 12:00:00,35.68033,22.7211,997.09875,-0.37248445,3.663976,0.7080629,47.264,0.31599402
2023-06-05 18:00:00,28.084473,25.672028,1000.96936,-0.33376408,1.9881151,0.94151413,86.77571,0.0
2023-06-06 00:00:00,28.815155,23.369171,998.7587,3.4991302,-0.0037389994,0.989605,72.46227,0.0
2023-06-06 06:00:00,35.9097,22.683136,999.1875,4.2833853,0.27282888,0.25614738,46.56313,0.0
2023-06-06 12:00:00,36.839264,24.49942,995.5588,-0.7244396,2.0498323,0.30753338,49.36521,0.0
2023-06-06 18:00:00,29.962433,24.438873,999.8244,1.7205669,1.8479829,0.95716524,72.32367,0.0
2023-06-07 00:00:00,29.443542,23.875397,997.8169,3.7524862,0.0018437505,0.96463007,72.04011,0.0
2023-06-07 06:00:00,35.592438,23.649017,999.0731,4.6501875,-0.43183666,0.9931343,50.233303,0.0047686044
2023-06-07 12:00:00,33.580963,22.896027,996.3719,1.541008,2.0878272,0.7955491,53.677254,0.112340234
2023-06-07 18:00:00,30.08133,22.453644,1000.60065,5.1706505,-0.08003807,0.5276139,63.724655,0.0
2023-06-08 00:00:00,29.48111,22.394806,999.1675,4.3812284,-0.27362633,0.9992786,65.728874,0.0
2023-06-08 06:00:00,36.08841,21.647125,999.7525,4.4071245,0.2848959,0.96348876,43.28821,0.0
2023-06-08 12:00:00,36.59732,21.730621,996.3638,3.427776,0.9241753,0.9190535,42.311344,0.04298985
2023-06-08 18:00:00,30.88736,21.968536,999.70935,4.1509023,-0.06877804,0.97074527,59.07971,0.0
2023-06-09 00:00:00,29.200745,22.451813,997.97,3.63556,0.55685973,0.99999887,67.03336,0.0
2023-06-09 06:00:00,35.594147,22.391022,998.09436,4.6909037,0.2254265,0.9416964,46.546825,0.0
2023-06-09 12:00:00,36.20169,21.694855,995.78937,3.6126297,0.5213876,0.6025414,43.145256,0.004578382
2023-06-09 18:00:00,30.744354,20.595001,998.3594,5.119687,-0.5199785,0.9801221,54.753513,0.0
2023-06-10 00:00:00,29.553314,22.022125,997.39435,4.520893,0.2996655,0.9490838,63.987297,0.0
2023-06-10 06:00:00,36.193024,21.580841,997.565,5.6008177,0.47561204,0.91169184,42.86593,0.000762986
2023-06-10 12:00:00,35.137848,20.779816,995.8137,3.9342813,1.1298065,0.9383789,43.25516,0.0
2023-06-10 18:00:00,29.75888,20.86673,998.58685,3.9605381,-0.13072395,0.6238329,58.914734,0.0
2023-06-11 00:00:00,28.8591,21.624542,997.8812,3.1691103,0.39546716,0.34062958,65.00923,0.0
2023-06-11 06:00:00,36.099762,22.453186,998.33875,4.6423626,0.20666325,0.30313033,45.43992,0.0076293945
2023-06-11 12:00:00,33.89688,23.4086,995.8825,2.3267999,2.731408,0.8748944,54.397087,0.024795532
2023-06-11 18:00:00,30.842682,22.22232,998.90314,1.8631781,1.4289689,0.43646103,60.153694,0.0
2023-06-12 00:00:00,29.483734,22.50882,997.2444,3.6658573,0.181413,0.26346612,66.17586,0.0
2023-06-12 06:00:00,37.039703,22.92746,998.27,3.8712597,1.100235,0.42660397,44.418777,0.004005735
2023-06-12 12:00:00,30.480194,25.99234,996.315,2.1271105,0.37886685,0.99570596,77.00905,1.1591192
2023-06-12 18:00:00,28.61612,22.628937,998.97,4.2262516,-0.30823994,0.5417908,70.09208,0.0
2023-06-13 00:00:00,28.815277,22.696259,998.29,2.6941385,1.8617058,0.57795274,69.57066,0.0
2023-06-13 06:00:00,34.907013,23.991974,999.0119,4.3416348,0.5091176,0.18071806,53.261787,0.0
2023-06-13 12:00:00,35.35562,22.565826,996.2581,2.2343407,1.6697444,0.66130996,47.667576,0.0
2023-06-13 18:00:00,29.825592,21.53836,1000.0112,3.4976273,0.08112049,0.9541528,61.15767,0.0
2023-06-14 00:00:00,28.654816,21.944,999.035,3.488679,0.37167895,0.8745251,67.08007,0.0
2023-06-14 06:00:00,35.33963,23.31314,1000.54315,4.953676,-0.28512025,0.5973911,49.918175,0.0
2023-06-14 12:00:00,36.15518,22.323639,997.51874,3.0738845,-0.7472229,1.0000008,44.946278,0.0007599592
2023-06-14 18:00:00,31.013092,21.167389,1000.3738,4.2001143,0.27716595,0.76948565,55.85167,0.0
2023-06-15 00:00:00,29.653229,22.016876,999.2512,2.8894548,0.34369928,0.9911501,63.599575,0.0
2023-06-15 06:00:00,36.57303,22.057892,1000.33875,4.1094475,-1.2960558,0.8300838,43.22241,0.0
2023-06-15 12:00:00,37.09903,21.91507,997.26,1.2073488,-0.9016781,0.88135326,41.632614,0.0
2023-06-15 18:00:00,31.196808,23.406769,1000.14874,1.59221,2.7889805,1.0000002,63.338417,0.0
2023-06-16 00:00:00,30.335358,22.400055,998.605,3.9227629,0.008072853,0.9573561,62.59843,0.0
2023-06-16 06:00:00,36.959503,22.261505,999.08124,4.0794005,-1.136241,0.27645963,42.84611,0.0
2023-06-16 12:00:00,37.835846,21.401276,995.73126,1.4933891,-0.23787439,0.9969369,38.75886,0.0
2023-06-16 18:00:00,30.735687,22.635895,999.8006,2.1839852,1.4185412,0.99352527,62.063206,0.0
2023-06-17 00:00:00,29.78238,22.321564,998.59564,4.2880793,-0.20859814,0.9980224,64.310745,0.0
2023-06-17 06:00:00,34.918976,22.080292,999.65814,4.0246477,-0.6653185,0.9995545,47.41254,0.0
2023-06-17 12:00:00,31.534943,25.673126,998.8113,-0.44787693,-0.07370365,1.0,71.154175,0.31266797
2023-06-17 18:00:00,29.884521,25.826141,1000.6144,0.5614073,0.47970295,1.0,78.90631,0.0
2023-06-18 00:00:00,28.777618,22.604767,998.78564,3.445282,0.9631265,0.99066925,69.33667,0.22007525
2023-06-18 06:00:00,29.87674,22.031525,1001.08813,1.3824861,0.43677044,1.0,62.842728,0.0
2023-06-18 12:00:00,29.414093,24.333588,998.5069,0.68423283,1.6458874,1.0,74.17478,0.08061528
2023-06-18 18:00:00,27.46701,25.24234,1000.44,1.288801,3.1035328,0.99915797,87.69448,0.0
2023-06-19 00:00:00,27.032928,25.353577,999.14685,2.2133272,1.8926933,1.0,90.55237,0.982301
2023-06-19 06:00:00,28.563446,25.009247,999.7494,2.6308594,-0.8582535,1.0000005,81.12966,0.0
2023-06-19 12:00:00,32.023834,24.28305,996.5519,0.3631372,-0.21083641,0.95492816,63.702686,0.0
2023-06-19 18:00:00,28.882172,25.214386,998.79565,0.31163406,1.5229981,0.72041535,80.622955,0.1643887
2023-06-20 00:00:00,27.73349,24.234833,997.9025,-0.346982,0.6234312,0.992213,81.295235,0.0
2023-06-20 06:00:00,31.532501,23.87674,998.89935,1.5710719,0.39523995,0.9999998,63.92444,0.0889125
2023-06-20 12:00:00,31.619354,25.79007,996.2675,0.57603616,1.9625266,1.0,71.30659,2.2418075
2023-06-20 18:00:00,27.444122,25.296875,998.92377,1.0897708,1.45464,0.9274655,88.097496,0.0
2023-06-21 00:00:00,27.498688,23.75644,997.83,0.9296137,1.1876413,1.0000001,80.08429,0.0
2023-06-21 06:00:00,32.384308,23.569244,999.8775,1.5779703,0.79383165,0.9986759,59.79627,0.0
2023-06-21 12:00:00,31.12265,25.631622,997.2325,-0.18993562,2.8434598,1.0,72.66408,0.9525418
2023-06-21 18:00:00,27.255707,25.335602,1000.03314,1.3309495,1.146707,0.9963973,89.28082,0.0
2023-06-22 00:00:00,28.149872,22.347198,998.95685,2.7164333,0.78334713,0.99497205,70.796005,0.0011473894
2023-06-22 06:00:00,34.084625,23.837128,999.2025,3.108347,-0.078718364,0.9963442,55.23773,0.0
2023-06-22 12:00:00,34.019073,24.255524,996.9363,-1.1686401,1.0738742,0.7614113,56.850647,0.06341934
2023-06-22 18:00:00,27.747955,25.462769,1000.5075,0.22228056,2.5504575,0.91968733,87.40371,0.0
2023-06-23 00:00:00,27.691925,24.702118,999.27374,1.6403725,1.2646106,0.9910893,83.804565,0.0
2023-06-23 06:00:00,33.52188,23.303497,999.8144,3.8321495,-0.2638021,0.9847898,55.19873,0.0
2023-06-23 12:00:00,35.7305,24.037628,996.9519,0.43237156,-0.31003332,0.8286478,51.031124,0.012874603
2023-06-23 18:00:00,28.995148,25.323761,1000.15625,1.3393921,1.6660466,0.97441363,80.620186,0.0
2023-06-24 00:00:00,28.737762,21.547272,998.47565,3.0486279,0.0011291504,0.9960197,65.15938,0.0074356794
2023-06-24 06:00:00,34.196564,22.227814,998.67,4.100878,-0.54614186,0.7896995,49.800713,0.0
2023-06-24 12:00:00,34.82071,22.933868,996.4412,1.4523735,1.009296,0.9210551,50.20874,0.060647726
2023-06-24 18:00:00,29.337738,23.840118,999.47375,1.0319223,1.569135,0.9785397,72.32779,0.0
2023-06-25 00:00:00,28.851105,21.027008,997.97815,2.2890558,-0.14221954,0.9688659,62.70048,0.0
2023-06-25 06:00:00,35.161774,22.287628,999.15186,2.7991076,1.2482469,0.9035042,47.37351,0.0030514784
2023-06-25 12:00:00,33.353546,24.593292,997.0531,-0.29985523,3.7379332,0.9798082,60.212578,0.006295275
2023-06-25 18:00:00,28.440826,25.388336,1000.165,1.6368575,0.6833315,1.0,83.57469,0.0
2023-06-26 00:00:00,28.199615,21.207123,999.16815,4.4050455,-0.44255066,0.96600676,65.84262,0.0
2023-06-26 06:00:00,32.956818,22.657013,999.84125,4.585108,-0.45120978,1.0,54.7906,0.15316159
2023-06-26 12:00:00,34.319855,22.261261,997.105,2.6006484,-0.92176247,0.9973008,49.560635,0.0
2023-06-26 18:00:00,29.393555,23.102936,1000.335,2.3500118,1.0869311,1.0,68.9601,0.0
2023-06-27 00:00:00,28.570892,21.17337,999.0538,3.2577238,0.86670995,0.99999994,64.30317,0.0
2023-06-27 06:00:00,33.872467,22.624237,1000.3194,4.6407824,0.58868724,0.9320262,51.946217,0.0
2023-06-27 12:00:00,32.138214,23.3555,998.1838,3.7853663,2.0295606,0.9999996,59.857143,1.4520586
2023-06-27 18:00:00,28.36905,20.371613,1001.8019,5.1210012,-1.3404093,0.98828745,61.92912,0.0
2023-06-28 00:00:00,28.105621,20.706696,1000.6188,3.3538208,1.1885631,0.96725565,64.198784,0.0
2023-06-28 06:00:00,34.687164,21.536774,1001.28815,4.247814,1.1830659,0.7686893,46.458454,0.0
2023-06-28 12:00:00,36.171783,21.487823,998.2519,3.4447348,1.250091,0.33113104,42.67237,0.0
2023-06-28 18:00:00,30.012238,23.514923,1002.545,1.8665247,0.80423164,0.2297501,68.22279,0.01334551
2023-06-29 00:00:00,28.827301,22.400116,1000.54565,3.9919577,-0.007162571,0.32064557,68.283066,0.0
2023-06-29 06:00:00,35.739777,22.73935,1001.21936,4.731269,0.09135246,0.776745,47.161537,0.0003814057
2023-06-29 12:00:00,32.778107,21.92923,999.35187,3.2479784,1.6933227,0.72315174,52.94708,0.12516944
2023-06-29 18:00:00,27.378998,22.824677,1002.7575,4.3445997,-0.33763736,0.9784439,76.23482,1.0908897
2023-06-30 00:00:00,28.415741,21.020172,1001.1406,2.8719397,0.7855635,0.7771184,64.27796,0.0
2023-06-30 06:00:00,34.948273,22.545868,1001.9625,4.4408083,0.82276297,0.5914143,48.695488,0.0
2023-06-30 12:00:00,34.72708,22.480011,998.1231,1.1343126,2.345069,0.6827517,49.099884,0.33539534
2023-06-30 18:00:00,29.74533,25.086456,1001.2512,1.4004498,2.167255,0.92734516,76.120544,0.0
2023-07-01 00:00:00,28.993866,22.595856,1000.2506,3.454834,-0.3027048,0.9567618,68.43646,0.0
2023-07-01 06:00:00,35.48648,23.09311,1001.1275,3.5125065,-0.6573112,1.0,48.860825,9.49949e-05
2023-07-01 12:00:00,33.122833,26.07071,999.09814,1.8791084,1.9425724,1.0,66.59959,3.3260827
2023-07-01 18:00:00,28.996735,25.288544,1001.46375,0.9544863,1.800832,1.0,80.444084,0.0
2023-07-02 00:00:00,29.060638,23.18631,999.0275,3.5747242,0.4142561,1.0,70.65483,0.023841858
2023-07-02 06:00:00,32.386383,23.527008,1000.78815,3.6263046,-1.4806929,1.0,59.637253,0.0
2023-07-02 12:00:00,33.764435,23.685272,998.09937,-0.5263157,0.14357471,1.0,55.72272,0.28452277
2023-07-02 18:00:00,28.52707,23.961945,1000.90814,1.8122169,2.1459584,0.99999994,76.361465,0.0
2023-07-03 00:00:00,28.518402,23.112518,998.315,3.525488,-0.4409542,1.0,72.58653,0.0
2023-07-03 06:00:00,33.73343,22.590668,999.475,4.5654116,-0.16451049,1.0,52.244896,0.0009536743
2023-07-03 12:00:00,31.008453,24.762604,997.2275,2.083029,2.6986418,1.0,69.450966,1.223758
2023-07-03 18:00:00,28.725006,21.306305,999.3806,5.8703966,-0.4647684,0.94683444,64.25234,0.0
2023-07-04 00:00:00,27.835968,21.798615,997.32623,4.2935514,0.6899897,0.9971184,69.732956,0.0
2023-07-04 06:00:00,34.830353,20.487457,998.1231,5.3492785,1.999917,1.0000001,43.213104,0.025935471
2023-07-04 12:00:00,31.570465,20.361115,995.6669,7.3303595,0.5092781,1.0,51.4879,0.050436124
2023-07-04 18:00:00,27.901215,21.644073,998.45123,4.1245365,0.8246473,1.0,68.81497,0.14971414
2023-07-05 00:00:00,27.249847,21.973907,996.0006,4.7841654,0.9272305,0.9402867,72.94195,1.5083067
2023-07-05 06:00:00,31.604034,23.628632,997.0656,5.608055,0.72250265,0.9944284,62.721664,0.0
2023-07-05 12:00:00,32.759186,22.674347,995.21936,3.9490242,0.5433371,0.99397075,55.46166,0.0
2023-07-05 18:00:00,27.999054,22.643158,999.33875,3.282215,2.3373528,1.0,72.71678,0.0
2023-07-06 00:00:00,27.981049,22.83017,998.1156,3.0697079,1.6135597,1.0,73.6234,0.0
2023-07-06 06:00:00,31.532257,23.611603,1000.1369,4.52433,1.2072952,1.0,62.913353,0.1944483
2023-07-06 12:00:00,32.400055,21.750397,997.95935,4.502075,0.0986017,1.0,53.500473,0.0
2023-07-06 18:00:00,29.238068,21.727448,1001.1969,3.98666,0.31975752,0.9980224,64.00059,0.0
2023-07-07 00:00:00,27.945526,22.669342,1000.79565,2.467474,0.90138483,0.95275736,73.060135,0.0016242266
2023-07-07 06:00:00,33.12259,22.418854,1002.3644,4.734761,0.89750296,1.0,53.503017,0.0
2023-07-07 12:00:00,33.20572,22.364777,999.21375,3.061847,1.3712423,1.0,53.079063,0.0
2023-07-07 18:00:00,29.57779,21.738861,1002.5613,3.1621277,0.022583604,1.0,62.80188,0.0
2023-07-08 00:00:00,28.607086,21.828522,1001.9219,2.8666532,0.5631685,0.95351654,66.79373,0.0045746565
2023-07-08 06:00:00,34.81302,22.409943,1002.6306,4.1985607,-0.28291154,0.82002294,48.658596,0.0
2023-07-08 12:00:00,33.802887,21.634674,1000.2706,4.7503867,-0.3869893,0.94016755,49.09772,0.0
2023-07-08 18:00:00,27.8638,23.295746,1002.41876,3.3716464,0.2470274,0.8466925,76.246216,0.15268102
2023-07-09 00:00:00,28.095062,22.661224,1000.84125,3.2721272,-0.35839558,0.9802069,72.3903,0.0
2023-07-09 06:00:00,35.43753,22.815704,1000.9244,4.4741936,-0.5801954,0.97305584,48.177124,0.0
2023-07-09 12:00:00,36.41446,22.455109,997.6156,2.1266794,0.25929618,0.97467047,44.66663,0.07674098
2023-07-09 18:00:00,28.338287,24.37967,1001.8719,0.62542737,0.89959747,1.0,79.16321,0.082567334
2023-07-10 00:00:00,28.524994,23.006683,1000.32874,3.0394378,-0.078048706,1.0,72.09569,0.0
2023-07-10 06:00:00,34.530426,23.229523,1000.1956,3.0539675,-0.9769068,1.0,51.94546,0.007916928
2023-07-10 12:00:00,30.074432,24.59671,998.93,0.8240595,0.34227258,1.0,72.5417,1.8729672
2023-07-10 18:00:00,25.760529,23.64682,1002.0,0.37696838,2.5450373,1.0,88.13459,0.0
2023-07-11 00:00:00,26.357086,24.510834,999.47815,0.033524513,1.9347554,1.0,89.608215,0.0719193
2023-07-11 06:00:00,30.555939,24.024445,1000.6425,2.486884,1.2028115,1.0,68.18762,0.0
2023-07-11 12:00:00,32.757477,23.693512,998.3113,1.9933798,0.670483,1.0,58.99101,0.0
2023-07-11 18:00:00,28.302094,23.596039,1001.2381,1.1560881,2.1117396,1.0,75.68199,0.00028312206
2023-07-12 00:00:00,27.488495,21.776031,999.21063,2.60026,0.37091637,0.99927855,71.06574,0.0
2023-07-12 06:00:00,33.18582,23.300995,1000.3088,2.343381,0.048431814,1.0,56.240242,0.0
2023-07-12 12:00:00,34.3461,23.520538,997.4344,0.43137932,2.1705909,0.9555446,53.410767,0.10871887
2023-07-12 18:00:00,28.563171,25.496552,1000.9256,0.70480806,3.1718912,1.0000001,83.51813,0.0
2023-07-13 00:00:00,26.878448,24.247406,999.6219,1.132349,0.5524807,0.9817126,85.5375,0.0
2023-07-13 06:00:00,34.731476,22.494171,1000.5575,3.2718592,0.5521289,0.7651854,49.130157,0.0003799796
2023-07-13 12:00:00,31.057648,24.8367,998.5569,3.2358916,1.1363201,0.7601111,69.56351,0.6474033
2023-07-13 18:00:00,28.930817,22.453888,1001.54,2.6247525,0.48738366,0.9274122,68.097015,0.0
2023-07-14 00:00:00,28.130768,22.354279,1001.12,3.515213,0.008964539,0.5667741,70.905365,0.0
2023-07-14 06:00:00,34.958282,21.757477,1001.4169,4.226989,-0.36757225,0.50396353,46.386612,0.0
2023-07-14 12:00:00,36.597687,21.84134,998.2525,2.9108763,-0.44689173,0.953997,42.597588,0.0
2023-07-14 18:00:00,30.027496,22.51773,1002.2525,2.2831435,0.9306977,0.9182483,64.17137,0.0
2023-07-15 00:00:00,29.022919,22.501495,1000.7275,3.7277079,0.0694046,0.5651482,67.93111,0.0
2023-07-15 06:00:00,36.22525,22.042206,1001.21814,4.4865923,-0.7308626,0.52910787,44.012814,0.0
2023-07-15 12:00:00,37.157135,21.55069,997.2425,3.1688576,-0.2870788,0.8666049,40.587017,0.0
2023-07-15 18:00:00,30.881195,23.260773,1001.27435,2.0760016,2.1505075,0.9827053,63.922768,0.0015256228
2023-07-16 00:00:00,29.22049,22.711212,1000.0875,1.9683471,1.1122627,0.9113658,68.01978,0.0
2023-07-16 06:00:00,35.284576,22.971832,1000.7681,3.495472,-0.106618226,0.9804316,49.04774,0.0
2023-07-16 12:00:00,33.169098,23.700714,997.3769,2.2858496,0.19685501,0.95819587,57.66627,0.5123019
2023-07-16 18:00:00,29.431427,23.49527,1000.8787,2.2979603,1.5846717,0.953293,70.459236,0.0
2023-07-17 00:00:00,28.601288,21.892853,999.65,3.0582283,0.17716312,0.83666724,67.079124,0.0
2023-07-17 06:00:00,35.907745,21.989532,999.6856,4.796771,0.20847857,0.98977053,44.644363,9.534415e-05
2023-07-17 12:00:00,35.7659,21.07901,996.89124,2.646508,1.4419508,0.64005595,42.556034,0.0021994347
2023-07-17 18:00:00,30.58133,21.600739,1000.2525,2.560043,0.8040613,0.9991215,58.786522,0.0
2023-07-18 00:00:00,28.675446,21.455597,999.1919,3.880663,0.4396926,0.98915416,65.02942,0.0
2023-07-18 06:00:00,35.39554,20.502716,999.90875,6.326791,0.8834011,0.99927866,41.921257,0.0
2023-07-18 12:00:00,36.829376,17.926666,995.7581,6.0707564,1.3322887,0.84410965,33.00075,0.0
2023-07-18 18:00:00,29.990753,20.520172,999.6731,5.304805,0.26178575,0.9924139,56.90669,0.0
2023-07-19 00:00:00,28.596527,21.218597,998.03687,4.149843,1.4025126,0.97617847,64.38594,0.0
2023-07-19 06:00:00,35.82437,20.232208,998.16815,7.4157457,0.53984565,0.8760367,40.263073,0.0
2023-07-19 12:00:00,35.040436,20.77713,995.22626,6.5155306,1.0491889,0.98013395,43.48193,0.005442649
2023-07-19 18:00:00,29.811188,20.62503,998.5631,5.6840467,0.40296942,0.9823292,57.870155,0.0
2023-07-20 00:00:00,29.137177,21.06192,997.29376,3.8431377,1.2440906,0.8699994,61.80315,0.0
2023-07-20 06:00:00,36.2106,19.374298,997.97565,8.837854,0.32921976,0.8053999,37.37478,0.0
2023-07-20 12:00:00,36.18741,19.24881,994.6731,6.980547,0.31053853,0.66347796,37.131294,0.0
2023-07-20 18:00:00,30.724335,19.90799,999.32874,6.2971144,0.04910946,0.8504898,52.53784,0.0
2023-07-21 00:00:00,29.015533,21.529999,997.7981,4.402446,0.22977853,0.5177878,64.05146,0.0
2023-07-21 06:00:00,36.07791,20.360748,998.5144,7.8845634,0.3583358,1.0000007,40.02169,0.0
2023-07-21 12:00:00,35.693512,19.657867,996.78687,5.7772284,0.40031278,1.0000002,39.137207,0.005433336
2023-07-21 18:00:00,30.171051,20.879547,1000.465,6.090996,-0.15229416,0.98796576,57.580883,0.0
2023-07-22 00:00:00,29.910065,21.553925,999.4256,4.686351,0.33297485,0.98531765,60.91925,0.0
2023-07-22 06:00:00,35.805695,20.438507,1000.39874,7.4695673,0.0625236,0.99999994,40.821262,0.0
2023-07-22 12:00:00,33.37784,20.995026,998.7525,6.031202,0.21353436,0.9999998,48.346676,0.094115734
2023-07-22 18:00:00,29.393463,21.1138,1001.9431,6.0087624,-0.6640606,1.0,61.089153,0.0
2023-07-23 00:00:00,29.222748,20.6503,1000.22,3.6318016,0.14147326,0.99999994,59.960705,0.0
2023-07-23 06:00:00,35.837433,21.516571,1000.54376,5.8797407,-0.17143404,0.9869281,43.541084,0.0005722977
2023-07-23 12:00:00,33.13614,22.157623,998.745,3.8435154,-1.3148203,1.0,52.619236,0.38870564
2023-07-23 18:00:00,29.126373,21.530792,1001.215,5.503273,-0.7603054,1.0,63.64514,0.0
2023-07-24 00:00:00,28.167938,21.945465,998.9219,4.397913,-0.21295732,1.0,69.01198,0.34499454
2023-07-24 06:00:00,30.871185,22.02127,1000.5112,6.131342,0.4123042,0.9888572,59.324764,0.0
2023-07-24 12:00:00,32.608673,20.220001,998.4894,3.9408412,-0.60289735,1.0,48.128685,0.0
2023-07-24 18:00:00,28.370026,21.563263,1000.96686,4.2998905,0.30984014,1.0,66.63099,0.031084644
2023-07-25 00:00:00,26.936676,22.732452,998.97687,3.6221313,0.73867655,1.0,77.80301,0.069238245
2023-07-25 06:00:00,33.573273,21.55191,1000.3056,5.2361145,-0.015634537,1.0,49.48127,0.0
2023-07-25 12:00:00,31.699127,22.048492,999.16315,3.4676728,-1.6566706,1.0,56.687767,0.121767804
2023-07-25 18:00:00,28.505646,20.880646,1001.36127,4.6148357,-0.26215267,1.0,63.396984,0.0
2023-07-26 00:00:00,28.3768,20.979584,1000.2706,3.497285,0.5874071,1.0000001,64.26319,0.0
2023-07-26 06:00:00,34.402374,21.320465,1001.46936,5.550681,0.19702375,1.0,46.57869,0.06496534
2023-07-26 12:00:00,33.04959,21.133453,999.95374,4.630083,-0.38914406,0.9999999,49.666126,0.0
2023-07-26 18:00:00,28.914215,21.25357,1002.1431,4.927889,-0.1292181,1.0000002,63.346447,0.0
2023-07-27 00:00:00,28.855133,20.508453,1001.21436,3.4021883,0.37100458,0.9648367,60.71667,0.00028684735
2023-07-27 06:00:00,35.427765,19.973053,1001.90186,5.085024,0.4474513,0.64730644,40.499123,0.0
2023-07-27 12:00:00,36.362823,19.91861,998.83936,4.7314186,-0.27780122,0.40770602,38.33748,0.008104369
2023-07-27 18:00:00,30.085236,20.52591,1002.1575,4.3651953,-0.56349087,0.59560645,56.618713,0.0
2023-07-28 00:00:00,28.755096,21.74411,1001.3056,3.2902794,-0.53156376,0.53239405,65.88207,0.0023837201
2023-07-28 06:00:00,35.911896,20.96695,1000.8862,5.6516743,-0.3225329,0.43452704,41.9256,0.0
2023-07-28 12:00:00,36.57901,21.315094,998.25,5.0185814,-0.16857594,0.9744618,41.29032,0.006593764
2023-07-28 18:00:00,31.109833,20.193634,1001.42377,3.700313,0.26481056,0.63348746,52.311127,0.0
2023-07-29 00:00:00,28.933075,21.457428,1000.34686,3.761691,-0.72331715,0.2063855,64.07269,0.0
2023-07-29 06:00:00,36.304108,20.200287,1000.54565,5.6321917,-1.7961464,0.8717133,39.13751,0.0
2023-07-29 12:00:00,36.963165,20.465729,998.01935,4.423972,-1.997325,0.7561314,38.374004,0.001525972
2023-07-29 18:00:00,31.2695,20.874298,1001.6375,3.8177824,0.031125069,0.31093776,54.05943,0.0
2023-07-30 00:00:00,29.173004,21.438751,999.9125,4.0063744,-0.80498886,0.058492262,63.117146,0.0
2023-07-30 06:00:00,36.971344,19.908966,1000.08374,5.452299,-1.5138559,0.93045825,37.059067,0.0
2023-07-30 12:00:00,37.26895,20.179596,997.1731,3.872213,-0.9965162,1.0,37.077854,0.011060387
2023-07-30 18:00:00,31.242462,20.653229,1000.73376,3.2958539,1.1770386,0.99595785,53.410954,0.0
2023-07-31 00:00:00,29.34549,21.386993,999.35565,3.8564186,-0.5917816,1.0000002,62.293537,0.0
2023-07-31 06:00:00,36.89859,21.252228,999.78937,5.149102,-1.3596792,1.0000001,40.4184,0.0
2023-07-31 12:00:00,37.07852,20.924347,997.2375,4.3802166,-1.3274269,1.0,39.22537,0.049582683
2023-07-31 18:00:00,31.418488,20.415314,1001.0675,3.1547732,1.025692,1.0,52.10858,0.0
2023-08-01 00:00:00,29.13388,22.47818,999.635,4.5395594,-0.9068403,1.0000002,67.40091,0.0
2023-08-01 06:00:00,35.966827,21.5419,999.9519,5.5486517,-1.203783,1.0,43.29909,0.0
2023-08-01 12:00:00,36.62613,19.58731,998.2375,4.425201,-1.2972794,1.0,37.01948,0.00038184226
2023-08-01 18:00:00,31.062225,19.22818,1001.0625,4.628213,-0.14236355,1.0,49.4034,0.0
2023-08-02 00:00:00,29.026215,20.67215,1000.6238,4.1151304,-0.42030907,1.0,60.727737,0.0
2023-08-02 06:00:00,36.546295,19.45816,1001.5531,5.2029943,0.09475666,0.9980223,36.884552,0.0
2023-08-02 12:00:00,37.58731,17.58487,998.4419,5.7762327,0.08788675,0.990436,30.990023,0.0
2023-08-02 18:00:00,31.321808,18.856598,1001.3044,4.7602015,-0.49602795,1.0,47.563248,0.0
2023-08-03 00:00:00,29.137787,20.568512,1000.4944,4.279706,-0.39957333,0.9999992,59.952972,0.0
2023-08-03 06:00:00,36.860992,20.475433,1000.3781,5.5236197,0.074531674,0.7314453,38.612,0.0
2023-08-03 12:00:00,37.677887,19.453888,997.6887,4.623042,-0.28389168,0.2691731,34.666267,0.03261119
2023-08-03 18:00:00,31.21457,21.042511,1002.03125,2.4856699,1.0450499,0.0047982903,54.79233,0.0
2023-08-04 00:00:00,29.173431,22.346466,1001.5594,3.2010708,-0.30312538,0.07434053,66.710686,0.0
2023-08-04 06:00:00,37.414703,19.791656,1002.6138,4.2736025,0.07447755,0.3486334,35.911514,0.0
2023-08-04 12:00:00,36.371857,21.141754,999.72876,3.233614,0.33775896,0.99403375,41.320305,0.023100525
2023-08-04 18:00:00,31.55362,21.467926,1003.6325,2.7165086,1.3668725,0.93036216,55.166332,0.0
2023-08-05 00:00:00,29.784027,21.480255,1003.26373,3.2612414,-0.42560768,0.45337558,61.086494,0.0
2023-08-05 06:00:00,36.596954,20.897003,1003.5006,4.3068194,-0.8610468,0.17707914,40.204445,0.0
2023-08-05 12:00:00,38.14322,20.32547,999.9794,1.9791145,-0.8215084,0.5723563,35.677475,0.0
2023-08-05 18:00:00,31.555084,21.420563,1003.9313,1.9153682,2.5749605,0.8201985,55.001987,0.0
2023-08-06 00:00:00,30.032501,21.399689,1003.22314,3.0194097,0.021621704,0.66944873,59.923607,0.0007627532
2023-08-06 06:00:00,36.934235,21.750763,1002.4431,3.4934564,-0.3297825,0.99732286,41.58968,0.0
2023-08-06 12:00:00,39.303375,19.496735,998.2488,2.9495897,-0.07417774,0.79717237,31.835438,0.0013336539
2023-08-06 18:00:00,30.321075,21.303009,1002.0275,2.3468595,1.9598815,0.5505296,58.591312,0.0
2023-08-07 00:00:00,29.806366,21.120514,1001.28564,2.0065513,0.40786743,0.87267596,59.677315,0.0
2023-08-07 06:00:00,36.240143,22.143951,1000.1831,3.0822196,-0.16755176,0.9628436,44.25033,0.0
2023-08-07 12:00:00,37.979156,21.018097,996.9819,1.9557867,0.7393443,0.5193175,37.565132,0.0015255064
2023-08-07 18:00:00,30.863434,21.662384,1001.1344,1.5156953,2.9025393,0.7232176,58.064735,9.49949e-05
2023-08-08 00:00:00,29.214325,21.319733,999.85,1.7681874,0.6919632,0.9394392,62.50912,0.0
2023-08-08 06:00:00,35.30374,22.03543,1000.84875,2.053067,-0.7335062,0.991425,46.28647,0.0
2023-08-08 12:00:00,36.491364,21.556305,998.42,1.3504572,0.91286916,0.99096876,42.106552,0.040240586
2023-08-08 18:00:00,29.678375,22.802643,1002.4313,0.83524764,2.1818628,1.0,66.61476,0.0
2023-08-09 00:00:00,28.90866,22.114899,1001.5531,1.5500047,0.75220686,0.9430946,66.79239,0.0
2023-08-09 06:00:00,36.470245,22.007355,1002.6188,2.5132341,-1.6209087,0.5614163,43.33286,0.00047695357
2023-08-09 12:00:00,33.914703,23.922638,1000.1044,-3.4883451,2.079185,1.0000001,56.051506,0.31507003
2023-08-09 18:00:00,27.21054,24.341553,1003.8681,0.71625954,1.4238205,0.99343824,84.36026,0.15702331
2023-08-10 00:00:00,25.541595,24.23706,1003.39,0.8240828,1.2942681,1.0,92.510895,0.0
2023-08-10 06:00:00,32.919952,24.227661,1003.15875,1.9415348,-0.80823517,0.9911142,60.36058,0.016212463
2023-08-10 12:00:00,31.58725,23.959747,1000.8137,-1.1937933,0.6574966,0.941606,64.04468,0.066470355
2023-08-10 18:00:00,27.811249,23.815216,1004.0031,0.26901934,0.10309219,0.9982791,78.912865,0.02269733
2023-08-11 00:00:00,27.172455,24.553253,1002.0575,0.2242471,0.74349606,0.87389904,85.62735,0.0
2023-08-11 06:00:00,33.18106,24.741852,1002.4994,1.2945957,-1.1102066,0.9697501,61.340366,0.03452529
2023-08-11 12:00:00,31.353607,24.490631,999.65625,-1.9047327,1.4740256,0.9901535,67.000404,0.7772415
2023-08-11 18:00:00,25.558136,24.06366,1004.5425,1.029186,1.0076712,1.0000033,91.4635,0.0
2023-08-12 00:00:00,26.314606,24.346985,1000.91815,1.8591719,0.02711898,0.9504071,88.95619,0.0009782389
2023-08-12 06:00:00,33.156525,25.13861,1002.11,3.5634336,-0.33079338,0.55812335,62.895996,0.0
2023-08-12 12:00:00,31.980438,24.107208,998.8931,1.9018011,0.35856032,0.58186626,63.18943,1.9446719
2023-08-12 18:00:00,26.478241,24.64151,1003.155,-1.2858238,0.54796416,0.98531485,89.668106,0.0
2023-08-13 00:00:00,27.002838,24.471527,1000.90186,1.1067324,1.589942,0.99832237,86.06229,0.0
2023-08-13 06:00:00,33.633453,23.665253,1001.805,3.2376804,-0.14554816,0.99674046,56.064827,0.0
2023-08-13 12:00:00,34.201324,23.790924,998.2975,0.75361085,0.7858993,0.98141354,54.727184,0.25893748
2023-08-13 18:00:00,28.84085,25.190643,1001.6287,1.4097631,2.0070505,0.23922235,80.70204,0.0
2023-08-14 00:00:00,27.74295,22.12027,1001.1875,1.3119526,1.0961199,0.82020324,71.50203,0.0
2023-08-14 06:00:00,33.247345,23.902924,1002.21313,1.5297298,0.30388147,0.8222068,58.116257,0.0038146973
2023-08-14 12:00:00,33.0159,23.798126,999.4231,-0.86478233,1.7928575,0.6844028,58.50672,0.10031089
2023-08-14 18:00:00,27.893555,24.08377,1002.8862,0.66545385,2.3299837,0.46734267,79.81231,0.0
2023-08-15 00:00:00,27.340912,23.674164,1001.51,0.7768654,2.0639617,0.55292886,80.42832,0.005148351
2023-08-15 06:00:00,33.730377,22.700226,1002.46313,2.2647257,0.76945955,0.5813067,52.60238,0.0
2023-08-15 12:00:00,33.344757,24.144318,999.78186,-0.8177109,3.838192,0.53673095,58.64361,0.0
2023-08-15 18:00:00,28.607208,23.51297,1003.1869,0.8992445,2.5578175,0.98819304,73.98054,0.0
2023-08-16 00:00:00,27.644012,22.617462,1002.28564,2.0118341,0.7470561,0.24613369,74.12422,0.0
2023-08-16 06:00:00,34.094025,20.73111,1002.59,2.4828691,0.95450395,0.5738055,45.70087,0.0
2023-08-16 12:00:00,34.136505,22.776215,998.6856,-0.53035164,3.3387163,1.0000033,51.660423,0.0
2023-08-16 18:00:00,27.715057,23.350006,1003.0062,1.3484168,3.2372131,0.77967614,77.163795,0.0
2023-08-17 00:00:00,27.2854,23.274567,1001.6406,1.686326,1.5208617,0.9919105,78.76911,0.0
2023-08-17 06:00:00,34.763947,21.621552,1001.6194,3.6830482,-0.21178901,0.81621516,46.50137,0.0
2023-08-17 12:00:00,35.603912,21.84256,998.665,0.7369852,3.3189006,0.995519,44.99289,0.0
2023-08-17 18:00:00,29.063873,23.10794,1001.72064,2.0596428,2.0109982,1.0,70.3077,0.0
2023-08-18 00:00:00,28.721954,21.144928,1000.4494,3.5905066,0.35996348,1.0,63.63075,0.0
2023-08-18 06:00:00,34.55008,21.21048,1000.77686,4.1613607,0.5394197,1.0,45.88708,0.0
2023-08-18 12:00:00,35.675446,20.518219,997.51,2.1631067,1.6659083,0.9913146,41.318027,0.002478715
2023-08-18 18:00:00,30.458282,21.305206,1001.34375,3.3228893,0.5511396,1.0,58.14035,0.0
2023-08-19 00:00:00,28.473969,20.727325,999.8894,3.5591536,0.888823,0.9949958,62.917362,0.0
2023-08-19 06:00:00,34.512238,21.038116,1000.4,4.452009,0.69135606,0.99999833,45.499763,0.0
2023-08-19 12:00:00,36.346222,19.992096,996.92377,4.5354257,0.6289455,0.3439778,38.547455,0.0
2023-08-19 18:00:00,30.157745,20.207916,1000.6838,2.9998124,0.7438688,0.7233581,55.28737,0.0
2023-08-20 00:00:00,28.543121,21.42752,1000.0131,2.869175,-0.05129987,0.462519,65.418274,0.0
2023-08-20 06:00:00,34.805817,21.33487,1000.52686,2.9225533,-0.038429737,0.0017827421,45.586308,0.0
2023-08-20 12:00:00,35.484283,21.573273,996.6175,2.1297064,-0.4050027,0.59511656,44.551685,0.0
2023-08-20 18:00:00,30.629791,22.021759,1000.055,1.7221339,2.6994448,0.4643271,60.150547,0.0011441298
2023-08-21 00:00:00,29.167114,21.236237,999.39124,1.9648358,0.27285862,0.6261249,62.35984,0.005339738
2023-08-21 06:00:00,34.84268,22.83554,1000.48065,1.7890227,-0.42958355,0.52676344,49.849785,0.0
2023-08-21 12:00:00,37.328278,21.958649,996.04565,-0.24272156,-0.9110899,0.5747045,41.224785,0.01983717
2023-08-21 18:00:00,30.203094,24.603424,999.9963,0.16817093,2.9091215,0.78439623,72.036865,0.0
2023-08-22 00:00:00,28.059357,24.250458,999.065,0.37257528,1.7370374,0.5415413,79.838715,0.03451854
2023-08-22 06:00:00,33.798492,23.739105,1000.2944,1.2406411,0.44093066,0.9728388,55.79728,0.0
2023-08-22 12:00:00,33.588165,25.054108,997.4275,-1.8111744,1.4192286,0.27700284,61.083855,0.74005127
2023-08-22 18:00:00,27.055695,24.766968,1002.385,1.3845351,0.60452497,0.91967094,87.32461,0.0
2023-08-23 00:00:00,26.907013,23.828918,1000.3738,1.3542686,0.3504634,0.93118215,83.27468,0.0
2023-08-23 06:00:00,33.55777,23.247772,1000.5544,2.2096658,-0.557203,0.4920923,54.90283,0.0
2023-08-23 12:00:00,35.34378,23.636993,996.6044,0.21439838,1.2613639,0.45756572,50.890995,0.14454126
2023-08-23 18:00:00,29.549377,25.643158,1000.8638,0.567941,2.7541676,0.37661982,79.57562,0.0
2023-08-24 00:00:00,27.78653,24.38321,1000.0925,0.34098822,1.6221702,0.9431233,81.767624,0.0
2023-08-24 06:00:00,34.01126,21.691925,1000.22186,2.2923398,-0.29588962,0.55503255,48.69982,0.0
2023-08-24 12:00:00,35.441193,22.531036,996.96814,-0.11079407,2.1626992,0.67965746,47.34263,0.0
2023-08-24 18:00:00,28.694641,24.228424,1000.85,0.89054185,2.5895624,0.9235547,76.84165,0.0
2023-08-25 00:00:00,27.860748,22.36502,999.72314,1.9524654,0.020843506,0.9899902,72.07769,0.0
2023-08-25 06:00:00,34.524933,21.09549,1000.2444,2.5243816,0.59209937,0.96622974,45.628136,0.0
2023-08-25 12:00:00,35.350006,22.768097,997.785,-0.256979,2.3210707,0.3330778,48.271168,0.0
2023-08-25 18:00:00,28.721771,24.096771,1002.11127,1.1259141,3.1442213,0.08692189,76.11723,0.0
2023-08-26 00:00:00,27.749298,24.64566,1000.6937,0.6792464,1.1564258,0.9840372,83.24273,0.0
2023-08-26 06:00:00,34.58548,22.390411,1001.10187,1.8680568,0.8978319,0.99927825,49.21884,0.0
2023-08-26 12:00:00,34.88797,23.20169,998.025,-1.003603,3.002539,0.84367037,50.838776,0.0
2023-08-26 18:00:00,28.993622,23.07309,1002.7919,1.3541881,2.8285875,0.4689186,70.44548,0.0019073486
2023-08-27 00:00:00,27.307587,23.645844,1001.57874,0.2691328,1.5755079,0.23753595,80.44821,0.0
2023-08-27 06:00:00,34.256256,22.987335,1001.9981,1.8962077,-0.96450615,0.9580139,51.977295,0.0
2023-08-27 12:00:00,34.6149,23.116486,998.8725,-0.09187794,-0.5417072,0.89502496,51.350094,0.0
2023-08-27 18:00:00,29.630524,24.03006,1002.64874,0.74368346,3.2495956,0.8833724,71.933136,0.028699636
2023-08-28 00:00:00,27.704132,23.62796,1000.6156,1.1236944,0.54215527,0.848266,78.518135,0.0
2023-08-28 06:00:00,34.919464,21.642975,1001.675,2.177731,-0.52522963,0.8539647,46.16235,9.534415e-05
2023-08-28 12:00:00,35.522125,22.051056,998.40936,-1.2608833,2.8929439,0.7735474,45.774956,0.11835212
2023-08-28 18:00:00,29.456177,23.3461,1001.5037,0.2906778,2.743002,0.98333234,69.72833,0.0
2023-08-29 00:00:00,27.758575,23.019745,999.46436,1.6648164,1.0184251,1.0000001,75.44679,0.0
2023-08-29 06:00:00,35.338287,22.998688,1000.725,1.4366812,-1.5838137,0.85747445,48.981876,0.010298565
2023-08-29 12:00:00,32.187653,24.915497,998.115,-0.2985739,3.1728773,0.99624604,65.54773,0.0
2023-08-29 18:00:00,26.169342,24.363678,1002.4244,1.8522003,0.86501503,1.0,89.81259,0.5483268
2023-08-30 00:00:00,26.28244,23.86856,1000.1194,3.1811419,-0.0398674,1.0,86.6024,0.0
2023-08-30 06:00:00,31.555084,24.880768,1001.0494,4.0270586,-0.6574831,0.88510805,67.79983,0.0
2023-08-30 12:00:00,31.917206,24.11441,998.5925,-0.10941732,1.2956127,0.91978055,63.443584,0.0
2023-08-30 18:00:00,28.242126,23.28482,1002.02814,1.9758949,0.1382469,1.0000002,74.53407,0.02861023
2023-08-31 00:00:00,26.743378,22.869965,1000.0056,1.933464,0.207017,0.7420721,79.3512,0.0
2023-08-31 06:00:00,33.69986,24.40149,1000.8669,1.9783726,0.15818493,0.6812936,58.382034,0.03966503
2023-08-31 12:00:00,31.208344,24.517792,998.8731,-1.5188255,1.4019908,0.813129,67.666595,0.58148986
2023-08-31 18:00:00,26.136017,24.668,1002.025,2.081448,-0.94338226,0.97862774,91.6434,0.0
2023-09-01 00:00:00,26.315887,23.786041,1000.3119,1.4189786,-0.033628464,0.57453215,86.00362,0.0
2023-09-01 06:00:00,34.02542,24.740509,1001.5725,1.8277555,1.0217321,0.2529136,58.50415,0.009536743
2023-09-01 12:00:00,31.776154,26.41922,998.615,-0.501811,2.9525766,0.51408064,73.35381,2.7160645
2023-09-01 18:00:00,27.75827,25.07138,1002.46313,1.2243204,1.8554516,0.9853428,85.34024,0.0
2023-09-02 00:00:00,27.24347,24.485748,1000.215,1.1057137,1.5420828,0.9611987,84.92768,0.0
2023-09-02 06:00:00,34.08011,24.000427,1001.40936,3.422042,1.4806588,0.6881342,55.796635,0.0022873282
2023-09-02 12:00:00,30.624908,25.974152,997.93,1.8545909,3.7264833,0.48680815,76.291756,1.2409463
2023-09-02 18:00:00,27.159088,24.851929,1001.65625,2.3222322,1.7543206,0.32183868,87.23769,0.0
2023-09-03 00:00:00,27.392853,23.238434,999.7031,1.6524893,1.5703026,0.44835168,78.10407,0.0
2023-09-03 06:00:00,33.19278,24.333557,1000.1125,2.5213423,2.2889786,0.97790486,59.820755,0.0018123537
2023-09-03 12:00:00,30.95639,25.610474,996.7681,1.6504761,2.0820704,0.74795747,73.26425,1.4214274
2023-09-03 18:00:00,27.228851,24.812653,998.8906,2.641447,0.28139442,0.9940421,86.677925,0.0
2023-09-04 00:00:00,27.620453,22.29361,997.20374,3.678689,0.759774,1.0,72.77983,0.0016211998
2023-09-04 06:00:00,33.207672,23.309479,998.2587,4.653311,0.6525549,0.9637823,56.200073,0.0
2023-09-04 12:00:00,31.63681,24.065704,996.1337,2.5929964,1.6770718,1.0,64.27243,0.65407157
2023-09-04 18:00:00,29.048737,21.823273,998.52435,4.3738174,0.5758749,1.0,65.084915,0.0
2023-09-05 00:00:00,28.425385,21.841583,997.3819,4.183401,0.61908245,0.9999999,67.556305,0.016018748
2023-09-05 06:00:00,28.807404,22.984283,999.1425,3.1091318,1.7307851,1.0000001,70.82783,0.0
2023-09-05 12:00:00,32.89261,22.664703,996.1075,1.4628212,1.9622355,0.9982794,55.014496,0.0
2023-09-05 18:00:00,28.608612,21.341583,999.4294,4.596568,-0.061904907,0.9971271,64.82778,0.0
2023-09-06 00:00:00,27.479889,22.398712,998.46625,2.263892,2.0390663,1.0000002,73.85141,0.06715056
2023-09-06 06:00:00,32.939484,23.835663,999.9481,2.9650383,2.2006893,0.9895849,58.891445,0.0
2023-09-06 12:00:00,31.46585,25.84616,997.77185,1.2687101,2.7406359,0.9704086,72.17068,3.4705539
2023-09-06 18:00:00,27.86325,24.80954,1000.5062,1.6104279,1.1699104,1.0000002,83.50426,0.0
2023-09-07 00:00:00,27.322083,23.360748,999.615,1.9461756,1.8938503,1.0,79.009995,0.0011436641
2023-09-07 06:00:00,32.55777,23.721039,1000.85315,3.527731,1.6544733,0.9940424,59.75762,0.0071525574
2023-09-07 12:00:00,31.258453,25.165192,998.03937,1.7297518,2.0866156,0.8027992,70.13236,0.71417165
2023-09-07 18:00:00,26.85965,24.29007,1001.8669,3.3878918,1.0829833,0.9992787,85.8514,0.0
2023-09-08 00:00:00,27.34726,23.137665,1001.0581,0.9590404,1.9955859,0.9999991,77.83749,0.0
2023-09-08 06:00:00,33.373688,23.235931,1001.945,3.47686,2.1268473,0.7867002,55.432327,0.016592443
2023-09-08 12:00:00,33.185455,22.980377,998.64124,2.7265499,1.4823512,0.566202,55.16172,0.0
2023-09-08 18:00:00,28.81601,22.507355,1001.77814,3.526291,0.38314474,0.6973678,68.77452,0.0
2023-09-09 00:00:00,28.156982,23.445679,1000.41376,1.5505526,1.9761467,0.5592079,75.63527,0.0
2023-09-09 06:00:00,34.077545,23.064056,1000.65436,3.7302074,1.4832091,0.29761904,52.74195,0.0
2023-09-09 12:00:00,34.16922,22.629791,998.02625,1.3376589,2.4382668,0.97562736,51.110332,0.020861626
2023-09-09 18:00:00,28.477203,23.543732,1000.66125,1.9958429,1.8212358,0.9389358,74.67958,0.0
2023-09-10 00:00:00,28.404205,23.1503,999.2562,3.0399036,1.3901888,0.89084977,73.23696,0.0
2023-09-10 06:00:00,33.77603,23.503326,1000.015,4.3051615,1.2413402,0.80758864,55.07947,0.00019092113
2023-09-10 12:00:00,34.328888,22.980621,996.8181,2.1973586,2.454127,0.911388,51.74643,0.22261125
2023-09-10 18:00:00,29.378357,22.78067,1000.2025,3.3314095,1.0222101,0.9788614,67.68691,0.0
2023-09-11 00:00:00,28.38794,22.307465,998.89185,4.221407,0.17468297,0.37463492,69.65337,0.0
2023-09-11 06:00:00,34.263336,22.673065,1000.3781,5.3194513,1.2849107,0.88368744,50.97665,0.008963048
2023-09-11 12:00:00,33.877106,22.338165,997.48315,3.330334,0.43660557,0.9724905,51.037918,0.050149858
2023-09-11 18:00:00,29.601715,22.455688,1000.7325,3.823083,0.4021814,0.99777246,65.51544,0.0
2023-09-12 00:00:00,28.823486,21.953339,999.28,4.2662973,0.05960524,0.92346305,66.46493,0.0
2023-09-12 06:00:00,35.410065,22.23996,1000.5006,3.0671473,0.7054215,0.847017,46.592163,9.5460564e-05
2023-09-12 12:00:00,31.339386,25.689484,997.64685,-0.76487064,1.6072454,0.99912155,72.01959,2.1010876
2023-09-12 18:00:00,27.91977,25.201263,1001.76685,0.61303973,1.5849097,1.0000004,85.19595,0.0
2023-09-13 00:00:00,28.295197,23.231842,999.59314,2.435999,0.8539017,1.0000001,74.06686,0.0
2023-09-13 06:00:00,34.579742,22.632233,1001.0156,3.3886948,1.0236306,0.9898079,49.963108,0.0003813766
2023-09-13 12:00:00,33.136383,23.307892,997.60187,1.7357435,1.3102963,0.90272295,56.42009,0.029540155
2023-09-13 18:00:00,28.696045,23.807037,1001.2925,1.824898,1.6977051,1.0,74.91515,0.0
2023-09-14 00:00:00,28.400482,21.389557,1000.02185,2.8818178,0.64099646,0.9755816,65.80952,0.0
2023-09-14 06:00:00,34.39041,22.296906,1000.65186,3.298894,1.6912664,1.0,49.473557,0.0
2023-09-14 12:00:00,31.242706,25.70163,998.6375,0.67457783,3.2701797,0.91525763,72.46918,0.0141114
2023-09-14 18:00:00,28.220245,24.25418,1001.2562,1.4908762,1.2905916,0.42295992,79.11164,0.0
2023-09-15 00:00:00,27.585297,22.74234,1000.40686,1.6686316,1.7295322,0.4382369,74.94481,0.0
2023-09-15 06:00:00,33.746002,23.753815,1001.7606,2.8122892,3.1961212,0.36056525,56.0108,0.0011436641
2023-09-15 12:00:00,31.007965,26.063263,998.99,2.2130182,2.7879114,0.72687066,75.035324,3.4503229
2023-09-15 18:00:00,28.065216,25.089142,1002.3144,1.881285,1.8588538,0.8078944,83.91419,0.0
2023-09-16 00:00:00,27.906006,24.240326,1001.08624,1.3835415,0.62944657,0.57400686,80.50698,0.0
2023-09-16 06:00:00,33.97647,22.94638,1001.90314,4.009719,2.2552357,0.9017925,52.663876,0.03023073
2023-09-16 12:00:00,32.87686,23.932037,998.78815,2.0419705,2.2737517,0.40342748,59.4427,0.37392458
2023-09-16 18:00:00,26.585205,24.670624,1002.1675,1.8528032,2.206462,0.95920044,89.25968,0.0
2023-09-17 00:00:00,27.848755,23.010773,1000.79,1.564053,1.1892023,1.0,75.009796,0.0
2023-09-17 06:00:00,31.867096,23.422699,1001.57623,1.8292234,0.5990719,0.95081323,61.030125,0.06446242
2023-09-17 12:00:00,31.757599,25.011871,997.8013,1.8177347,2.8642864,0.82395154,67.551025,2.330929
2023-09-17 18:00:00,26.076141,24.85141,1001.59186,1.7177501,1.1749461,0.9999997,92.981514,0.0
2023-09-18 00:00:00,26.121552,24.201843,999.7644,1.9486898,1.8726535,1.0,89.19721,0.0
2023-09-18 06:00:00,30.213531,25.09668,1001.78937,2.7479286,2.4680328,0.7523127,74.1449,0.0
2023-09-18 12:00:00,29.56485,25.117035,998.84314,1.730391,2.5801764,0.9682943,77.0563,3.1078534
2023-09-18 18:00:00,26.164215,24.722076,1002.65875,1.5147934,1.8912878,1.0,91.78692,0.0
2023-09-19 00:00:00,25.982697,24.371246,1000.95374,1.5804483,2.3472614,0.9835736,90.85073,0.009247356
2023-09-19 06:00:00,31.581573,24.806427,1002.4225,2.9348316,1.300304,0.99241334,67.39814,0.0053447625
2023-09-19 12:00:00,30.98819,25.391998,999.5625,1.8070848,1.3411207,0.97418195,72.188515,1.31452
2023-09-19 18:00:00,25.901031,24.755829,1003.0725,2.2089531,1.4603314,1.0,93.415504,0.0
2023-09-20 00:00:00,26.136627,23.786407,1002.07935,1.4645562,2.304659,0.95799303,86.92121,0.0
2023-09-20 06:00:00,33.70047,24.299164,1002.325,2.8747644,1.2202282,0.77629256,58.023228,0.0043874606
2023-09-20 12:00:00,33.775055,24.562286,998.7463,-0.8825903,1.3257048,0.9000853,58.699287,9.778887e-05
2023-09-20 18:00:00,28.596466,25.114227,1002.95624,0.5007942,3.3270512,0.74997306,81.48246,0.0
2023-09-21 00:00:00,26.846527,25.081573,1001.6406,0.40359294,1.7750051,0.9573178,90.07943,0.0
2023-09-21 06:00:00,33.307404,23.772614,1002.6262,1.4733607,0.10064703,0.99802214,57.468582,0.00019092113
2023-09-21 12:00:00,31.951324,24.987457,999.54,-1.0912132,2.7289488,0.8916678,66.71609,0.13033581
2023-09-21 18:00:00,28.142395,25.29004,1002.4244,0.28980505,1.0060284,0.670421,84.542885,0.0
2023-09-22 00:00:00,27.289734,24.816315,1001.77313,0.61893743,0.76766235,0.7363432,86.38795,0.0
2023-09-22 06:00:00,33.743683,24.425232,1002.5031,1.458691,1.1365151,0.85001487,58.321983,0.015636906
2023-09-22 12:00:00,31.49234,24.153412,999.33,-0.32712364,3.136942,0.84924054,65.14411,0.033641234
2023-09-22 18:00:00,28.103363,24.513672,1002.3231,0.56495655,2.012826,0.9148717,80.89972,0.0
2023-09-23 00:00:00,27.702759,24.513275,1001.52,1.2234759,1.2728888,0.23846656,82.811104,0.0
2023-09-23 06:00:00,33.620026,24.497864,1002.2587,2.514264,0.6317407,0.13513783,58.982704,0.015259419
2023-09-23 12:00:00,32.495148,25.354034,999.1844,1.2839305,2.5187345,0.34553596,66.12387,0.69710547
2023-09-23 18:00:00,27.292389,24.964478,1002.9175,1.2973877,1.7251253,0.83649313,87.14156,0.0
2023-09-24 00:00:00,27.537415,23.301605,1001.86,2.602518,-0.65412235,0.89602005,77.74195,0.0
2023-09-24 06:00:00,33.763824,24.29126,1002.21185,3.8027449,-0.41981983,0.8472382,57.79065,0.011730008
2023-09-24 12:00:00,33.6752,24.756378,999.0556,1.9837515,1.2983618,0.6236424,59.71679,0.9058835
2023-09-24 18:00:00,27.958588,25.1026,1001.8331,1.1172371,1.4267936,0.4858634,84.50524,0.0
2023-09-25 00:00:00,26.763092,21.916168,1000.97314,1.4973853,-0.8363371,0.9660462,74.793655,0.0
2023-09-25 06:00:00,32.193634,23.578522,1001.4244,3.0055304,-0.3712296,0.9719714,60.47781,0.0006672926
2023-09-25 12:00:00,33.054474,24.269562,997.4431,1.5508451,0.6739644,0.73499084,60.056488,0.011343043
2023-09-25 18:00:00,27.940521,24.471039,1001.33563,1.3424425,2.2224426,0.87810576,81.46328,0.039964914
2023-09-26 00:00:00,27.319672,22.889252,1000.22815,1.5091476,-0.6989422,0.97349966,76.80017,0.0
2023-09-26 06:00:00,31.84378,24.237152,1001.47437,1.7371664,0.2831955,0.9899534,64.178986,0.029559247
2023-09-26 12:00:00,32.67337,24.308258,998.4475,-1.0227842,1.8078995,0.9928097,61.5008,0.0
2023-09-26 18:00:00,27.791992,25.024017,1001.52313,0.13903332,2.188594,0.9825483,84.932205,0.0
2023-09-27 00:00:00,27.44986,22.874542,1000.21564,2.0484407,-0.14672852,0.9875024,76.14886,0.0
2023-09-27 06:00:00,34.260162,23.677032,1000.59875,3.0177355,0.33308017,0.19713509,54.1754,0.0012397068
2023-09-27 12:00:00,28.956848,25.400543,998.64874,1.9570315,1.8910456,0.9286874,81.16887,3.661108
2023-09-27 18:00:00,26.56955,24.775482,1001.4325,1.7870903,1.2746625,0.9888307,89.90357,0.0
2023-09-28 00:00:00,27.034882,23.086517,999.72375,2.0238779,0.3522935,0.99292624,79.03212,0.0
2023-09-28 06:00:00,33.315704,23.825592,1001.6725,3.1333055,1.7121742,0.9852006,57.625206,0.0016205013
2023-09-28 12:00:00,30.293854,26.103699,998.3862,2.4913006,1.4463634,0.9591538,78.35012,1.4242752
2023-09-28 18:00:00,27.389069,25.073914,1001.71063,2.5826845,0.91067123,0.73538965,87.21645,0.0
2023-09-29 00:00:00,26.935638,22.586334,1000.15314,2.091776,1.8006241,0.89055645,77.120964,0.0
2023-09-29 06:00:00,32.521637,23.614166,1001.96063,4.092724,2.0235424,0.14291406,59.495407,0.14969334
2023-09-29 12:00:00,30.702667,24.50467,999.425,2.1593828,2.090498,0.7740365,69.59276,1.7052294
2023-09-29 18:00:00,28.25354,24.416107,1002.615,1.7571278,2.0182343,0.98858327,79.72829,0.0
2023-09-30 00:00:00,27.51892,23.749725,1001.1362,1.42203,1.9355431,0.65740776,79.957184,0.0
2023-09-30 06:00:00,33.47049,23.98111,1002.35876,3.500718,1.8994894,0.3092816,57.66393,0.04834669
2023-09-30 12:00:00,28.832306,25.31845,999.5119,1.5769634,2.8138409,0.9265717,81.35846,1.4506141
2023-09-30 18:00:00,27.455475,24.419403,1002.6287,2.1803865,1.8460293,0.9718089,83.54679,0.0
2023-10-01 00:00:00,27.334503,23.638947,1000.89935,1.387477,1.6842947,0.9421908,80.288055,0.038528815
2023-10-01 06:00:00,32.460846,24.044708,1002.565,3.069827,2.2360973,0.9675156,61.265976,0.0061990805
2023-10-01 12:00:00,32.1044,24.853119,999.01624,1.5964718,2.5706968,0.20411307,65.61245,0.0
2023-10-01 18:00:00,28.575104,23.784271,1002.76624,1.938138,1.5860233,0.59169763,75.33959,0.0
2023-10-02 00:00:00,27.186798,23.793701,1001.515,1.0808914,1.6904154,0.7300834,81.74434,0.010298565
2023-10-02 06:00:00,33.550934,23.954132,1002.53625,3.806508,2.1913853,0.36293852,57.311737,0.079923555
2023-10-02 12:00:00,31.971588,25.284454,1000.04065,0.78859353,3.1803064,0.38327605,67.82886,0.0
2023-10-02 18:00:00,28.147797,24.963074,1002.635,1.905983,3.449997,0.3898731,82.88621,0.0
2023-10-03 00:00:00,27.737701,23.707672,1001.6931,1.7095213,2.2570744,0.6247278,78.74134,0.0
2023-10-03 06:00:00,34.246246,23.114838,1002.8019,2.7150803,1.0037389,0.19472174,52.408993,0.03566826
2023-10-03 12:00:00,33.27542,23.908234,999.84186,0.22892714,3.992715,0.7835644,58.04328,0.0
2023-10-03 18:00:00,27.954803,25.252106,1003.2344,0.59865445,3.0779343,0.47212225,85.279686,0.0
2023-10-04 00:00:00,27.454529,24.77237,1001.6138,1.6236181,2.1408648,0.0007247925,85.33377,0.0
2023-10-04 06:00:00,34.90103,22.233551,1002.385,2.4231863,1.804767,0.5425046,47.904846,0.0
2023-10-04 12:00:00,33.675446,23.183624,999.89685,-0.5706002,3.0998669,0.28158677,54.331432,0.0
2023-10-04 18:00:00,28.242157,24.963898,1003.15564,0.71409094,3.1145182,0.92277795,82.43608,0.0
2023-10-05 00:00:00,27.716919,23.64383,1001.45435,1.7078066,1.4376887,0.05328658,78.5345,0.0
2023-10-05 06:00:00,35.153473,23.351715,1001.6962,2.1179695,-0.28879547,0.07114447,50.552414,0.0
2023-10-05 12:00:00,34.802643,22.483673,999.01624,-1.4313459,1.6088681,0.28115898,48.905273,0.050999224
2023-10-05 18:00:00,28.509857,25.093292,1001.72314,0.96113867,2.7729797,0.089261144,81.791245,0.0
2023-10-06 00:00:00,27.667633,21.884796,1000.90936,1.1593612,0.89586884,0.8857181,70.79359,0.0
2023-10-06 06:00:00,35.16568,20.675201,1001.66376,1.8925018,0.735672,0.19336575,42.911293,0.0
2023-10-06 12:00:00,34.06717,21.761505,998.65125,-0.011720657,1.303031,0.8620996,48.754993,0.0
2023-10-06 18:00:00,28.752716,26.059967,1001.4125,0.65931326,2.2887802,0.5923184,85.40999,0.0015285332
2023-10-07 00:00:00,28.420166,25.623322,1000.08374,0.9451736,0.79704475,0.37787223,84.8512,0.0
2023-10-07 06:00:00,35.43521,21.586945,1001.23376,1.1651678,1.1038542,0.61133015,44.70998,0.0
2023-10-07 12:00:00,30.528473,26.404327,1000.0631,-2.5058355,1.7237141,0.8373141,78.68908,0.6148815
2023-10-07 18:00:00,28.184631,25.256683,1003.20123,-0.1129418,2.0511713,0.33911872,84.16795,0.0
2023-10-08 00:00:00,27.820068,25.306946,1002.40564,0.5646429,2.2591448,0.7259514,86.23378,0.0
2023-10-08 06:00:00,34.846466,24.05069,1002.965,-0.14242077,2.3695965,0.25400078,53.629726,0.0007636845
2023-10-08 12:00:00,32.37686,24.331085,1001.03186,-0.79507065,2.6512585,0.79091597,62.623726,0.1697056
2023-10-08 18:00:00,28.775482,25.09082,1004.71124,0.06084639,3.0910978,0.24944773,80.52822,0.0
2023-10-09 00:00:00,28.021729,24.618073,1003.5588,0.50973946,1.7345147,0.58609235,81.79471,0.0
2023-10-09 06:00:00,34.620514,24.384125,1004.8206,0.9040956,1.1724131,0.20353623,55.40358,0.005817041
2023-10-09 12:00:00,30.901642,25.441132,1002.60065,-0.5897894,0.8383171,0.7941198,72.758095,1.2122039
2023-10-09 18:00:00,28.161652,25.491577,1005.5075,1.1528921,1.3515193,0.76277703,85.46602,0.0
2023-10-10 00:00:00,27.313263,24.384674,1003.605,0.7115815,0.83961505,0.7302533,84.07062,0.0
2023-10-10 06:00:00,34.491486,23.7247,1004.2594,1.2502061,1.4184744,0.11885685,53.636063,0.004576519
2023-10-10 12:00:00,31.553009,24.134552,1000.90125,-0.008717537,1.6253669,0.25000006,64.84648,0.11423044
2023-10-10 18:00:00,28.9469,25.197174,1004.215,1.5244665,1.817053,0.63630265,80.23898,0.0
2023-10-11 00:00:00,27.348267,24.664215,1003.16876,0.8866397,1.3184642,0.9203224,85.31344,0.0
2023-10-11 06:00:00,34.79825,23.087555,1003.66064,2.3771284,0.19537944,0.7499464,50.741093,0.0009536743
2023-10-11 12:00:00,30.32425,23.643341,1001.5425,-0.9990492,2.2450304,0.9045035,67.53265,1.2720823
2023-10-11 18:00:00,26.723602,24.98236,1004.5694,-0.033102512,1.8975879,0.898619,90.198296,0.0
2023-10-12 00:00:00,26.41153,24.246368,1003.1156,1.4731467,1.3233976,0.9739625,87.91696,0.0
2023-10-12 06:00:00,32.92691,24.05191,1004.59625,1.2796917,-0.24842167,0.98714226,59.703976,0.042732388
2023-10-12 12:00:00,29.18222,25.882233,1002.555,-1.2272406,1.8717906,0.98165816,82.44045,1.3440293
2023-10-12 18:00:00,27.25821,25.394104,1005.4844,0.15751839,-0.46175003,0.96543664,89.578804,0.0
2023-10-13 00:00:00,26.97464,25.41623,1004.53314,-0.6240429,-0.8503313,0.7523995,91.201996,0.0006677583
2023-10-13 06:00:00,33.06546,23.079498,1005.9625,-1.7612238,-0.57037354,0.56194705,55.868816,0.0024763867
2023-10-13 12:00:00,30.901886,23.912384,1002.6294,-0.56468296,1.6232262,0.9237924,66.404045,0.023029745
2023-10-13 18:00:00,27.280426,24.742035,1005.90436,0.28577995,0.75150204,0.9836739,86.052536,0.0
2023-10-14 00:00:00,26.427032,24.846802,1005.0538,0.0022735596,0.8519213,0.9952642,91.0491,0.007063907
2023-10-14 06:00:00,29.746246,24.429352,1005.9581,0.23317927,-1.0097961,0.9999998,73.186905,0.0
2023-10-14 12:00:00,30.496857,23.445099,1002.6575,-1.8608828,0.79529285,0.99911785,66.07394,0.09172465
2023-10-14 18:00:00,26.198395,24.746185,1005.71313,-0.5757494,0.6909323,1.0,91.73373,0.7508906
2023-10-15 00:00:00,25.098389,23.646576,1003.61127,0.54899573,-0.6582327,0.99999934,91.67067,3.3275652
2023-10-15 06:00:00,29.241241,23.67337,1004.41626,2.258562,-0.9463892,0.99514014,72.00583,0.0
2023-10-15 12:00:00,31.247955,24.822723,1000.60565,-0.028403282,-1.0026045,0.9947029,68.75589,0.0
2023-10-15 18:00:00,27.437836,25.548279,1004.0519,-0.984354,0.9876051,0.99116117,89.456665,0.33231393
2023-10-16 00:00:00,25.33957,24.259766,1002.9225,0.8579244,-1.3030214,0.97789735,93.755806,0.0
2023-10-16 06:00:00,29.736176,25.407135,1004.02875,0.23168099,-1.1697359,0.9662431,77.62812,0.1005016
2023-10-16 12:00:00,27.436768,24.629578,1002.3862,-1.2091799,0.67868614,0.91372263,84.6968,0.6840358
2023-10-16 18:00:00,25.498077,24.363129,1004.905,1.2971544,-1.6832542,0.9948737,93.45376,0.0
2023-10-17 00:00:00,25.631348,23.999176,1004.025,0.54899645,-1.7131157,0.98817587,90.714874,0.0
2023-10-17 06:00:00,31.85318,24.08899,1004.9325,-0.88847446,-1.6812563,0.9752817,63.577133,0.10413472
2023-10-17 12:00:00,28.928436,24.006104,1002.33374,-1.2883749,-0.16529655,0.86036336,74.80263,0.0
2023-10-17 18:00:00,26.499176,24.251892,1005.1931,-0.65834045,-1.5230942,0.9628724,87.49266,0.0
2023-10-18 00:00:00,26.542206,24.135986,1004.2625,-0.16359615,-2.8700628,0.98662955,86.666374,0.0
2023-10-18 06:00:00,31.199554,23.219513,1005.6344,-2.5698957,-2.2334223,0.99467736,62.616516,0.009154435
2023-10-18 12:00:00,30.64267,22.826721,1003.2512,-0.4961319,-0.8522959,0.9822185,63.1204,0.0
2023-10-18 18:00:00,26.232147,23.982086,1005.7994,-1.4592562,-0.034532547,0.99604475,87.45475,0.0
2023-10-19 00:00:00,25.521393,23.86673,1004.1944,0.9071789,-0.85394,0.9526447,90.58505,0.0
2023-10-19 06:00:00,31.376617,23.179352,1006.2175,-1.1421871,-1.7752094,0.6169176,61.83834,0.08318989
2023-10-19 12:00:00,29.252045,24.249237,1003.2925,-1.2224855,0.46185493,0.592854,74.494484,0.010270193
2023-10-19 18:00:00,26.096344,24.893402,1005.6813,-0.89517593,0.6445761,0.14164686,93.103516,0.0
2023-10-20 00:00:00,26.088898,24.578033,1004.6863,1.0906811,-0.37212086,0.29062113,91.406105,0.0
2023-10-20 06:00:00,31.931671,22.3591,1005.42,-1.5651703,-1.592803,0.34959882,57.01328,0.03384985
2023-10-20 12:00:00,31.201324,22.492767,1001.9437,-1.0463705,-0.6871805,0.093803406,59.91318,0.0
2023-10-20 18:00:00,26.242462,23.765594,1005.7125,-0.59960556,1.2267017,0.81359583,86.27114,0.0
2023-10-21 00:00:00,25.821442,23.568878,1004.35,-0.19471651,-1.4428492,0.9308511,87.40559,0.020035798
2023-10-21 06:00:00,31.721466,23.570587,1005.60376,-1.2051048,-2.033658,0.34921932,62.08745,0.080569394
2023-10-21 12:00:00,30.910797,24.668,1003.205,-0.50250435,0.86890316,0.5118034,69.445366,0.0
2023-10-21 18:00:00,26.529816,24.801239,1006.0425,0.30868053,0.88834476,0.660623,90.25307,0.0
2023-10-22 00:00:00,26.156616,24.694458,1004.9963,0.54451245,-0.8907547,0.9315766,91.67674,0.006487964
2023-10-22 06:00:00,31.970001,24.411652,1005.58875,-0.3790226,-2.2169924,0.9462519,64.39142,0.044255942
2023-10-22 12:00:00,31.76297,23.086395,1002.57623,-1.0193958,-1.0569124,0.6235548,60.15696,0.0
2023-10-22 18:00:00,27.579712,24.438507,1005.6206,-0.25432968,1.333025,0.47540677,83.03653,0.0
2023-10-23 00:00:00,26.544708,24.33142,1004.59436,-0.45508403,-0.36634636,0.96250165,87.67508,0.031658646
2023-10-23 06:00:00,32.065094,23.1539,1005.4269,0.059803963,0.39921123,0.74360573,59.377796,0.0
2023-10-23 12:00:00,31.15738,23.310211,1002.0875,-0.83823776,1.7565645,0.23638791,63.111942,0.021953136
2023-10-23 18:00:00,27.072601,23.842926,1004.64,0.8621201,2.4164248,0.09882516,82.53802,0.0
2023-10-24 00:00:00,26.56427,24.02591,1004.0606,0.5697087,1.336378,0.1596412,85.98363,0.0
2023-10-24 06:00:00,32.476715,22.998688,1004.64813,0.28687465,0.7645204,0.34808296,57.470356,0.027000904
2023-10-24 12:00:00,31.66275,22.988068,1001.8475,-0.8666773,1.042176,0.47603303,60.141163,0.0
2023-10-24 18:00:00,27.955841,24.761292,1005.3131,-0.9423294,2.7334557,0.76694435,82.81539,0.0
2023-10-25 00:00:00,27.298126,24.838196,1004.77435,-0.4917434,0.7841799,0.6606276,86.45837,0.058209524
2023-10-25 06:00:00,32.08084,23.700287,1006.15314,0.33373657,0.7009873,0.48370463,61.312992,0.036200985
2023-10-25 12:00:00,30.596466,23.094208,1003.52435,-1.5814085,1.7256186,0.33833638,64.32061,0.0
2023-10-25 18:00:00,26.968597,24.437347,1005.96814,-0.31005287,1.3626258,0.25920606,86.05932,0.0
2023-10-26 00:00:00,26.544708,24.582733,1005.075,0.42781067,-0.46209776,0.38474536,89.00407,0.0
2023-10-26 06:00:00,32.96695,21.986053,1006.31,-1.1669102,-1.648202,0.29668874,52.569336,0.0
2023-10-26 12:00:00,31.25534,21.800995,1002.8425,-2.4721766,-0.54922485,0.3450805,57.264637,0.0
2023-10-26 18:00:00,26.671173,23.525696,1005.67,-1.470912,-0.019784927,0.048222244,82.91048,0.0
2023-10-27 00:00:00,26.533356,23.46109,1003.9913,0.20913792,-1.362875,0.21418118,83.26142,0.0
2023-10-27 06:00:00,31.740143,23.454224,1004.91125,-2.0977612,-2.2579556,0.53993535,61.588104,0.017556414
2023-10-27 12:00:00,30.84793,23.00232,1001.7225,-1.8803415,-1.5327473,0.37387422,63.05129,0.0
2023-10-27 18:00:00,27.021881,23.461273,1005.3325,-1.1374083,-0.6545353,0.7797948,80.90308,0.0
2023-10-28 00:00:00,26.90915,23.663605,1003.5719,-0.5040426,-1.2925367,0.440863,82.439926,0.0
2023-10-28 06:00:00,32.53885,23.199005,1005.1331,-2.5429564,0.12151384,0.46084312,57.967274,0.16889662
2023-10-28 12:00:00,30.154083,23.866669,1001.90063,-2.0131311,0.35365105,0.9445078,69.11775,0.10993391
2023-10-28 18:00:00,26.584564,24.281464,1005.0775,-1.1229134,-0.94303226,0.99915797,87.20787,0.0
2023-10-29 00:00:00,26.392242,23.652893,1003.56,-1.6375532,-2.1481962,0.75876415,84.93343,0.06088024
2023-10-29 06:00:00,29.89029,24.319,1005.03125,-1.9143143,-1.4912653,0.9904311,72.10468,0.0
2023-10-29 12:00:00,27.052612,24.328888,1002.76,-2.5178576,-0.8361082,0.96079034,85.08113,0.29020154
2023-10-29 18:00:00,26.210114,24.689178,1005.1369,-0.92270565,-1.2736931,0.9999996,91.35853,0.0
2023-10-30 00:00:00,25.140228,23.848083,1003.83813,0.7075577,-1.9163847,0.97802,92.55823,0.08259951
2023-10-30 06:00:00,28.170074,24.266876,1005.64435,-1.4236612,-1.680193,1.0000001,79.40351,3.3130407
2023-10-30 12:00:00,26.869904,25.339417,1002.515,-0.86910343,-1.0573807,0.9953241,91.34708,0.0
2023-10-30 18:00:00,25.343536,24.589935,1005.6781,-0.97199917,-1.6801224,1.0000002,95.60524,0.0
2023-10-31 00:00:00,25.495636,23.852417,1003.8019,-0.01125145,-2.0029974,0.9008267,90.645706,0.0
2023-10-31 06:00:00,30.833344,24.468445,1005.1169,-1.1386147,-2.7486591,0.7305743,68.92551,0.21875402
2023-10-31 12:00:00,29.666595,23.562622,1002.2369,-1.4831095,-2.5531702,0.8069602,69.79326,0.0
2023-10-31 18:00:00,25.961945,24.110474,1005.26685,-1.4550238,-2.282258,0.95865077,89.55118,0.0
2023-11-01 00:00:00,26.06717,23.83783,1004.0525,-0.21684647,-1.8878832,0.69893473,87.54938,0.0
2023-11-01 06:00:00,31.337555,24.744171,1004.9394,-2.0517092,-3.0746365,0.8997827,68.086006,0.065984815
2023-11-01 12:00:00,30.0112,24.704681,1002.78375,-1.4554529,-1.510642,0.9928712,73.277084,0.0
2023-11-01 18:00:00,26.083221,24.479797,1005.41565,-1.0145369,-1.4398317,1.0,90.90094,0.11257361
2023-11-02 00:00:00,25.549255,23.83725,1003.85187,0.015545845,-1.9857779,0.9831319,90.27507,0.0
2023-11-02 06:00:00,30.028168,25.259094,1004.4406,-1.838171,-2.3434496,1.0000005,75.66633,0.060557388
2023-11-02 12:00:00,29.397736,25.03183,1002.15125,-1.2043056,-0.66476154,1.0000002,77.4086,0.0
2023-11-02 18:00:00,26.69809,25.187622,1004.2444,-1.338211,-1.7232771,1.0,91.445435,0.014484355
2023-11-03 00:00:00,26.228607,24.48584,1002.2431,-0.1178503,-1.5945988,1.0,90.1557,0.0
2023-11-03 06:00:00,30.73111,24.578247,1003.0569,-1.7009029,-2.6168385,1.0,69.78625,0.09943876
2023-11-03 12:00:00,26.82016,24.830475,1000.8862,-1.0199347,-0.4275427,1.0,88.878174,1.4831009
2023-11-03 18:00:00,25.606628,24.775146,1003.4263,-1.0389929,-0.79885864,1.0,95.1701,0.0
2023-11-04 00:00:00,25.008423,24.08841,1001.7294,0.057916343,-0.81047344,1.0,94.64486,0.0
2023-11-04 06:00:00,28.580475,25.72873,1003.22125,-1.4248161,-0.24539852,1.0,84.591965,0.108325005
2023-11-04 12:00:00,27.34909,25.069946,1001.145,-0.82128906,-0.9350147,1.0,87.40029,0.5430862
2023-11-04 18:00:00,25.888824,24.842896,1003.9369,-0.050842047,-0.49993622,1.0,93.97037,0.9753872
2023-11-05 00:00:00,24.64621,23.894043,1002.98315,0.8469382,-0.37252957,0.99999994,95.591064,0.0
2023-11-05 06:00:00,30.869904,24.189728,1004.4981,0.6571321,0.8729547,0.9798022,67.642555,0.016299501
2023-11-05 12:00:00,27.716278,25.170715,1002.90936,-1.6488905,0.39250928,0.92906517,86.0576,0.9336147
2023-11-05 18:00:00,26.087036,25.035828,1005.4906,0.12629414,0.8658284,0.96191585,93.9494,0.0
2023-11-06 00:00:00,25.971527,24.475098,1004.1319,0.98387814,-0.5678177,0.7088593,91.477936,0.075239606
2023-11-06 06:00:00,32.05948,24.73767,1005.53815,-0.79120827,-0.85841274,0.45768887,65.32756,0.0
2023-11-06 12:00:00,29.005554,25.131409,1003.3525,-2.974741,0.7499151,0.9959459,79.654434,0.26839668
2023-11-06 18:00:00,25.58902,24.38739,1006.67065,0.6346426,-0.93284607,1.0000002,93.085655,0.3829597
2023-11-07 00:00:00,25.677826,24.085266,1004.9338,1.1123829,-1.2879734,0.9999997,90.933975,0.0
2023-11-07 06:00:00,28.36142,24.470245,1005.46564,-1.0105591,-2.8550873,0.95489365,79.4867,0.11332597
2023-11-07 12:00:00,27.422699,25.3349,1003.2025,-0.17200947,-0.8785057,1.0,88.407814,0.103245646
2023-11-07 18:00:00,25.813263,24.591736,1006.58124,-0.35498047,-0.26232243,1.0,92.98608,0.0
2023-11-08 00:00:00,25.262054,24.332275,1004.2225,-0.6569691,-1.2573681,1.0,94.599365,2.5075293
2023-11-08 06:00:00,30.540741,24.78238,1005.35376,0.12308025,-1.5576458,1.0,71.41616,0.0
2023-11-08 12:00:00,28.324585,24.919037,1002.4856,-1.8607235,-0.6876688,0.98759085,81.822395,0.0
2023-11-08 18:00:00,25.608765,24.43805,1005.5275,-1.2096109,-1.1858902,0.95772445,93.25908,1.2116252
2023-11-09 00:00:00,25.313995,23.967896,1004.6206,0.49490738,-1.8688354,0.9963975,92.26797,0.0
2023-11-09 06:00:00,29.73703,25.457245,1005.8244,-1.9119635,-2.0015497,0.99912125,77.85578,0.022503775
2023-11-09 12:00:00,28.297272,24.94049,1002.7056,-0.6513176,-0.2504778,1.0000002,82.05749,0.123868376
2023-11-09 18:00:00,25.918549,24.286957,1006.755,-0.6797857,-0.5157614,1.0,90.73696,0.0
2023-11-10 00:00:00,25.210236,24.108307,1005.5613,-0.7324438,-2.61333,1.0,93.62554,0.0
2023-11-10 06:00:00,29.81192,25.476074,1006.65686,-3.0450487,-2.422738,0.98642325,77.60774,0.091469646
2023-11-10 12:00:00,27.79721,24.2612,1004.1869,-1.0843773,-1.555398,0.96302223,81.12137,0.5653894
2023-11-10 18:00:00,25.672241,24.48822,1007.71185,-2.2097225,-1.8689423,0.9999993,93.18794,0.0
2023-11-11 00:00:00,25.888092,24.335999,1005.0825,-0.47048283,-3.1028595,0.5696274,91.16834,0.0
2023-11-11 06:00:00,29.701935,24.670929,1006.75,-2.2310162,-3.4515123,0.7120962,74.44195,0.09651879
2023-11-11 12:00:00,29.182404,24.138641,1004.2512,-1.966115,-1.9475174,0.85230476,74.30037,0.17988057
2023-11-11 18:00:00,25.83377,23.232086,1007.26373,-1.2118549,-2.2793388,0.986461,85.584694,0.0
2023-11-12 00:00:00,25.117096,21.793427,1005.255,0.028749466,-3.085559,0.7153496,81.83411,0.0
2023-11-12 06:00:00,30.792511,22.987518,1006.5081,-2.2234488,-4.373457,0.6279182,63.19452,0.020030886
2023-11-12 12:00:00,29.971466,22.284332,1004.3594,-1.5456915,-2.5733852,0.9193175,63.471256,0.0
2023-11-12 18:00:00,26.280975,22.687256,1006.555,-1.1173477,-3.3016462,0.94152266,80.64593,0.0
2023-11-13 00:00:00,25.59671,22.257599,1004.8119,0.2071104,-3.7255878,0.8846264,81.8161,0.0
2023-11-13 06:00:00,30.358368,23.002777,1006.0681,-1.9368048,-4.342326,0.9991212,64.84383,0.040823154
2023-11-13 12:00:00,27.380829,24.543915,1003.4913,-1.4928904,-1.6795454,0.99955463,84.5405,1.2805281
2023-11-13 18:00:00,25.536041,24.33966,1006.03815,-1.6891747,-3.0926275,1.0,93.11228,0.03497696
2023-11-14 00:00:00,24.72232,23.641937,1004.09314,0.57814693,-3.506239,1.0,93.72457,0.90527856
2023-11-14 06:00:00,24.981049,22.599823,1005.8275,1.6686935,-3.3562126,0.99999994,86.65228,1.2378519
2023-11-14 12:00:00,25.464966,22.697296,1003.0694,0.94627,-3.6051083,1.0,84.69139,0.6113703
2023-11-14 18:00:00,23.958221,21.635956,1005.2556,-0.2919836,-4.5840807,1.0,86.86931,0.0
2023-11-15 00:00:00,24.02829,21.464813,1003.7875,1.6330538,-2.175416,1.0000001,85.60332,0.060454637
2023-11-15 06:00:00,28.257477,22.440643,1005.26935,0.5593958,-3.4110355,1.0,70.75471,0.0
2023-11-15 12:00:00,26.133026,22.47763,1003.1794,0.14979267,-3.2691145,1.0,80.325195,0.6693551
2023-11-15 18:00:00,25.185272,22.938354,1004.8644,-0.4722557,-3.2512693,0.99999964,87.379364,0.0
2023-11-16 00:00:00,25.233551,23.20578,1003.8831,0.3848648,-2.3532696,0.98802793,88.54947,0.0061032823
2023-11-16 06:00:00,28.740997,24.103851,1005.6981,-0.051903725,-3.3349905,0.9548221,76.064705,0.043091014
2023-11-16 12:00:00,28.412384,24.624268,1003.7581,-0.7330389,-1.3128881,0.9971803,79.98512,0.0
2023-11-16 18:00:00,26.067932,25.083832,1005.885,-0.35818195,-1.8351965,0.99999994,94.325066,0.0
2023-11-17 00:00:00,26.299133,24.29068,1004.8137,0.04313183,-2.0765305,0.9999999,88.73755,0.009131337
2023-11-17 06:00:00,31.250885,24.546906,1005.5781,-1.6613693,-3.2227726,0.90863824,67.62056,0.19971944
2023-11-17 12:00:00,29.48764,24.645538,1002.9294,-1.3686991,-1.5465412,0.96382195,75.252686,0.0
2023-11-17 18:00:00,26.83545,24.918488,1005.3837,-1.3038359,-2.059515,0.95940137,89.26591,0.0
2023-11-18 00:00:00,26.339844,24.503418,1004.22314,-0.75052166,-2.168168,0.97808194,89.659645,9.685755e-05
2023-11-18 06:00:00,30.622223,25.207306,1004.97186,-1.6375675,-2.758935,0.7501647,72.908,0.09010801
2023-11-18 12:00:00,28.933502,24.522339,1002.9725,-1.4691124,-2.4894085,0.5728603,77.131256,0.0
2023-11-18 18:00:00,26.706268,24.52063,1005.4125,-1.995924,-3.5514746,0.9497051,87.83414,0.2202862
2023-11-19 00:00:00,26.17456,24.027985,1003.95624,-0.98446083,-3.2093143,1.0000002,87.9951,0.0
2023-11-19 06:00:00,28.850067,24.283722,1005.71686,-2.3384361,-3.324112,0.99403185,76.40522,0.35005465
2023-11-19 12:00:00,28.960846,23.472076,1003.22876,-0.5383539,-1.2941656,0.9991096,72.30075,0.0
2023-11-19 18:00:00,25.84378,24.26535,1005.15686,-0.65391636,-1.3243904,0.91222817,91.02172,0.0
2023-11-20 00:00:00,25.810883,22.993683,1003.42,-0.5437155,-2.91603,0.80515295,84.47422,0.13551724
2023-11-20 06:00:00,27.875946,24.457367,1005.3862,0.5788994,-3.076744,1.0,81.70391,1.4934134
2023-11-20 12:00:00,27.393951,23.714722,1003.39435,-0.749959,-3.1847582,1.0,80.37484,0.0
2023-11-20 18:00:00,25.773315,23.561737,1005.0706,-0.78194904,-1.8183146,1.0,87.61751,3.845234
2023-11-21 00:00:00,25.667053,23.815674,1002.7919,-0.35616612,-2.3248692,1.0,89.52987,0.0
2023-11-21 06:00:00,29.769806,25.103027,1004.095,-0.4501114,-1.9929209,0.99867594,76.08848,0.0
2023-11-21 12:00:00,29.27182,25.62082,1001.7644,-1.467062,-0.8041954,0.9861385,80.75335,0.030440353
2023-11-21 18:00:00,26.161469,25.194916,1004.47626,-1.515296,-0.58955383,0.9973395,94.42753,0.0
2023-11-22 00:00:00,25.653717,24.68039,1002.48065,0.78135395,-1.687563,0.99281,94.36878,0.0
2023-11-22 06:00:00,27.52652,25.156342,1004.15875,-1.0643091,-1.5188017,1.0,86.94331,1.3560091
2023-11-22 12:00:00,26.576202,24.935303,1001.64813,-1.1023264,-1.6817074,1.0,90.72971,0.8754951
2023-11-22 18:00:00,25.359894,24.712738,1004.23627,-2.3180714,-0.8165808,1.0,96.21602,0.0
2023-11-23 00:00:00,25.280975,24.453491,1002.8975,0.4811077,-0.28584385,1.0,95.18145,3.377416
2023-11-23 06:00:00,30.062042,24.898468,1004.03815,-1.4082375,-0.5365893,0.9677349,73.91373,0.0
2023-11-23 12:00:00,27.58548,24.91449,1000.91815,0.08893013,-0.3660059,0.9169872,85.40386,2.8599744
2023-11-23 18:00:00,25.699677,24.88446,1003.27185,-1.1600695,-1.5392466,0.9857711,95.26583,0.0
2023-11-24 00:00:00,25.67392,24.217041,1002.135,-0.34060478,-1.610013,0.46897984,91.677055,0.22370273
2023-11-24 06:00:00,30.262848,24.99057,1004.2475,-1.6791363,-1.6072111,0.8834442,73.469315,0.0
2023-11-24 12:00:00,28.673004,24.497253,1002.40186,-2.1944551,-0.9343424,0.99103975,78.1873,0.007729791
2023-11-24 18:00:00,25.837555,24.516785,1004.9288,-1.0250063,-2.018508,0.9999999,92.436966,0.0
2023-11-25 00:00:00,25.963837,24.239166,1003.4356,-0.98360157,-2.7636433,0.9695355,90.235085,0.015441883
2023-11-25 06:00:00,30.324005,24.810516,1004.95685,-2.260972,-2.315566,0.95923656,72.42983,0.13207054
2023-11-25 12:00:00,27.519745,24.658508,1003.28815,-1.8311663,-2.420268,1.0,84.43234,0.0
2023-11-25 18:00:00,24.867096,24.209015,1006.505,-1.6478052,-1.7475233,1.0,96.13932,0.45960438
2023-11-26 00:00:00,24.98346,23.618011,1004.915,-1.0035563,-2.3814983,1.0,92.142105,0.0
2023-11-26 06:00:00,29.514618,25.738739,1006.16437,-1.9091158,-3.560873,0.966387,80.18864,0.0
2023-11-26 12:00:00,27.951294,24.498901,1003.5094,-1.8043861,-1.7751093,0.7608387,81.54799,0.0043043494
2023-11-26 18:00:00,25.298126,24.300873,1005.9556,-0.5042114,-2.894826,0.8486729,94.219055,0.0
2023-11-27 00:00:00,25.026642,23.872864,1003.3019,-0.3870411,-2.3843699,0.9999967,93.32573,0.055507794
2023-11-27 06:00:00,29.01535,24.57663,1004.5731,-2.1301146,-2.227148,0.82228136,77.016335,0.19815107
2023-11-27 12:00:00,29.131287,24.33899,1002.1069,-2.1266708,-0.9273281,0.31203505,75.42091,0.0
2023-11-27 18:00:00,25.540192,24.265778,1004.64935,-0.84253883,-1.9558907,0.3818978,92.67804,0.0
2023-11-28 00:00:00,25.53009,23.934723,1002.6987,-1.3936491,-2.9688215,0.89444464,90.90907,0.01621719
2023-11-28 06:00:00,30.396881,25.218414,1004.0,-2.1412334,-2.3230915,0.93956757,73.90341,0.03303138
2023-11-28 12:00:00,28.797882,24.275818,1001.35876,-2.194787,-1.8490934,0.931938,76.600365,0.07434437
2023-11-28 18:00:00,25.873505,24.451263,1004.02374,-1.1275101,-2.0437212,0.99224293,91.87925,0.0
2023-11-29 00:00:00,25.461792,23.856445,1002.52625,-0.651741,-1.9209042,1.0000001,90.850105,0.07886667
2023-11-29 06:00:00,29.389679,25.236908,1004.10315,-1.6071806,-2.9438953,0.9991212,78.396385,0.0066852346
2023-11-29 12:00:00,26.985687,24.722748,1002.34436,-1.4500637,-1.5977793,0.9771587,87.45309,0.24552529
2023-11-29 18:00:00,25.09439,24.239594,1004.8125,-1.2174206,-1.570015,1.0,95.01915,0.0
2023-11-30 00:00:00,24.80185,23.821777,1003.3325,-1.0241203,-2.4501371,1.0,94.29564,0.20061868
2023-11-30 06:00:00,28.464935,24.481232,1005.5175,-0.7766142,-2.7548704,1.0,79.0618,0.0
2023-11-30 12:00:00,26.235199,24.490784,1003.2775,-1.5799694,-1.5886612,1.0000007,90.147255,0.12504959
2023-11-30 18:00:00,24.824677,23.643677,1004.5531,-0.36746216,-2.944973,0.8425635,93.163124,0.7201494
2023-12-01 00:00:00,25.24179,23.701385,1003.2375,0.25528145,-2.8250055,0.9941311,91.1917,0.0
2023-12-01 06:00:00,29.94461,24.122345,1004.04,0.68719864,-2.3630981,0.99915665,71.03711,0.0
2023-12-01 12:00:00,27.355988,24.373657,1000.845,-1.0483847,-1.1802015,0.9895977,83.8051,1.6711175
2023-12-01 18:00:00,25.914185,24.321594,1003.45935,-0.8478174,-3.0802193,1.0,90.949036,0.0
2023-12-02 00:00:00,26.17633,22.794281,1001.20435,1.0133944,-3.0051203,1.0,81.674355,0.0
2023-12-02 06:00:00,29.364288,23.665436,1002.28876,0.4695267,-4.202712,1.0,71.46181,0.13551055
2023-12-02 12:00:00,28.614838,23.450043,999.5806,-0.1469925,-3.7793112,1.0,73.667694,0.0
2023-12-02 18:00:00,26.506042,22.993683,1001.3956,0.64474213,-3.045189,1.0,81.07342,0.0005662441
2023-12-03 00:00:00,25.892426,23.117462,1000.09814,1.8030075,-2.0605574,1.0,84.69898,0.1131722
2023-12-03 06:00:00,29.158844,24.316315,1001.66125,3.1173515,-1.716279,1.0,75.19859,0.007755466
2023-12-03 12:00:00,28.078766,24.626831,999.10876,1.2981048,-1.7329531,1.0,81.56596,0.0
2023-12-03 18:00:00,26.799042,24.07904,1000.3162,2.76618,0.11728859,1.0,85.07422,0.0
2023-12-04 00:00:00,26.82077,23.339386,998.51935,3.1812143,0.57237464,1.0,81.2652,0.0
2023-12-04 06:00:00,31.538727,23.810669,1000.0681,5.348098,0.36873406,1.0,63.648426,0.004978692
2023-12-04 12:00:00,29.966461,24.038727,998.4869,1.2867748,0.5080518,1.0,70.59268,0.0
2023-12-04 18:00:00,26.963593,25.353851,999.79565,0.6265829,2.7818327,1.0,90.92341,0.0
2023-12-05 00:00:00,26.520416,25.578033,998.66565,1.7174358,1.3206062,0.99999994,94.57758,0.0
2023-12-05 06:00:00,32.511017,24.581451,1000.48,2.9621658,0.28945857,0.99757713,63.08988,0.0046733767
2023-12-05 12:00:00,31.4404,25.862152,998.4581,0.39853096,1.5312469,0.97441876,72.3437,0.0
2023-12-05 18:00:00,27.395538,26.258026,1002.1106,0.14525115,2.3482924,0.84205115,93.5283,0.0
2023-12-06 00:00:00,26.587189,25.230804,1001.2394,1.3677881,0.4507494,0.7157174,92.28161,0.02463162
2023-12-06 06:00:00,31.735382,25.756866,1002.47565,0.107251585,0.61350965,0.8292213,70.69925,0.07970126
2023-12-06 12:00:00,30.697968,25.358673,1000.1694,-1.5214996,0.88666844,0.37367934,73.24961,0.009579048
2023-12-06 18:00:00,26.9393,25.963531,1003.5444,-0.555295,1.575428,0.495193,94.407234,0.0
2023-12-07 00:00:00,26.412048,25.09729,1002.265,-0.10696584,1.3117207,0.5757081,92.5011,0.058552526
2023-12-07 06:00:00,31.479523,25.215607,1003.4856,0.4620409,0.87005174,0.8133325,69.46411,0.07619544
2023-12-07 12:00:00,30.722687,25.381744,1001.385,-1.2521887,0.24426866,0.9135778,73.24659,0.0
2023-12-07 18:00:00,26.726044,25.592285,1004.3837,-1.0431881,-0.061300278,0.6946157,93.518005,0.0
2023-12-08 00:00:00,25.718292,24.402954,1003.2994,-0.17146587,-1.3785143,0.6896496,92.46053,0.17049447
2023-12-08 06:00:00,30.457916,25.738678,1005.1719,-1.1798792,-1.2000408,0.5904636,75.95734,0.0
2023-12-08 12:00:00,29.13379,25.14212,1002.1069,-1.873704,-0.5485277,0.54177,79.11615,0.249756
2023-12-08 18:00:00,26.510468,24.884674,1005.3081,-0.6066103,-1.421092,0.5002576,90.80719,1.071637
2023-12-09 00:00:00,26.221344,24.480988,1004.7488,-0.53474236,-2.1014786,0.5668373,90.168175,0.0
2023-12-09 06:00:00,29.63797,25.177307,1006.6312,-1.5865898,-2.3381643,0.9116515,77.00824,0.015840866
2023-12-09 12:00:00,29.238556,24.73935,1002.9263,-2.3130903,-1.1515179,0.36099833,76.77175,0.100687765
2023-12-09 18:00:00,26.495728,24.873108,1004.9894,-1.5559988,-1.7231951,0.60825104,90.82343,0.0
2023-12-10 00:00:00,25.994781,24.316101,1003.5556,-0.6303673,-2.8029108,0.63790184,90.486336,0.0
2023-12-10 06:00:00,30.018036,24.483856,1005.19,-2.5694551,-3.408389,0.6129166,72.28737,0.20877731
2023-12-10 12:00:00,29.06186,23.779572,1002.33124,-2.4750977,-2.0543795,0.69205225,73.223114,0.0
2023-12-10 18:00:00,26.329498,23.911713,1005.7919,-1.7007666,-1.8985033,0.99090844,86.58644,0.0
2023-12-11 00:00:00,25.55832,23.072968,1004.2512,-0.6277561,-2.470868,0.9980229,86.16165,0.0
2023-12-11 06:00:00,28.803925,23.615204,1006.015,-1.7339134,-3.3803797,0.99787843,73.59318,0.14265183
2023-12-11 12:00:00,27.944305,23.59253,1003.08685,-2.3381424,-2.1752977,0.8676603,77.259705,0.0
2023-12-11 18:00:00,25.888031,23.385864,1005.45874,-1.852313,-2.4117918,0.83923614,86.10586,0.0
2023-12-12 00:00:00,25.364777,23.214355,1003.25,-0.6963959,-2.9746933,0.6885469,87.90644,0.0031481176
2023-12-12 06:00:00,28.712189,22.8331,1005.4288,-2.4317617,-3.2113876,0.94547385,70.57081,0.1072114
2023-12-12 12:00:00,27.84253,22.819916,1003.0806,-2.4281073,-1.8431549,0.36343062,74.17473,0.0
2023-12-12 18:00:00,24.219025,22.001587,1005.2019,-0.83234024,-1.4566965,0.12443888,87.450714,0.0
2023-12-13 00:00:00,24.173004,21.896454,1003.5775,-0.14344311,-2.4529877,0.72781575,87.13183,0.0
2023-12-13 06:00:00,29.023102,22.278656,1006.03,-2.4640207,-4.4343147,0.46652973,67.01623,0.0016218983
2023-12-13 12:00:00,27.830414,22.108002,1003.3275,-1.8926573,-2.0412178,0.6638867,71.08458,0.0
2023-12-13 18:00:00,24.411041,21.60962,1006.33185,-1.3629942,-2.0309114,0.23102093,84.405396,0.0
2023-12-14 00:00:00,23.900787,21.5224,1005.285,0.095581055,-3.166192,0.34026024,86.56626,0.0
2023-12-14 06:00:00,29.012543,21.771759,1006.8725,-2.7320948,-5.2003727,0.58595955,65.01652,0.00038184226
2023-12-14 12:00:00,28.253937,22.362885,1004.3862,-1.6913843,-2.4402714,0.74196005,70.435524,0.0
2023-12-14 18:00:00,26.140167,21.449432,1007.1806,-1.7300558,-2.895299,0.9768972,75.41035,0.0
2023-12-15 00:00:00,25.331207,21.77713,1005.3931,-0.96390533,-3.685875,0.98400193,80.7174,0.0018179417
2023-12-15 06:00:00,26.774933,22.82669,1007.09064,-1.996625,-5.1886387,0.99377453,78.99657,0.10637629
2023-12-15 12:00:00,27.036224,23.286102,1004.7994,-1.0897179,-3.89573,0.9802672,79.98487,0.0
2023-12-15 18:00:00,24.901276,22.983917,1006.3625,-0.54802895,-3.8725023,0.98469836,89.11649,0.0
2023-12-16 00:00:00,25.319366,22.801727,1004.3131,0.762516,-3.2618885,0.99643487,85.970314,0.008195535
2023-12-16 06:00:00,27.54068,24.938202,1006.2275,-2.2265196,-3.251913,0.9999991,85.74917,0.10616254
2023-12-16 12:00:00,25.889801,24.190216,1004.1775,-2.22655,-2.4475431,1.0,90.36587,0.6401583
2023-12-16 18:00:00,25.080017,23.997772,1005.705,-2.2679892,-3.1502686,1.0000001,93.730286,0.0
2023-12-17 00:00:00,25.170135,23.772858,1003.6331,-1.1806049,-3.3906507,1.0,91.97635,0.0
2023-12-17 06:00:00,28.059967,24.949432,1005.78064,-2.5830374,-3.1369123,1.0000001,83.24367,0.17716932
2023-12-17 12:00:00,27.108429,23.758453,1003.0519,-2.522337,-2.4814758,1.0,81.9471,0.0
2023-12-17 18:00:00,25.671295,23.009735,1005.6813,-2.668398,-3.2404766,1.0000004,85.25907,0.18859455
2023-12-18 00:00:00,25.156403,22.810455,1004.8806,-1.4329281,-3.276575,1.0,86.85413,0.02868411
2023-12-18 06:00:00,26.690125,22.911285,1007.02686,-2.9270926,-3.5382795,1.0,79.799774,0.0
2023-12-18 12:00:00,26.688416,22.398499,1004.78876,-2.974105,-2.2348204,0.9917679,77.3628,0.0
2023-12-18 18:00:00,24.590424,22.49762,1007.28876,-1.8817062,-3.1226969,0.9991581,88.14862,0.1871463
2023-12-19 00:00:00,24.84317,21.783966,1005.2575,-0.7925091,-4.326561,0.77519476,83.13376,0.0
2023-12-19 06:00:00,28.31955,21.702972,1007.4175,-2.2916365,-4.5571337,0.9999994,67.40025,0.036156178
2023-12-19 12:00:00,27.80371,22.704865,1004.5206,-2.7261515,-2.4587765,0.96430033,73.826256,0.0
2023-12-19 18:00:00,25.816315,21.12674,1007.2081,-1.8423319,-3.5732193,0.9880157,75.36399,0.0
2023-12-20 00:00:00,25.35852,20.65384,1005.71,-0.8388567,-3.878106,1.000001,75.22056,0.0
2023-12-20 06:00:00,27.35611,22.71103,1006.9431,-1.8762045,-4.6579933,1.0000055,75.81294,0.0033463857
2023-12-20 12:00:00,26.450714,23.99765,1004.6,-1.1512327,-2.395152,0.99783945,86.41442,0.2897598
2023-12-20 18:00:00,24.97287,22.507843,1007.1231,-1.9066153,-2.851284,0.9999978,86.211685,0.0
2023-12-21 00:00:00,24.811005,21.756073,1005.26874,-1.0080671,-3.5422497,0.9999925,83.15176,0.0021085143
2023-12-21 06:00:00,25.37384,22.674042,1007.4869,-1.025837,-4.609062,0.80544317,85.03129,0.0063851476
2023-12-21 12:00:00,26.679077,23.933136,1004.34875,-2.410222,-1.7875175,0.44808626,84.92938,0.055409215
2023-12-21 18:00:00,25.204376,22.721771,1007.4169,-1.671402,-2.293746,0.9713359,86.14198,0.0
2023-12-22 00:00:00,23.642365,21.599579,1005.77563,-0.6859093,-3.1013393,0.8325974,88.33901,0.0
2023-12-22 06:00:00,28.52768,22.11734,1007.27936,-1.5990438,-3.911296,0.97807395,68.29493,0.0020973384
2023-12-22 12:00:00,28.11557,22.551605,1004.53064,-2.0771646,-1.4339914,0.9892756,71.82433,0.0
2023-12-22 18:00:00,23.81839,22.483734,1007.3575,-1.607543,-2.291318,0.5201706,92.248436,0.0
2023-12-23 00:00:00,22.529572,19.543854,1006.7081,-0.4170475,-3.1640701,0.93617916,83.243164,0.0
2023-12-23 06:00:00,28.584503,20.044342,1008.47876,-1.3705301,-3.1997042,0.79974234,59.933884,0.0
2023-12-23 12:00:00,28.706879,22.101532,1005.1769,-1.1179676,-1.1625137,0.5685216,67.52316,0.0
2023-12-23 18:00:00,24.082855,21.522552,1008.40063,-1.9523659,-2.9787312,0.9317686,85.6254,0.0
2023-12-24 00:00:00,23.685944,19.367035,1007.6238,-1.0698347,-4.1140966,0.234761,76.77231,0.0
2023-12-24 06:00:00,26.916016,21.4086,1009.32935,-1.6995983,-3.6937504,0.7821636,71.85922,0.08791685
2023-12-24 12:00:00,26.60617,22.58957,1006.6337,-2.2266226,-2.1249704,0.9850929,78.6461,0.16494095
2023-12-24 18:00:00,24.92691,23.09555,1008.54626,-1.7094908,-2.6843328,0.8678696,89.58333,0.0
2023-12-25 00:00:00,23.867157,22.391815,1007.03375,-0.7242508,-3.054328,0.5740577,91.465866,0.0
2023-12-25 06:00:00,29.057892,23.876556,1008.0694,-2.8651972,-3.6819248,0.49088407,73.66841,0.3497939
2023-12-25 12:00:00,28.004059,24.07602,1005.4925,-3.1279926,-2.3465614,0.30134255,79.26261,0.0
2023-12-25 18:00:00,24.958344,23.622314,1007.9575,-1.9212694,-3.128111,0.56228715,92.30419,0.02861062
2023-12-26 00:00:00,22.799225,21.906342,1006.8375,-0.4823904,-3.800518,0.932808,94.71449,0.0
2023-12-26 06:00:00,28.034637,21.53482,1008.2275,-1.8872185,-4.568742,0.30671132,67.82675,0.00067055225
2023-12-26 12:00:00,28.348969,22.69345,1005.6525,-2.4546366,-2.5865211,0.28388757,71.46775,0.0
2023-12-26 18:00:00,24.426544,21.753021,1009.1525,-1.5386972,-3.2795877,0.72261196,85.06949,0.0
2023-12-27 00:00:00,24.449493,20.892181,1007.53,0.19904709,-4.0127583,0.737864,80.5865,9.685755e-05
2023-12-27 06:00:00,29.209442,22.021393,1008.65063,-3.1337976,-5.471319,0.99199766,65.267105,0.004770234
2023-12-27 12:00:00,28.89566,23.314331,1004.84064,-2.6942348,-2.7024622,0.66659296,71.88667,0.0
2023-12-27 18:00:00,25.776306,21.806793,1007.8106,-1.8123083,-3.8405075,0.99999803,78.75465,0.0021964
2023-12-28 00:00:00,25.328949,21.710846,1006.1194,-0.98764515,-3.7378635,0.99911857,80.40197,0.0
2023-12-28 06:00:00,28.14621,23.330353,1007.38,-3.2835083,-4.256899,0.75546634,75.157875,0.091597214
2023-12-28 12:00:00,28.05783,24.53891,1004.735,-3.0983868,-2.502201,0.89003927,81.23723,0.061930373
2023-12-28 18:00:00,25.58133,23.966736,1007.305,-2.4746304,-2.5811825,0.9603149,90.80746,0.0
2023-12-29 00:00:00,24.832611,22.71933,1005.6125,-0.14512634,-4.3607454,0.99999994,88.05936,0.0
2023-12-29 06:00:00,28.178131,23.737823,1007.57,-2.2882013,-3.7581406,0.9169517,76.883705,0.26140836
2023-12-29 12:00:00,28.487946,24.394928,1004.84314,-3.032837,-2.2241068,0.54511166,78.54921,0.0
2023-12-29 18:00:00,25.248566,24.007538,1007.83936,-1.930768,-3.5182428,0.9516733,92.848694,0.0
2023-12-30 00:00:00,24.565826,22.85086,1005.8275,-0.9727316,-3.1599321,0.9777778,90.19073,0.0
2023-12-30 06:00:00,28.516327,23.287079,1007.6906,-2.6076965,-4.039484,0.9590949,73.36514,0.08270219
2023-12-30 12:00:00,27.786102,23.275024,1004.8644,-2.2123108,-1.8944225,0.9634803,76.497116,0.0
2023-12-30 18:00:00,24.827484,22.330048,1007.2456,-1.8576183,-2.2192926,0.56240386,86.027985,0.0
2023-12-31 00:00:00,23.781403,21.67978,1006.02625,-0.43240833,-3.4315948,0.32266504,88.03336,0.0
2023-12-31 06:00:00,28.971039,22.45871,1006.95435,-2.8371382,-3.1110268,0.7439196,67.958496,0.05226396
2023-12-31 12:00:00,28.608795,23.400238,1003.67377,-2.7011251,-2.3948479,0.6174398,73.47246,0.0
2023-12-31 18:00:00,24.424713,22.397705,1006.89935,-1.5501432,-2.15376,0.37645012,88.48814,0.0
2024-01-01 00:00:00,23.481232,21.284515,1006.20874,-0.078658104,-3.6507444,0.96613836,87.49655,0.0
2024-01-01 06:00:00,28.573944,21.468475,1007.6763,-1.9196959,-3.6926985,0.9261562,65.465256,0.0
2024-01-01 12:00:00,28.101044,22.532867,1004.59875,-2.2740812,-1.0870972,0.8092112,71.8034,0.0
2024-01-01 18:00:00,24.39151,21.885895,1006.92,-2.0139408,-1.8820782,0.99559915,85.94264,0.0
2024-01-02 00:00:00,23.849579,21.635437,1004.9456,-0.00689888,-2.6480494,0.969084,87.43574,0.0
2024-01-02 06:00:00,29.313324,22.098236,1006.3131,-2.4058676,-3.3195457,0.99668115,65.18116,0.03987312
2024-01-02 12:00:00,27.638092,23.363953,1004.1375,-2.3506098,-1.2544804,0.7261997,77.57699,0.0
2024-01-02 18:00:00,24.773163,22.326416,1006.1,-1.7789516,-1.7375593,0.51652664,86.28842,0.011435825
2024-01-03 00:00:00,23.678253,21.302399,1004.845,-0.10458279,-2.488181,0.81244653,86.558754,0.0
2024-01-03 06:00:00,29.336151,22.881744,1006.2344,-1.743782,-2.752308,0.7770001,68.26889,0.16373768
2024-01-03 12:00:00,28.166931,22.78598,1003.4425,-2.6857996,-1.728344,0.47073525,72.63533,0.0
2024-01-03 18:00:00,24.8685,22.068878,1005.52185,-1.3618755,-1.245081,0.5913456,84.46374,0.0
2024-01-04 00:00:00,24.360748,22.298584,1004.6831,-0.13801289,-1.8300467,0.392466,88.29389,0.0
2024-01-04 06:00:00,30.130035,22.884674,1006.0012,-2.210332,-2.3129768,0.49661082,65.23048,0.14381856
2024-01-04 12:00:00,27.381622,23.279755,1003.3038,-2.4279623,-0.95010185,0.9062015,78.350784,0.0
2024-01-04 18:00:00,25.322052,23.060425,1005.6075,-1.4427605,-1.4730272,0.97248244,87.313705,0.0
2024-01-05 00:00:00,25.039093,22.835327,1004.5144,0.7817793,-1.9080048,1.0000005,87.59523,0.10050812
2024-01-05 06:00:00,28.026337,23.882477,1005.8194,-2.1660805,-2.9389906,1.0000024,78.24461,0.13391116
2024-01-05 12:00:00,27.989807,22.791931,1003.83374,-1.679205,-1.8788986,0.68830603,73.41547,0.0
2024-01-05 18:00:00,25.769135,23.256653,1005.5181,-0.75678253,-2.166936,0.91444665,86.04079,0.0
2024-01-06 00:00:00,25.021393,22.608185,1003.96936,-0.69933224,-2.4083118,0.7543645,86.48801,0.0
2024-01-06 06:00:00,29.367706,24.13858,1005.765,-2.037693,-3.6609087,0.98496115,73.50902,0.013352532
2024-01-06 12:00:00,27.040161,24.211823,1003.41315,-2.0259323,-1.8399038,0.99927866,84.54795,0.16517495
2024-01-06 18:00:00,24.902313,23.490784,1006.0506,-1.1410122,-2.845111,0.99999654,91.88194,0.0
2024-01-07 00:00:00,25.04773,23.20694,1005.0044,-0.34905338,-3.2234678,0.9999993,89.54118,3.3696089
2024-01-07 06:00:00,27.085907,23.685638,1006.5925,-0.69586945,-3.2963362,0.89801997,81.69666,0.0
2024-01-07 12:00:00,26.971771,24.119171,1003.0,-1.4911423,-3.9607172,1.0000017,84.41772,0.0
2024-01-07 18:00:00,24.301666,23.195831,1006.27374,0.39909554,-2.7042294,0.9999985,93.56138,0.0010447176
2024-01-08 00:00:00,24.270111,22.848663,1004.9169,-0.42093754,-3.0286703,1.0000002,91.78982,1.624421
2024-01-08 06:00:00,26.009003,23.963501,1007.34186,-0.6797428,-2.0651083,0.9811852,88.51739,0.0
2024-01-08 12:00:00,26.152985,24.071625,1004.28564,-0.95604515,-2.119564,1.0,88.33859,0.56914586
2024-01-08 18:00:00,24.899231,24.021942,1006.71124,-1.3690948,-1.7633152,1.0,94.88377,0.0
2024-01-09 00:00:00,25.021088,23.612915,1003.79315,-2.0255184,-3.2813005,0.9999997,91.90743,0.054868042
2024-01-09 06:00:00,25.73117,23.984985,1007.65875,-2.2851763,-1.5651159,0.9999999,90.10248,1.2052183
2024-01-09 12:00:00,26.52118,23.780243,1004.71313,-1.5343704,-2.5895805,1.0,84.93861,0.0
2024-01-09 18:00:00,24.793,23.061829,1006.33685,-1.9685202,-3.2371874,1.0,90.11821,0.05949661
2024-01-10 00:00:00,24.737946,23.125977,1004.6138,0.5435171,-3.0618124,0.9911512,90.766464,0.0
2024-01-10 06:00:00,28.432892,23.236786,1006.5581,-3.1309347,-3.7703009,1.0,73.49808,0.07973172
2024-01-10 12:00:00,27.594757,22.583527,1004.2,-1.9481287,-2.3147907,1.0,74.185036,0.0
2024-01-10 18:00:00,25.294952,22.768585,1007.52875,-1.881958,-2.4659233,0.964339,85.922455,0.0
2024-01-11 00:00:00,24.328705,22.598206,1006.08936,-0.18569565,-2.9866533,0.67253923,90.08918,0.009535113
2024-01-11 06:00:00,29.570831,22.435547,1007.34314,-3.055849,-4.3455677,0.47539604,65.55186,0.0016216654
2024-01-11 12:00:00,28.612274,21.817322,1004.2481,-2.6199856,-1.4673128,0.60464114,66.72799,0.0
2024-01-11 18:00:00,24.649689,21.785187,1007.0656,-1.8651075,-2.8147554,0.87920344,84.10643,0.0
2024-01-12 00:00:00,24.355865,21.927887,1005.4581,-0.72999763,-3.1439686,0.9962886,86.34732,0.008487033
2024-01-12 06:00:00,29.433502,22.14972,1007.5037,-4.3528023,-2.7830572,0.88633007,64.93391,0.08096464
2024-01-12 12:00:00,28.844757,22.075592,1004.3594,-2.2336493,-1.9741249,0.82768744,66.87975,0.0
2024-01-12 18:00:00,24.306793,22.247375,1007.54126,-1.1307049,-2.0380774,0.18921804,88.30421,0.0
2024-01-13 00:00:00,24.09964,22.436798,1005.975,0.71600056,-1.9527578,1.0000027,90.44422,0.0048633665
2024-01-13 06:00:00,29.24466,22.90689,1008.3625,-2.1971006,-3.7068243,0.74977964,68.73523,0.027375296
2024-01-13 12:00:00,29.125275,22.880035,1005.35,-2.0047626,-1.1939926,0.67864275,69.0987,0.0
2024-01-13 18:00:00,24.161102,22.792694,1008.135,-1.3719168,-1.2584267,0.7789713,92.07902,0.0
2024-01-14 00:00:00,24.18515,22.700989,1006.0494,-0.1113739,-1.9877081,0.051105604,91.43642,0.0
2024-01-14 06:00:00,29.384247,22.39325,1007.2344,-1.9428883,-3.1784458,0.35776728,66.091,0.00019185245
2024-01-14 12:00:00,29.058136,21.72409,1003.9375,-2.6221695,-1.340785,0.34513474,64.656624,0.0
2024-01-14 18:00:00,23.25644,21.8125,1006.93,-1.4410667,-0.9383278,0.007126356,91.60383,0.0
2024-01-15 00:00:00,23.078156,21.500305,1005.8656,0.394269,-1.9787865,0.24069536,90.8457,0.0
2024-01-15 06:00:00,29.558075,21.834076,1007.4556,-1.5663834,-3.1328392,0.4803409,63.239986,0.021461397
2024-01-15 12:00:00,28.699005,22.167023,1003.32,-1.8892813,-0.75803185,0.38175207,67.82407,0.0
2024-01-15 18:00:00,22.538849,20.822906,1005.9525,-1.8072052,-0.4538536,0.07608894,90.04228,0.0
2024-01-16 00:00:00,21.556915,20.028595,1004.9231,-0.23251534,-1.6115332,0.3079148,91.02356,0.0
2024-01-16 06:00:00,28.668427,20.736847,1006.52936,-1.6430635,-1.9774828,0.39675286,62.247444,0.0
2024-01-16 12:00:00,28.884552,21.335358,1002.365,-1.6362591,-0.3633566,0.084178925,63.774334,0.0
2024-01-16 18:00:00,21.286896,18.931824,1005.15314,-1.6659956,-0.016422272,0.1772438,86.44299,0.0
2024-01-17 00:00:00,20.63797,19.106415,1004.4281,0.6199751,-1.6935244,0.0661202,90.94528,0.0
2024-01-17 06:00:00,29.014069,20.027252,1005.53186,-1.3882504,-0.9173298,0.07079877,58.398117,0.0
2024-01-17 12:00:00,29.697662,21.194,1002.5606,-1.6479836,-0.1231699,0.0,60.323345,0.0
2024-01-17 18:00:00,22.88797,21.651154,1005.0206,-1.6475039,-0.5199833,0.0,92.749504,0.0
2024-01-18 00:00:00,23.47232,22.021027,1004.4487,0.39693546,-1.5826178,0.3096382,91.575775,0.0
2024-01-18 06:00:00,28.809906,23.168427,1006.29565,-1.7761345,-1.6632376,0.4993273,71.61075,0.19987956
2024-01-18 12:00:00,28.64621,23.471893,1003.1406,-1.7103682,-0.4152403,0.49430645,73.63067,0.0
2024-01-18 18:00:00,25.572357,23.481659,1005.5425,-2.111867,-0.8625355,0.43907273,88.2413,0.0
2024-01-19 00:00:00,24.663483,22.858307,1004.2356,-0.22207165,-1.2123566,0.641534,89.70608,0.0
2024-01-19 06:00:00,30.003021,23.712494,1006.7562,-2.1443062,-1.63797,0.6108084,69.07623,0.053013623
2024-01-19 12:00:00,27.223724,23.158936,1003.3862,-2.563074,-0.6901674,0.7728869,78.50408,0.01773709
2024-01-19 18:00:00,25.96634,23.685272,1005.5519,-2.2129622,-1.0315018,1.0000024,87.2684,0.0
2024-01-20 00:00:00,25.116913,23.273926,1005.2394,-1.2853508,-2.1814451,0.9999991,89.53445,0.11062375
2024-01-20 06:00:00,28.328339,23.122467,1007.9875,-1.3770437,-2.7402725,0.9781676,73.43709,0.0
2024-01-20 12:00:00,28.23465,23.317963,1004.33,-0.9940958,-1.6733532,0.8769451,74.71591,0.0
2024-01-20 18:00:00,26.157013,23.711823,1006.9531,-1.733922,-1.5020943,0.3853017,86.427704,0.0
2024-01-21 00:00:00,25.800873,23.522919,1005.6769,-0.8233614,-2.167244,0.9928893,87.27009,0.018507242
2024-01-21 06:00:00,29.954132,24.218903,1007.555,-2.189105,-2.4044256,0.35584748,71.410706,0.12633258
2024-01-21 12:00:00,29.756805,22.887726,1003.96686,-2.495345,-1.2016106,0.18512288,66.6574,0.0
2024-01-21 18:00:00,24.283844,23.144012,1007.32623,-1.6794138,-1.0051718,0.23964782,93.368484,0.0
2024-01-22 00:00:00,24.24405,22.245148,1006.6269,-0.27896976,-1.7956114,0.49680144,88.62494,0.0019073486
2024-01-22 06:00:00,29.800812,21.956085,1008.955,-1.765131,-2.0914335,0.22862136,62.828106,0.0
2024-01-22 12:00:00,29.6846,21.33078,1005.21686,-1.649251,-1.8027267,0.0,60.877193,0.0
2024-01-22 18:00:00,22.949005,21.389862,1007.95374,-1.6386185,-0.9598408,0.006713867,90.94135,0.0
2024-01-23 00:00:00,23.095367,21.423065,1007.1875,-0.19290638,-1.8091125,0.44954753,90.323,1.7462298e-07
2024-01-23 06:00:00,29.23587,22.266205,1008.51874,-2.826624,-1.230506,0.3865772,66.14658,0.0077232835
2024-01-23 12:00:00,29.374298,21.667145,1004.84564,-2.5502825,-0.92365265,0.1581853,63.26544,0.0
2024-01-23 18:00:00,23.502594,20.90686,1007.22437,-1.8664818,0.2420063,0.0028762817,85.381035,0.0
2024-01-24 00:00:00,22.282135,20.754944,1006.66064,1.1069345,-0.4926781,0.29187518,91.07678,0.0
2024-01-24 06:00:00,29.81717,21.422028,1008.38,-1.8587008,0.03375858,0.35598046,60.753113,0.0
2024-01-24 12:00:00,29.679413,21.594757,1004.1219,-2.3471107,-0.024819732,0.36640906,61.887627,0.0
2024-01-24 18:00:00,23.140778,20.470734,1007.08435,-2.3323936,0.7036886,0.72365206,84.95395,0.0
2024-01-25 00:00:00,21.84378,20.29013,1006.4944,1.4283943,-0.9846659,0.16472688,90.89981,0.0
2024-01-25 06:00:00,29.90384,21.861603,1008.98065,-2.410739,0.10434091,0.35304028,62.097813,0.018497929
2024-01-25 12:00:00,29.79361,21.993805,1005.8806,-2.436531,-0.97780323,0.41967773,62.99892,0.0
2024-01-25 18:00:00,23.28592,20.834747,1008.90375,-2.0425558,-0.28065014,0.01980289,86.12189,0.0
2024-01-26 00:00:00,23.096222,20.993805,1007.77686,-0.34316826,-2.3775358,0.12102727,87.97101,0.0
2024-01-26 06:00:00,29.732513,20.633514,1010.2944,-2.7044973,-2.757433,0.34571224,58.163177,0.0018116552
2024-01-26 12:00:00,29.306671,20.99582,1007.1188,-2.4769154,-2.3083525,0.46982408,60.95277,0.0
2024-01-26 18:00:00,23.472565,21.866943,1009.8825,-2.0979443,-1.5130138,0.02238898,90.717705,0.0
2024-01-27 00:00:00,23.372223,21.583527,1008.9906,0.11419964,-2.1141434,0.10469055,89.7015,0.0013355166
2024-01-27 06:00:00,29.23465,21.679474,1010.265,-2.9085817,-2.9277477,0.32820618,63.82582,0.0030510128
2024-01-27 12:00:00,29.524445,20.777832,1006.3638,-2.0837803,-1.9725361,0.38581258,59.3901,0.0
2024-01-27 18:00:00,23.894806,22.065155,1009.6406,-2.0520496,-1.4910469,0.2704916,89.51606,0.0
2024-01-28 00:00:00,23.873688,22.157562,1007.84625,-0.34479713,-2.539689,0.9224232,90.135864,0.0
2024-01-28 06:00:00,29.938263,22.063873,1009.84125,-3.2630653,-2.5465317,0.2892419,62.744427,0.0040051527
2024-01-28 12:00:00,29.661102,21.23764,1005.9469,-2.3467274,-1.6927643,0.46306068,60.61255,0.0
2024-01-28 18:00:00,24.41867,21.629608,1009.2319,-2.471696,-1.7889843,0.19524616,84.47001,0.0
2024-01-29 00:00:00,24.073639,21.951172,1007.27185,-0.6901808,-3.0777092,0.992155,87.94614,0.0
2024-01-29 06:00:00,29.00058,21.611542,1009.34125,-2.3988752,-3.4602356,0.39113212,64.427505,0.0
2024-01-29 12:00:00,29.103302,21.102081,1005.6925,-2.5767956,-1.5051088,0.3048668,62.077244,0.0
2024-01-29 18:00:00,23.846344,20.360687,1008.8044,-2.4738598,-2.1073112,0.9765606,80.86437,0.0
2024-01-30 00:00:00,23.605255,20.074005,1007.22565,-0.53270435,-3.3821487,0.9906867,80.605415,0.0
2024-01-30 06:00:00,29.603912,21.123016,1008.15186,-1.3352604,-2.9726057,0.47474813,60.38637,0.0
2024-01-30 12:00:00,30.594025,22.282684,1004.4125,-2.4306803,-1.2833614,0.52300966,61.239326,0.0
2024-01-30 18:00:00,24.579498,22.16803,1007.89,-2.3499365,-1.2110853,0.78581285,86.45549,0.0
2024-01-31 00:00:00,24.430511,21.973114,1006.53937,-0.12063408,-2.5031595,0.91287357,86.19963,0.0007627532
2024-01-31 06:00:00,30.221588,22.304474,1008.26373,-1.2427158,-2.050933,0.67579085,62.642944,0.00019092113
2024-01-31 12:00:00,30.412018,22.272614,1004.5631,-2.4380465,-0.91745186,0.4260946,61.84281,0.0
2024-01-31 18:00:00,25.17044,24.24353,1007.52,-1.4796953,-0.36990643,0.87245893,94.61205,0.0
2024-02-01 00:00:00,25.708588,23.98108,1006.53125,-0.1280098,-1.603735,0.9846223,90.20205,0.0028602425
2024-02-01 06:00:00,30.4805,23.341583,1008.65063,-1.581399,-1.3699961,0.9995524,65.72401,0.029090969
2024-02-01 12:00:00,30.58078,23.890411,1004.9475,-2.6618748,0.09574509,0.92783225,67.54457,0.0
2024-02-01 18:00:00,25.916779,24.842865,1007.2925,-1.308239,-0.023818612,0.9134657,93.81473,0.0
2024-02-02 00:00:00,25.720673,24.51056,1006.65125,0.17066574,-1.194376,0.9999998,93.044945,0.18196996
2024-02-02 06:00:00,30.799835,25.399994,1008.15936,-2.5519257,0.17029953,0.9035168,73.00358,0.0
2024-02-02 12:00:00,30.403473,23.789154,1004.14185,-2.046877,-0.30235958,0.76152414,67.819435,0.0
2024-02-02 18:00:00,25.835724,24.256042,1007.0325,-1.9431133,0.08031845,0.8832332,91.01439,0.0
2024-02-03 00:00:00,24.963593,23.509033,1006.4975,-0.43218613,-1.4607506,0.584684,91.64749,0.0007628114
2024-02-03 06:00:00,31.052765,22.630524,1008.0637,-2.6904182,-1.4564838,0.29903424,60.93009,0.0
2024-02-03 12:00:00,30.606598,22.944855,1004.985,-3.7189474,-1.37043,0.087632656,63.70498,0.0
2024-02-03 18:00:00,25.107086,23.04184,1008.85,-1.9560184,-1.05797,0.078274906,88.33878,0.0
2024-02-04 00:00:00,24.057037,22.275818,1007.9869,0.09076214,-1.9067488,0.54901564,89.792465,0.0003813766
2024-02-04 06:00:00,30.213654,22.35727,1010.2631,-1.80124,-3.1098213,0.1870457,62.87306,0.0
2024-02-04 12:00:00,30.70987,20.788849,1006.64374,-3.045041,-2.0815134,0.65090364,55.520416,0.0
2024-02-04 18:00:00,24.078156,22.570251,1009.4313,-1.7623434,-1.6578417,0.7032786,91.29814,0.0
2024-02-05 00:00:00,24.12912,22.463837,1007.84186,-0.19785976,-2.1687126,0.34101033,90.43282,0.0030524097
2024-02-05 06:00:00,30.165802,21.701752,1010.6144,-2.48878,-2.7830496,0.2772262,60.576023,0.0
2024-02-05 12:00:00,30.288605,20.478668,1006.96375,-2.6418505,-1.1739101,0.00793457,55.79903,0.0
2024-02-05 18:00:00,23.87033,21.273285,1010.1,-1.8102751,-1.2510891,0.0,85.411514,0.0
2024-02-06 00:00:00,23.16214,21.62674,1007.575,-0.10579014,-1.9617424,0.7001698,91.08739,0.0
2024-02-06 06:00:00,30.082306,21.490936,1009.9581,-3.2863998,-2.2752504,0.599689,60.08724,0.0
2024-02-06 12:00:00,30.446075,21.788239,1005.6075,-3.2708979,-1.5557432,0.21038975,59.92627,0.0
2024-02-06 18:00:00,23.602936,22.174774,1008.88873,-1.6697111,-1.3856382,0.0,91.71282,0.0
2024-02-07 00:00:00,22.90213,22.004486,1007.2675,-0.4929409,-1.5484514,0.5681317,94.690994,0.0017168932
2024-02-07 06:00:00,29.618195,21.58963,1009.71564,-1.6383953,-1.8356686,0.2798643,62.086784,0.0
2024-02-07 12:00:00,30.964752,20.985443,1005.8156,-2.6677446,-1.1415615,0.0,55.38365,0.0
2024-02-07 18:00:00,23.49112,21.631042,1008.66876,-1.6644316,-0.08187103,0.0008430481,89.3196,0.0
2024-02-08 00:00:00,22.567902,21.494293,1005.8781,0.7196598,-1.4811335,0.42807007,93.66428,0.0
2024-02-08 06:00:00,30.173859,22.506622,1008.3775,-1.9262838,-1.292697,0.6187906,63.59144,0.0
2024-02-08 12:00:00,31.417145,22.05478,1004.1406,-2.7397003,-0.7127428,0.38774467,57.625233,0.0
2024-02-08 18:00:00,23.489166,22.175842,1008.1125,-1.6637211,0.037409782,0.0007247925,92.34991,0.0
2024-02-09 00:00:00,23.809357,22.783295,1006.6069,-0.010735512,-1.4865379,0.9964077,93.9919,0.0
2024-02-09 06:00:00,30.295929,22.162567,1008.9437,-2.8540363,-1.7361069,0.36073762,61.83994,0.0
2024-02-09 12:00:00,30.799103,21.469025,1005.10876,-3.3527727,-1.0805807,0.015983582,57.593094,0.0
2024-02-09 18:00:00,25.019806,22.667511,1009.41437,-1.8373098,-1.1009827,0.14089659,86.80817,0.0
2024-02-10 00:00:00,24.686676,22.713562,1008.6806,-0.07435894,-1.7882109,0.18075645,88.799255,0.0
2024-02-10 06:00:00,30.259918,22.77707,1009.9506,-3.761053,-1.9959459,0.38535017,64.325356,0.09516813
2024-02-10 12:00:00,30.579376,21.921478,1006.21,-3.6305246,-1.5116272,0.09503519,59.956432,0.0
2024-02-10 18:00:00,25.019745,23.468689,1009.60126,-2.0336342,-0.4938488,0.027622368,91.11921,0.0
2024-02-11 00:00:00,25.065765,23.050049,1007.88,-0.50346375,-1.8585091,0.78156424,88.60054,0.0151619315
2024-02-11 06:00:00,30.65799,21.894928,1010.755,-3.7698765,-2.781186,0.7573827,59.59081,0.0
2024-02-11 12:00:00,29.721893,21.531952,1007.22314,-3.820592,-2.2014332,0.19056731,61.49965,0.0
2024-02-11 18:00:00,23.817413,21.537323,1009.5975,-1.7550411,-1.7022638,0.06571822,87.08084,0.0
2024-02-12 00:00:00,23.740997,21.391968,1008.1756,-0.08276749,-2.6483603,0.9205114,86.707054,0.0019071158
2024-02-12 06:00:00,29.43863,20.911469,1010.26874,-3.6327953,-3.1816263,0.9234126,60.177444,0.011157355
2024-02-12 12:00:00,30.55484,21.548615,1006.32623,-3.537858,-1.5350542,0.45045614,58.68825,0.0
2024-02-12 18:00:00,25.0159,21.606415,1009.61,-1.5014648,-1.825614,0.2652849,81.39345,0.0
2024-02-13 00:00:00,24.158478,21.389313,1006.8713,0.4886999,-2.345437,0.77504116,84.54509,0.0
2024-02-13 06:00:00,30.979279,22.770355,1008.7275,-2.8786201,-3.8397741,0.37253094,61.7072,0.013735145
2024-02-13 12:00:00,31.001862,23.421234,1005.40686,-3.2659674,-1.6714563,0.6003931,64.10205,0.0
2024-02-13 18:00:00,26.312408,23.808289,1008.22186,-1.4080992,-2.163556,0.37484378,86.136505,0.06083993
2024-02-14 00:00:00,24.715302,22.937408,1006.83374,-1.1696653,-2.9736652,0.97066617,89.8582,0.0
2024-02-14 06:00:00,31.3461,22.711853,1008.16626,-3.7328386,-3.2716665,0.24394381,60.21698,0.0020974306
2024-02-14 12:00:00,30.984283,20.47293,1004.6238,-3.7068357,-2.110403,0.16949672,53.603565,0.0
2024-02-14 18:00:00,24.636139,22.571747,1007.7444,-1.6818466,-1.6278696,0.05431649,88.304634,0.0
2024-02-15 00:00:00,24.814606,22.765717,1006.48126,-0.64708805,-2.201725,0.89925414,88.40238,0.0032421926
2024-02-15 06:00:00,30.37613,22.314178,1008.16876,-3.3382711,-3.2045116,0.3814181,62.127037,0.0061033964
2024-02-15 12:00:00,30.724274,21.642609,1004.96625,-4.024782,-2.0715685,0.57189924,58.45744,0.0
2024-02-15 18:00:00,25.286285,22.452179,1007.795,-1.8335495,-1.6755581,0.15276808,84.331474,0.0
2024-02-16 00:00:00,25.074615,22.368683,1006.6319,-1.024396,-2.7571888,0.46000457,84.96867,0.027079135
2024-02-16 06:00:00,31.460114,22.466705,1008.90063,-3.664939,-2.0068378,0.6610141,58.943962,0.0
2024-02-16 12:00:00,31.543121,21.771759,1005.1831,-3.2229862,-1.6740055,0.1731929,56.23449,0.0
2024-02-16 18:00:00,25.73758,22.93393,1007.9944,-1.5671606,-1.9484787,0.005823631,84.53574,0.0
2024-02-17 00:00:00,24.933746,22.617584,1005.92,-0.5129223,-2.9603968,0.55314976,86.99083,0.0
2024-02-17 06:00:00,31.336823,21.772736,1007.15936,-2.975133,-2.9410915,0.9010734,56.90138,0.0
2024-02-17 12:00:00,31.67044,21.559723,1003.53375,-3.670846,-1.039299,0.24525565,55.110348,0.0
2024-02-17 18:00:00,25.020416,22.704132,1006.9875,-1.7284861,-1.5739899,0.005274817,86.99806,0.0
2024-02-18 00:00:00,24.138092,22.568878,1004.79376,-0.11463356,-1.8471651,0.8278203,90.96267,0.0
2024-02-18 06:00:00,31.354645,22.782501,1007.04065,-2.2097502,-1.5207634,0.65487456,60.446102,0.0
2024-02-18 12:00:00,32.04825,21.869171,1002.95123,-3.7439413,-0.47904396,0.7788897,54.97247,0.0
2024-02-18 18:00:00,25.289948,23.005676,1006.4581,-2.1415348,-0.6743431,0.023014423,87.1913,0.0
2024-02-19 00:00:00,25.21933,22.69571,1005.2456,0.079693794,-1.6352034,0.98407173,85.929375,0.00085815554
2024-02-19 06:00:00,31.311798,22.259186,1007.6381,-2.6146088,-0.10294068,0.2085343,58.69788,0.0
2024-02-19 12:00:00,31.8284,22.305084,1003.29626,-3.5060482,-0.29428577,0.10436799,57.15985,0.0
2024-02-19 18:00:00,25.49582,22.888702,1007.0062,-2.4322758,-0.30470562,0.052369922,85.52284,0.0
2024-02-20 00:00:00,24.968842,23.05545,1005.40564,0.4775324,-1.2989244,0.8934644,89.14308,0.001525972
2024-02-20 06:00:00,31.278229,22.793427,1007.15564,-2.8821363,0.074726105,0.40521103,60.749744,0.0
2024-02-20 12:00:00,31.992706,21.511566,1003.0525,-3.3077936,0.750393,0.29649383,53.95333,0.0
2024-02-20 18:00:00,25.433441,22.780243,1006.1869,-2.3955612,0.82506645,0.033078518,85.278076,0.0
2024-02-21 00:00:00,24.082855,22.664886,1004.6125,0.842453,-0.79700387,0.75847423,91.79814,0.0
2024-02-21 06:00:00,31.088654,22.248077,1006.3094,-0.52830887,0.58705056,0.17689466,59.40848,0.0
2024-02-21 12:00:00,33.15921,21.248322,1001.2925,-1.6985779,1.1458197,0.111846924,49.710342,0.0
2024-02-21 18:00:00,26.343445,22.509674,1004.655,-1.5942097,1.6368386,0.029491175,79.48746,0.0
2024-02-22 00:00:00,25.158844,23.108948,1004.09314,0.71620846,-0.045330286,0.8816838,88.42508,0.0
2024-02-22 06:00:00,32.51602,23.747467,1006.01935,0.17991447,2.1332674,0.38043052,59.99387,0.020599924
2024-02-22 12:00:00,33.29593,23.078644,1001.9275,-2.6614256,2.5164995,0.86084896,55.147736,0.0
2024-02-22 18:00:00,27.51413,23.68924,1005.475,-0.72632504,2.682253,0.057365622,79.68896,0.0
2024-02-23 00:00:00,26.119781,24.5607,1004.3075,0.37598324,1.8554659,0.5351923,91.14476,0.0
2024-02-23 06:00:00,32.983063,23.945282,1005.0519,0.27618504,1.9496832,0.19581139,59.135746,0.0025765812
2024-02-23 12:00:00,33.594147,23.810455,1001.03687,-2.5792618,2.4510574,0.39229286,56.681515,0.0
2024-02-23 18:00:00,27.840576,25.892914,1004.3425,-1.958498,1.8702354,0.62698656,89.17897,0.0
2024-02-24 00:00:00,26.70462,25.268188,1003.3306,0.12015438,1.2295164,0.89569944,91.84969,0.5182773
2024-02-24 06:00:00,32.402863,25.139374,1005.71185,-2.073904,1.0337343,0.34474677,65.625435,0.0
2024-02-24 12:00:00,32.53543,22.758026,1001.98315,-2.9607477,1.6794567,0.16845703,56.45128,0.0
2024-02-24 18:00:00,26.607452,23.55075,1005.1256,-3.0211668,0.6411702,0.060188293,83.348,0.0
2024-02-25 00:00:00,24.533112,22.411469,1003.155,0.46338272,-1.2413712,0.31128967,87.98945,0.0
2024-02-25 06:00:00,31.181427,22.295319,1005.1206,-2.4945374,-0.98074627,0.23300242,59.26539,0.0
2024-02-25 12:00:00,31.51358,22.571442,1001.1425,-4.20308,-1.2633915,0.22670293,59.140144,0.0
2024-02-25 18:00:00,25.975006,23.04712,1004.89435,-1.7683468,-1.7015934,0.2167601,83.928024,0.0
2024-02-26 00:00:00,25.018524,23.403992,1003.6831,-1.1355896,-1.0964041,0.4853124,90.7709,0.087542534
2024-02-26 06:00:00,30.847198,23.56308,1005.8081,-4.224636,-1.7008667,0.72367436,65.22587,0.09183331
2024-02-26 12:00:00,31.582184,22.554657,1002.3088,-4.125455,-2.167347,0.2764448,58.850086,0.0
2024-02-26 18:00:00,26.60147,23.835602,1005.97815,-3.2264862,-2.4094028,0.18736571,84.819664,0.0
2024-02-27 00:00:00,25.965546,23.155548,1004.3225,-0.8814106,-2.992859,0.72509146,84.52749,0.0007636845
2024-02-27 06:00:00,31.92984,22.983704,1006.4244,-4.6319237,-2.872737,0.93605274,59.221466,0.0024782494
2024-02-27 12:00:00,31.538239,21.885895,1003.09625,-3.479724,-2.1836185,0.60126734,56.643467,0.0
2024-02-27 18:00:00,25.696991,23.181488,1006.06,-1.798007,-1.8823471,0.24282557,86.018105,0.0
2024-02-28 00:00:00,25.04306,22.894562,1004.3225,0.51054764,-2.4623833,0.34828967,87.88935,0.0
2024-02-28 06:00:00,31.570099,22.727936,1005.7944,-3.5943499,-3.1903448,0.34759033,59.51303,0.0038156286
2024-02-28 12:00:00,31.882355,21.711823,1002.1219,-3.9738874,-1.511899,0.07341766,54.960716,0.0
2024-02-28 18:00:00,25.376312,22.956512,1005.28064,-1.5571766,-1.3673925,0.12644958,86.48682,0.0
2024-02-29 00:00:00,24.75418,23.31546,1003.3694,0.06581974,-2.114375,0.85869974,91.72258,0.0
2024-02-29 06:00:00,31.799347,22.571198,1006.4913,-3.3005867,-1.6471558,0.4886291,58.18764,0.002766028
2024-02-29 12:00:00,32.401276,21.135712,1002.8256,-3.6387396,-0.6156874,0.42206773,51.520527,0.0
2024-02-29 18:00:00,25.543121,23.128082,1006.89374,-1.8117552,-0.8542843,0.85760576,86.52739,0.0
2024-03-01 00:00:00,25.108551,23.666595,1004.9331,0.5867548,-1.9238176,0.99999994,91.72574,0.0
2024-03-01 06:00:00,31.97342,21.837555,1007.2125,-4.054137,-2.0986004,0.97859234,55.099445,0.0007628987
2024-03-01 12:00:00,32.40164,20.422028,1003.6206,-3.4782972,-0.7119322,0.9890085,49.305504,0.0
2024-03-01 18:00:00,25.571869,22.971954,1007.165,-1.3941412,-0.4781494,0.9980214,85.56773,0.0
2024-03-02 00:00:00,25.426117,23.924469,1005.12,0.06686306,-1.0191069,0.9932004,91.41601,0.0
2024-03-02 06:00:00,31.892853,21.957062,1007.2075,-0.5637474,-0.16878605,0.910383,55.75667,0.0
2024-03-02 12:00:00,33.556183,21.219513,1002.4,-1.8805685,0.56973076,0.7161919,48.530247,0.0
2024-03-02 18:00:00,25.842133,23.285797,1005.85376,-2.1971865,0.20400679,0.0,85.82028,0.0
2024-03-03 00:00:00,24.93747,24.064148,1004.2056,-0.24473286,-1.4024706,0.94733024,94.90786,0.0003813766
2024-03-03 06:00:00,31.596954,22.672241,1006.5519,-2.1442003,-0.3744945,0.2919559,59.221928,0.0
2024-03-03 12:00:00,33.40152,20.794342,1001.76,-2.7227583,-0.056396723,0.0,47.690376,0.0
2024-03-03 18:00:00,25.072845,23.138702,1005.3725,-1.4775972,0.4065048,0.0,89.03927,0.0
2024-03-04 00:00:00,23.873749,22.54834,1004.36127,0.3717518,-0.8086338,0.9734287,92.303375,0.0
2024-03-04 06:00:00,31.167633,21.278961,1005.97565,-1.2744799,-0.49238783,0.10559447,55.742027,0.0
2024-03-04 12:00:00,32.894684,21.80246,1002.0712,-2.7137852,0.21739197,0.0,52.195347,0.0
2024-03-04 18:00:00,25.377289,21.971558,1005.9725,-2.3620558,0.32988912,0.0,81.45752,0.0
2024-03-05 00:00:00,23.544464,21.709686,1004.475,1.0550194,-0.77533054,0.80607295,89.46186,0.0
2024-03-05 06:00:00,31.117584,21.160492,1005.8081,-1.4737186,-0.32437432,0.35020044,55.49645,0.0
2024-03-05 12:00:00,32.756256,21.617645,1001.94,-2.7619314,0.973161,0.9999985,52.012825,0.0
2024-03-05 18:00:00,25.332672,22.20755,1005.8094,-1.8535938,0.26355284,0.83662015,82.85695,0.0
2024-03-06 00:00:00,24.237701,22.486298,1004.1244,0.6798153,-0.73360825,0.998563,89.9684,0.0
2024-03-06 06:00:00,31.085358,21.714264,1006.16376,-0.6776123,-0.047545552,0.98753047,57.5163,0.0
2024-03-06 12:00:00,33.239044,21.015167,1002.0569,-2.449871,0.7969288,0.38091737,48.784863,0.0
2024-03-06 18:00:00,25.503632,22.56491,1005.2019,-1.8922958,0.57951045,0.98397106,83.82091,0.0
2024-03-07 00:00:00,23.944061,22.33899,1003.77435,0.8979025,-0.24446845,0.9935794,90.75201,0.0
2024-03-07 06:00:00,31.965973,21.122467,1005.3831,-0.69339466,0.32496825,0.9599513,52.76161,0.0
2024-03-07 12:00:00,33.638702,21.33194,1001.02435,-2.8385363,1.0151931,0.024291992,48.640747,0.0
2024-03-07 18:00:00,24.753937,22.270844,1005.0156,-1.5277605,0.46275997,0.37471962,86.09596,0.0
2024-03-08 00:00:00,23.051544,21.867218,1003.64624,1.3269567,-0.21312183,0.3462004,93.05586,0.0
2024-03-08 06:00:00,32.368927,22.83194,1005.5687,-0.63168335,2.0553722,0.34062764,57.240158,0.0
2024-03-08 12:00:00,34.097076,21.696686,1001.285,-1.2690048,2.0797734,0.11065674,48.48132,0.0
2024-03-08 18:00:00,26.366486,23.208893,1005.10126,-2.1357002,2.1967592,0.037086487,82.81445,0.0
2024-03-09 00:00:00,25.461823,24.045197,1003.26685,0.5284767,-0.3721832,0.99999267,91.88629,0.0
2024-03-09 06:00:00,32.56485,24.086243,1005.2656,-0.5401335,0.8290887,0.24406075,61.059643,0.0
2024-03-09 12:00:00,34.68753,21.82962,1001.29315,-1.8626528,1.1357487,0.21143794,47.2966,0.0
2024-03-09 18:00:00,27.364105,23.605011,1005.6163,-2.9446716,0.9931031,0.15298563,79.98525,0.0
2024-03-10 00:00:00,26.839539,24.30835,1005.29126,0.5942068,0.59189165,0.76670223,86.04722,0.006198883
2024-03-10 06:00:00,33.192535,22.624237,1007.06,-1.3212681,1.3338499,0.1472286,53.96229,0.0
2024-03-10 12:00:00,34.566925,20.09842,1003.2081,-2.757471,0.10929394,0.01681137,42.808647,0.0
2024-03-10 18:00:00,26.304352,23.408356,1007.8525,-2.6311111,-0.35922718,0.024277912,84.1259,0.0
2024-03-11 00:00:00,25.910187,23.782806,1006.6319,-0.5768728,-0.9481077,0.7527281,88.07456,0.0
2024-03-11 06:00:00,32.757355,22.992462,1008.5419,-2.2596893,-0.22088915,0.20762426,56.546993,0.0
2024-03-11 12:00:00,33.41446,21.267242,1004.3775,-3.702837,0.9992808,0.03899658,49.060486,0.0
2024-03-11 18:00:00,26.454529,23.218658,1008.4494,-2.1982393,0.71426564,0.23040771,82.434006,0.0
2024-03-12 00:00:00,25.543488,23.576324,1006.6937,0.5672817,-0.47615874,0.9254161,88.89857,0.0
2024-03-12 06:00:00,32.564606,22.621185,1007.8681,-1.3331757,0.6442131,0.0728465,55.892555,0.0
2024-03-12 12:00:00,33.815704,20.920502,1003.6906,-3.78259,0.88300604,0.010398865,46.960552,0.0
2024-03-12 18:00:00,25.696808,23.157013,1006.83624,-1.5223837,0.8352247,0.05184555,85.89186,0.0
2024-03-13 00:00:00,24.853851,24.082184,1005.0094,0.47657776,0.63829094,0.99497473,95.48589,0.0
2024-03-13 06:00:00,32.464996,22.145416,1006.79126,-0.33592987,1.7559376,0.19453365,54.604828,0.0
2024-03-13 12:00:00,34.249054,20.726837,1002.22064,-1.6870089,1.9438486,0.18635058,45.295723,0.0
2024-03-13 18:00:00,26.540619,21.760406,1006.03937,-2.2220879,1.7894218,0.3403515,75.06284,0.0
2024-03-14 00:00:00,24.601532,22.829681,1005.08813,1.4370394,0.7032329,0.4119608,89.88291,0.0
2024-03-14 06:00:00,33.243195,21.342682,1006.0513,0.0013552308,0.8909694,0.0007214546,49.76357,0.0
2024-03-14 12:00:00,35.163727,20.365875,1001.42065,-1.4077806,0.6209649,0.3852234,42.10507,0.0
2024-03-14 18:00:00,26.767914,20.856476,1004.78687,-1.2325354,1.2716287,0.03035736,70.07242,0.0
2024-03-15 00:00:00,25.642303,21.924347,1003.72687,0.51932526,-0.484263,0.63440865,79.954735,0.0
2024-03-15 06:00:00,32.947296,23.051086,1005.1813,-0.45504284,0.6000669,0.22152683,56.14459,0.0
2024-03-15 12:00:00,34.580353,23.787384,1001.08563,-2.4289455,2.426159,0.009607315,53.573437,0.0
2024-03-15 18:00:00,26.996918,24.057709,1005.33875,-1.5473719,1.2036741,0.079696074,83.98267,0.0
2024-03-16 00:00:00,26.916046,24.924835,1003.90436,-0.21388721,2.3633647,0.92215914,88.87753,0.013158657
2024-03-16 06:00:00,32.993805,24.195068,1005.5662,-0.7562027,1.3561077,0.18611251,59.993042,0.0
2024-03-16 12:00:00,34.612213,22.733551,1001.45,-2.7552614,1.688715,0.13184357,50.18052,0.0
2024-03-16 18:00:00,27.14096,24.749695,1004.9906,-2.2923546,0.31024927,0.008201948,86.799034,0.0
2024-03-17 00:00:00,26.392303,23.714264,1004.3075,-1.1735497,0.4630878,0.5428736,85.24753,0.006293296
2024-03-17 06:00:00,32.61685,23.044647,1006.2388,-1.9665909,0.65457124,0.22710675,57.176693,0.0
2024-03-17 12:00:00,33.74466,21.251617,1002.2644,-2.5969706,1.0006175,0.003955841,48.115795,0.0
2024-03-17 18:00:00,25.118256,22.914978,1005.9581,-1.9975815,-0.17757612,0.0,87.60471,0.0
2024-03-18 00:00:00,24.342255,22.595306,1004.03186,-0.8590164,-0.73747444,0.67634225,90.000206,0.0
2024-03-18 06:00:00,32.431183,21.872345,1006.3063,-1.6900997,0.15062058,0.18617135,53.80574,0.0
2024-03-18 12:00:00,34.138824,20.767242,1001.4075,-2.9425507,0.983943,0.010430336,45.68836,0.0
2024-03-18 18:00:00,25.744476,22.92508,1005.0694,-1.815443,0.7688207,0.0,84.455894,0.0
2024-03-19 00:00:00,24.09256,23.018097,1003.46686,-0.14890194,-0.92805195,0.99999845,93.729416,0.0
2024-03-19 06:00:00,32.592316,22.427399,1005.03687,-1.5988464,0.36128235,0.1839546,55.152298,0.0
2024-03-19 12:00:00,33.970856,21.037994,1001.58124,-3.5818443,0.7897815,0.009506226,46.89272,0.0
2024-03-19 18:00:00,25.675934,22.60727,1005.1262,-1.7736311,0.21801364,0.0,83.1816,0.0
2024-03-20 00:00:00,24.203094,22.866364,1003.5012,-0.07832718,-1.630908,0.0818634,92.25831,0.0
2024-03-20 06:00:00,32.26712,21.329742,1005.04376,-1.5051918,0.18049878,0.038828213,52.53393,0.0
2024-03-20 12:00:00,33.764923,22.429474,1001.2419,-4.268979,0.88456976,0.1653595,51.644814,0.0
2024-03-20 18:00:00,26.643951,24.534088,1004.84564,-2.5642366,-0.32639128,0.001335144,88.22804,0.0
2024-03-21 00:00:00,26.24295,23.406158,1003.6281,-1.3713856,-1.7466192,0.26342857,84.4203,0.0
2024-03-21 06:00:00,31.992828,23.702362,1004.9456,-3.3864737,-0.19987011,0.30717903,61.62694,0.21096212
2024-03-21 12:00:00,31.468292,24.712067,1001.5606,-3.8667097,-0.78604317,0.6258201,67.452126,0.0
2024-03-21 18:00:00,27.67511,25.147308,1004.3031,-2.0959797,-0.81835175,0.13143858,86.14469,0.0
2024-03-22 00:00:00,26.925629,24.289429,1002.10376,-1.181324,-1.6931219,0.43487966,85.51578,0.00638891
2024-03-22 06:00:00,32.705475,23.380829,1003.32,-3.253582,-1.8538628,0.22443736,58.059357,0.040342107
2024-03-22 12:00:00,33.54373,22.250519,999.8044,-3.902052,-0.6347952,0.30664545,51.721893,0.0
2024-03-22 18:00:00,27.290558,24.640015,1003.0625,-1.7500992,0.2771983,0.061379865,85.47872,0.0
2024-03-23 00:00:00,26.901337,24.120178,1001.3425,-0.2859373,-1.45298,0.89192533,84.77304,0.00019067386
2024-03-23 06:00:00,32.75479,22.953094,1003.7369,-1.6062527,-0.8400698,0.20424177,56.420536,0.0
2024-03-23 12:00:00,34.316925,21.695587,999.90375,-4.148465,0.41286826,0.011890411,47.88776,0.0
2024-03-23 18:00:00,26.806915,23.983246,1004.32874,-1.870369,0.13898063,0.2839539,84.547005,0.0
2024-03-24 00:00:00,25.652191,23.724731,1003.2444,-0.49214363,-1.0112,0.9796412,89.11983,0.0
2024-03-24 06:00:00,33.14615,22.289642,1005.7506,-1.6699305,0.18429023,0.69445723,53.014034,0.0
2024-03-24 12:00:00,34.44876,20.542145,1001.66187,-3.409564,-0.34818554,0.5355573,44.288067,0.0
2024-03-24 18:00:00,25.94638,23.22647,1005.70374,-1.8128805,-0.32257175,0.0007209778,84.98694,0.0
2024-03-25 00:00:00,25.105377,23.365143,1003.8769,0.045747757,-0.9861326,0.71978664,90.0908,0.0
2024-03-25 06:00:00,32.2117,22.2753,1005.3875,-1.7836828,-0.5362196,0.09660904,55.831482,0.0
2024-03-25 12:00:00,33.97354,19.763336,1001.89374,-4.232458,-0.735342,0.0,43.338314,0.0
2024-03-25 18:00:00,25.73471,22.891693,1005.555,-1.474968,-0.28915083,0.0,84.334114,0.0
2024-03-26 00:00:00,24.555511,22.353394,1004.54376,-0.5508213,-1.1914082,0.24297494,87.561874,0.0
2024-03-26 06:00:00,32.60379,21.068604,1006.0625,-1.9834461,-0.28288937,0.1351471,50.72581,0.0
2024-03-26 12:00:00,34.131622,18.194855,1002.4412,-3.4919481,0.10600275,0.2967987,38.952915,0.0
2024-03-26 18:00:00,26.242218,22.839691,1007.0662,-1.9289093,0.2948488,0.0,81.58124,0.0
2024-03-27 00:00:00,26.171356,23.18155,1006.1213,0.08136463,-1.890563,0.8397415,83.636055,0.004671712
2024-03-27 06:00:00,32.728912,24.43338,1007.8144,-2.59336,0.28942257,0.8073007,61.76991,0.24059395
2024-03-27 12:00:00,32.9993,24.527374,1004.0275,-3.6254501,1.089464,0.34935296,61.180412,0.0
2024-03-27 18:00:00,28.125305,24.367676,1006.60815,-1.4345427,-0.093104005,0.39231402,80.0932,0.0
2024-03-28 00:00:00,27.04477,24.816101,1005.08685,-0.89474964,-0.90979576,0.39238268,87.63741,0.0
2024-03-28 06:00:00,34.0773,24.115143,1005.45685,-1.275094,0.010470748,0.16240774,56.191093,0.018405728
2024-03-28 12:00:00,35.663116,21.917633,1000.8306,-2.8269682,0.502368,0.15657634,45.05216,0.0
2024-03-28 18:00:00,27.44815,24.523285,1004.8206,-1.9643021,0.9249214,0.017112732,84.10399,0.0
2024-03-29 00:00:00,26.727783,24.776215,1003.1931,-1.0725002,0.18334764,0.8707222,89.0735,0.0
2024-03-29 06:00:00,34.17276,22.924042,1004.86127,-1.0572662,1.0293214,0.11802071,52.01996,0.0
2024-03-29 12:00:00,35.543976,21.288483,1001.2525,-2.956729,1.4625268,0.01707077,43.63734,0.0
2024-03-29 18:00:00,27.078888,23.974762,1004.91315,-1.0711555,1.0159526,0.0,83.16401,0.0
2024-03-30 00:00:00,26.25174,24.573639,1004.3169,-0.05116272,0.67456186,0.6225498,90.50676,0.0
2024-03-30 06:00:00,34.16519,21.34439,1005.5581,-1.1610012,0.9993192,0.68017185,47.267357,0.0
2024-03-30 12:00:00,35.14322,19.41153,1002.1894,-3.1670246,1.5764124,0.93338895,39.732487,0.0
2024-03-30 18:00:00,27.150055,24.393585,1006.02563,-2.2676945,1.2407076,0.5546778,84.924416,0.0
2024-03-31 00:00:00,28.208282,25.400421,1005.725,-0.53695965,-0.25426066,0.48339874,84.77377,0.047492832
2024-03-31 06:00:00,33.785187,24.084625,1006.7275,-1.5688334,0.88613325,0.2942702,57.010616,0.05359535
2024-03-31 12:00:00,34.610504,23.729156,1002.23315,-2.9314365,1.3015248,0.25027466,53.29665,0.0
2024-03-31 18:00:00,28.66507,25.373627,1004.7406,-2.1805668,0.89583683,0.0120334625,82.42129,0.0
2024-04-01 00:00:00,27.99176,25.269958,1003.53,-0.025792122,1.1043499,0.33040494,85.18654,0.025175512
2024-04-01 06:00:00,34.459137,24.626404,1004.2125,-0.6396799,1.2548914,0.21636479,56.719326,0.0037197024
2024-04-01 12:00:00,35.40152,23.896637,999.3206,-3.443615,1.78096,0.15346909,51.52769,0.0
2024-04-01 18:00:00,28.994446,25.092133,1003.02374,-1.1412878,1.4456849,0.0019779205,79.51939,0.0
2024-04-02 00:00:00,27.79132,25.279114,1001.14374,1.1888123,0.52457476,0.3639055,86.235756,0.0012396486
2024-04-02 06:00:00,34.912506,24.023346,1002.1319,-0.9106407,1.0210574,0.09690006,53.34599,0.0
2024-04-02 12:00:00,36.276764,23.306183,997.6138,-2.1002197,1.223187,0.21956831,47.38653,0.0
2024-04-02 18:00:00,28.858398,25.011871,1002.1825,-1.5785265,2.6061802,0.08894988,79.76591,0.0
2024-04-03 00:00:00,28.324432,26.054962,1002.1906,-0.24307632,1.0773227,0.651023,87.535225,0.02185696
2024-04-03 06:00:00,35.167023,24.165192,1003.22565,-0.31478578,2.1479225,0.9341037,53.048927,0.0
2024-04-03 12:00:00,36.225983,22.85611,998.59875,-1.4698429,2.5037975,0.8553772,46.24273,0.0
2024-04-03 18:00:00,29.25296,25.776093,1002.55,-1.2466278,2.8578491,0.9474182,81.589355,0.0
2024-04-04 00:00:00,28.020935,25.728485,1001.9356,0.4088297,0.9758954,0.10323721,87.38982,9.685755e-05
2024-04-04 06:00:00,35.539703,23.786407,1003.47876,-1.7129955,1.5428219,0.5629991,50.798107,0.0027641654
2024-04-04 12:00:00,35.96585,23.786041,999.0925,-2.1892662,0.86800367,0.5990886,49.617878,0.0
2024-04-04 18:00:00,29.160736,25.522003,1002.8056,-1.11942,2.6606188,0.07151085,80.79804,0.0
2024-04-05 00:00:00,28.402985,25.731384,1001.4981,0.8620734,0.4778887,0.79518,85.482254,9.49949e-05
2024-04-05 06:00:00,36.08487,23.282501,1002.725,-0.8504095,0.70480746,0.22663063,47.820362,0.0
2024-04-05 12:00:00,36.641754,23.376251,998.2619,-2.6658688,2.2465944,0.40640825,46.644474,0.0
2024-04-05 18:00:00,28.659943,25.714752,1001.46936,-1.3712025,1.2309647,0.45429993,84.13289,0.0
2024-04-06 00:00:00,28.562683,26.082947,1000.5494,0.7974949,1.4323359,0.9293148,86.4745,0.009920448
2024-04-06 06:00:00,35.604156,21.983063,1002.07874,-0.5725565,1.4216204,0.19127461,45.379684,0.0
2024-04-06 12:00:00,36.711334,22.46878,997.7438,-2.1643295,2.5777388,0.4985199,43.98246,0.0
2024-04-06 18:00:00,28.336945,23.824371,1001.1306,-1.1645441,1.5766878,0.0,76.574066,0.0
2024-04-07 00:00:00,26.935822,24.788605,1000.46564,1.1439676,0.2694922,0.7371521,88.055405,0.0
2024-04-07 06:00:00,36.304718,21.657135,1001.5112,0.012911439,1.5950575,0.02757307,42.80304,0.0
2024-04-07 12:00:00,37.13394,21.23526,997.1144,-1.9755974,2.4650354,0.81886333,39.86069,0.0
2024-04-07 18:00:00,28.673645,25.26773,1001.08875,-1.0082302,2.2111177,0.98138046,81.86303,0.0
2024-04-08 00:00:00,27.718353,25.206268,1000.57874,-0.6915083,1.1233503,0.71104217,86.22948,0.0
2024-04-08 06:00:00,36.129913,22.423004,1002.275,-1.6764317,2.1717567,0.34907532,45.281517,0.0
2024-04-08 12:00:00,35.92154,23.642365,999.585,-3.4579782,1.7920663,0.486726,49.31069,0.0
2024-04-08 18:00:00,28.59665,26.67453,1003.09436,-2.8546019,0.91899097,0.14470495,89.37034,0.0
2024-04-09 00:00:00,28.206726,25.341553,1002.28687,-1.8852329,-0.66275406,0.8961386,84.48524,0.017735273
2024-04-09 06:00:00,33.99759,23.32492,1003.4963,-3.0299368,-0.42884636,0.9187005,53.81959,0.0
2024-04-09 12:00:00,34.632965,21.287018,999.6144,-4.2872305,-0.4344406,0.35347036,45.8911,0.0
2024-04-09 18:00:00,28.17154,24.341675,1003.77563,-2.2352371,-0.55946636,0.03314179,79.75346,0.0
2024-04-10 00:00:00,27.7529,24.01233,1002.8212,-1.1839685,-1.710105,0.8603062,80.12599,0.0015257974
2024-04-10 06:00:00,34.199005,22.553192,1003.855,-2.1804466,-1.5217056,0.35322642,50.788826,0.0
2024-04-10 12:00:00,35.099518,21.812286,999.70435,-4.5481186,0.19605064,0.0,46.179413,0.0
2024-04-10 18:00:00,28.420319,24.484467,1003.2706,-1.2882452,-0.6722841,0.878958,79.28242,0.0
2024-04-11 00:00:00,28.161041,24.30655,1002.29376,0.187747,-1.6846981,0.87355393,79.63444,0.0
2024-04-11 06:00:00,34.460114,23.723114,1003.83813,-3.362567,-0.3069067,0.91784275,53.724594,0.0009536743
2024-04-11 12:00:00,34.15506,24.73227,999.9925,-3.6902637,0.47429752,0.5316929,58.054096,0.0072475523
2024-04-11 18:00:00,29.342133,25.523224,1003.9431,-3.1016788,0.48519838,0.84502685,79.96147,0.20100075
2024-04-12 00:00:00,28.39804,25.763,1002.195,-2.5078697,-0.6650076,0.7163683,85.66726,0.0
2024-04-12 06:00:00,34.09268,24.97818,1004.1931,-3.522171,-0.846859,0.9799222,59.11772,0.0
2024-04-12 12:00:00,31.6409,23.897858,1001.41,-3.507471,1.0247185,0.8730878,63.6128,0.4059112
2024-04-12 18:00:00,28.45279,25.1362,1003.7975,-0.62410736,0.6544553,0.9831963,82.27292,0.0
2024-04-13 00:00:00,27.78543,25.53241,1002.57874,0.9853668,-0.1557309,0.9921503,87.57412,0.0960393
2024-04-13 06:00:00,34.203888,24.392609,1004.14435,-2.2710848,-0.13620949,0.8957413,56.731857,0.06972218
2024-04-13 12:00:00,34.268463,23.798859,1000.28314,-2.8643818,0.32348824,0.76192516,54.548878,0.0
2024-04-13 18:00:00,28.467468,25.6091,1003.64435,-1.7095747,-0.50972366,0.9479132,84.546844,0.0
2024-04-14 00:00:00,27.718903,25.100891,1002.14935,-0.9684973,-1.3208609,0.7988707,85.687294,0.0055301934
2024-04-14 06:00:00,33.91104,23.03189,1004.4575,-3.134925,-1.7921534,0.98323935,53.13088,0.0
2024-04-14 12:00:00,34.186066,20.87442,1000.5719,-4.0411224,-0.85090256,0.9724715,45.86967,0.0
2024-04-14 18:00:00,28.183075,25.034088,1004.1194,-1.6576414,-0.7107315,0.98119134,83.06703,0.0
2024-04-15 00:00:00,28.002838,25.321564,1002.97687,-0.784565,-1.669797,1.0000006,85.39329,0.0
2024-04-15 06:00:00,33.689484,24.830475,1004.9244,-3.459446,-1.0542355,0.99657863,59.933697,0.23182808
2024-04-15 12:00:00,34.04898,24.534576,1000.9994,-4.8744144,0.3023224,0.63718617,57.7124,0.0
2024-04-15 18:00:00,28.909943,25.774872,1004.26685,-1.0282469,-0.5692123,0.67699623,83.218445,0.0
2024-04-16 00:00:00,27.031464,25.013092,1002.83,-0.2397871,-0.80847454,0.7383206,88.74274,0.0
2024-04-16 06:00:00,34.599274,22.140533,1003.8131,-1.809124,0.55802566,0.97786635,48.438885,0.000762986
2024-04-16 12:00:00,35.541412,21.213165,999.9281,-2.8073597,1.9490838,0.9838562,43.4424,0.0
2024-04-16 18:00:00,28.0737,26.114594,1002.9225,-1.6353474,1.0368853,0.9175228,89.1363,0.0
2024-04-17 00:00:00,26.682037,25.99411,1002.225,0.9782076,0.54529154,0.91855186,96.020424,0.0
2024-04-17 06:00:00,34.598297,23.611847,1002.615,0.17583847,1.1768945,0.8240162,52.95739,0.000762986
2024-04-17 12:00:00,36.94229,21.901764,998.755,-1.4477615,1.2030414,0.8895399,41.956436,0.0
2024-04-17 18:00:00,29.19281,25.77884,1002.39435,-0.4293337,3.1077394,0.9559605,81.88678,0.0
2024-04-18 00:00:00,26.96408,25.181732,1000.85,0.6029242,1.5230284,0.9919827,89.994385,0.0
2024-04-18 06:00:00,36.029938,21.717804,1001.46185,0.6069555,1.82481,0.9363026,43.615646,0.0
2024-04-18 12:00:00,36.38394,22.282623,997.0175,-2.3833952,3.1220121,0.94761175,44.27464,0.0
2024-04-18 18:00:00,30.01773,25.553131,1000.70874,-0.35787392,3.0988379,0.7519257,77.04662,0.0
2024-04-19 00:00:00,28.659515,26.336456,999.0925,0.21211845,1.1337025,0.9279874,87.287544,0.0
2024-04-19 06:00:00,35.90555,24.22409,999.59625,0.50651073,1.5206478,0.83247674,51.11013,0.0
2024-04-19 12:00:00,36.58145,24.935211,995.4519,-1.7099133,3.3165073,0.6729534,51.38751,0.0
2024-04-19 18:00:00,30.563812,27.590912,999.5144,-0.5450201,3.0805368,0.78430897,84.19927,0.0
2024-04-20 00:00:00,29.37265,27.629791,998.09814,0.8255234,0.98784316,0.73997295,90.37057,0.0019073486
2024-04-20 06:00:00,36.440094,23.688507,999.8081,-0.16993713,0.9619222,0.1884374,48.058975,0.0
2024-04-20 12:00:00,36.41043,24.411285,996.29,-1.9147501,1.9666489,0.8176581,50.272415,0.0
2024-04-20 18:00:00,30.678925,27.043121,999.8806,-1.5632429,1.998023,0.72535956,81.004036,0.0
2024-04-21 00:00:00,29.249786,27.343506,999.275,-0.73672485,0.7570824,0.2716971,89.50169,0.0007636845
2024-04-21 06:00:00,36.057404,24.323029,1000.1281,-0.9714689,0.4134148,0.4844012,50.986385,0.0038128346
2024-04-21 12:00:00,36.365875,24.449615,997.09814,-2.3557224,2.6079094,0.30133784,50.511234,0.0
2024-04-21 18:00:00,30.150055,26.466766,1000.6969,-1.8669033,2.0966396,0.024124146,80.71119,0.0
2024-04-22 00:00:00,29.451538,26.978882,1000.0719,1.252037,-0.3380282,0.9373133,86.59277,0.076096505
2024-04-22 06:00:00,36.142975,23.870697,1001.445,-0.6785059,0.357067,0.21189629,49.38775,0.0
2024-04-22 12:00:00,36.643585,23.324493,997.9487,-2.6245775,1.2869399,0.82522583,46.49432,0.0
2024-04-22 18:00:00,29.931396,26.259521,1001.34625,-1.7298279,2.0001569,0.1339896,80.737686,0.0
2024-04-23 00:00:00,28.694397,26.532806,999.46686,0.65937805,-0.0244537,0.9688762,88.12589,0.017737038
2024-04-23 06:00:00,35.563873,23.043732,1000.8162,-1.2786283,0.6530819,0.12489945,48.50741,0.0
2024-04-23 12:00:00,36.004913,23.214508,996.5544,-2.3641367,2.529232,0.61070746,47.83422,0.0
2024-04-23 18:00:00,28.74289,25.081146,1000.2875,-1.5637951,0.6168017,0.7294154,80.634056,0.0
2024-04-24 00:00:00,28.750092,24.90448,999.17377,1.1771011,-0.06762326,0.90935194,79.75582,0.0
2024-04-24 06:00:00,35.504913,23.688019,1000.465,-1.4095001,0.75902224,0.07592657,50.595253,0.0
2024-04-24 12:00:00,36.206696,22.95047,996.6925,-2.5910683,2.1941195,0.13850784,46.557076,0.0
2024-04-24 18:00:00,28.53061,25.547638,1000.5156,-0.6452646,1.3446965,0.0,83.9305,0.0
2024-04-25 00:00:00,28.216522,26.035797,999.09625,0.44752026,0.19026643,0.16787389,87.98681,0.00019092113
2024-04-25 06:00:00,35.894318,24.356476,1000.6425,-2.115715,1.100482,0.284168,51.54917,0.0
2024-04-25 12:00:00,35.732697,24.900787,997.5694,-2.4113388,2.603485,0.08842504,53.730595,0.0
2024-04-25 18:00:00,29.165527,26.660126,1000.2025,-1.2457657,0.8555925,0.9247946,86.399666,0.0
2024-04-26 00:00:00,27.668549,26.35373,998.8725,-0.1077795,0.8537467,0.8141282,92.56773,0.0
2024-04-26 06:00:00,35.87613,23.692902,1000.6625,-1.8631811,1.1286383,0.97240716,49.584793,0.0
2024-04-26 12:00:00,36.153473,22.570831,996.8812,-2.7546844,1.3669896,0.949806,45.630905,0.0
2024-04-26 18:00:00,28.15512,24.265717,999.96686,-1.4920483,0.6210276,0.9105484,79.46715,0.0
2024-04-27 00:00:00,27.62436,25.126648,999.21124,0.35095882,-0.44195062,1.0000012,86.29443,0.0
2024-04-27 06:00:00,35.089264,23.302277,1000.9412,-2.0106344,0.8338065,0.74127656,50.581234,0.0
2024-04-27 12:00:00,36.647247,22.366608,996.79376,-2.8895493,0.78190494,0.35996187,43.863777,0.0
2024-04-27 18:00:00,28.593964,24.9122,1001.1225,-1.6666088,0.7616078,0.13716736,80.51866,0.0
2024-04-28 00:00:00,27.355194,24.97461,999.47064,0.63129234,-1.0767479,0.7076912,86.873924,0.0
2024-04-28 06:00:00,35.211334,24.14737,1000.89124,-0.8351793,1.2200488,0.940599,52.86243,0.0
2024-04-28 12:00:00,36.286896,23.668732,997.5031,-2.6299438,1.6637263,0.9973386,48.406986,0.0
2024-04-28 18:00:00,29.669281,26.678375,1001.89124,-2.3471317,1.286207,0.8913486,84.01452,0.0
2024-04-29 00:00:00,29.197906,26.920685,1001.3738,-0.008835793,0.20551252,0.9878585,87.57031,0.0047683716
2024-04-29 06:00:00,36.0784,24.566864,1002.3544,-1.3840284,1.1585884,0.9294726,51.676456,0.0
2024-04-29 12:00:00,36.843414,24.200104,997.4519,-2.2483253,0.22509325,0.92826074,48.476852,0.0
2024-04-29 18:00:00,30.23764,27.005585,1001.6238,-1.432661,2.276144,0.9442995,82.8942,0.0
2024-04-30 00:00:00,29.696808,25.981354,1000.02313,1.3738995,1.8624994,0.48850483,80.49989,0.005149036
2024-04-30 06:00:00,36.471222,24.65506,1000.9581,-1.1425838,2.0027142,0.38244367,50.84123,0.0
2024-04-30 12:00:00,37.028107,24.947723,996.5031,-1.625803,2.8755445,0.9295039,50.184696,0.0
2024-04-30 18:00:00,31.023071,25.705048,1000.4294,0.24110794,4.1492167,0.9796374,73.39675,0.0
2024-05-01 00:00:00,29.78125,25.37143,998.02875,0.7294986,2.1035585,0.11115718,77.26278,0.0
2024-05-01 06:00:00,37.102325,24.806366,998.3844,1.5213484,1.456049,0.87845254,49.561905,0.0
2024-05-01 12:00:00,38.462555,24.453522,993.9494,-0.623332,3.2675667,0.8752272,45.071114,0.0
2024-05-01 18:00:00,30.938202,27.225311,998.28687,0.6137018,3.9764833,0.711311,80.67113,0.0
2024-05-02 00:00:00,30.148895,27.498505,997.92065,0.8870784,2.257925,0.8663782,85.76048,0.0
2024-05-02 06:00:00,37.270294,25.240875,998.71185,0.76793575,2.8332577,0.8848998,50.398518,0.0
2024-05-02 12:00:00,36.274445,26.545563,996.0687,-2.6989126,4.2749834,0.8217358,57.496174,0.0
2024-05-02 18:00:00,30.570557,27.773834,999.4363,0.48942482,3.2050428,0.8432255,85.071434,0.0
2024-05-03 00:00:00,29.817291,27.122284,997.5737,1.3902845,2.26198,0.99802244,85.504135,0.0
2024-05-03 06:00:00,36.526398,26.088531,999.83185,0.70729864,2.9875364,0.9979604,55.197273,0.0
2024-05-03 12:00:00,36.5867,25.778717,996.845,-1.8777905,4.276369,0.99955446,54.015213,0.0
2024-05-03 18:00:00,30.910187,26.694733,1000.90814,0.4799611,3.7808256,0.99802274,78.31999,0.0
2024-05-04 00:00:00,29.967224,26.800446,999.10626,0.8321513,1.8380814,0.941325,83.18209,0.0
2024-05-04 06:00:00,36.90335,25.0961,1000.355,1.1225499,2.2051172,0.95175785,50.97685,0.0
2024-05-04 12:00:00,37.45157,22.699127,995.92,-1.2001667,3.2958317,0.9239323,42.83546,0.11098385
2024-05-04 18:00:00,31.428986,26.050812,999.1244,0.17753619,4.0538225,0.96725607,73.203674,0.0
2024-05-05 00:00:00,30.34195,26.709686,998.15,0.66943777,2.1165247,0.3654598,80.978546,0.0
2024-05-05 06:00:00,37.645294,24.320587,998.7375,1.387886,1.6996498,0.5264002,46.73931,0.0
2024-05-05 12:00:00,37.841217,24.874908,995.15875,-0.7741766,4.2772903,0.41799122,47.803055,0.0
2024-05-05 18:00:00,31.683472,25.274567,999.34625,-1.5347538,3.4678297,0.33689058,68.90541,0.0
2024-05-06 00:00:00,30.72934,27.006866,998.01874,0.742111,1.4508824,0.7651091,80.599144,0.0
2024-05-06 06:00:00,37.57437,24.541168,999.21936,1.2880783,0.73018795,0.11201707,47.543747,0.0
2024-05-06 12:00:00,37.62271,25.652496,996.0925,-0.14144707,3.2712173,0.3420868,50.6649,0.0
2024-05-06 18:00:00,31.107452,26.498993,999.8869,-1.1657772,4.1395035,0.54497296,76.55574,0.0
2024-05-07 00:00:00,29.630035,26.508575,1000.4994,0.972065,-0.21247005,0.34939831,83.36646,0.0
2024-05-07 06:00:00,36.5347,23.81131,1001.22626,0.48462677,1.9341812,0.39497906,48.16501,0.00028603245
2024-05-07 12:00:00,37.593903,24.572906,996.8769,-0.82388306,2.8915844,0.3551178,47.58352,0.0
2024-05-07 18:00:00,31.642578,26.34262,1001.61,-0.6223459,2.4812298,0.37800366,73.57857,0.0
2024-05-08 00:00:00,29.137177,26.039825,1000.8744,-1.6135836,0.27078515,0.24554712,83.430115,0.010106713
2024-05-08 06:00:00,34.447296,22.884308,1001.53186,-1.7066565,-0.18436146,0.45584768,51.107605,0.0001937151
2024-05-08 12:00:00,35.289825,24.772491,997.72125,-2.2959747,0.9735512,0.39005506,54.64041,0.037085265
2024-05-08 18:00:00,30.351532,25.952667,1000.41437,-1.4244843,1.8930461,0.054425884,77.39676,0.0
2024-05-09 00:00:00,28.721283,25.861786,999.39,-1.395689,-0.2119214,0.8022933,84.56787,0.0
2024-05-09 06:00:00,36.356842,24.062592,1001.09625,-1.3331165,1.3645399,0.9940411,49.37715,0.016409773
2024-05-09 12:00:00,34.91104,24.375397,997.4425,-3.0437832,1.904927,0.8423773,54.48884,0.005712863
2024-05-09 18:00:00,29.833405,25.495697,1001.9906,-1.4499054,0.6233988,0.99198896,77.60227,0.7603283
2024-05-10 00:00:00,28.799072,25.743622,1000.66,-0.5226412,0.40921015,0.8809399,83.59973,0.0
2024-05-10 06:00:00,35.299713,24.654022,1001.7031,0.35871124,0.7779538,0.9354018,54.225338,0.027191848
2024-05-10 12:00:00,32.82199,25.523712,999.22815,-2.7514324,2.3219724,0.9013372,65.57496,0.57363784
2024-05-10 18:00:00,30.153381,25.704132,1002.2981,-0.6750355,1.6726189,0.7225455,77.136925,0.0
2024-05-11 00:00:00,29.05603,25.7128,1001.505,-1.0173607,0.49353272,0.8514996,82.21448,0.0
2024-05-11 06:00:00,33.310944,24.863922,1002.47876,-0.6940479,1.3305216,0.98956966,61.340378,0.15040894
2024-05-11 12:00:00,32.589447,25.543,999.4244,-0.90392494,2.6225357,0.9457198,66.51585,0.08458237
2024-05-11 18:00:00,29.782349,25.877258,1002.9288,-1.6676111,1.5486689,0.96528566,79.61225,0.0
2024-05-12 00:00:00,29.144257,26.161194,1001.20935,-0.0069389343,1.3484576,0.7449401,83.99669,0.0
2024-05-12 06:00:00,35.170807,23.676117,1002.88,-0.7480869,0.5353873,0.9360341,51.501392,0.02803796
2024-05-12 12:00:00,33.65445,24.082306,998.8231,-1.996273,2.4583588,0.89049256,57.420998,0.5336166
2024-05-12 18:00:00,29.754822,25.375336,1002.1669,0.11436558,2.468694,0.95397305,77.39837,0.0
2024-05-13 00:00:00,29.475922,25.43335,1000.3688,0.7297619,0.7813957,0.89243686,78.92396,0.0
2024-05-13 06:00:00,35.316315,24.244934,1001.57,-0.4886818,0.06234932,0.97282785,52.864883,0.01640166
2024-05-13 12:00:00,31.048676,25.875244,999.3113,0.41163445,1.5686197,0.9991574,74.03279,0.067126796
2024-05-13 18:00:00,28.357025,25.738373,1001.1394,-1.1542406,0.05031073,0.9939836,85.74651,0.27688354
2024-05-14 00:00:00,28.066986,25.486664,1000.3206,-0.19255257,-0.780086,0.9941541,85.91358,0.0
2024-05-14 06:00:00,32.6232,25.901031,1001.6725,0.028102875,0.31010723,0.501482,67.81403,0.04206061
2024-05-14 12:00:00,29.624298,25.219269,999.3931,-1.0329304,0.080287635,0.9427179,77.26169,1.1474453
2024-05-14 18:00:00,28.08725,25.708252,1002.61127,-0.71039486,-0.011942983,0.9903286,86.94833,0.0
2024-05-15 00:00:00,27.598724,25.436737,1000.5044,0.5095613,-0.630311,1.0,88.033134,0.0
2024-05-15 06:00:00,33.868317,25.598755,1001.3975,-0.7066717,-0.8488331,0.324278,62.114258,0.01783532
2024-05-15 12:00:00,29.035858,26.25351,999.6788,-1.2695456,0.23417187,0.9968623,84.98734,2.3557403
2024-05-15 18:00:00,27.230988,25.86148,1003.17065,0.6464157,-0.051935315,0.9992784,92.245224,0.0
2024-05-16 00:00:00,26.123444,25.121033,1001.52185,1.7199574,0.10312778,1.0,94.22456,0.0
2024-05-16 06:00:00,28.546295,25.417389,1003.20123,0.60380125,-0.33032227,1.0,83.20774,0.025558166
2024-05-16 12:00:00,29.77359,25.98764,999.3169,-1.1172228,-0.09167004,1.0,80.174675,0.4592865
2024-05-16 18:00:00,27.177582,25.923737,1001.3275,-0.21363926,-0.7395439,1.0,92.876465,0.0
2024-05-17 00:00:00,27.27243,25.84964,1000.3281,0.6774492,0.15131539,1.0,91.95684,0.0
2024-05-17 06:00:00,31.314484,26.511292,1001.4419,-0.11929035,0.28818607,1.0,75.713264,0.091676146
2024-05-17 12:00:00,27.675323,26.203094,998.9125,-2.862751,0.9521432,1.0,91.711555,0.6494484
2024-05-17 18:00:00,26.824982,25.936432,1000.8081,1.0852988,0.22317374,1.0,94.89154,0.0
2024-05-18 00:00:00,26.830719,25.516418,999.0081,-1.3022404,0.5965853,0.9991212,92.526054,0.0
2024-05-18 06:00:00,32.947296,24.963715,999.7081,-0.17775035,0.86457974,1.0,62.97991,0.077145174
2024-05-18 12:00:00,30.504852,26.439514,996.1144,0.38777637,1.0355663,1.0,78.95931,0.5322167
2024-05-18 18:00:00,28.049866,26.41159,999.0075,-0.35449725,0.2412917,1.0,90.83978,0.0
2024-05-19 00:00:00,27.471222,25.843658,996.8219,0.15600419,-1.0060463,1.0,90.85997,0.0
2024-05-19 06:00:00,31.914948,26.647095,998.4531,-0.16683179,-1.1250181,1.0,73.76307,0.17607307
2024-05-19 12:00:00,29.314362,25.793335,994.67126,-0.15331173,-0.27759957,1.0,81.383644,0.0
2024-05-19 18:00:00,26.241058,25.474182,997.90314,-0.06642532,0.056890726,1.0,95.558495,2.5114796
2024-05-20 00:00:00,26.856537,25.443268,995.7875,1.7863421,0.71749765,1.0,91.98503,0.0
2024-05-20 06:00:00,31.194977,26.331665,998.3975,1.1666058,0.27991277,1.0,75.426636,0.0
2024-05-20 12:00:00,27.5484,25.469635,995.77875,0.85583466,1.1907555,1.0,88.4654,2.721683
2024-05-20 18:00:00,26.428558,24.646515,997.9269,2.870862,-0.21353358,0.9928707,89.95815,0.0
2024-05-21 00:00:00,26.793121,22.532867,995.865,2.8900328,-0.085306466,0.9877083,77.51788,0.0
2024-05-21 06:00:00,32.427704,24.94162,997.0506,1.8263273,0.48445702,1.0,64.76557,0.0
2024-05-21 12:00:00,29.315887,25.47818,994.775,-1.0851202,-0.14052773,1.0,79.86875,0.34656438
2024-05-21 18:00:00,27.87619,26.259216,997.5525,0.6767321,-1.2703753,1.0,90.94297,0.0
2024-05-22 00:00:00,27.365326,25.579742,995.2019,0.6160114,-0.96066475,1.0,90.00533,0.0045469487
2024-05-22 06:00:00,32.50125,27.075775,996.3663,0.9103709,0.06776333,1.0,73.17956,0.13792168
2024-05-22 12:00:00,30.567657,26.314423,993.91064,-0.62795067,0.09761608,1.0,78.09733,0.72596765
2024-05-22 18:00:00,27.753387,26.626465,996.28564,1.5132651,0.31407428,1.0,93.60325,0.0
2024-05-23 00:00:00,27.496307,25.284576,994.8281,1.4318204,1.576088,1.0,87.764534,0.06979818
2024-05-23 06:00:00,32.995026,25.310455,996.15625,0.94266313,0.15587401,1.0,64.1218,0.0
2024-05-23 12:00:00,31.223602,26.740875,992.565,0.70128727,2.9674816,1.0,77.142235,0.0
2024-05-23 18:00:00,28.363373,25.985046,995.22437,2.6697998,1.1020937,1.0,86.97664,0.0
2024-05-24 00:00:00,27.81894,25.44461,993.52185,1.8816853,0.39738697,1.0,86.94824,0.21706328
2024-05-24 06:00:00,32.20291,26.066162,995.03314,3.701665,0.8246535,0.99532366,70.1244,0.029737294
2024-05-24 12:00:00,30.9758,25.775879,991.77185,0.9956798,2.5671768,0.9254168,73.90469,0.0
2024-05-24 18:00:00,28.904358,25.198792,994.7025,2.123374,3.399076,1.0,80.44468,0.0011473894
2024-05-25 00:00:00,28.49295,24.686249,992.98065,3.38097,2.3142397,1.0,79.907,0.0
2024-05-25 06:00:00,33.62674,25.705841,995.32874,4.5727434,0.5809627,1.0,63.360233,0.0
2024-05-25 12:00:00,32.708344,23.652863,993.15436,1.3665749,3.2341042,1.0,59.00986,0.0129677355
2024-05-25 18:00:00,29.748169,21.637054,996.5606,5.2203007,-0.6924639,1.0,61.802757,0.0061951578
2024-05-26 00:00:00,30.259552,21.612823,995.1875,3.3805208,0.43593597,1.0,59.92441,0.0
2024-05-26 06:00:00,34.31607,25.217163,996.77936,4.8730564,0.634203,1.0,59.223602,0.0
2024-05-26 12:00:00,33.997833,24.998077,993.97125,3.5695314,0.56204695,1.0,59.501957,0.14284253
2024-05-26 18:00:00,30.419464,22.986603,996.95374,3.4478092,0.88417834,1.0,64.55399,0.0
2024-05-27 00:00:00,29.966675,23.776703,995.67377,3.400278,1.6642694,1.0000001,69.48865,0.0
2024-05-27 06:00:00,35.17923,24.944733,996.6775,4.3269005,1.9649105,0.9946832,55.543785,0.0
2024-05-27 12:00:00,35.870636,25.011139,994.22314,1.6299585,1.722589,0.99743724,53.675926,0.0007636845
2024-05-27 18:00:00,30.886383,24.62503,996.90814,3.0782366,1.9142488,1.0,69.36381,0.0
2024-05-28 00:00:00,29.837372,24.119965,996.03186,2.6371984,1.1216755,1.0,71.46629,0.0
2024-05-28 06:00:00,35.33792,25.027863,997.22876,4.9858847,0.42765307,0.99226147,55.332027,0.0
2024-05-28 12:00:00,34.418243,24.368622,994.8925,5.019278,0.042723835,0.99912125,55.978195,0.0
2024-05-28 18:00:00,30.041168,22.671417,997.0825,3.9200916,0.81592685,0.996436,64.72202,0.0
2024-05-29 00:00:00,29.303925,22.74234,995.8906,3.5715084,1.3145535,0.6760297,67.820625,0.0
2024-05-29 06:00:00,35.211823,25.350708,996.65814,3.4403925,0.15505874,0.77518356,56.80059,0.0
2024-05-29 12:00:00,35.936676,25.45932,993.6262,2.3318768,1.224971,0.06343579,54.926933,0.0
2024-05-29 18:00:00,30.408264,23.905792,996.6525,3.4313087,1.5097113,0.03213501,68.27805,0.0
2024-05-30 00:00:00,29.75531,24.462006,995.6094,2.2629638,1.5074015,0.756117,73.29187,0.0
2024-05-30 06:00:00,35.978912,25.522736,997.1887,4.1958685,-0.08349913,0.8240121,55.00623,0.0
2024-05-30 12:00:00,36.67679,24.537384,994.22815,2.152236,0.30980206,0.33644384,49.9193,0.004578382
2024-05-30 18:00:00,30.90622,24.719025,997.4219,3.01188,1.0315495,0.04973932,69.67565,0.0
2024-05-31 00:00:00,30.040314,24.587189,995.7994,3.5660257,-0.00041389465,0.4070865,72.64263,0.0
2024-05-31 06:00:00,36.773346,26.034912,997.4306,3.6386456,0.13656443,0.58843964,54.28345,0.0
2024-05-31 12:00:00,37.40616,26.472748,993.48376,0.92853546,1.1097714,0.99999994,53.81425,0.0
2024-05-31 18:00:00,30.759369,26.548767,997.9387,2.7664032,1.0676546,0.5424707,78.32117,0.0
2024-06-01 00:00:00,30.244446,25.624725,995.5006,1.7610874,1.8922216,0.85246575,76.37429,0.0
2024-06-01 06:00:00,35.927887,26.73413,998.7031,0.5204563,1.4677575,0.9999993,59.256584,0.0
2024-06-01 12:00:00,31.979828,26.128876,995.58624,1.7689848,1.958559,0.7581802,71.27908,0.0
2024-06-01 18:00:00,27.776703,25.1503,998.83563,0.2737465,1.016448,0.74374247,85.65013,0.033974737
2024-06-02 00:00:00,28.070526,25.35318,998.15625,-0.56710434,2.635926,0.89204633,85.217094,0.0
2024-06-02 06:00:00,35.122223,25.670807,999.1144,2.9027734,0.2274558,0.9282492,58.178623,0.0013337936
2024-06-02 12:00:00,32.73819,26.261322,996.6994,-1.5068312,1.8666315,0.69814056,68.82718,0.5270123
2024-06-02 18:00:00,27.435425,25.917175,999.8762,0.11015445,2.0651977,0.9939718,91.44795,0.0
2024-06-03 00:00:00,27.530304,25.348755,999.22626,1.1400878,1.6278007,0.960664,87.92511,0.009059906
2024-06-03 06:00:00,32.099518,26.424133,1000.70624,1.3697937,-0.47527218,0.96507275,72.04314,0.0
2024-06-03 12:00:00,31.759064,26.620178,998.40814,-1.760087,1.7657738,0.98840916,74.299965,0.25402907
2024-06-03 18:00:00,28.407013,26.667084,1000.4988,0.2355786,2.5782442,0.96194655,90.320724,0.0
2024-06-04 00:00:00,28.051758,26.681885,1000.10565,0.9725327,1.6578109,0.9822288,92.2884,0.0
2024-06-04 06:00:00,32.973053,26.74405,1001.445,2.0054255,1.3347342,0.9866958,69.88443,0.17172119
2024-06-04 12:00:00,32.60794,26.502869,998.34814,-0.5343704,2.0600424,0.72631174,70.3296,0.15324333
2024-06-04 18:00:00,28.091858,25.98413,1001.39374,0.67401737,3.2204342,0.3779531,88.35746,0.0
2024-06-05 00:00:00,28.411285,26.021576,1000.5325,0.6239321,3.0120096,0.96491116,86.92236,0.59476495
2024-06-05 06:00:00,34.398468,26.151764,1001.5094,2.396021,2.4940462,0.9566258,62.313152,0.0
2024-06-05 12:00:00,30.339325,25.800446,997.9294,-0.08111477,3.4616575,0.83674556,76.75572,0.3325341
2024-06-05 18:00:00,26.813507,25.245209,1002.1944,2.1114807,2.487444,0.56174636,91.13828,0.5249381
2024-06-06 00:00:00,27.127686,25.403961,1000.88873,0.6048764,2.380188,0.99999964,90.32017,0.3479638
2024-06-06 06:00:00,32.860016,26.84253,1002.10376,2.0396986,2.2604208,0.98916715,70.7389,0.0
2024-06-06 12:00:00,30.646637,26.35028,999.5044,-0.61346054,2.1456423,0.96563303,77.91005,0.058979064
2024-06-06 18:00:00,26.936554,25.25885,1002.64874,1.1282487,1.1499995,0.9991093,90.554825,0.0
2024-06-07 00:00:00,26.475494,25.189423,999.6894,0.017668009,1.9711685,1.0,92.66264,0.0
2024-06-07 06:00:00,30.428009,26.788483,1001.2619,2.4216404,2.51406,0.9999998,80.95478,0.18623443
2024-06-07 12:00:00,31.59085,25.516663,997.8925,0.26552737,2.4725962,0.99802047,70.27285,0.0
2024-06-07 18:00:00,26.314484,25.315063,1001.2475,-0.058022797,1.5528231,0.9991096,94.24927,0.0
2024-06-08 00:00:00,26.942657,25.203949,999.95374,2.1118717,2.2277012,0.96311826,90.22702,0.9670012
2024-06-08 06:00:00,33.329254,26.406555,1000.5594,3.2738438,3.120082,0.99915797,67.15163,0.0
2024-06-08 12:00:00,30.457855,25.496277,997.7369,0.50753236,4.0026293,0.7382147,74.87272,0.71106046
2024-06-08 18:00:00,27.990265,25.756561,1000.9381,2.4654913,2.8483715,0.9310835,87.69211,0.0
2024-06-09 00:00:00,27.702637,24.960724,999.1331,0.8949823,2.7246485,0.99832416,85.05511,0.0
2024-06-09 06:00:00,33.24893,25.365875,1000.6262,3.8482876,2.4670696,0.9682165,63.422543,0.063127264
2024-06-09 12:00:00,33.59207,25.167267,997.235,1.5321269,2.04807,0.8663907,61.48358,0.0
2024-06-09 18:00:00,29.296295,24.739532,1000.23126,1.8668146,1.0335095,0.96294457,76.51693,0.0
2024-06-10 00:00:00,27.919708,23.69455,999.465,2.3033257,1.2511222,0.72600645,77.84751,0.0
2024-06-10 06:00:00,34.430817,24.51941,1000.09875,5.051133,1.3105838,0.3176952,56.44636,0.0045774505
2024-06-10 12:00:00,34.44803,24.28769,998.08624,2.2019217,1.5943946,0.501582,55.615158,0.045007538
2024-06-10 18:00:00,29.279022,23.790436,1001.5375,2.4278545,0.58681095,0.9864839,72.356895,0.0
2024-06-11 00:00:00,28.197723,23.216888,999.48,2.406043,1.7506425,0.9479806,74.42099,0.0
2024-06-11 06:00:00,34.268585,24.628693,1000.3331,3.932602,1.187484,0.8713469,57.331985,0.0
2024-06-11 12:00:00,34.42227,24.417206,998.0056,1.4186883,1.4158071,0.99802274,56.128735,0.01001358
2024-06-11 18:00:00,30.057404,23.915375,1000.79376,1.7252445,1.3840752,0.9833499,69.70629,0.0
2024-06-12 00:00:00,28.606628,23.512726,1000.59375,2.8080854,1.2722331,0.9789752,73.981926,0.0
2024-06-12 06:00:00,33.72354,24.477081,1002.3862,4.1514797,0.98117894,0.9917109,58.56922,0.008297153
2024-06-12 12:00:00,33.802277,24.059784,999.2519,1.6265609,1.4834721,1.0,56.87131,0.0
2024-06-12 18:00:00,29.094147,23.18106,1001.6956,2.7482996,0.99188596,0.98709345,70.49562,0.0
2024-06-13 00:00:00,28.529999,23.260468,1001.1119,2.4345179,0.47771132,0.9663917,73.189186,0.0
2024-06-13 06:00:00,34.109894,24.343353,1002.08936,3.8078766,1.5777531,0.9813346,56.86189,0.0
2024-06-13 12:00:00,33.383453,24.750885,998.54877,1.9947245,1.5591705,0.99999994,60.68057,0.04177913
2024-06-13 18:00:00,29.417786,24.34964,1000.5544,1.6086237,1.0105513,0.95282376,74.23033,0.0
2024-06-14 00:00:00,28.342438,23.180817,999.8544,2.7609262,0.7476428,0.99871844,73.63618,0.0
2024-06-14 06:00:00,34.270416,24.40329,1000.0538,4.0138006,0.27742076,0.9928717,56.558113,0.0
2024-06-14 12:00:00,34.8002,24.266388,997.21,1.6508689,0.05182469,0.93637955,54.4679,0.0
2024-06-14 18:00:00,29.539642,26.54776,999.9931,0.9208226,2.7759619,0.9304622,83.99572,0.0
2024-06-15 00:00:00,28.86319,23.743622,999.015,2.7083397,0.7875573,0.8578775,73.91018,0.0
2024-06-15 06:00:00,34.262115,23.498932,999.09064,4.1336594,0.07628995,0.31164604,53.5913,0.0
2024-06-15 12:00:00,35.252106,23.541779,996.70874,1.8069253,0.4921226,0.9980224,50.857014,0.0
2024-06-15 18:00:00,29.651978,25.900421,999.90314,1.2536418,1.6671292,1.0,80.322205,0.0
2024-06-16 00:00:00,29.301666,22.635406,999.16125,2.809578,0.9295647,0.78143847,67.39086,0.0
2024-06-16 06:00:00,35.172394,23.60019,999.58374,3.4225807,0.7608012,0.31023377,51.26191,0.0
2024-06-16 12:00:00,33.20291,25.34311,996.84064,1.6854439,1.1272693,0.5908307,63.50055,0.59872866
2024-06-16 18:00:00,28.654633,25.409454,1000.1094,0.9125438,2.0031033,0.41109705,82.64707,0.0
2024-06-17 00:00:00,28.3992,23.364532,999.33813,1.2953151,0.9826385,0.5270598,74.21244,0.0
2024-06-17 06:00:00,35.16263,24.111237,1000.02313,1.6905589,1.6128178,0.8425232,52.89031,0.00047683716
2024-06-17 12:00:00,34.59793,25.328766,996.83936,0.5611677,2.5141459,0.16220972,58.690704,0.2180636
2024-06-17 18:00:00,28.846771,25.146454,1000.22125,0.61634934,2.3015485,0.8533378,80.46236,0.0
2024-06-18 00:00:00,28.552551,24.181976,999.04376,1.7580423,1.288766,0.98997825,77.26248,0.0
2024-06-18 06:00:00,34.246735,24.881195,999.945,3.5635176,1.2290418,0.9852484,58.27412,0.009631983
2024-06-18 12:00:00,29.68399,25.62387,997.0656,1.0615697,2.4357176,0.9649665,78.87048,2.5781634
2024-06-18 18:00:00,27.240814,24.975555,1000.22815,1.5835792,1.485184,0.94088215,87.463196,0.0
2024-06-19 00:00:00,27.508179,24.667328,998.3875,2.6062572,1.354667,0.9986756,84.53401,0.009827316
2024-06-19 06:00:00,34.132355,24.919617,999.2525,3.7994137,2.092764,0.7245053,58.78142,0.0
2024-06-19 12:00:00,30.987457,24.98581,996.84875,0.20439094,1.7640997,0.96806943,70.46662,0.5075112
2024-06-19 18:00:00,27.493744,24.85904,999.22314,1.1261563,1.4372301,0.37862235,85.57983,0.0
2024-06-20 00:00:00,27.716034,24.208282,998.0631,2.7836103,1.0616114,0.97357,81.24873,0.0
2024-06-20 06:00:00,33.69278,24.54898,999.89935,4.0276318,1.5572529,1.0,58.923035,0.011446531
2024-06-20 12:00:00,32.009674,25.190094,996.60315,2.917554,1.3417962,0.9828947,67.30369,0.042427097
2024-06-20 18:00:00,28.896637,22.195831,999.4869,2.8351393,0.32305622,1.0,67.16923,0.0
2024-06-21 00:00:00,27.744537,22.680817,998.2275,2.9620943,0.55536616,0.95627964,73.97386,0.0
2024-06-21 06:00:00,34.32657,24.23935,999.055,4.4942207,1.4010926,0.9576608,55.830338,0.0
2024-06-21 12:00:00,33.08084,23.355621,995.74,4.3529587,1.2140105,0.98268664,56.759705,0.31012297
2024-06-21 18:00:00,28.961792,22.629364,998.46063,3.9735737,0.48364574,0.96143097,68.70323,0.0
2024-06-22 00:00:00,27.7742,22.529816,996.91125,2.678277,1.2572639,0.991434,73.172035,0.0
2024-06-22 06:00:00,34.292633,23.646942,996.72375,3.876215,0.76989895,0.69946355,53.979607,0.00066758366
2024-06-22 12:00:00,33.247467,22.828644,994.34436,1.0488359,3.2016544,0.5822262,54.46721,0.02567767
2024-06-22 18:00:00,29.617737,23.131805,997.755,3.5274096,0.83270514,0.9293769,68.19326,0.0
2024-06-23 00:00:00,27.334564,24.101807,996.21,3.505865,0.5659148,0.9730899,82.553635,0.3761351
2024-06-23 06:00:00,34.28311,22.177765,996.8106,4.6982355,1.1803536,0.87773174,49.410355,0.0
2024-06-23 12:00:00,32.81314,22.35147,993.7875,2.8317428,2.255291,0.7524856,54.21952,0.0
2024-06-23 18:00:00,29.945953,22.993866,997.72375,3.7501593,1.3104587,0.99668676,66.361206,0.016599894
2024-06-24 00:00:00,28.796051,23.096588,996.1987,2.6716852,1.3633962,0.9664761,71.357666,0.09305775
2024-06-24 06:00:00,34.105377,23.117096,996.15875,6.4395895,1.6458683,0.86711997,52.82935,0.0
2024-06-24 12:00:00,33.445587,23.962616,994.4531,4.6504264,1.3850131,0.91055214,57.68033,0.1625903
2024-06-24 18:00:00,29.259186,23.343658,996.7612,4.1876183,0.5898409,0.99802136,70.51544,0.0
2024-06-25 00:00:00,28.781403,23.255096,996.34625,3.0307004,0.6170253,0.9538746,72.105804,0.008009374
2024-06-25 06:00:00,32.536774,24.575958,996.21936,5.513891,1.7651033,0.77632284,62.977577,0.20823628
2024-06-25 12:00:00,32.888824,24.325226,994.19,3.9911795,2.2048712,0.9982185,60.821045,0.24187565
2024-06-25 18:00:00,28.500519,23.523895,997.1025,4.9929304,0.46064976,1.0,74.48936,0.05633533
2024-06-26 00:00:00,28.803162,23.084015,995.925,2.9295523,1.6679382,1.0,71.27403,0.0
2024-06-26 06:00:00,33.314728,23.0831,996.46,4.3407326,2.2252455,1.0,55.10447,0.012207776
2024-06-26 12:00:00,31.753326,24.851776,995.5588,1.7292126,2.5240507,1.0,66.92519,0.12304373
2024-06-26 18:00:00,29.175262,23.9747,998.3787,3.2372465,1.1641937,1.0,73.60296,0.0
2024-06-27 00:00:00,28.16858,22.603485,996.60065,5.146097,0.93542254,0.98132575,71.82878,0.0030510128
2024-06-27 06:00:00,33.08841,23.410309,998.47125,5.112501,0.6410378,0.97927016,56.923122,0.0
2024-06-27 12:00:00,32.293,22.940582,997.1981,4.5147686,0.16662359,0.9980224,57.86576,0.007246621
2024-06-27 18:00:00,29.279694,22.804535,999.965,3.5645638,-0.08084893,0.99365175,68.17216,0.0
2024-06-28 00:00:00,28.320404,23.004242,999.53876,2.6513758,0.3821494,1.0000002,72.94743,0.0
2024-06-28 06:00:00,34.274323,23.151154,999.4325,4.952962,1.0658929,0.9154423,52.44211,0.0007627532
2024-06-28 12:00:00,35.239166,22.836334,996.3713,3.7469773,0.85530746,0.45342594,48.769196,0.0
2024-06-28 18:00:00,29.684326,23.667023,999.5625,1.9431058,1.047584,0.6313369,70.16187,0.0
2024-06-29 00:00:00,28.823639,23.36966,999.3781,2.9478712,0.64603245,0.69846404,72.42878,0.0
2024-06-29 06:00:00,35.252716,23.629913,999.66315,3.7475739,1.2752842,0.8368575,51.126087,0.0
2024-06-29 12:00:00,36.411407,23.245453,996.83374,3.1765156,1.6172231,0.81864125,46.865486,0.0061020255
2024-06-29 18:00:00,29.407928,25.631561,1000.6975,0.9659921,2.0924575,0.37269002,80.172325,0.0
2024-06-30 00:00:00,28.928467,24.692047,999.5475,1.8790007,1.0179572,0.6649453,77.94066,0.0
2024-06-30 06:00:00,35.05533,24.48941,1000.7537,3.0896053,1.3559644,0.96487856,54.425167,0.01421012
2024-06-30 12:00:00,31.22116,25.678253,998.4575,0.34731615,1.4478829,0.9575588,72.45763,1.932716
2024-06-30 18:00:00,28.976501,25.960358,1001.83124,0.5838782,2.3317347,1.0,83.8142,0.0
2024-07-01 00:00:00,28.410278,25.786224,1000.04065,1.7112298,0.8335514,0.9991213,85.72424,0.0
2024-07-01 06:00:00,33.359283,24.871368,1000.7081,3.794589,1.2155435,0.9978398,61.20152,0.013926998
2024-07-01 12:00:00,32.557648,24.347809,997.7475,3.8201733,0.39701396,0.987297,62.0502,2.1153893
2024-07-01 18:00:00,29.661865,23.168121,1000.78436,3.2430437,0.7811522,0.9980224,68.16961,0.0
2024-07-02 00:00:00,28.023163,22.443878,999.0062,2.705839,0.5635998,0.98796576,71.74114,0.0
2024-07-02 06:00:00,34.9097,23.94168,999.1906,3.878692,0.6806442,1.0,53.093178,0.0
2024-07-02 12:00:00,35.16446,22.617584,996.6825,4.2654963,0.37637234,0.9935924,48.32584,0.0
2024-07-02 18:00:00,30.145203,24.206879,999.61,1.690463,2.1601627,0.99927866,70.580345,0.0
2024-07-03 00:00:00,29.195435,24.61856,999.2606,1.824944,0.13862038,0.9999998,76.40969,0.0
2024-07-03 06:00:00,35.907257,22.928192,999.59064,3.7877588,1.227437,0.9535761,47.26625,0.001527369
2024-07-03 12:00:00,36.5502,21.678741,996.0425,3.891961,0.56669563,0.5107466,42.28642,0.01963973
2024-07-03 18:00:00,28.72995,24.16629,1000.77563,2.0992332,0.8711254,0.6150977,76.3992,0.0
2024-07-04 00:00:00,28.985168,22.559479,999.1325,3.5061169,0.470891,0.98747873,68.31986,0.0
2024-07-04 06:00:00,35.24112,22.713593,1000.3837,3.1573696,0.18347174,0.95418,48.402424,0.0
2024-07-04 12:00:00,32.93033,25.101044,997.83374,2.5490294,1.201989,0.89724416,63.55821,2.7259588
2024-07-04 18:00:00,29.520782,25.932892,1000.6312,0.68779147,2.6424332,1.0000002,81.08762,0.0
2024-07-05 00:00:00,29.137512,24.594757,999.01685,1.7420084,0.95063114,0.99999875,76.556915,0.0
2024-07-05 06:00:00,36.39615,22.780243,998.72876,3.5554457,1.0649458,0.24683434,45.60265,0.0
2024-07-05 12:00:00,32.02603,24.09488,995.7675,2.2017136,2.0332775,0.52670056,62.979866,0.10663271
2024-07-05 18:00:00,28.849762,22.606476,998.8825,3.6205804,0.42142713,0.9938603,69.05451,0.0
2024-07-06 00:00:00,28.505707,21.755219,998.5075,2.7636456,0.905762,0.99604475,66.887985,0.0
2024-07-06 06:00:00,33.137848,23.151642,998.72626,3.489687,1.154791,1.0,55.88538,0.0
2024-07-06 12:00:00,32.896515,22.79654,996.2025,2.9743552,0.64528656,1.0,55.44392,0.0
2024-07-06 18:00:00,29.480743,23.329132,998.98,1.8370378,1.3285699,0.97144586,69.55833,0.0
2024-07-07 00:00:00,28.774109,22.440826,998.07874,1.7301018,0.112565994,0.5525417,68.66363,0.0
2024-07-07 06:00:00,35.22696,23.129608,998.3475,5.024084,0.56912184,0.2785747,49.67622,0.0
2024-07-07 12:00:00,34.603546,22.176788,995.9625,2.5662796,-0.21487027,0.71033376,48.534447,0.044435263
2024-07-07 18:00:00,29.406158,24.05069,998.71124,1.7432888,1.7516985,1.0,72.96011,0.0
2024-07-08 00:00:00,28.376556,22.869415,997.0631,3.912181,-0.05095768,1.0,72.11841,0.0
2024-07-08 06:00:00,33.938995,22.544891,998.65125,4.4367695,-0.2799639,1.0,51.504868,0.00047683716
2024-07-08 12:00:00,34.362823,22.018158,995.23376,5.741029,1.0150268,1.0,48.715443,0.0
2024-07-08 18:00:00,29.554047,21.992706,998.8619,4.5726404,-0.06965065,0.99415207,63.86992,0.0030398369
2024-07-09 00:00:00,28.258942,22.440216,997.78436,3.2839127,0.2784626,0.99043566,70.74683,0.0
2024-07-09 06:00:00,35.18338,22.32846,999.3675,3.9659739,1.1584389,0.9916064,47.43459,0.0
2024-07-09 12:00:00,33.731964,24.18393,996.8638,2.2195225,2.7822306,0.9653324,57.522285,0.5059391
2024-07-09 18:00:00,29.811096,25.133148,1000.46436,2.013585,1.4593077,0.94901335,76.04419,0.0
2024-07-10 00:00:00,29.010468,22.336334,1000.41315,2.9251833,0.05103022,0.53508717,67.300995,0.0
2024-07-10 06:00:00,34.548615,22.784332,1001.41565,4.230798,1.2066994,0.7004183,50.5135,0.055970624
2024-07-10 12:00:00,36.467438,22.966827,997.83124,2.3340673,1.6488214,0.15446776,45.94106,0.0
2024-07-10 18:00:00,28.326202,24.329742,1002.155,2.4797764,1.1027095,0.76261806,78.98226,0.2270937
2024-07-11 00:00:00,28.973389,22.938446,1000.3738,3.1359339,-0.4285431,0.96334404,69.95565,0.0
2024-07-11 06:00:00,35.513214,23.426697,1000.6119,3.2770317,-0.31254148,0.99604404,49.78182,0.006102957
2024-07-11 12:00:00,35.545685,22.052765,996.6375,3.2434788,0.9342315,0.8834855,45.72023,0.0030510128
2024-07-11 18:00:00,29.990143,24.657745,999.865,1.5315697,2.5223277,0.94505525,73.1603,0.02888497
2024-07-12 00:00:00,29.098999,23.747955,999.0538,2.0158255,1.1850033,0.84659135,72.92708,0.0
2024-07-12 06:00:00,37.105377,22.585846,998.6969,3.2095819,1.4687469,0.22199854,43.352463,0.0067688525
2024-07-12 12:00:00,32.324005,24.485626,996.2581,2.4782794,3.0576649,0.7945955,63.39499,0.58599937
2024-07-12 18:00:00,27.50235,23.173737,999.23627,3.9572897,-0.27508378,0.7912185,77.30218,0.0
2024-07-13 00:00:00,26.61325,23.94522,998.0056,3.4129133,-1.0239639,0.99730074,85.32124,0.33814192
2024-07-13 06:00:00,33.567413,24.006683,998.645,5.1970844,1.0906379,0.87502253,57.43994,0.0
2024-07-13 12:00:00,34.75589,21.80484,996.70874,4.150483,2.039072,1.0,47.046192,0.032609142
2024-07-13 18:00:00,29.792755,22.471771,998.84125,4.3536205,0.26337537,0.9908323,64.862,0.0
2024-07-14 00:00:00,28.54007,22.305328,997.4988,3.9057612,-0.26206934,1.0,69.03137,0.0
2024-07-14 06:00:00,30.79129,23.318665,997.72375,4.4918146,0.44974458,1.0,64.47684,0.0
2024-07-14 12:00:00,33.182648,22.885101,995.7056,3.781752,1.0992851,1.0,54.853046,0.055879354
2024-07-14 18:00:00,29.145416,23.346588,997.83185,4.287871,-0.33756733,1.0,70.99318,0.054744855
2024-07-15 00:00:00,28.156647,22.77298,997.0275,2.9491553,1.1349173,1.0,72.62162,0.0
2024-07-15 06:00:00,32.11978,24.074738,997.59686,6.53695,1.2919466,1.0,62.5709,0.14352491
2024-07-15 12:00:00,30.737213,25.05597,995.66876,3.9057178,1.7026393,1.0,71.78029,0.16798428
2024-07-15 18:00:00,27.973358,23.661713,998.0637,4.6178703,1.9656992,0.9980221,77.45098,0.0
2024-07-16 00:00:00,27.196991,23.596283,997.0056,3.6576838,1.271449,0.9999998,80.730194,0.25588423
2024-07-16 06:00:00,32.019684,22.508453,998.29,5.559683,2.4655933,1.0,57.24712,0.0
2024-07-16 12:00:00,29.43103,24.09607,996.08813,3.171484,2.1114893,0.9419863,73.054245,0.28028706
2024-07-16 18:00:00,27.832,23.641937,998.59375,3.4193163,1.1227663,0.99844235,77.99952,0.0
2024-07-17 00:00:00,27.840546,23.369568,997.15,4.2128086,1.0402048,0.9999964,76.69083,0.0
2024-07-17 06:00:00,33.90164,22.426788,998.5644,8.045117,0.6323815,0.88719505,51.243412,0.0
2024-07-17 12:00:00,32.68918,22.342987,996.8275,6.1812744,1.2875631,1.0,54.571205,0.012489967
2024-07-17 18:00:00,27.78366,23.319855,1000.26,4.4379263,1.4190292,1.0,76.7154,0.34400594
2024-07-18 00:00:00,26.992767,23.647858,997.6369,4.6477184,1.3625138,1.0000001,81.958046,0.108103186
2024-07-18 06:00:00,31.839996,24.070648,999.22375,5.207818,0.9506342,1.0,63.554638,0.0
2024-07-18 12:00:00,29.69217,22.699371,996.54376,5.5968657,0.25787354,1.0,66.14638,0.0
2024-07-18 18:00:00,28.146881,21.813568,998.66876,5.3184214,1.1483438,1.0,68.54263,0.0
2024-07-19 00:00:00,28.618988,21.219147,997.205,4.7137985,1.1062968,1.0,64.3042,0.0
2024-07-19 06:00:00,34.152008,21.463837,997.52563,7.462514,0.59076226,1.0,47.64947,0.0
2024-07-19 12:00:00,32.45816,21.732208,995.64,6.4116554,0.050333798,1.0,53.26605,0.03149174
2024-07-19 18:00:00,28.832672,20.973053,997.90436,5.271534,0.97334135,0.99359256,62.55976,0.0
2024-07-20 00:00:00,29.298187,21.390778,996.73315,3.929183,1.3135804,0.99955463,62.478386,0.0
2024-07-20 06:00:00,35.91739,21.355682,998.2406,6.516057,1.016497,0.9934372,42.924786,0.0
2024-07-20 12:00:00,34.983795,21.337677,995.71436,5.8075237,0.9998035,0.99839973,45.146366,0.0
2024-07-20 18:00:00,30.168732,20.385162,999.1287,4.9497614,0.25722975,1.0,55.860798,0.0
2024-07-21 00:00:00,29.37204,21.790192,997.9531,3.585473,1.394865,0.9731297,63.75122,0.0
2024-07-21 06:00:00,36.35965,21.637848,998.65125,5.8372984,1.157172,0.9751405,42.623894,0.0
2024-07-21 12:00:00,35.66031,20.884308,996.46,6.5239477,0.69428825,0.5043279,42.295387,0.0
2024-07-21 18:00:00,30.627289,21.009918,999.8875,4.6767006,0.4445694,0.98288625,56.546654,0.0
2024-07-22 00:00:00,30.035736,20.230011,999.23376,3.5772324,0.92304355,0.9999958,55.75214,0.0
2024-07-22 06:00:00,35.791046,20.74002,1001.03314,5.348754,0.24623674,0.5197502,41.62052,0.0
2024-07-22 12:00:00,34.60562,20.453033,999.03125,5.564053,0.4058771,0.41142696,43.662876,0.0
2024-07-22 18:00:00,29.600555,22.318024,1002.16064,4.162169,0.028959274,0.9435472,64.97369,0.0
2024-07-23 00:00:00,28.786774,22.405853,1001.04126,3.0941992,0.79274243,0.98998934,68.46754,0.0
2024-07-23 06:00:00,35.85013,21.827728,1001.3088,5.519618,0.6868523,0.79348344,44.3462,0.0
2024-07-23 12:00:00,36.32486,21.133942,997.3688,4.564477,0.15327132,0.5730301,41.407143,0.0
2024-07-23 18:00:00,30.439362,21.962921,1001.36,3.4276507,0.30961227,0.7507227,60.591923,0.0
2024-07-24 00:00:00,29.26297,22.146637,999.925,3.5843763,0.15000933,0.6209175,65.56407,0.0
2024-07-24 06:00:00,36.447906,21.548431,998.97626,4.9285574,0.5547531,0.57037854,42.186672,0.0
2024-07-24 12:00:00,35.58902,22.019684,996.4825,5.199896,-0.65748024,0.690552,45.519127,0.027474016
2024-07-24 18:00:00,30.879425,21.335602,998.91626,3.4196367,0.35435772,0.39304513,56.862877,0.0
2024-07-25 00:00:00,28.935822,22.320587,998.08936,4.5618258,0.19367534,1.0,67.52773,0.0
2024-07-25 06:00:00,35.3273,21.590057,997.75,7.445669,0.4661205,0.99912095,44.985928,0.0
2024-07-25 12:00:00,32.87491,21.844269,996.34314,6.547332,0.66691196,0.9764428,52.387012,0.1014885
2024-07-25 18:00:00,29.785492,21.579742,999.22125,3.6500282,0.84777504,0.9992784,61.454346,0.0
2024-07-26 00:00:00,29.542023,22.327667,997.215,3.3037863,1.1484089,1.0,65.231514,0.0
2024-07-26 06:00:00,35.86624,21.694916,998.01685,7.615177,0.13206553,0.97880554,43.94883,0.0
2024-07-26 12:00:00,35.38089,21.901031,995.4294,6.2808647,0.11065769,0.42163354,45.713215,0.011060387
2024-07-26 18:00:00,30.15274,22.554352,999.7356,5.647443,-0.53398323,0.9777237,63.853382,0.0
2024-07-27 00:00:00,29.620392,22.519745,997.8,4.31633,0.54707396,0.9766848,65.700165,0.0
2024-07-27 06:00:00,36.354767,21.49533,998.41,6.391761,-0.69169617,0.99470794,42.265198,0.0
2024-07-27 12:00:00,35.236725,21.384796,995.7425,4.8746624,-0.6609173,0.5931213,44.647278,0.020980835
2024-07-27 18:00:00,31.07193,18.74942,999.40436,4.8932295,0.016430855,0.93363506,47.92306,0.0
2024-07-28 00:00:00,29.973053,18.862946,996.98,4.0940924,0.27620268,0.9600349,51.39744,0.0
2024-07-28 06:00:00,36.873444,18.493683,997.4,4.785721,0.52359104,1.0000001,34.113995,0.0
2024-07-28 12:00:00,35.647736,19.881622,994.4913,4.4917274,-0.37277126,0.8950194,39.784397,0.0
2024-07-28 18:00:00,30.783783,20.599518,997.035,5.630808,0.18304563,1.0,54.645508,0.0
2024-07-29 00:00:00,30.029877,21.661896,995.6931,4.2936525,0.63411355,1.0,60.902096,0.0
2024-07-29 06:00:00,36.376984,21.160797,996.1337,7.251955,0.98680365,0.9999998,41.35697,0.0
2024-07-29 12:00:00,34.422638,21.357086,994.4075,5.7010617,0.025931358,0.9991579,46.630745,0.0
2024-07-29 18:00:00,29.4169,22.696564,999.02374,3.7961788,0.45923895,1.0000002,67.19293,0.24181604
2024-07-30 00:00:00,28.826508,23.196625,998.70624,3.084755,1.1800196,0.76912457,71.66391,0.0
2024-07-30 06:00:00,31.041412,25.49768,999.5594,5.63309,-0.869812,0.8361267,72.423134,1.0361736
2024-07-30 12:00:00,33.439972,23.802643,997.70685,4.6587315,-0.5808878,0.93823457,57.146187,0.0
2024-07-30 18:00:00,29.11734,22.401398,1000.7019,4.1122723,-0.13542366,0.99444336,67.151306,0.0
2024-07-31 00:00:00,29.127045,21.871002,1000.4381,2.023051,0.46465367,0.801466,64.97984,0.0
2024-07-31 06:00:00,36.23404,22.285187,1000.6919,4.6264057,0.4600743,0.32376832,44.647423,0.0
2024-07-31 12:00:00,34.54422,22.543365,997.91437,4.2711406,-0.30336094,0.68884486,49.792496,0.56773424
2024-07-31 18:00:00,27.879639,24.048553,1000.9313,4.1324663,-0.009292603,0.9999997,79.70841,2.058936
2024-08-01 00:00:00,28.436493,22.57309,999.635,3.5395308,0.50385994,1.0,70.5875,0.0
2024-08-01 06:00:00,35.68985,22.23471,1000.32623,4.7121553,0.48322648,1.0,45.86356,0.0
2024-08-01 12:00:00,34.111725,22.952728,998.09186,3.5149882,0.5215937,0.99999994,52.288025,0.33268332
2024-08-01 18:00:00,29.730804,22.572296,1001.605,3.0554986,0.10909462,1.0,65.49237,0.0
2024-08-02 00:00:00,28.52951,23.282867,999.89935,3.1288204,-0.3996458,1.0,73.29036,0.05367583
2024-08-02 06:00:00,35.262604,23.257843,1000.6194,5.2988033,0.64369607,1.0,49.96408,0.0
2024-08-02 12:00:00,35.01712,22.492462,997.59937,4.1938386,0.5921141,0.99999994,48.352943,0.6089676
2024-08-02 18:00:00,29.855682,22.180939,1001.6238,2.891666,-0.2182684,0.9820079,63.49431,0.0
2024-08-03 00:00:00,29.125885,22.526642,1000.4025,3.1431913,-0.33169556,0.9999999,67.63088,0.0
2024-08-03 06:00:00,36.050323,21.355377,1000.8644,4.1492767,-0.09443885,0.99799746,42.611183,0.0
2024-08-03 12:00:00,34.06961,23.944489,998.20624,3.7954912,0.09739524,0.97010124,55.64199,2.2192597
2024-08-03 18:00:00,28.457245,24.076263,1002.9819,1.0966105,1.2320913,0.8722923,77.200134,0.0
2024-08-04 00:00:00,28.610352,22.786774,1001.21936,2.2845862,-0.34068203,0.99927926,70.79001,4.656613e-07
2024-08-04 06:00:00,35.32498,22.996185,1001.47565,4.0509048,-1.3784962,0.9863387,49.01049,0.0
2024-08-04 12:00:00,35.62918,21.921295,997.14624,3.0552797,-0.45859063,0.60288364,45.146652,0.45853853
2024-08-04 18:00:00,27.588837,23.84903,1002.7575,-0.57927334,0.22014943,0.8713615,80.10799,0.0
2024-08-05 00:00:00,26.727814,24.058075,1001.96936,1.5290196,0.40088588,0.9962405,85.324036,0.0
2024-08-05 06:00:00,33.22574,23.558624,1001.97687,1.4014661,-0.24700165,0.99999994,56.993317,0.00028614886
2024-08-05 12:00:00,33.532257,23.393707,998.3187,1.1912603,-0.18244743,1.0,55.467884,0.51314825
2024-08-05 18:00:00,26.37033,24.59668,1002.095,0.7591461,1.7635305,1.0000005,89.99921,0.0
2024-08-06 00:00:00,27.727722,23.344025,999.875,2.1536684,-0.6951914,0.96625984,77.07886,0.0
2024-08-06 06:00:00,34.197906,24.563232,999.9531,3.1213114,-1.3979902,0.8934157,57.333332,0.00019214675
2024-08-06 12:00:00,30.764984,25.205353,997.895,0.4425354,0.70306087,0.918886,72.306984,2.3071737
2024-08-06 18:00:00,26.09317,24.335388,1001.785,1.8670721,1.6879497,0.9980226,90.06521,0.0
2024-08-07 00:00:00,25.900513,24.299225,1000.0737,1.0557723,0.56576073,0.99927855,90.900734,0.26253545
2024-08-07 06:00:00,32.54373,24.481415,1000.70685,2.3473358,-0.88134575,0.9878308,62.597775,0.0
2024-08-07 12:00:00,31.97641,23.71634,998.1925,1.1630449,-1.213789,0.74857646,61.73618,0.15972927
2024-08-07 18:00:00,26.949982,24.898468,1001.9175,0.6132207,0.835021,0.33239603,88.56102,0.0
2024-08-08 00:00:00,26.880402,23.744781,1000.83374,1.1429335,0.16037571,0.9805632,82.9839,0.0007748604
2024-08-08 06:00:00,31.930695,24.284637,1001.4363,3.2773075,-0.74308515,0.54653466,64.04571,0.093728304
2024-08-08 12:00:00,30.928009,23.174225,999.0775,2.2345533,-1.277482,0.6135366,63.419662,0.0
2024-08-08 18:00:00,28.126923,22.857819,1002.9975,1.9480968,1.0849178,0.9912031,73.122475,0.0
2024-08-09 00:00:00,27.159637,22.487701,1001.195,2.1432505,0.052562714,0.8688105,75.65862,0.0
2024-08-09 06:00:00,34.0242,23.79892,1000.83435,3.0287638,-1.1474485,0.013792096,55.297035,0.0006677583
2024-08-09 12:00:00,33.432648,23.845245,999.0031,0.4918251,0.117549896,0.78506994,57.316334,0.14103484
2024-08-09 18:00:00,27.832489,25.141052,1002.90186,0.9016894,1.280824,0.8792224,85.32459,0.5767786
2024-08-10 00:00:00,27.03894,24.018524,1001.3894,2.153139,-0.16142368,0.20224655,83.578705,0.0
2024-08-10 06:00:00,32.966827,24.3237,1001.3781,1.9803853,-1.4160643,0.3438952,60.54925,0.028129667
2024-08-10 12:00:00,35.15396,23.529694,997.84686,1.6391268,0.6160899,0.66170555,51.096684,0.5724914
2024-08-10 18:00:00,27.058746,25.220337,1001.20935,-0.32860845,1.286074,0.47658587,89.7013,0.0
2024-08-11 00:00:00,27.526154,24.225433,1000.565,1.5958633,-1.5682344,0.584822,82.24039,0.23953047
2024-08-11 06:00:00,33.36331,25.196625,999.43,1.3440526,-1.5717697,0.32284278,62.38555,0.0
2024-08-11 12:00:00,32.8284,25.728058,995.7019,0.025504112,-0.30206013,0.7339852,66.35108,1.1587143
2024-08-11 18:00:00,27.605042,25.2836,1000.4913,1.2639697,2.2264104,0.9401738,87.20291,0.0
2024-08-12 00:00:00,26.220856,24.379364,999.085,0.4176821,-0.3049103,0.8116751,89.62378,0.0
2024-08-12 06:00:00,32.536163,25.1427,998.2706,0.36748236,-1.8884296,0.21893507,65.146545,0.11177361
2024-08-12 12:00:00,33.779694,25.8013,995.4469,-2.42529,-0.9769144,0.649087,63.177048,0.08802116
2024-08-12 18:00:00,28.470947,26.36319,999.6044,0.3064537,1.8974649,0.97406936,88.387924,0.9165406
2024-08-13 00:00:00,27.402618,24.822449,998.7438,-0.100771904,0.5327853,0.5378042,85.84993,0.0
2024-08-13 06:00:00,32.903595,24.751312,999.52435,-1.2519369,-0.021291733,0.2531888,62.339615,0.0
2024-08-13 12:00:00,33.126007,24.484528,996.22314,-2.9721556,0.3465172,0.5144861,60.59081,0.0
2024-08-13 18:00:00,28.868866,25.960022,999.94,-0.39393902,1.0765915,0.082576096,84.33666,0.0
2024-08-14 00:00:00,27.862762,25.286224,998.39874,-0.18341303,1.276562,0.61544955,85.91315,0.121191055
2024-08-14 06:00:00,32.920807,25.657562,998.8038,-0.24717766,0.89426816,0.3954649,65.731544,0.0
2024-08-14 12:00:00,31.11972,26.28012,995.8006,-1.8345661,1.2450757,0.8288426,75.52055,0.9484762
2024-08-14 18:00:00,28.443512,26.374573,999.59686,0.9483821,1.433157,0.7365035,88.588486,0.0
2024-08-15 00:00:00,27.287231,25.850586,997.9625,-0.3976819,-0.46185714,0.5453223,91.88224,0.0
2024-08-15 06:00:00,32.301056,25.473816,998.39624,0.85490024,1.747201,0.9550646,67.330185,0.26654017
2024-08-15 12:00:00,31.482086,25.486298,995.4475,-1.340949,1.8588781,0.7821311,70.581024,0.0
2024-08-15 18:00:00,28.687683,26.326996,998.6238,-0.45458174,2.819315,0.20525342,87.09634,0.0
2024-08-16 00:00:00,27.699554,25.925842,996.6813,0.7575617,0.35549897,0.806781,90.09211,0.0
2024-08-16 06:00:00,32.783722,25.290619,997.5544,0.013163567,0.53850925,0.9641153,64.81213,0.099651314
2024-08-16 12:00:00,33.339874,24.870941,994.3038,-2.0400763,0.17831248,0.36874658,61.266594,0.0
2024-08-16 18:00:00,28.497986,26.745972,998.79376,0.96971893,1.8892975,0.47158003,90.262695,0.006094575
2024-08-17 00:00:00,27.620056,25.882477,997.1825,0.70895165,0.09096593,0.84226215,90.279564,0.0
2024-08-17 06:00:00,34.040436,25.994812,998.2019,2.248764,-0.37484884,0.83281296,62.981445,0.079150654
2024-08-17 12:00:00,28.659454,25.954285,996.3644,-1.4035835,2.8277464,0.9939768,85.33795,0.25893268
2024-08-17 18:00:00,27.781586,25.71231,999.78064,0.97336274,1.2142102,0.5926451,88.53399,0.0
2024-08-18 00:00:00,27.73413,25.59079,998.2375,1.5236437,0.024570465,0.5819861,88.1419,0.0
2024-08-18 06:00:00,34.324738,25.095306,999.3706,1.8493165,0.45453078,0.13046956,58.767,0.010299004
2024-08-18 12:00:00,33.170685,25.522858,996.27124,-1.21169,1.0690209,0.5241247,64.29876,0.03699728
2024-08-18 18:00:00,27.731354,24.87857,1000.3925,-0.49071538,2.736765,0.43974137,84.49738,0.0
2024-08-19 00:00:00,27.538605,25.636475,998.39874,-0.033253014,0.51252896,0.9984434,89.397385,0.0
2024-08-19 06:00:00,33.29532,26.058197,999.6331,-1.1037931,0.18297851,1.0000005,65.90909,0.06790645
2024-08-19 12:00:00,30.042816,25.693756,996.5544,0.5827224,1.8149719,0.9915674,77.58044,0.0
2024-08-19 18:00:00,27.565277,25.454437,1000.3806,-0.01231277,1.5249906,0.40370578,88.298355,0.0
2024-08-20 00:00:00,27.327026,25.291351,997.5731,0.65787107,0.6704417,0.7110344,88.67464,0.0
2024-08-20 06:00:00,32.305695,25.438934,999.7394,0.22679853,1.1355655,0.903033,67.173134,0.044813674
2024-08-20 12:00:00,30.738373,25.73877,996.28064,-0.8211422,3.5524502,0.2953543,74.74881,0.0
2024-08-20 18:00:00,28.08609,24.83664,1000.98376,0.29864216,3.584733,0.9292025,82.5595,0.0
2024-08-21 00:00:00,27.483582,24.606995,999.7519,0.93336844,2.8937826,0.5882252,84.351006,0.0011473894
2024-08-21 06:00:00,32.54019,24.41684,1001.2944,2.6262665,3.4193745,0.7613741,62.36868,0.024309712
2024-08-21 12:00:00,30.651031,25.044647,999.0737,0.96045005,4.675461,0.90834796,72.086136,0.010030014
2024-08-21 18:00:00,27.823853,23.353363,1001.925,1.8219988,3.3981333,0.9559469,76.690544,0.082582235
2024-08-22 00:00:00,27.12149,22.24472,1001.0131,1.4245937,1.9061298,0.65577763,74.71597,0.0
2024-08-22 06:00:00,31.478546,23.353668,1002.2506,2.1393137,1.0929377,0.96848875,62.131714,0.0
2024-08-22 12:00:00,31.930328,24.024689,1000.09625,-1.0247431,2.6883879,0.9978396,63.055855,0.0
2024-08-22 18:00:00,28.167816,25.512817,1002.9575,0.8818901,3.7135067,0.9028994,85.54318,0.0
2024-08-23 00:00:00,27.95343,25.0831,1002.03064,1.0026255,2.231103,1.0,84.4325,0.0
2024-08-23 06:00:00,33.96646,24.924042,1002.14185,2.295392,2.1670084,0.885679,59.343636,0.0
2024-08-23 12:00:00,33.43155,24.380768,999.8125,-0.10872078,3.0158908,1.0,59.192127,9.560608e-05
2024-08-23 18:00:00,28.922333,24.775177,1003.08374,0.94152737,4.163862,1.0,78.35654,0.0
2024-08-24 00:00:00,27.921204,24.679108,1002.495,1.5101383,2.8953056,0.47102362,82.57641,9.49949e-05
2024-08-24 06:00:00,33.424957,24.082794,1003.4269,2.9067764,2.2191153,0.9992753,58.16536,0.0
2024-08-24 12:00:00,33.684845,23.053741,1000.1825,2.8887672,1.806653,0.96892077,53.878067,0.0058189034
2024-08-24 18:00:00,29.83374,22.11673,1003.47876,1.7808805,1.1635606,0.68554187,63.32633,0.0
2024-08-25 00:00:00,28.24234,22.745514,1002.2569,2.544134,1.0383489,0.98869264,72.139946,0.0
2024-08-25 06:00:00,34.825836,22.464142,1002.70624,4.6384907,1.5820436,0.942162,48.784454,0.0
2024-08-25 12:00:00,34.93228,21.353668,999.2394,3.9444168,0.80407614,0.40908974,45.319855,0.0
2024-08-25 18:00:00,28.966522,21.83316,1002.2606,1.9816074,0.6187663,0.55446965,65.43485,0.0
2024-08-26 00:00:00,27.376984,21.820526,1001.28564,3.0778122,0.32711434,0.9318666,71.72592,0.0
2024-08-26 06:00:00,34.747223,22.123016,1001.34064,5.4392414,1.2164228,0.80369705,47.991238,0.0
2024-08-26 12:00:00,35.24002,21.280548,998.3013,2.7525225,1.9644461,0.8155157,44.354847,0.0007627532
2024-08-26 18:00:00,29.608246,23.502228,1001.7594,1.66885,1.1283175,0.9948739,69.77379,0.0
2024-08-27 00:00:00,28.556488,22.389069,1001.1794,2.8426163,1.1564991,0.9897639,69.31772,0.0
2024-08-27 06:00:00,33.860626,23.144928,1001.8006,5.184432,1.238554,0.9747151,53.646225,0.000381493
2024-08-27 12:00:00,34.9075,22.214386,999.39624,2.5545397,0.6077945,0.9980217,47.83182,0.3780484
2024-08-27 18:00:00,29.300934,24.030914,1003.59814,1.2502073,1.4839873,0.99730086,73.317566,0.0
2024-08-28 00:00:00,28.079498,22.328827,1001.5806,3.641551,-0.06829709,0.9987186,71.007484,0.0
2024-08-28 06:00:00,32.987213,22.503143,1002.40814,3.9221277,-0.21061838,1.0,54.188423,0.0
2024-08-28 12:00:00,33.314606,21.801056,999.97,2.4196606,-0.20814484,1.0,50.97416,0.0
2024-08-28 18:00:00,29.934326,23.069855,1002.0419,2.2479875,0.77156544,1.0,66.711586,0.005918535
2024-08-29 00:00:00,28.274445,22.766937,1000.3844,3.629424,-0.1293745,0.9807518,72.09888,0.0
2024-08-29 06:00:00,34.146515,23.064178,1000.47375,4.605566,0.08876032,1.0,52.53987,0.0030514784
2024-08-29 12:00:00,31.209259,24.751251,998.15375,0.30337733,0.7195435,1.0,68.614105,1.0799649
2024-08-29 18:00:00,27.236847,23.198944,1000.5056,2.6834626,0.80792606,0.99999976,78.6336,0.0
2024-08-30 00:00:00,27.438873,22.844574,999.28815,2.7172794,1.4744825,0.9799681,76.059616,0.0
2024-08-30 06:00:00,32.960114,23.608978,1001.0069,4.7993593,0.8083157,0.99999994,58.025955,0.00038184226
2024-08-30 12:00:00,32.95511,23.747345,997.8925,1.5593214,2.8120925,1.0,58.527924,0.13124864
2024-08-30 18:00:00,27.621338,23.454132,1001.03564,3.8802032,0.6799839,0.9995545,78.07666,0.0
2024-08-31 00:00:00,28.063873,23.16983,999.86127,3.2497416,1.0933471,1.0,74.79053,0.0
2024-08-31 06:00:00,34.569977,23.161224,1000.03687,5.2651806,-0.095543146,1.0,51.617878,0.0
2024-08-31 12:00:00,32.3284,23.057281,997.3631,2.3997514,0.4689265,1.0,58.15947,0.0003837049
2024-08-31 18:00:00,29.69339,22.09195,1000.02625,3.340147,0.616395,1.0000036,63.743656,0.0
2024-09-01 00:00:00,28.064056,22.93222,998.935,3.616516,1.4732811,0.92431813,73.7223,0.0
2024-09-01 06:00:00,36.204742,22.686432,999.6806,4.038786,1.7289863,0.77944875,45.822906,0.0
2024-09-01 12:00:00,31.130402,25.857422,996.54565,0.056770384,1.1295509,0.8279059,73.61094,0.019174756
2024-09-01 18:00:00,28.898224,23.039642,999.8862,2.4294798,0.19715977,0.20032644,70.692505,0.0
2024-09-02 00:00:00,27.92807,23.376923,999.1181,3.608632,-0.016591072,0.5264706,76.33396,0.0
2024-09-02 06:00:00,34.930817,22.942902,999.54626,4.2259827,-0.30070466,0.71133363,49.93038,9.534415e-05
2024-09-02 12:00:00,34.05252,23.618683,995.9462,3.1856966,1.285383,0.99844474,54.61391,0.09336474
2024-09-02 18:00:00,30.2518,24.26529,1000.4794,1.511944,1.7540165,0.9958763,70.39613,0.0
2024-09-03 00:00:00,28.363922,23.030182,999.21814,3.5031786,-0.021482468,0.5944787,72.87733,0.0
2024-09-03 06:00:00,34.63748,23.232086,1001.2556,4.2436323,0.8866492,0.77503747,51.64531,0.0
2024-09-03 12:00:00,33.93216,22.143463,998.53815,1.9363993,2.5202508,0.5634982,50.28176,0.22861362
2024-09-03 18:00:00,29.256134,21.985748,1001.54565,2.6500244,0.3130045,0.9784791,64.94992,0.0
2024-09-04 00:00:00,28.632355,22.731415,1000.96564,3.650175,-0.10886288,0.97912246,70.46277,0.0
2024-09-04 06:00:00,34.70218,23.252045,1001.33,4.8525715,0.029792964,0.9991582,51.522137,0.0
2024-09-04 12:00:00,34.70694,22.017609,998.11,2.162243,-0.35771316,0.99415237,47.79068,0.0
2024-09-04 18:00:00,29.893585,22.630035,1000.59,2.2931662,1.3599663,0.9999998,65.10962,0.0
2024-09-05 00:00:00,28.571777,22.849152,999.0106,3.8160915,0.26461792,0.2186265,71.217445,0.0
2024-09-05 06:00:00,36.3378,22.13327,999.6125,4.475727,-0.27162915,0.3638792,43.985096,0.0
2024-09-05 12:00:00,36.589264,20.946564,996.2369,2.5887403,-1.0266085,0.7326908,40.34411,0.0019071158
2024-09-05 18:00:00,30.59134,23.03299,1000.08624,2.1143162,2.3282495,0.99132466,64.10165,0.0
2024-09-06 00:00:00,29.152435,22.623688,998.29,4.157153,-0.501915,0.99927855,67.92621,0.0
2024-09-06 06:00:00,34.88443,22.624786,1000.36127,4.0793104,-1.0824242,1.0,49.102863,0.0008584466
2024-09-06 12:00:00,34.683624,22.59024,997.9725,1.6776848,0.54472184,0.99999994,49.54911,0.096982576
2024-09-06 18:00:00,29.5195,23.717438,1000.725,1.7903833,1.5592055,0.9899904,71.04683,0.0
2024-09-07 00:00:00,29.070587,22.328278,999.4356,4.1933575,0.11491871,0.9578727,67.03441,0.0
2024-09-07 06:00:00,35.52469,22.338593,1000.845,4.5793133,0.07741052,0.9980223,46.57686,0.0001906883
2024-09-07 12:00:00,35.651398,21.090118,998.0181,3.5716085,0.3765837,1.0,42.854736,0.001429813
2024-09-07 18:00:00,29.917389,22.498322,1001.60876,2.970007,0.4958601,1.0,64.50263,0.0
2024-09-08 00:00:00,28.968292,21.165802,1000.7656,3.823533,0.05195868,1.0,62.8093,0.0
2024-09-08 06:00:00,34.268707,22.451263,1001.435,4.9829693,0.9701559,0.993971,50.27966,0.0
2024-09-08 12:00:00,34.13199,22.348907,998.63,3.3884199,0.43801975,0.99748605,50.349926,0.0019073486
2024-09-08 18:00:00,29.765778,21.722809,1001.2925,4.262916,0.055435598,0.9999998,62.064648,0.0
2024-09-09 00:00:00,28.525604,22.22641,999.70874,3.1209955,0.9724663,0.9617122,68.75838,0.0
2024-09-09 06:00:00,35.43692,22.773346,999.51935,4.223157,1.8219995,0.9911153,48.0552,0.0
2024-09-09 12:00:00,32.76834,24.671173,996.5513,2.9095182,1.785877,0.6809637,62.515903,0.6810893
2024-09-09 18:00:00,29.306183,22.017609,999.35315,4.271056,0.1265716,0.69908166,64.88837,0.0
2024-09-10 00:00:00,28.952118,22.800873,999.3769,2.7469683,1.1074505,0.29372823,69.460556,0.0
2024-09-10 06:00:00,36.299713,22.306366,999.5775,5.6759186,1.555026,0.3694722,44.54407,0.002289191
2024-09-10 12:00:00,36.32193,20.692657,995.915,4.131715,1.5712414,0.43850142,40.305294,0.0
2024-09-10 18:00:00,30.275177,21.366974,1000.6331,4.036335,-0.6124325,0.59209186,58.97645,0.0
2024-09-11 00:00:00,28.945251,22.993011,999.71936,3.6819515,0.835993,0.9861104,70.30155,0.0
2024-09-11 06:00:00,35.878693,22.40207,1000.665,3.9128675,1.7613974,0.80789256,45.853287,0.0
2024-09-11 12:00:00,33.043854,23.078278,998.4313,1.4633327,1.8513747,0.8592047,55.932564,0.3445565
2024-09-11 18:00:00,29.42862,22.196686,1001.82623,4.086726,0.09139633,1.0000006,65.13824,0.0
2024-09-12 00:00:00,28.43399,22.487457,1001.4856,3.5685425,0.65619963,0.9737741,70.23154,0.0
2024-09-12 06:00:00,35.672516,22.118866,1001.41437,4.0855064,1.2962432,0.9782851,45.58469,0.0
2024-09-12 12:00:00,36.818268,21.187042,998.6763,2.9450579,-1.3894606,0.664141,40.4343,0.00047683716
2024-09-12 18:00:00,30.368988,24.424713,1001.35565,1.1375189,2.3513432,0.9960439,70.595894,0.0
2024-09-13 00:00:00,29.58017,23.024323,1000.9931,2.9706488,0.8758644,0.9808375,67.89822,0.0
2024-09-13 06:00:00,36.34732,21.342438,1000.6475,3.6754913,0.121065676,0.32908535,41.88836,0.0
2024-09-13 12:00:00,36.806793,20.536652,997.52936,3.4076595,-0.31632233,1.0000001,38.87311,0.0
2024-09-13 18:00:00,30.700653,23.12967,1000.9369,2.202374,1.9177265,0.98997384,64.075775,0.0
2024-09-14 00:00:00,29.736603,21.578156,999.8475,3.5177212,-0.058981895,1.0,61.62156,0.0
2024-09-14 06:00:00,36.09561,21.709076,1000.4219,4.3079357,-0.27155036,0.90675753,43.43525,0.0
2024-09-14 12:00:00,33.987457,22.173737,997.8075,3.077857,-1.5217247,0.85556,50.21929,1.3514459
2024-09-14 18:00:00,31.099457,22.325226,1001.02625,1.3544816,1.1787091,0.7220766,59.65128,0.0
2024-09-15 00:00:00,28.785858,22.003204,999.76685,3.6975107,-0.5586939,0.9156943,66.81298,0.0
2024-09-15 06:00:00,36.20291,21.391815,1000.34064,4.16706,-0.8369913,0.59414595,42.349747,0.0
2024-09-15 12:00:00,36.855377,20.21756,996.8669,3.1716805,-1.6366062,0.36939096,38.01372,0.0
2024-09-15 18:00:00,31.13504,22.376007,1001.1094,1.5848203,1.7594795,0.21279788,59.71458,0.0
2024-09-16 00:00:00,29.213104,22.51773,999.9444,3.4398165,0.08460903,0.23280126,67.25433,0.0
2024-09-16 06:00:00,36.9722,20.63089,1000.3475,4.1498156,-1.6604328,0.10587689,38.747623,0.0
2024-09-16 12:00:00,37.35025,19.327301,997.1044,3.3295746,-1.6564646,0.20117188,35.013165,0.0
2024-09-16 18:00:00,31.319366,21.759796,1001.4025,1.8779032,2.626828,0.30379504,56.91292,0.0
2024-09-17 00:00:00,29.90213,22.658234,1000.1025,4.032112,-0.7545061,0.17141108,65.18911,0.0
2024-09-17 06:00:00,37.17801,20.816254,1000.10626,4.305085,-1.7300272,0.086937815,38.754498,0.0
2024-09-17 12:00:00,36.462433,20.97818,996.3744,3.8769093,-1.0187235,0.27560693,40.704548,0.0019066501
2024-09-17 18:00:00,31.163177,22.087433,999.8225,1.619645,2.2766132,0.25525057,58.580772,0.0
2024-09-18 00:00:00,29.188202,21.411041,998.6825,4.0667267,-0.7875967,0.6162909,62.954784,0.0
2024-09-18 06:00:00,36.634674,19.11026,998.9356,3.735224,-1.6784401,0.037299383,35.92003,0.0
2024-09-18 12:00:00,37.365387,18.569489,995.14,1.7690601,-0.09031397,0.10293482,33.368267,0.0
2024-09-18 18:00:00,30.125702,23.281158,999.67,1.5182693,2.633533,0.10918131,66.8303,0.0
2024-09-19 00:00:00,29.123749,19.529694,999.03436,3.355751,-0.026640892,0.31967303,56.265537,0.0
2024-09-19 06:00:00,34.756744,20.783905,999.7619,2.2423859,-1.4703465,0.62754565,44.18977,0.0
2024-09-19 12:00:00,35.93643,19.18692,995.9906,1.2984886,-1.8922815,0.3680296,37.50247,0.0001906883
2024-09-19 18:00:00,29.68631,24.89383,999.9344,0.90375066,2.5848908,0.7320825,75.507416,0.0
2024-09-20 00:00:00,29.636932,20.871735,998.70624,3.7425852,-0.42574978,0.92943513,59.348167,0.0
2024-09-20 06:00:00,35.60843,20.911163,999.3619,3.1574287,-0.89153004,0.92294705,42.4867,0.0
2024-09-20 12:00:00,36.3721,20.177032,996.5781,2.1703367,-0.8878727,0.29101908,38.935726,0.00038184226
2024-09-20 18:00:00,30.119904,23.66153,999.785,1.9564912,2.387834,0.94476247,68.40385,0.0
2024-09-21 00:00:00,29.029419,21.404877,998.6906,4.155411,-1.0430269,0.99927855,63.511585,0.0
2024-09-21 06:00:00,35.893585,21.740265,999.86,2.8383236,-1.7021418,0.99403894,44.0045,0.0
2024-09-21 12:00:00,35.024933,21.894989,996.4269,1.5203123,-0.35716915,0.9644749,46.60527,0.0061020255
2024-09-21 18:00:00,30.35263,21.908966,1000.3275,0.5125927,1.52333,0.99027056,60.693638,0.0
2024-09-22 00:00:00,29.360748,19.988312,998.0325,4.078553,-0.4485922,0.99999917,57.101707,0.0
2024-09-22 06:00:00,35.012848,20.613556,999.3831,3.338171,-1.4293318,0.9663305,43.111958,0.0
2024-09-22 12:00:00,34.860138,19.119537,995.8119,1.2441559,-1.4387932,0.9999998,39.633545,0.0
2024-09-22 18:00:00,30.506348,22.944977,999.3156,0.8966846,1.5994272,0.7249588,64.071945,0.0
2024-09-23 00:00:00,29.414337,22.668549,997.65,4.2271013,-0.062745094,0.97541535,67.08875,0.0
2024-09-23 06:00:00,35.27249,22.2117,998.42,3.7361307,-0.3750264,0.5933228,46.86712,0.0011473894
2024-09-23 12:00:00,35.912262,21.553741,995.47626,1.8389168,0.28193516,0.85935843,43.46079,0.052526593
2024-09-23 18:00:00,30.30597,21.376984,998.6806,3.5505507,0.33406353,0.97532374,58.908527,0.0
2024-09-24 00:00:00,29.082062,21.960052,997.23,4.273157,-0.19163293,0.91869813,65.50408,0.0001899898
2024-09-24 06:00:00,36.064606,21.953278,998.21625,4.8248787,0.3313055,0.93133086,44.16296,0.0
2024-09-24 12:00:00,34.301666,21.410309,995.4437,2.8171024,2.2053595,0.9123518,47.09912,0.0034347177
2024-09-24 18:00:00,30.137085,19.75064,998.5531,3.5158896,0.2393179,0.9668162,53.80764,0.0
2024-09-25 00:00:00,28.859161,22.044281,997.3794,3.088276,0.8001611,0.9851998,66.69655,0.0
2024-09-25 06:00:00,36.06192,22.640778,998.29065,3.7151885,0.6700247,0.9576992,46.05625,0.0
2024-09-25 12:00:00,35.368195,22.607452,995.41315,2.8368177,1.8649212,0.87993926,47.755013,0.002288958
2024-09-25 18:00:00,30.325958,22.70987,998.71063,2.0634367,1.600544,0.93932617,63.821655,0.0
2024-09-26 00:00:00,29.587494,21.78299,997.4075,3.5965014,-0.68976784,1.0000001,62.93619,0.0
2024-09-26 06:00:00,34.862823,22.184723,999.16376,2.7020426,-0.035856545,0.99312866,47.86395,0.0
2024-09-26 12:00:00,34.78714,22.221222,996.04,1.0849323,-0.08903718,0.9919681,48.17229,0.0
2024-09-26 18:00:00,30.014374,24.872284,1000.35815,-0.42640173,2.0627875,0.7255883,74.00068,0.0020861626
2024-09-27 00:00:00,29.313599,24.552155,999.71,1.9327972,0.31259632,0.8653674,75.58903,0.0
2024-09-27 06:00:00,34.44046,23.256378,1001.59314,1.3132257,-1.4777412,0.97563785,52.29078,0.0
2024-09-27 12:00:00,33.125763,23.193085,998.6937,-0.44808197,-1.118701,0.66017586,56.063587,0.06497651
2024-09-27 18:00:00,28.79538,23.723175,1002.15814,-0.780056,0.93387353,0.73651433,74.10994,0.2765581
2024-09-28 00:00:00,28.114868,25.385193,1001.33185,0.1528455,-0.4544201,1.0000026,85.15912,0.0
2024-09-28 06:00:00,32.94632,24.940887,1002.6781,0.7006216,-0.6310215,0.6521714,62.89769,0.0
2024-09-28 12:00:00,32.151703,23.797882,999.21185,-3.1284485,-0.25229186,0.37072554,61.427395,0.0
2024-09-28 18:00:00,28.038483,24.822174,1003.54065,-0.90626335,-0.1565361,0.13608482,82.71745,0.0
2024-09-29 00:00:00,28.725983,25.023254,1002.6725,-0.0757494,-0.78283787,0.6424506,80.43515,0.10606044
2024-09-29 06:00:00,33.331696,25.968536,1003.4075,-1.8515272,-0.3348052,0.47753328,65.4267,0.0
2024-09-29 12:00:00,32.51773,24.541718,1000.6987,-3.4995317,0.12271941,0.2735206,62.916256,0.0
2024-09-29 18:00:00,28.44217,25.384094,1003.8225,-1.3762026,0.48520607,0.12773097,83.54712,0.0
2024-09-30 00:00:00,28.042633,25.078674,1003.0475,-0.5614319,0.039604604,0.31724942,83.97234,0.12074579
2024-09-30 06:00:00,30.839752,24.365265,1004.54315,-1.8457012,0.9659709,0.95953596,68.47587,0.1618943
2024-09-30 12:00:00,31.75174,23.657532,1000.15625,-2.9656763,0.868597,0.46675014,62.306404,0.0
2024-09-30 18:00:00,27.728516,24.6008,1002.4575,-1.0297003,0.31475925,0.34535056,83.120605,0.0
2024-10-01 00:00:00,27.663544,24.35495,1001.2394,-0.4065857,-0.31989485,0.5735617,82.21802,0.0
2024-10-01 06:00:00,34.26944,23.19571,1001.655,-0.33384037,1.3351212,0.79802465,52.59784,0.00057183206
2024-10-01 12:00:00,31.714996,23.966461,998.58685,-1.4132786,2.6988697,0.7268778,63.607563,0.022986904
2024-10-01 18:00:00,28.483917,25.61502,1003.09375,-0.45603657,2.1183834,0.8506334,84.49578,0.0
2024-10-02 00:00:00,27.658264,24.735138,1001.5588,1.4029869,2.3961372,0.9813608,84.13542,0.0
2024-10-02 06:00:00,33.993073,24.236359,1002.3194,1.8613043,4.1754103,0.24838626,56.867813,0.00667572
2024-10-02 12:00:00,33.181305,24.68991,998.9975,-0.37943882,4.680173,0.7862105,61.14947,0.0
2024-10-02 18:00:00,28.549347,23.875763,1002.9581,1.8387804,3.8295898,1.0000002,75.8687,0.0
2024-10-03 00:00:00,28.212677,23.464935,1001.655,2.3334503,2.810732,1.0000002,75.47799,0.0
2024-10-03 06:00:00,35.444366,23.870392,1001.8325,3.3380404,0.86155397,0.96290094,51.32481,9.522773e-05
2024-10-03 12:00:00,33.04239,23.232819,998.21375,-0.22676563,2.60118,0.88177,56.462204,0.64029706
2024-10-03 18:00:00,28.850372,24.19455,1002.5525,0.4022357,2.7590413,0.86802214,75.99642,0.0
2024-10-04 00:00:00,28.516052,25.08606,1001.15564,1.5145029,1.5048256,0.9999969,81.72658,0.0
2024-10-04 06:00:00,36.167877,24.173737,1001.90186,2.1571522,0.74568707,0.9801152,50.226063,0.013255514
2024-10-04 12:00:00,30.487701,25.914642,998.8862,-0.80910206,2.2974243,0.9410666,76.622696,0.6496673
2024-10-04 18:00:00,26.538849,24.83374,1002.87,0.78380406,0.6413139,0.99911964,90.38025,0.0
2024-10-05 00:00:00,26.360565,24.335236,1001.61,2.7003698,-0.24799919,1.0,88.65273,2.7894905
2024-10-05 06:00:00,30.00528,25.567902,1002.4531,3.35464,-1.0347319,1.0,77.16941,0.0
2024-10-05 12:00:00,31.19693,24.644806,999.8375,-0.2688341,0.9585412,0.9948722,68.22694,0.39336693
2024-10-05 18:00:00,27.254242,25.385468,1002.5012,1.502122,2.4595692,0.98123986,89.55364,0.0
2024-10-06 00:00:00,26.534729,23.303436,1001.3088,1.1424384,-1.02038,1.0,82.46633,0.00017798087
2024-10-06 06:00:00,29.52005,24.54654,1003.3831,0.6178863,-1.1113873,1.0,74.66878,0.052750174
2024-10-06 12:00:00,29.236115,25.024567,999.90375,-0.33360863,0.73939854,0.9934371,78.100624,0.0
2024-10-06 18:00:00,27.528198,25.562775,1003.03815,-0.3146267,1.3513776,0.9565383,89.06135,0.0059083104
2024-10-07 00:00:00,26.897064,25.264587,1002.08,-0.750617,-0.07146412,0.86084384,90.79624,0.0
2024-10-07 06:00:00,31.643219,24.66098,1003.89435,-0.8732376,-0.8078737,0.9897302,66.58157,0.11484068
2024-10-07 12:00:00,28.61734,24.780792,1001.22,-2.003852,0.5768804,0.9746868,79.78123,0.0
2024-10-07 18:00:00,26.814514,24.925964,1004.71063,-0.8703728,1.0534656,0.9814533,89.41577,0.1956602
2024-10-08 00:00:00,26.448425,25.310577,1002.97565,-0.027233064,-0.7563915,0.99674106,93.48228,0.0
2024-10-08 06:00:00,31.921417,26.16391,1004.35565,0.22728652,-0.62656873,0.9892946,71.6636,0.22390069
2024-10-08 12:00:00,29.775452,25.036896,1001.5875,-1.325098,0.36121368,0.98634154,75.76456,0.0
2024-10-08 18:00:00,26.472809,24.710938,1004.2488,0.26478004,1.0060735,0.9933593,90.06981,0.0
2024-10-09 00:00:00,25.79309,24.622192,1002.0087,-0.037585437,-0.8903017,0.9999993,93.26699,0.008201691
2024-10-09 06:00:00,32.128815,25.298492,1002.9531,-1.4307966,1.1622291,0.99604475,67.28405,0.04940084
2024-10-09 12:00:00,29.781586,24.893677,999.64813,-1.6269274,0.3448032,0.9921577,75.093704,0.0
2024-10-09 18:00:00,26.68042,25.319916,1002.665,0.3200388,0.0101614,0.8605702,92.26413,0.0
2024-10-10 00:00:00,26.096039,24.79654,1000.7975,1.3973417,-0.41246033,0.85670125,92.56841,0.0017194697
2024-10-10 06:00:00,31.350006,25.03305,1001.8187,-0.85974884,-0.35880184,0.9978391,69.22077,0.07867854
2024-10-10 12:00:00,27.555939,24.57962,998.2125,-1.0520058,0.4486187,0.7023447,83.85724,0.0
2024-10-10 18:00:00,26.358368,25.08963,1001.93,0.36989212,1.323395,0.85404384,92.75225,0.29837623
2024-10-11 00:00:00,25.840454,24.915283,999.8925,0.6552038,-0.5044862,0.9250231,94.64797,0.0
2024-10-11 06:00:00,31.009186,25.913666,1001.16315,-0.25964165,-0.96942806,0.8685971,74.36872,0.21552612
2024-10-11 12:00:00,29.672455,25.716125,998.7125,-1.1681871,0.9091381,0.6639415,79.35605,1.1435583
2024-10-11 18:00:00,26.2294,25.604095,1001.6325,0.6414747,0.5434201,0.89007056,96.36488,0.0
2024-10-12 00:00:00,26.534302,25.034607,1000.77124,0.46592999,-0.22621751,0.99521327,91.4942,0.002837902
2024-10-12 06:00:00,31.101715,25.628265,1002.09436,0.11704826,-2.0306015,0.990834,72.73632,0.35675672
2024-10-12 12:00:00,28.359222,25.641632,999.47437,-1.137207,-0.5956211,0.8774255,85.24499,1.1739138
2024-10-12 18:00:00,25.724579,25.076996,1002.77313,-0.13452435,0.4327708,1.0000005,96.223656,0.0
2024-10-13 00:00:00,25.668884,24.440857,1001.0631,0.867857,-0.9451189,1.0000002,92.942604,0.0
2024-10-13 06:00:00,30.434113,26.037262,1002.47437,1.0990365,-1.560277,0.92048824,77.41805,0.37295797
2024-10-13 12:00:00,27.300323,25.26706,1000.1869,0.25909138,-0.015696228,1.0000001,88.685265,0.35189077
2024-10-13 18:00:00,26.173737,25.262817,1002.22375,0.05248356,-0.8604536,0.9896434,94.74121,0.0
2024-10-14 00:00:00,25.451508,24.396393,1000.6625,0.2968467,-1.7367258,1.0,93.89958,0.0
2024-10-14 06:00:00,26.551666,25.235199,1002.9,1.3507078,0.2190094,0.9999998,92.499176,1.1670916
2024-10-14 12:00:00,26.284058,24.391418,999.9419,1.5704646,-0.18640232,1.0,89.354294,0.0
2024-10-14 18:00:00,24.228546,23.109192,1002.0125,3.0029593,1.7667551,1.0,93.48152,1.13726
2024-10-15 00:00:00,24.687164,23.096954,1000.10815,2.6113892,0.32505894,0.99802244,90.88264,0.0
2024-10-15 06:00:00,27.888824,23.933289,1001.96,2.1030827,0.38068205,1.0,79.11602,0.0073494464
2024-10-15 12:00:00,26.68637,24.820099,999.7425,1.1277547,0.4048605,1.0,89.52524,0.6146944
2024-10-15 18:00:00,25.595612,24.365204,1001.9931,1.4704714,-0.8250685,1.0,92.92561,0.0
2024-10-16 00:00:00,25.015167,23.327576,999.8638,2.2004786,-0.21177864,1.0,90.37128,0.05188626
2024-10-16 06:00:00,30.186188,24.599579,1001.14685,3.4447622,-0.51288116,0.9871338,72.09019,0.0
2024-10-16 12:00:00,30.279999,24.241058,998.22064,1.8704853,0.8973377,0.98957014,70.18036,0.0
2024-10-16 18:00:00,26.609833,23.91623,1001.2438,0.70389026,1.5733917,0.80986434,85.18986,0.0
2024-10-17 00:00:00,26.22818,23.89505,999.76685,2.4510736,0.26982313,0.91136056,87.01888,0.0042915344
2024-10-17 06:00:00,32.395905,24.229218,1001.53064,2.338829,0.19130862,0.98331356,62.175594,0.0011436641
2024-10-17 12:00:00,30.999176,24.772888,998.61,1.1043755,0.9594788,0.75656116,69.530426,0.019166619
2024-10-17 18:00:00,27.844696,25.407806,1001.3769,0.2573331,1.8382567,0.7380812,86.62789,0.13572583
2024-10-18 00:00:00,27.518738,24.867462,999.8575,1.6606094,0.13692856,0.91131186,85.49769,0.0
2024-10-18 06:00:00,32.180206,25.106659,1001.97,0.9685859,-1.6057405,0.9991579,66.32694,0.0049597058
2024-10-18 12:00:00,29.962677,25.030731,999.7438,-1.187603,0.98310715,0.9924126,74.9256,0.90430844
2024-10-18 18:00:00,26.81491,25.09851,1002.5125,0.35317907,0.86242044,0.93620646,90.33822,0.0
2024-10-19 00:00:00,25.838654,24.608124,1001.77124,0.7809851,-0.7066488,0.96098053,92.937294,0.7647041
2024-10-19 06:00:00,29.340057,24.897614,1003.75,3.058053,-1.7037687,0.9590143,77.04755,0.0
2024-10-19 12:00:00,29.746613,25.084991,1000.4938,0.57265574,-0.5504255,0.42577797,76.108284,0.0
2024-10-19 18:00:00,26.27658,24.71463,1003.3975,0.9511676,1.0071988,0.46474648,91.139015,0.0
2024-10-20 00:00:00,26.407532,24.806671,1003.1069,-0.120829046,-0.86058617,0.55164814,90.935776,0.0003874302
2024-10-20 06:00:00,31.259308,25.46463,1003.96375,1.0912579,-1.0997229,0.6393699,71.38924,0.19730628
2024-10-20 12:00:00,30.204315,25.681671,1001.0094,-1.0798464,0.2752611,0.93254787,76.80941,0.527218
2024-10-20 18:00:00,27.39389,25.910736,1004.16876,-0.91082,0.115952134,0.6253172,91.6357,0.9118042
2024-10-21 00:00:00,26.733154,25.0047,1003.2369,0.22466934,-0.01957333,0.97392654,90.26772,0.0
2024-10-21 06:00:00,31.021637,26.703644,1004.1169,1.2200851,-0.61182976,0.9446579,77.86442,0.044159558
2024-10-21 12:00:00,30.98526,25.721619,1000.8425,0.016744077,0.5049635,0.578045,73.62758,1.9226056
2024-10-21 18:00:00,27.231659,25.67691,1003.5925,-0.96790695,0.4890722,0.17756653,91.23785,0.0
2024-10-22 00:00:00,26.589935,24.911896,1003.09875,-0.63996315,-0.9231882,0.93999624,90.52981,0.076490596
2024-10-22 06:00:00,31.567291,26.99649,1004.3881,0.7695278,-0.41775703,0.60313606,76.79451,0.10574888
2024-10-22 12:00:00,28.281525,25.233643,1001.8056,-1.5130844,-0.11482042,0.5582605,83.57991,1.8327055
2024-10-22 18:00:00,26.622955,25.606323,1004.4906,1.1577923,0.2511781,0.7128748,94.16584,0.0
2024-10-23 00:00:00,26.101288,24.73285,1002.01874,0.99207497,-0.075242996,0.6835351,92.18837,0.0
2024-10-23 06:00:00,32.21524,25.043884,1003.39374,0.4116252,-0.5244823,0.29314405,65.94854,0.1834805
2024-10-23 12:00:00,31.381134,25.47055,1000.76935,-0.765008,0.9300947,0.9915609,70.92096,0.29949594
2024-10-23 18:00:00,27.897247,25.55481,1003.4363,0.095283926,1.3798394,1.0,87.12013,0.0
2024-10-24 00:00:00,26.9794,24.150482,1001.9313,1.8236656,0.58601147,0.99387735,84.53857,0.0
2024-10-24 06:00:00,31.379303,25.025238,1003.09814,2.738223,1.6414604,0.9722166,69.07333,0.081055984
2024-10-24 12:00:00,29.973053,26.20871,1000.27185,-0.19029528,-0.37620682,0.91245884,80.30318,3.972489
2024-10-24 18:00:00,25.636017,24.612183,1003.1287,-0.38155425,1.943789,1.000001,94.08358,0.0
2024-10-25 00:00:00,26.311493,24.179962,1001.85315,1.4363081,0.5597539,0.9852315,88.086075,0.0
2024-10-25 06:00:00,31.553009,25.625092,1003.3644,2.0356903,0.9324009,0.95301956,70.87886,0.024132097
2024-10-25 12:00:00,29.61618,25.00821,1001.13873,0.3035336,1.3949056,0.7694759,76.33204,0.23148224
2024-10-25 18:00:00,26.196014,24.757812,1003.7431,1.0277796,1.759213,0.9836843,91.81039,0.0
2024-10-26 00:00:00,26.797333,24.661255,1002.2388,1.9824772,0.7739307,0.8765569,88.102516,0.0
2024-10-26 06:00:00,32.338898,25.517609,1002.8787,2.0699205,0.32174742,0.19265246,67.36138,0.011632219
2024-10-26 12:00:00,31.987335,25.670197,999.7075,0.28883463,0.8062271,0.15020496,69.339386,0.0
2024-10-26 18:00:00,27.620514,24.812836,1002.39624,0.9925327,1.7959106,0.17724109,84.71354,0.0
2024-10-27 00:00:00,27.492218,23.848602,1001.2506,2.4357843,0.7147859,0.25500673,80.56001,0.0
2024-10-27 06:00:00,33.549103,24.567413,1002.01,2.3065271,-0.73195934,0.17835355,59.46427,0.0018104911
2024-10-27 12:00:00,32.137787,25.200775,998.4994,-0.34859192,0.32683665,0.09653509,66.859985,0.029649585
2024-10-27 18:00:00,27.801666,24.745026,1000.5544,0.09025288,2.4077327,0.30995458,83.48277,0.0
2024-10-28 00:00:00,27.70047,24.936615,1000.29626,1.3615685,0.6274711,0.63528156,84.94367,0.0
2024-10-28 06:00:00,33.40689,23.78537,1001.285,1.8295422,0.50103974,0.3351972,57.192772,0.001527369
2024-10-28 12:00:00,32.22867,26.29837,998.72125,-0.21060699,0.7833493,0.24218673,70.98994,0.0
2024-10-28 18:00:00,28.258698,25.771027,1001.8144,0.59118754,2.1909037,0.23145115,86.405556,0.0
2024-10-29 00:00:00,27.752106,24.378143,1000.78876,1.467864,0.28363895,0.32763553,81.90735,0.0
2024-10-29 06:00:00,33.135773,24.425568,1002.2625,2.4325309,-0.67026234,0.36260563,60.344208,0.012591481
2024-10-29 12:00:00,32.276947,25.727203,999.98126,0.15322685,-0.32321215,0.31289703,68.44364,0.0
2024-10-29 18:00:00,27.846619,25.722198,1002.2006,0.10993439,1.8613036,0.044816025,88.250145,0.0
2024-10-30 00:00:00,27.413422,25.350922,1001.23,1.2888043,0.9342337,0.2545414,88.540146,0.0
2024-10-30 06:00:00,32.341827,25.465057,1003.0,0.71458286,0.32208663,0.2001031,67.14032,0.056924593
2024-10-30 12:00:00,30.791473,25.642365,1000.765,-2.1404867,1.1689763,0.6808457,74.09743,0.0
2024-10-30 18:00:00,27.668549,26.062347,1003.8675,-1.1333838,0.5115424,0.08905886,90.9876,0.042632222
2024-10-31 00:00:00,26.819122,24.921997,1002.5656,0.12625647,-0.70599174,0.21756828,89.37039,0.0
2024-10-31 06:00:00,31.841461,26.136566,1004.0563,-0.30899048,0.34775048,0.35061538,71.872826,0.045194577
2024-10-31 12:00:00,29.36496,24.830841,1001.6763,-1.1586723,0.3842377,0.6097816,76.630875,0.25782636
2024-10-31 18:00:00,26.032104,24.893219,1004.8719,0.49927425,0.29125875,0.8555412,93.456924,1.1405602
2024-11-01 00:00:00,25.909943,24.685211,1003.3144,0.30755442,-0.7879534,0.7987397,92.97313,0.0
2024-11-01 06:00:00,30.932526,26.46701,1005.4969,-0.7265072,-1.3813353,0.8916532,77.17761,0.258547
2024-11-01 12:00:00,27.453827,25.41391,1002.69,-1.2649984,0.13381767,0.95785046,88.66235,2.1617115
2024-11-01 18:00:00,25.934113,24.682892,1005.65875,0.071538925,-0.8530922,0.7964498,92.8273,0.0
2024-11-02 00:00:00,25.984161,24.326141,1004.28314,0.45655727,-0.23278427,0.5004121,90.597694,0.0
2024-11-02 06:00:00,31.760406,24.898712,1005.6881,-1.5264072,-1.7168226,0.5747896,67.085976,0.074197486
2024-11-02 12:00:00,27.706482,24.746124,1003.245,-1.6495056,0.3956976,0.98396295,83.953735,0.41448256
2024-11-02 18:00:00,25.572296,24.101532,1005.6281,0.13049698,-0.9639025,0.5379005,91.59462,0.0
2024-11-03 00:00:00,26.03592,24.000793,1003.4981,0.00022792816,-1.8082294,0.073926955,88.57473,0.0
2024-11-03 06:00:00,31.235992,25.221222,1005.2456,-2.0661259,-1.3800669,0.8614658,70.45675,0.09108556
2024-11-03 12:00:00,28.82074,24.6391,1002.89185,-1.2878809,0.28621197,0.42401826,78.18081,0.0
2024-11-03 18:00:00,26.258118,24.703644,1005.6381,0.093966484,-1.0181503,0.33048642,91.17858,0.0
2024-11-04 00:00:00,26.128082,24.360596,1003.8606,0.059343338,-1.6972418,0.4762621,90.01532,0.013542404
2024-11-04 06:00:00,30.276764,25.842377,1004.2056,-1.5397377,-1.9004126,0.41918063,77.22314,0.06695333
2024-11-04 12:00:00,28.217438,25.421356,1001.64935,-1.4085989,0.28552532,0.70140105,84.834114,0.0
2024-11-04 18:00:00,25.788788,24.660553,1005.055,-0.14765263,-1.1142483,0.86177015,93.50499,0.0
2024-11-05 00:00:00,26.018341,24.200287,1003.765,0.036942482,-2.0249739,0.3654539,89.73501,0.0
2024-11-05 06:00:00,30.901031,23.463043,1004.7944,-1.4727163,-2.3863277,0.4037116,64.63471,0.1262743
2024-11-05 12:00:00,29.29718,23.71579,1002.53,-0.6593628,-0.6980829,0.2340374,71.95708,0.0
2024-11-05 18:00:00,25.817108,23.93039,1004.8725,-0.79209995,-1.2682219,0.06956555,89.35101,0.0
2024-11-06 00:00:00,25.456879,23.184814,1003.6319,0.48985928,-2.114231,0.009788513,87.270584,0.0
2024-11-06 06:00:00,31.840973,21.29837,1004.6231,-0.0029428005,-3.5002985,0.0008392334,53.713142,0.0
2024-11-06 12:00:00,30.05838,22.868134,1001.90625,-1.2735567,-1.7648344,0.12311661,65.43382,0.00047683716
2024-11-06 18:00:00,27.390839,24.427917,1003.9175,-0.9333687,-2.9440985,0.87272096,83.9064,0.00029802322
2024-11-07 00:00:00,26.874115,23.888245,1003.0731,0.5943203,-2.5339766,0.9999993,83.73409,0.0
2024-11-07 06:00:00,30.282135,25.705902,1004.3131,0.44916344,-3.198121,0.9935254,76.57731,0.052750587
2024-11-07 12:00:00,28.641693,25.054138,1002.33374,-1.6065664,-1.0783663,0.97995883,80.97841,0.63124055
2024-11-07 18:00:00,25.927246,24.851532,1004.5619,-1.2022085,-2.701933,0.98218375,93.80511,0.0
2024-11-08 00:00:00,26.673615,24.37912,1002.7006,0.18159962,-3.2476873,0.99912,87.26075,0.0053465064
2024-11-08 06:00:00,29.90451,25.503876,1003.7031,-1.9417582,-3.3815298,0.99999994,77.32311,0.09316716
2024-11-08 12:00:00,29.450897,24.516144,1002.09375,-1.6863022,-1.084302,0.9983222,74.83098,0.0
2024-11-08 18:00:00,26.318024,24.511444,1004.15564,-0.6152525,-1.943121,0.96815556,89.818344,0.0
2024-11-09 00:00:00,26.296295,23.746307,1003.5781,0.1233387,-2.8435364,0.92405117,85.89754,0.0
2024-11-09 06:00:00,30.257599,24.400421,1004.05,-1.7800875,-4.195566,0.90900034,70.94486,0.22248238
2024-11-09 12:00:00,29.450745,23.801788,1002.04126,-1.7791061,-2.482153,0.9135399,71.6921,0.0
2024-11-09 18:00:00,25.945282,23.715363,1004.6106,-0.24293041,-2.0037603,0.8386688,87.53571,0.0
2024-11-10 00:00:00,26.169525,23.53476,1003.33563,0.12632656,-2.7494125,0.4745738,85.44754,0.0
2024-11-10 06:00:00,31.569977,22.70523,1004.19,-1.6395864,-3.9592915,0.2131828,59.431545,0.041299555
2024-11-10 12:00:00,29.954376,22.194183,1001.45685,-1.4083271,-1.8360062,0.15567088,63.185947,0.0
2024-11-10 18:00:00,26.306854,23.681244,1004.2875,-0.7809706,-1.9880753,0.16653109,85.50844,0.0
2024-11-11 00:00:00,27.08078,23.493896,1002.6319,0.10481262,-2.7637234,0.5498185,80.782555,0.0
2024-11-11 06:00:00,32.197906,21.892181,1002.97687,-0.7604351,-4.3269997,0.048346307,54.585606,0.0
2024-11-11 12:00:00,30.373383,22.985565,1000.5444,-1.842063,-2.1248703,0.6989473,64.7206,0.0
2024-11-11 18:00:00,27.213226,24.341919,1002.8038,-0.65335655,-1.7129135,0.64584726,84.34883,0.0
2024-11-12 00:00:00,26.51007,22.6055,1001.5494,-0.6209259,-3.2430801,0.88535434,79.169304,0.006204814
2024-11-12 06:00:00,31.254913,23.309906,1002.3275,-0.41079426,-3.9779034,1.0,62.76116,0.0
2024-11-12 12:00:00,29.776886,24.372711,1000.28687,-2.5324526,-2.7257366,0.9815459,72.81054,0.020903291
2024-11-12 18:00:00,26.725739,24.995453,1002.0575,-0.21839905,-2.405426,0.99415225,90.25736,0.0
2024-11-13 00:00:00,25.517761,24.401459,1000.8881,0.057058334,-2.18674,1.0,93.55909,0.4090853
2024-11-13 06:00:00,28.575592,24.603912,1002.7631,-0.09688759,-3.1583958,1.0,79.13393,0.0
2024-11-13 12:00:00,27.036438,24.498383,1000.71436,-1.2200212,-3.5623589,1.0,86.030785,0.0
2024-11-13 18:00:00,25.686768,24.581879,1002.6213,-0.7373724,-2.5174398,0.9999998,93.63084,0.21525112
2024-11-14 00:00:00,25.960297,24.320343,1001.47687,-0.35024357,-2.2090712,0.9937191,90.69425,0.6530751
2024-11-14 06:00:00,29.042023,25.636108,1004.175,-0.28668976,-2.402668,0.9822437,81.90769,0.0
2024-11-14 12:00:00,27.012054,24.559296,1002.03314,-1.4799795,-1.5521107,0.7180333,86.46866,0.35649928
2024-11-14 18:00:00,25.941711,25.086212,1004.82874,-1.0259571,-2.4940748,0.9870109,95.045746,0.0
2024-11-15 00:00:00,25.740936,24.207855,1003.6887,-0.3660717,-3.1319208,1.0,91.2631,0.0
2024-11-15 06:00:00,28.016083,26.598053,1004.5481,-0.5199442,-2.7086468,0.9967186,92.02501,0.22733924
2024-11-15 12:00:00,26.69043,24.796204,1001.76,-1.4134588,-2.074441,0.99999994,89.37622,0.0
2024-11-15 18:00:00,25.66568,24.839935,1004.13,-1.120678,-2.1192322,0.9768579,95.20477,0.30469018
2024-11-16 00:00:00,25.982544,24.58603,1002.3775,-0.71475506,-3.1267729,1.0000005,92.02707,0.0
2024-11-16 06:00:00,29.18332,25.446198,1004.1312,-1.2634106,-1.9137087,0.9961263,80.33003,0.74236894
2024-11-16 12:00:00,27.116516,25.016571,1001.51373,-1.3527412,-1.2997484,0.3558153,88.31901,0.0
2024-11-16 18:00:00,25.48233,24.718506,1003.8569,-0.6777687,-2.2877722,0.3252377,95.55133,0.0
2024-11-17 00:00:00,25.552582,24.198517,1002.1906,-0.8049679,-2.698512,0.96799237,92.23711,0.0005662441
2024-11-17 06:00:00,29.445526,25.149231,1003.5044,-2.1780033,-3.1269007,0.89286786,77.737305,0.10966082
2024-11-17 12:00:00,27.963104,25.021606,1001.53,-2.8702831,-1.1779718,0.94809324,84.076195,0.40689057
2024-11-17 18:00:00,25.962738,24.112305,1004.1163,-1.3172884,-2.6503286,0.9776431,89.55681,0.0
2024-11-18 00:00:00,25.590973,23.616058,1003.03,0.53738403,-3.3976793,0.98144984,88.86077,0.0
2024-11-18 06:00:00,28.850922,24.472565,1004.1831,-2.5766315,-3.7769184,0.99236083,77.27058,0.098220915
2024-11-18 12:00:00,26.586792,24.521149,1002.14874,-1.8784037,-2.0692863,0.9149344,88.45709,0.34388337
2024-11-18 18:00:00,25.61496,24.14151,1005.2619,-1.3890247,-2.1561346,0.9971803,91.58242,0.0
2024-11-19 00:00:00,25.713654,23.398773,1003.64935,-0.46976566,-3.6510391,1.0,87.06816,0.24005026
2024-11-19 06:00:00,28.845367,23.599213,1004.9581,-1.3729525,-5.5106544,0.9999999,73.34593,0.0
2024-11-19 12:00:00,27.628601,24.426483,1001.83124,-2.722268,-3.5560913,0.9946075,82.73986,0.0
2024-11-19 18:00:00,26.600433,22.649078,1004.8756,-1.9991112,-3.8630867,1.0,78.957375,0.0025629997
2024-11-20 00:00:00,25.447174,21.505096,1003.6819,0.09018803,-3.4346676,1.0,78.84048,0.21582231
2024-11-20 06:00:00,25.233795,23.608185,1005.6238,1.0207186,-2.276348,1.0,90.72444,0.44645914
2024-11-20 12:00:00,26.234528,24.420502,1003.1406,-0.2223444,-0.10830498,0.99999994,89.77232,0.0
2024-11-20 18:00:00,25.898346,22.804535,1003.585,-1.9555168,-2.610776,0.99067014,83.08036,0.0
2024-11-21 00:00:00,26.041382,22.761139,1002.6831,-0.36930943,-3.5180988,0.99999994,82.16347,0.011071772
2024-11-21 06:00:00,28.136932,23.254364,1005.6094,-1.0419197,-3.9558573,0.99690044,74.85421,0.022521134
2024-11-21 12:00:00,27.764069,22.907227,1002.8775,-1.7796574,-1.0809059,1.0,74.91058,0.0
2024-11-21 18:00:00,25.280548,22.623474,1005.1731,-1.5935984,-2.1353683,0.90040493,85.24248,0.0
2024-11-22 00:00:00,24.94754,21.690552,1003.20935,0.4167061,-2.9054337,0.91748315,82.147415,0.0
2024-11-22 06:00:00,28.628387,22.350494,1004.3975,-2.0015717,-4.4508266,0.756488,68.86726,0.0
2024-11-22 12:00:00,28.211823,22.134735,1002.46063,-1.5567665,-2.230648,0.5146692,69.63468,0.0
2024-11-22 18:00:00,26.204132,22.730865,1004.7975,-0.7040634,-2.5453491,0.9860064,81.22739,0.0
2024-11-23 00:00:00,25.686493,21.702606,1004.095,-0.93433285,-2.8449078,1.0,78.67285,0.0
2024-11-23 06:00:00,29.378448,24.041504,1005.40063,-1.3241386,-4.1732607,1.0,73.03662,0.06296533
2024-11-23 12:00:00,27.160583,22.986115,1003.0325,-1.6396646,-2.2754164,0.8444005,77.97594,0.0
2024-11-23 18:00:00,26.053314,24.710846,1005.2919,-1.3035145,-2.4768133,0.9999991,92.32882,0.0
2024-11-24 00:00:00,25.44748,23.762909,1003.96875,0.112166405,-3.53094,1.0,90.41723,0.0005736947
2024-11-24 06:00:00,28.818024,23.76892,1005.205,-1.4012184,-4.41877,1.0000006,74.21679,0.13609475
2024-11-24 12:00:00,27.411377,23.683167,1003.1725,-1.7897367,-2.3471975,1.0,80.14043,0.0
2024-11-24 18:00:00,25.41452,23.065765,1004.4794,-1.1937714,-2.7565527,0.9999998,86.863014,0.0
2024-11-25 00:00:00,24.976837,22.73825,1002.555,-0.10803127,-3.8490953,1.0,87.40507,0.0
2024-11-25 06:00:00,28.92392,22.410889,1004.39185,-2.0221949,-4.727681,1.0,67.94641,0.0003799796
2024-11-25 12:00:00,27.183624,22.543701,1002.27936,-1.8561296,-2.4326172,1.0,75.809654,0.095404685
2024-11-25 18:00:00,25.92337,21.982147,1003.3325,-0.56766033,-3.5534544,1.0,78.911415,0.0
2024-11-26 00:00:00,24.405853,21.791595,1001.1863,0.5237255,-3.7804947,1.0,85.375885,0.41715395
2024-11-26 06:00:00,24.86911,23.205719,1003.1238,-0.40712166,-3.3750505,1.0,90.49351,2.6244607
2024-11-26 12:00:00,24.266266,23.147064,1000.6281,0.19534111,-3.1304235,1.0,93.48415,0.0
2024-11-26 18:00:00,23.565338,22.866852,1002.32623,0.5701046,-5.1209707,1.0,95.86731,0.0
2024-11-27 00:00:00,23.71817,22.82315,999.72876,0.9704027,-4.124264,1.0,94.73767,0.0
2024-11-27 06:00:00,24.579071,23.600006,1001.81,0.36506462,-5.4867163,1.0,94.29211,0.078581214
2024-11-27 12:00:00,24.669098,22.989655,999.10626,0.24868196,-4.291754,1.0,90.39209,0.0
2024-11-27 18:00:00,24.710602,21.703217,1001.5831,0.8013,-3.059534,1.0,83.38216,0.0
2024-11-28 00:00:00,24.58139,19.625763,999.3925,1.2773955,-3.4956112,1.0,73.93514,0.0
2024-11-28 06:00:00,25.567291,20.34433,1001.40875,2.6012726,-3.356288,1.0,72.8885,1.0667882
2024-11-28 12:00:00,26.723541,21.247955,998.775,-0.31798553,-1.5726461,1.0,71.96534,0.0
2024-11-28 18:00:00,24.36444,20.20877,1000.5544,1.0144002,-2.6798944,1.0,77.656166,0.15861118
2024-11-29 00:00:00,24.790009,19.863678,998.8606,1.446392,-1.8118382,1.0,74.104675,0.0
2024-11-29 06:00:00,26.316254,21.938995,1000.7619,2.6380548,-2.8274193,1.0,76.896774,0.09185076
2024-11-29 12:00:00,26.608337,22.175507,998.4225,2.1437607,-1.1590099,1.0,76.68097,0.0
2024-11-29 18:00:00,24.908417,20.979706,1000.3894,2.4384727,-1.0661964,1.0,78.82922,0.0
2024-11-30 00:00:00,25.379425,21.228943,997.66437,3.202177,-0.5960264,1.0,77.83048,0.0
2024-11-30 06:00:00,26.568024,22.770111,998.2175,6.0800896,-0.59761906,1.0,79.691185,0.4594793
2024-11-30 12:00:00,26.415375,22.908417,994.9506,5.2526064,1.1956651,1.0,81.088425,0.22645172
2024-11-30 18:00:00,25.005219,22.661469,996.9981,6.508111,1.281065,1.0,86.85184,0.0
2024-12-01 00:00:00,24.631927,22.68692,994.89374,6.7526274,0.6290579,1.0,88.946434,7.3359
2024-12-01 06:00:00,25.814697,23.573944,997.1431,5.1389627,1.9708786,1.0000002,87.46721,0.0
2024-12-01 12:00:00,25.395111,23.85965,995.105,2.8984604,2.6552308,0.9999992,91.22845,0.0
2024-12-01 18:00:00,25.445892,24.265533,996.9969,2.230692,3.4297714,0.9702375,93.19727,0.0
2024-12-02 00:00:00,25.607208,24.268097,996.03937,1.7530279,2.4307063,0.95616424,92.32287,0.0
2024-12-02 06:00:00,31.02713,25.153656,998.6356,3.1643958,1.201421,0.39768827,71.014114,0.12083307
2024-12-02 12:00:00,28.08258,25.482635,997.8525,-0.8359108,1.8826139,0.6997601,85.81498,0.64987874
2024-12-02 18:00:00,25.91922,24.890533,1001.1138,-0.98373795,1.2851131,0.8623221,94.06841,0.0
2024-12-03 00:00:00,25.44577,24.175995,1000.1919,0.17947865,1.1074455,0.5920552,92.698845,0.0
2024-12-03 06:00:00,30.611237,26.553802,1002.28064,0.2606449,0.03717518,0.6979188,79.01069,0.0
2024-12-03 12:00:00,29.248413,25.538116,1000.5019,-1.5493727,-0.8811455,0.31104344,80.46658,0.11718957
2024-12-03 18:00:00,26.751617,25.383942,1003.2375,-1.8282175,-0.35334206,0.862803,92.22874,0.0
2024-12-04 00:00:00,26.223053,24.722961,1002.3806,-0.41230965,-1.6771498,0.75188553,91.47318,0.0
2024-12-04 06:00:00,31.017853,24.422577,1003.84875,-1.1891737,-1.1714087,0.7380038,68.01647,0.0037141144
2024-12-04 12:00:00,28.986542,24.390686,1001.8181,-1.4272871,-0.8268976,0.7858328,76.29108,0.014311915
2024-12-04 18:00:00,26.138458,24.791779,1004.7612,-0.91263294,-1.4463186,0.51735806,92.3103,0.16776761
2024-12-05 00:00:00,25.497742,24.18689,1003.1625,0.019996643,-1.4622574,0.33322674,92.47348,0.0
2024-12-05 06:00:00,30.417511,25.700653,1004.8075,-1.7490921,-0.8775091,0.43415236,75.96183,0.11920989
2024-12-05 12:00:00,29.376251,24.41449,1002.0925,-2.0563602,-0.35048866,0.15276301,74.698105,0.04850295
2024-12-05 18:00:00,25.89273,24.727325,1004.90125,-0.82676315,-1.0744534,0.002660292,93.302444,0.0
2024-12-06 00:00:00,25.806122,24.355011,1003.77936,-0.18756104,-1.6709976,0.5319893,91.71659,0.0
2024-12-06 06:00:00,30.874786,24.511932,1005.1156,-2.2866802,-2.0462914,0.8666344,68.94179,0.084690355
2024-12-06 12:00:00,29.82248,24.400421,1001.90063,-1.6383219,-0.96114445,1.0000002,72.7404,0.0
2024-12-06 18:00:00,26.040619,24.758698,1004.22064,-1.1083641,-1.1882381,0.9950915,92.66272,0.0
2024-12-07 00:00:00,26.21762,24.81665,1002.76624,-0.217803,-1.7560959,0.61586744,92.01599,0.0007636845
2024-12-07 06:00:00,30.426544,25.817108,1004.535,-2.0390177,-2.054388,0.9407364,76.44854,0.047583133
2024-12-07 12:00:00,29.371002,24.371857,1002.2388,-2.4563847,-0.26108456,0.6230714,74.53017,0.0
2024-12-07 18:00:00,24.493744,23.405487,1004.355,-0.51567364,-1.4116516,0.29625434,93.66963,0.0
2024-12-08 00:00:00,24.114166,22.625458,1003.34,0.5000572,-1.4113064,0.38275093,91.40681,0.0
2024-12-08 06:00:00,30.206573,24.207977,1004.68,-1.4949675,-2.0931673,0.60425836,70.33687,0.06123243
2024-12-08 12:00:00,28.539062,24.258331,1002.4275,-1.5300846,-1.6208601,0.22716422,77.6779,0.2183506
2024-12-08 18:00:00,24.924835,23.67804,1004.0106,-0.735836,-1.2392235,0.4830029,92.79978,0.0
2024-12-09 00:00:00,25.36734,23.822327,1002.91,0.77053547,-1.07726,0.92969656,91.17433,0.0
2024-12-09 06:00:00,30.353607,24.242828,1004.3006,-1.1344566,-2.6863432,0.63012105,69.892265,0.18434224
2024-12-09 12:00:00,29.355011,23.90149,1001.6337,-1.0720606,-1.4119368,0.9926162,72.522835,0.0
2024-12-09 18:00:00,25.52005,24.151733,1003.6325,-1.1233988,-1.0569258,0.97076917,92.15647,0.0
2024-12-10 00:00:00,25.864166,24.292816,1002.15814,-0.26471996,-2.124133,0.9759956,91.061676,0.0
2024-12-10 06:00:00,29.904266,23.780853,1003.83,-1.4300442,-4.292124,0.79234093,69.75584,0.030431459
2024-12-10 12:00:00,28.697876,23.506561,1001.4775,-1.7136469,-2.1472902,1.0,73.56387,0.0
2024-12-10 18:00:00,26.512787,23.493164,1003.9456,-0.568799,-3.004469,0.99047756,83.52385,0.008970499
2024-12-11 00:00:00,26.53775,22.779846,1002.17065,-0.37089634,-4.0057087,1.0,79.88063,0.014609082
2024-12-11 06:00:00,25.27591,23.493988,1004.475,-0.16287994,-4.718278,1.0,89.8766,0.93769693
2024-12-11 12:00:00,25.154968,23.002167,1001.39,-0.2847681,-4.801778,1.0,87.87595,1.9240098
2024-12-11 18:00:00,24.386871,22.891876,1002.7944,-0.50286293,-3.199954,0.9999977,91.3888,0.0
2024-12-12 00:00:00,24.073517,23.071503,1000.83,0.5967016,-3.3053513,1.0000001,94.140305,0.0
2024-12-12 06:00:00,26.288422,24.989594,1003.01373,-1.2081709,-2.1176767,0.9999997,92.58236,0.15667915
2024-12-12 12:00:00,25.215332,24.239868,1000.77875,-2.594139,-2.6438627,1.0000002,94.338776,2.8195028
2024-12-12 18:00:00,25.015472,24.020538,1003.20874,-3.8719416,-3.0703897,0.9999994,94.220314,0.0
2024-12-13 00:00:00,24.520721,23.652191,1001.9725,-2.4484167,-1.9699917,1.0,94.91974,0.10211229
2024-12-13 06:00:00,26.047394,24.932861,1004.3769,-3.1617126,-2.0640478,0.9867052,93.59356,0.005253643
2024-12-13 12:00:00,25.313568,24.221954,1002.0594,-2.5883675,-1.8592644,0.9479655,93.68823,0.0
2024-12-13 18:00:00,24.54898,23.822144,1005.1169,-1.2852879,-2.9239674,0.99712473,95.73368,0.2897163
2024-12-14 00:00:00,23.897186,22.111847,1003.645,-1.0041971,-4.071821,0.9970406,89.75831,0.0
2024-12-14 06:00:00,27.66037,23.807648,1005.77435,-2.1123447,-4.9139805,0.93126255,79.57531,0.0
2024-12-14 12:00:00,26.807007,22.95987,1003.65186,-1.7610159,-3.0159473,0.59007245,79.48624,0.0
2024-12-14 18:00:00,24.006622,21.308075,1006.585,-0.80934525,-3.8378391,0.19819307,84.89567,0.0
2024-12-15 00:00:00,23.683868,20.212677,1005.15314,0.25608635,-3.5717897,0.46540597,80.91561,0.0
2024-12-15 06:00:00,28.593842,21.519562,1006.96375,-2.0204792,-5.5361233,0.9984429,65.59448,0.0052470714
2024-12-15 12:00:00,27.47107,21.68283,1004.16,-1.3191013,-2.5235538,0.9650617,70.734276,0.0
2024-12-15 18:00:00,24.371979,20.819519,1006.2463,-0.85671234,-3.5235624,0.9965849,80.60044,0.0
2024-12-16 00:00:00,23.918854,20.777771,1004.215,0.47043133,-3.8229284,0.8494519,82.609474,0.0
2024-12-16 06:00:00,28.363312,20.982391,1006.0575,-1.6317215,-5.667179,0.85791737,64.3247,0.00019092113
2024-12-16 12:00:00,27.52707,20.93753,1002.8569,-1.509944,-2.3783226,0.99871844,67.354355,0.18269104
2024-12-16 18:00:00,24.61966,20.954956,1005.08624,-0.6883745,-3.1160755,0.9991582,80.07868,0.031393856
2024-12-17 00:00:00,24.627289,19.6763,1002.7019,0.23614818,-3.26748,0.9951154,73.96416,0.0
2024-12-17 06:00:00,28.430573,21.679901,1003.58,0.83512604,-3.6296654,0.998322,66.87217,0.0
2024-12-17 12:00:00,26.854095,22.238525,1001.5875,0.20585275,-0.9241991,0.9792763,75.870316,0.14980902
2024-12-17 18:00:00,25.314636,22.07428,1003.8656,-0.79060614,-2.15055,0.9489557,82.27523,0.0
2024-12-18 00:00:00,25.064178,21.627563,1001.595,-0.06289446,-2.0786657,0.77300656,81.264626,0.0
2024-12-18 06:00:00,30.10904,23.618439,1002.6275,1.040875,-2.46177,0.9417922,68.26912,0.012099743
2024-12-18 12:00:00,29.269196,24.358856,1000.14874,-0.3311687,-1.4058323,0.98481685,74.911255,0.05991426
2024-12-18 18:00:00,26.465363,24.265076,1002.4325,-0.24929452,-2.3585978,0.97940606,87.73658,0.0
2024-12-19 00:00:00,26.30069,23.838898,1001.54565,0.45404875,-0.93792915,1.0,86.35496,0.11686236
2024-12-19 06:00:00,31.125275,23.982117,1002.8775,2.0089035,-1.4862022,0.8940536,65.8387,0.0
2024-12-19 12:00:00,30.613617,24.706146,999.0275,-0.19011879,-0.33554554,0.9817489,70.79587,0.0
2024-12-19 18:00:00,26.63211,24.728241,1002.39185,-0.5131014,1.1367111,0.91170347,89.3204,0.0
2024-12-20 00:00:00,26.106628,24.722687,1000.8325,0.8430002,0.50313586,0.26536018,92.10328,0.0
2024-12-20 06:00:00,31.965118,25.045074,1002.6181,1.0443475,-0.8093052,0.099337675,66.89336,0.0037252903
2024-12-20 12:00:00,30.425201,24.896759,999.92377,-1.1016474,-0.43707365,0.880456,72.3827,0.043417424
2024-12-20 18:00:00,26.387878,24.926758,1003.1,0.23411,0.41359907,0.96742487,91.69613,0.0
2024-12-21 00:00:00,25.91101,23.909332,1000.89374,0.647877,-0.89928436,0.951322,88.742935,0.0
2024-12-21 06:00:00,31.429596,25.66507,1003.05,0.3431272,-1.0583878,0.3525468,71.54729,0.03318116
2024-12-21 12:00:00,30.699005,25.357086,1000.9581,-1.569582,1.0552826,0.22947425,73.238365,0.07168272
2024-12-21 18:00:00,25.75241,24.433685,1004.70624,0.116371155,-0.95119476,0.90550745,92.44363,0.12284821
2024-12-22 00:00:00,25.491364,23.961792,1003.0725,0.5700177,-1.1922703,0.9960441,91.266785,0.0
2024-12-22 06:00:00,29.800629,24.314789,1004.91064,-0.50751686,-3.0154295,0.9999989,72.45922,0.0
2024-12-22 12:00:00,29.370026,23.851257,1001.7919,-1.2863016,-1.0280657,0.22298062,72.24148,0.0
2024-12-22 18:00:00,25.93634,23.799683,1004.3575,-1.0501328,-1.2323494,0.3433953,88.0276,0.0
2024-12-23 00:00:00,25.441559,23.139801,1003.21625,0.3086881,-1.5937958,0.91794485,87.11269,0.0026696362
2024-12-23 06:00:00,28.997467,21.146698,1005.28937,-0.17462045,-2.3124237,0.86427164,62.629845,0.0
2024-12-23 12:00:00,29.008575,23.305634,1001.4169,0.1323824,-0.7853575,0.75969535,71.380684,0.0
2024-12-23 18:00:00,24.271576,21.534332,1003.6325,-1.6483011,-0.6892233,0.38701454,84.722534,0.0
2024-12-24 00:00:00,23.353485,21.796112,1002.47687,1.2335582,-1.0002928,0.008691184,90.97749,0.0
2024-12-24 06:00:00,29.81192,22.364655,1004.2975,0.9868543,-1.485692,0.021733526,64.369995,0.0
2024-12-24 12:00:00,30.376862,23.323029,1001.28625,0.55395824,-0.524333,0.11977786,66.041306,0.0
2024-12-24 18:00:00,25.367767,23.17038,1004.2544,-1.4082727,-0.5169611,0.01874989,87.657524,0.0
2024-12-25 00:00:00,24.749664,22.851288,1003.295,-0.5325537,-0.44209003,0.19984981,89.20737,0.0
2024-12-25 06:00:00,29.318268,23.615509,1005.4313,0.6209515,-0.495677,0.20704341,71.43679,0.012205914
2024-12-25 12:00:00,29.626312,23.46634,1002.6312,0.5023699,-0.36855984,0.099735275,69.5505,0.0
2024-12-25 18:00:00,25.618805,23.663177,1005.5525,-1.2363958,-0.23851013,0.9544462,88.96625,0.02316758
2024-12-26 00:00:00,25.930023,24.83133,1004.79565,0.24523431,0.64338875,1.0000017,93.67666,0.30733067
2024-12-26 06:00:00,27.655792,24.688293,1007.1962,1.1361835,0.3099985,0.9795263,83.912415,0.0
2024-12-26 12:00:00,27.92276,24.592102,1004.09375,-1.0582886,-0.80184364,0.637178,82.140564,0.08582533
2024-12-26 18:00:00,25.330475,24.409698,1007.0469,-1.3202801,-1.4993153,0.5070793,94.65306,0.0
2024-12-27 00:00:00,25.187622,24.026764,1005.8638,-0.42272377,-1.6354122,0.35882407,93.293785,0.0
2024-12-27 06:00:00,29.312408,25.00589,1008.32623,-1.1714134,-3.2652245,0.98157215,77.67064,0.5537229
2024-12-27 12:00:00,26.789032,24.046417,1006.13,-2.6676683,-2.110794,0.92841434,84.95773,0.0
2024-12-27 18:00:00,24.705475,23.574402,1008.1925,-1.0027771,-2.5808182,0.39265156,93.43801,0.0
2024-12-28 00:00:00,24.64444,22.70105,1006.5631,-0.5223179,-2.9194088,0.88089085,88.95616,0.0037177233
2024-12-28 06:00:00,29.402802,23.548553,1008.1213,-3.121479,-2.271781,0.5326359,70.80279,0.028129157
2024-12-28 12:00:00,28.720978,23.6698,1004.83185,-2.1666832,-1.6484575,0.84960914,74.19157,0.0
2024-12-28 18:00:00,25.169708,23.775848,1007.59125,-0.80398273,-2.2431803,0.26029813,91.995224,0.0057193763
2024-12-29 00:00:00,24.888397,22.488312,1006.3738,-0.038300514,-3.2806034,0.31755918,86.544464,0.0
2024-12-29 06:00:00,29.448456,23.226349,1007.31,-1.8281403,-4.377714,0.9278864,69.25672,0.0312857
2024-12-29 12:00:00,27.426056,23.141144,1004.5494,-1.740427,-3.225276,0.9986642,77.49536,0.0
2024-12-29 18:00:00,25.943268,23.673523,1006.9581,-1.9299841,-3.8061647,0.653229,87.32591,0.0012457529
2024-12-30 00:00:00,25.328766,23.609589,1005.3025,-0.8114939,-3.2301483,0.9601369,90.22086,0.0020861626
2024-12-30 06:00:00,27.891815,24.421814,1007.5569,-1.7216511,-4.641839,0.99733895,81.454735,0.6959416
2024-12-30 12:00:00,27.524658,24.627045,1004.6813,-2.9702358,-2.6055565,0.9414479,84.24943,0.0
2024-12-30 18:00:00,25.778717,23.630249,1007.58374,-2.0367146,-3.4782906,0.5431808,87.95181,0.0
2024-12-31 00:00:00,24.941223,23.155243,1005.83563,-0.75076294,-3.7657356,0.67757225,89.83049,0.0099211605
2024-12-31 06:00:00,28.735382,24.709747,1007.6756,-2.5019007,-5.0375137,0.80007017,78.90114,0.103552386
2024-12-31 12:00:00,28.477081,23.232025,1004.5175,-2.6803026,-2.8811255,0.9960461,73.2885,0.0
2024-12-31 18:00:00,25.38675,22.604065,1007.09314,-1.6804695,-3.8088589,0.9650951,84.60603,0.0
2025-01-01 00:00:00,24.312958,22.345123,1005.0656,-0.6689234,-4.237957,0.9732457,88.79813,0.0
2025-01-01 06:00:00,28.746674,21.962952,1007.1425,-3.6015282,-4.8250246,0.5607197,66.80077,8.731149e-08
2025-01-01 12:00:00,27.934387,21.733734,1004.0062,-3.048253,-2.0118418,0.8665401,69.05933,0.0
2025-01-01 18:00:00,24.1008,21.88446,1006.41064,-1.079709,-2.3003197,0.9083366,87.446175,0.0
2025-01-02 00:00:00,23.972443,22.288849,1004.8894,-0.24055767,-2.932804,0.9785203,90.321434,0.0
2025-01-02 06:00:00,29.068695,21.73172,1007.03815,-3.010377,-3.282322,0.76154304,64.64726,0.08391589
2025-01-02 12:00:00,27.366302,21.283234,1004.6831,-2.2428102,-1.8406591,0.25513834,69.44973,0.0
2025-01-02 18:00:00,23.352325,20.837189,1007.09186,-0.73980904,-2.0535154,0.8881552,85.79017,0.0
2025-01-03 00:00:00,23.038849,20.887482,1005.58875,0.28692436,-2.97194,0.90394455,87.70178,0.0
2025-01-03 06:00:00,27.799408,21.822906,1007.6238,-2.9259567,-4.768607,0.9211751,69.985725,0.006681308
2025-01-03 12:00:00,26.957855,21.64273,1004.2344,-2.8068762,-2.2711859,0.7053913,72.71726,0.0
2025-01-03 18:00:00,23.010895,19.956665,1006.4869,-0.5328741,-1.6916761,0.5394953,82.94609,9.534415e-05
2025-01-04 00:00:00,23.648468,19.925812,1005.0625,0.80889225,-2.226245,0.946063,79.66163,0.0010487856
2025-01-04 06:00:00,28.472504,21.621796,1006.72,-1.900979,-3.0451193,0.89764076,66.472824,0.07344501
2025-01-04 12:00:00,27.75357,21.84494,1003.39,-2.0643969,-1.5986881,0.54882354,70.2678,0.0
2025-01-04 18:00:00,22.850128,20.09262,1006.33,-1.8936644,-1.6743698,0.20819497,84.46534,0.0
2025-01-05 00:00:00,21.561188,19.805939,1005.5725,0.21192837,-1.8336849,0.28753227,89.7532,0.0
2025-01-05 06:00:00,28.802887,20.497833,1006.98315,-2.100831,-2.6203938,0.73531365,60.860912,0.0019073486
2025-01-05 12:00:00,27.472778,20.944733,1003.15686,-1.5565262,-1.6041288,0.9982172,67.5986,0.0
2025-01-05 18:00:00,22.925323,20.439484,1006.59125,-1.4515734,-0.9325123,0.90204114,85.9029,0.0
2025-01-06 00:00:00,23.483978,20.793304,1004.3844,0.63094425,-2.4512968,0.9846465,84.88194,0.0
2025-01-06 06:00:00,28.234467,20.140106,1006.6475,-0.9558449,-2.2483282,0.8046766,61.529427,0.0021001324
2025-01-06 12:00:00,28.217987,21.975616,1003.34375,-1.3883228,-0.3971901,0.8249371,68.93783,0.0
2025-01-06 18:00:00,25.06308,22.484283,1005.60126,-1.6490917,-1.1736164,0.92332196,85.62664,0.0
2025-01-07 00:00:00,25.143036,22.995148,1004.10815,-0.6795511,-2.139655,0.9940137,87.9011,0.016407438
2025-01-07 06:00:00,27.568268,23.450195,1006.2512,-1.2208004,-3.559556,0.7043359,78.300804,0.2525096
2025-01-07 12:00:00,27.651337,22.48706,1003.3013,-1.9242592,-1.8673801,0.34814125,73.508095,0.0
2025-01-07 18:00:00,24.19223,22.755219,1004.9469,-1.8626251,-1.2884512,0.034672365,91.69866,0.0
2025-01-08 00:00:00,24.012787,22.467743,1003.7319,0.06457806,-2.2864237,0.23935018,91.08826,0.0
2025-01-08 06:00:00,28.274567,21.466095,1006.28876,-1.2197275,-3.0833158,0.29553944,66.60475,0.0
2025-01-08 12:00:00,27.638153,20.240265,1003.31,-1.8189001,-2.0072432,0.07255554,64.10324,0.0
2025-01-08 18:00:00,23.419708,20.100006,1005.83936,-1.9446793,-2.3467455,0.0007209778,81.64341,0.0
2025-01-09 00:00:00,23.2305,19.898224,1004.82623,-0.26585484,-2.8494616,0.13392746,81.55617,0.0
2025-01-09 06:00:00,27.91043,21.663605,1006.46436,-3.1688185,-3.3018932,0.85418,68.86015,0.01097098
2025-01-09 12:00:00,26.996368,21.790924,1004.52936,-2.034422,-2.5401478,0.93204504,73.21292,0.0
2025-01-09 18:00:00,24.543915,20.26764,1008.095,-0.71273136,-2.4936132,0.7988931,77.10628,9.534415e-05
2025-01-10 00:00:00,23.72647,20.169159,1006.09375,-0.407691,-2.9160519,0.115614824,80.49153,0.0
2025-01-10 06:00:00,28.114532,22.717743,1007.6881,-2.6946611,-3.9752197,0.99999917,72.55655,0.03328392
2025-01-10 12:00:00,26.679016,23.246155,1005.70624,-1.4246693,-3.104598,0.99832225,81.48592,0.0
2025-01-10 18:00:00,24.564362,22.378937,1008.1425,-0.91295624,-3.043932,0.5461876,87.651566,0.0
2025-01-11 00:00:00,24.45224,22.625458,1005.72,-0.8717556,-3.1281176,0.17330968,89.57308,9.685755e-05
2025-01-11 06:00:00,27.8815,23.096222,1008.0681,-2.8830528,-4.3848076,0.9910571,75.25459,0.06944174
2025-01-11 12:00:00,27.225891,22.525543,1005.3931,-2.6395063,-2.546977,0.9984426,75.53858,0.0
2025-01-11 18:00:00,24.625153,20.743835,1007.9581,-2.0725698,-2.6964073,0.8486071,79.019516,0.0
2025-01-12 00:00:00,23.881561,20.188446,1005.41315,-0.32972336,-3.5761175,0.7708617,79.83917,0.0001937151
2025-01-12 06:00:00,27.441742,21.041718,1007.8119,-0.65111923,-4.307493,0.8153536,68.126335,0.0020936131
2025-01-12 12:00:00,27.191498,22.897247,1004.77936,-1.5225859,-3.2730055,0.99821854,77.41698,0.0
2025-01-12 18:00:00,24.763733,22.885773,1006.5656,-1.5052032,-2.6621618,0.9744933,89.31882,0.00085778907
2025-01-13 00:00:00,24.676971,22.97818,1004.2575,-0.17847061,-2.8571444,0.9999996,90.286835,0.0
2025-01-13 06:00:00,29.159943,23.720306,1005.3869,-2.540904,-3.3914042,0.7222843,72.5497,0.3666466
2025-01-13 12:00:00,28.288605,22.948303,1003.0681,-2.6247015,-1.2623148,0.70095766,72.83546,0.0
2025-01-13 18:00:00,25.275665,23.257782,1005.8069,-1.4842634,-1.9655848,0.82710767,88.60575,0.0
2025-01-14 00:00:00,24.683746,22.91748,1004.6887,-0.7178316,-3.0993872,0.7862622,89.919235,0.0
2025-01-14 06:00:00,28.671295,23.129486,1007.08624,-3.622263,-3.7928991,0.96719277,72.01897,0.12148658
2025-01-14 12:00:00,27.504822,22.888794,1004.7444,-3.0470276,-1.9689932,0.9991194,75.969795,0.0
2025-01-14 18:00:00,25.491302,22.881958,1007.7325,-1.5171022,-2.0531874,0.99173594,85.51085,0.0007636845
2025-01-15 00:00:00,24.440094,21.75827,1005.4531,-0.6147995,-4.042571,0.525084,85.02776,0.0
2025-01-15 06:00:00,27.465668,23.236115,1007.8725,-2.5594053,-4.312129,0.9506224,77.76088,0.0752714
2025-01-15 12:00:00,27.213837,22.631561,1005.3113,-3.4408102,-2.5973158,0.639401,76.080154,0.0
2025-01-15 18:00:00,24.433014,21.981781,1007.5175,-1.8159132,-3.1596127,0.6690753,86.23231,0.0
2025-01-16 00:00:00,24.28653,21.790985,1005.3425,-1.5174074,-3.3386974,0.99209815,85.98524,0.016782433
2025-01-16 06:00:00,28.529755,22.417145,1007.6838,-4.025318,-3.4627304,0.9814939,69.544044,0.005150875
2025-01-16 12:00:00,27.889801,21.729675,1004.6075,-3.1946049,-2.3334465,0.8697965,69.222084,0.0
2025-01-16 18:00:00,23.947968,21.590363,1008.2,-1.1278143,-2.4146118,0.06373376,86.680824,0.0
2025-01-17 00:00:00,23.46463,21.492432,1005.0131,-0.3238392,-3.2936316,0.22807187,88.706924,0.0
2025-01-17 06:00:00,28.258453,21.598663,1006.3681,-3.8884478,-4.108576,0.7463022,67.21027,0.0319475
2025-01-17 12:00:00,27.501709,21.135193,1003.4844,-3.2640734,-2.7575016,0.46444595,68.27836,0.0
2025-01-17 18:00:00,23.768219,20.937653,1005.8594,-1.5250311,-3.033574,0.99927866,84.18507,0.00019022264
2025-01-18 00:00:00,23.76712,21.17044,1003.8769,-0.122306824,-3.9869137,0.9452014,85.402954,0.0
2025-01-18 06:00:00,26.85086,21.558258,1005.9381,-0.45027065,-5.0336657,0.9881085,72.79894,0.0030398369
2025-01-18 12:00:00,24.05954,21.925812,1003.21625,-1.3184366,-2.6381779,1.0,87.88453,2.3144093
2025-01-18 18:00:00,23.181183,21.724823,1005.01874,-1.2132406,-3.4242544,0.99999994,91.529755,0.0
2025-01-19 00:00:00,22.707794,21.619232,1003.9794,-0.2861576,-3.4789324,1.0000001,93.58514,0.0
2025-01-19 06:00:00,26.536285,24.036835,1006.2875,-1.7182045,-4.2524443,0.9995547,86.182106,0.0
2025-01-19 12:00:00,25.533936,24.28769,1003.9913,-1.8404207,-2.309557,0.99999994,92.83431,1.7051526
2025-01-19 18:00:00,24.70752,24.011597,1005.8625,-1.2419348,-2.5370893,1.0,95.916565,0.0
2025-01-20 00:00:00,24.304474,22.015778,1003.8631,-0.5220289,-3.3034039,0.98985964,87.07917,0.0
2025-01-20 06:00:00,27.975555,22.11026,1005.46625,-1.1160698,-3.5868988,0.8901885,70.49479,0.0
2025-01-20 12:00:00,28.041412,20.85727,1002.0538,-2.4284334,-2.3737783,0.7999261,65.0394,0.0
2025-01-20 18:00:00,23.562897,21.499481,1004.8475,-1.7612944,-2.4746532,0.4273752,88.22099,0.0
2025-01-21 00:00:00,22.544952,20.95517,1003.3862,-0.33456802,-2.9545288,0.33611596,90.74398,0.0
2025-01-21 06:00:00,28.119171,21.898773,1005.355,-2.337555,-3.5378323,0.8455342,69.01139,0.001240056
2025-01-21 12:00:00,27.721771,21.33725,1001.6675,-1.5517912,-2.6389236,0.6420128,68.24588,0.0
2025-01-21 18:00:00,23.456085,21.27182,1004.5675,-1.521739,-1.8313227,0.9811211,87.56116,0.0
2025-01-22 00:00:00,23.722565,20.656403,1003.0206,0.025726318,-2.8766603,0.17410979,82.96824,0.0
2025-01-22 06:00:00,28.000824,23.214142,1004.8275,-2.5545511,-2.7877436,0.9881025,75.26722,0.0058189034
2025-01-22 12:00:00,27.992096,22.89981,1002.3881,-1.9760313,-2.3630333,0.98835003,73.88706,0.0
2025-01-22 18:00:00,24.619293,22.348724,1005.3375,-2.018488,-2.309184,0.9928205,87.20372,2.3283064e-07
2025-01-23 00:00:00,23.554535,21.85611,1003.0575,-0.69855976,-2.5033083,0.92315614,90.210785,0.0
2025-01-23 06:00:00,28.689423,22.965118,1005.3175,-2.0435743,-3.175376,0.7893148,71.231384,0.12951344
2025-01-23 12:00:00,28.16623,22.484406,1002.0056,-2.786501,-2.0527277,0.91957945,71.321,0.0
2025-01-23 18:00:00,23.674835,21.26764,1004.4219,-1.5541039,-1.2035637,0.41996533,86.39228,0.0
2025-01-24 00:00:00,23.353302,21.943146,1001.97314,-0.3879137,-2.6431398,0.8599846,91.79869,0.0001906883
2025-01-24 06:00:00,29.229645,21.25351,1005.5012,-3.05414,-2.1103325,0.78902054,62.20076,0.014494406
2025-01-24 12:00:00,28.309906,21.948212,1002.6838,-2.8996506,-1.5183392,0.20239931,68.455505,0.0
2025-01-24 18:00:00,23.754547,21.45459,1004.955,-1.2281876,-2.0705624,0.87340397,86.969284,0.0
2025-01-25 00:00:00,23.362701,21.254974,1003.6119,-1.3001776,-3.1791096,0.27484542,87.96501,0.0
2025-01-25 06:00:00,28.61081,21.740448,1005.51685,-2.7994642,-3.538289,0.95289385,66.42102,0.009061769
2025-01-25 12:00:00,27.727509,21.545319,1002.3169,-3.126338,-1.5867491,0.6815962,69.09783,0.0
2025-01-25 18:00:00,23.799347,21.12091,1005.6238,-1.3633871,-1.5588188,0.99999994,84.97882,0.0
2025-01-26 00:00:00,22.692535,20.852173,1003.8806,-0.48442173,-2.8337584,0.068102956,89.367004,0.0
2025-01-26 06:00:00,28.94461,21.014862,1005.6525,-3.0698013,-3.255289,0.98749304,62.315254,0.0
2025-01-26 12:00:00,27.611237,21.29004,1002.3425,-2.72507,-1.7488871,0.927703,68.48978,0.0
2025-01-26 18:00:00,22.348297,20.70102,1004.675,-1.0386715,-1.9193659,0.9164754,90.41025,0.0
2025-01-27 00:00:00,22.541168,20.912292,1003.1694,0.738842,-2.3448124,0.6779004,90.525925,0.0
2025-01-27 06:00:00,29.073517,21.322968,1005.73627,-2.4070473,-2.7238274,0.60664517,63.032608,0.0021946616
2025-01-27 12:00:00,28.18747,21.161102,1001.4956,-2.3402185,-1.0428066,0.4661406,65.70341,0.0
2025-01-27 18:00:00,22.820953,21.445038,1004.595,-1.3784533,-1.2426281,0.3241964,91.95975,0.0
2025-01-28 00:00:00,22.346832,20.786774,1002.4338,-0.1915617,-2.1128244,0.12355822,90.8969,0.0
2025-01-28 06:00:00,28.615692,20.579071,1006.1206,-1.8976116,-1.4760265,0.8055342,61.834316,0.0
2025-01-28 12:00:00,27.993256,20.81717,1002.71063,-1.7634716,-1.3425207,0.9559923,65.06156,0.0
2025-01-28 18:00:00,22.246735,20.108398,1006.54877,-2.0319948,-0.63153744,0.90829253,87.70337,0.0
2025-01-29 00:00:00,22.754791,20.397766,1004.4725,0.08461285,-2.6497927,0.9791689,86.57201,0.0
2025-01-29 06:00:00,27.94986,21.569489,1006.495,-3.1310196,-3.355997,0.9962293,68.30763,0.0
2025-01-29 12:00:00,28.457306,21.823883,1002.7537,-3.1547432,-1.5348587,0.9242822,67.358246,0.0
2025-01-29 18:00:00,24.703705,21.324371,1005.3275,-1.2150908,-2.2308197,0.27527386,81.504616,0.0
2025-01-30 00:00:00,23.905914,20.526825,1004.16315,0.44907188,-3.405902,0.50386405,81.40549,0.0
2025-01-30 06:00:00,27.881012,21.948456,1005.995,-0.8800268,-2.9029484,0.9999992,70.18888,0.0
2025-01-30 12:00:00,28.367462,23.705017,1001.8194,-2.0944948,-1.4601774,0.9750467,75.89128,0.0017150212
2025-01-30 18:00:00,26.328735,24.026642,1004.2544,-1.3261147,-0.8575754,0.51627535,87.190346,0.0
2025-01-31 00:00:00,25.782806,24.339844,1002.5206,-1.2817059,-1.9522753,0.7819375,91.76,0.0
2025-01-31 06:00:00,30.44522,25.293915,1005.1775,-3.047986,-1.8703098,0.47174037,74.030945,0.17336725
2025-01-31 12:00:00,30.066803,24.553864,1001.3475,-3.2270164,-1.184452,0.60512686,72.38774,0.0
2025-01-31 18:00:00,25.699768,24.513184,1004.5125,-1.2655106,-1.1191006,0.3675151,93.175,0.0
2025-02-01 00:00:00,25.44635,23.946564,1002.9406,-0.281106,-1.6046038,0.9804862,91.42748,0.029461704
2025-02-01 06:00:00,30.547028,25.534882,1005.6475,-1.1250381,-1.1517286,0.6366328,74.662445,0.012212142
2025-02-01 12:00:00,30.345245,24.71231,1002.2725,-2.6003332,-1.2687912,0.6458735,71.91862,0.056358594
2025-02-01 18:00:00,25.535248,24.377838,1005.8631,-1.3582153,-0.4252476,0.9534657,93.329865,0.0
2025-02-02 00:00:00,25.43924,23.857605,1004.3025,-1.0154638,-1.1496868,0.99856627,90.97832,0.020977978
2025-02-02 06:00:00,30.483673,23.046326,1005.59436,-1.0567474,-1.9626322,0.7872879,64.54994,0.0
2025-02-02 12:00:00,30.467804,22.133636,1001.7562,-2.5503807,-0.5900078,0.10832988,61.126106,0.0
2025-02-02 18:00:00,24.162323,22.70642,1005.1456,-1.640873,-1.1901598,0.6013428,91.59188,0.0
2025-02-03 00:00:00,23.538422,22.470062,1004.23627,-0.029850006,-1.1027622,0.95284647,93.73886,0.0
2025-02-03 06:00:00,29.691925,21.828583,1006.5069,-0.82691765,-0.783556,0.34107935,62.73311,0.0001906883
2025-02-03 12:00:00,29.645294,21.291718,1003.3569,-1.9931946,-0.46252155,0.52171326,60.869263,0.0
2025-02-03 18:00:00,22.29129,21.071045,1006.1312,-1.4454584,-0.73272514,0.674072,92.81243,0.0
2025-02-04 00:00:00,22.169342,20.927277,1005.2056,0.24261951,-1.424387,0.9595461,92.68164,0.0
2025-02-04 06:00:00,29.488312,21.087433,1006.915,-1.0631208,-0.9198942,0.99733967,60.65751,0.0
2025-02-04 12:00:00,30.2294,21.156403,1002.59564,-1.9688492,-0.6995764,0.26097107,58.372856,0.0
2025-02-04 18:00:00,22.861542,21.205841,1005.27563,-1.9008121,-0.21316719,0.006706238,90.3988,0.0
2025-02-05 00:00:00,22.583405,21.844452,1004.1962,-0.010540009,-1.6521196,0.87777084,95.60085,0.0
2025-02-05 06:00:00,30.485382,21.253204,1006.15063,-1.9463377,-1.5032358,0.0051345825,57.8654,0.0
2025-02-05 12:00:00,30.109406,20.832855,1001.91315,-2.8445864,-1.109726,0.004552841,57.619267,0.0
2025-02-05 18:00:00,23.385223,21.378326,1004.77875,-1.2525301,-1.1984816,0.0,88.51224,0.0
2025-02-06 00:00:00,22.78189,21.24466,1003.48376,-0.42581558,-1.8210669,0.5933912,91.05278,0.0
2025-02-06 06:00:00,30.056671,21.991608,1005.7056,-3.0592775,-1.3596907,0.5719835,62.045002,0.043488108
2025-02-06 12:00:00,29.99112,22.20456,1002.1331,-2.481742,-0.7144985,0.61901087,63.09251,0.0
2025-02-06 18:00:00,23.33139,21.876251,1005.09436,-1.3715353,-1.2291594,0.0,91.545746,0.0
2025-02-07 00:00:00,22.185577,20.84488,1004.8625,-0.51558304,-1.7257719,0.040356137,92.12206,0.0
2025-02-07 06:00:00,29.635162,22.074127,1007.8137,-1.8811464,-1.7161388,0.42456,63.88837,0.0
2025-02-07 12:00:00,29.638092,20.434113,1003.4988,-2.579114,-0.9193573,0.8434148,57.765697,0.0
2025-02-07 18:00:00,22.729889,21.588531,1006.29376,-1.440031,-1.0652571,0.42744845,93.284485,0.0
2025-02-08 00:00:00,22.39212,21.518707,1004.78687,0.024430275,-1.5725584,0.95021987,94.81159,0.0
2025-02-08 06:00:00,30.039093,22.04715,1007.33563,-3.0651665,-1.8203421,0.9602429,62.318367,0.00047692447
2025-02-08 12:00:00,29.942047,21.339386,1003.1881,-2.7775593,-0.9801645,0.006837137,60.01374,0.0
2025-02-08 18:00:00,23.71634,21.681488,1006.28687,-1.3999367,-0.95039463,0.0,88.38797,0.0
2025-02-09 00:00:00,23.509308,21.917023,1004.39935,-0.0030622482,-2.1845388,0.32597947,90.793976,0.0
2025-02-09 06:00:00,30.162628,22.478424,1006.41815,-3.2321854,-1.8348513,0.26983917,63.523506,0.00019115396
2025-02-09 12:00:00,29.746674,20.78012,1002.53186,-3.2809134,-1.6788692,0.24251209,58.64283,0.0
2025-02-09 18:00:00,23.912994,22.136536,1006.33624,-1.2410059,-1.2874527,0.02583313,89.808014,0.0
2025-02-10 00:00:00,23.29776,21.725616,1005.4194,0.12435627,-1.739727,0.4741701,90.891815,0.0
2025-02-10 06:00:00,29.811188,21.880463,1007.6825,-2.4078388,-2.2966633,0.44234002,62.501537,0.00057183206
2025-02-10 12:00:00,29.762115,20.611725,1003.1925,-1.9806318,-2.4335604,0.0032844543,57.98623,0.0
2025-02-10 18:00:00,23.368073,20.112762,1007.40436,-2.173399,-0.7310877,0.08466339,81.96284,0.0
2025-02-11 00:00:00,22.60257,20.530426,1006.09314,0.31532764,-1.8246832,0.5551048,88.093216,0.0
2025-02-11 06:00:00,30.659088,21.244537,1007.89935,-1.0150099,-0.4040842,0.80236936,57.262672,0.0
2025-02-11 12:00:00,31.199493,22.037506,1003.2025,-2.0322237,-0.4686718,0.9943713,58.282078,0.0
2025-02-11 18:00:00,24.562897,22.567932,1006.5556,-1.9531832,-0.47285843,0.95422095,88.67172,0.0
2025-02-12 00:00:00,23.594513,22.160492,1005.2406,0.16563702,-1.489481,0.9388318,91.679596,0.0
2025-02-12 06:00:00,30.069366,22.049652,1007.9431,-1.4173317,-1.5504045,0.44459337,62.219597,0.0
2025-02-12 12:00:00,31.432037,22.10727,1003.365,-2.4395409,-0.7879753,0.27179074,57.76093,0.0
2025-02-12 18:00:00,23.447418,22.241486,1006.34564,-1.603117,-0.38073158,0.0,92.95347,0.0
2025-02-13 00:00:00,21.376862,20.276154,1005.1138,0.32913876,-1.5875101,0.42936188,93.452286,0.0
2025-02-13 06:00:00,29.843292,21.259186,1007.4519,-1.1673937,-0.7896776,0.05689526,60.0595,0.0
2025-02-13 12:00:00,31.167023,20.143219,1003.2406,-2.2522945,-0.6101675,0.0,51.978638,0.0
2025-02-13 18:00:00,21.800446,20.305603,1006.3044,-1.7133951,-0.3447399,0.0,91.22782,0.0
2025-02-14 00:00:00,21.571686,20.448883,1004.8975,0.17817116,-1.3607397,0.9111021,93.3343,0.0
2025-02-14 06:00:00,29.568512,20.858185,1007.22186,-0.7059183,0.387168,0.027885875,59.533,0.0
2025-02-14 12:00:00,31.46817,20.26883,1002.85376,-1.9041634,-0.20487404,0.0,51.493706,0.0
2025-02-14 18:00:00,22.68814,21.524078,1005.3819,-1.6145697,0.5083924,0.0,93.15294,0.0
2025-02-15 00:00:00,20.591217,19.984406,1004.13,0.9662266,-0.8064018,0.87514395,96.320816,0.0
2025-02-15 06:00:00,29.993317,19.968048,1005.9675,-0.5199127,-0.56256866,0.011024475,54.989754,0.0
2025-02-15 12:00:00,31.092438,19.610687,1001.54877,-2.8042955,-0.69979763,0.0,50.505554,0.0
2025-02-15 18:00:00,23.19168,20.906158,1004.96185,-1.79772,0.42214495,0.0,86.99484,0.0
2025-02-16 00:00:00,21.551178,20.191925,1004.22186,0.670022,-1.5551538,0.25201562,91.980156,0.0
2025-02-16 06:00:00,30.606354,20.688019,1005.9431,-1.180912,-1.4087858,0.008682251,55.50441,0.0
2025-02-16 12:00:00,31.370514,20.292938,1002.7544,-3.4310656,-0.6532278,0.0,51.85765,0.0
2025-02-16 18:00:00,23.364166,21.486664,1006.6912,-2.0832443,-0.4779482,0.0,89.214745,0.0
2025-02-17 00:00:00,23.687775,22.22287,1006.0644,0.11847782,-0.95317745,0.47441334,91.51297,0.0
2025-02-17 06:00:00,29.586456,21.656097,1008.02374,-1.7149267,-1.1169109,0.2963825,62.45379,0.0
2025-02-17 12:00:00,30.733063,20.315765,1004.02124,-2.9215841,-1.0363579,0.0,53.853043,0.0
2025-02-17 18:00:00,23.25357,21.053192,1006.8837,-1.750473,-0.5268183,0.0,87.456795,0.0
2025-02-18 00:00:00,22.310455,20.81668,1005.53125,0.13284302,-1.4561825,0.37279356,91.26607,0.0
2025-02-18 06:00:00,29.948639,21.157959,1008.2569,-1.7753029,-0.003840804,0.31321275,59.32723,0.0
2025-02-18 12:00:00,31.066559,20.985077,1004.10565,-2.8899107,-0.42958927,0.01411438,55.061768,0.0
2025-02-18 18:00:00,23.214386,21.036743,1006.47375,-1.8311443,-0.20258808,0.0,87.57558,0.0
2025-02-19 00:00:00,21.935944,20.633575,1003.965,-0.7376919,-1.6961508,0.4918803,92.32561,0.0
2025-02-19 06:00:00,30.524933,21.747162,1005.6813,-1.6688719,0.20219636,0.19715554,59.50681,0.0
2025-02-19 12:00:00,31.431427,21.744232,1001.8787,-2.6561575,0.18978453,0.0,56.49755,0.0
2025-02-19 18:00:00,23.75888,21.800537,1005.03,-1.6945543,0.014549255,0.0,88.80557,0.0
2025-02-20 00:00:00,22.792267,21.633484,1004.52,0.14698792,-1.6264439,0.15614259,93.18824,0.0
2025-02-20 06:00:00,30.25943,21.62912,1006.46063,-1.8286638,-0.8259654,0.19661762,59.984577,0.0
2025-02-20 12:00:00,31.328644,21.573517,1003.23376,-3.2697983,-0.53976536,0.0099105835,56.238777,0.0
2025-02-20 18:00:00,24.108673,21.681519,1006.71814,-1.530591,-0.26575172,0.0,86.32811,0.0
2025-02-21 00:00:00,23.536163,21.973236,1005.6944,-0.30603123,-1.3628025,0.060778763,90.95848,0.0
2025-02-21 06:00:00,30.577057,21.894135,1007.71185,-1.8525057,-1.6961708,0.20698863,59.864414,0.0
2025-02-21 12:00:00,31.65689,21.540192,1004.22687,-3.4046535,-0.75635433,0.0,55.0869,0.0
2025-02-21 18:00:00,24.381866,21.666351,1007.4969,-1.7699518,-0.22378159,0.0,84.8468,0.0
2025-02-22 00:00:00,23.50766,21.863983,1006.105,0.42892838,-1.3052263,0.21954721,90.50953,0.0
2025-02-22 06:00:00,30.824127,22.083344,1008.3738,-1.4267445,-1.0230465,0.21146566,59.70987,0.0
2025-02-22 12:00:00,31.801544,21.787994,1004.45624,-2.7800379,-0.51851845,0.0012817383,55.470627,0.0
2025-02-22 18:00:00,24.36905,21.679993,1008.2506,-1.815628,0.224617,0.0013241768,84.98284,0.0
2025-02-23 00:00:00,22.820831,21.38565,1006.3719,0.36099243,-1.4382229,0.36279136,91.62654,0.0
2025-02-23 06:00:00,30.266266,21.963959,1007.84625,-1.0247765,-1.0992022,0.11231141,61.19988,0.0
2025-02-23 12:00:00,32.12906,20.707306,1004.4919,-3.2894878,-1.3306189,0.037586212,50.95929,0.0
2025-02-23 18:00:00,24.50766,22.399994,1007.90686,-1.8470917,0.122000694,0.0,88.06211,0.0
2025-02-24 00:00:00,24.195953,22.857452,1005.8137,-0.07703686,-1.628274,0.9881072,92.24803,0.0
2025-02-24 06:00:00,30.815704,22.259857,1008.2619,-2.2175179,-2.019268,0.21993878,60.384254,0.0
2025-02-24 12:00:00,31.470123,21.058441,1004.68,-3.9493494,-1.4157276,0.014871019,54.05425,0.0
2025-02-24 18:00:00,25.034454,22.88559,1008.42377,-1.5814381,-1.561944,0.024299068,87.886665,0.0
2025-02-25 00:00:00,25.134125,23.126312,1006.4462,-0.54640293,-3.207285,0.7733399,88.64838,9.49949e-05
2025-02-25 06:00:00,30.774689,22.65799,1008.55,-2.60145,-3.5479612,0.26875663,62.008137,0.055322256
2025-02-25 12:00:00,29.91977,22.300507,1005.4313,-3.6323757,-2.3035574,0.26012588,63.722813,0.021636654
2025-02-25 18:00:00,26.078705,22.537079,1008.8069,-2.3696623,-2.4330797,0.18991452,80.87516,0.0
2025-02-26 00:00:00,25.555573,22.55429,1006.4219,-0.8915167,-3.636632,0.4401257,83.50889,0.0
2025-02-26 06:00:00,31.814606,22.439362,1008.35,-3.6566458,-3.9166517,0.42305088,57.67357,0.018503517
2025-02-26 12:00:00,31.362946,20.121979,1004.3025,-4.1022005,-3.1717787,0.035255432,51.334633,0.0
2025-02-26 18:00:00,26.046783,22.359222,1007.9306,-2.0358696,-3.5555563,0.023627138,80.15688,0.0
2025-02-27 00:00:00,25.697357,22.860321,1005.46686,-0.4043827,-3.941947,0.89209896,84.36066,0.0
2025-02-27 06:00:00,31.397614,22.37497,1006.815,-3.391715,-3.7853785,0.6475706,58.82488,0.0019073486
2025-02-27 12:00:00,31.868805,22.687897,1002.72064,-4.245819,-2.710064,0.76879776,58.37092,0.0
2025-02-27 18:00:00,26.75113,24.150421,1006.58875,-2.1984854,-2.9108858,0.89907956,85.68065,0.0
2025-02-28 00:00:00,26.287262,22.922333,1004.39,-0.89221287,-3.1850014,0.83732104,81.77282,0.013828278
2025-02-28 06:00:00,30.802032,23.609833,1006.3069,-3.918027,-3.717536,0.4438396,65.57884,0.09268013
2025-02-28 12:00:00,29.624908,24.240204,1002.5144,-4.3117924,-2.0596075,0.46962225,72.86956,0.02684106
2025-02-28 18:00:00,25.681274,24.571991,1005.90436,-2.3778753,-2.1640959,0.5951954,93.60599,0.1915776
2025-03-01 00:00:00,25.81195,23.878387,1003.76624,-1.8202114,-2.4001951,0.9959284,89.099335,0.0
2025-03-01 06:00:00,30.098907,24.681732,1006.0469,-2.1452494,-2.160616,0.9959909,72.808975,0.14926086
2025-03-01 12:00:00,30.03305,24.249847,1001.64374,-3.7703075,-1.4356623,0.4429189,71.21964,0.0
2025-03-01 18:00:00,26.882874,24.834442,1005.1369,-2.5912542,-1.1909628,0.48266512,88.57194,0.00667529
2025-03-02 00:00:00,26.214478,24.290009,1002.1369,-1.2959185,-1.2931347,0.63680804,89.17878,0.03452512
2025-03-02 06:00:00,31.250519,25.878326,1004.6994,-1.7160645,-1.0256987,0.8655653,73.199585,0.029940553
2025-03-02 12:00:00,31.305817,25.110199,1000.4456,-2.7558222,-0.8125067,0.40064254,69.71482,0.6877305
2025-03-02 18:00:00,26.679535,25.363983,1004.3275,-1.8844604,0.38156128,0.18222207,92.51107,0.0
2025-03-03 00:00:00,25.859894,24.653412,1002.8881,-0.06267929,-1.0134239,0.99928087,93.07209,0.0003813766
2025-03-03 06:00:00,31.773834,23.966095,1004.9406,-1.1358051,-0.80679417,0.7951904,63.394196,0.0
2025-03-03 12:00:00,32.1127,22.791412,1000.9219,-2.8489723,0.67813396,1.0,57.93276,0.0
2025-03-03 18:00:00,26.205597,24.591583,1003.96185,-1.331871,0.7695182,0.9979974,90.85127,0.0
2025-03-04 00:00:00,25.910492,24.459015,1002.4356,1.1513243,-0.33323938,0.9982145,91.72075,0.0003813766
2025-03-04 06:00:00,31.389557,23.468536,1004.79,-1.6184855,-0.28366297,1.0,62.881176,0.0
2025-03-04 12:00:00,32.272614,22.173492,1001.46814,-2.1907291,0.36396503,0.95659727,55.295807,0.0
2025-03-04 18:00:00,24.985992,23.665741,1004.3131,-1.3841572,0.835625,0.95348686,92.39345,0.0
2025-03-05 00:00:00,24.007843,23.228119,1002.5694,0.2594719,-1.1834221,0.9991206,95.411415,0.0
2025-03-05 06:00:00,31.021881,23.01358,1003.9825,-0.08315611,1.3418466,0.9999975,62.471016,0.0
2025-03-05 12:00:00,33.344757,21.601227,1001.1675,-1.5544481,0.84436005,0.17274475,50.270313,0.0
2025-03-05 18:00:00,25.60788,23.963776,1004.3925,-1.0582657,1.37702,0.0,90.64831,0.0
2025-03-06 00:00:00,24.604889,23.389313,1003.8688,1.414854,-0.0031715035,0.8866577,92.95812,0.0
2025-03-06 06:00:00,33.22513,21.4711,1005.17126,0.27119958,0.2706529,0.47053826,50.207443,0.0
2025-03-06 12:00:00,34.27176,20.113434,1000.93,-2.1869926,0.03103143,0.01914978,43.557976,0.0
2025-03-06 18:00:00,26.314606,25.13388,1003.6188,-1.0375319,0.94365185,0.72122127,93.237625,0.0
2025-03-07 00:00:00,25.184784,23.79245,1002.4481,0.8083563,-0.71246433,0.8452498,92.00455,0.0
2025-03-07 06:00:00,32.828888,21.297882,1004.02374,-0.87409306,0.51610494,0.016403198,50.796234,0.0
2025-03-07 12:00:00,33.95572,19.271393,1000.0112,-2.8181467,0.29031384,0.0,42.075413,0.0
2025-03-07 18:00:00,25.779541,23.61905,1003.26935,-1.3585043,0.71793395,0.0,87.888176,0.0
2025-03-08 00:00:00,25.330475,22.933502,1001.5375,0.04311371,-1.1700735,0.22329375,86.60214,0.0
2025-03-08 06:00:00,32.44571,21.571198,1003.3569,-0.78884697,0.53873086,0.08126831,52.781326,0.0
2025-03-08 12:00:00,33.198883,21.01004,998.7969,-2.9107409,0.4904341,0.0,48.879555,0.0
2025-03-08 18:00:00,25.23227,22.098114,1002.5119,-1.5318699,0.967329,0.0,82.79962,0.0
2025-03-09 00:00:00,23.830719,21.609833,1001.4125,0.009343147,-1.202424,0.0032348633,87.397995,0.0
2025-03-09 06:00:00,31.391876,20.223175,1004.1956,-2.4052439,-0.24100655,0.083911896,51.57189,0.0
2025-03-09 12:00:00,31.67215,19.997162,1000.985,-3.9851599,-0.116627455,0.0,50.052433,0.0
2025-03-09 18:00:00,24.267975,20.846283,1005.4269,-1.8242216,-0.57098866,0.0020065308,81.23799,0.0
2025-03-10 00:00:00,24.818878,21.894043,1004.305,0.23120975,-2.3201122,0.15348361,83.81581,0.0
2025-03-10 06:00:00,31.759918,22.409393,1006.29565,-3.5322332,-2.7554312,0.9286919,57.747437,0.0
2025-03-10 12:00:00,31.873688,22.368256,1001.4225,-4.237751,-2.4355488,0.7422394,57.23278,0.0
2025-03-10 18:00:00,27.396515,23.025116,1005.3594,-2.282815,-3.2437124,0.9835294,77.086655,0.0
2025-03-11 00:00:00,26.772644,23.092438,1002.875,-0.7242193,-3.5878458,0.9999998,80.288574,0.008702278
2025-03-11 06:00:00,26.924408,25.18332,1005.9481,-2.5461693,-2.8564425,0.99871856,90.21296,0.8458681
2025-03-11 12:00:00,25.939545,24.6557,1003.5975,-2.3679142,-1.0493078,1.0,92.646774,0.0
2025-03-11 18:00:00,24.742157,23.939728,1005.79,0.104346275,-1.4824314,1.0000001,95.30588,0.0
2025-03-12 00:00:00,24.4534,23.536774,1003.3325,-0.45735073,-2.1780977,1.0000001,94.64251,0.0
2025-03-12 06:00:00,27.059021,24.660736,1005.6719,-3.5407257,-0.89724445,0.9893309,86.75511,0.16631198
2025-03-12 12:00:00,26.743011,24.643585,1002.84064,0.26836872,0.69972324,1.000001,88.29126,0.0
2025-03-12 18:00:00,24.402191,23.712067,1004.5025,1.1197443,-0.8740072,0.21119644,95.9409,0.0
2025-03-13 00:00:00,25.324493,23.818848,1002.96814,0.3365984,-0.5695238,1.0,91.38782,0.0012398232
2025-03-13 06:00:00,31.338165,23.53769,1004.54565,-1.1517544,-0.5060587,0.39845198,63.328796,0.0
2025-03-13 12:00:00,32.48355,23.3237,1000.84436,-2.1262856,0.68256664,0.0418402,58.58801,0.0
2025-03-13 18:00:00,25.726227,24.246002,1003.5544,-1.3828812,0.8361345,0.0,91.5519,0.0
2025-03-14 00:00:00,25.283417,23.898926,1002.8219,0.57625484,-0.056998372,0.95246565,92.05362,0.0
2025-03-14 06:00:00,31.577057,23.76004,1005.1756,-0.53851795,-0.13172239,0.31342882,63.31681,0.0
2025-03-14 12:00:00,33.12552,22.648834,1001.1719,-1.9706688,0.18037504,0.013965607,54.24665,0.0
2025-03-14 18:00:00,26.646881,24.86258,1004.47186,-1.7175398,1.3957484,0.0,89.9615,0.0
2025-03-15 00:00:00,25.37973,23.759583,1003.2981,0.2319479,-0.3817318,0.25460702,90.76392,0.0
2025-03-15 06:00:00,31.777985,22.818268,1005.3306,-0.20547009,0.10876328,0.29995775,59.137905,0.0
2025-03-15 12:00:00,32.785675,22.945343,1001.9225,-2.0595722,0.38051128,0.0,56.296093,0.0
2025-03-15 18:00:00,26.734528,24.0878,1005.32874,-1.38451,0.28797734,0.0,85.44269,0.0
2025-03-16 00:00:00,26.006622,24.069733,1003.9175,0.3173666,-1.229805,0.023319418,89.09649,0.0
2025-03-16 06:00:00,32.755768,24.377472,1005.7075,-1.522975,0.7866385,0.30093578,61.470383,0.024616553
2025-03-16 12:00:00,31.618439,24.86081,1001.585,-2.092432,1.5863006,0.26812246,67.475876,0.0
2025-03-16 18:00:00,27.24762,25.387543,1004.39935,-1.0619221,1.0115037,0.21609409,89.59946,0.0
2025-03-17 00:00:00,26.969543,25.333313,1003.23376,1.1207266,0.53068984,0.3313781,90.78069,0.0
2025-03-17 06:00:00,33.282745,25.015839,1005.1294,-0.33372593,0.7279209,0.81020564,61.996746,0.030516071
2025-03-17 12:00:00,32.24942,25.407684,1000.6375,-1.9477386,1.0697609,0.78919405,67.26207,0.0
2025-03-17 18:00:00,27.140839,25.343414,1004.5075,-1.651763,1.545892,0.38958636,89.926186,0.0
2025-03-18 00:00:00,27.276062,25.368225,1003.015,0.09672356,-0.113753915,0.60344416,89.3475,0.0003813766
2025-03-18 06:00:00,33.354523,24.927612,1004.2075,-1.5126181,0.8897003,0.28968102,61.423664,0.036051963
2025-03-18 12:00:00,33.433014,23.693329,1001.4231,-2.9058056,1.4032587,0.06428319,56.793602,0.0
2025-03-18 18:00:00,27.040924,25.10376,1005.5719,-1.0636787,1.2270985,0.6863865,89.17401,0.0
2025-03-19 00:00:00,26.967133,24.9393,1004.6269,0.2080555,0.055086493,0.3766886,88.6876,0.008203089
2025-03-19 06:00:00,32.970245,25.44986,1006.95685,-1.8734617,1.5385927,0.47903568,64.74562,0.2602458
2025-03-19 12:00:00,32.8356,24.775238,1002.8006,-3.7147303,1.4721118,0.14915606,62.66806,0.0
2025-03-19 18:00:00,27.3526,25.329224,1007.2875,-1.5581675,0.19505996,0.57765335,88.74158,0.0
2025-03-20 00:00:00,27.122131,24.561005,1006.215,-1.5579433,-0.5737574,0.16408694,85.92038,0.0
2025-03-20 06:00:00,33.428864,23.473053,1008.11,-2.1766624,0.784759,0.14830571,56.057793,0.0
2025-03-20 12:00:00,32.936188,22.202484,1003.72375,-3.1994133,0.7851677,0.033383258,53.35946,0.0
2025-03-20 18:00:00,27.461395,24.494293,1007.71063,-2.1332712,0.6117355,0.0,83.89312,0.0
2025-03-21 00:00:00,27.206635,24.873016,1006.76935,-0.5950117,-1.1435137,0.30149305,87.104225,0.0023841858
2025-03-21 06:00:00,33.1243,24.281738,1007.7031,-2.4428778,0.55928785,0.45059216,59.86505,0.021079028
2025-03-21 12:00:00,32.918976,24.539703,1003.89374,-3.0519953,0.5004358,0.40779114,61.50273,0.0
2025-03-21 18:00:00,28.01892,25.270538,1006.5062,-1.8305702,0.40463734,0.028289795,85.05466,0.0
2025-03-22 00:00:00,27.058716,24.892029,1005.3738,-1.2649469,-0.43021363,0.0891099,87.963394,0.0
2025-03-22 06:00:00,33.69925,24.489044,1006.935,-2.5138454,0.549853,0.28554738,58.690865,0.027946154
2025-03-22 12:00:00,32.02304,24.685822,1004.04565,-2.133564,1.520553,0.2745428,65.25997,0.0
2025-03-22 18:00:00,27.059662,24.205109,1006.40314,-1.4015408,-0.24264455,0.065736055,84.41718,0.0
2025-03-23 00:00:00,26.953156,24.878693,1005.03625,-0.11483002,0.9175137,0.36515844,88.4401,0.0055301934
2025-03-23 06:00:00,32.812775,23.288483,1006.3719,-1.4738407,0.8172627,0.41566974,57.38876,0.031099845
2025-03-23 12:00:00,30.980927,24.126862,1003.4194,-2.9945145,0.6047182,0.34470487,66.96226,0.0
2025-03-23 18:00:00,27.041534,25.079132,1006.47687,-1.1814528,-0.8466692,0.13634747,89.04005,0.0
2025-03-24 00:00:00,26.509918,25.20575,1004.5675,-0.5057087,-1.2450876,0.8751286,92.56472,0.0
2025-03-24 06:00:00,33.523224,24.70462,1006.0825,-2.0810575,-0.9264746,0.3555953,60.041016,0.0025752604
2025-03-24 12:00:00,32.88333,23.781403,1002.0613,-3.788804,-0.18626499,0.09813825,58.885246,0.0
2025-03-24 18:00:00,27.150177,25.197906,1005.08685,-1.7415037,-0.70174694,0.056147527,89.10212,0.0
2025-03-25 00:00:00,26.423248,24.527283,1002.4375,-0.51541233,-1.3183918,0.9266434,89.34696,0.0003813766
2025-03-25 06:00:00,32.37259,23.435516,1003.9331,-1.0151167,-0.5113163,0.20579612,59.35533,0.0
2025-03-25 12:00:00,33.48709,22.327179,999.39185,-3.0749264,-0.31284046,0.025482178,52.128815,0.0
2025-03-25 18:00:00,26.458282,23.32196,1002.6275,-1.3441143,0.6271619,0.059103012,82.9316,0.0
2025-03-26 00:00:00,25.109589,23.128998,1001.39935,0.7136164,-0.6293535,0.32794467,88.79245,0.0
2025-03-26 06:00:00,32.59915,22.93515,1002.9075,-0.4598179,0.63708144,0.32919717,56.855713,0.0
2025-03-26 12:00:00,34.054596,20.730255,998.5206,-2.1278667,0.50345254,0.5096321,45.7991,0.0
2025-03-26 18:00:00,26.325714,22.57315,1002.3812,-0.5791578,1.3814683,0.73481154,79.87806,0.0
2025-03-27 00:00:00,26.017853,24.174957,1001.3063,0.27086455,-0.8661248,0.7539153,89.60136,0.0
2025-03-27 06:00:00,33.903717,23.396637,1002.39685,0.5040729,0.53296775,0.8304498,54.337097,0.0
2025-03-27 12:00:00,35.034943,21.455719,997.47186,-2.4816608,1.6112728,0.8875057,45.34534,0.0
2025-03-27 18:00:00,28.567596,24.861908,1001.1975,-0.14060497,2.293316,0.9384978,80.40038,0.0
2025-03-28 00:00:00,26.733185,24.889618,1000.3194,0.1754117,1.3032017,0.95343786,89.650055,0.0
2025-03-28 06:00:00,33.79898,22.87674,1001.7344,-0.18419147,1.4053276,0.99476326,52.964737,0.0
2025-03-28 12:00:00,34.463898,20.946442,997.635,-1.8555431,1.7257737,0.9730521,45.36599,0.0
2025-03-28 18:00:00,27.066315,23.128265,1001.03186,-0.27077007,2.1852407,1.0000001,79.08577,0.0
2025-03-29 00:00:00,24.707306,22.462006,999.5662,0.92787665,1.0885876,0.8872923,87.34564,0.0
2025-03-29 06:00:00,35.311554,18.81314,1001.565,-0.6193857,0.32905227,0.006225586,37.923042,0.0
2025-03-29 12:00:00,35.214874,16.62564,997.5175,-2.6389093,0.5897825,0.0,33.218117,0.0
2025-03-29 18:00:00,25.838776,23.313751,1001.7969,-1.1623869,1.471313,0.0,85.982376,0.0
2025-03-30 00:00:00,24.236237,22.977264,1001.4725,0.6993475,0.012295544,0.24362183,92.69558,0.0
2025-03-30 06:00:00,33.688507,19.31253,1002.89813,-0.9488964,0.94008595,0.0,42.817936,0.0
2025-03-30 12:00:00,34.228912,18.523224,999.16,-2.344861,1.3198359,0.0,39.54805,0.0
2025-03-30 18:00:00,25.542389,21.06778,1002.9988,-1.5982313,0.61355853,0.0,76.32183,0.0
2025-03-31 00:00:00,25.08731,22.403168,1001.8019,-0.6673527,-0.799737,0.44100472,85.08261,0.0
2025-03-31 06:00:00,33.0513,22.81363,1003.0769,-1.452445,0.9783731,0.5000957,55.020435,0.0
2025-03-31 12:00:00,33.465485,21.317108,998.8606,-3.2748518,0.74760455,0.15499115,49.070175,0.0
2025-03-31 18:00:00,27.113617,23.204285,1002.46185,-1.9018288,0.40830517,0.009105682,79.22973,0.0
2025-04-01 00:00:00,25.634857,23.301178,1001.0012,0.21989727,-0.9962263,0.44047976,86.962296,0.0
2025-04-01 06:00:00,31.887726,23.212555,1003.09064,-1.980463,1.417367,0.4890744,60.190266,0.09728223
2025-04-01 12:00:00,33.0607,22.256195,998.4888,-2.8630285,1.0322905,0.35397196,53.160812,0.0
2025-04-01 18:00:00,27.689545,23.568909,1002.5744,-1.888629,1.4045162,0.8556696,78.306,0.0
2025-04-02 00:00:00,27.039764,23.577179,1001.1381,-0.29801083,-0.37157524,0.16910553,81.384865,0.0
2025-04-02 06:00:00,33.71109,23.225433,1002.8063,-1.6851549,1.6973648,0.32698393,54.360382,0.056177378
2025-04-02 12:00:00,31.736969,24.95816,1000.0094,-2.9439955,1.5312574,0.97420585,67.41387,0.0
2025-04-02 18:00:00,28.285889,25.647827,1003.8713,-2.4698906,1.2946422,0.9984427,85.64088,0.0
2025-04-03 00:00:00,26.26883,24.576324,1003.53436,-1.5223532,0.26547503,0.9973398,90.42998,0.8874731
2025-04-03 06:00:00,28.267303,24.943512,1005.8756,-0.76156235,-1.3332214,1.0000001,82.21549,0.0
2025-04-03 12:00:00,28.036865,24.16388,1002.29065,-2.767579,-0.36125374,0.9825349,79.52941,0.0
2025-04-03 18:00:00,26.811981,24.464935,1005.51624,0.20533371,-0.12174511,0.96581817,86.998955,0.0
2025-04-04 00:00:00,26.724976,24.561798,1003.7587,0.5003731,-0.95406914,0.95798355,87.95379,0.00057066814
2025-04-04 06:00:00,33.63687,23.42508,1005.0769,-1.1391487,-0.494462,0.13195664,55.248497,0.08334265
2025-04-04 12:00:00,33.115265,22.631927,1000.8144,-3.5218992,0.8103924,0.2848854,54.222237,0.0
2025-04-04 18:00:00,27.346527,24.681976,1004.70874,-0.61228085,0.56088966,0.90261817,85.41276,0.013828278
2025-04-05 00:00:00,26.848297,24.29013,1003.0444,1.3975817,-0.3852995,0.7701974,85.90905,0.0
2025-04-05 06:00:00,33.96292,22.680695,1004.16626,0.10507417,0.23077816,0.15816224,51.86187,0.0
2025-04-05 12:00:00,34.294586,20.930939,999.90125,-1.8236084,1.8797641,0.17305067,45.751907,0.0
2025-04-05 18:00:00,29.109283,24.603851,1003.2469,-0.25565243,1.6851492,0.52340317,76.723724,0.011442229
2025-04-06 00:00:00,27.653992,24.195526,1001.0756,-0.10098302,0.80807805,0.29437828,81.48148,0.0
2025-04-06 06:00:00,35.10733,24.04715,1002.1881,1.2929728,-0.41174787,0.27330017,52.84874,0.0066766515
2025-04-06 12:00:00,32.145416,25.755524,998.3063,-3.6066475,1.9667685,0.27020782,69.07041,0.31062868
2025-04-06 18:00:00,28.114166,25.250305,1003.10376,-0.22349167,1.0418274,0.47638786,84.48207,0.0
2025-04-07 00:00:00,26.899994,24.027405,1001.4988,0.010946274,-0.84563446,0.9008322,84.30883,0.0
2025-04-07 06:00:00,34.110382,24.372772,1001.9675,-0.76446724,-1.3935299,0.7642272,56.960644,0.014307909
2025-04-07 12:00:00,34.557648,23.449982,998.7438,-3.4326801,0.9817009,0.1913836,52.56178,0.0
2025-04-07 18:00:00,28.413391,25.733368,1003.205,-0.71700954,1.0731893,0.47852683,85.44055,0.0
2025-04-08 00:00:00,27.934296,24.954071,1002.5444,0.6573162,-1.0085993,0.30391502,83.87913,0.0
2025-04-08 06:00:00,34.934967,23.258026,1003.22687,-0.6078577,-1.4794006,0.032022778,50.87935,0.0
2025-04-08 12:00:00,34.864166,22.662384,999.8256,-3.3170872,-0.58691216,0.17196143,49.27036,0.0
2025-04-08 18:00:00,28.18991,25.917877,1004.03937,-1.24757,0.51716137,0.4379001,87.510315,0.0
2025-04-09 00:00:00,27.345428,25.20279,1002.1769,0.7952252,-1.1790056,0.5428238,88.11346,0.0
2025-04-09 06:00:00,34.615265,22.011139,1003.09,-0.9465904,-0.8699074,0.6086199,48.015724,0.004388392
2025-04-09 12:00:00,33.897736,22.460236,999.5669,-3.0508194,0.6008663,0.4302398,51.35889,0.014718622
2025-04-09 18:00:00,28.968262,24.787842,1002.23627,0.15735978,2.0547047,0.22821963,78.20756,0.0
2025-04-10 00:00:00,27.900116,24.885742,1000.46375,1.1068753,0.2833841,0.9645982,83.704666,0.0
2025-04-10 06:00:00,35.895294,23.289581,1001.35315,2.5460157,-0.023031533,0.780561,48.34241,0.0
2025-04-10 12:00:00,35.678497,21.271027,995.9556,0.18034172,1.179633,0.80429393,43.268375,0.0
2025-04-10 18:00:00,30.489044,25.178375,999.6875,1.6125851,2.4331636,0.5423619,73.33933,0.0
2025-04-11 00:00:00,29.331451,22.21817,998.95685,3.3107147,0.5853444,0.65179056,65.59035,0.0
2025-04-11 06:00:00,36.591827,21.744598,1000.27313,2.6942105,0.10393745,0.025933135,42.360245,0.0
2025-04-11 12:00:00,33.430206,24.373322,998.3781,1.6747832,-0.3471651,0.6155221,59.170185,0.3747344
2025-04-11 18:00:00,27.11795,23.828827,1001.3231,0.00072550774,2.521855,0.29301804,82.24882,0.0
2025-04-12 00:00:00,26.433868,23.998505,1000.32623,1.627245,1.3345195,0.60276544,86.50476,0.0
2025-04-12 06:00:00,34.296173,22.942535,1001.095,3.6295843,0.35610563,0.106399536,51.72139,0.0
2025-04-12 12:00:00,36.545074,22.484894,997.1325,-1.199503,2.8589313,0.43494806,44.428257,0.040438026
2025-04-12 18:00:00,29.836304,23.848297,1001.78876,1.3600037,1.8178744,0.47807366,70.31366,0.0
2025-04-13 00:00:00,28.915985,22.793,1000.6456,1.4205742,0.923268,0.33503085,69.572845,0.0
2025-04-13 06:00:00,35.248077,22.518707,1001.65186,1.1465553,0.02919954,0.26609343,47.814842,0.0
2025-04-13 12:00:00,35.912872,21.97049,998.13873,-2.43009,-0.3857212,0.5280384,44.57996,0.0
2025-04-13 18:00:00,29.609528,25.41159,1002.0975,-0.26982784,1.5474684,0.25769657,78.217155,0.0
2025-04-14 00:00:00,28.831848,25.753815,1001.2594,-0.43956363,-0.6883011,0.17060798,83.49151,0.0
2025-04-14 06:00:00,34.87039,23.595917,1001.7725,-1.6288671,0.5969076,0.10193348,52.113403,1.1641532e-07
2025-04-14 12:00:00,35.42044,22.012115,997.3306,-2.9502945,1.2604584,0.106536865,45.923576,0.0
2025-04-14 18:00:00,28.53592,24.217987,1002.71,-0.34812546,1.0284928,0.3199442,77.50436,0.0
2025-04-15 00:00:00,27.697418,22.821075,1001.76624,1.1675406,-0.18414211,0.83877677,74.81136,0.0
2025-04-15 06:00:00,34.1951,22.862335,1002.5325,-0.38366127,0.019414246,0.33393192,51.76143,0.0
2025-04-15 12:00:00,34.529205,22.76883,998.4581,-2.6084862,0.9073449,0.035914086,50.520527,0.0
2025-04-15 18:00:00,28.71231,25.707153,1002.76373,-2.0191126,1.3830063,0.11284292,83.83989,0.0
2025-04-16 00:00:00,27.506653,25.006256,1002.0737,0.362813,0.7466717,0.36265346,86.26947,0.08657947
2025-04-16 06:00:00,34.00113,23.9487,1002.8081,-0.24940968,1.1558721,0.16997242,55.869164,0.0
2025-04-16 12:00:00,33.97293,22.55008,998.9419,-2.482113,0.7640043,0.32389832,51.423584,0.03756024
2025-04-16 18:00:00,28.429169,24.64795,1002.71063,-0.92669106,1.6725378,0.13278215,80.020355,0.0
2025-04-17 00:00:00,27.99292,24.90625,1001.57,-0.17747116,0.7479511,0.48853153,83.35468,0.011362135
2025-04-17 06:00:00,34.5524,24.65036,1002.1962,0.4213767,1.6442385,0.18001008,56.506775,0.0
2025-04-17 12:00:00,34.81949,24.296295,997.54877,-1.6977978,2.1629648,0.104525745,54.50729,0.07916242
2025-04-17 18:00:00,29.843414,25.664276,1001.3825,-0.49372196,2.8543787,0.1337872,78.33766,0.0
2025-04-18 00:00:00,28.921356,26.699738,1000.70374,-0.011543691,2.431199,0.34690028,87.83369,0.0
2025-04-18 06:00:00,35.39041,24.880157,1001.3875,0.4805603,2.2315464,0.2800938,54.68785,0.00019092113
2025-04-18 12:00:00,34.48123,24.27591,997.0606,-1.9147863,3.0351257,0.13393094,55.47334,0.0
2025-04-18 18:00:00,29.965363,25.703217,1000.9344,-0.2332412,2.9621925,0.2101623,77.970184,0.004576519
2025-04-19 00:00:00,28.908844,25.796173,999.71185,0.7078557,1.3196723,0.3540461,83.328896,0.0
2025-04-19 06:00:00,35.809235,23.309906,1000.6169,1.4977427,0.24702728,0.6707692,48.631725,0.0
2025-04-19 12:00:00,36.029083,23.123322,996.72375,-1.4229345,2.4595804,0.25814945,47.5081,0.0
2025-04-19 18:00:00,30.375153,25.928864,1000.58185,-0.43951988,3.398425,0.6623846,77.18322,0.0
2025-04-20 00:00:00,29.281708,27.051361,999.78625,0.35029477,1.4159346,0.2594511,87.81892,0.0
2025-04-20 06:00:00,35.657745,24.33255,1001.1163,0.7685346,0.3033257,0.19507802,52.150726,0.0008586794
2025-04-20 12:00:00,35.780304,24.614532,997.325,-2.0705137,2.6292603,0.22721496,52.68131,0.044917688
2025-04-20 18:00:00,30.376038,26.50888,1001.6238,-1.0390692,2.7268133,0.8675416,79.87002,0.0
2025-04-21 00:00:00,29.621765,26.78061,1000.72687,-0.65925896,1.5508984,0.15654844,84.75327,0.0014323741
2025-04-21 06:00:00,36.0148,24.203766,1002.2075,-0.71887016,0.30515802,0.09114495,50.741886,0.0
2025-04-21 12:00:00,35.665924,22.908966,999.15686,-3.0041409,1.1818461,0.017990112,47.843204,0.0
2025-04-21 18:00:00,29.327026,25.647736,1003.4581,-1.0519896,1.5910113,0.0,80.624954,0.0
2025-04-22 00:00:00,28.403595,26.299408,1002.8731,0.17764091,0.2549016,0.37656158,88.401115,0.0
2025-04-22 06:00:00,34.765045,23.79776,1004.0081,-1.3457603,1.0068625,0.23141342,53.059788,0.004487112
2025-04-22 12:00:00,34.86673,21.853058,999.96936,-3.2923403,1.0224619,0.04409027,46.89561,0.0
2025-04-22 18:00:00,29.456818,25.752838,1003.78564,-0.9384079,2.4245024,0.031799316,80.5237,0.0
2025-04-23 00:00:00,27.883972,25.835663,1001.73126,0.62112325,0.681129,0.66613674,88.652214,0.0
2025-04-23 06:00:00,35.268097,22.735504,1002.2438,0.22966892,0.5827529,0.052125007,48.394527,0.0
2025-04-23 12:00:00,35.194977,22.77237,997.90564,-2.9080648,2.0708923,0.22255707,48.699413,0.0
2025-04-23 18:00:00,30.099121,25.866302,1001.03564,-0.45789063,3.1599884,0.01685912,78.124954,0.0
2025-04-24 00:00:00,28.83313,26.411835,999.83685,0.41541463,0.7212214,0.004432678,86.7984,0.0
2025-04-24 06:00:00,35.519684,24.843689,1001.3831,0.07739639,0.2331307,0.15985408,54.180737,0.0013355166
2025-04-24 12:00:00,36.03958,23.840363,996.8194,-2.26721,2.1769376,0.36149597,49.578762,0.047866255
2025-04-24 18:00:00,30.350525,26.229706,1001.1344,-0.6224594,2.9724789,0.026642285,78.679794,0.0
2025-04-25 00:00:00,29.16391,26.718353,999.78375,-0.3633384,0.8567707,0.033961315,86.704506,0.0
2025-04-25 06:00:00,36.01956,24.274933,1001.25,-0.49819374,0.64776605,0.11868554,50.945534,0.012122095
2025-04-25 12:00:00,33.95633,25.716461,997.8044,-2.5785599,2.9984026,0.3684438,62.242855,0.0
2025-04-25 18:00:00,29.961487,26.613403,1001.22064,-1.1085186,2.9212246,0.2897058,82.2983,0.0
2025-04-26 00:00:00,29.242188,26.730164,999.77563,-1.2444334,1.1528461,0.37984467,86.37315,1.890889e-07
2025-04-26 06:00:00,34.64102,25.618744,1001.3756,-1.4949379,2.0892782,0.24392498,59.56779,0.11387676
2025-04-26 12:00:00,33.500153,24.513824,998.35187,-1.2966852,3.0327291,0.19183359,59.43664,0.0
2025-04-26 18:00:00,29.631165,26.263184,1001.76624,-0.51495653,2.3265858,0.028673843,82.16262,0.0
2025-04-27 00:00:00,28.067047,26.241577,1000.7531,-0.69117546,1.3947148,0.19149143,89.84262,0.0005736947
2025-04-27 06:00:00,34.54715,24.701447,1002.3781,-1.0402269,1.9023762,0.73113567,56.69613,0.025084242
2025-04-27 12:00:00,32.270477,25.021637,999.3475,-3.3337631,2.4610996,0.9132418,65.65582,8.754432e-05
2025-04-27 18:00:00,29.108002,25.77771,1002.60626,-0.8220253,2.2997313,0.99927825,82.283806,0.0
2025-04-28 00:00:00,28.067566,25.062317,1000.4344,-0.16141605,2.4656773,0.86033875,83.768684,0.14269897
2025-04-28 06:00:00,33.561188,25.439972,1001.22,-0.86931133,2.4948807,0.61399907,62.597256,0.0
2025-04-28 12:00:00,33.38272,24.752655,997.6356,-1.5833769,2.32552,0.3389004,60.689457,0.0
2025-04-28 18:00:00,29.146301,24.978119,1001.1744,-0.8620634,2.7002916,0.9131673,78.28998,0.0
2025-04-29 00:00:00,28.282623,24.947662,999.95935,0.14224374,1.0748918,0.9999996,82.16257,0.0
2025-04-29 06:00:00,34.941803,24.129303,1000.66,-0.22289658,1.4891615,0.17522776,53.59928,0.0070557
2025-04-29 12:00:00,33.16397,25.937408,997.2975,-1.4688015,2.9651232,0.6224469,65.92379,0.008419156
2025-04-29 18:00:00,29.768005,25.917023,1000.9888,-0.17410094,2.9206324,0.6532547,79.86585,0.0
2025-04-30 00:00:00,28.5708,25.610352,1000.115,0.25684965,1.9403896,0.79552096,84.04716,0.0
2025-04-30 06:00:00,35.3295,24.441864,1001.17126,1.0848551,1.3118348,0.65151906,53.453358,0.013541703
2025-04-30 12:00:00,35.306915,23.871002,997.22815,-1.4832201,3.3495054,0.5423244,51.718052,0.0
2025-04-30 18:00:00,29.503967,26.176086,1001.7562,-0.1729886,4.1501417,0.97608393,82.3424,0.0007627532
2025-05-01 00:00:00,28.71939,25.650665,1001.41565,0.8535604,2.0396929,0.99802244,83.5251,0.0
2025-05-01 06:00:00,34.94815,24.583069,1001.7081,1.2746335,1.8217506,0.94319135,55.056988,0.0015256228
2025-05-01 12:00:00,34.714264,23.723907,998.58624,-1.3074341,3.1478472,0.98215264,52.97362,0.0
2025-05-01 18:00:00,29.771332,25.622345,1001.5494,0.278441,2.8710022,0.9999997,78.46779,0.0
2025-05-02 00:00:00,28.731049,25.9664,1001.0225,0.21336174,2.0065327,0.99113834,85.045204,0.0
2025-05-02 06:00:00,35.664825,24.611786,1002.3825,-0.44951725,1.4890785,0.11136627,53.009033,0.0
2025-05-02 12:00:00,33.14444,23.703278,998.53125,-1.7444687,4.1044836,0.4719262,57.755077,0.0
2025-05-02 18:00:00,29.2818,24.832245,1001.9969,1.0890948,2.5485144,0.93798935,77.00617,0.00038184226
2025-05-03 00:00:00,28.2919,24.373932,1000.85376,0.87092054,1.3709835,0.98107105,79.34984,0.0
2025-05-03 06:00:00,36.136627,22.756378,1001.20123,1.8384984,0.97624004,0.23880929,46.190254,0.001525972
2025-05-03 12:00:00,36.79727,21.491974,997.01624,-0.9921427,2.4973516,0.13737488,41.244358,0.0
2025-05-03 18:00:00,30.400543,25.547272,1000.5181,0.4214663,3.364005,0.055415776,75.34674,0.0
2025-05-04 00:00:00,28.95105,25.385712,999.6044,0.40497,0.9743517,0.020918958,81.12455,0.0
2025-05-04 06:00:00,37.063263,23.425323,999.89935,1.9832089,-0.17224836,0.06793213,45.716896,0.0
2025-05-04 12:00:00,35.707428,24.127716,996.235,-1.5058212,1.8087301,0.4424068,51.373154,0.3642738
2025-05-04 18:00:00,26.731842,23.750397,1002.3119,0.1329937,-0.091451645,0.98585516,83.74059,0.0
2025-05-05 00:00:00,25.850494,23.320343,1000.08813,0.5981798,1.3177826,0.98576283,85.95691,0.0
2025-05-05 06:00:00,32.352386,23.762787,999.7587,1.9180628,1.5390482,0.91702574,60.60643,0.00028655631
2025-05-05 12:00:00,33.65152,23.781158,997.35376,-0.89557934,1.3042076,0.19009244,56.400307,0.082377635
2025-05-05 18:00:00,29.306915,26.067291,1000.58936,-0.22635555,3.4654617,0.82384497,82.75013,0.0
2025-05-06 00:00:00,28.397064,26.007843,1000.6312,0.30060863,1.145715,0.46894753,86.9236,0.0
2025-05-06 06:00:00,35.164703,24.716827,1000.595,1.2199073,-0.33537847,0.58952606,54.83729,0.0
2025-05-06 12:00:00,34.575226,22.955475,997.10065,-2.1231985,1.2012656,0.7221173,50.9645,0.12587011
2025-05-06 18:00:00,27.613678,23.662506,1000.6163,0.7607043,2.6844912,0.46725076,79.09881,0.0
2025-05-07 00:00:00,27.053253,24.42923,999.5225,1.3672483,0.13586617,0.4682756,85.590836,0.0
2025-05-07 06:00:00,34.487213,24.440765,999.6269,0.90344524,-0.67201996,0.69284266,56.005295,0.02880022
2025-05-07 12:00:00,33.349884,24.476227,997.03314,-1.4625654,3.135316,0.8625211,59.80458,0.10431185
2025-05-07 18:00:00,28.2341,23.902313,1000.7,0.73512673,2.323985,0.99531364,77.39556,0.0
2025-05-08 00:00:00,26.842438,22.739899,999.2581,1.677049,0.19646263,0.013546385,78.270615,0.0
2025-05-08 06:00:00,34.575226,23.61972,1000.4475,2.3232803,-0.38259637,0.009849336,53.050488,0.006769784
2025-05-08 12:00:00,33.21048,22.725128,997.7575,0.2864561,1.4853086,0.8860129,54.238937,0.00038277358
2025-05-08 18:00:00,29.319855,25.289215,1001.0731,0.06526399,1.9260387,0.20067084,78.95841,0.0
2025-05-09 00:00:00,28.37555,24.79892,1000.3069,1.2191315,0.6811447,0.18116808,80.99745,0.0
2025-05-09 06:00:00,35.01822,23.985626,1000.77563,1.4138422,-1.377245,0.484542,52.91432,1.1641532e-07
2025-05-09 12:00:00,34.36319,23.929901,997.76874,-1.8415451,0.7219225,0.658091,54.691154,0.020999346
2025-05-09 18:00:00,29.840057,25.97342,1001.9269,-0.21469116,2.4850707,0.8588064,79.801414,0.0
2025-05-10 00:00:00,28.430115,26.099396,1000.4775,-0.54351795,0.10678905,0.5500225,87.22786,0.0
2025-05-10 06:00:00,34.04776,25.144989,1001.575,1.6412508,0.7824465,0.13266012,59.85814,0.017832965
2025-05-10 12:00:00,33.450226,24.946014,998.34814,-1.4758434,2.2592652,0.59070396,61.162125,0.093672425
2025-05-10 18:00:00,30.084198,26.342468,1000.915,1.115494,2.105836,0.099824086,80.42493,0.0
2025-05-11 00:00:00,28.76712,23.746613,999.9506,1.5352981,-0.2383709,0.044382174,74.33623,0.0
2025-05-11 06:00:00,35.79825,21.980011,1000.4931,2.4905913,-0.03243655,0.07130879,44.88831,0.0
2025-05-11 12:00:00,35.298126,24.094147,996.63873,-0.71756554,1.9783673,0.2608221,52.441532,0.0
2025-05-11 18:00:00,29.721863,24.904327,999.84937,2.0314512,2.3503342,0.09421739,75.40018,0.0
2025-05-12 00:00:00,29.262726,22.750885,998.1219,2.4075713,-0.16248608,0.0027008057,68.017426,0.0
2025-05-12 06:00:00,36.42508,22.445648,998.6269,3.3765936,-0.6458031,0.13961029,44.614967,0.0
2025-05-12 12:00:00,36.156403,24.770538,994.74,-0.62736225,0.9914671,0.2730387,52.08559,0.0
2025-05-12 18:00:00,30.285675,24.811066,999.2625,1.6945809,0.9831932,0.8098553,72.59155,0.0
2025-05-13 00:00:00,29.794373,23.335602,997.21063,2.7584448,-0.092339516,0.7867638,68.33946,0.0
2025-05-13 06:00:00,36.018585,24.261017,998.58,2.889015,-0.021136701,0.6297397,50.90578,0.0010491349
2025-05-13 12:00:00,36.446564,23.650421,994.8544,-0.451869,0.19727898,0.3516064,47.93187,0.021259766
2025-05-13 18:00:00,30.058197,25.22818,998.58185,0.39888632,2.118914,0.31205606,75.39707,0.0
2025-05-14 00:00:00,30.369537,23.736603,998.03815,2.574439,-0.5835495,0.6933069,67.736885,0.0
2025-05-14 06:00:00,35.864655,24.557465,998.895,1.5470257,-1.2899971,0.9650576,52.258446,0.0022887252
2025-05-14 12:00:00,34.520294,23.016876,995.4225,-1.1892233,0.05076599,0.6603841,51.310722,0.67058814
2025-05-14 18:00:00,28.965607,23.97464,1000.53314,3.0145793,0.17147571,0.63633054,74.50083,0.0
2025-05-15 00:00:00,28.45285,24.461395,998.65186,2.3530712,-0.8772888,0.98943466,79.02345,0.0
2025-05-15 06:00:00,35.24295,24.590454,999.42126,1.9229689,-0.5597338,0.95730805,54.189484,0.0067725778
2025-05-15 12:00:00,34.812042,23.795868,996.20624,0.2962427,0.27674192,0.27824402,52.91556,0.093095005
2025-05-15 18:00:00,28.439117,25.407562,1000.72064,1.0389806,2.6233978,0.26181883,83.678566,0.0
2025-05-16 00:00:00,28.824615,24.289581,997.9925,2.8815718,0.839247,0.085124,76.54486,0.0
2025-05-16 06:00:00,35.11673,24.333282,998.9794,2.4358122,-1.2862797,0.3738979,53.735657,0.0
2025-05-16 12:00:00,31.931915,23.179474,996.60815,-1.6237974,1.8887278,0.9971187,59.919827,0.3091395
2025-05-16 18:00:00,28.796417,25.398468,1000.3006,0.4528988,-2.1433392,0.9999999,81.91672,0.0
2025-05-17 00:00:00,26.949493,23.569,997.8894,1.7241793,-0.67663956,0.9987185,81.77726,0.0
2025-05-17 06:00:00,30.77707,24.726898,999.5875,2.5682983,0.7513003,0.9555428,70.22445,0.11062622
2025-05-17 12:00:00,30.152252,25.51828,996.96124,0.080174804,1.6641979,1.0,76.295685,0.5485646
2025-05-17 18:00:00,25.985992,24.632385,1000.93,1.732835,-0.4593315,1.0000002,92.2637,0.0
2025-05-18 00:00:00,26.024567,23.593536,997.98315,2.7270079,0.7302084,1.0,86.489,0.0
2025-05-18 06:00:00,32.074493,26.395538,998.6044,2.4074936,-0.7534399,0.9999999,72.02362,0.37147895
2025-05-18 12:00:00,31.693207,25.750214,995.1869,-0.53350925,2.5714188,0.9984427,70.84068,0.0
2025-05-18 18:00:00,27.128693,24.407684,997.96936,1.8258462,0.7433443,0.99999994,85.10277,0.016525388
2025-05-19 00:00:00,25.940582,24.226166,995.9275,3.097537,-0.19933796,0.99802256,90.288994,5.560737
2025-05-19 06:00:00,30.034576,26.788666,997.8175,3.271431,0.19787216,0.92860395,82.80338,0.0
2025-05-19 12:00:00,32.15103,25.452179,994.815,-0.121995926,1.7849612,1.0,67.81641,0.0
2025-05-19 18:00:00,28.412445,25.84024,996.8756,1.6270962,1.1417727,0.9899542,85.98827,0.0
2025-05-20 00:00:00,27.929626,25.067139,995.91876,2.1000147,0.4605314,1.0,84.46945,0.0
2025-05-20 06:00:00,32.18875,25.024078,997.1188,4.4777956,-0.8924284,0.997301,65.96947,0.12580149
2025-05-20 12:00:00,32.46988,23.960602,994.8663,1.4350765,1.3322816,0.9939707,60.926163,0.0
2025-05-20 18:00:00,28.582062,22.744537,997.61127,1.0203035,0.51728535,1.0000001,70.725044,0.0
2025-05-21 00:00:00,28.1846,21.407013,997.4256,3.1808004,-0.33471304,0.9921511,66.712654,0.0
2025-05-21 06:00:00,33.707672,24.055878,999.0731,3.649228,0.26467305,1.0,57.15951,0.0
2025-05-21 12:00:00,33.843903,24.071686,995.5056,2.3031952,-0.20742708,1.0,56.77973,9.685755e-05
2025-05-21 18:00:00,29.492462,23.117828,999.03625,2.0249672,0.22650433,0.94391775,68.62951,0.0
2025-05-22 00:00:00,28.522247,22.426056,998.3244,2.8163357,-0.14493275,0.99154747,69.612076,0.0
2025-05-22 06:00:00,34.36026,24.434418,999.4331,3.2788296,0.20819138,0.46507168,56.380875,0.0011441298
2025-05-22 12:00:00,33.53006,24.70694,996.39124,1.5511122,0.7945846,0.2690847,60.02635,0.3445032
2025-05-22 18:00:00,29.370209,26.909698,999.1131,0.58498996,2.0454254,0.910546,86.64714,0.0
2025-05-23 00:00:00,29.11911,23.75467,996.97186,1.6572134,-0.47047234,0.81282574,72.87176,0.0
2025-05-23 06:00:00,34.990143,24.54361,997.5425,2.583171,1.895814,0.5951343,54.799496,0.020318665
2025-05-23 12:00:00,33.68448,24.249664,993.91626,1.2218904,2.4407053,0.47195476,57.903065,0.0
2025-05-23 18:00:00,28.228485,24.095245,997.52625,2.6720505,0.6097649,0.46777618,78.32334,0.008777715
2025-05-24 00:00:00,27.694733,24.607025,996.8169,1.9203901,0.9813911,0.9991212,83.31589,0.011063181
2025-05-24 06:00:00,31.130829,25.08664,997.0694,3.3131437,1.9742126,0.9319591,70.314255,0.0
2025-05-24 12:00:00,32.67154,23.498016,994.3619,2.290039,1.707552,0.9884672,58.583164,0.0011445954
2025-05-24 18:00:00,28.684296,24.112213,998.70685,2.178465,2.2234325,0.98492765,76.353615,0.015634112
2025-05-25 00:00:00,27.328278,24.365326,997.3787,2.0248432,2.2330008,0.9733432,83.89938,0.255391
2025-05-25 06:00:00,32.46463,24.935913,997.6144,3.4839296,1.5599892,0.9701269,64.60874,0.0
2025-05-25 12:00:00,31.700653,23.920685,996.54877,3.871297,1.5119412,1.0,63.484478,0.0
2025-05-25 18:00:00,28.30307,23.737213,999.415,2.4312057,1.0715892,1.0,76.32381,0.0
2025-05-26 00:00:00,27.945648,23.205597,997.53625,4.6457095,1.8420763,1.0,75.470825,0.010105199
2025-05-26 06:00:00,30.608124,24.117706,998.52686,2.4899168,2.5166988,1.0,68.366035,0.0
2025-05-26 12:00:00,31.684235,23.045563,995.7631,4.206294,1.0859127,1.0,60.27725,0.04414469
2025-05-26 18:00:00,28.53244,22.696503,997.8725,4.3829184,1.6883926,0.99999994,70.7228,0.0
2025-05-27 00:00:00,27.83316,22.708038,995.955,3.146277,2.1899805,0.99748504,73.71363,0.0
2025-05-27 06:00:00,33.89627,23.255219,996.8031,6.6420765,1.4720187,1.0,53.89756,0.022887252
2025-05-27 12:00:00,33.17166,23.031036,994.0769,5.073613,1.2486861,0.99999976,55.373985,0.0
2025-05-27 18:00:00,29.911652,22.53006,997.325,4.7179127,1.146533,0.9988392,64.64842,0.0
2025-05-28 00:00:00,28.886383,22.451141,995.53937,4.078575,0.91543156,1.0,68.26108,0.0
2025-05-28 06:00:00,34.99112,22.737885,996.3137,7.96371,1.3012165,1.0,49.149384,0.011825934
2025-05-28 12:00:00,33.41861,23.107574,994.15875,5.784027,0.9058766,1.0,54.865593,0.0
2025-05-28 18:00:00,29.72818,22.108795,996.5781,5.2613316,1.4542675,0.99999994,63.681423,0.0
2025-05-29 00:00:00,27.726776,23.785797,995.6194,4.2637415,1.960082,1.0,79.16296,1.3586298
2025-05-29 06:00:00,34.15982,23.535065,996.3594,7.1121445,1.8401518,1.0,54.015213,0.0
2025-05-29 12:00:00,32.8132,22.889435,994.0581,4.259384,1.7128015,1.0,56.018925,0.20333472
2025-05-29 18:00:00,28.758942,22.976349,996.91315,3.6745558,1.034984,1.0,70.993004,0.0
2025-05-30 00:00:00,27.169342,23.8078,995.11127,3.9521732,1.2043945,1.0,81.89753,0.81236696
2025-05-30 06:00:00,31.393585,25.254059,997.5081,6.0396643,1.4867315,0.99604666,69.96428,0.0
2025-05-30 12:00:00,29.462372,25.290833,995.8744,2.9310577,1.0681944,1.0,78.31916,5.5960197
2025-05-30 18:00:00,27.214874,22.063751,998.9325,4.212453,0.38465154,0.50860935,73.493164,0.0
2025-05-31 00:00:00,27.099274,22.52237,998.4169,3.3460484,1.1933017,0.8648288,76.08717,0.0
2025-05-31 06:00:00,33.35074,24.532166,999.9,5.8823013,-0.6348696,0.5317641,60.002266,0.0
2025-05-31 12:00:00,32.198517,24.901703,997.6881,3.6021879,0.49497837,0.8163407,65.45359,0.0
2025-05-31 18:00:00,28.903961,23.2565,1000.48376,4.289458,-0.017754555,0.23468576,71.6016,0.0
2025-06-01 00:00:00,28.27475,23.730194,1000.15936,4.0839796,-0.31710434,0.94925565,76.41738,0.0
2025-06-01 06:00:00,34.332306,25.339508,1000.9338,4.2920465,-0.45046806,0.023226514,59.602367,0.0
2025-06-01 12:00:00,34.969025,25.145172,998.1813,2.2434082,0.54008436,0.44478118,56.86953,0.0
2025-06-01 18:00:00,29.405518,23.690094,1001.3775,2.0074718,1.6354402,0.6414837,71.39787,0.0
2025-06-02 00:00:00,28.748138,22.629059,1000.14813,3.281272,0.018226624,0.8513675,69.557785,0.0
2025-06-02 06:00:00,34.605377,24.483734,1000.6294,4.2501926,0.6862091,0.94297016,55.781895,0.0
2025-06-02 12:00:00,33.43741,24.231598,998.5106,1.3946595,2.8957205,0.8821726,58.646046,0.4427135
2025-06-02 18:00:00,29.242645,23.90335,1001.0825,1.4186387,0.8621048,1.0,73.00317,0.0
2025-06-03 00:00:00,28.866852,22.446564,1000.0825,4.346401,-0.32922173,0.98891693,68.31937,0.0
2025-06-03 06:00:00,34.44046,24.340973,1001.0481,4.491644,0.22662705,0.5326933,55.81652,0.0
2025-06-03 12:00:00,33.997223,24.544708,997.83185,1.8513434,1.1712565,0.4421987,57.914406,0.4324317
2025-06-03 18:00:00,28.750092,25.145172,1001.4988,1.4095157,1.0924573,0.21956569,80.90838,0.0
2025-06-04 00:00:00,28.487946,22.82547,1000.96686,3.232255,0.17559367,0.17141658,71.462456,0.0
2025-06-04 06:00:00,34.217194,24.370605,1001.1962,4.067621,0.56875205,0.25076944,56.615143,0.0
2025-06-04 12:00:00,34.86136,24.145416,998.0031,2.2561388,0.58731127,0.28037143,53.89099,0.0015199184
2025-06-04 18:00:00,29.624207,23.208405,1001.3144,1.9576391,1.0663157,0.46583515,68.48419,0.0
2025-06-05 00:00:00,28.778534,22.698273,1000.5375,3.041175,-0.16050625,0.38518184,69.72751,0.0
2025-06-05 06:00:00,34.58548,23.474152,1001.20874,2.8296623,-1.2457991,0.77618575,52.557106,0.0
2025-06-05 12:00:00,35.82071,23.527374,998.54376,1.052433,-0.16799009,0.087402664,49.242844,0.0
2025-06-05 18:00:00,29.683624,25.158722,1002.3931,0.6364117,2.5637703,0.13644843,76.72104,0.0
2025-06-06 00:00:00,28.62149,23.549713,1001.2706,1.6144702,0.41458797,0.22771579,74.08312,0.0
2025-06-06 06:00:00,34.00418,24.07956,1001.59186,1.633416,-0.04137373,0.2516433,56.300407,0.010868534
2025-06-06 12:00:00,34.67923,25.562042,998.5494,-0.7839699,0.4390297,0.34894228,59.24178,0.0
2025-06-06 18:00:00,29.532593,26.16098,1002.2006,0.93925583,2.6345787,0.899016,82.13321,0.0
2025-06-07 00:00:00,28.83551,24.029572,1001.5588,2.374166,0.41827106,0.24504334,75.31246,0.0
2025-06-07 06:00:00,34.58084,23.781525,1001.5062,3.6348505,-1.213522,0.79673374,53.553093,0.0001906883
2025-06-07 12:00:00,34.989532,24.586578,998.23315,0.46681118,-0.6926203,0.21740383,54.942398,0.0
2025-06-07 18:00:00,29.422974,25.032257,1001.6406,1.374052,2.2141664,0.17049086,77.297905,0.0
2025-06-08 00:00:00,29.103424,21.784576,1000.23315,3.750309,-0.07471466,0.9471922,64.7262,0.0
2025-06-08 06:00:00,34.414825,23.289398,1000.3225,3.723835,-0.86901855,0.8427022,52.469963,0.0
2025-06-08 12:00:00,35.454987,23.865631,997.245,1.3486001,0.1053434,0.95031536,51.280033,0.008009374
2025-06-08 18:00:00,29.608948,23.756256,1000.67377,1.5140908,1.7425413,0.99999833,70.84677,0.0
2025-06-09 00:00:00,28.838104,23.35318,998.875,4.271184,-0.4669237,0.9677623,72.29615,0.0
2025-06-09 06:00:00,34.363434,23.798065,999.0613,4.8802986,-1.6292324,0.8385841,54.25857,0.002194196
2025-06-09 12:00:00,34.839752,23.084747,995.5656,2.3182163,0.3727169,0.3959722,50.615795,0.08876249
2025-06-09 18:00:00,30.242401,20.72293,999.0775,1.7505077,0.5573298,0.85161763,56.79565,0.0
2025-06-10 00:00:00,28.47293,21.938385,996.65564,3.1985502,-0.28394508,0.98870903,67.769066,0.0
2025-06-10 06:00:00,34.78897,23.451324,996.6188,5.166381,0.15584546,0.95190865,51.894993,0.0007627532
2025-06-10 12:00:00,35.480255,22.329742,993.28064,2.3285193,0.72816527,0.7178191,46.666134,0.0
2025-06-10 18:00:00,28.607758,22.629303,997.1281,2.9674232,-1.1159458,0.99784756,70.12766,0.026151538
2025-06-11 00:00:00,28.395294,23.428802,995.15125,3.7516193,1.0988148,0.999158,74.51774,0.032417476
2025-06-11 06:00:00,33.615753,24.047516,996.5737,4.8752575,-0.8860121,0.53534335,57.42538,0.0
2025-06-11 12:00:00,33.037872,23.470245,993.4225,3.1185658,0.9870027,0.45385015,57.291775,0.39434433
2025-06-11 18:00:00,29.144928,21.399323,996.63873,3.4780798,0.24254107,0.8928025,63.067192,0.0
2025-06-12 00:00:00,28.453217,21.686493,995.0644,4.906945,-0.27239054,0.94625825,66.81112,0.0
2025-06-12 06:00:00,34.65506,22.698273,995.34814,5.4453955,0.16959423,0.98629856,49.954205,0.0
2025-06-12 12:00:00,34.827667,22.10025,992.84686,2.3851461,2.5814328,0.98737466,47.711258,0.003529247
2025-06-12 18:00:00,29.557892,21.989899,996.6069,2.6982765,-0.33887684,0.96918756,63.844837,0.0
2025-06-13 00:00:00,28.843475,22.239838,995.71313,1.7367535,1.5947132,0.61304986,67.557175,0.0
2025-06-13 06:00:00,35.596344,23.120514,996.52185,3.219921,1.0214643,0.064476095,48.645966,0.0
2025-06-13 12:00:00,32.11258,24.5867,994.8219,2.6498246,1.554718,0.7514323,64.54645,0.7793419
2025-06-13 18:00:00,28.756134,23.022186,998.3663,3.732172,1.2040625,0.8731052,71.201805,0.0
2025-06-14 00:00:00,27.497467,23.711761,996.82874,2.109416,1.183449,0.8863717,79.87492,0.0
2025-06-14 06:00:00,34.56729,23.948639,997.945,5.0247765,0.6478964,0.8743315,54.134686,0.01678684
2025-06-14 12:00:00,33.30313,22.171661,996.0556,4.0679855,1.629885,0.9593468,52.172947,0.15106139
2025-06-14 18:00:00,28.514862,21.56314,999.1894,4.256544,0.8440378,0.9821235,66.07197,0.0
2025-06-15 00:00:00,27.615692,23.060211,997.0744,1.8406906,2.8776293,0.979065,76.26597,0.06817281
2025-06-15 06:00:00,32.331573,25.664154,998.1225,3.0604897,2.5458584,0.9925946,67.978035,0.60202706
2025-06-15 12:00:00,33.37906,22.336578,995.9556,3.5382967,1.67591,0.84773517,52.475346,0.0
2025-06-15 18:00:00,28.909332,21.618134,999.84,3.4194422,1.7998552,0.94152814,64.79492,0.015355647
2025-06-16 00:00:00,27.800262,22.200958,997.5875,2.8198066,1.8579378,0.5321445,71.61417,0.01744926
2025-06-16 06:00:00,32.537384,23.099945,998.34125,6.376358,1.5280237,0.95504916,57.62593,0.105164945
2025-06-16 12:00:00,33.355377,21.2294,996.8656,5.6180725,0.62800163,0.9681157,49.109146,0.0
2025-06-16 18:00:00,28.65921,21.546356,1000.54626,2.8071089,0.51220477,0.9982182,65.4533,0.091739
2025-06-17 00:00:00,28.42807,22.204987,999.9925,1.8197378,1.4651918,0.9815336,69.05903,0.0
2025-06-17 06:00:00,33.15628,22.179413,1000.20435,6.06182,0.8919484,0.96932274,52.629555,0.0
2025-06-17 12:00:00,34.42862,21.941315,997.7294,4.459058,1.0853403,0.9417563,48.31043,0.0
2025-06-17 18:00:00,29.28598,22.354156,1000.77435,4.6761513,-0.21235847,0.9494215,66.30923,0.0
2025-06-18 00:00:00,28.534454,21.937653,1000.14624,3.26406,0.57785916,0.9041556,67.52427,0.0
2025-06-18 06:00:00,34.842194,22.714264,1000.39685,5.8032207,0.76438314,1.0000001,49.48594,0.0
2025-06-18 12:00:00,34.60623,22.25113,997.9431,3.6334116,0.7617096,1.0,48.74733,0.002965331
2025-06-18 18:00:00,29.611298,22.702301,1000.85876,1.9824723,0.7154941,1.0,66.46706,0.0
2025-06-19 00:00:00,28.591888,22.5643,999.3688,3.4261675,0.65129745,1.0,69.91587,0.0
2025-06-19 06:00:00,35.240387,22.997528,1000.0769,5.1240187,0.58247685,1.0,49.2443,0.002288958
2025-06-19 12:00:00,35.05179,22.561188,997.43,2.8334424,0.79621994,0.9812318,48.462032,0.023266533
2025-06-19 18:00:00,30.076752,23.222565,1001.4881,1.8793062,1.5650921,0.60802895,66.781624,0.0
2025-06-20 00:00:00,29.049591,22.746735,999.975,3.8252172,-0.044211566,0.87134475,68.84343,0.0
2025-06-20 06:00:00,36.084015,22.751007,1000.1994,4.7065983,0.6883642,0.27467304,46.30896,0.0
2025-06-20 12:00:00,36.047516,20.559723,997.46936,3.0103903,1.2305093,0.6818779,40.583782,0.0076293945
2025-06-20 18:00:00,30.040558,23.14151,1001.4275,2.3321922,1.0109262,0.3473758,66.59354,0.0
2025-06-21 00:00:00,28.753265,23.109283,999.8006,3.6276913,-0.29987717,0.7492786,71.58984,0.0
2025-06-21 06:00:00,35.01297,23.08554,1000.545,4.422553,0.30416903,0.97020954,50.13445,0.0032420503
2025-06-21 12:00:00,35.628326,20.639679,997.6669,3.1420784,-0.088056326,0.9902725,41.73684,0.0
2025-06-21 18:00:00,30.537415,21.570953,1001.3894,2.9428098,0.85536003,0.99287176,58.827137,0.0
2025-06-22 00:00:00,29.630768,22.53299,999.2275,4.430503,0.054073453,0.9225634,65.71373,0.0
2025-06-22 06:00:00,35.77054,21.85379,999.775,5.5154247,0.51648164,0.843889,44.611988,0.0
2025-06-22 12:00:00,33.052643,21.057281,997.6912,3.64514,1.4772638,1.0,49.425907,0.048995018
2025-06-22 18:00:00,27.495514,21.482697,1001.4075,1.7510235,1.6266835,0.99955463,69.773705,0.0
2025-06-23 00:00:00,28.009491,21.90329,1000.1294,5.359006,-0.10807794,0.9928718,69.47309,0.0
2025-06-23 06:00:00,33.667877,21.828705,999.1169,5.2247324,-0.6956053,1.0,50.059784,0.0
2025-06-23 12:00:00,33.64981,21.399445,997.1119,4.744746,0.08379042,0.9940425,48.812016,0.0
2025-06-23 18:00:00,29.478912,22.037384,999.40375,4.6233654,-0.21786785,0.9991582,64.32221,0.0
2025-06-24 00:00:00,28.847565,22.030853,997.83875,3.525075,1.2114373,0.832698,66.686775,0.0
2025-06-24 06:00:00,35.77127,21.55722,998.1937,6.787656,0.65245146,0.8586256,43.808914,0.0
2025-06-24 12:00:00,34.919464,20.27713,995.84564,5.3881073,0.17450428,0.97225964,42.445374,0.0
2025-06-24 18:00:00,29.918182,21.636261,999.055,5.1887865,0.20460069,1.0000002,61.198265,0.0
2025-06-25 00:00:00,29.118256,22.181183,998.0081,3.2356596,0.9564845,1.0000001,66.254036,0.0
2025-06-25 06:00:00,34.687775,22.320953,998.6269,4.747055,1.1346704,1.0,48.73363,9.49949e-05
2025-06-25 12:00:00,32.963287,22.533966,996.47375,3.8904848,0.20054239,1.0,54.363052,0.0
2025-06-25 18:00:00,29.293121,22.28775,998.4437,4.4797735,0.10825533,1.0,66.01467,0.0
2025-06-26 00:00:00,29.234772,22.283783,998.39124,2.9947133,1.1412451,0.9999999,66.22158,0.0
2025-06-26 06:00:00,33.939972,22.696625,999.65875,4.4553337,1.6132097,1.0,51.978558,0.0007627532
2025-06-26 12:00:00,31.618683,24.3909,996.84686,3.7272341,0.87189883,0.9714291,65.6056,0.92847365
2025-06-26 18:00:00,29.342133,22.759308,999.9406,3.7150838,0.56677943,0.38869065,67.74081,0.0
2025-06-27 00:00:00,28.784637,22.826813,999.1331,4.0024395,-0.0803175,0.98451537,70.24819,0.004382804
2025-06-27 06:00:00,35.812897,22.531097,999.8762,4.781768,0.20919937,0.67531186,46.38197,0.0053402036
2025-06-27 12:00:00,35.709747,20.713898,997.3275,3.4555435,0.13554049,0.40590477,41.740246,0.0
2025-06-27 18:00:00,29.96341,22.197296,1000.84125,3.5144143,0.2259779,0.49713033,63.165127,0.0
2025-06-28 00:00:00,28.985077,22.715424,999.8694,3.5231943,-0.40884972,0.9987192,68.96988,0.0
2025-06-28 06:00:00,36.11136,22.691254,999.7575,4.826908,0.67075294,0.6717671,46.07213,0.0031474046
2025-06-28 12:00:00,33.06375,23.43985,997.8187,2.2933335,2.3867435,0.86869687,57.10372,0.4163501
2025-06-28 18:00:00,30.010101,22.443146,1000.96936,3.762415,1.0113086,0.94513106,63.945095,0.0
2025-06-29 00:00:00,28.647247,22.118439,998.9919,4.8456907,-0.24236274,0.6579977,67.827034,0.013348646
2025-06-29 06:00:00,34.89151,21.210968,998.86,5.5986423,-0.3823439,0.94917476,45.026745,0.0
2025-06-29 12:00:00,36.096222,20.080719,996.6356,4.4927945,-0.1275506,0.98202795,39.29538,0.007642433
2025-06-29 18:00:00,30.750061,20.973907,999.72626,3.541915,0.52400047,0.99403995,56.027023,0.0
2025-06-30 00:00:00,28.81076,21.965607,998.4331,3.775776,-0.46023655,0.99603724,66.56379,0.0
2025-06-30 06:00:00,36.090607,20.813873,998.8,4.9563093,-0.6439188,0.9869192,41.12647,0.0
2025-06-30 12:00:00,35.28238,20.361237,996.4556,4.1425066,-1.483573,1.0,41.817616,0.0031590462
2025-06-30 18:00:00,30.01535,20.618317,999.4575,3.4437807,0.5548911,0.95429444,57.171165,0.0
2025-07-01 00:00:00,28.99759,21.978058,999.21185,4.253523,-0.16305828,0.97931445,65.897385,0.0
2025-07-01 06:00:00,35.445343,21.31192,999.52185,4.999381,0.7246309,0.9982794,43.938725,0.0
2025-07-01 12:00:00,35.569366,21.227203,997.1262,3.7908115,-0.8095999,0.8753647,43.412796,0.021830201
2025-07-01 18:00:00,30.432953,21.291779,999.9431,3.3781726,0.19456863,1.0000002,58.176846,0.0
2025-07-02 00:00:00,28.989288,22.341095,998.9906,4.128413,-0.4149046,1.0,67.40305,0.0
2025-07-02 06:00:00,34.897247,22.91806,999.6944,5.0733156,0.34005103,0.9712369,49.948208,0.0
2025-07-02 12:00:00,34.01895,21.895782,997.28064,4.9780226,-0.24807835,0.99215,49.28878,0.0
2025-07-02 18:00:00,28.974579,22.403961,999.77625,4.838355,-0.9319372,0.9826166,67.71886,0.0
2025-07-03 00:00:00,28.965424,21.835114,999.23315,4.1030903,0.37798572,0.98999304,65.44681,0.002288376
2025-07-03 06:00:00,32.737946,23.032257,1000.21375,4.5984907,1.1233253,0.9758126,56.745327,0.17773256
2025-07-03 12:00:00,33.851593,21.679718,998.0681,4.1632643,-0.8444309,0.7917556,49.099304,0.0
2025-07-03 18:00:00,29.964447,20.954987,1001.72125,4.0226603,0.025874138,0.9563166,58.539043,0.0
2025-07-04 00:00:00,28.897552,20.973907,1000.91876,4.0101347,0.23822814,0.98045635,62.328297,0.0
2025-07-04 06:00:00,35.32962,21.928558,1000.8787,5.1668215,0.42280692,0.936057,45.920002,0.0
2025-07-04 12:00:00,34.210358,21.012482,998.45624,5.2057285,0.19316006,0.98165745,46.198006,0.0
2025-07-04 18:00:00,29.736725,21.59317,1001.57623,4.696583,-0.5077114,1.0,61.677734,0.0
2025-07-05 00:00:00,29.14328,21.584747,1000.8794,4.245592,-0.17456818,1.0000001,63.7932,0.004004687
2025-07-05 06:00:00,36.06436,22.304413,1000.27435,5.773781,-0.12777454,0.75020593,45.11843,0.0
2025-07-05 12:00:00,35.606842,22.057892,997.1525,5.407853,-0.83257484,0.9999996,45.58044,0.0128715765
2025-07-05 18:00:00,30.366425,21.511017,1000.6331,4.867281,-0.26639462,1.0,59.188576,0.0
2025-07-06 00:00:00,29.147858,21.582794,999.51874,4.8490934,-0.11304015,0.9880107,63.768696,0.0
2025-07-06 06:00:00,36.66861,20.74527,999.4931,6.3895597,0.19486874,0.9475338,39.674854,0.0
2025-07-06 12:00:00,35.51407,21.305328,996.7019,6.279005,-0.06793177,0.8959444,43.754604,0.0
2025-07-06 18:00:00,30.244171,21.418243,1000.0775,5.196578,0.17619377,0.94202775,59.267258,0.0
2025-07-07 00:00:00,29.469025,21.590729,999.41,4.4618626,0.032949984,1.0,62.62725,0.0
2025-07-07 06:00:00,35.637238,21.068878,999.89935,6.556839,0.07800931,0.9804564,42.832314,0.0
2025-07-07 12:00:00,34.784576,21.05423,997.01874,5.6584673,-0.621768,1.0000004,44.86097,0.0
2025-07-07 18:00:00,30.509003,20.730255,1000.4444,4.163211,0.10502148,0.6553349,55.95983,0.0
2025-07-08 00:00:00,29.269379,21.912994,999.3725,4.4778337,-0.11295414,0.69553006,64.61284,0.0
2025-07-08 06:00:00,35.98172,21.66214,999.6781,5.8140993,-0.5559557,0.38640863,43.58297,0.0
2025-07-08 12:00:00,36.061554,20.68045,997.27124,4.329041,0.13815302,0.5909978,40.855263,0.205338
2025-07-08 18:00:00,31.003387,21.434479,1001.3544,3.9078374,0.43609428,0.30626065,56.805122,0.0
2025-07-09 00:00:00,29.3154,21.929962,999.6856,4.472041,-0.5686865,0.28631198,64.508095,0.0
2025-07-09 06:00:00,36.328278,21.521393,1000.21625,5.373472,-0.26220638,0.49047023,42.394245,0.0
2025-07-09 12:00:00,36.493317,21.860992,996.8594,4.1712065,-0.12425804,0.86139107,42.89335,0.0
2025-07-09 18:00:00,30.564789,21.39383,1000.1244,3.9526153,0.67095155,0.51221466,58.101635,0.0
2025-07-10 00:00:00,29.183502,22.653595,998.9556,3.7636642,-0.19779968,0.54921776,67.92748,0.0
2025-07-10 06:00:00,35.849762,22.457733,999.6937,4.333946,-1.1793966,0.5646177,46.082035,0.0005720067
2025-07-10 12:00:00,36.68216,21.371124,995.7969,2.7378092,0.45029438,0.504995,41.198956,0.025400717
2025-07-10 18:00:00,29.230988,23.569244,999.4856,3.3008633,0.67773145,0.39058995,71.59799,0.03238395
2025-07-11 00:00:00,29.712616,22.695343,998.0687,3.441494,0.03395748,0.19450891,66.05239,0.0
2025-07-11 06:00:00,35.982086,22.487946,998.78375,4.412171,-0.3662688,0.7755797,45.831646,0.0015280675
2025-07-11 12:00:00,36.87491,20.733551,995.9469,4.0807686,-1.0096731,0.9808412,39.201275,0.0015229452
2025-07-11 18:00:00,30.024445,21.727692,1000.0606,3.6201773,0.069747925,0.90451765,61.166565,0.0
2025-07-12 00:00:00,28.96994,22.992462,998.71686,4.1932573,-0.25186634,0.5810383,70.19883,0.01611188
2025-07-12 06:00:00,35.32669,22.925018,999.3569,4.997571,-1.7867641,0.96825165,48.795166,0.0
2025-07-12 12:00:00,37.08255,21.825104,997.01935,3.3213863,-1.8236103,0.5781577,41.44188,0.009930227
2025-07-12 18:00:00,30.41275,23.312286,1000.52374,1.8825746,1.5620189,0.9578181,65.86292,0.0
2025-07-13 00:00:00,29.146393,22.02066,998.88873,4.383378,-0.62502,0.9895076,65.50248,0.0
2025-07-13 06:00:00,36.397736,21.732147,999.33435,4.9876566,-0.5182309,0.99999994,42.780804,0.00047695357
2025-07-13 12:00:00,35.652252,21.818512,996.79626,3.852003,-0.5192194,0.99927866,44.807236,0.09447324
2025-07-13 18:00:00,29.663177,21.693268,1000.76373,3.4343667,0.22422504,0.98196346,62.319775,0.0
2025-07-14 00:00:00,28.950958,21.69522,999.0806,4.3652925,-0.057754517,0.99674135,64.944275,0.0
2025-07-14 06:00:00,35.634674,21.870514,999.4988,6.218809,-0.5855843,0.99609506,44.993313,0.0
2025-07-14 12:00:00,36.07071,20.09024,996.6894,5.3612566,-0.18556643,0.99318105,39.373726,0.0
2025-07-14 18:00:00,29.283112,20.709259,1000.7025,5.4070816,-0.27105904,0.98846567,59.96933,0.0
2025-07-15 00:00:00,28.95578,21.974518,998.6231,4.6721916,-0.71367645,0.9706977,66.0428,0.0
2025-07-15 06:00:00,35.01187,21.834625,998.8156,5.731433,-1.111805,0.97957784,46.46748,0.0
2025-07-15 12:00:00,35.916412,21.437042,995.71436,5.192149,-1.0044718,0.9906689,43.141575,0.0039041042
2025-07-15 18:00:00,30.146027,22.608551,999.2488,4.22122,-0.10852337,0.98400855,64.08854,0.0
2025-07-16 00:00:00,28.82309,21.966278,997.85565,3.9815893,-0.13293266,0.5532681,66.51896,0.0
2025-07-16 06:00:00,36.302032,21.993866,997.9437,4.482971,-0.3200196,0.98268515,43.698647,0.0009534997
2025-07-16 12:00:00,34.36319,22.102081,995.2944,3.4261932,1.8225527,0.9980224,48.964264,0.009715732
2025-07-16 18:00:00,29.038239,22.168732,998.47626,5.492835,-0.6481066,0.9718883,66.51098,0.0
2025-07-17 00:00:00,28.480316,21.803497,997.54626,6.163883,-1.0838585,0.99594516,67.18456,0.0
2025-07-17 06:00:00,35.07303,21.49643,998.04126,4.828991,-1.3990955,0.90106535,45.362694,0.0
2025-07-17 12:00:00,35.48819,20.249054,995.6813,5.0623665,-0.8731909,0.9751269,41.059242,0.0
2025-07-17 18:00:00,29.225739,21.392853,999.16187,3.8006625,-0.01349926,0.72143936,62.74842,0.023841858
2025-07-18 00:00:00,28.757782,21.634613,997.8237,3.1735468,-0.5422478,0.9826331,65.43241,0.0
2025-07-18 06:00:00,35.448883,21.249054,998.48126,4.486969,-1.0527048,0.9899902,43.76114,0.0
2025-07-18 12:00:00,34.190826,21.626007,995.5825,3.9839258,-0.055093348,0.9623221,48.020638,0.0016093254
2025-07-18 18:00:00,28.92331,21.927765,998.0144,4.2880526,-0.28378105,0.7414998,65.97866,0.0006854534
2025-07-19 00:00:00,28.335968,22.444061,996.58624,4.1646643,0.013468564,0.992384,70.44695,0.0
2025-07-19 06:00:00,31.14273,22.448578,996.97815,5.517439,0.15303344,0.99999994,59.95232,0.082094826
2025-07-19 12:00:00,30.5065,23.37259,994.45935,6.66072,-0.56012344,1.0,65.74918,0.37841704
2025-07-19 18:00:00,27.699127,22.202911,997.53186,5.53957,0.30826724,1.0,72.04708,1.7503935
2025-07-20 00:00:00,28.43338,21.35019,995.3762,5.106427,0.03237742,1.0,65.525536,0.0
2025-07-20 06:00:00,31.754791,21.22226,997.3331,4.751914,0.35322618,1.0,53.724957,0.0
2025-07-20 12:00:00,33.03885,19.602203,994.6825,4.4819403,-0.18673581,1.0,45.21326,0.0003874302
2025-07-20 18:00:00,28.242157,22.447662,997.6806,4.628686,0.58852637,0.9999993,70.84804,0.5638481
2025-07-21 00:00:00,28.17868,21.60794,996.8787,4.5569487,0.8433881,0.9999999,67.561455,0.0
2025-07-21 06:00:00,31.467804,23.560394,997.78625,6.3127403,-0.37755966,0.92491966,62.949688,0.061025843
2025-07-21 12:00:00,32.262848,21.020172,996.41,5.258916,-0.09024906,1.0,51.557888,0.0
2025-07-21 18:00:00,27.11435,23.157135,999.1475,4.2090416,0.26062304,0.9920297,79.00085,0.45976582
2025-07-22 00:00:00,28.156921,21.963226,998.40875,3.2326832,1.727649,0.9983213,69.1311,0.0
2025-07-22 06:00:00,34.550446,20.762115,999.3606,4.720002,1.1337645,0.9937763,44.639175,0.0
2025-07-22 12:00:00,34.341827,21.115753,995.8075,5.8139715,0.5327477,0.971305,46.152725,0.054169446
2025-07-22 18:00:00,28.048676,22.418915,999.725,4.484438,0.29189742,0.9778133,71.52589,0.29453263
2025-07-23 00:00:00,27.43692,23.156525,998.28876,3.5449448,1.172996,0.9962771,77.51812,0.12732452
2025-07-23 06:00:00,32.748566,21.957428,997.89935,6.388484,-0.0075052977,0.93784785,53.126534,0.27458084
2025-07-23 12:00:00,32.408478,22.146393,995.35376,5.030875,0.76510906,0.9824577,54.78256,0.0
2025-07-23 18:00:00,27.722626,21.918976,998.86,5.1966248,0.3733564,0.9973823,70.71378,0.1596734
2025-07-24 00:00:00,27.811798,21.04361,996.9369,3.2363443,0.9419724,0.89894557,66.675835,0.0
2025-07-24 06:00:00,33.391754,21.146881,997.83936,6.6496754,0.7655797,0.9819672,48.761585,0.0
2025-07-24 12:00:00,31.97696,21.775177,995.8663,4.9370956,0.81648254,0.9991212,54.878933,0.0003799796
2025-07-24 18:00:00,29.236176,21.024689,998.71063,4.5549593,1.3137465,0.9796883,61.31013,0.0
2025-07-25 00:00:00,28.946686,20.626495,996.5925,3.5982714,1.9389299,1.0,60.836624,0.0
2025-07-25 06:00:00,32.60855,21.308258,998.60815,4.1281643,2.0885258,1.0,51.463364,0.038143247
2025-07-25 12:00:00,32.34146,20.290314,996.4475,3.345089,0.93373317,1.0,49.07265,0.0
2025-07-25 18:00:00,29.134247,21.574615,999.65063,4.0522566,1.0762637,1.0,63.786972,0.008016825
2025-07-26 00:00:00,28.733917,21.691498,998.1694,2.9456415,2.2243385,1.0,65.75129,0.024022534
2025-07-26 06:00:00,33.84256,20.297516,1000.17126,5.8705406,0.97078824,1.0,45.124073,0.0
2025-07-26 12:00:00,31.647675,21.609589,998.9225,5.2725706,1.3658133,1.0,55.350185,0.0
2025-07-26 18:00:00,27.7034,22.24942,1002.0081,3.4014215,0.97352207,0.9951414,72.23331,0.36697072
2025-07-27 00:00:00,26.970123,23.106049,1000.3681,3.1273952,0.36616892,0.9828434,79.42708,0.0
2025-07-27 06:00:00,34.97757,21.488373,1000.3906,5.3130236,0.01579994,0.21458483,45.58074,0.0
2025-07-27 12:00:00,32.992218,20.778961,998.04,5.350138,-0.9017172,0.45478094,48.75266,0.0
2025-07-27 18:00:00,29.316864,21.12149,1001.9481,3.91825,-0.49094868,0.32687825,61.388874,0.0
2025-07-28 00:00:00,28.888763,21.414276,999.6206,3.703455,-0.58514595,0.9615042,64.0678,0.0
2025-07-28 06:00:00,35.019196,20.943878,1000.0619,5.3991833,-1.6613703,0.8736126,43.9819,0.0
2025-07-28 12:00:00,34.79312,20.770905,997.58624,3.2261562,-1.8344088,0.2765876,44.06538,0.004290603
2025-07-28 18:00:00,30.43991,20.069855,1001.71936,3.364485,0.17009538,0.8770152,53.937645,0.0
2025-07-29 00:00:00,28.942719,19.994904,1000.1225,2.9875422,-0.37738514,0.1530792,58.52252,0.0
2025-07-29 06:00:00,36.25186,19.514557,999.83563,5.7358837,-1.213767,0.020178635,37.616776,0.0
2025-07-29 12:00:00,35.750397,18.937286,997.53625,3.5942516,-1.1310358,0.24067497,37.3035,0.0
2025-07-29 18:00:00,30.096771,20.778229,1001.71313,4.1043587,-0.30603695,0.8647355,57.467598,0.0
2025-07-30 00:00:00,29.237885,21.474518,1000.1188,2.8341722,-0.79668903,0.8321772,63.018787,0.0
2025-07-30 06:00:00,36.30191,20.885895,999.76874,5.423181,-0.8728142,0.85484827,40.83231,0.0
2025-07-30 12:00:00,36.767487,21.281036,997.4275,3.998129,-0.55782986,0.55749893,40.781204,0.0024794135
2025-07-30 18:00:00,30.894562,21.292267,1001.09625,3.3403354,0.41921926,0.7457577,56.663055,0.0
2025-07-31 00:00:00,28.949677,22.253815,999.51935,3.6564007,-0.36666298,0.9626329,67.2,0.0
2025-07-31 06:00:00,35.964996,22.613464,999.48376,4.852051,-0.2896508,0.86464256,46.2258,0.0
2025-07-31 12:00:00,36.239655,22.214752,997.0044,2.6329412,0.1831913,0.9767737,44.442715,0.0974834
2025-07-31 18:00:00,28.510406,24.887238,1000.4313,0.95498604,0.44497776,0.9106675,80.7899,0.0
2025-08-01 00:00:00,28.834137,23.149872,998.88873,3.1589909,-0.40991688,0.98139673,71.43009,0.0
2025-08-01 06:00:00,36.089264,21.989227,999.4494,3.1378796,-1.1941395,0.98386335,44.199917,0.015255995
2025-08-01 12:00:00,34.86197,22.055939,996.61,2.5103045,-0.97158813,0.992035,47.492134,0.003906898
2025-08-01 18:00:00,28.72052,23.65805,1000.48065,0.67171437,1.4380406,0.9960448,74.14102,0.0
2025-08-02 00:00:00,27.68747,25.126312,999.3,1.3413615,-0.15572071,0.9899907,85.97493,0.0024791807
2025-08-02 06:00:00,33.782013,23.773468,999.6337,2.4881654,-1.1833162,0.66809237,55.96431,0.025557201
2025-08-02 12:00:00,35.289215,21.629303,996.3069,0.7499323,0.023422241,0.99619925,45.1891,0.2773778
2025-08-02 18:00:00,28.125092,22.537384,1000.65375,1.9898412,2.0261545,0.95567334,71.722534,0.0
2025-08-03 00:00:00,26.699158,23.387543,998.91876,2.3376741,-0.052565575,0.9899902,82.08709,0.58024466
2025-08-03 06:00:00,30.694,23.762848,1001.1262,1.4571371,0.86292255,0.9890263,66.59567,0.0
2025-08-03 12:00:00,29.244843,24.575958,998.92065,-0.9679527,2.4909925,1.0,75.99799,0.27908283
2025-08-03 18:00:00,27.195496,24.920074,1001.3956,1.8500485,0.72423357,1.0,87.40623,0.0
2025-08-04 00:00:00,26.845978,23.326538,999.40314,3.9861345,-0.95734024,0.96814513,81.081924,0.0
2025-08-04 06:00:00,33.642487,23.137726,1000.2944,1.6142924,-1.3327436,0.93803686,54.280907,0.0
2025-08-04 12:00:00,29.660248,25.125916,998.3656,-1.4260187,0.99911845,1.0000005,76.674446,0.81801414
2025-08-04 18:00:00,26.767853,24.91098,1001.35065,0.18044245,-0.1330471,0.9866415,89.58145,0.0
2025-08-05 00:00:00,26.85968,24.622192,999.9263,0.59295315,-0.4378779,0.9028663,87.57524,1.3421922
2025-08-05 06:00:00,32.286774,24.811737,1000.6356,1.944765,0.10796338,0.3030641,64.779076,0.0
2025-08-05 12:00:00,29.320465,25.023956,998.35626,0.7450514,2.2664413,0.9655699,77.71818,2.4703245
2025-08-05 18:00:00,26.547882,24.10727,1000.6125,3.2229834,0.44958878,0.8925251,86.48817,0.0
2025-08-06 00:00:00,26.67752,21.751495,999.57,3.5897236,-1.0982723,0.5210503,74.419334,0.0
2025-08-06 06:00:00,33.74588,23.927826,999.85626,3.332675,-0.9863901,0.7549529,56.600433,0.0030510128
2025-08-06 12:00:00,34.32791,23.686737,996.6,2.1328278,-0.6730671,0.999555,54.002922,0.0
2025-08-06 18:00:00,28.975037,23.555267,999.525,1.7633057,1.9820235,0.9914118,72.6046,0.0
2025-08-07 00:00:00,28.062988,21.369904,998.70935,2.445364,-0.44434643,0.95600486,67.0344,0.0
2025-08-07 06:00:00,33.802765,23.807648,999.6119,2.752246,-0.602685,0.99822307,56.01449,0.0019071158
2025-08-07 12:00:00,34.872955,23.149628,996.4363,1.8474522,0.104358196,0.86556095,50.721252,0.0490027
2025-08-07 18:00:00,28.712128,25.27591,999.8106,1.8433195,1.5218916,0.5376428,81.72027,0.0
2025-08-08 00:00:00,27.892242,21.594086,998.84436,2.238647,0.12724686,0.99371475,68.64086,0.0
2025-08-08 06:00:00,33.29727,23.8768,1000.5925,1.0458033,-1.0094767,0.9514529,57.862724,0.014970352
2025-08-08 12:00:00,32.45987,24.714874,999.10315,0.26158142,1.777123,0.9987186,63.778885,0.33312076
2025-08-08 18:00:00,26.634613,25.02771,1003.1131,0.11244875,2.3277655,0.9386183,90.917656,0.0
2025-08-09 00:00:00,25.697906,24.215973,1001.59375,0.38249242,-0.7160101,0.99999833,91.54084,0.104114145
2025-08-09 06:00:00,31.776154,23.846039,1003.33563,1.4392664,0.6044736,1.0,62.93006,0.0
2025-08-09 12:00:00,31.178864,24.755707,1000.71313,-0.6158352,2.6561747,1.0,68.75128,0.7423985
2025-08-09 18:00:00,27.235352,24.167816,1002.97,0.57267404,1.791476,0.9886205,83.364685,0.0
2025-08-10 00:00:00,27.00113,24.43869,1001.6425,1.5880604,0.15083027,0.9991581,85.90192,0.0
2025-08-10 06:00:00,32.902496,23.571198,1002.2512,2.7799,0.95027053,0.97265697,58.081947,0.010006946
2025-08-10 12:00:00,28.822845,23.991272,999.77875,0.3392651,2.7422924,0.9973005,75.19459,0.0
2025-08-10 18:00:00,26.59433,24.748962,1002.7325,0.41432613,1.7742951,0.9589238,89.630325,0.0
2025-08-11 00:00:00,26.242096,23.67865,1001.34064,1.8596761,0.364035,1.0000001,85.822685,0.009924173
2025-08-11 06:00:00,29.928253,23.229218,1003.145,2.5566654,1.28829,1.0,67.38093,0.13635308
2025-08-11 12:00:00,30.810822,24.350983,999.4819,0.5188981,2.4852953,0.99287164,68.53044,0.0
2025-08-11 18:00:00,27.188812,24.875946,1002.08,1.7176621,1.7041348,0.9978398,87.210594,0.0
2025-08-12 00:00:00,27.446014,22.139923,999.6962,3.8291626,0.04109633,0.9825004,72.84175,0.0
2025-08-12 06:00:00,31.460602,22.364105,1001.0769,3.662836,-0.40332162,1.0,58.57585,0.0
2025-08-12 12:00:00,32.763702,22.225494,998.15564,1.2827132,1.2527246,1.0,53.955482,0.10037422
2025-08-12 18:00:00,28.35672,22.758575,1000.3525,2.7903562,0.53340495,1.0,71.71825,0.0
2025-08-13 00:00:00,27.580902,21.503754,998.0156,4.5848227,-0.07232571,1.0,69.51554,0.00667572
2025-08-13 06:00:00,32.134186,21.670258,999.46375,4.9319744,-0.60246086,1.0,54.045086,0.0
2025-08-13 12:00:00,31.998932,21.167633,997.1838,2.9332538,0.62453794,1.0,52.8094,0.00038197293
2025-08-13 18:00:00,27.628143,22.355865,1000.17126,3.0261536,0.03881055,0.9919678,73.023155,0.021448229
2025-08-14 00:00:00,27.193878,21.932648,999.1856,2.9883184,0.3996989,0.989725,72.997795,0.0
2025-08-14 06:00:00,33.904694,21.483124,1000.2369,4.95586,1.2853682,0.9825739,48.368664,0.009154901
2025-08-14 12:00:00,32.962677,21.405304,997.34064,3.2251716,0.42383277,0.9884368,50.7483,0.0
2025-08-14 18:00:00,28.53653,21.018097,999.9244,3.47264,-0.26813316,0.9411775,63.82028,0.0
2025-08-15 00:00:00,27.23404,21.99942,998.7675,3.6768198,0.30222017,0.49600494,73.12326,0.0
2025-08-15 06:00:00,33.36429,22.332,999.7419,4.745431,0.75268555,0.9006495,52.5042,0.0
2025-08-15 12:00:00,33.674835,21.120148,996.5525,4.0120463,0.6985894,0.93850344,47.916004,0.0067114537
2025-08-15 18:00:00,28.224152,21.360992,998.515,4.590044,-0.32182217,1.0000007,66.37182,0.10389987
2025-08-16 00:00:00,27.89566,21.516876,997.1119,3.8886423,0.6433552,0.9664256,68.303734,0.0
2025-08-16 06:00:00,33.599884,21.141632,997.1912,5.5479584,0.19769543,0.97408634,48.18088,0.0
2025-08-16 12:00:00,31.49405,22.983673,994.90063,3.180398,0.33328956,0.9973005,60.704082,1.3226513
2025-08-16 18:00:00,28.340485,21.99466,997.6106,4.8474913,0.707792,0.9982183,68.52772,0.0
2025-08-17 00:00:00,27.824646,22.609222,996.2606,3.97746,1.0659955,1.0,73.30938,0.01565367
2025-08-17 06:00:00,30.818817,23.16037,998.5525,2.8938484,1.4676452,1.0,63.762833,0.0
2025-08-17 12:00:00,32.415436,21.450836,995.8663,3.390889,0.42086405,1.0,52.48356,0.0
2025-08-17 18:00:00,28.353119,20.93399,999.0588,5.0421352,-0.10489386,1.0,64.17167,0.0
2025-08-18 00:00:00,28.2872,20.856232,999.17126,4.248144,0.32295674,1.0,64.11093,0.0
2025-08-18 06:00:00,34.125397,20.805267,1000.0531,5.847867,0.8795989,1.0000002,45.829697,0.0
2025-08-18 12:00:00,32.68033,19.996735,998.17377,5.2126474,-0.13239777,0.99469596,47.277218,0.0
2025-08-18 18:00:00,29.110016,20.08023,1000.7475,4.6931458,0.14322215,1.0000012,58.26556,0.0
2025-08-19 00:00:00,28.307037,19.123322,1000.09686,3.0105734,1.3962708,0.90500283,57.521923,0.0
2025-08-19 06:00:00,35.249176,18.925446,1000.60187,5.331398,0.8735336,0.28211194,38.3219,0.0
2025-08-19 12:00:00,35.330597,19.52713,997.41626,4.4655304,-0.9548292,0.69692016,39.60637,0.0
2025-08-19 18:00:00,29.569916,20.134552,1000.5581,3.2971506,0.39957947,0.16928059,56.929756,0.0
2025-08-20 00:00:00,27.738129,21.138214,1000.5144,3.366022,-0.5200615,0.08232126,67.353455,0.0
2025-08-20 06:00:00,35.34024,19.78653,1001.21625,3.6775956,0.42560714,0.37313592,40.2278,0.0
2025-08-20 12:00:00,36.517975,17.759552,997.85,3.3868217,-0.43157005,0.8743451,33.216984,0.0
2025-08-20 18:00:00,29.920868,20.364288,1002.3144,2.9024153,1.2860414,0.32247627,56.588818,0.0
2025-08-21 00:00:00,28.329742,20.360992,1002.28815,1.6231751,0.36018085,0.069598556,62.030167,0.0
2025-08-21 06:00:00,35.64395,20.299469,1002.305,1.7513399,0.5272775,0.46764714,40.834805,0.0
2025-08-21 12:00:00,36.93643,19.013824,998.3175,-0.8910723,-0.05630493,0.87883663,35.120113,0.0
2025-08-21 18:00:00,29.902618,23.6232,1002.91064,0.19489098,2.1023617,0.99999964,69.103424,0.004298985
2025-08-22 00:00:00,27.948883,23.32248,1002.0706,0.8285958,1.3182559,0.9520382,75.99118,0.0051409006
2025-08-22 06:00:00,32.226227,22.837616,1002.76935,2.744094,0.30343568,0.99370503,57.723408,0.0
2025-08-22 12:00:00,33.48758,23.632477,998.8756,0.20187664,-0.42977715,0.73334235,56.41314,0.043092996
2025-08-22 18:00:00,28.61615,24.661835,1002.2625,0.20655864,1.7387928,0.48003995,79.22166,0.0
2025-08-23 00:00:00,27.820557,22.356232,1000.8694,1.9532984,0.2700886,0.9999984,72.20839,0.0
2025-08-23 06:00:00,32.754547,22.539825,1002.16315,2.8225327,0.5445582,0.9718281,55.024994,0.0041015446
2025-08-23 12:00:00,33.515656,21.224152,999.2319,2.1391926,-0.9853029,0.9880708,48.654358,0.0016205013
2025-08-23 18:00:00,28.235443,22.585114,1002.66626,1.4749401,1.5446297,0.96426976,71.46995,0.0
2025-08-24 00:00:00,27.854034,21.177277,1001.45374,2.8378096,0.15965462,0.41370517,67.05966,0.0
2025-08-24 06:00:00,34.961212,21.87967,1002.2081,2.9870367,-0.9207468,0.22483927,46.726425,0.0
2025-08-24 12:00:00,35.920563,20.391144,998.89435,0.7965641,-1.0115166,0.42942542,40.445457,0.0
2025-08-24 18:00:00,29.06491,23.164703,1002.72876,1.5688878,2.2965903,0.7386924,70.545166,0.0
2025-08-25 00:00:00,28.568542,20.745148,1001.21,2.97334,0.08168888,0.9617613,62.641365,0.0
2025-08-25 06:00:00,34.46048,21.078278,1000.9225,3.0412078,-1.5395861,0.9854525,45.743607,0.0
2025-08-25 12:00:00,35.35916,19.48526,997.1525,1.2353354,-2.765852,0.66699356,39.441128,0.0
2025-08-25 18:00:00,29.341187,25.89151,1001.47314,0.6049118,4.0079346,0.9922132,81.7317,0.0
2025-08-26 00:00:00,27.998932,24.235016,1000.7587,0.8259043,0.52230084,0.9820329,80.0463,0.0
2025-08-26 06:00:00,35.226715,20.552765,1000.3875,3.5942774,0.27068686,0.8603963,42.44516,0.0
2025-08-26 12:00:00,36.080475,18.121979,997.5025,2.4812078,-1.849658,0.6953161,34.808853,0.0
2025-08-26 18:00:00,30.325531,21.325226,1001.1231,2.8530238,1.0063083,0.9751614,58.65618,0.0
2025-08-27 00:00:00,29.001465,21.708221,999.15936,5.2308483,-0.80991364,0.9973009,64.80612,0.0
2025-08-27 06:00:00,33.387115,21.302826,999.79626,5.8844624,-0.06765789,1.0000012,49.243034,0.0
2025-08-27 12:00:00,33.609406,20.901398,997.57,3.5960846,0.8092568,0.98713315,47.449745,0.010311604
2025-08-27 18:00:00,28.406769,22.737762,1000.51373,3.7327986,-0.19853401,0.99955446,71.41965,0.0011205217
2025-08-28 00:00:00,28.45398,22.043732,999.8106,3.571291,0.28998023,0.9479963,68.281,0.0
2025-08-28 06:00:00,34.960358,21.150787,999.7475,5.684142,-0.014833331,0.9906006,44.68988,0.0009536743
2025-08-28 12:00:00,34.004547,21.834625,996.8244,4.0287046,0.38578123,0.99999696,49.144615,0.0
2025-08-28 18:00:00,28.535492,21.946442,999.9487,4.4153786,-0.35549498,0.9999993,67.55642,0.0
2025-08-29 00:00:00,28.913605,21.587982,999.7606,3.1465528,0.893626,0.99844116,64.65954,0.0
2025-08-29 06:00:00,35.85562,20.70755,1000.03625,4.837083,1.1542099,0.9340533,41.38992,0.0011445954
2025-08-29 12:00:00,35.670563,18.959137,997.64935,4.539775,0.5457963,0.5399557,37.51917,0.007445924
2025-08-29 18:00:00,29.423553,22.30008,1001.8869,2.9827251,0.05604267,0.48356736,65.56862,0.0
2025-08-30 00:00:00,28.400238,22.615265,1000.79877,3.7736025,0.1201905,0.9434467,70.91777,0.0
2025-08-30 06:00:00,36.49771,21.576508,1000.995,4.3854065,0.45814312,0.48580134,42.14396,0.0
2025-08-30 12:00:00,34.66385,20.39798,998.3731,4.146825,1.4415995,0.5631703,43.37425,0.07945299
2025-08-30 18:00:00,29.09024,22.069,1001.7319,4.7695084,0.18890285,0.6543377,65.90946,0.0
2025-08-31 00:00:00,28.080963,22.187775,1001.09314,3.8422136,-0.37378693,0.9465782,70.394516,0.0
2025-08-31 06:00:00,34.777374,21.900238,1001.0744,4.0005207,-0.52104974,0.99442923,47.264587,0.0
2025-08-31 12:00:00,34.648712,21.062775,997.6131,2.659731,-0.07477021,1.0000002,45.224392,0.0
2025-08-31 18:00:00,30.107697,22.046783,1000.4531,3.3055754,0.6729196,0.99532247,62.07196,0.0
2025-09-01 00:00:00,28.122284,23.128754,998.4875,3.1044931,-0.25766563,0.9666773,74.35154,0.00038184226
2025-09-01 06:00:00,34.942535,21.745209,999.54626,4.528427,-1.436883,0.9842352,46.392323,0.0024785986
2025-09-01 12:00:00,33.59268,22.171906,996.42377,3.73555,-1.500781,1.0000001,51.33404,0.1978284
2025-09-01 18:00:00,29.72348,21.499908,999.7575,3.872982,0.11004734,1.0,61.37355,0.0
2025-09-02 00:00:00,28.427643,21.388947,998.13,4.003834,-0.22918129,0.9868668,65.70325,0.0
2025-09-02 06:00:00,35.620026,20.550934,998.71814,5.322839,-0.48652053,1.0,41.528194,0.0
2025-09-02 12:00:00,35.986115,20.229645,995.98065,4.19382,-0.86948776,1.0,39.89983,0.02136454
2025-09-02 18:00:00,30.05362,20.568756,999.5531,4.0397277,0.23469031,0.99604553,56.871628,0.0
2025-09-03 00:00:00,28.662506,21.803741,997.26935,4.3951263,-0.5684557,0.99912125,66.47858,0.0
2025-09-03 06:00:00,34.802643,21.927826,998.92,4.5918674,-0.8506241,1.0,47.277874,0.0
2025-09-03 12:00:00,34.142853,22.268341,996.77563,3.2530499,0.44594264,1.0,50.07341,0.16155094
2025-09-03 18:00:00,29.402374,21.844269,1000.5831,2.6806726,0.5179899,0.9672863,63.850193,0.0
2025-09-04 00:00:00,28.611542,21.647247,999.41565,4.2226086,-0.13810724,0.9583066,66.04093,0.0
2025-09-04 06:00:00,34.557404,21.65567,1000.34625,4.733034,-1.0351753,0.9516444,47.13617,0.0
2025-09-04 12:00:00,35.59012,20.634308,996.4494,4.1266527,-1.1114416,0.68982303,41.81107,0.019073486
2025-09-04 18:00:00,30.30606,20.898834,1001.2525,2.9271,1.0835311,0.7288423,57.204502,0.0
2025-09-05 00:00:00,28.717255,22.286469,1000.0775,3.9416533,-0.5150175,0.9387442,68.246765,0.0
2025-09-05 06:00:00,35.624786,21.854828,1001.22687,3.6118934,-0.29838777,0.40515888,44.974777,0.0013345852
2025-09-05 12:00:00,34.543365,22.16977,997.4175,2.5499353,1.399563,0.86091095,48.67624,0.0
2025-09-05 18:00:00,29.753204,22.120148,1001.6756,2.8766594,1.0861118,0.898207,63.63376,0.0
2025-09-06 00:00:00,29.002197,21.726349,1000.9356,2.5588138,-0.087491035,0.6649721,64.875206,0.0
2025-09-06 06:00:00,35.110016,22.719818,1001.91125,2.8079453,-0.9636278,0.45010948,48.773308,0.0026701018
2025-09-06 12:00:00,34.900787,22.735992,998.38,-1.8445578,0.64335257,0.61811846,49.390434,0.12300629
2025-09-06 18:00:00,27.68393,24.962738,1001.8956,1.8716631,1.5629349,0.96026415,85.1584,0.0
2025-09-07 00:00:00,28.376709,22.220673,1000.85126,3.2326145,-0.14472008,0.9974373,69.3317,0.0013411045
2025-09-07 06:00:00,32.606598,23.843842,1001.40875,2.073843,-2.0941677,0.96202123,60.035263,0.003432855
2025-09-07 12:00:00,32.21805,23.09732,997.8113,1.5522337,-0.78095627,0.7237075,58.665215,1.2017432
2025-09-07 18:00:00,26.742462,25.360626,1001.5656,0.7588096,0.85178846,0.27966768,92.15062,0.0
2025-09-08 00:00:00,27.82132,23.340729,1001.6138,2.002643,1.2380836,0.97883326,76.64341,0.07393956
2025-09-08 06:00:00,33.761505,23.164154,1000.9913,1.9310131,-0.71451896,0.48597747,54.00697,0.0
2025-09-08 12:00:00,34.309723,23.59842,997.06,0.70055485,-0.63222504,0.56855446,53.77085,0.31846762
2025-09-08 18:00:00,28.542694,25.087585,1001.4356,-0.59086865,2.9159663,0.6245111,81.60765,0.2775311
2025-09-09 00:00:00,28.417633,24.30191,1001.17377,1.4814005,2.072209,0.65939766,78.43253,0.0
2025-09-09 06:00:00,34.318756,22.902618,1001.2525,1.7237011,0.6516177,0.54383916,51.531673,0.00047683716
2025-09-09 12:00:00,34.106842,23.61203,998.0181,-0.8995962,0.8356391,0.68519914,54.42685,0.065125525
2025-09-09 18:00:00,27.565033,25.556763,1002.2344,0.76086783,1.5825176,0.90134025,88.83793,0.28785318
2025-09-10 00:00:00,27.51242,25.47696,1001.8106,0.916459,0.65165734,0.96733606,88.69045,0.0
2025-09-10 06:00:00,33.74698,25.257355,1001.77814,2.0931253,-0.015363693,0.41797224,61.2808,0.049112365
2025-09-10 12:00:00,30.389374,23.84256,998.3006,-1.1865034,2.7555957,0.3566963,68.09265,0.11068769
2025-09-10 18:00:00,25.726654,24.269043,1002.3144,2.556569,0.45327264,0.7877491,91.67617,0.9865694
2025-09-11 00:00:00,25.891754,21.820587,999.7625,3.167675,-0.046920776,0.82958835,78.283676,0.0
2025-09-11 06:00:00,33.060333,23.539886,1001.0694,2.4866886,-0.9327917,0.827703,57.46026,0.0
2025-09-11 12:00:00,30.128815,23.784698,999.195,-1.405345,0.34130806,0.99871826,68.87764,0.28596494
2025-09-11 18:00:00,26.114288,24.355927,1002.1206,1.0965075,1.072415,1.0,90.06353,0.0
2025-09-12 00:00:00,26.7341,24.079926,1000.0712,2.2767162,0.7365433,0.8661628,85.40448,0.0
2025-09-12 06:00:00,33.41971,23.994171,1000.9894,2.7788248,-0.956687,0.53677225,57.87365,0.020409934
2025-09-12 12:00:00,33.890778,23.619354,998.025,-0.048336983,-0.1788283,0.85249925,55.111473,0.0
2025-09-12 18:00:00,28.983185,25.209381,1000.76373,0.92974496,2.656805,0.96725994,80.128815,0.0
2025-09-13 00:00:00,27.835266,23.04123,1000.555,2.1471653,0.4830513,0.9891101,75.207344,0.0
2025-09-13 06:00:00,32.24002,23.26242,1001.2925,2.6521432,-0.5968075,0.6679675,59.179996,0.00057183206
2025-09-13 12:00:00,32.788116,24.328644,998.9581,-0.025852203,0.5345907,0.8493942,61.17928,0.0
2025-09-13 18:00:00,28.329773,25.023102,1001.775,1.0424044,1.5503895,0.55329585,82.3069,0.012588687
2025-09-14 00:00:00,27.47818,21.34317,1000.96814,2.5819395,-0.09649277,0.17374247,69.250175,0.0
2025-09-14 06:00:00,33.490875,22.460968,1001.47375,2.6529949,-0.44103628,0.36548716,52.54343,9.522773e-05
2025-09-14 12:00:00,33.782867,22.110626,999.13873,0.10223484,1.4958923,0.88109547,50.60159,0.0
2025-09-14 18:00:00,28.599854,24.574005,1002.8269,1.1440259,1.6328518,1.0,78.881294,0.0
2025-09-15 00:00:00,27.968903,22.200836,1000.5175,2.2261329,-0.34800816,0.7595299,70.91228,0.0
2025-09-15 06:00:00,34.31888,22.285553,1000.6669,3.5335016,-0.3765641,0.9589215,49.636646,9.534415e-05
2025-09-15 12:00:00,34.342438,23.74405,997.47375,1.1999683,-0.11322212,0.8973534,54.145752,0.0
2025-09-15 18:00:00,28.387451,24.36148,1001.6744,1.1861515,1.7002237,0.9748647,78.85122,0.0
2025-09-16 00:00:00,27.535004,21.707916,1000.3794,3.178506,0.20176929,0.96397096,70.57825,0.0
2025-09-16 06:00:00,33.139435,23.486328,1001.5012,2.1615515,-0.44518483,0.7554366,57.021095,0.0003813766
2025-09-16 12:00:00,32.316376,23.20346,998.4231,2.3972807,-0.26310003,0.8768825,58.71564,1.3544322
2025-09-16 18:00:00,26.949005,25.000061,1001.22186,0.17173588,1.8735025,0.6754608,89.10442,0.0
2025-09-17 00:00:00,27.064667,24.6846,1000.2587,0.38588226,0.6229038,0.6106176,86.85017,0.0
2025-09-17 06:00:00,32.207306,24.11914,1002.0044,1.6293693,-0.9821663,0.919927,62.428093,0.103379175
2025-09-17 12:00:00,28.19168,23.994476,998.85376,0.0013970137,1.7302608,0.7031175,78.01783,0.2744174
2025-09-17 18:00:00,26.183075,24.627838,1001.95374,1.262738,1.2602456,0.6000656,91.1697,0.0
2025-09-18 00:00:00,26.33554,23.15335,1000.35187,3.1152353,0.4921233,0.368128,82.687805,0.0
2025-09-18 06:00:00,33.891266,24.281158,1001.3831,3.0103111,0.52858806,0.6193683,57.345802,0.07047504
2025-09-18 12:00:00,29.39975,24.94986,998.8031,2.1912737,0.9917745,0.93685776,77.02222,4.88887
2025-09-18 18:00:00,27.0784,24.6745,1002.8019,1.245003,-0.12186313,0.9999994,86.727806,0.0
2025-09-19 00:00:00,25.701996,23.246735,1001.1969,2.3637645,-0.043141365,1.0,86.332245,0.5907034
2025-09-19 06:00:00,29.264313,24.655182,1003.02686,2.516284,-0.25694364,1.0,76.273,0.0
2025-09-19 12:00:00,30.840363,24.125885,999.8031,-0.35476112,2.3528066,0.9901724,67.49769,0.0
2025-09-19 18:00:00,26.190765,24.36795,1002.85315,0.9027256,0.4384429,1.0000002,89.72191,0.0
2025-09-20 00:00:00,26.893097,22.64627,1000.7006,3.1158876,0.19867975,1.0,77.59583,0.07236004
2025-09-20 06:00:00,30.884003,22.950592,1001.91437,3.473153,-0.06980425,0.98069704,62.724823,0.0
2025-09-20 12:00:00,31.933136,23.320404,999.13873,0.6224605,-0.69913673,0.9900879,60.427944,0.14322883
2025-09-20 18:00:00,27.201508,24.402374,1001.6813,1.0804241,1.6889133,0.79669946,84.71304,0.0
2025-09-21 00:00:00,27.614716,21.575226,999.85315,3.6711092,-0.1846571,1.000001,69.68229,0.0
2025-09-21 06:00:00,32.02481,22.43222,1001.0687,3.2482862,-0.44584852,1.0000001,56.966026,9.49949e-05
2025-09-21 12:00:00,32.37393,23.17746,998.1719,-0.106687546,1.5660882,0.987595,58.43318,0.0002863817
2025-09-21 18:00:00,28.664124,25.049591,1001.0806,0.86180395,1.6064873,0.98053753,80.85111,0.00420892
2025-09-22 00:00:00,27.758728,22.458954,1000.21313,3.503088,-0.41370958,0.932287,72.92355,0.01770184
2025-09-22 06:00:00,32.789825,23.15268,1001.3931,3.7619333,0.23451775,0.894029,56.99337,0.0
2025-09-22 12:00:00,32.393707,23.782745,999.33875,0.036706924,2.273917,0.9496254,60.537846,0.45716763
2025-09-22 18:00:00,28.206024,25.011017,1002.5756,1.3417479,1.7369964,1.0000005,82.8421,0.0
2025-09-23 00:00:00,27.855194,21.33908,1001.8819,3.8268757,0.19218034,0.9786817,67.72377,0.0
2025-09-23 06:00:00,33.499176,22.519318,1002.3075,5.5259924,-0.15297514,0.9999998,52.705513,0.0077253208
2025-09-23 12:00:00,32.611847,22.588654,999.3663,1.3867235,1.5705845,0.9875869,55.633915,0.0
2025-09-23 18:00:00,29.461304,22.147247,1002.0744,2.9351394,0.60143536,1.000001,64.82007,0.0
2025-09-24 00:00:00,28.193878,21.727814,1000.6238,4.0133877,0.5775338,0.98648065,67.998184,0.0
2025-09-24 06:00:00,32.876373,22.5643,1001.6744,4.2817783,0.3115365,0.9999995,54.730225,0.0
2025-09-24 12:00:00,32.116486,23.1503,997.48,1.9102719,0.7541403,0.982383,59.192486,2.0528436
2025-09-24 18:00:00,28.772858,23.846222,1000.53436,2.5867805,0.15577984,0.9999992,74.75818,0.0
2025-09-25 00:00:00,27.722137,21.61905,999.0631,3.442047,1.1250257,0.9784246,69.43198,0.0
2025-09-25 06:00:00,33.66873,23.132477,1000.1269,3.6628618,1.4740484,0.34246063,54.184048,0.0
2025-09-25 12:00:00,28.289032,24.836395,997.28186,1.5632043,2.454526,0.99083114,81.588455,1.1266946
2025-09-25 18:00:00,26.666534,23.331024,1000.60626,2.8110695,0.33408248,0.9678739,81.96484,0.0
2025-09-26 00:00:00,26.674713,23.668,998.8956,2.9327345,1.2698648,1.0,83.606964,0.0
2025-09-26 06:00:00,33.076935,22.74002,999.7631,4.094076,1.5483623,0.98604256,54.696625,0.0
2025-09-26 12:00:00,33.253082,21.23758,996.90186,2.2395768,1.0907216,1.0,49.416523,0.0
2025-09-26 18:00:00,28.518585,21.618317,1000.72687,3.5165129,0.53536606,0.88511276,66.281,0.0
2025-09-27 00:00:00,27.609589,21.923798,999.65186,3.830617,0.013599753,0.9721545,71.20349,0.0
2025-09-27 06:00:00,34.67752,22.445648,1000.89185,4.843651,1.5270258,0.9325646,49.1325,0.0
2025-09-27 12:00:00,33.860992,20.963165,997.97125,4.0012937,0.27576852,0.354724,46.964874,0.009247806
2025-09-27 18:00:00,29.294708,21.176178,1001.7081,4.402196,-0.4625101,0.6755661,61.674126,0.0
2025-09-28 00:00:00,27.870209,22.192291,1000.805,3.2681005,0.7528545,0.997552,71.28468,0.0
2025-09-28 06:00:00,34.151886,22.204742,1001.15375,4.6229906,1.6952219,0.9442815,49.854805,0.0061993487
2025-09-28 12:00:00,33.506134,21.14383,997.8756,2.7171469,1.2288548,0.9999997,48.44099,0.0
2025-09-28 18:00:00,29.68283,22.231232,1001.4487,2.9627907,0.22557712,0.9464392,64.3258,0.0
2025-09-29 00:00:00,28.153595,22.164886,999.9963,3.114749,0.45786655,0.9507488,69.99962,0.0
2025-09-29 06:00:00,34.58853,21.82248,1000.765,5.7216797,0.4502557,0.6233735,47.536724,0.0
2025-09-29 12:00:00,34.099396,20.106598,997.6694,3.0943346,-0.83615017,0.98341167,43.959858,0.0
2025-09-29 18:00:00,29.7388,20.759308,1000.22626,4.047561,-0.42987633,0.93514174,58.5943,0.0
2025-09-30 00:00:00,27.589325,21.0831,998.9475,3.832819,-0.05985546,0.44355035,67.712364,0.0
2025-09-30 06:00:00,33.89212,20.859955,999.8544,4.0221567,-0.71966857,0.98976576,46.586708,0.0
2025-09-30 12:00:00,33.012115,20.769073,996.6775,1.4406891,-1.0786295,0.99733907,48.66853,0.0
2025-09-30 18:00:00,29.130157,21.484161,999.335,1.5852436,1.2678415,0.9177952,63.44987,0.0
2025-10-01 00:00:00,28.330902,21.2388,998.4931,4.2631865,-0.3685465,1.0,65.46855,0.0
2025-10-01 06:00:00,34.375885,21.05722,998.3306,4.4877167,-0.22287667,1.0,45.900043,0.0
2025-10-01 12:00:00,33.884064,20.63919,996.82874,1.5138121,-1.2443027,1.0,45.978577,0.0
2025-10-01 18:00:00,29.314575,22.386505,1000.15875,1.4914397,1.4359398,1.0,66.330154,0.0006672926
2025-10-02 00:00:00,28.395844,21.729156,1000.0444,3.1140976,-0.63396263,0.96619034,67.20931,0.0
2025-10-02 06:00:00,34.462677,21.209503,1000.7587,2.9120822,0.2627985,0.9999998,46.10789,0.0
2025-10-02 12:00:00,35.204132,21.43863,998.59064,0.01158905,1.1774135,0.7955458,44.875572,0.0
2025-10-02 18:00:00,28.721893,23.858429,1002.1869,1.1667395,2.2788491,0.7449942,75.03449,0.0
2025-10-03 00:00:00,28.199219,23.387482,1002.29065,1.2154592,0.8959357,0.731928,75.185,0.0
2025-10-03 06:00:00,33.32718,23.69223,1003.6931,0.33427095,-1.42449,0.43386716,57.127796,0.016974285
2025-10-03 12:00:00,33.513824,22.902618,1000.5031,-1.4618473,0.7403576,0.34362537,53.900944,0.0059138983
2025-10-03 18:00:00,27.831512,24.296387,1004.41376,1.1087013,0.64269274,0.9650659,81.13001,0.0
2025-10-04 00:00:00,25.780853,24.308258,1004.53937,0.51413125,0.058864415,0.99615604,91.59708,0.0064894557
2025-10-04 06:00:00,30.157013,23.902252,1005.85,1.5530615,-0.97869587,0.9832878,69.25413,0.18834323
2025-10-04 12:00:00,30.856842,23.525665,1001.1206,0.46957552,0.3399681,0.35993022,65.04312,0.0
2025-10-04 18:00:00,26.972382,23.18692,1004.92377,0.3519051,1.4240756,0.17975682,79.80577,0.0
2025-10-05 00:00:00,26.489227,22.74289,1003.755,1.7222528,1.5860941,0.23571837,79.93017,0.0
2025-10-05 06:00:00,33.94742,22.306488,1004.1906,2.3374205,0.19795847,0.11928707,50.74003,0.0019073486
2025-10-05 12:00:00,30.406036,22.108612,1001.1825,0.12811565,2.0218806,0.5029621,61.24929,0.010009855
2025-10-05 18:00:00,25.790436,23.669373,1004.2425,1.6359159,0.60497534,0.4703328,88.09809,0.0
2025-10-06 00:00:00,26.231415,23.11258,1002.8113,2.4376717,0.31095278,0.6635529,82.993004,0.0
2025-10-06 06:00:00,33.44107,23.810211,1004.4894,1.3870287,-1.4579048,0.4302692,57.168694,0.016785227
2025-10-06 12:00:00,30.480316,24.25064,1001.6231,-1.4072084,-1.1213446,0.7253661,69.41931,0.7208223
2025-10-06 18:00:00,27.433441,24.953278,1004.10126,0.023124386,1.3510581,0.94406074,86.36672,0.0
2025-10-07 00:00:00,26.517609,24.740814,1003.66125,-1.0939503,1.3925383,0.9887836,89.99269,0.002291767
2025-10-07 06:00:00,32.490997,24.322357,1004.39,1.1797476,-0.036283612,0.35842472,62.189037,0.046058774
2025-10-07 12:00:00,32.09256,23.95877,1001.2656,-0.24623775,-0.4345079,0.80282134,62.232376,0.086624175
2025-10-07 18:00:00,28.107056,25.575195,1003.97,-0.8914423,1.3512554,0.6283997,86.16506,0.0
2025-10-08 00:00:00,27.755157,25.407623,1003.3019,1.3356743,0.27292597,0.96559274,87.08108,0.07979572
2025-10-08 06:00:00,31.35379,23.828766,1004.4331,0.81231004,0.7858742,0.41828752,64.39126,0.0
2025-10-08 12:00:00,31.157867,23.100494,1000.8113,-1.2443237,0.9547037,0.57050407,62.315434,0.05423931
2025-10-08 18:00:00,28.223083,24.57489,1004.5556,0.12810355,1.7889519,0.85140705,80.63236,0.0
2025-10-09 00:00:00,27.402588,24.488892,1003.7775,0.64180654,0.49835432,0.60989475,84.15528,0.0
2025-10-09 06:00:00,33.44095,23.02652,1003.8569,1.0617031,0.6099544,0.6055105,54.52894,0.015926352
2025-10-09 12:00:00,31.478424,23.638214,1000.7356,-1.0639048,1.3033628,0.98048747,63.207363,0.0052407477
2025-10-09 18:00:00,27.061127,24.992157,1004.1244,1.225555,0.21524191,0.87381655,88.477776,0.93378127
2025-10-10 00:00:00,26.993927,23.54184,1002.4963,1.0168333,-0.45828247,0.54190636,81.430626,0.0
2025-10-10 06:00:00,33.577667,23.954102,1002.67065,0.74716187,0.026990652,0.39114922,57.225918,0.016780464
2025-10-10 12:00:00,31.056671,24.658264,999.8744,-1.2844601,1.6062642,0.8149757,68.8298,0.0
2025-10-10 18:00:00,28.115265,24.891205,1002.7456,0.4097969,1.8641815,0.48533547,82.688126,0.45369184
2025-10-11 00:00:00,26.784698,24.671661,1001.3806,1.1380346,-0.7508726,0.99748117,88.222855,0.0
2025-10-11 06:00:00,33.25711,24.840424,1002.28937,2.0329132,-1.0272827,0.8717268,61.439686,0.027086586
2025-10-11 12:00:00,29.804047,22.72757,1000.04315,-2.2886238,0.19839936,0.77887666,65.83425,0.016022474
2025-10-11 18:00:00,25.593292,24.097687,1003.40436,0.47108048,-0.8424473,0.971251,91.45942,2.1095738
2025-10-12 00:00:00,25.762665,23.739594,1001.5031,1.3158171,-1.1459913,0.8276941,88.617065,1.535392
2025-10-12 06:00:00,32.110992,24.200409,1001.6269,-0.97976685,-1.8681641,0.33390683,63.075893,0.0
2025-10-12 12:00:00,30.445892,23.463867,999.8081,-1.5915861,1.1448865,0.4021279,66.3421,0.0
2025-10-12 18:00:00,27.05429,24.699005,1002.70374,0.087815285,1.4921336,0.30968124,86.97794,0.004578382
2025-10-13 00:00:00,26.55371,24.538635,1001.90564,-0.19330895,1.0805979,0.7371972,88.7225,0.07047632
2025-10-13 06:00:00,32.235626,25.411285,1001.6238,0.25677812,-0.59555817,0.3915953,67.32896,0.0
2025-10-13 12:00:00,29.679077,25.067383,998.89,-2.0714178,-0.64503,0.7858058,76.324684,0.56005585
2025-10-13 18:00:00,25.906158,24.357483,1002.35876,-1.0555639,-3.0282516,0.91706663,91.188156,0.81578314
2025-10-14 00:00:00,26.594269,23.901093,999.7319,-0.35097408,-1.601409,0.4734046,85.190475,0.0
2025-10-14 06:00:00,31.378693,24.989624,1000.865,-2.616353,-1.6192417,0.4675715,68.92925,0.048738454
2025-10-14 12:00:00,28.540344,24.679138,998.7562,-1.1649218,0.07435304,0.9900321,79.653465,0.062372703
2025-10-14 18:00:00,26.289276,24.703552,1000.5131,-0.64831066,-0.531724,1.0,91.01048,0.0
2025-10-15 00:00:00,25.78125,23.906738,999.28687,-0.6207924,-0.9702692,0.9986757,89.4139,0.3750677
2025-10-15 06:00:00,28.608246,25.176758,1000.875,-0.8766041,-2.719389,1.0,81.73058,0.0
2025-10-15 12:00:00,28.256256,24.91803,998.27625,-1.657548,-1.7571859,0.9838057,82.143425,1.7258005
2025-10-15 18:00:00,25.977509,24.587036,1000.8181,-1.0042982,-2.6116066,0.92546964,92.06007,0.0
2025-10-16 00:00:00,26.28415,24.551575,999.2413,-1.7149229,-1.9569874,1.0,90.214554,0.33554086
2025-10-16 06:00:00,29.240997,25.188782,1000.45374,-2.220415,-0.5344482,1.0,78.8462,0.0
2025-10-16 12:00:00,28.38507,24.833344,998.89435,-1.6095009,0.04273033,0.9999993,81.119156,0.0
2025-10-16 18:00:00,25.928833,24.987946,1001.6894,-0.06166935,-1.9501429,0.99927837,94.56273,0.0815737
2025-10-17 00:00:00,25.838928,24.646576,1000.7381,-1.1659908,-3.0646048,0.9999998,93.14969,0.8980457
2025-10-17 06:00:00,29.379852,25.669983,1001.98376,-2.4702578,-2.329424,0.907747,80.48564,0.0
2025-10-17 12:00:00,28.080566,24.858612,1000.1194,-1.0930996,-0.6377058,0.9691745,82.69445,0.101101324
2025-10-17 18:00:00,25.29776,24.438751,1002.71875,-0.77378273,-1.0716772,0.9960448,95.00255,0.0
2025-10-18 00:00:00,25.618164,24.220123,1001.4531,-0.036103487,-1.8068256,0.9871241,91.99783,0.0
2025-10-18 06:00:00,29.701935,25.60675,1002.14124,-1.7845793,-1.4039145,0.99280953,78.70902,0.13211556
2025-10-18 12:00:00,29.08139,24.297424,999.35,-1.067729,-1.5556326,0.98812026,75.45072,0.0
2025-10-18 18:00:00,25.65451,24.507538,1001.8625,-1.1731567,-1.8706799,1.0,93.39392,1.5243914
2025-10-19 00:00:00,25.862122,24.510193,1000.3831,-0.85859966,-2.418332,1.0,92.2661,0.0
2025-10-19 06:00:00,29.764008,25.831268,1001.7344,-1.0836573,-1.6164379,0.99999994,79.47948,0.03225585
2025-10-19 12:00:00,28.557648,24.484955,998.77936,-1.7429657,-0.7332382,0.95591235,78.654655,0.6776335
2025-10-19 18:00:00,26.591797,25.037415,1000.9794,-1.02244,-0.67849255,0.8731747,91.19997,0.0
2025-10-20 00:00:00,25.221802,24.111542,999.6944,-0.032021523,-1.4042253,1.0,93.57922,0.4880283
2025-10-20 06:00:00,28.68631,24.884888,1000.8306,-1.7531137,-3.4458609,1.0,79.95789,0.0
2025-10-20 12:00:00,26.950836,24.699005,998.8237,-1.2760124,-0.91991806,1.0,87.508125,0.0
2025-10-20 18:00:00,25.333282,24.489075,1000.9219,-0.40267372,-1.96879,1.0,95.08804,0.18264088
2025-10-21 00:00:00,25.32425,24.170715,999.1844,0.8978338,-2.2747421,1.0,93.34143,0.0
2025-10-21 06:00:00,25.26117,24.729218,1001.09625,0.51633644,-2.036209,1.0,96.87802,1.4848334
2025-10-21 12:00:00,25.783173,24.540558,997.96063,0.2565279,-3.076497,1.0,92.86733,0.0
2025-10-21 18:00:00,25.19748,24.354645,999.9875,0.7680445,-2.2601852,0.9999998,95.09101,0.0
2025-10-22 00:00:00,24.99411,23.902008,998.9444,2.2764623,0.65225506,0.9999956,93.67088,2.344406
2025-10-22 06:00:00,27.902985,25.387238,1001.16125,2.912696,0.59068197,0.91691774,86.22819,0.0
2025-10-22 12:00:00,29.15738,25.18692,998.1875,0.9680338,0.5799897,0.6661107,79.21938,0.0
2025-10-22 18:00:00,26.322968,24.47052,1001.27875,1.0108066,0.9823452,0.4116667,89.5725,0.0044107437
2025-10-23 00:00:00,25.809906,23.985321,1000.35126,0.7237394,0.973796,0.9739557,89.684685,0.0
2025-10-23 06:00:00,31.345734,25.22293,1001.96063,2.1124573,1.904994,0.9962827,70.02516,0.0290705
2025-10-23 12:00:00,29.76001,23.759064,999.5056,0.7064466,1.9242325,0.9375501,70.24497,0.0
2025-10-23 18:00:00,26.427032,23.769226,1002.4169,1.6020223,2.6739845,0.7574481,85.354935,0.0
2025-10-24 00:00:00,26.042023,23.475555,1001.39124,1.7878017,1.9072826,1.0,85.78744,0.0015255064
2025-10-24 06:00:00,29.492828,24.386963,1002.9925,0.6201693,-1.1970415,1.0,74.07514,0.0
2025-10-24 12:00:00,29.198975,23.708588,1000.7656,0.69099057,0.4202258,1.0,72.33512,0.0012423843
2025-10-24 18:00:00,26.783905,24.030548,1002.705,0.4606905,1.0289446,1.0,84.90241,0.0
2025-10-25 00:00:00,26.72348,23.827667,1001.3206,1.00239,0.07547283,0.8607832,84.17223,0.00028684735
2025-10-25 06:00:00,31.714752,24.2659,1002.7081,1.7931638,-0.5390005,0.9712249,64.76189,0.021266874
2025-10-25 12:00:00,30.869965,24.111664,1000.0756,-1.3624363,-0.25258255,1.0,67.32623,0.008196447
2025-10-25 18:00:00,26.16861,23.89029,1002.97626,-0.023495495,-0.6387253,0.9706068,87.30076,0.0
2025-10-26 00:00:00,26.28128,24.348663,1000.90375,0.9628435,-0.86221886,0.96269935,89.140366,0.0
2025-10-26 06:00:00,31.60794,23.90799,1003.0,1.4730079,-1.5471277,1.0,63.77078,0.0
2025-10-26 12:00:00,30.041351,25.576263,1000.3688,-1.0234003,-1.6495991,1.0,77.04789,0.0
2025-10-26 18:00:00,27.67572,25.022919,1001.91064,-0.10116488,-0.29428005,1.0,85.50551,0.0
2025-10-27 00:00:00,26.636932,24.653595,1000.6156,1.26232,0.17812061,1.0,88.8976,0.0
2025-10-27 06:00:00,28.361969,23.7948,1002.2594,3.1356,-0.8387337,1.0,76.32682,0.0012367964
2025-10-27 12:00:00,27.684753,23.180359,999.3688,4.902358,-0.68303394,1.0,76.512505,0.0
2025-10-27 18:00:00,26.637482,22.395233,1000.46936,3.697258,-0.05449009,1.0,77.57979,0.07190555
2025-10-28 00:00:00,26.639862,22.358795,998.5506,3.5476446,1.1353703,0.9980224,77.39725,0.0
2025-10-28 06:00:00,28.832855,23.418701,1000.57874,3.7295437,0.7534369,1.0,72.60465,0.0
2025-10-28 12:00:00,29.373657,22.784027,998.66876,2.1697845,0.9488517,1.0,67.719055,0.0
2025-10-28 18:00:00,26.335052,21.897125,1000.6337,2.3182402,0.4374364,1.000001,76.615486,0.0
2025-10-29 00:00:00,25.588776,22.543793,1000.22626,1.2587206,1.7642796,0.648806,83.29132,0.0
2025-10-29 06:00:00,33.142365,23.773804,1001.41626,3.6972218,0.9120991,0.19429013,58.007545,0.007247785
2025-10-29 12:00:00,31.77768,22.973785,999.01624,0.93731785,1.7758018,0.20084572,59.698624,0.01373305
2025-10-29 18:00:00,27.21048,25.094147,1002.4338,1.0146494,1.389421,0.07489182,88.24047,0.0
2025-10-30 00:00:00,25.808868,23.180084,1002.03186,1.2293451,0.2504726,0.0,85.44216,0.0
2025-10-30 06:00:00,33.099762,23.10019,1003.3069,2.2374802,0.6466606,0.003955841,55.83108,0.025941059
2025-10-30 12:00:00,31.922638,23.222137,1001.3956,0.08653927,1.4527273,0.07793194,60.106106,0.0
2025-10-30 18:00:00,27.431488,24.488983,1004.46814,0.8845697,1.5528836,0.058916908,84.013435,0.0
2025-10-31 00:00:00,26.702423,23.079803,1004.21436,1.6147346,0.034542084,0.004295349,80.559525,0.0
2025-10-31 06:00:00,33.599762,21.121246,1004.39874,2.2347791,-0.10588837,0.0,48.120956,0.0
2025-10-31 12:00:00,33.02066,22.743011,1001.6144,1.2185802,-0.39247704,0.005027771,54.87982,0.0
2025-10-31 18:00:00,27.2305,24.745514,1004.70435,0.27046108,1.5238483,0.13105826,86.32275,0.0
2025-11-01 00:00:00,26.81314,22.942047,1003.9525,1.6669484,0.679726,0.85191846,79.371895,0.0
2025-11-01 06:00:00,32.985382,22.991425,1004.1875,1.8551488,0.46838063,0.9475465,55.822575,0.0
2025-11-01 12:00:00,32.709137,23.854462,1001.895,0.7659626,-0.2687958,0.13331884,59.727478,0.0
2025-11-01 18:00:00,26.742401,25.304352,1004.79565,0.5233314,1.7784667,0.045811437,91.84305,0.0
2025-11-02 00:00:00,26.513885,22.879303,1004.2606,1.9584023,0.5770246,0.91093624,80.47667,0.0
2025-11-02 06:00:00,33.20279,22.34665,1004.90875,2.8342981,0.15592366,0.14424321,53.029293,0.0
2025-11-02 12:00:00,32.71469,24.43039,1002.35876,1.2410746,-0.39052296,0.31630874,61.808334,0.0
2025-11-02 18:00:00,27.49997,24.007599,1005.09564,1.5584354,1.8761084,0.42301422,81.296684,0.0
2025-11-03 00:00:00,26.788055,21.524994,1003.67065,2.411622,0.118385375,0.48478162,72.9198,0.0
2025-11-03 06:00:00,32.890778,23.805573,1004.28815,2.0666623,-0.980978,0.97559243,58.94624,9.5460564e-05
2025-11-03 12:00:00,31.829498,25.156525,1001.45685,0.8704991,-0.5215416,0.5507235,67.85851,0.0
2025-11-03 18:00:00,28.546356,24.932648,1004.8275,1.4954132,2.2811525,0.7771344,80.8401,0.0
2025-11-04 00:00:00,27.42215,22.460968,1002.6919,3.1611166,-0.004383087,0.99199307,74.382416,0.0
2025-11-04 06:00:00,32.424103,23.31363,1004.0756,2.8304138,-1.5479784,0.9161687,58.74918,0.0
2025-11-04 12:00:00,32.11911,23.555084,1001.0825,1.3886347,-0.66936684,0.98017913,60.647564,0.0
2025-11-04 18:00:00,27.280243,23.883026,1003.4519,0.5624466,1.079443,0.9728545,81.73554,0.0
2025-11-05 00:00:00,26.939545,22.37558,1001.8756,1.5609691,0.7369417,0.20077997,76.122246,0.0
2025-11-05 06:00:00,32.714264,23.550568,1002.765,1.5814595,-0.6263796,0.4129945,58.627735,0.024318695
2025-11-05 12:00:00,30.900177,24.591461,999.65375,-0.75671196,0.25562245,0.37680355,69.170235,0.047773123
2025-11-05 18:00:00,26.852509,24.519257,1003.0525,0.67898047,-0.81993675,0.38078398,87.07445,0.0
2025-11-06 00:00:00,26.16452,23.920624,1002.1856,0.6714518,-0.9320898,0.70033085,87.48123,0.0
2025-11-06 06:00:00,29.637482,24.10733,1004.0775,1.7542024,-0.8808546,0.9956917,72.23866,0.06283656
2025-11-06 12:00:00,26.303497,24.174774,1001.29315,1.1309688,-0.22340202,0.9968851,88.10024,0.16970351
2025-11-06 18:00:00,26.025238,24.104523,1004.0106,0.032634437,-1.1331816,0.9044505,89.18446,0.085927546
2025-11-07 00:00:00,25.88974,24.69873,1003.1213,0.7127188,-0.90616417,0.268556,93.15969,0.0
2025-11-07 06:00:00,30.010406,24.970367,1004.3856,0.49417496,-1.4511414,0.8057271,74.45192,0.3346182
2025-11-07 12:00:00,28.904205,24.361816,1002.3787,0.7189665,-0.74276066,0.71951956,76.52324,0.0
2025-11-07 18:00:00,26.347137,24.325348,1004.7569,-1.2328339,-0.50301456,0.2929592,88.67046,0.0
2025-11-08 00:00:00,26.521881,24.64212,1004.1931,0.59602547,-0.73251724,0.37095952,89.440956,0.0
2025-11-08 06:00:00,31.322662,22.767914,1005.3688,-0.5999384,-2.5346317,0.26300782,60.50266,0.03462193
2025-11-08 12:00:00,30.199188,22.863922,1002.7225,-1.1349888,-0.90934944,0.37740386,64.890495,0.0
2025-11-08 18:00:00,26.619171,23.80246,1004.8069,-1.2662745,-0.8241396,0.26965338,84.562515,0.0
2025-11-09 00:00:00,25.17569,23.456696,1003.59375,0.43804646,-1.2257919,0.18284303,90.211235,0.0
2025-11-09 06:00:00,30.650604,20.157745,1004.97565,-1.310667,-3.4153643,0.33220726,53.581696,0.0062976032
2025-11-09 12:00:00,29.5018,20.895905,1002.1312,-1.3229742,-1.0975246,0.23579854,59.90122,0.0
2025-11-09 18:00:00,25.828888,22.85733,1004.51874,-1.0877151,-1.0716791,0.24199879,83.690254,0.0
2025-11-10 00:00:00,25.17337,22.945038,1003.6287,0.82225895,-0.99089336,0.5972694,87.47668,0.0
2025-11-10 06:00:00,30.99173,20.725372,1004.8212,-0.6568136,-2.2274675,0.45875978,54.420914,0.0
2025-11-10 12:00:00,30.536774,22.05008,1002.15186,-0.8568258,-0.97290707,0.5321349,60.576015,0.0
2025-11-10 18:00:00,26.964142,24.012238,1004.8787,-0.89256954,0.28699017,0.830513,83.915085,0.0
2025-11-11 00:00:00,26.434235,24.125397,1004.1819,0.102386475,-1.6057034,0.3984486,87.16447,0.01946396
2025-11-11 06:00:00,31.525543,22.529083,1004.7025,-0.64584446,-2.8132067,0.35757673,58.948135,0.00351944
2025-11-11 12:00:00,30.104706,22.782501,1002.395,-2.1378393,-1.3047533,0.48483557,64.922195,0.0
2025-11-11 18:00:00,26.76883,24.446472,1005.3006,-0.72231674,-1.1952639,0.76550454,87.12376,0.0
2025-11-12 00:00:00,26.197052,24.046753,1003.9075,-0.64193916,-2.1179266,0.9040638,87.97734,0.13731918
2025-11-12 06:00:00,30.233002,25.1586,1005.3956,-1.7943144,-3.107191,0.88574713,74.33579,0.0
2025-11-12 12:00:00,29.95346,23.113647,1003.40625,-2.9151192,-1.6816788,0.99315375,66.815025,0.0
2025-11-12 18:00:00,26.668915,23.545074,1005.94,-1.2666225,-2.1797867,0.9908895,83.01841,0.0
2025-11-13 00:00:00,26.550995,23.21817,1004.8181,-0.23171616,-2.9599905,0.8778681,81.96407,0.007545917
2025-11-13 06:00:00,30.69992,23.095673,1006.27686,-2.514779,-2.8298779,0.7347006,63.94685,0.11930677
2025-11-13 12:00:00,29.3013,23.43872,1003.84314,-2.2393723,-0.5387211,0.9549536,70.74881,0.07167004
2025-11-13 18:00:00,26.229218,23.718567,1006.0531,-1.5739546,-1.8805456,0.9618956,86.09468,0.0
2025-11-14 00:00:00,25.770172,23.393188,1004.52374,-1.0316763,-3.1276617,0.52714884,86.74764,0.0
2025-11-14 06:00:00,29.465973,22.27707,1005.9444,-2.8391829,-4.0711746,0.38173503,65.316826,0.12675208
2025-11-14 12:00:00,28.792267,21.22647,1003.675,-2.654128,-2.8736687,0.24071756,63.6897,0.0
2025-11-14 18:00:00,24.792877,20.139313,1005.83813,-1.1466312,-2.511116,0.008188092,75.36717,0.0
2025-11-15 00:00:00,24.231598,19.031464,1004.9419,0.42539406,-3.7808332,0.29327127,72.75912,0.0
2025-11-15 06:00:00,30.019928,21.332062,1006.7644,-1.5421085,-4.4492407,1.0,59.718925,0.0
2025-11-15 12:00:00,28.377594,22.132233,1004.27814,-2.5644503,-2.3789482,1.0,68.955765,0.03105402
2025-11-15 18:00:00,25.6669,22.546722,1006.3137,-0.561965,-2.8411016,0.96138895,82.9208,0.53103274
2025-11-16 00:00:00,25.924896,21.479645,1005.63873,-0.3043232,-3.6532412,0.7638327,76.51839,0.0
2025-11-16 06:00:00,27.994293,22.324554,1006.7488,-2.0283308,-5.1421957,0.9206195,71.3425,0.04958044
2025-11-16 12:00:00,26.800781,23.74173,1005.16187,-2.1171217,-2.1585512,0.99912125,83.35808,0.15216172
2025-11-16 18:00:00,24.621613,22.796112,1006.4269,-1.4821224,-3.7591667,1.0,89.59258,0.5337066
2025-11-17 00:00:00,23.501923,21.457428,1005.3038,0.10980797,-3.8049202,1.0,88.318184,0.76983565
2025-11-17 06:00:00,25.73404,22.497711,1006.17065,-0.100022316,-4.639615,0.9999997,82.34576,0.0
2025-11-17 12:00:00,26.527557,22.016876,1004.3825,-0.44906902,-4.306839,0.99832207,76.30574,0.0
2025-11-17 18:00:00,24.004425,21.767914,1005.9356,-0.7166891,-3.5875454,0.99215037,87.32998,0.0724674
2025-11-18 00:00:00,23.46341,21.260223,1003.59314,-0.1309576,-3.5497408,0.9995546,87.46027,0.027312025
2025-11-18 06:00:00,25.6445,23.381134,1004.9969,-0.9840431,-3.6330748,1.0,87.33307,0.0
2025-11-18 12:00:00,25.528473,24.017487,1002.6869,-0.98094463,-2.0458317,0.90975994,91.37102,0.29450703
2025-11-18 18:00:00,23.849335,23.132324,1005.6206,-1.6629839,-2.0238543,0.8671671,95.768616,0.0
2025-11-19 00:00:00,23.965088,22.763245,1004.185,-0.28210735,-2.4893036,0.8941535,93.00291,0.0
2025-11-19 06:00:00,29.113434,24.68155,1005.0044,-2.6917572,-3.7537584,0.45015436,77.06243,0.06885232
2025-11-19 12:00:00,27.834137,23.288757,1002.83124,-2.465991,-2.6526632,0.1745041,76.34615,0.0
2025-11-19 18:00:00,25.416534,21.651093,1005.7444,-1.4577351,-2.5882797,0.011695862,79.692764,0.0
2025-11-20 00:00:00,24.931244,21.283356,1004.2394,-0.70497227,-3.9239101,0.2515965,80.20296,0.0
2025-11-20 06:00:00,29.68692,21.303741,1005.4444,-1.2370129,-4.314377,0.39435017,60.768276,0.0
2025-11-20 12:00:00,27.750946,24.564178,1003.7275,-2.3182383,-2.317481,0.6709013,82.830154,0.00086426735
2025-11-20 18:00:00,26.078613,23.590973,1006.3088,-1.1764355,-2.758357,0.57734364,86.199585,0.0
2025-11-21 00:00:00,25.785065,22.773285,1005.15125,-0.45402145,-2.9893055,0.51406574,83.48157,0.0021867454
2025-11-21 06:00:00,29.590363,23.912323,1006.4244,-1.8113174,-3.533249,0.9147827,71.59155,0.14763147
2025-11-21 12:00:00,27.782562,24.500153,1004.22125,-2.236659,-3.1003332,0.90030235,82.36123,0.0
2025-11-21 18:00:00,25.32248,24.094482,1006.22626,-1.5647726,-2.9812813,1.0,92.92517,0.6441619
2025-11-22 00:00:00,25.376312,23.990387,1004.7975,-1.849122,-3.1694183,1.0000004,92.05094,0.0
2025-11-22 06:00:00,28.74887,24.71289,1006.0012,-2.4262705,-3.012784,1.0,78.85425,0.0
2025-11-22 12:00:00,25.996185,24.01883,1004.08685,-1.5601549,-1.8837099,1.0,88.879456,0.26950037
2025-11-22 18:00:00,24.998077,23.876831,1006.6944,-1.3259659,-3.0687618,1.0,93.50711,0.0
2025-11-23 00:00:00,25.140594,23.917206,1004.87,-0.005549431,-3.6329718,1.0,92.941635,0.25573206
2025-11-23 06:00:00,28.131744,25.254364,1005.8237,-1.8844385,-3.5154295,1.0000007,84.41597,1.7028968
2025-11-23 12:00:00,24.884338,24.026184,1003.8631,-2.793045,-2.0485992,0.9824993,94.992355,0.0
2025-11-23 18:00:00,24.66986,23.920776,1006.77814,-1.9774866,-2.2072144,1.0,95.6095,0.0
2025-11-24 00:00:00,24.005219,23.391388,1005.9331,-0.6916475,-3.0832453,1.0,96.37185,0.16379344
2025-11-24 06:00:00,25.529877,23.706665,1007.1425,-1.2011709,-3.0412598,1.0,89.67168,0.0
2025-11-24 12:00:00,25.512695,23.999725,1004.53375,-1.9861612,-1.9441671,0.9940429,91.359146,0.0
2025-11-24 18:00:00,24.876617,23.811493,1006.625,-0.57178307,-2.3320446,0.9648939,93.81764,0.0
2025-11-25 00:00:00,25.077667,23.30722,1005.0606,-0.78468704,-3.5534325,0.41794485,89.92466,0.0040070866
2025-11-25 06:00:00,28.766022,22.902252,1005.9406,-2.6869926,-5.220833,0.43044066,70.64619,0.08716783
2025-11-25 12:00:00,28.022247,23.275726,1003.6325,-2.5622168,-2.919053,1.0,75.453445,0.0
2025-11-25 18:00:00,24.986115,21.68216,1005.6231,-1.0154705,-3.8937798,0.99999994,81.91663,0.0
2025-11-26 00:00:00,24.89273,21.7753,1004.5625,-0.34747124,-4.0934668,1.0,82.84434,0.0
2025-11-26 06:00:00,28.601044,22.753204,1006.0094,-1.6949663,-5.2535734,1.0000005,70.684296,0.012777567
2025-11-26 12:00:00,27.590057,22.554413,1004.2631,-2.3842554,-3.470313,1.0,74.07436,0.0
2025-11-26 18:00:00,25.078278,21.098358,1006.59937,-0.82519436,-4.624917,0.99999994,78.60567,0.0
2025-11-27 00:00:00,24.386932,20.721222,1004.8894,-0.541914,-4.1648645,1.0,80.04253,0.0
2025-11-27 06:00:00,28.013184,21.39743,1005.21564,-2.3253565,-5.7694883,0.9991214,67.34276,0.08201221
2025-11-27 12:00:00,27.054443,21.343903,1003.0375,-1.1524897,-5.255451,1.0,70.995224,0.0
2025-11-27 18:00:00,25.00003,19.467682,1004.705,-0.6269207,-5.447665,1.0,71.40502,0.0
2025-11-28 00:00:00,24.289703,20.796295,1003.15936,0.8192215,-5.6683044,1.0,80.883095,0.11920929
2025-11-28 06:00:00,25.121796,21.41397,1003.4963,0.74701405,-6.8001833,1.0,79.93435,0.36663744
2025-11-28 12:00:00,25.09311,21.96634,1001.3794,0.5887499,-3.6423712,1.0,82.820595,1.0676867
2025-11-28 18:00:00,22.873932,20.395538,1002.6106,1.2187548,-4.3909492,1.0,85.93732,1.8703564
2025-11-29 00:00:00,22.125397,20.653717,1001.04626,2.5535088,-4.055691,1.0,91.378685,0.4062009
2025-11-29 06:00:00,22.624664,20.99173,1001.45374,4.5467196,-4.939513,1.0000027,90.50903,1.5319121
2025-11-29 12:00:00,22.554718,21.278595,999.79065,4.375847,-3.976719,1.0000019,92.508766,0.0
2025-11-29 18:00:00,22.186798,21.068024,1000.9175,3.9281054,-3.7608042,0.9999999,93.38729,0.0
2025-11-30 00:00:00,22.739838,20.948761,999.82,3.9972773,-2.389946,1.0000062,89.641785,0.0
2025-11-30 06:00:00,24.079315,21.801422,1001.66437,4.0180855,-1.6379604,0.96369463,87.116234,0.0
2025-11-30 12:00:00,25.952972,22.426788,1000.5719,2.7780724,-0.73799896,0.71695507,80.934944,0.08116381
2025-11-30 18:00:00,24.795807,22.856934,1003.36,2.0277348,-0.41280174,0.9765285,88.99232,0.0
2025-12-01 00:00:00,24.70279,23.0578,1001.5325,2.3471174,0.22437382,0.9985657,90.58305,0.0
2025-12-01 06:00:00,28.686676,23.08905,1003.1731,3.1192465,-0.9626732,0.62484837,71.779015,0.009726733
2025-12-01 12:00:00,27.279755,24.244476,1000.90875,-0.6261719,-1.3850527,0.9613645,83.53113,0.0
2025-12-01 18:00:00,25.512115,23.890106,1003.17065,0.16408658,0.64766026,0.9933367,90.76244,0.0022947788
2025-12-02 00:00:00,25.427704,24.093842,1001.9825,1.2997398,0.7945013,0.8997727,92.34208,0.038541853
2025-12-02 06:00:00,29.902618,23.438385,1003.2775,1.6961851,-0.68319607,0.5167712,68.33782,0.02372972
2025-12-02 12:00:00,28.641144,24.837982,1000.2594,-1.3821907,-1.1247435,0.585278,79.94359,0.13490963
2025-12-02 18:00:00,25.154266,24.301788,1003.2875,-0.54037786,1.3041716,1.0000014,95.03454,0.0
2025-12-03 00:00:00,25.067719,23.678284,1002.17,0.37211454,0.5991964,1.0,92.01389,0.0
2025-12-03 06:00:00,26.020905,24.251526,1005.1831,0.91849995,1.8740814,0.8314897,89.99753,0.27713746
2025-12-03 12:00:00,26.725128,23.77829,1003.0563,0.22978401,-0.2039057,0.9235706,83.91442,0.15276697
2025-12-03 18:00:00,24.75003,23.813324,1005.09064,-0.61176777,-1.3817997,0.5721454,94.539795,0.0
2025-12-04 00:00:00,24.68814,23.311676,1004.51373,-0.67026997,-2.1059828,0.43415177,92.06418,0.032136574
2025-12-04 06:00:00,29.078217,24.866943,1006.3725,-1.9166393,-2.6613436,0.47506595,78.07935,0.0040970817
2025-12-04 12:00:00,28.057587,23.683868,1004.2631,-2.8093214,-2.1939201,0.3848638,77.17447,0.012491979
2025-12-04 18:00:00,25.275879,23.736969,1007.02435,-1.695921,-2.649231,0.99857074,91.20204,0.0
2025-12-05 00:00:00,25.321045,23.454102,1005.79126,-1.8951607,-2.4592628,0.9973385,89.42025,0.19043534
2025-12-05 06:00:00,28.350616,23.89029,1006.91876,-1.5206575,-3.224721,0.8925829,76.81709,0.17222491
2025-12-05 12:00:00,26.949646,23.690277,1004.72815,-2.3692713,-2.916564,0.73756224,82.37611,0.0
2025-12-05 18:00:00,25.112549,23.324188,1007.3063,-2.3138294,-3.763462,0.9955999,89.829926,0.025285523
2025-12-06 00:00:00,25.04422,22.858185,1006.34186,-1.4003868,-4.186674,0.9665603,87.68983,0.0
2025-12-06 06:00:00,27.518158,24.19168,1007.4956,-1.4975252,-4.367403,0.61426806,82.11249,0.077237144
2025-12-06 12:00:00,27.696808,23.987152,1005.3306,-1.6076269,-2.4065409,0.4737538,80.26752,0.07689344
2025-12-06 18:00:00,25.121185,23.492035,1008.0094,-1.8028393,-2.6041698,0.4399073,90.69763,0.0
2025-12-07 00:00:00,25.08133,22.755646,1006.425,-1.174161,-3.5649261,0.6391032,86.954025,0.0
2025-12-07 06:00:00,27.710907,23.29721,1007.58936,-2.2603483,-3.9793673,0.8995806,76.93688,0.19894278
2025-12-07 12:00:00,26.958252,23.44516,1006.025,-2.058528,-2.2712917,0.8923244,81.12715,0.0
2025-12-07 18:00:00,24.482819,21.518707,1007.4625,-1.5248747,-3.2597408,0.42707086,83.57728,0.0
2025-12-08 00:00:00,23.720367,20.595978,1006.4369,-0.106892586,-3.1879807,0.18682557,82.67085,0.0
2025-12-08 06:00:00,28.30777,21.071503,1007.5056,-2.0613089,-4.442765,0.38613456,64.88708,0.0
2025-12-08 12:00:00,27.47403,21.086731,1004.6937,-2.1272755,-2.484789,0.6429899,68.18593,0.0
2025-12-08 18:00:00,23.90213,20.363739,1006.7463,-0.47653198,-3.853695,0.121941596,80.608765,0.0
2025-12-09 00:00:00,25.022064,20.21341,1004.90625,-0.087026596,-3.7826433,0.9684617,74.68498,0.0
2025-12-09 06:00:00,27.314667,22.154205,1006.5056,-0.718379,-3.7998676,1.0000005,73.46825,0.61511993
2025-12-09 12:00:00,27.008331,22.677063,1004.6131,-2.9703426,-2.9539585,0.9231407,77.2163,0.0
2025-12-09 18:00:00,24.789154,20.665558,1006.63,-1.663743,-3.9326477,0.94733053,77.87264,0.0
2025-12-10 00:00:00,24.928864,21.014923,1005.89374,-0.72958183,-3.5555305,0.9928726,78.903694,0.00071525574
2025-12-10 06:00:00,27.323334,21.404327,1007.4819,-2.3511086,-4.8322906,0.9817299,70.1434,0.009089708
2025-12-10 12:00:00,27.783844,21.258331,1004.45874,-2.1324186,-2.2882853,0.56407243,67.67067,0.0
2025-12-10 18:00:00,23.729889,20.01596,1006.765,-1.520771,-3.989996,0.037764385,79.71583,0.0
2025-12-11 00:00:00,23.132355,19.960663,1006.0631,0.3721323,-3.9322386,0.624168,82.3593,0.0
2025-12-11 06:00:00,28.735992,20.715546,1006.8056,-2.456995,-5.144697,0.9229025,61.92267,0.0
2025-12-11 12:00:00,27.708008,22.437988,1004.21936,-2.152197,-2.4132414,0.99492884,73.04684,0.0
2025-12-11 18:00:00,23.673737,20.272797,1006.0594,-1.5133543,-3.4470634,0.15640767,81.26635,0.0
2025-12-12 00:00:00,23.34134,20.147614,1004.8781,0.11953735,-3.9433813,0.6964302,82.272354,0.0
2025-12-12 06:00:00,28.647858,21.073639,1005.8088,-1.6988783,-4.739991,1.0000031,63.625793,0.0007599592
2025-12-12 12:00:00,27.684174,21.850616,1004.02435,-2.5514584,-1.9013224,0.89325744,70.57776,0.0
2025-12-12 18:00:00,24.616608,19.479584,1006.72876,-1.9874716,-3.107439,0.8992898,73.112625,0.0
2025-12-13 00:00:00,23.06668,18.800507,1005.3088,-0.737587,-3.8750877,0.5680619,76.930115,0.0
2025-12-13 06:00:00,27.145721,19.43509,1006.5975,-1.6940365,-4.4194393,0.04547882,62.766857,0.0
2025-12-13 12:00:00,26.943817,20.369171,1004.0119,-1.6694727,-1.8268623,0.003955841,67.29973,0.0
2025-12-13 18:00:00,22.212677,18.871094,1007.34814,-1.897357,-3.0207615,0.0021209717,81.380295,0.0
2025-12-14 00:00:00,21.68863,17.759247,1006.8744,-0.1880703,-2.7446604,0.23850216,78.36485,0.0
2025-12-14 06:00:00,27.484283,19.339386,1007.2406,-1.0798855,-4.2809753,0.083405085,61.168526,0.0
2025-12-14 12:00:00,26.546692,19.546906,1004.20624,-1.5825844,-1.3642054,0.04606356,65.470856,0.0
2025-12-14 18:00:00,22.015533,18.557709,1007.3894,-1.5939236,-2.1275806,0.0025558472,80.76564,0.0
2025-12-15 00:00:00,20.8721,18.421173,1006.2381,0.31070232,-3.1972466,0.0,85.88599,0.0
2025-12-15 06:00:00,27.682526,19.89151,1007.6975,-1.0495138,-4.108142,0.029052734,62.57215,0.0
2025-12-15 12:00:00,27.841156,21.532806,1004.2606,-1.866601,-1.5858412,0.4074201,68.5882,0.0
2025-12-15 18:00:00,25.361053,20.166779,1006.22314,-1.2002716,-3.7385578,0.9995519,72.98206,0.0
2025-12-16 00:00:00,24.882812,20.084991,1004.5087,-0.17094135,-3.6504326,0.99915826,74.71216,0.008791685
2025-12-16 06:00:00,26.633514,22.55484,1006.4331,-1.391099,-4.1670732,0.9933155,78.35413,0.011539724
2025-12-16 12:00:00,25.787872,23.935211,1003.95935,-1.9696474,-2.6506577,1.0000038,89.53189,0.015146095
2025-12-16 18:00:00,24.38089,23.662567,1006.15686,-1.846631,-2.5844984,0.99999976,95.7775,0.0
2025-12-17 00:00:00,24.541168,23.359894,1004.8881,-2.0625715,-3.549838,0.9999988,93.14756,0.1549632
2025-12-17 06:00:00,27.602386,24.292389,1007.58813,-2.8331356,-4.4097176,0.9621508,82.20378,0.04117748
2025-12-17 12:00:00,27.975311,22.724396,1004.9969,-2.8419638,-3.1308384,0.42440397,73.1773,0.0
2025-12-17 18:00:00,23.74527,20.789764,1007.7644,-1.5856743,-3.864376,0.8991114,83.538086,0.0
2025-12-18 00:00:00,21.821808,19.821564,1006.4394,-0.33935547,-3.6293764,0.94270664,88.42038,0.0
2025-12-18 06:00:00,27.32254,21.583893,1007.90314,-1.6990433,-4.4937162,0.9626162,70.921936,0.0
2025-12-18 12:00:00,26.666992,20.666962,1005.1281,-2.0690947,-2.3578415,0.6702527,69.67243,0.0
2025-12-18 18:00:00,21.865387,19.950043,1007.2438,-1.0298424,-2.2080898,0.99397117,88.89031,0.0
2025-12-19 00:00:00,22.168976,20.487457,1006.2,0.19080257,-3.109539,0.989545,90.207184,0.0
2025-12-19 06:00:00,27.503693,19.728546,1006.89874,-2.1063232,-4.218377,0.99999994,62.59439,0.00019086292
2025-12-19 12:00:00,26.582428,19.835846,1003.255,-1.7457666,-1.6603403,0.9738523,66.515144,0.0
2025-12-19 18:00:00,21.583527,19.291138,1005.51874,-0.8857336,-1.439187,0.9239099,86.80946,0.0
2025-12-20 00:00:00,20.986725,19.04599,1003.84314,-0.031500816,-2.440466,0.26450008,88.6798,0.0
2025-12-20 06:00:00,27.495758,17.332092,1005.6425,-1.9293165,-2.9505005,0.23342331,53.898335,0.0
2025-12-20 12:00:00,26.468323,19.307343,1003.275,-1.5227299,-1.5120068,0.32361257,64.80152,0.0
2025-12-20 18:00:00,20.552643,18.33197,1005.96875,-1.371336,-1.5692959,0.58757484,87.1038,0.0
2025-12-21 00:00:00,20.625519,18.370087,1004.67065,0.30339622,-2.510316,0.0,86.92088,0.0
2025-12-21 06:00:00,28.098785,19.51419,1006.52936,-1.9215565,-3.1580706,0.042586524,59.657265,8.731149e-08
2025-12-21 12:00:00,27.53415,19.970978,1003.33624,-1.5364113,-1.5481253,0.09642048,63.4289,0.0
2025-12-21 18:00:00,22.402374,21.146576,1005.59375,-1.6896887,-2.143116,0.9268795,92.615944,0.0
2025-12-22 00:00:00,22.243378,19.563812,1004.9444,-0.22924328,-3.019638,0.98443,84.809456,0.0
2025-12-22 06:00:00,28.017853,18.916534,1006.2369,-2.1690168,-3.647542,0.991151,57.749237,0.0
2025-12-22 12:00:00,27.152527,19.34616,1003.72565,-1.8469067,-1.618928,0.93767667,62.395702,0.0
2025-12-22 18:00:00,21.753204,19.767365,1005.6331,-0.24183941,-1.9027557,0.30675536,88.49377,0.0
2025-12-23 00:00:00,21.658844,19.200348,1003.95374,-0.3518963,-3.0556278,0.77160573,85.92342,0.0
2025-12-23 06:00:00,28.321014,19.74466,1005.2587,-1.1482315,-3.1264935,0.9901718,59.73909,0.0
2025-12-23 12:00:00,27.474579,21.167877,1002.5531,-2.350933,-1.7629204,0.73409116,68.52419,0.0
2025-12-23 18:00:00,22.864899,20.474915,1004.945,-1.3212061,-2.370965,0.30030262,86.406555,0.0
2025-12-24 00:00:00,22.588165,19.793549,1004.315,-0.051919937,-2.8652916,0.118947625,84.24301,0.0
2025-12-24 06:00:00,28.653107,20.040253,1005.7019,-0.23401356,-3.3078442,0.9547697,59.680588,0.0
2025-12-24 12:00:00,27.929596,19.154694,1002.23315,-1.6158762,-1.6531248,0.40525526,58.91586,0.0
2025-12-24 18:00:00,22.289215,19.349274,1005.1894,-1.5481224,-2.1420126,0.018624714,83.45272,0.0
2025-12-25 00:00:00,21.883453,18.446503,1004.9581,0.18313408,-2.426035,0.006958008,80.854,0.0
2025-12-25 06:00:00,28.888947,20.319366,1005.70123,-1.1609554,-3.3132505,0.078694,59.894787,0.0
2025-12-25 12:00:00,28.103241,21.38034,1003.5594,-2.303625,-1.35606,0.88244516,66.92012,0.0
2025-12-25 18:00:00,23.670807,22.696564,1006.35065,-1.6303301,-1.9582882,0.89747083,94.281815,0.0
2025-12-26 00:00:00,23.535248,21.803162,1004.5156,-0.6113968,-2.996931,0.87510806,90.02423,0.00047835772
2025-12-26 06:00:00,27.41153,22.134796,1005.97626,-2.988306,-3.7362452,0.7647474,72.96621,0.14713685
2025-12-26 12:00:00,27.12967,21.787506,1003.4519,-2.629057,-1.975174,0.8212642,72.62698,0.0
2025-12-26 18:00:00,23.274933,20.336975,1006.0756,-1.1406908,-2.2950554,0.7646641,83.575195,0.0
2025-12-27 00:00:00,22.418365,19.183502,1005.1919,-0.7422266,-3.3875723,0.060881324,81.94967,0.0
2025-12-27 06:00:00,28.32022,20.111053,1006.3669,-2.2637768,-3.7219048,0.69888216,61.11324,0.0045802444
2025-12-27 12:00:00,26.9805,20.748108,1003.59686,-2.8895798,-1.8224535,0.20375323,68.74209,0.0
2025-12-27 18:00:00,23.211456,20.588196,1006.4869,-1.8112354,-1.9035931,0.03179414,85.206696,0.0
2025-12-28 00:00:00,22.78067,20.2117,1006.0538,-0.039403915,-3.3288069,0.008393284,85.44856,0.0
2025-12-28 06:00:00,28.40274,19.996063,1006.9956,-1.532485,-3.5065746,0.0044403076,60.389393,0.0
2025-12-28 12:00:00,28.165558,20.790375,1003.9981,-2.887617,-1.1199074,0.73520494,64.30543,0.0
2025-12-28 18:00:00,23.6138,21.043427,1006.26,-1.9859715,-2.3265295,0.033002503,85.525475,0.0
2025-12-29 00:00:00,23.33609,20.072754,1005.34686,-0.8148012,-3.30227,0.35808402,81.91823,0.0
2025-12-29 06:00:00,28.285248,21.121002,1006.8194,-1.4639063,-3.6331482,0.5520021,65.16992,0.0
2025-12-29 12:00:00,28.105255,21.559418,1003.6119,-2.4654655,-1.3268042,0.49190563,67.649925,0.0
2025-12-29 18:00:00,23.844757,21.293854,1006.6138,-1.8178034,-2.7443876,0.0073242188,85.65091,0.0
2025-12-30 00:00:00,22.799957,18.998993,1005.055,-0.1429863,-3.2958832,0.052066457,79.15755,0.0
2025-12-30 06:00:00,28.722076,20.987823,1006.16815,-0.28508246,-2.8261871,0.0,63.01934,0.0
2025-12-30 12:00:00,29.000702,21.480743,1001.90814,-1.6231146,-1.1239862,0.0007171631,63.91349,0.0
2025-12-30 18:00:00,24.84488,23.29596,1004.9894,-2.0375328,-2.0727682,0.18994522,91.11985,0.0
2025-12-31 00:00:00,25.045807,22.043335,1003.4956,0.32802296,-2.8004637,0.9153312,83.44526,0.0003799796
2025-12-31 06:00:00,28.920807,22.961243,1004.48,-1.4597559,-2.3684263,0.8577941,70.26592,0.10116961
2025-12-31 12:00:00,27.034271,24.110382,1001.1262,-1.7716341,-1.2323542,0.57919616,84.064026,0.46918443
2025-12-31 18:00:00,25.097565,24.102295,1003.6125,-1.0628529,-1.932456,0.9382965,94.22188,0.0
